rank,word,frequency,relative_frequency
1,ו,63107,0.13377949818113982
2,ה,29636,0.06282487217101526
3,ל,20869,0.04423985211691582
4,ב,15859,0.0336192349763845
5,את,11563,0.024512214769653443
6,ך,8341,0.01768194961460515
7,י,6974,0.014784068650312471
8,יהוה,6618,0.014029390067073119
9,מ,6420,0.013609653102237749
10,אשר,5538,0.011739915713425647
11,אל,5533,0.011729316295121724
12,כל,5502,0.011663599901637399
13,לא,5088,0.010785968066072535
14,על,4579,0.009706947282733124
15,כי,4503,0.009545836124513487
16,ם,3880,0.008225148603844622
17,הם,3245,0.006879022479246339
18,כ,2972,0.006300294239852117
19,כם,2615,0.00554349577295198
20,בני,2615,0.00554349577295198
21,ישראל,2420,0.005130118459098965
22,מלך,2315,0.004907530674716572
23,בית,2213,0.004691302541316533
24,יאמר,2167,0.004593787892920437
25,נו,2138,0.00453231126675768
26,ארץ,2131,0.004517472081132188
27,אמר,1994,0.004227048019604684
28,פני,1858,0.0039387438417379655
29,בן,1759,0.0037288753593202805
30,עם,1679,0.003559284666457505
31,איש,1670,0.0035402057135104424
32,הוא,1577,0.003343056533057466
33,דבר,1447,0.0030674716571554555
34,יום,1423,0.0030165944492966225
35,עלי,1410,0.0029890359617064217
36,עד,1390,0.0029466382884907275
37,יד,1390,0.0029466382884907275
38,ני,1316,0.0027897668975926603
39,אלהי,1304,0.002764328293663244
40,זה,1144,0.0024251469079376925
41,אלהים,1142,0.002420907140616123
42,שם,1115,0.0023636702817749363
43,אם,1101,0.0023339919105239506
44,הו,1061,0.0022491965640925628
45,אלי,1053,0.002232237494806285
46,עמ,1022,0.0021665211013219593
47,אלה,988,0.00209444505685528
48,הנה,908,0.001924854363992504
49,אני,875,0.001854898203186609
50,יהי,866,0.0018358192502395468
51,מן,845,0.0017913016933630683
52,דוד,825,0.0017489040201473743
53,א,820,0.001738304601843451
54,יהודה,812,0.0017213455325571733
55,כן,780,0.001653509255412063
56,גם,769,0.0016301905351434314
57,מה,762,0.0016153513495179384
58,היה,760,0.0016111115821963692
59,אתה,747,0.001583553094606168
60,משה,736,0.0015602343743375364
61,נפש,705,0.0014945179808532108
62,אין,704,0.001492398097192426
63,עיר,689,0.0014605998422806557
64,אחד,686,0.0014542401912983015
65,מצרים,647,0.0013715647285276985
66,אדנ,634,0.0013440062409374974
67,עיני,630,0.0013355267062943586
68,עשה,629,0.0013334068226335738
69,ירושלם,621,0.0013164477533472963
70,כה,617,0.0013079682187041575
71,אחרי,601,0.0012740500801316024
72,זאת,593,0.0012570910108453247
73,שמ,592,0.0012549711271845402
74,לב,592,0.0012549711271845402
75,אדם,582,0.001233772290576693
76,עבד,553,0.001172295664413937
77,אבי,549,0.001163816129770798
78,אחי,549,0.001163816129770798
79,שנה,528,0.0011192985728943196
80,ימים,516,0.0010938599689649033
81,מי,499,0.0010578219467315634
82,ראש,478,0.0010133043898550847
83,בא,478,0.0010133043898550847
84,מים,474,0.001004824855211946
85,בנ,472,0.0010005850878903766
86,שאול,471,0.0009984652042295918
87,עוד,465,0.0009857459022648838
88,רע,462,0.0009793862512825296
89,קדש,460,0.0009751464839609603
90,שני,449,0.0009518277636923286
91,כהן,448,0.0009497078800315439
92,קול,442,0.0009369885780668356
93,טוב,438,0.0009285090434236969
94,דרך,433,0.0009179096251197734
95,עתה,432,0.0009157897414589887
96,יהיה,427,0.0009051903231550653
97,חרב,424,0.0008988306721727111
98,אות,422,0.0008945909048511417
99,נא,421,0.0008924710211903571
100,נתן,416,0.0008818716028864336
101,גוים,414,0.0008776318355648642
102,פי,406,0.0008606727662785866
103,הר,404,0.0008564329989570172
104,ממ,401,0.0008500733479746631
105,שמים,394,0.0008352341623491703
106,תחת,394,0.0008352341623491703
107,בקר,391,0.0008288745113668161
108,זהב,391,0.0008288745113668161
109,יבא,391,0.0008288745113668161
110,די,388,0.0008225148603844621
111,ישב,387,0.0008203949767236774
112,אשה,385,0.000816155209402108
113,עולם,384,0.0008140353257413233
114,רוח,377,0.0007991961401158305
115,נאם,375,0.000794956372794261
116,כסף,374,0.0007928364891334763
117,אש,373,0.0007907166054726916
118,שנים,370,0.0007843569544903376
119,רב,369,0.0007822370708295529
120,יאמרו,365,0.0007737575361864141
121,יצא,358,0.0007589183505609212
122,אנכי,358,0.0007589183505609212
123,שמע,350,0.0007419592812746436
124,מזבח,349,0.000739839397613859
125,דברי,347,0.0007355996302922896
126,יעקב,346,0.0007334797466315049
127,אהרן,345,0.0007313598629707202
128,ן,338,0.0007165206773452273
129,משפט,334,0.0007080411427020885
130,עבדי,326,0.000691082073415811
131,יתן,324,0.0006868423060942415
132,או,322,0.0006826025387726721
133,אחת,320,0.0006783627714511027
134,ימי,316,0.000669883236807964
135,בת,315,0.0006677633531471793
136,בין,313,0.0006635235858256099
137,עשרים,307,0.0006508042838609017
138,רעה,306,0.000648684400200117
139,מקום,302,0.0006402048655569782
140,היא,302,0.0006402048655569782
141,מדבר,301,0.0006380849818961935
142,שלמה,301,0.0006380849818961935
143,מאות,300,0.0006359650982354088
144,שער,299,0.0006338452145746242
145,ים,297,0.0006296054472530548
146,עשר,296,0.0006274855635922701
147,עשו,295,0.0006253656799314854
148,לחם,294,0.0006232457962707007
149,עלה,292,0.0006190060289491312
150,אלף,292,0.0006190060289491312
151,היו,291,0.0006168861452883465
152,שלח,291,0.0006168861452883465
153,מאד,290,0.0006147662616275618
154,המה,290,0.0006147662616275618
155,נתתי,288,0.0006105264943059925
156,ברית,288,0.0006105264943059925
157,יקח,287,0.0006084066106452078
158,אתם,287,0.0006084066106452078
159,אהל,285,0.0006041668433236384
160,הן,284,0.0006020469596628537
161,תוך,282,0.0005978071923412843
162,גדול,282,0.0005978071923412843
163,מלחמה,282,0.0005978071923412843
164,צבאות,282,0.0005978071923412843
165,עת,280,0.0005935674250197149
166,בבל,280,0.0005935674250197149
167,דויד,280,0.0005935674250197149
168,ישלח,276,0.0005850878903765762
169,בשר,275,0.0005829680067157914
170,יקרא,273,0.000578728239394222
171,שדה,273,0.000578728239394222
172,ארצ,273,0.000578728239394222
173,כלי,273,0.000578728239394222
174,קרב,272,0.0005766083557334373
175,פרעה,270,0.0005723685884118679
176,כהנים,270,0.0005723685884118679
177,אנשים,269,0.0005702487047510832
178,מלכ,268,0.0005681288210902986
179,זרע,267,0.0005660089374295139
180,עבר,261,0.0005532896354648057
181,תאמר,260,0.000551169751804021
182,חדש,260,0.000551169751804021
183,למען,260,0.000551169751804021
184,עשות,259,0.0005490498681432362
185,יבאו,259,0.0005490498681432362
186,לבב,258,0.0005469299844824516
187,ירא,254,0.0005384504498393128
188,יעש,253,0.0005363305661785281
189,ילך,253,0.0005363305661785281
190,אנשי,252,0.0005342106825177434
191,שבע,251,0.0005320907988569587
192,פלשתים,251,0.0005320907988569587
193,שרי,251,0.0005320907988569587
194,סביב,249,0.0005278510315353893
195,חטאת,248,0.0005257311478746047
196,לוים,248,0.0005257311478746047
197,מטה,245,0.0005193714968922506
198,הנ,243,0.0005151317295706812
199,ידבר,241,0.0005108919622491117
200,ערי,240,0.000508772078588327
201,חסד,237,0.000502412427605973
202,חיל,237,0.000502412427605973
203,משפחת,235,0.0004981726602844036
204,יהיו,234,0.0004960527766236189
205,ספר,230,0.00048757324198048013
206,אשת,228,0.0004833334746589107
207,אף,228,0.0004833334746589107
208,שלום,228,0.0004833334746589107
209,יוסף,228,0.0004833334746589107
210,מות,224,0.00047485394001577194
211,דם,218,0.00046213463805106376
212,חי,216,0.00045789487072949434
213,לילה,215,0.0004557749870687097
214,יהושע,215,0.0004557749870687097
215,גבול,213,0.0004515352197471403
216,יען,211,0.00044729545242557086
217,היתה,210,0.0004451755687647862
218,ישבו,208,0.0004409358014432168
219,אכל,205,0.00043457615046086273
220,ידי,205,0.00043457615046086273
221,ראה,205,0.00043457615046086273
222,אמרת,204,0.000432456266800078
223,צוה,204,0.000432456266800078
224,צאן,203,0.0004303363831392933
225,נער,203,0.0004303363831392933
226,נה,201,0.0004260966158177239
227,עשרה,201,0.0004260966158177239
228,אבתי,199,0.00042185684849615454
229,רבים,197,0.00041761708117458513
230,מלכי,196,0.0004154971975138004
231,מועד,193,0.00040913754653144636
232,לוא,192,0.00040701766287066165
233,עמד,188,0.0003985381282275229
234,פתח,188,0.0003985381282275229
235,אב,188,0.0003985381282275229
236,מעל,187,0.00039641824456673817
237,אחר,186,0.00039429836090595346
238,דברים,186,0.00039429836090595346
239,כבוד,186,0.00039429836090595346
240,אמ,185,0.0003921784772451688
241,מואב,185,0.0003921784772451688
242,בנות,184,0.0003900585935843841
243,שמן,182,0.0003858188262628147
244,עשית,180,0.00038157905894124533
245,מחנה,180,0.00038157905894124533
246,בנים,179,0.0003794591752804606
247,שלשים,179,0.0003794591752804606
248,שש,179,0.0003794591752804606
249,ערים,179,0.0003794591752804606
250,שבת,178,0.0003773392916196759
251,אמת,178,0.0003773392916196759
252,אפרים,178,0.0003773392916196759
253,ארון,178,0.0003773392916196759
254,ירדן,177,0.0003752194079588912
255,שמעו,177,0.0003752194079588912
256,צבא,176,0.0003730995242981065
257,עמים,175,0.0003709796406373218
258,נביא,175,0.0003709796406373218
259,אלפים,175,0.0003709796406373218
260,ערב,174,0.00036885975697653714
261,פנ,174,0.00036885975697653714
262,אברהם,173,0.00036673987331575244
263,עץ,172,0.00036461998965496773
264,בד,172,0.00036461998965496773
265,ישבי,172,0.00036461998965496773
266,חמש,171,0.000362500105994183
267,באו,164,0.0003476609203686902
268,יעשה,164,0.0003476609203686902
269,תהיה,163,0.0003455410367079055
270,שנת,163,0.0003455410367079055
271,אמה,162,0.00034342115304712077
272,אך,162,0.00034342115304712077
273,שתי,160,0.00033918138572555136
274,ילכו,160,0.00033918138572555136
275,עינ,160,0.00033918138572555136
276,ארבע,158,0.000334941618403982
277,תת,157,0.0003328217347431973
278,חמשים,157,0.0003328217347431973
279,שמש,157,0.0003328217347431973
280,רשע,157,0.0003328217347431973
281,רכב,157,0.0003328217347431973
282,נגד,156,0.0003307018510824126
283,ידע,156,0.0003307018510824126
284,בוא,154,0.0003264620837608432
285,ציון,153,0.0003243422001000585
286,הלך,152,0.0003222223164392738
287,דרכ,152,0.0003222223164392738
288,ידעו,151,0.0003201024327784891
289,אדני,151,0.0003201024327784891
290,אשור,150,0.0003179825491177044
291,מאה,150,0.0003179825491177044
292,נחלת,150,0.0003179825491177044
293,אבות,150,0.0003179825491177044
294,מת,148,0.00031374278179613504
295,זבח,148,0.00031374278179613504
296,זכר,147,0.00031162289813535033
297,ארם,147,0.00031162289813535033
298,קראת,147,0.00031162289813535033
299,בעל,147,0.00031162289813535033
300,אפ,147,0.00031162289813535033
301,צדיק,145,0.0003073831308137809
302,שבעת,145,0.0003073831308137809
303,בנימן,145,0.0003073831308137809
304,שלש,144,0.00030526324715299626
305,חצי,144,0.00030526324715299626
306,יואב,144,0.00030526324715299626
307,שמר,143,0.00030314336349221156
308,נשים,142,0.00030102347983142685
309,ישמע,142,0.00030102347983142685
310,מעשה,142,0.00030102347983142685
311,מנשה,142,0.00030102347983142685
312,קרא,141,0.00029890359617064214
313,אז,141,0.00029890359617064214
314,אדמה,140,0.00029678371250985744
315,דעת,140,0.00029678371250985744
316,מנחה,140,0.00029678371250985744
317,יעל,140,0.00029678371250985744
318,מצות,140,0.00029678371250985744
319,ש,139,0.0002946638288490728
320,תעשה,139,0.0002946638288490728
321,הרים,139,0.0002946638288490728
322,חמשה,139,0.0002946638288490728
323,אבן,138,0.0002925439451882881
324,שמואל,138,0.0002925439451882881
325,מלכות,138,0.0002925439451882881
326,בהמה,137,0.00029042406152750337
327,רגלי,137,0.00029042406152750337
328,יקם,136,0.00028830417786671866
329,תוכ,136,0.00028830417786671866
330,תחתי,136,0.00028830417786671866
331,ארבעים,135,0.00028618429420593396
332,גוי,135,0.00028618429420593396
333,מספר,135,0.00028618429420593396
334,היות,134,0.0002840644105451493
335,יש,134,0.0002840644105451493
336,חצר,134,0.0002840644105451493
337,דרכי,134,0.0002840644105451493
338,אור,133,0.0002819445268843646
339,פן,133,0.0002819445268843646
340,שלשה,133,0.0002819445268843646
341,אמרי,133,0.0002819445268843646
342,גלעד,132,0.0002798246432235799
343,יאכל,130,0.0002755848759020105
344,נשא,130,0.0002755848759020105
345,ירד,130,0.0002755848759020105
346,יין,130,0.0002755848759020105
347,איבי,130,0.0002755848759020105
348,ראשי,129,0.0002734649922412258
349,ימת,129,0.0002734649922412258
350,לכת,129,0.0002734649922412258
351,חמת,129,0.0002734649922412258
352,כסא,129,0.0002734649922412258
353,וס,129,0.0002734649922412258
354,חיים,128,0.0002713451085804411
355,ירמיהו,128,0.0002713451085804411
356,רשעים,127,0.0002692252249196564
357,כח,126,0.0002671053412588717
358,נחשת,126,0.0002671053412588717
359,רחב,126,0.0002671053412588717
360,תהי,126,0.0002671053412588717
361,צדק,126,0.0002671053412588717
362,תורת,126,0.0002671053412588717
363,בגדי,126,0.0002671053412588717
364,יהוהס,126,0.0002671053412588717
365,רגל,125,0.000264985457598087
366,חלב,123,0.00026074569027651764
367,שר,123,0.00026074569027651764
368,קהל,123,0.00026074569027651764
369,יבוא,123,0.00026074569027651764
370,לקח,121,0.0002565059229549482
371,שבעה,121,0.0002565059229549482
372,טמא,121,0.0002565059229549482
373,פרי,120,0.0002543860392941635
374,יצאו,120,0.0002543860392941635
375,יתר,120,0.0002543860392941635
376,ארבעה,119,0.00025226615563337887
377,מו,119,0.00025226615563337887
378,אנחנו,119,0.00025226615563337887
379,מלאך,119,0.00025226615563337887
380,ופ,119,0.00025226615563337887
381,ראו,118,0.00025014627197259416
382,אמרו,118,0.00025014627197259416
383,נחל,117,0.00024802638831180945
384,שתים,116,0.00024590650465102474
385,רק,115,0.00024378662099024006
386,נגע,115,0.00024378662099024006
387,עפר,114,0.00024166673732945536
388,רעב,114,0.00024166673732945536
389,משכן,114,0.00024166673732945536
390,תאכל,113,0.00023954685366867065
391,יראו,113,0.00023954685366867065
392,בלתי,112,0.00023742697000788597
393,איל,112,0.00023742697000788597
394,חכמה,112,0.00023742697000788597
395,יעשו,111,0.00023530708634710126
396,נגב,111,0.00023530708634710126
397,עז,110,0.00023318720268631659
398,יצחק,110,0.00023318720268631659
399,לך,109,0.00023106731902553188
400,שוב,108,0.00022894743536474717
401,כמו,108,0.00022894743536474717
402,הוליד,107,0.0002268275517039625
403,גר,107,0.0002268275517039625
404,פנים,107,0.0002268275517039625
405,יעמד,107,0.0002268275517039625
406,הביא,106,0.00022470766804317778
407,צר,106,0.00022470766804317778
408,שקר,106,0.00022470766804317778
409,עשיתי,105,0.0002225877843823931
410,שמרון,105,0.0002225877843823931
411,שבט,105,0.0002225877843823931
412,ראיתי,104,0.0002204679007216084
413,בעד,104,0.0002204679007216084
414,טובה,104,0.0002204679007216084
415,ימלך,104,0.0002204679007216084
416,גדולה,104,0.0002204679007216084
417,ישם,103,0.0002183480170608237
418,ראות,103,0.0002183480170608237
419,עור,103,0.0002183480170608237
420,אינ,103,0.0002183480170608237
421,מלא,103,0.0002183480170608237
422,ירבעם,103,0.0002183480170608237
423,שלשת,102,0.000216228133400039
424,עמון,102,0.000216228133400039
425,לוי,102,0.000216228133400039
426,צפון,102,0.000216228133400039
427,ידעתי,101,0.0002141082497392543
428,ישא,101,0.0002141082497392543
429,אתן,100,0.00021198836607846963
430,השיב,100,0.00021198836607846963
431,זקני,100,0.00021198836607846963
432,אדום,100,0.00021198836607846963
433,ידעת,100,0.00021198836607846963
434,מלאכה,100,0.00021198836607846963
435,תמיד,100,0.00021198836607846963
436,עין,99,0.00020986848241768492
437,מעט,99,0.00020986848241768492
438,שב,99,0.00020986848241768492
439,עונ,98,0.0002077485987569002
440,עדה,98,0.0002077485987569002
441,קצה,98,0.0002077485987569002
442,אמות,98,0.0002077485987569002
443,שבעים,97,0.00020562871509611553
444,עלות,97,0.00020562871509611553
445,ישר,97,0.00020562871509611553
446,חוץ,96,0.00020350883143533083
447,מלכים,96,0.00020350883143533083
448,יושב,96,0.00020350883143533083
449,עבדת,96,0.00020350883143533083
450,יעלו,96,0.00020350883143533083
451,יחנו,96,0.00020350883143533083
452,תבוא,95,0.00020138894777454615
453,עדת,95,0.00020138894777454615
454,נתנו,93,0.00019714918045297673
455,עני,93,0.00019714918045297673
456,ברוך,92,0.00019502929679219205
457,צור,92,0.00019502929679219205
458,פר,92,0.00019502929679219205
459,אחאב,92,0.00019502929679219205
460,חשך,91,0.00019290941313140735
461,נהר,91,0.00019290941313140735
462,ילד,91,0.00019290941313140735
463,כפר,90,0.00019078952947062267
464,כנען,90,0.00019078952947062267
465,יחדו,90,0.00019078952947062267
466,שור,90,0.00019078952947062267
467,שבר,90,0.00019078952947062267
468,אבשלום,90,0.00019078952947062267
469,אעשה,89,0.00018866964580983796
470,אבותי,89,0.00018866964580983796
471,יעבר,88,0.00018654976214905325
472,צאת,88,0.00018654976214905325
473,פה,88,0.00018654976214905325
474,אמרתי,88,0.00018654976214905325
475,אבנים,88,0.00018654976214905325
476,תורה,88,0.00018654976214905325
477,היכל,88,0.00018654976214905325
478,תתן,87,0.00018442987848826857
479,קח,87,0.00018442987848826857
480,דור,87,0.00018442987848826857
481,ימ,87,0.00018442987848826857
482,שעיר,87,0.00018442987848826857
483,עון,87,0.00018442987848826857
484,בנתי,87,0.00018442987848826857
485,אדמת,87,0.00018442987848826857
486,חלק,86,0.00018230999482748387
487,ימצא,86,0.00018230999482748387
488,אזני,86,0.00018230999482748387
489,שרים,86,0.00018230999482748387
490,מראה,85,0.00018019011116669916
491,יאכלו,85,0.00018019011116669916
492,שערים,85,0.00018019011116669916
493,שערי,85,0.00018019011116669916
494,יהוהפ,84,0.00017807022750591448
495,צדקה,84,0.00017807022750591448
496,שדי,84,0.00017807022750591448
497,תעשו,84,0.00017807022750591448
498,נשיא,84,0.00017807022750591448
499,און,84,0.00017807022750591448
500,קדשים,84,0.00017807022750591448
501,יהושפט,84,0.00017807022750591448
502,ענן,83,0.00017595034384512977
503,חכם,83,0.00017595034384512977
504,עצי,82,0.0001738304601843451
505,באים,82,0.0001738304601843451
506,לכו,82,0.0001738304601843451
507,בכור,82,0.0001738304601843451
508,תקח,81,0.00017171057652356039
509,כף,81,0.00017171057652356039
510,אחרים,81,0.00017171057652356039
511,שפת,81,0.00017171057652356039
512,שלל,81,0.00017171057652356039
513,יהונתן,81,0.00017171057652356039
514,הון,81,0.00017171057652356039
515,קדם,80,0.00016959069286277568
516,יפל,80,0.00016959069286277568
517,יקחו,80,0.00016959069286277568
518,באר,80,0.00016959069286277568
519,יתנו,80,0.00016959069286277568
520,גד,80,0.00016959069286277568
521,פאת,80,0.00016959069286277568
522,דניאל,80,0.00016959069286277568
523,רעים,79,0.000167470809201991
524,מקדש,79,0.000167470809201991
525,ארך,78,0.0001653509255412063
526,אסף,78,0.0001653509255412063
527,אהב,78,0.0001653509255412063
528,ימינ,78,0.0001653509255412063
529,אח,77,0.0001632310418804216
530,ראשון,77,0.0001632310418804216
531,כבד,77,0.0001632310418804216
532,יראה,77,0.0001632310418804216
533,חזק,77,0.0001632310418804216
534,שבטי,77,0.0001632310418804216
535,בל,77,0.0001632310418804216
536,מנחת,76,0.0001611111582196369
537,ברזל,76,0.0001611111582196369
538,יגד,76,0.0001611111582196369
539,כשדים,76,0.0001611111582196369
540,כלה,76,0.0001611111582196369
541,דברתי,76,0.0001611111582196369
542,יך,76,0.0001611111582196369
543,הי,76,0.0001611111582196369
544,חיה,75,0.0001589912745588522
545,עוף,75,0.0001589912745588522
546,שביעי,75,0.0001589912745588522
547,ישמעו,75,0.0001589912745588522
548,רעת,75,0.0001589912745588522
549,ישאו,75,0.0001589912745588522
550,עבדים,75,0.0001589912745588522
551,נחלה,75,0.0001589912745588522
552,קדוש,75,0.0001589912745588522
553,משל,74,0.00015687139089806752
554,ךס,74,0.00015687139089806752
555,נשי,74,0.00015687139089806752
556,הס,74,0.00015687139089806752
557,גבר,74,0.00015687139089806752
558,הוציא,74,0.00015687139089806752
559,לבן,74,0.00015687139089806752
560,יסעו,74,0.00015687139089806752
561,בתי,74,0.00015687139089806752
562,נפל,74,0.00015687139089806752
563,סלה,74,0.00015687139089806752
564,דן,73,0.0001547515072372828
565,רשת,73,0.0001547515072372828
566,שמחה,73,0.0001547515072372828
567,חטא,73,0.0001547515072372828
568,הכה,73,0.0001547515072372828
569,מזרח,73,0.0001547515072372828
570,חזקיהו,73,0.0001547515072372828
571,משא,72,0.00015263162357649813
572,דברת,72,0.00015263162357649813
573,ישכב,72,0.00015263162357649813
574,ראובן,72,0.00015263162357649813
575,שבי,72,0.00015263162357649813
576,אלעזר,72,0.00015263162357649813
577,שיר,72,0.00015263162357649813
578,שנית,71,0.00015051173991571343
579,קשת,71,0.00015051173991571343
580,מאתים,71,0.00015051173991571343
581,עצים,71,0.00015051173991571343
582,מדוע,71,0.00015051173991571343
583,שלמים,71,0.00015051173991571343
584,דמ,70,0.00014839185625492872
585,ימין,70,0.00014839185625492872
586,עמק,70,0.00014839185625492872
587,עזים,70,0.00014839185625492872
588,אזנ,70,0.00014839185625492872
589,במות,70,0.00014839185625492872
590,קטן,69,0.00014627197259414404
591,חית,69,0.00014627197259414404
592,קל,69,0.00014627197259414404
593,תלך,69,0.00014627197259414404
594,תלד,69,0.00014627197259414404
595,הבל,69,0.00014627197259414404
596,חן,69,0.00014627197259414404
597,שקל,69,0.00014627197259414404
598,אצל,69,0.00014627197259414404
599,אכלה,68,0.00014415208893335933
600,עזר,68,0.00014415208893335933
601,הגיד,68,0.00014415208893335933
602,צאנ,68,0.00014415208893335933
603,כנעני,68,0.00014415208893335933
604,שמת,68,0.00014415208893335933
605,משמרת,68,0.00014415208893335933
606,צדקת,68,0.00014415208893335933
607,טהור,68,0.00014415208893335933
608,יבן,67,0.00014203220527257465
609,שמעת,67,0.00014203220527257465
610,הייתי,67,0.00014203220527257465
611,ימות,67,0.00014203220527257465
612,שמות,66,0.00013991232161178995
613,הרבה,66,0.00013991232161178995
614,קנה,66,0.00013991232161178995
615,אבימלך,66,0.00013991232161178995
616,יתנ,66,0.00013991232161178995
617,בנותי,66,0.00013991232161178995
618,בטח,66,0.00013991232161178995
619,לבנון,66,0.00013991232161178995
620,יעלה,65,0.00013779243795100524
621,נתתה,65,0.00013779243795100524
622,חיי,65,0.00013779243795100524
623,יכו,65,0.00013779243795100524
624,שכר,65,0.00013779243795100524
625,המון,65,0.00013779243795100524
626,מלאכים,65,0.00013779243795100524
627,מתי,65,0.00013779243795100524
628,הציל,65,0.00013779243795100524
629,עמל,65,0.00013779243795100524
630,ארצות,65,0.00013779243795100524
631,שארית,65,0.00013779243795100524
632,מעשי,65,0.00013779243795100524
633,אויב,65,0.00013779243795100524
634,קיר,65,0.00013779243795100524
635,עולה,65,0.00013779243795100524
636,שפתי,65,0.00013779243795100524
637,אליהו,65,0.00013779243795100524
638,יהודים,65,0.00013779243795100524
639,שמנה,64,0.00013567255429022056
640,שכב,64,0.00013567255429022056
641,פשע,64,0.00013567255429022056
642,אבת,64,0.00013567255429022056
643,גורל,64,0.00013567255429022056
644,יפלו,63,0.00013355267062943585
645,שכם,63,0.00013355267062943585
646,פ,63,0.00013355267062943585
647,פסח,63,0.00013355267062943585
648,נביאים,63,0.00013355267062943585
649,מלאכת,62,0.00013143278696865117
650,יחי,62,0.00013143278696865117
651,יפתח,62,0.00013143278696865117
652,ריב,62,0.00013143278696865117
653,אנה,62,0.00013143278696865117
654,שפט,62,0.00013143278696865117
655,עלו,62,0.00013143278696865117
656,אחרית,62,0.00013143278696865117
657,אחז,62,0.00013143278696865117
658,כבשים,62,0.00013143278696865117
659,נבל,62,0.00013143278696865117
660,יצו,61,0.00012931290330786647
661,עבור,61,0.00012931290330786647
662,גבור,61,0.00012931290330786647
663,הלכו,61,0.00012931290330786647
664,אחזת,61,0.00012931290330786647
665,מדין,61,0.00012931290330786647
666,איך,61,0.00012931290330786647
667,חק,61,0.00012931290330786647
668,שאר,61,0.00012931290330786647
669,ישוב,61,0.00012931290330786647
670,ישבים,61,0.00012931290330786647
671,אבד,61,0.00012931290330786647
672,בלעם,61,0.00012931290330786647
673,אבנר,61,0.00012931290330786647
674,נעשה,60,0.00012719301964708176
675,אחות,60,0.00012719301964708176
676,תבא,60,0.00012719301964708176
677,עלת,60,0.00012719301964708176
678,אברם,60,0.00012719301964708176
679,באה,60,0.00012719301964708176
680,בגד,60,0.00012719301964708176
681,קרח,60,0.00012719301964708176
682,בור,60,0.00012719301964708176
683,סוסים,60,0.00012719301964708176
684,גאל,60,0.00012719301964708176
685,כתב,60,0.00012719301964708176
686,חומה,60,0.00012719301964708176
687,שמי,60,0.00012719301964708176
688,בשן,60,0.00012719301964708176
689,מרדכי,60,0.00012719301964708176
690,גדל,59,0.00012507313598629708
691,קץ,59,0.00012507313598629708
692,יולד,59,0.00012507313598629708
693,ריח,59,0.00012507313598629708
694,חברון,59,0.00012507313598629708
695,שלחתי,59,0.00012507313598629708
696,בלי,59,0.00012507313598629708
697,עברים,59,0.00012507313598629708
698,סוס,59,0.00012507313598629708
699,חג,59,0.00012507313598629708
700,קטרת,59,0.00012507313598629708
701,יהוא,59,0.00012507313598629708
702,מצא,58,0.00012295325232551237
703,בינ,58,0.00012295325232551237
704,אסתר,58,0.00012295325232551237
705,בנה,58,0.00012295325232551237
706,תשב,58,0.00012295325232551237
707,קום,58,0.00012295325232551237
708,שבו,58,0.00012295325232551237
709,ענה,58,0.00012295325232551237
710,שממה,58,0.00012295325232551237
711,מגרשי,58,0.00012295325232551237
712,אלישע,58,0.00012295325232551237
713,צויתי,57,0.00012083336866472768
714,יחר,57,0.00012083336866472768
715,ששים,57,0.00012083336866472768
716,שמתי,57,0.00012083336866472768
717,יכ,57,0.00012083336866472768
718,שלם,57,0.00012083336866472768
719,אבל,57,0.00012083336866472768
720,זקן,57,0.00012083336866472768
721,חמור,57,0.00012083336866472768
722,ידברו,57,0.00012083336866472768
723,מצותי,57,0.00012083336866472768
724,פקדי,57,0.00012083336866472768
725,ממלכות,57,0.00012083336866472768
726,יער,57,0.00012083336866472768
727,הושיע,57,0.00012083336866472768
728,דנה,57,0.00012083336866472768
729,אסא,57,0.00012083336866472768
730,אדין,57,0.00012083336866472768
731,איוב,57,0.00012083336866472768
732,מזמור,57,0.00012083336866472768
733,טרם,56,0.00011871348500394299
734,יצר,56,0.00011871348500394299
735,תאכלו,56,0.00011871348500394299
736,תמים,56,0.00011871348500394299
737,חמס,56,0.00011871348500394299
738,צו,56,0.00011871348500394299
739,היית,56,0.00011871348500394299
740,פעמים,56,0.00011871348500394299
741,אבני,56,0.00011871348500394299
742,חפץ,56,0.00011871348500394299
743,עמדים,56,0.00011871348500394299
744,מגרש,56,0.00011871348500394299
745,אלוה,56,0.00011871348500394299
746,עצת,56,0.00011871348500394299
747,מנצח,56,0.00011871348500394299
748,אנוש,55,0.00011659360134315829
749,נח,55,0.00011659360134315829
750,ערות,55,0.00011659360134315829
751,חמר,55,0.00011659360134315829
752,עמי,55,0.00011659360134315829
753,קרית,55,0.00011659360134315829
754,קבר,55,0.00011659360134315829
755,אשם,55,0.00011659360134315829
756,אהיה,55,0.00011659360134315829
757,רעות,55,0.00011659360134315829
758,תצא,55,0.00011659360134315829
759,מכה,55,0.00011659360134315829
760,אמרים,55,0.00011659360134315829
761,יעמדו,55,0.00011659360134315829
762,חמה,55,0.00011659360134315829
763,צדקיהו,55,0.00011659360134315829
764,שאת,54,0.00011447371768237359
765,רבה,54,0.00011447371768237359
766,שחת,54,0.00011447371768237359
767,קציר,54,0.00011447371768237359
768,אהלי,54,0.00011447371768237359
769,איה,54,0.00011447371768237359
770,שאל,54,0.00011447371768237359
771,נמצא,54,0.00011447371768237359
772,נס,54,0.00011447371768237359
773,כתובים,54,0.00011447371768237359
774,יכלו,53,0.00011235383402158889
775,נחש,53,0.00011235383402158889
776,שמעתי,53,0.00011235383402158889
777,הרג,53,0.00011235383402158889
778,צרי,53,0.00011235383402158889
779,סלת,53,0.00011235383402158889
780,נשבע,53,0.00011235383402158889
781,עשיתם,53,0.00011235383402158889
782,כלב,53,0.00011235383402158889
783,חקת,53,0.00011235383402158889
784,איב,53,0.00011235383402158889
785,חזה,53,0.00011235383402158889
786,משפטי,53,0.00011235383402158889
787,סלע,53,0.00011235383402158889
788,נבאים,53,0.00011235383402158889
789,המן,53,0.00011235383402158889
790,ירדו,52,0.0001102339503608042
791,חרש,52,0.0001102339503608042
792,ברכה,52,0.0001102339503608042
793,תירא,52,0.0001102339503608042
794,חטאתי,52,0.0001102339503608042
795,אלך,52,0.0001102339503608042
796,ידעתם,52,0.0001102339503608042
797,מחר,52,0.0001102339503608042
798,עשרת,52,0.0001102339503608042
799,פחד,52,0.0001102339503608042
800,שמעי,52,0.0001102339503608042
801,כנפי,52,0.0001102339503608042
802,שוא,52,0.0001102339503608042
803,אשרי,52,0.0001102339503608042
804,מוסר,52,0.0001102339503608042
805,קראו,52,0.0001102339503608042
806,הוי,52,0.0001102339503608042
807,הללו,52,0.0001102339503608042
808,שלישי,51,0.0001081140667000195
809,יכרת,51,0.0001081140667000195
810,ככר,51,0.0001081140667000195
811,אראה,51,0.0001081140667000195
812,נפתלי,51,0.0001081140667000195
813,תשמע,51,0.0001081140667000195
814,דבש,51,0.0001081140667000195
815,בתים,51,0.0001081140667000195
816,לשון,51,0.0001081140667000195
817,יומם,51,0.0001081140667000195
818,רמה,51,0.0001081140667000195
819,יחד,51,0.0001081140667000195
820,לשונ,51,0.0001081140667000195
821,צדוק,51,0.0001081140667000195
822,ילדה,50,0.00010599418303923481
823,םס,50,0.00010599418303923481
824,הקריב,50,0.00010599418303923481
825,יבחר,50,0.00010599418303923481
826,בעלי,50,0.00010599418303923481
827,פקד,50,0.00010599418303923481
828,שד,50,0.00010599418303923481
829,ישראלפ,50,0.00010599418303923481
830,יה,50,0.00010599418303923481
831,כלים,50,0.00010599418303923481
832,חכמת,50,0.00010599418303923481
833,יהוידע,50,0.00010599418303923481
834,יאשיהו,50,0.00010599418303923481
835,ראשית,49,0.0001038742993784501
836,יברך,49,0.0001038742993784501
837,כבש,49,0.0001038742993784501
838,אי,49,0.0001038742993784501
839,נפלו,49,0.0001038742993784501
840,קחת,49,0.0001038742993784501
841,יסר,49,0.0001038742993784501
842,טהר,49,0.0001038742993784501
843,הםס,49,0.0001038742993784501
844,חלל,49,0.0001038742993784501
845,המית,49,0.0001038742993784501
846,יקראו,49,0.0001038742993784501
847,צל,49,0.0001038742993784501
848,משקל,49,0.0001038742993784501
849,מקומ,49,0.0001038742993784501
850,אלוף,49,0.0001038742993784501
851,אריה,49,0.0001038742993784501
852,צדיקים,49,0.0001038742993784501
853,תכלת,49,0.0001038742993784501
854,תפארת,49,0.0001038742993784501
855,קרבנ,49,0.0001038742993784501
856,גלגל,49,0.0001038742993784501
857,כסיל,49,0.0001038742993784501
858,נצח,49,0.0001038742993784501
859,תפלת,49,0.0001038742993784501
860,לקחת,48,0.00010175441571766541
861,עליון,48,0.00010175441571766541
862,אכלו,48,0.00010175441571766541
863,אולי,48,0.00010175441571766541
864,זקנים,48,0.00010175441571766541
865,רחל,48,0.00010175441571766541
866,יביא,48,0.00010175441571766541
867,חדשים,48,0.00010175441571766541
868,פרץ,48,0.00010175441571766541
869,קדים,48,0.00010175441571766541
870,לחמ,48,0.00010175441571766541
871,רחבעם,48,0.00010175441571766541
872,ישימו,47,9.963453205688072e-05
873,תבל,47,9.963453205688072e-05
874,משפחות,47,9.963453205688072e-05
875,אתנ,47,9.963453205688072e-05
876,יומת,47,9.963453205688072e-05
877,מצוה,47,9.963453205688072e-05
878,אשלח,47,9.963453205688072e-05
879,עברו,47,9.963453205688072e-05
880,בר,47,9.963453205688072e-05
881,יחזק,47,9.963453205688072e-05
882,צרה,47,9.963453205688072e-05
883,ישועת,47,9.963453205688072e-05
884,כתף,47,9.963453205688072e-05
885,בקש,47,9.963453205688072e-05
886,יבשו,47,9.963453205688072e-05
887,פעם,46,9.751464839609603e-05
888,ישע,46,9.751464839609603e-05
889,תקרא,46,9.751464839609603e-05
890,תשא,46,9.751464839609603e-05
891,כפ,46,9.751464839609603e-05
892,יראת,46,9.751464839609603e-05
893,ברך,46,9.751464839609603e-05
894,אשיב,46,9.751464839609603e-05
895,עשים,46,9.751464839609603e-05
896,ששה,46,9.751464839609603e-05
897,תדבר,46,9.751464839609603e-05
898,שמה,46,9.751464839609603e-05
899,משכב,46,9.751464839609603e-05
900,הלחם,46,9.751464839609603e-05
901,פעל,46,9.751464839609603e-05
902,מרום,46,9.751464839609603e-05
903,צפונ,46,9.751464839609603e-05
904,יואש,46,9.751464839609603e-05
905,גבה,46,9.751464839609603e-05
906,בשת,46,9.751464839609603e-05
907,נביאי,46,9.751464839609603e-05
908,מקנה,45,9.539476473531133e-05
909,יונה,45,9.539476473531133e-05
910,עבדו,45,9.539476473531133e-05
911,הולך,45,9.539476473531133e-05
912,ישמעאל,45,9.539476473531133e-05
913,שים,45,9.539476473531133e-05
914,חצרי,45,9.539476473531133e-05
915,דרש,45,9.539476473531133e-05
916,ישראלס,45,9.539476473531133e-05
917,לקחו,45,9.539476473531133e-05
918,יודע,45,9.539476473531133e-05
919,הביאו,45,9.539476473531133e-05
920,עצמות,45,9.539476473531133e-05
921,חבל,45,9.539476473531133e-05
922,יקבר,45,9.539476473531133e-05
923,חנית,45,9.539476473531133e-05
924,מלאו,44,9.327488107452663e-05
925,יקום,44,9.327488107452663e-05
926,הפ,44,9.327488107452663e-05
927,קדמ,44,9.327488107452663e-05
928,מצאתי,44,9.327488107452663e-05
929,נוס,44,9.327488107452663e-05
930,שה,44,9.327488107452663e-05
931,נדר,44,9.327488107452663e-05
932,שמעון,44,9.327488107452663e-05
933,שנא,44,9.327488107452663e-05
934,יפקד,44,9.327488107452663e-05
935,יאר,44,9.327488107452663e-05
936,חשב,44,9.327488107452663e-05
937,קראתי,44,9.327488107452663e-05
938,סר,44,9.327488107452663e-05
939,דר,44,9.327488107452663e-05
940,גבעה,44,9.327488107452663e-05
941,שופר,44,9.327488107452663e-05
942,ילכד,44,9.327488107452663e-05
943,גת,44,9.327488107452663e-05
944,מגדל,43,9.115499741374193e-05
945,שכן,43,9.115499741374193e-05
946,יוצא,43,9.115499741374193e-05
947,ישתחו,43,9.115499741374193e-05
948,ישבע,43,9.115499741374193e-05
949,עבדה,43,9.115499741374193e-05
950,אולם,43,9.115499741374193e-05
951,גפן,43,9.115499741374193e-05
952,תיראו,43,9.115499741374193e-05
953,קרוב,43,9.115499741374193e-05
954,תועבת,43,9.115499741374193e-05
955,פרשים,43,9.115499741374193e-05
956,אדבר,43,9.115499741374193e-05
957,יקר,43,9.115499741374193e-05
958,בלק,43,9.115499741374193e-05
959,רחוק,43,9.115499741374193e-05
960,ממלכה,43,9.115499741374193e-05
961,דמי,42,8.903511375295724e-05
962,תשע,42,8.903511375295724e-05
963,מלאה,42,8.903511375295724e-05
964,יסף,42,8.903511375295724e-05
965,יוכל,42,8.903511375295724e-05
966,נערים,42,8.903511375295724e-05
967,יששכר,42,8.903511375295724e-05
968,נתנ,42,8.903511375295724e-05
969,אשא,42,8.903511375295724e-05
970,מצפה,42,8.903511375295724e-05
971,פרים,42,8.903511375295724e-05
972,נטה,42,8.903511375295724e-05
973,יעברו,42,8.903511375295724e-05
974,אילם,42,8.903511375295724e-05
975,יטמא,42,8.903511375295724e-05
976,ערבה,42,8.903511375295724e-05
977,כתוב,42,8.903511375295724e-05
978,ישמח,42,8.903511375295724e-05
979,יונתן,42,8.903511375295724e-05
980,מעלות,42,8.903511375295724e-05
981,מנ,42,8.903511375295724e-05
982,תרא,41,8.691523009217255e-05
983,לבנה,41,8.691523009217255e-05
984,נראה,41,8.691523009217255e-05
985,ייטב,41,8.691523009217255e-05
986,רבות,41,8.691523009217255e-05
987,איפה,41,8.691523009217255e-05
988,אלמנה,41,8.691523009217255e-05
989,טבעת,41,8.691523009217255e-05
990,ישיב,41,8.691523009217255e-05
991,שלחן,41,8.691523009217255e-05
992,נבלת,41,8.691523009217255e-05
993,ארבעת,41,8.691523009217255e-05
994,יושבי,41,8.691523009217255e-05
995,חשבון,41,8.691523009217255e-05
996,מעללי,41,8.691523009217255e-05
997,ישי,41,8.691523009217255e-05
998,כהני,41,8.691523009217255e-05
999,יחזקיהו,41,8.691523009217255e-05
1000,עי,40,8.479534643138784e-05
1001,ישלחו,40,8.479534643138784e-05
1002,חתי,40,8.479534643138784e-05
1003,נכר,40,8.479534643138784e-05
1004,ארח,40,8.479534643138784e-05
1005,משתה,40,8.479534643138784e-05
1006,בגדים,40,8.479534643138784e-05
1007,יאסף,40,8.479534643138784e-05
1008,ישתחוו,40,8.479534643138784e-05
1009,אמרתם,40,8.479534643138784e-05
1010,אקרא,40,8.479534643138784e-05
1011,חזקה,40,8.479534643138784e-05
1012,זרוע,40,8.479534643138784e-05
1013,חכמים,40,8.479534643138784e-05
1014,שמרי,40,8.479534643138784e-05
1015,יס,40,8.479534643138784e-05
1016,זבחי,40,8.479534643138784e-05
1017,חרון,40,8.479534643138784e-05
1018,ראשנים,40,8.479534643138784e-05
1019,חרם,40,8.479534643138784e-05
1020,כלות,40,8.479534643138784e-05
1021,אביון,40,8.479534643138784e-05
1022,נערה,40,8.479534643138784e-05
1023,מני,40,8.479534643138784e-05
1024,נגיד,40,8.479534643138784e-05
1025,רבו,39,8.267546277060315e-05
1026,מביא,39,8.267546277060315e-05
1027,ירח,39,8.267546277060315e-05
1028,ניחח,39,8.267546277060315e-05
1029,דמשק,39,8.267546277060315e-05
1030,כספ,39,8.267546277060315e-05
1031,שרה,39,8.267546277060315e-05
1032,שמרו,39,8.267546277060315e-05
1033,יביאו,39,8.267546277060315e-05
1034,אוכל,39,8.267546277060315e-05
1035,תם,39,8.267546277060315e-05
1036,אהבת,39,8.267546277060315e-05
1037,חרפת,39,8.267546277060315e-05
1038,נתת,39,8.267546277060315e-05
1039,מררי,39,8.267546277060315e-05
1040,תרומת,39,8.267546277060315e-05
1041,זר,39,8.267546277060315e-05
1042,כרמל,39,8.267546277060315e-05
1043,מעלה,39,8.267546277060315e-05
1044,גלולי,39,8.267546277060315e-05
1045,גולה,39,8.267546277060315e-05
1046,עצם,38,8.055557910981845e-05
1047,באת,38,8.055557910981845e-05
1048,ישובו,38,8.055557910981845e-05
1049,כרת,38,8.055557910981845e-05
1050,עשי,38,8.055557910981845e-05
1051,יחיה,38,8.055557910981845e-05
1052,שתות,38,8.055557910981845e-05
1053,תאמרו,38,8.055557910981845e-05
1054,עמלק,38,8.055557910981845e-05
1055,מתני,38,8.055557910981845e-05
1056,תבואת,38,8.055557910981845e-05
1057,כפי,38,8.055557910981845e-05
1058,חקי,38,8.055557910981845e-05
1059,ארגמן,38,8.055557910981845e-05
1060,משיח,38,8.055557910981845e-05
1061,גאון,38,8.055557910981845e-05
1062,הקים,38,8.055557910981845e-05
1063,גבורי,38,8.055557910981845e-05
1064,חרבות,38,8.055557910981845e-05
1065,שמשון,38,8.055557910981845e-05
1066,עשב,37,7.843569544903376e-05
1067,עינים,37,7.843569544903376e-05
1068,מלכה,37,7.843569544903376e-05
1069,תמר,37,7.843569544903376e-05
1070,יברכ,37,7.843569544903376e-05
1071,השבתי,37,7.843569544903376e-05
1072,בטן,37,7.843569544903376e-05
1073,בהמת,37,7.843569544903376e-05
1074,דברו,37,7.843569544903376e-05
1075,דמים,37,7.843569544903376e-05
1076,ככה,37,7.843569544903376e-05
1077,ישלם,37,7.843569544903376e-05
1078,מדה,37,7.843569544903376e-05
1079,עדי,37,7.843569544903376e-05
1080,העלות,37,7.843569544903376e-05
1081,פרס,37,7.843569544903376e-05
1082,גיא,37,7.843569544903376e-05
1083,גבעות,37,7.843569544903376e-05
1084,גבורת,37,7.843569544903376e-05
1085,החזיק,37,7.843569544903376e-05
1086,גדעון,37,7.843569544903376e-05
1087,קבל,37,7.843569544903376e-05
1088,תראה,36,7.631581178824907e-05
1089,ארור,36,7.631581178824907e-05
1090,חיות,36,7.631581178824907e-05
1091,טרף,36,7.631581178824907e-05
1092,בכר,36,7.631581178824907e-05
1093,סדם,36,7.631581178824907e-05
1094,רחם,36,7.631581178824907e-05
1095,בטנ,36,7.631581178824907e-05
1096,ברכת,36,7.631581178824907e-05
1097,הדד,36,7.631581178824907e-05
1098,יקרב,36,7.631581178824907e-05
1099,מטר,36,7.631581178824907e-05
1100,תולעת,36,7.631581178824907e-05
1101,שרת,36,7.631581178824907e-05
1102,פשעי,36,7.631581178824907e-05
1103,טעם,36,7.631581178824907e-05
1104,בז,36,7.631581178824907e-05
1105,ארזים,36,7.631581178824907e-05
1106,סתר,36,7.631581178824907e-05
1107,חומת,36,7.631581178824907e-05
1108,אוריה,36,7.631581178824907e-05
1109,יהויקים,36,7.631581178824907e-05
1110,כנף,35,7.419592812746436e-05
1111,הלוך,35,7.419592812746436e-05
1112,תרשיש,35,7.419592812746436e-05
1113,גדלה,35,7.419592812746436e-05
1114,סיני,35,7.419592812746436e-05
1115,לוט,35,7.419592812746436e-05
1116,שפחת,35,7.419592812746436e-05
1117,ראשנה,35,7.419592812746436e-05
1118,חיק,35,7.419592812746436e-05
1119,עשת,35,7.419592812746436e-05
1120,אפים,35,7.419592812746436e-05
1121,מהר,35,7.419592812746436e-05
1122,חלום,35,7.419592812746436e-05
1123,עזב,35,7.419592812746436e-05
1124,טל,35,7.419592812746436e-05
1125,מרמה,35,7.419592812746436e-05
1126,לקחתי,35,7.419592812746436e-05
1127,אילים,35,7.419592812746436e-05
1128,תשמעו,35,7.419592812746436e-05
1129,גדי,35,7.419592812746436e-05
1130,אפס,35,7.419592812746436e-05
1131,אחור,35,7.419592812746436e-05
1132,עש,35,7.419592812746436e-05
1133,מול,35,7.419592812746436e-05
1134,משפטים,35,7.419592812746436e-05
1135,שטים,35,7.419592812746436e-05
1136,הקטיר,35,7.419592812746436e-05
1137,פקודי,35,7.419592812746436e-05
1138,הכרתי,35,7.419592812746436e-05
1139,כרמים,35,7.419592812746436e-05
1140,חללי,35,7.419592812746436e-05
1141,גבעון,35,7.419592812746436e-05
1142,יזרעאל,35,7.419592812746436e-05
1143,חזון,35,7.419592812746436e-05
1144,כרובים,35,7.419592812746436e-05
1145,ישעיהו,35,7.419592812746436e-05
1146,גן,34,7.207604446667967e-05
1147,יעזב,34,7.207604446667967e-05
1148,אכלת,34,7.207604446667967e-05
1149,נתנה,34,7.207604446667967e-05
1150,ארבה,34,7.207604446667967e-05
1151,תשוב,34,7.207604446667967e-05
1152,מאת,34,7.207604446667967e-05
1153,חם,34,7.207604446667967e-05
1154,תדע,34,7.207604446667967e-05
1155,יקמו,34,7.207604446667967e-05
1156,תשלח,34,7.207604446667967e-05
1157,נורא,34,7.207604446667967e-05
1158,לאה,34,7.207604446667967e-05
1159,ימלא,34,7.207604446667967e-05
1160,הלכת,34,7.207604446667967e-05
1161,תמצא,34,7.207604446667967e-05
1162,הלכים,34,7.207604446667967e-05
1163,חרפה,34,7.207604446667967e-05
1164,הדר,34,7.207604446667967e-05
1165,קחו,34,7.207604446667967e-05
1166,סוף,34,7.207604446667967e-05
1167,תהלת,34,7.207604446667967e-05
1168,בחר,34,7.207604446667967e-05
1169,פסל,34,7.207604446667967e-05
1170,צרעת,34,7.207604446667967e-05
1171,מטות,34,7.207604446667967e-05
1172,גדלות,34,7.207604446667967e-05
1173,ישמחו,34,7.207604446667967e-05
1174,לבוש,34,7.207604446667967e-05
1175,שמעיה,34,7.207604446667967e-05
1176,הנבא,34,7.207604446667967e-05
1177,יכל,33,6.995616080589497e-05
1178,תמות,33,6.995616080589497e-05
1179,גשם,33,6.995616080589497e-05
1180,שפך,33,6.995616080589497e-05
1181,ביני,33,6.995616080589497e-05
1182,יבוסי,33,6.995616080589497e-05
1183,ארא,33,6.995616080589497e-05
1184,גמלים,33,6.995616080589497e-05
1185,ארכ,33,6.995616080589497e-05
1186,מגן,33,6.995616080589497e-05
1187,יעבדו,33,6.995616080589497e-05
1188,יעבד,33,6.995616080589497e-05
1189,ישאל,33,6.995616080589497e-05
1190,כמ,33,6.995616080589497e-05
1191,קצף,33,6.995616080589497e-05
1192,שום,33,6.995616080589497e-05
1193,נלחם,33,6.995616080589497e-05
1194,שפטים,33,6.995616080589497e-05
1195,בדים,33,6.995616080589497e-05
1196,נר,33,6.995616080589497e-05
1197,טמאת,33,6.995616080589497e-05
1198,גלה,33,6.995616080589497e-05
1199,רצח,33,6.995616080589497e-05
1200,השמיד,33,6.995616080589497e-05
1201,ענ,33,6.995616080589497e-05
1202,פלשתי,33,6.995616080589497e-05
1203,עזריה,33,6.995616080589497e-05
1204,נבוכדראצר,33,6.995616080589497e-05
1205,גדלים,32,6.783627714511028e-05
1206,יהרג,32,6.783627714511028e-05
1207,גברים,32,6.783627714511028e-05
1208,נערי,32,6.783627714511028e-05
1209,כלת,32,6.783627714511028e-05
1210,יט,32,6.783627714511028e-05
1211,ברד,32,6.783627714511028e-05
1212,יגש,32,6.783627714511028e-05
1213,לכ,32,6.783627714511028e-05
1214,מחרת,32,6.783627714511028e-05
1215,מאומה,32,6.783627714511028e-05
1216,שתה,32,6.783627714511028e-05
1217,נקי,32,6.783627714511028e-05
1218,נקרא,32,6.783627714511028e-05
1219,תפל,32,6.783627714511028e-05
1220,הבאתי,32,6.783627714511028e-05
1221,שק,32,6.783627714511028e-05
1222,דגן,32,6.783627714511028e-05
1223,חנם,32,6.783627714511028e-05
1224,נשאר,32,6.783627714511028e-05
1225,חללים,32,6.783627714511028e-05
1226,כוס,32,6.783627714511028e-05
1227,נכון,32,6.783627714511028e-05
1228,קהת,32,6.783627714511028e-05
1229,יצהר,32,6.783627714511028e-05
1230,עמוד,32,6.783627714511028e-05
1231,חקים,32,6.783627714511028e-05
1232,יכתב,32,6.783627714511028e-05
1233,מלאים,32,6.783627714511028e-05
1234,הםפ,32,6.783627714511028e-05
1235,ערכ,32,6.783627714511028e-05
1236,קרבן,32,6.783627714511028e-05
1237,עצה,32,6.783627714511028e-05
1238,תרועה,32,6.783627714511028e-05
1239,ישרים,32,6.783627714511028e-05
1240,פנה,32,6.783627714511028e-05
1241,יריחו,32,6.783627714511028e-05
1242,דלתות,32,6.783627714511028e-05
1243,מיכה,32,6.783627714511028e-05
1244,אצרות,32,6.783627714511028e-05
1245,פשר,32,6.783627714511028e-05
1246,מינ,31,6.571639348432559e-05
1247,ישבת,31,6.571639348432559e-05
1248,מאכל,31,6.571639348432559e-05
1249,דרתי,31,6.571639348432559e-05
1250,בנו,31,6.571639348432559e-05
1251,בלע,31,6.571639348432559e-05
1252,ינסו,31,6.571639348432559e-05
1253,ענו,31,6.571639348432559e-05
1254,שחר,31,6.571639348432559e-05
1255,תעמד,31,6.571639348432559e-05
1256,רחץ,31,6.571639348432559e-05
1257,חקות,31,6.571639348432559e-05
1258,אביא,31,6.571639348432559e-05
1259,נשמע,31,6.571639348432559e-05
1260,הסיר,31,6.571639348432559e-05
1261,גבעת,31,6.571639348432559e-05
1262,מימי,31,6.571639348432559e-05
1263,ששת,31,6.571639348432559e-05
1264,תרומה,31,6.571639348432559e-05
1265,עמת,31,6.571639348432559e-05
1266,מר,31,6.571639348432559e-05
1267,שרף,31,6.571639348432559e-05
1268,שפן,31,6.571639348432559e-05
1269,סכות,31,6.571639348432559e-05
1270,פקדת,31,6.571639348432559e-05
1271,שלוש,31,6.571639348432559e-05
1272,זרים,31,6.571639348432559e-05
1273,רמת,31,6.571639348432559e-05
1274,שמונה,31,6.571639348432559e-05
1275,ימלט,31,6.571639348432559e-05
1276,בניהו,31,6.571639348432559e-05
1277,אמציהו,31,6.571639348432559e-05
1278,נבוכדנצר,31,6.571639348432559e-05
1279,כוש,30,6.359650982354088e-05
1280,רביעי,30,6.359650982354088e-05
1281,הרי,30,6.359650982354088e-05
1282,כרם,30,6.359650982354088e-05
1283,רעי,30,6.359650982354088e-05
1284,רפאים,30,6.359650982354088e-05
1285,הוצאתי,30,6.359650982354088e-05
1286,עשן,30,6.359650982354088e-05
1287,ייראו,30,6.359650982354088e-05
1288,יגדל,30,6.359650982354088e-05
1289,אלפי,30,6.359650982354088e-05
1290,צואר,30,6.359650982354088e-05
1291,יאספו,30,6.359650982354088e-05
1292,יגע,30,6.359650982354088e-05
1293,זבולן,30,6.359650982354088e-05
1294,בצע,30,6.359650982354088e-05
1295,שלה,30,6.359650982354088e-05
1296,יענה,30,6.359650982354088e-05
1297,יסב,30,6.359650982354088e-05
1298,שובו,30,6.359650982354088e-05
1299,בכי,30,6.359650982354088e-05
1300,שמח,30,6.359650982354088e-05
1301,שמוע,30,6.359650982354088e-05
1302,יתום,30,6.359650982354088e-05
1303,דל,30,6.359650982354088e-05
1304,ימנית,30,6.359650982354088e-05
1305,תירוש,30,6.359650982354088e-05
1306,אסר,30,6.359650982354088e-05
1307,משלם,30,6.359650982354088e-05
1308,אחיה,30,6.359650982354088e-05
1309,יבש,30,6.359650982354088e-05
1310,משכיל,30,6.359650982354088e-05
1311,אביתר,30,6.359650982354088e-05
1312,תפלה,30,6.359650982354088e-05
1313,אחזיהו,30,6.359650982354088e-05
1314,משררים,30,6.359650982354088e-05
1315,בינה,30,6.359650982354088e-05
1316,דת,30,6.359650982354088e-05
1317,הייתם,29,6.147662616275619e-05
1318,כפרת,29,6.147662616275619e-05
1319,צפור,29,6.147662616275619e-05
1320,ימצאו,29,6.147662616275619e-05
1321,יפה,29,6.147662616275619e-05
1322,מלח,29,6.147662616275619e-05
1323,תוכל,29,6.147662616275619e-05
1324,מקמ,29,6.147662616275619e-05
1325,מערה,29,6.147662616275619e-05
1326,רבקה,29,6.147662616275619e-05
1327,שלחו,29,6.147662616275619e-05
1328,יקברו,29,6.147662616275619e-05
1329,עשק,29,6.147662616275619e-05
1330,עשתה,29,6.147662616275619e-05
1331,אכול,29,6.147662616275619e-05
1332,יענ,29,6.147662616275619e-05
1333,תתנו,29,6.147662616275619e-05
1334,זונה,29,6.147662616275619e-05
1335,אבוא,29,6.147662616275619e-05
1336,טבחים,29,6.147662616275619e-05
1337,יגידו,29,6.147662616275619e-05
1338,אעלה,29,6.147662616275619e-05
1339,עזבו,29,6.147662616275619e-05
1340,פקדתי,29,6.147662616275619e-05
1341,אשמע,29,6.147662616275619e-05
1342,אבה,29,6.147662616275619e-05
1343,שמרתם,29,6.147662616275619e-05
1344,יראי,29,6.147662616275619e-05
1345,שן,29,6.147662616275619e-05
1346,כרוב,29,6.147662616275619e-05
1347,בלולה,29,6.147662616275619e-05
1348,חמשת,29,6.147662616275619e-05
1349,קנאת,29,6.147662616275619e-05
1350,למד,29,6.147662616275619e-05
1351,טובים,29,6.147662616275619e-05
1352,צבי,29,6.147662616275619e-05
1353,מצור,29,6.147662616275619e-05
1354,שבות,29,6.147662616275619e-05
1355,הכין,29,6.147662616275619e-05
1356,פחת,29,6.147662616275619e-05
1357,יהורם,29,6.147662616275619e-05
1358,ישוע,29,6.147662616275619e-05
1359,מדינה,29,6.147662616275619e-05
1360,ינח,28,5.935674250197149e-05
1361,צלע,28,5.935674250197149e-05
1362,תהר,28,5.935674250197149e-05
1363,הכות,28,5.935674250197149e-05
1364,משחית,28,5.935674250197149e-05
1365,צד,28,5.935674250197149e-05
1366,חרבה,28,5.935674250197149e-05
1367,מכסה,28,5.935674250197149e-05
1368,מדי,28,5.935674250197149e-05
1369,עילם,28,5.935674250197149e-05
1370,מצרימ,28,5.935674250197149e-05
1371,יספר,28,5.935674250197149e-05
1372,דלת,28,5.935674250197149e-05
1373,ירע,28,5.935674250197149e-05
1374,תנו,28,5.935674250197149e-05
1375,יענו,28,5.935674250197149e-05
1376,יקומו,28,5.935674250197149e-05
1377,ברח,28,5.935674250197149e-05
1378,תנ,28,5.935674250197149e-05
1379,עדר,28,5.935674250197149e-05
1380,ילדים,28,5.935674250197149e-05
1381,זרח,28,5.935674250197149e-05
1382,מלאת,28,5.935674250197149e-05
1383,משנה,28,5.935674250197149e-05
1384,תלכו,28,5.935674250197149e-05
1385,יבקש,28,5.935674250197149e-05
1386,עברת,28,5.935674250197149e-05
1387,גרן,28,5.935674250197149e-05
1388,קשה,28,5.935674250197149e-05
1389,יומ,28,5.935674250197149e-05
1390,בחור,28,5.935674250197149e-05
1391,לחת,28,5.935674250197149e-05
1392,אפד,28,5.935674250197149e-05
1393,מסך,28,5.935674250197149e-05
1394,רמון,28,5.935674250197149e-05
1395,אזן,28,5.935674250197149e-05
1396,הין,28,5.935674250197149e-05
1397,תבונה,28,5.935674250197149e-05
1398,נון,28,5.935674250197149e-05
1399,מצו,28,5.935674250197149e-05
1400,צפה,28,5.935674250197149e-05
1401,עמודים,28,5.935674250197149e-05
1402,תהיינה,28,5.935674250197149e-05
1403,שמחת,28,5.935674250197149e-05
1404,מרי,28,5.935674250197149e-05
1405,ארנן,28,5.935674250197149e-05
1406,הוריש,28,5.935674250197149e-05
1407,מעון,28,5.935674250197149e-05
1408,מושיע,28,5.935674250197149e-05
1409,יבין,28,5.935674250197149e-05
1410,אויבי,28,5.935674250197149e-05
1411,גבורים,28,5.935674250197149e-05
1412,יציל,28,5.935674250197149e-05
1413,בעשא,28,5.935674250197149e-05
1414,נהרות,28,5.935674250197149e-05
1415,םפ,27,5.723685884118679e-05
1416,כרבים,27,5.723685884118679e-05
1417,שמנים,27,5.723685884118679e-05
1418,קומת,27,5.723685884118679e-05
1419,נבלה,27,5.723685884118679e-05
1420,אקח,27,5.723685884118679e-05
1421,מעשר,27,5.723685884118679e-05
1422,ישפט,27,5.723685884118679e-05
1423,ראי,27,5.723685884118679e-05
1424,אמרה,27,5.723685884118679e-05
1425,חתן,27,5.723685884118679e-05
1426,נשבעתי,27,5.723685884118679e-05
1427,ישתו,27,5.723685884118679e-05
1428,ידים,27,5.723685884118679e-05
1429,משחת,27,5.723685884118679e-05
1430,חנ,27,5.723685884118679e-05
1431,כתנת,27,5.723685884118679e-05
1432,ער,27,5.723685884118679e-05
1433,חלמ,27,5.723685884118679e-05
1434,בער,27,5.723685884118679e-05
1435,נותר,27,5.723685884118679e-05
1436,ךפ,27,5.723685884118679e-05
1437,מתים,27,5.723685884118679e-05
1438,מרים,27,5.723685884118679e-05
1439,אשים,27,5.723685884118679e-05
1440,נשיאי,27,5.723685884118679e-05
1441,נשאו,27,5.723685884118679e-05
1442,שמיני,27,5.723685884118679e-05
1443,קצות,27,5.723685884118679e-05
1444,קדשי,27,5.723685884118679e-05
1445,רצון,27,5.723685884118679e-05
1446,תנופה,27,5.723685884118679e-05
1447,עגל,27,5.723685884118679e-05
1448,הניח,27,5.723685884118679e-05
1449,כםס,27,5.723685884118679e-05
1450,ארז,27,5.723685884118679e-05
1451,גלות,27,5.723685884118679e-05
1452,עול,27,5.723685884118679e-05
1453,עמדו,27,5.723685884118679e-05
1454,שמאול,27,5.723685884118679e-05
1455,שטן,27,5.723685884118679e-05
1456,ימית,27,5.723685884118679e-05
1457,אהבי,27,5.723685884118679e-05
1458,הגד,27,5.723685884118679e-05
1459,סור,27,5.723685884118679e-05
1460,אריות,27,5.723685884118679e-05
1461,אנש,27,5.723685884118679e-05
1462,קו,27,5.723685884118679e-05
1463,מזבחות,27,5.723685884118679e-05
1464,חטאות,27,5.723685884118679e-05
1465,זכריה,27,5.723685884118679e-05
1466,לשכות,27,5.723685884118679e-05
1467,מבקשי,27,5.723685884118679e-05
1468,רמש,26,5.51169751804021e-05
1469,עלם,26,5.51169751804021e-05
1470,החל,26,5.51169751804021e-05
1471,תבה,26,5.51169751804021e-05
1472,ממלכת,26,5.51169751804021e-05
1473,חול,26,5.51169751804021e-05
1474,הרגו,26,5.51169751804021e-05
1475,פרזי,26,5.51169751804021e-05
1476,נשארים,26,5.51169751804021e-05
1477,עברי,26,5.51169751804021e-05
1478,חוצ,26,5.51169751804021e-05
1479,תשמר,26,5.51169751804021e-05
1480,ראית,26,5.51169751804021e-05
1481,גמל,26,5.51169751804021e-05
1482,לאמים,26,5.51169751804021e-05
1483,נכח,26,5.51169751804021e-05
1484,קללה,26,5.51169751804021e-05
1485,ברכ,26,5.51169751804021e-05
1486,ששי,26,5.51169751804021e-05
1487,ארן,26,5.51169751804021e-05
1488,שמענו,26,5.51169751804021e-05
1489,שמעתם,26,5.51169751804021e-05
1490,חבר,26,5.51169751804021e-05
1491,אניות,26,5.51169751804021e-05
1492,באתי,26,5.51169751804021e-05
1493,כרתי,26,5.51169751804021e-05
1494,שפלה,26,5.51169751804021e-05
1495,נשאי,26,5.51169751804021e-05
1496,אוי,26,5.51169751804021e-05
1497,שריד,26,5.51169751804021e-05
1498,בליעל,26,5.51169751804021e-05
1499,ברק,26,5.51169751804021e-05
1500,מעוז,26,5.51169751804021e-05
1501,אמנון,26,5.51169751804021e-05
1502,רנה,26,5.51169751804021e-05
1503,נבט,26,5.51169751804021e-05
1504,גדליהו,26,5.51169751804021e-05
1505,חנניה,26,5.51169751804021e-05
1506,דריוש,26,5.51169751804021e-05
1507,אחשורוש,26,5.51169751804021e-05
1508,דמות,25,5.2997091519617406e-05
1509,חוי,25,5.2997091519617406e-05
1510,מושב,25,5.2997091519617406e-05
1511,שמאל,25,5.2997091519617406e-05
1512,חרי,25,5.2997091519617406e-05
1513,שכמ,25,5.2997091519617406e-05
1514,נצב,25,5.2997091519617406e-05
1515,לבש,25,5.2997091519617406e-05
1516,נשאים,25,5.2997091519617406e-05
1517,שמו,25,5.2997091519617406e-05
1518,רדף,25,5.2997091519617406e-05
1519,ראיתם,25,5.2997091519617406e-05
1520,זבחים,25,5.2997091519617406e-05
1521,נעורי,25,5.2997091519617406e-05
1522,חלה,25,5.2997091519617406e-05
1523,העלה,25,5.2997091519617406e-05
1524,ימתו,25,5.2997091519617406e-05
1525,מצאו,25,5.2997091519617406e-05
1526,אמונה,25,5.2997091519617406e-05
1527,נקם,25,5.2997091519617406e-05
1528,חנון,25,5.2997091519617406e-05
1529,חשן,25,5.2997091519617406e-05
1530,בדי,25,5.2997091519617406e-05
1531,פרכת,25,5.2997091519617406e-05
1532,עמודי,25,5.2997091519617406e-05
1533,נזר,25,5.2997091519617406e-05
1534,פרש,25,5.2997091519617406e-05
1535,שתו,25,5.2997091519617406e-05
1536,קרן,25,5.2997091519617406e-05
1537,שאו,25,5.2997091519617406e-05
1538,יגאל,25,5.2997091519617406e-05
1539,חצצרות,25,5.2997091519617406e-05
1540,שאלת,25,5.2997091519617406e-05
1541,דין,25,5.2997091519617406e-05
1542,דרשו,25,5.2997091519617406e-05
1543,יבנה,25,5.2997091519617406e-05
1544,לכד,25,5.2997091519617406e-05
1545,ימד,25,5.2997091519617406e-05
1546,ירושלםס,25,5.2997091519617406e-05
1547,צום,25,5.2997091519617406e-05
1548,ספרים,25,5.2997091519617406e-05
1549,שושן,25,5.2997091519617406e-05
1550,עזרא,25,5.2997091519617406e-05
1551,אולת,25,5.2997091519617406e-05
1552,איים,25,5.2997091519617406e-05
1553,כסילים,25,5.2997091519617406e-05
1554,עדן,24,5.0877207858832706e-05
1555,חרה,24,5.0877207858832706e-05
1556,כנור,24,5.0877207858832706e-05
1557,שת,24,5.0877207858832706e-05
1558,השחית,24,5.0877207858832706e-05
1559,מתו,24,5.0877207858832706e-05
1560,מנוח,24,5.0877207858832706e-05
1561,עזה,24,5.0877207858832706e-05
1562,נסע,24,5.0877207858832706e-05
1563,ראת,24,5.0877207858832706e-05
1564,גור,24,5.0877207858832706e-05
1565,עגלה,24,5.0877207858832706e-05
1566,נפלה,24,5.0877207858832706e-05
1567,תשמרו,24,5.0877207858832706e-05
1568,אפר,24,5.0877207858832706e-05
1569,השב,24,5.0877207858832706e-05
1570,יתפלל,24,5.0877207858832706e-05
1571,עקב,24,5.0877207858832706e-05
1572,תרד,24,5.0877207858832706e-05
1573,זהס,24,5.0877207858832706e-05
1574,מלאכי,24,5.0877207858832706e-05
1575,טפ,24,5.0877207858832706e-05
1576,מבקש,24,5.0877207858832706e-05
1577,עלית,24,5.0877207858832706e-05
1578,מכיר,24,5.0877207858832706e-05
1579,יואל,24,5.0877207858832706e-05
1580,פינחס,24,5.0877207858832706e-05
1581,השאיר,24,5.0877207858832706e-05
1582,שמרים,24,5.0877207858832706e-05
1583,צמא,24,5.0877207858832706e-05
1584,שלמי,24,5.0877207858832706e-05
1585,תעלה,24,5.0877207858832706e-05
1586,יריעה,24,5.0877207858832706e-05
1587,מעיל,24,5.0877207858832706e-05
1588,תמימם,24,5.0877207858832706e-05
1589,קם,24,5.0877207858832706e-05
1590,תודה,24,5.0877207858832706e-05
1591,אמן,24,5.0877207858832706e-05
1592,פתאם,24,5.0877207858832706e-05
1593,חטאנו,24,5.0877207858832706e-05
1594,מלכת,24,5.0877207858832706e-05
1595,הוד,24,5.0877207858832706e-05
1596,מוצא,24,5.0877207858832706e-05
1597,תשכח,24,5.0877207858832706e-05
1598,חלי,24,5.0877207858832706e-05
1599,ארב,24,5.0877207858832706e-05
1600,חסר,24,5.0877207858832706e-05
1601,איד,24,5.0877207858832706e-05
1602,יותם,24,5.0877207858832706e-05
1603,רצים,24,5.0877207858832706e-05
1604,אהבה,24,5.0877207858832706e-05
1605,מחשבות,24,5.0877207858832706e-05
1606,נגה,24,5.0877207858832706e-05
1607,בחרתי,24,5.0877207858832706e-05
1608,מדינות,24,5.0877207858832706e-05
1609,יוחנן,24,5.0877207858832706e-05
1610,פעלי,24,5.0877207858832706e-05
1611,פו,24,5.0877207858832706e-05
1612,ראשים,23,4.875732419804801e-05
1613,פרת,23,4.875732419804801e-05
1614,עצמ,23,4.875732419804801e-05
1615,ישכן,23,4.875732419804801e-05
1616,מעש,23,4.875732419804801e-05
1617,יפת,23,4.875732419804801e-05
1618,יזכר,23,4.875732419804801e-05
1619,שבא,23,4.875732419804801e-05
1620,שא,23,4.875732419804801e-05
1621,אדע,23,4.875732419804801e-05
1622,לחי,23,4.875732419804801e-05
1623,אתנה,23,4.875732419804801e-05
1624,הפך,23,4.875732419804801e-05
1625,קומ,23,4.875732419804801e-05
1626,נלכה,23,4.875732419804801e-05
1627,שנאי,23,4.875732419804801e-05
1628,ישבעו,23,4.875732419804801e-05
1629,יגל,23,4.875732419804801e-05
1630,תאר,23,4.875732419804801e-05
1631,ילדי,23,4.875732419804801e-05
1632,ינס,23,4.875732419804801e-05
1633,הפר,23,4.875732419804801e-05
1634,צהרים,23,4.875732419804801e-05
1635,רחמי,23,4.875732419804801e-05
1636,חדר,23,4.875732419804801e-05
1637,כרמי,23,4.875732419804801e-05
1638,מלךס,23,4.875732419804801e-05
1639,פקח,23,4.875732419804801e-05
1640,יזבחו,23,4.875732419804801e-05
1641,פרח,23,4.875732419804801e-05
1642,ילחם,23,4.875732419804801e-05
1643,תעזב,23,4.875732419804801e-05
1644,צוית,23,4.875732419804801e-05
1645,יריעת,23,4.875732419804801e-05
1646,אפוד,23,4.875732419804801e-05
1647,נותרים,23,4.875732419804801e-05
1648,מסכה,23,4.875732419804801e-05
1649,ירעו,23,4.875732419804801e-05
1650,יפנה,23,4.875732419804801e-05
1651,יאבדו,23,4.875732419804801e-05
1652,רש,23,4.875732419804801e-05
1653,רם,23,4.875732419804801e-05
1654,לכיש,23,4.875732419804801e-05
1655,בעז,23,4.875732419804801e-05
1656,מלוכה,23,4.875732419804801e-05
1657,ארע,23,4.875732419804801e-05
1658,מעכה,23,4.875732419804801e-05
1659,מלת,23,4.875732419804801e-05
1660,יסד,23,4.875732419804801e-05
1661,מערב,23,4.875732419804801e-05
1662,יהודי,23,4.875732419804801e-05
1663,דהב,23,4.875732419804801e-05
1664,תהום,22,4.663744053726331e-05
1665,שרץ,22,4.663744053726331e-05
1666,נקבה,22,4.663744053726331e-05
1667,ילבש,22,4.663744053726331e-05
1668,תולדת,22,4.663744053726331e-05
1669,זית,22,4.663744053726331e-05
1670,מעי,22,4.663744053726331e-05
1671,יחשב,22,4.663744053726331e-05
1672,נשאתי,22,4.663744053726331e-05
1673,רחוב,22,4.663744053726331e-05
1674,כסות,22,4.663744053726331e-05
1675,שחט,22,4.663744053726331e-05
1676,גבל,22,4.663744053726331e-05
1677,ירך,22,4.663744053726331e-05
1678,הגידו,22,4.663744053726331e-05
1679,יגדו,22,4.663744053726331e-05
1680,ישק,22,4.663744053726331e-05
1681,חמישי,22,4.663744053726331e-05
1682,ישים,22,4.663744053726331e-05
1683,תשבו,22,4.663744053726331e-05
1684,נעלה,22,4.663744053726331e-05
1685,נפשות,22,4.663744053726331e-05
1686,מבצר,22,4.663744053726331e-05
1687,יקרע,22,4.663744053726331e-05
1688,תועבה,22,4.663744053726331e-05
1689,רד,22,4.663744053726331e-05
1690,אחרון,22,4.663744053726331e-05
1691,נטויה,22,4.663744053726331e-05
1692,ערבים,22,4.663744053726331e-05
1693,אכלתם,22,4.663744053726331e-05
1694,מקרא,22,4.663744053726331e-05
1695,זכור,22,4.663744053726331e-05
1696,שמרת,22,4.663744053726331e-05
1697,נוה,22,4.663744053726331e-05
1698,שחד,22,4.663744053726331e-05
1699,אדנים,22,4.663744053726331e-05
1700,ירכתי,22,4.663744053726331e-05
1701,גג,22,4.663744053726331e-05
1702,רגע,22,4.663744053726331e-05
1703,יגיד,22,4.663744053726331e-05
1704,נסכי,22,4.663744053726331e-05
1705,חציר,22,4.663744053726331e-05
1706,סביבות,22,4.663744053726331e-05
1707,סוסי,22,4.663744053726331e-05
1708,מגפה,22,4.663744053726331e-05
1709,שלשית,22,4.663744053726331e-05
1710,יקרה,22,4.663744053726331e-05
1711,נעמי,22,4.663744053726331e-05
1712,עטרת,22,4.663744053726331e-05
1713,ירשו,22,4.663744053726331e-05
1714,הכעיס,22,4.663744053726331e-05
1715,מבוא,22,4.663744053726331e-05
1716,תהלה,22,4.663744053726331e-05
1717,שרש,22,4.663744053726331e-05
1718,כעס,22,4.663744053726331e-05
1719,יושבת,22,4.663744053726331e-05
1720,יסבו,22,4.663744053726331e-05
1721,עקרון,22,4.663744053726331e-05
1722,פח,22,4.663744053726331e-05
1723,יושיע,22,4.663744053726331e-05
1724,מרכבה,22,4.663744053726331e-05
1725,ברכו,22,4.663744053726331e-05
1726,עזרת,22,4.663744053726331e-05
1727,אביה,22,4.663744053726331e-05
1728,בקשו,22,4.663744053726331e-05
1729,חירם,22,4.663744053726331e-05
1730,יועץ,22,4.663744053726331e-05
1731,יוצר,22,4.663744053726331e-05
1732,חוצות,22,4.663744053726331e-05
1733,אוד,22,4.663744053726331e-05
1734,החטיא,22,4.663744053726331e-05
1735,נבות,22,4.663744053726331e-05
1736,שנאתי,22,4.663744053726331e-05
1737,זרבבל,22,4.663744053726331e-05
1738,גברי,22,4.663744053726331e-05
1739,כזב,22,4.663744053726331e-05
1740,קין,21,4.451755687647862e-05
1741,יצאים,21,4.451755687647862e-05
1742,חמרים,21,4.451755687647862e-05
1743,נסו,21,4.451755687647862e-05
1744,אחרת,21,4.451755687647862e-05
1745,אשוב,21,4.451755687647862e-05
1746,חדל,21,4.451755687647862e-05
1747,כלו,21,4.451755687647862e-05
1748,אלכה,21,4.451755687647862e-05
1749,חלקת,21,4.451755687647862e-05
1750,יצק,21,4.451755687647862e-05
1751,חטים,21,4.451755687647862e-05
1752,מקנ,21,4.451755687647862e-05
1753,יגיע,21,4.451755687647862e-05
1754,יבכו,21,4.451755687647862e-05
1755,הלכתי,21,4.451755687647862e-05
1756,סביבתי,21,4.451755687647862e-05
1757,חטאו,21,4.451755687647862e-05
1758,משמר,21,4.451755687647862e-05
1759,גנב,21,4.451755687647862e-05
1760,משלח,21,4.451755687647862e-05
1761,חליל,21,4.451755687647862e-05
1762,רדת,21,4.451755687647862e-05
1763,העביר,21,4.451755687647862e-05
1764,יעזר,21,4.451755687647862e-05
1765,נדב,21,4.451755687647862e-05
1766,אלקנה,21,4.451755687647862e-05
1767,סרו,21,4.451755687647862e-05
1768,תבאו,21,4.451755687647862e-05
1769,ירדפו,21,4.451755687647862e-05
1770,שלו,21,4.451755687647862e-05
1771,שכבת,21,4.451755687647862e-05
1772,שקלים,21,4.451755687647862e-05
1773,משזר,21,4.451755687647862e-05
1774,קרש,21,4.451755687647862e-05
1775,נסכ,21,4.451755687647862e-05
1776,נשר,21,4.451755687647862e-05
1777,העמיד,21,4.451755687647862e-05
1778,זמה,21,4.451755687647862e-05
1779,ערלים,21,4.451755687647862e-05
1780,נדרי,21,4.451755687647862e-05
1781,חדשה,21,4.451755687647862e-05
1782,תרצה,21,4.451755687647862e-05
1783,אליאב,21,4.451755687647862e-05
1784,הושע,21,4.451755687647862e-05
1785,מהרה,21,4.451755687647862e-05
1786,עוג,21,4.451755687647862e-05
1787,גדר,21,4.451755687647862e-05
1788,שפטי,21,4.451755687647862e-05
1789,סביבותי,21,4.451755687647862e-05
1790,מחלקת,21,4.451755687647862e-05
1791,שלושה,21,4.451755687647862e-05
1792,סיסרא,21,4.451755687647862e-05
1793,המונ,21,4.451755687647862e-05
1794,הלל,21,4.451755687647862e-05
1795,מיכיהו,21,4.451755687647862e-05
1796,קיש,21,4.451755687647862e-05
1797,אכיש,21,4.451755687647862e-05
1798,צרויה,21,4.451755687647862e-05
1799,הדדעזר,21,4.451755687647862e-05
1800,קשר,21,4.451755687647862e-05
1801,הודו,21,4.451755687647862e-05
1802,איזבל,21,4.451755687647862e-05
1803,אויל,21,4.451755687647862e-05
1804,רצונ,21,4.451755687647862e-05
1805,כורש,21,4.451755687647862e-05
1806,מגלה,21,4.451755687647862e-05
1807,ששון,21,4.451755687647862e-05
1808,ברא,20,4.239767321569392e-05
1809,תהו,20,4.239767321569392e-05
1810,כוכבים,20,4.239767321569392e-05
1811,יבל,20,4.239767321569392e-05
1812,תשעים,20,4.239767321569392e-05
1813,נפלים,20,4.239767321569392e-05
1814,תמלא,20,4.239767321569392e-05
1815,תעש,20,4.239767321569392e-05
1816,תביא,20,4.239767321569392e-05
1817,יחל,20,4.239767321569392e-05
1818,חרף,20,4.239767321569392e-05
1819,שלף,20,4.239767321569392e-05
1820,מולדת,20,4.239767321569392e-05
1821,רכוש,20,4.239767321569392e-05
1822,נכרתה,20,4.239767321569392e-05
1823,לו,20,4.239767321569392e-05
1824,ירץ,20,4.239767321569392e-05
1825,אמצא,20,4.239767321569392e-05
1826,אדברה,20,4.239767321569392e-05
1827,ישכם,20,4.239767321569392e-05
1828,תקם,20,4.239767321569392e-05
1829,דע,20,4.239767321569392e-05
1830,בתולה,20,4.239767321569392e-05
1831,תבן,20,4.239767321569392e-05
1832,יאהב,20,4.239767321569392e-05
1833,נאספו,20,4.239767321569392e-05
1834,השיבו,20,4.239767321569392e-05
1835,תמול,20,4.239767321569392e-05
1836,חנן,20,4.239767321569392e-05
1837,תימן,20,4.239767321569392e-05
1838,ישחטו,20,4.239767321569392e-05
1839,מט,20,4.239767321569392e-05
1840,מצרי,20,4.239767321569392e-05
1841,הודיע,20,4.239767321569392e-05
1842,כםפ,20,4.239767321569392e-05
1843,אדון,20,4.239767321569392e-05
1844,אחזה,20,4.239767321569392e-05
1845,שכל,20,4.239767321569392e-05
1846,ערף,20,4.239767321569392e-05
1847,גדוד,20,4.239767321569392e-05
1848,חצים,20,4.239767321569392e-05
1849,ירבה,20,4.239767321569392e-05
1850,זבת,20,4.239767321569392e-05
1851,אלם,20,4.239767321569392e-05
1852,צבאת,20,4.239767321569392e-05
1853,הכרית,20,4.239767321569392e-05
1854,נלך,20,4.239767321569392e-05
1855,כסה,20,4.239767321569392e-05
1856,סף,20,4.239767321569392e-05
1857,זו,20,4.239767321569392e-05
1858,חנה,20,4.239767321569392e-05
1859,יכה,20,4.239767321569392e-05
1860,מנרה,20,4.239767321569392e-05
1861,עשתי,20,4.239767321569392e-05
1862,עשיר,20,4.239767321569392e-05
1863,הרא,20,4.239767321569392e-05
1864,רחום,20,4.239767321569392e-05
1865,נצר,20,4.239767321569392e-05
1866,יורם,20,4.239767321569392e-05
1867,שמעה,20,4.239767321569392e-05
1868,טמאה,20,4.239767321569392e-05
1869,אלףס,20,4.239767321569392e-05
1870,בזה,20,4.239767321569392e-05
1871,סיחון,20,4.239767321569392e-05
1872,ילכדו,20,4.239767321569392e-05
1873,צרים,20,4.239767321569392e-05
1874,מקלט,20,4.239767321569392e-05
1875,פגע,20,4.239767321569392e-05
1876,תמ,20,4.239767321569392e-05
1877,רבת,20,4.239767321569392e-05
1878,זהפ,20,4.239767321569392e-05
1879,בתולת,20,4.239767321569392e-05
1880,גאות,20,4.239767321569392e-05
1881,תקות,20,4.239767321569392e-05
1882,יבקשו,20,4.239767321569392e-05
1883,יערים,20,4.239767321569392e-05
1884,דביר,20,4.239767321569392e-05
1885,חצור,20,4.239767321569392e-05
1886,חבלי,20,4.239767321569392e-05
1887,חקר,20,4.239767321569392e-05
1888,נחם,20,4.239767321569392e-05
1889,בניתי,20,4.239767321569392e-05
1890,צנה,20,4.239767321569392e-05
1891,חבלים,20,4.239767321569392e-05
1892,שריה,20,4.239767321569392e-05
1893,אחיתפל,20,4.239767321569392e-05
1894,כתרת,20,4.239767321569392e-05
1895,תחנת,20,4.239767321569392e-05
1896,חילים,20,4.239767321569392e-05
1897,יהואחז,20,4.239767321569392e-05
1898,אמון,20,4.239767321569392e-05
1899,אמונת,20,4.239767321569392e-05
1900,שניםס,20,4.239767321569392e-05
1901,מבין,20,4.239767321569392e-05
1902,מישרים,20,4.239767321569392e-05
1903,סוד,20,4.239767321569392e-05
1904,פרזל,20,4.239767321569392e-05
1905,ערום,19,4.0277789554909226e-05
1906,ילדו,19,4.0277789554909226e-05
1907,נפשתי,19,4.0277789554909226e-05
1908,ישת,19,4.0277789554909226e-05
1909,משך,19,4.0277789554909226e-05
1910,ציד,19,4.0277789554909226e-05
1911,ילדת,19,4.0277789554909226e-05
1912,נצבים,19,4.0277789554909226e-05
1913,תעבר,19,4.0277789554909226e-05
1914,יגשו,19,4.0277789554909226e-05
1915,הכו,19,4.0277789554909226e-05
1916,הבאת,19,4.0277789554909226e-05
1917,פילגש,19,4.0277789554909226e-05
1918,תמת,19,4.0277789554909226e-05
1919,תעל,19,4.0277789554909226e-05
1920,פנות,19,4.0277789554909226e-05
1921,מכר,19,4.0277789554909226e-05
1922,ישמר,19,4.0277789554909226e-05
1923,אהבתי,19,4.0277789554909226e-05
1924,הרע,19,4.0277789554909226e-05
1925,יזבח,19,4.0277789554909226e-05
1926,תהיו,19,4.0277789554909226e-05
1927,צרת,19,4.0277789554909226e-05
1928,שוע,19,4.0277789554909226e-05
1929,שימו,19,4.0277789554909226e-05
1930,ענות,19,4.0277789554909226e-05
1931,נשאת,19,4.0277789554909226e-05
1932,חגי,19,4.0277789554909226e-05
1933,הבו,19,4.0277789554909226e-05
1934,לכי,19,4.0277789554909226e-05
1935,הכיתי,19,4.0277789554909226e-05
1936,שלג,19,4.0277789554909226e-05
1937,אצבע,19,4.0277789554909226e-05
1938,ישועה,19,4.0277789554909226e-05
1939,פעלת,19,4.0277789554909226e-05
1940,הכית,19,4.0277789554909226e-05
1941,חור,19,4.0277789554909226e-05
1942,גרים,19,4.0277789554909226e-05
1943,בשמים,19,4.0277789554909226e-05
1944,תבנית,19,4.0277789554909226e-05
1945,עדות,19,4.0277789554909226e-05
1946,ישחט,19,4.0277789554909226e-05
1947,מרא,19,4.0277789554909226e-05
1948,עשרנים,19,4.0277789554909226e-05
1949,יוציא,19,4.0277789554909226e-05
1950,חקתי,19,4.0277789554909226e-05
1951,תועבות,19,4.0277789554909226e-05
1952,כפות,19,4.0277789554909226e-05
1953,תקעו,19,4.0277789554909226e-05
1954,עונתי,19,4.0277789554909226e-05
1955,יירשו,19,4.0277789554909226e-05
1956,אתון,19,4.0277789554909226e-05
1957,ירחו,19,4.0277789554909226e-05
1958,שכני,19,4.0277789554909226e-05
1959,חזקו,19,4.0277789554909226e-05
1960,צידון,19,4.0277789554909226e-05
1961,סרני,19,4.0277789554909226e-05
1962,ארחות,19,4.0277789554909226e-05
1963,בחורי,19,4.0277789554909226e-05
1964,מיכל,19,4.0277789554909226e-05
1965,אבישי,19,4.0277789554909226e-05
1966,אדניהו,19,4.0277789554909226e-05
1967,ישמרו,19,4.0277789554909226e-05
1968,אופנים,19,4.0277789554909226e-05
1969,חלקיהו,19,4.0277789554909226e-05
1970,אחיקם,19,4.0277789554909226e-05
1971,יפי,19,4.0277789554909226e-05
1972,ענוים,19,4.0277789554909226e-05
1973,שדד,19,4.0277789554909226e-05
1974,לדת,18,3.815790589412453e-05
1975,קנים,18,3.815790589412453e-05
1976,צא,18,3.815790589412453e-05
1977,קיץ,18,3.815790589412453e-05
1978,עמרה,18,3.815790589412453e-05
1979,נחור,18,3.815790589412453e-05
1980,גלל,18,3.815790589412453e-05
1981,חטאים,18,3.815790589412453e-05
1982,ירדף,18,3.815790589412453e-05
1983,תן,18,3.815790589412453e-05
1984,רא,18,3.815790589412453e-05
1985,קומו,18,3.815790589412453e-05
1986,יכרתו,18,3.815790589412453e-05
1987,רחק,18,3.815790589412453e-05
1988,בוז,18,3.815790589412453e-05
1989,טבח,18,3.815790589412453e-05
1990,השמר,18,3.815790589412453e-05
1991,קדר,18,3.815790589412453e-05
1992,ישאלו,18,3.815790589412453e-05
1993,באתם,18,3.815790589412453e-05
1994,מרה,18,3.815790589412453e-05
1995,אכן,18,3.815790589412453e-05
1996,שבתי,18,3.815790589412453e-05
1997,מצאת,18,3.815790589412453e-05
1998,שלחת,18,3.815790589412453e-05
1999,פליטה,18,3.815790589412453e-05
2000,פרות,18,3.815790589412453e-05
2001,נחת,18,3.815790589412453e-05
2002,דשן,18,3.815790589412453e-05
2003,מגיד,18,3.815790589412453e-05
2004,קמו,18,3.815790589412453e-05
2005,ישבר,18,3.815790589412453e-05
2006,טף,18,3.815790589412453e-05
2007,מס,18,3.815790589412453e-05
2008,יזעקו,18,3.815790589412453e-05
2009,איתמר,18,3.815790589412453e-05
2010,שפתים,18,3.815790589412453e-05
2011,מופת,18,3.815790589412453e-05
2012,ישלך,18,3.815790589412453e-05
2013,משהפ,18,3.815790589412453e-05
2014,זכרון,18,3.815790589412453e-05
2015,חמץ,18,3.815790589412453e-05
2016,יגור,18,3.815790589412453e-05
2017,רפא,18,3.815790589412453e-05
2018,תמרים,18,3.815790589412453e-05
2019,תגלה,18,3.815790589412453e-05
2020,נכרי,18,3.815790589412453e-05
2021,כרמ,18,3.815790589412453e-05
2022,רגלים,18,3.815790589412453e-05
2023,משחה,18,3.815790589412453e-05
2024,כלית,18,3.815790589412453e-05
2025,שוק,18,3.815790589412453e-05
2026,יכפר,18,3.815790589412453e-05
2027,העלו,18,3.815790589412453e-05
2028,ישרף,18,3.815790589412453e-05
2029,אשי,18,3.815790589412453e-05
2030,שקץ,18,3.815790589412453e-05
2031,זנות,18,3.815790589412453e-05
2032,מום,18,3.815790589412453e-05
2033,נקמת,18,3.815790589412453e-05
2034,חצרות,18,3.815790589412453e-05
2035,נאמן,18,3.815790589412453e-05
2036,בצרות,18,3.815790589412453e-05
2037,התפלל,18,3.815790589412453e-05
2038,ארי,18,3.815790589412453e-05
2039,ראובני,18,3.815790589412453e-05
2040,איכה,18,3.815790589412453e-05
2041,קריה,18,3.815790589412453e-05
2042,עדתי,18,3.815790589412453e-05
2043,אשב,18,3.815790589412453e-05
2044,רענן,18,3.815790589412453e-05
2045,נשמה,18,3.815790589412453e-05
2046,נמצאו,18,3.815790589412453e-05
2047,שקים,18,3.815790589412453e-05
2048,שנות,18,3.815790589412453e-05
2049,מציל,18,3.815790589412453e-05
2050,שחקים,18,3.815790589412453e-05
2051,שופרות,18,3.815790589412453e-05
2052,כנרות,18,3.815790589412453e-05
2053,גבע,18,3.815790589412453e-05
2054,תשועה,18,3.815790589412453e-05
2055,חמות,18,3.815790589412453e-05
2056,במה,18,3.815790589412453e-05
2057,הימן,18,3.815790589412453e-05
2058,שמועה,18,3.815790589412453e-05
2059,עזיהו,18,3.815790589412453e-05
2060,זמרו,18,3.815790589412453e-05
2061,מחלקות,18,3.815790589412453e-05
2062,צלמות,18,3.815790589412453e-05
2063,שית,18,3.815790589412453e-05
2064,תוכחת,18,3.815790589412453e-05
2065,כלמת,18,3.815790589412453e-05
2066,גלי,18,3.815790589412453e-05
2067,נפלאותי,18,3.815790589412453e-05
2068,קדימ,18,3.815790589412453e-05
2069,רקיע,17,3.603802223333983e-05
2070,ירב,17,3.603802223333983e-05
2071,יקדש,17,3.603802223333983e-05
2072,שיח,17,3.603802223333983e-05
2073,תאנה,17,3.603802223333983e-05
2074,ינחם,17,3.603802223333983e-05
2075,ארץס,17,3.603802223333983e-05
2076,עשירי,17,3.603802223333983e-05
2077,נינוה,17,3.603802223333983e-05
2078,מורה,17,3.603802223333983e-05
2079,יסע,17,3.603802223333983e-05
2080,תשכב,17,3.603802223333983e-05
2081,חטאה,17,3.603802223333983e-05
2082,תיראי,17,3.603802223333983e-05
2083,יצאת,17,3.603802223333983e-05
2084,יבך,17,3.603802223333983e-05
2085,יקרבו,17,3.603802223333983e-05
2086,יברח,17,3.603802223333983e-05
2087,גל,17,3.603802223333983e-05
2088,נגש,17,3.603802223333983e-05
2089,תקחו,17,3.603802223333983e-05
2090,נסך,17,3.603802223333983e-05
2091,השתחות,17,3.603802223333983e-05
2092,תכס,17,3.603802223333983e-05
2093,נהיה,17,3.603802223333983e-05
2094,זכרת,17,3.603802223333983e-05
2095,נודע,17,3.603802223333983e-05
2096,יקבץ,17,3.603802223333983e-05
2097,יאסר,17,3.603802223333983e-05
2098,גרשון,17,3.603802223333983e-05
2099,כבס,17,3.603802223333983e-05
2100,איתן,17,3.603802223333983e-05
2101,הביט,17,3.603802223333983e-05
2102,מוציא,17,3.603802223333983e-05
2103,מטת,17,3.603802223333983e-05
2104,נגף,17,3.603802223333983e-05
2105,הית,17,3.603802223333983e-05
2106,מוקש,17,3.603802223333983e-05
2107,נעבד,17,3.603802223333983e-05
2108,תדעו,17,3.603802223333983e-05
2109,אזרח,17,3.603802223333983e-05
2110,פרשי,17,3.603802223333983e-05
2111,סיר,17,3.603802223333983e-05
2112,קרבו,17,3.603802223333983e-05
2113,הואפ,17,3.603802223333983e-05
2114,עב,17,3.603802223333983e-05
2115,תבנה,17,3.603802223333983e-05
2116,יריב,17,3.603802223333983e-05
2117,הואס,17,3.603802223333983e-05
2118,קרשים,17,3.603802223333983e-05
2119,בריח,17,3.603802223333983e-05
2120,יסוד,17,3.603802223333983e-05
2121,גבורה,17,3.603802223333983e-05
2122,קרנות,17,3.603802223333983e-05
2123,נחלים,17,3.603802223333983e-05
2124,יכבס,17,3.603802223333983e-05
2125,תקום,17,3.603802223333983e-05
2126,נדה,17,3.603802223333983e-05
2127,א‍שר,17,3.603802223333983e-05
2128,חרוץ,17,3.603802223333983e-05
2129,שבתות,17,3.603802223333983e-05
2130,יבול,17,3.603802223333983e-05
2131,אלישמע,17,3.603802223333983e-05
2132,תור,17,3.603802223333983e-05
2133,יספרו,17,3.603802223333983e-05
2134,סיחן,17,3.603802223333983e-05
2135,שבית,17,3.603802223333983e-05
2136,זמרי,17,3.603802223333983e-05
2137,יבנו,17,3.603802223333983e-05
2138,יאיר,17,3.603802223333983e-05
2139,עדים,17,3.603802223333983e-05
2140,שמור,17,3.603802223333983e-05
2141,אשרה,17,3.603802223333983e-05
2142,אוצר,17,3.603802223333983e-05
2143,דרום,17,3.603802223333983e-05
2144,אשדוד,17,3.603802223333983e-05
2145,בעלים,17,3.603802223333983e-05
2146,כפיר,17,3.603802223333983e-05
2147,אתי,17,3.603802223333983e-05
2148,קרנ,17,3.603802223333983e-05
2149,חסידי,17,3.603802223333983e-05
2150,הקשיב,17,3.603802223333983e-05
2151,אחימלך,17,3.603802223333983e-05
2152,נבלים,17,3.603802223333983e-05
2153,אבשלם,17,3.603802223333983e-05
2154,משגב,17,3.603802223333983e-05
2155,עמרי,17,3.603802223333983e-05
2156,רעש,17,3.603802223333983e-05
2157,חזאל,17,3.603802223333983e-05
2158,יהואש,17,3.603802223333983e-05
2159,חרשים,17,3.603802223333983e-05
2160,ירמיה,17,3.603802223333983e-05
2161,עבודת,17,3.603802223333983e-05
2162,איתי,17,3.603802223333983e-05
2163,אפל,17,3.603802223333983e-05
2164,אמרין,17,3.603802223333983e-05
2165,משוש,17,3.603802223333983e-05
2166,דלים,17,3.603802223333983e-05
2167,יורדי,17,3.603802223333983e-05
2168,שאון,17,3.603802223333983e-05
2169,כבר,17,3.603802223333983e-05
2170,תועבותי,17,3.603802223333983e-05
2171,נור,17,3.603802223333983e-05
2172,תעבד,16,3.391813857255514e-05
2173,יובל,16,3.391813857255514e-05
2174,תפש,16,3.391813857255514e-05
2175,חברת,16,3.391813857255514e-05
2176,מחשבת,16,3.391813857255514e-05
2177,הקמתי,16,3.391813857255514e-05
2178,חלון,16,3.391813857255514e-05
2179,חת,16,3.391813857255514e-05
2180,ישפך,16,3.391813857255514e-05
2181,יהללו,16,3.391813857255514e-05
2182,היטיב,16,3.391813857255514e-05
2183,יחלק,16,3.391813857255514e-05
2184,עצום,16,3.391813857255514e-05
2185,יפנו,16,3.391813857255514e-05
2186,סגר,16,3.391813857255514e-05
2187,צמח,16,3.391813857255514e-05
2188,תשיב,16,3.391813857255514e-05
2189,גמלי,16,3.391813857255514e-05
2190,רחבות,16,3.391813857255514e-05
2191,נאמר,16,3.391813857255514e-05
2192,יצעק,16,3.391813857255514e-05
2193,עלים,16,3.391813857255514e-05
2194,מצבה,16,3.391813857255514e-05
2195,קטנה,16,3.391813857255514e-05
2196,ריקם,16,3.391813857255514e-05
2197,הכ,16,3.391813857255514e-05
2198,היינו,16,3.391813857255514e-05
2199,קברת,16,3.391813857255514e-05
2200,מקני,16,3.391813857255514e-05
2201,נסעו,16,3.391813857255514e-05
2202,סריס,16,3.391813857255514e-05
2203,עלתה,16,3.391813857255514e-05
2204,הוצאת,16,3.391813857255514e-05
2205,נבון,16,3.391813857255514e-05
2206,יקבצו,16,3.391813857255514e-05
2207,רחמים,16,3.391813857255514e-05
2208,שמלת,16,3.391813857255514e-05
2209,חצרון,16,3.391813857255514e-05
2210,נעמן,16,3.391813857255514e-05
2211,מספד,16,3.391813857255514e-05
2212,ענת,16,3.391813857255514e-05
2213,יפן,16,3.391813857255514e-05
2214,תקרב,16,3.391813857255514e-05
2215,קש,16,3.391813857255514e-05
2216,עזיאל,16,3.391813857255514e-05
2217,אסיר,16,3.391813857255514e-05
2218,ירם,16,3.391813857255514e-05
2219,שכיר,16,3.391813857255514e-05
2220,שלשי,16,3.391813857255514e-05
2221,משרת,16,3.391813857255514e-05
2222,סמים,16,3.391813857255514e-05
2223,קנ,16,3.391813857255514e-05
2224,עמדי,16,3.391813857255514e-05
2225,טור,16,3.391813857255514e-05
2226,בהן,16,3.391813857255514e-05
2227,גרה,16,3.391813857255514e-05
2228,נדבה,16,3.391813857255514e-05
2229,בריחי,16,3.391813857255514e-05
2230,שגגה,16,3.391813857255514e-05
2231,יחטא,16,3.391813857255514e-05
2232,יקריבו,16,3.391813857255514e-05
2233,הסגיר,16,3.391813857255514e-05
2234,צמר,16,3.391813857255514e-05
2235,זב,16,3.391813857255514e-05
2236,מקור,16,3.391813857255514e-05
2237,שבתם,16,3.391813857255514e-05
2238,עתודים,16,3.391813857255514e-05
2239,יספו,16,3.391813857255514e-05
2240,זעם,16,3.391813857255514e-05
2241,האזינ,16,3.391813857255514e-05
2242,ערבת,16,3.391813857255514e-05
2243,דעו,16,3.391813857255514e-05
2244,ירשת,16,3.391813857255514e-05
2245,רדפ,16,3.391813857255514e-05
2246,כרים,16,3.391813857255514e-05
2247,סגור,16,3.391813857255514e-05
2248,נפלאות,16,3.391813857255514e-05
2249,יעזבו,16,3.391813857255514e-05
2250,ילחמו,16,3.391813857255514e-05
2251,יוסיף,16,3.391813857255514e-05
2252,גמול,16,3.391813857255514e-05
2253,בחורים,16,3.391813857255514e-05
2254,מרעים,16,3.391813857255514e-05
2255,אגיד,16,3.391813857255514e-05
2256,אהי,16,3.391813857255514e-05
2257,יביש,16,3.391813857255514e-05
2258,תקוה,16,3.391813857255514e-05
2259,הגדיל,16,3.391813857255514e-05
2260,יעץ,16,3.391813857255514e-05
2261,עמשא,16,3.391813857255514e-05
2262,כושי,16,3.391813857255514e-05
2263,עדותי,16,3.391813857255514e-05
2264,עזריהו,16,3.391813857255514e-05
2265,פנימי,16,3.391813857255514e-05
2266,משרתי,16,3.391813857255514e-05
2267,אלישיב,16,3.391813857255514e-05
2268,עזרה,16,3.391813857255514e-05
2269,התיחש,16,3.391813857255514e-05
2270,נתינים,16,3.391813857255514e-05
2271,טוביה,16,3.391813857255514e-05
2272,להוא,16,3.391813857255514e-05
2273,דך,16,3.391813857255514e-05
2274,מעשיה,16,3.391813857255514e-05
2275,רמיה,16,3.391813857255514e-05
2276,חכ,16,3.391813857255514e-05
2277,השמיעו,16,3.391813857255514e-05
2278,גב,16,3.391813857255514e-05
2279,יבשה,15,3.179825491177044e-05
2280,ירק,15,3.179825491177044e-05
2281,חנוך,15,3.179825491177044e-05
2282,שמונים,15,3.179825491177044e-05
2283,תשים,15,3.179825491177044e-05
2284,ירבו,15,3.179825491177044e-05
2285,תנח,15,3.179825491177044e-05
2286,הב,15,3.179825491177044e-05
2287,רעו,15,3.179825491177044e-05
2288,אלון,15,3.179825491177044e-05
2289,אחים,15,3.179825491177044e-05
2290,רכש,15,3.179825491177044e-05
2291,יירש,15,3.179825491177044e-05
2292,צפר,15,3.179825491177044e-05
2293,תענ,15,3.179825491177044e-05
2294,הלכתם,15,3.179825491177044e-05
2295,הלאה,15,3.179825491177044e-05
2296,צאו,15,3.179825491177044e-05
2297,יחזקו,15,3.179825491177044e-05
2298,נשק,15,3.179825491177044e-05
2299,באי,15,3.179825491177044e-05
2300,קומי,15,3.179825491177044e-05
2301,תער,15,3.179825491177044e-05
2302,עשור,15,3.179825491177044e-05
2303,ימלאו,15,3.179825491177044e-05
2304,הוה,15,3.179825491177044e-05
2305,תרפים,15,3.179825491177044e-05
2306,יצף,15,3.179825491177044e-05
2307,יותר,15,3.179825491177044e-05
2308,סכת,15,3.179825491177044e-05
2309,בנימין,15,3.179825491177044e-05
2310,אליפז,15,3.179825491177044e-05
2311,אצר,15,3.179825491177044e-05
2312,קמה,15,3.179825491177044e-05
2313,הוציאו,15,3.179825491177044e-05
2314,ענבים,15,3.179825491177044e-05
2315,פקדים,15,3.179825491177044e-05
2316,חיו,15,3.179825491177044e-05
2317,תראו,15,3.179825491177044e-05
2318,אכלים,15,3.179825491177044e-05
2319,יוכלו,15,3.179825491177044e-05
2320,משאת,15,3.179825491177044e-05
2321,יכין,15,3.179825491177044e-05
2322,נתתם,15,3.179825491177044e-05
2323,ברכי,15,3.179825491177044e-05
2324,יפ,15,3.179825491177044e-05
2325,יודו,15,3.179825491177044e-05
2326,יסור,15,3.179825491177044e-05
2327,יפרש,15,3.179825491177044e-05
2328,אצא,15,3.179825491177044e-05
2329,שירו,15,3.179825491177044e-05
2330,שפטו,15,3.179825491177044e-05
2331,ראים,15,3.179825491177044e-05
2332,ערפל,15,3.179825491177044e-05
2333,יצאה,15,3.179825491177044e-05
2334,כנפים,15,3.179825491177044e-05
2335,כפרים,15,3.179825491177044e-05
2336,הודע,15,3.179825491177044e-05
2337,יתיצב,15,3.179825491177044e-05
2338,הניף,15,3.179825491177044e-05
2339,יקטר,15,3.179825491177044e-05
2340,יקריב,15,3.179825491177044e-05
2341,תרים,15,3.179825491177044e-05
2342,תשיג,15,3.179825491177044e-05
2343,מלוא,15,3.179825491177044e-05
2344,פשה,15,3.179825491177044e-05
2345,שפל,15,3.179825491177044e-05
2346,נתק,15,3.179825491177044e-05
2347,פנו,15,3.179825491177044e-05
2348,ישרפו,15,3.179825491177044e-05
2349,תשעה,15,3.179825491177044e-05
2350,יקב,15,3.179825491177044e-05
2351,קנאה,15,3.179825491177044e-05
2352,תאנים,15,3.179825491177044e-05
2353,קדשו,15,3.179825491177044e-05
2354,להבה,15,3.179825491177044e-05
2355,אדר,15,3.179825491177044e-05
2356,חרמון,15,3.179825491177044e-05
2357,קדמו,15,3.179825491177044e-05
2358,מחיר,15,3.179825491177044e-05
2359,יסיף,15,3.179825491177044e-05
2360,שקוצי,15,3.179825491177044e-05
2361,בהמות,15,3.179825491177044e-05
2362,חסיד,15,3.179825491177044e-05
2363,גי,15,3.179825491177044e-05
2364,הריעו,15,3.179825491177044e-05
2365,אהה,15,3.179825491177044e-05
2366,שאלו,15,3.179825491177044e-05
2367,גזר,15,3.179825491177044e-05
2368,קינה,15,3.179825491177044e-05
2369,שלחנ,15,3.179825491177044e-05
2370,מלחמות,15,3.179825491177044e-05
2371,ימותו,15,3.179825491177044e-05
2372,ירחם,15,3.179825491177044e-05
2373,אחימעץ,15,3.179825491177044e-05
2374,חרשי,15,3.179825491177044e-05
2375,ציבא,15,3.179825491177044e-05
2376,גערת,15,3.179825491177044e-05
2377,פחות,15,3.179825491177044e-05
2378,אזור,15,3.179825491177044e-05
2379,סריסים,15,3.179825491177044e-05
2380,זכריהו,15,3.179825491177044e-05
2381,מנחם,15,3.179825491177044e-05
2382,שקה,15,3.179825491177044e-05
2383,חלקיה,15,3.179825491177044e-05
2384,נתניה,15,3.179825491177044e-05
2385,יחת,15,3.179825491177044e-05
2386,משרתים,15,3.179825491177044e-05
2387,מלכיה,15,3.179825491177044e-05
2388,יפול,15,3.179825491177044e-05
2389,בירה,15,3.179825491177044e-05
2390,חסדי,15,3.179825491177044e-05
2391,מרפא,15,3.179825491177044e-05
2392,המו,15,3.179825491177044e-05
2393,אנת,15,3.179825491177044e-05
2394,שרשי,15,3.179825491177044e-05
2395,סגנים,15,3.179825491177044e-05
2396,מלין,15,3.179825491177044e-05
2397,ציה,15,3.179825491177044e-05
2398,אזמרה,15,3.179825491177044e-05
2399,יכשלו,15,3.179825491177044e-05
2400,הילילו,15,3.179825491177044e-05
2401,שדרך,15,3.179825491177044e-05
2402,מישך,15,3.179825491177044e-05
2403,הוית,15,3.179825491177044e-05
2404,דשא,14,2.9678371250985746e-05
2405,מאור,14,2.9678371250985746e-05
2406,ממשלת,14,2.9678371250985746e-05
2407,אפי,14,2.9678371250985746e-05
2408,נשמת,14,2.9678371250985746e-05
2409,יסגר,14,2.9678371250985746e-05
2410,ידעי,14,2.9678371250985746e-05
2411,זכרתי,14,2.9678371250985746e-05
2412,נעל,14,2.9678371250985746e-05
2413,יורש,14,2.9678371250985746e-05
2414,הרה,14,2.9678371250985746e-05
2415,פת,14,2.9678371250985746e-05
2416,קמח,14,2.9678371250985746e-05
2417,אמנם,14,2.9678371250985746e-05
2418,צעקת,14,2.9678371250985746e-05
2419,יהפך,14,2.9678371250985746e-05
2420,ילינו,14,2.9678371250985746e-05
2421,ימכר,14,2.9678371250985746e-05
2422,יחן,14,2.9678371250985746e-05
2423,תהיין,14,2.9678371250985746e-05
2424,זבלון,14,2.9678371250985746e-05
2425,עתדים,14,2.9678371250985746e-05
2426,ינהג,14,2.9678371250985746e-05
2427,אילי,14,2.9678371250985746e-05
2428,אכלתי,14,2.9678371250985746e-05
2429,אחרנים,14,2.9678371250985746e-05
2430,רדפו,14,2.9678371250985746e-05
2431,אלופי,14,2.9678371250985746e-05
2432,כנ,14,2.9678371250985746e-05
2433,חכמי,14,2.9678371250985746e-05
2434,מראי,14,2.9678371250985746e-05
2435,תכרת,14,2.9678371250985746e-05
2436,ישתה,14,2.9678371250985746e-05
2437,נשך,14,2.9678371250985746e-05
2438,תאות,14,2.9678371250985746e-05
2439,השביע,14,2.9678371250985746e-05
2440,אתות,14,2.9678371250985746e-05
2441,קצר,14,2.9678371250985746e-05
2442,עמרם,14,2.9678371250985746e-05
2443,מחלי,14,2.9678371250985746e-05
2444,נהפך,14,2.9678371250985746e-05
2445,משהס,14,2.9678371250985746e-05
2446,אבדה,14,2.9678371250985746e-05
2447,יכס,14,2.9678371250985746e-05
2448,מכון,14,2.9678371250985746e-05
2449,הכינו,14,2.9678371250985746e-05
2450,יניח,14,2.9678371250985746e-05
2451,העלית,14,2.9678371250985746e-05
2452,הודעת,14,2.9678371250985746e-05
2453,בכורי,14,2.9678371250985746e-05
2454,ילין,14,2.9678371250985746e-05
2455,קמת,14,2.9678371250985746e-05
2456,מקשה,14,2.9678371250985746e-05
2457,נרתי,14,2.9678371250985746e-05
2458,רקם,14,2.9678371250985746e-05
2459,סמך,14,2.9678371250985746e-05
2460,מחצית,14,2.9678371250985746e-05
2461,יסיר,14,2.9678371250985746e-05
2462,כליות,14,2.9678371250985746e-05
2463,הזה,14,2.9678371250985746e-05
2464,תשבע,14,2.9678371250985746e-05
2465,ערפ,14,2.9678371250985746e-05
2466,כחש,14,2.9678371250985746e-05
2467,נדת,14,2.9678371250985746e-05
2468,מטהר,14,2.9678371250985746e-05
2469,אכלי,14,2.9678371250985746e-05
2470,מועדי,14,2.9678371250985746e-05
2471,נתנאל,14,2.9678371250985746e-05
2472,קערת,14,2.9678371250985746e-05
2473,מזרק,14,2.9678371250985746e-05
2474,ארנון,14,2.9678371250985746e-05
2475,מלחמת,14,2.9678371250985746e-05
2476,קסם,14,2.9678371250985746e-05
2477,פעור,14,2.9678371250985746e-05
2478,ימיני,14,2.9678371250985746e-05
2479,חפר,14,2.9678371250985746e-05
2480,נבו,14,2.9678371250985746e-05
2481,שנאה,14,2.9678371250985746e-05
2482,הצילו,14,2.9678371250985746e-05
2483,נבא,14,2.9678371250985746e-05
2484,השמד,14,2.9678371250985746e-05
2485,תאבד,14,2.9678371250985746e-05
2486,הפיל,14,2.9678371250985746e-05
2487,אפסי,14,2.9678371250985746e-05
2488,ירמות,14,2.9678371250985746e-05
2489,קעילה,14,2.9678371250985746e-05
2490,שמיר,14,2.9678371250985746e-05
2491,חדה,14,2.9678371250985746e-05
2492,אספו,14,2.9678371250985746e-05
2493,ענתות,14,2.9678371250985746e-05
2494,יזעק,14,2.9678371250985746e-05
2495,זכרו,14,2.9678371250985746e-05
2496,אבקש,14,2.9678371250985746e-05
2497,דרוש,14,2.9678371250985746e-05
2498,לשכת,14,2.9678371250985746e-05
2499,מטרה,14,2.9678371250985746e-05
2500,אביגיל,14,2.9678371250985746e-05
2501,סופר,14,2.9678371250985746e-05
2502,ירושלםפ,14,2.9678371250985746e-05
2503,מרחק,14,2.9678371250985746e-05
2504,חושי,14,2.9678371250985746e-05
2505,חפצ,14,2.9678371250985746e-05
2506,פנימית,14,2.9678371250985746e-05
2507,מכנות,14,2.9678371250985746e-05
2508,אענה,14,2.9678371250985746e-05
2509,אשרים,14,2.9678371250985746e-05
2510,עובר,14,2.9678371250985746e-05
2511,תנתן,14,2.9678371250985746e-05
2512,נבוכדנאצר,14,2.9678371250985746e-05
2513,נבוזראדן,14,2.9678371250985746e-05
2514,פשחור,14,2.9678371250985746e-05
2515,ידותון,14,2.9678371250985746e-05
2516,עתים,14,2.9678371250985746e-05
2517,יחיאל,14,2.9678371250985746e-05
2518,שלחנות,14,2.9678371250985746e-05
2519,הקשיבו,14,2.9678371250985746e-05
2520,החזיקו,14,2.9678371250985746e-05
2521,אביונים,14,2.9678371250985746e-05
2522,תנים,14,2.9678371250985746e-05
2523,עניים,14,2.9678371250985746e-05
2524,א‍להים,14,2.9678371250985746e-05
2525,תשועת,14,2.9678371250985746e-05
2526,חללו,14,2.9678371250985746e-05
2527,עצל,14,2.9678371250985746e-05
2528,תזנותי,14,2.9678371250985746e-05
2529,נגו,14,2.9678371250985746e-05
2530,אנתה,14,2.9678371250985746e-05
2531,אתת,13,2.755848759020105e-05
2532,תאוה,13,2.755848759020105e-05
2533,אירא,13,2.755848759020105e-05
2534,טהרה,13,2.755848759020105e-05
2535,שמלה,13,2.755848759020105e-05
2536,יון,13,2.755848759020105e-05
2537,נבנה,13,2.755848759020105e-05
2538,בנת,13,2.755848759020105e-05
2539,תרח,13,2.755848759020105e-05
2540,שדים,13,2.755848759020105e-05
2541,אליעזר,13,2.755848759020105e-05
2542,שיבה,13,2.755848759020105e-05
2543,הגר,13,2.755848759020105e-05
2544,שובי,13,2.755848759020105e-05
2545,הרביתי,13,2.755848759020105e-05
2546,ימהר,13,2.755848759020105e-05
2547,רך,13,2.755848759020105e-05
2548,משיב,13,2.755848759020105e-05
2549,יערך,13,2.755848759020105e-05
2550,קרני,13,2.755848759020105e-05
2551,כוכבי,13,2.755848759020105e-05
2552,ירכ,13,2.755848759020105e-05
2553,כד,13,2.755848759020105e-05
2554,ראינו,13,2.755848759020105e-05
2555,ערת,13,2.755848759020105e-05
2556,מצב,13,2.755848759020105e-05
2557,עזי,13,2.755848759020105e-05
2558,היטב,13,2.755848759020105e-05
2559,נאות,13,2.755848759020105e-05
2560,פרה,13,2.755848759020105e-05
2561,אילון,13,2.755848759020105e-05
2562,בדד,13,2.755848759020105e-05
2563,חלמתי,13,2.755848759020105e-05
2564,תמנת,13,2.755848759020105e-05
2565,ראתה,13,2.755848759020105e-05
2566,הורד,13,2.755848759020105e-05
2567,סל,13,2.755848759020105e-05
2568,שבלים,13,2.755848759020105e-05
2569,מזכיר,13,2.755848759020105e-05
2570,יגון,13,2.755848759020105e-05
2571,גשן,13,2.755848759020105e-05
2572,תשם,13,2.755848759020105e-05
2573,קברו,13,2.755848759020105e-05
2574,תפתח,13,2.755848759020105e-05
2575,לחץ,13,2.755848759020105e-05
2576,שבה,13,2.755848759020105e-05
2577,שטרי,13,2.755848759020105e-05
2578,יצעקו,13,2.755848759020105e-05
2579,יארי,13,2.755848759020105e-05
2580,השכם,13,2.755848759020105e-05
2581,התיצב,13,2.755848759020105e-05
2582,יכבד,13,2.755848759020105e-05
2583,שחין,13,2.755848759020105e-05
2584,יתקע,13,2.755848759020105e-05
2585,פרסה,13,2.755848759020105e-05
2586,פלא,13,2.755848759020105e-05
2587,עמר,13,2.755848759020105e-05
2588,תתנ,13,2.755848759020105e-05
2589,תשבר,13,2.755848759020105e-05
2590,עבדתם,13,2.755848759020105e-05
2591,צרעה,13,2.755848759020105e-05
2592,אצוה,13,2.755848759020105e-05
2593,ללאת,13,2.755848759020105e-05
2594,קרשי,13,2.755848759020105e-05
2595,תימנ,13,2.755848759020105e-05
2596,כליל,13,2.755848759020105e-05
2597,תקריב,13,2.755848759020105e-05
2598,נכרת,13,2.755848759020105e-05
2599,נדיב,13,2.755848759020105e-05
2600,תחטא,13,2.755848759020105e-05
2601,נסלח,13,2.755848759020105e-05
2602,ראשונה,13,2.755848759020105e-05
2603,גזל,13,2.755848759020105e-05
2604,משח,13,2.755848759020105e-05
2605,חל,13,2.755848759020105e-05
2606,פנימה,13,2.755848759020105e-05
2607,טהרת,13,2.755848759020105e-05
2608,פשתים,13,2.755848759020105e-05
2609,עונת,13,2.755848759020105e-05
2610,יקלל,13,2.755848759020105e-05
2611,עולםס,13,2.755848759020105e-05
2612,שמעים,13,2.755848759020105e-05
2613,פדה,13,2.755848759020105e-05
2614,מאותפ,13,2.755848759020105e-05
2615,מאותס,13,2.755848759020105e-05
2616,גרשני,13,2.755848759020105e-05
2617,כלא,13,2.755848759020105e-05
2618,גדלת,13,2.755848759020105e-05
2619,תשאו,13,2.755848759020105e-05
2620,הקדיש,13,2.755848759020105e-05
2621,מסלה,13,2.755848759020105e-05
2622,סופה,13,2.755848759020105e-05
2623,חצות,13,2.755848759020105e-05
2624,הגדתי,13,2.755848759020105e-05
2625,הררי,13,2.755848759020105e-05
2626,תמו,13,2.755848759020105e-05
2627,מישר,13,2.755848759020105e-05
2628,בקעת,13,2.755848759020105e-05
2629,סרה,13,2.755848759020105e-05
2630,חפצתי,13,2.755848759020105e-05
2631,האזינו,13,2.755848759020105e-05
2632,מדון,13,2.755848759020105e-05
2633,הנם,13,2.755848759020105e-05
2634,דגון,13,2.755848759020105e-05
2635,תראינה,13,2.755848759020105e-05
2636,הטו,13,2.755848759020105e-05
2637,מקרה,13,2.755848759020105e-05
2638,נלחמו,13,2.755848759020105e-05
2639,ירבעל,13,2.755848759020105e-05
2640,להן,13,2.755848759020105e-05
2641,קטר,13,2.755848759020105e-05
2642,אבינדב,13,2.755848759020105e-05
2643,נמצאים,13,2.755848759020105e-05
2644,עברה,13,2.755848759020105e-05
2645,ה‍,13,2.755848759020105e-05
2646,יצרו,13,2.755848759020105e-05
2647,מגנ,13,2.755848759020105e-05
2648,מושל,13,2.755848759020105e-05
2649,קוה,13,2.755848759020105e-05
2650,אופן,13,2.755848759020105e-05
2651,גו,13,2.755848759020105e-05
2652,כלבים,13,2.755848759020105e-05
2653,אוצרות,13,2.755848759020105e-05
2654,רמליהו,13,2.755848759020105e-05
2655,הגלה,13,2.755848759020105e-05
2656,חזקיה,13,2.755848759020105e-05
2657,אמוץ,13,2.755848759020105e-05
2658,נטיתי,13,2.755848759020105e-05
2659,מתניה,13,2.755848759020105e-05
2660,אמריה,13,2.755848759020105e-05
2661,עלא,13,2.755848759020105e-05
2662,חורם,13,2.755848759020105e-05
2663,מצלתים,13,2.755848759020105e-05
2664,חיצונה,13,2.755848759020105e-05
2665,כען,13,2.755848759020105e-05
2666,נעור,13,2.755848759020105e-05
2667,מדד,13,2.755848759020105e-05
2668,מבטח,13,2.755848759020105e-05
2669,קלון,13,2.755848759020105e-05
2670,נ,13,2.755848759020105e-05
2671,שגיא,13,2.755848759020105e-05
2672,פתחי,13,2.755848759020105e-05
2673,בוטח,13,2.755848759020105e-05
2674,צלמ,12,2.5438603929416353e-05
2675,צלם,12,2.5438603929416353e-05
2676,שהם,12,2.5438603929416353e-05
2677,קדמת,12,2.5438603929416353e-05
2678,השכיל,12,2.5438603929416353e-05
2679,אשית,12,2.5438603929416353e-05
2680,אלהיםפ,12,2.5438603929416353e-05
2681,מבול,12,2.5438603929416353e-05
2682,קלל,12,2.5438603929416353e-05
2683,דרת,12,2.5438603929416353e-05
2684,לבנים,12,2.5438603929416353e-05
2685,שנתים,12,2.5438603929416353e-05
2686,יחיו,12,2.5438603929416353e-05
2687,תחלה,12,2.5438603929416353e-05
2688,מנות,12,2.5438603929416353e-05
2689,יערכו,12,2.5438603929416353e-05
2690,תנור,12,2.5438603929416353e-05
2691,עצר,12,2.5438603929416353e-05
2692,הלם,12,2.5438603929416353e-05
2693,רץ,12,2.5438603929416353e-05
2694,בעלת,12,2.5438603929416353e-05
2695,נולד,12,2.5438603929416353e-05
2696,אשימ,12,2.5438603929416353e-05
2697,שאי,12,2.5438603929416353e-05
2698,חזו,12,2.5438603929416353e-05
2699,תושב,12,2.5438603929416353e-05
2700,מבחר,12,2.5438603929416353e-05
2701,נוכל,12,2.5438603929416353e-05
2702,תלכנה,12,2.5438603929416353e-05
2703,עיפה,12,2.5438603929416353e-05
2704,ישכנו,12,2.5438603929416353e-05
2705,צעיר,12,2.5438603929416353e-05
2706,טובת,12,2.5438603929416353e-05
2707,יחפרו,12,2.5438603929416353e-05
2708,מרע,12,2.5438603929416353e-05
2709,עשינו,12,2.5438603929416353e-05
2710,צוארי,12,2.5438603929416353e-05
2711,יפרץ,12,2.5438603929416353e-05
2712,שפחות,12,2.5438603929416353e-05
2713,שלשום,12,2.5438603929416353e-05
2714,שלשם,12,2.5438603929416353e-05
2715,נכריות,12,2.5438603929416353e-05
2716,תקע,12,2.5438603929416353e-05
2717,נכבד,12,2.5438603929416353e-05
2718,מצבת,12,2.5438603929416353e-05
2719,דתן,12,2.5438603929416353e-05
2720,חלמות,12,2.5438603929416353e-05
2721,מדינים,12,2.5438603929416353e-05
2722,הפקיד,12,2.5438603929416353e-05
2723,אסור,12,2.5438603929416353e-05
2724,נמות,12,2.5438603929416353e-05
2725,מרגלים,12,2.5438603929416353e-05
2726,ידות,12,2.5438603929416353e-05
2727,בכה,12,2.5438603929416353e-05
2728,מגור,12,2.5438603929416353e-05
2729,קצ,12,2.5438603929416353e-05
2730,לביא,12,2.5438603929416353e-05
2731,סבל,12,2.5438603929416353e-05
2732,ידין,12,2.5438603929416353e-05
2733,נזיר,12,2.5438603929416353e-05
2734,יספדו,12,2.5438603929416353e-05
2735,יושע,12,2.5438603929416353e-05
2736,חתנ,12,2.5438603929416353e-05
2737,תעבדו,12,2.5438603929416353e-05
2738,מבקשים,12,2.5438603929416353e-05
2739,ינתן,12,2.5438603929416353e-05
2740,תכן,12,2.5438603929416353e-05
2741,זכרי,12,2.5438603929416353e-05
2742,עמינדב,12,2.5438603929416353e-05
2743,אביהוא,12,2.5438603929416353e-05
2744,השתחוו,12,2.5438603929416353e-05
2745,מזוזת,12,2.5438603929416353e-05
2746,פטר,12,2.5438603929416353e-05
2747,חנים,12,2.5438603929416353e-05
2748,אשירה,12,2.5438603929416353e-05
2749,גאלת,12,2.5438603929416353e-05
2750,גלגלת,12,2.5438603929416353e-05
2751,קדשת,12,2.5438603929416353e-05
2752,קנא,12,2.5438603929416353e-05
2753,ינקה,12,2.5438603929416353e-05
2754,חפשי,12,2.5438603929416353e-05
2755,תזרע,12,2.5438603929416353e-05
2756,הרס,12,2.5438603929416353e-05
2757,שכנתי,12,2.5438603929416353e-05
2758,צפית,12,2.5438603929416353e-05
2759,ווי,12,2.5438603929416353e-05
2760,מלאתי,12,2.5438603929416353e-05
2761,מצנפת,12,2.5438603929416353e-05
2762,חותם,12,2.5438603929416353e-05
2763,ציץ,12,2.5438603929416353e-05
2764,מצח,12,2.5438603929416353e-05
2765,יתרת,12,2.5438603929416353e-05
2766,אליה,12,2.5438603929416353e-05
2767,זרה,12,2.5438603929416353e-05
2768,כתבים,12,2.5438603929416353e-05
2769,סלחת,12,2.5438603929416353e-05
2770,מזבחת,12,2.5438603929416353e-05
2771,מערכה,12,2.5438603929416353e-05
2772,ערך,12,2.5438603929416353e-05
2773,השליך,12,2.5438603929416353e-05
2774,עמית,12,2.5438603929416353e-05
2775,שטף,12,2.5438603929416353e-05
2776,חזות,12,2.5438603929416353e-05
2777,דד,12,2.5438603929416353e-05
2778,בהרת,12,2.5438603929416353e-05
2779,עשרון,12,2.5438603929416353e-05
2780,זוב,12,2.5438603929416353e-05
2781,מחתה,12,2.5438603929416353e-05
2782,שרפו,12,2.5438603929416353e-05
2783,ירצו,12,2.5438603929416353e-05
2784,הקרבתם,12,2.5438603929416353e-05
2785,ריק,12,2.5438603929416353e-05
2786,שברתי,12,2.5438603929416353e-05
2787,פגרי,12,2.5438603929416353e-05
2788,מאסו,12,2.5438603929416353e-05
2789,תפקד,12,2.5438603929416353e-05
2790,קהתי,12,2.5438603929416353e-05
2791,מנוחה,12,2.5438603929416353e-05
2792,מיכאל,12,2.5438603929416353e-05
2793,מדות,12,2.5438603929416353e-05
2794,תרימו,12,2.5438603929416353e-05
2795,משלים,12,2.5438603929416353e-05
2796,זעמ,12,2.5438603929416353e-05
2797,עולת,12,2.5438603929416353e-05
2798,שנאת,12,2.5438603929416353e-05
2799,אמץ,12,2.5438603929416353e-05
2800,למענ,12,2.5438603929416353e-05
2801,קרבים,12,2.5438603929416353e-05
2802,ילמדו,12,2.5438603929416353e-05
2803,השמיע,12,2.5438603929416353e-05
2804,זיתים,12,2.5438603929416353e-05
2805,פסילי,12,2.5438603929416353e-05
2806,תשתה,12,2.5438603929416353e-05
2807,בערת,12,2.5438603929416353e-05
2808,יתד,12,2.5438603929416353e-05
2809,שלמות,12,2.5438603929416353e-05
2810,עשתרות,12,2.5438603929416353e-05
2811,מכת,12,2.5438603929416353e-05
2812,משפחה,12,2.5438603929416353e-05
2813,עקש,12,2.5438603929416353e-05
2814,יבינו,12,2.5438603929416353e-05
2815,גלת,12,2.5438603929416353e-05
2816,צקלג,12,2.5438603929416353e-05
2817,יתהלכו,12,2.5438603929416353e-05
2818,אשקלון,12,2.5438603929416353e-05
2819,נמלט,12,2.5438603929416353e-05
2820,יעף,12,2.5438603929416353e-05
2821,אתנות,12,2.5438603929416353e-05
2822,עורי,12,2.5438603929416353e-05
2823,העליתי,12,2.5438603929416353e-05
2824,ירדת,12,2.5438603929416353e-05
2825,צלמנע,12,2.5438603929416353e-05
2826,שמחו,12,2.5438603929416353e-05
2827,פתי,12,2.5438603929416353e-05
2828,צמד,12,2.5438603929416353e-05
2829,רות,12,2.5438603929416353e-05
2830,מע,12,2.5438603929416353e-05
2831,תחלת,12,2.5438603929416353e-05
2832,תגל,12,2.5438603929416353e-05
2833,חץ,12,2.5438603929416353e-05
2834,תכון,12,2.5438603929416353e-05
2835,אחיטוב,12,2.5438603929416353e-05
2836,נשף,12,2.5438603929416353e-05
2837,עצבי,12,2.5438603929416353e-05
2838,עשהאל,12,2.5438603929416353e-05
2839,עזא,12,2.5438603929416353e-05
2840,ברושים,12,2.5438603929416353e-05
2841,ברזלי,12,2.5438603929416353e-05
2842,טיט,12,2.5438603929416353e-05
2843,הבין,12,2.5438603929416353e-05
2844,שבכה,12,2.5438603929416353e-05
2845,חתית,12,2.5438603929416353e-05
2846,מקטרים,12,2.5438603929416353e-05
2847,ככרים,12,2.5438603929416353e-05
2848,מביאים,12,2.5438603929416353e-05
2849,סערה,12,2.5438603929416353e-05
2850,מבצרי,12,2.5438603929416353e-05
2851,רצין,12,2.5438603929416353e-05
2852,סנחריב,12,2.5438603929416353e-05
2853,אליקים,12,2.5438603929416353e-05
2854,חתו,12,2.5438603929416353e-05
2855,חמשהס,12,2.5438603929416353e-05
2856,יעיאל,12,2.5438603929416353e-05
2857,חשביה,12,2.5438603929416353e-05
2858,עצמותי,12,2.5438603929416353e-05
2859,הדות,12,2.5438603929416353e-05
2860,ירננו,12,2.5438603929416353e-05
2861,חדרי,12,2.5438603929416353e-05
2862,ארמנותי,12,2.5438603929416353e-05
2863,הות,12,2.5438603929416353e-05
2864,שחק,12,2.5438603929416353e-05
2865,האח,12,2.5438603929416353e-05
2866,זדים,12,2.5438603929416353e-05
2867,יולדה,12,2.5438603929416353e-05
2868,סביבי,12,2.5438603929416353e-05
2869,מאס,12,2.5438603929416353e-05
2870,לץ,12,2.5438603929416353e-05
2871,מאהבי,12,2.5438603929416353e-05
2872,חכימי,12,2.5438603929416353e-05
2873,עצב,11,2.3318720268631656e-05
2874,למך,11,2.3318720268631656e-05
2875,נחמתי,11,2.3318720268631656e-05
2876,התהלך,11,2.3318720268631656e-05
2877,הוצא,11,2.3318720268631656e-05
2878,אדרש,11,2.3318720268631656e-05
2879,פלג,11,2.3318720268631656e-05
2880,שפה,11,2.3318720268631656e-05
2881,אהלים,11,2.3318720268631656e-05
2882,משקה,11,2.3318720268631656e-05
2883,עמלקי,11,2.3318720268631656e-05
2884,פליט,11,2.3318720268631656e-05
2885,שמימ,11,2.3318720268631656e-05
2886,קיני,11,2.3318720268631656e-05
2887,שפחה,11,2.3318720268631656e-05
2888,גברת,11,2.3318720268631656e-05
2889,גויי,11,2.3318720268631656e-05
2890,יצוה,11,2.3318720268631656e-05
2891,סורו,11,2.3318720268631656e-05
2892,ישכבו,11,2.3318720268631656e-05
2893,תחי,11,2.3318720268631656e-05
2894,נחיה,11,2.3318720268631656e-05
2895,נבוא,11,2.3318720268631656e-05
2896,ילדתי,11,2.3318720268631656e-05
2897,השבע,11,2.3318720268631656e-05
2898,הצליח,11,2.3318720268631656e-05
2899,יברכו,11,2.3318720268631656e-05
2900,אדרת,11,2.3318720268631656e-05
2901,תירש,11,2.3318720268631656e-05
2902,אפוא,11,2.3318720268631656e-05
2903,צעקה,11,2.3318720268631656e-05
2904,תחיה,11,2.3318720268631656e-05
2905,עדרים,11,2.3318720268631656e-05
2906,בלהה,11,2.3318720268631656e-05
2907,מקל,11,2.3318720268631656e-05
2908,מקלות,11,2.3318720268631656e-05
2909,יצל,11,2.3318720268631656e-05
2910,תענה,11,2.3318720268631656e-05
2911,תלדות,11,2.3318720268631656e-05
2912,רעואל,11,2.3318720268631656e-05
2913,שלחה,11,2.3318720268631656e-05
2914,יקצף,11,2.3318720268631656e-05
2915,סריסי,11,2.3318720268631656e-05
2916,ירכב,11,2.3318720268631656e-05
2917,שברו,11,2.3318720268631656e-05
2918,שליט,11,2.3318720268631656e-05
2919,הניחו,11,2.3318720268631656e-05
2920,צרור,11,2.3318720268631656e-05
2921,נדע,11,2.3318720268631656e-05
2922,הכן,11,2.3318720268631656e-05
2923,נשב,11,2.3318720268631656e-05
2924,מרעה,11,2.3318720268631656e-05
2925,ישמ,11,2.3318720268631656e-05
2926,קדקד,11,2.3318720268631656e-05
2927,שועת,11,2.3318720268631656e-05
2928,יתרו,11,2.3318720268631656e-05
2929,אסרה,11,2.3318720268631656e-05
2930,יסתר,11,2.3318720268631656e-05
2931,העלת,11,2.3318720268631656e-05
2932,הצלתי,11,2.3318720268631656e-05
2933,צפרדעים,11,2.3318720268631656e-05
2934,עםס,11,2.3318720268631656e-05
2935,תפדה,11,2.3318720268631656e-05
2936,מחלה,11,2.3318720268631656e-05
2937,שבתון,11,2.3318720268631656e-05
2938,נכריה,11,2.3318720268631656e-05
2939,שפר,11,2.3318720268631656e-05
2940,גזית,11,2.3318720268631656e-05
2941,משענת,11,2.3318720268631656e-05
2942,תשת,11,2.3318720268631656e-05
2943,קלעים,11,2.3318720268631656e-05
2944,שולי,11,2.3318720268631656e-05
2945,מנה,11,2.3318720268631656e-05
2946,תזכר,11,2.3318720268631656e-05
2947,מחתת,11,2.3318720268631656e-05
2948,אשמת,11,2.3318720268631656e-05
2949,ימשח,11,2.3318720268631656e-05
2950,טמאים,11,2.3318720268631656e-05
2951,זקנ,11,2.3318720268631656e-05
2952,נתץ,11,2.3318720268631656e-05
2953,צרר,11,2.3318720268631656e-05
2954,אפקד,11,2.3318720268631656e-05
2955,מאזני,11,2.3318720268631656e-05
2956,הבאתם,11,2.3318720268631656e-05
2957,מערכת,11,2.3318720268631656e-05
2958,יוציאו,11,2.3318720268631656e-05
2959,נשמו,11,2.3318720268631656e-05
2960,במתי,11,2.3318720268631656e-05
2961,כשלו,11,2.3318720268631656e-05
2962,דגל,11,2.3318720268631656e-05
2963,ישרתו,11,2.3318720268631656e-05
2964,מחני,11,2.3318720268631656e-05
2965,עגלת,11,2.3318720268631656e-05
2966,חנכת,11,2.3318720268631656e-05
2967,תבער,11,2.3318720268631656e-05
2968,יטש,11,2.3318720268631656e-05
2969,מחנים,11,2.3318720268631656e-05
2970,ישיבו,11,2.3318720268631656e-05
2971,תצלח,11,2.3318720268631656e-05
2972,אבירם,11,2.3318720268631656e-05
2973,ינחלו,11,2.3318720268631656e-05
2974,נטע,11,2.3318720268631656e-05
2975,צלפחד,11,2.3318720268631656e-05
2976,בזזו,11,2.3318720268631656e-05
2977,ערער,11,2.3318720268631656e-05
2978,נסב,11,2.3318720268631656e-05
2979,שטרים,11,2.3318720268631656e-05
2980,דלתים,11,2.3318720268631656e-05
2981,עמדת,11,2.3318720268631656e-05
2982,נחלי,11,2.3318720268631656e-05
2983,מקמות,11,2.3318720268631656e-05
2984,תל,11,2.3318720268631656e-05
2985,יחדל,11,2.3318720268631656e-05
2986,דברס,11,2.3318720268631656e-05
2987,אמןס,11,2.3318720268631656e-05
2988,דרכים,11,2.3318720268631656e-05
2989,ברכים,11,2.3318720268631656e-05
2990,שלמתי,11,2.3318720268631656e-05
2991,רחוקה,11,2.3318720268631656e-05
2992,מענה,11,2.3318720268631656e-05
2993,דלתי,11,2.3318720268631656e-05
2994,מלים,11,2.3318720268631656e-05
2995,תקוע,11,2.3318720268631656e-05
2996,סבבו,11,2.3318720268631656e-05
2997,אוסיף,11,2.3318720268631656e-05
2998,עגלון,11,2.3318720268631656e-05
2999,נלחמים,11,2.3318720268631656e-05
3000,מגדו,11,2.3318720268631656e-05
3001,לבוא,11,2.3318720268631656e-05
3002,הסירו,11,2.3318720268631656e-05
3003,צעד,11,2.3318720268631656e-05
3004,עבים,11,2.3318720268631656e-05
3005,רכבי,11,2.3318720268631656e-05
3006,זעקו,11,2.3318720268631656e-05
3007,ילק,11,2.3318720268631656e-05
3008,ימליכו,11,2.3318720268631656e-05
3009,זבל,11,2.3318720268631656e-05
3010,רכבים,11,2.3318720268631656e-05
3011,ישחק,11,2.3318720268631656e-05
3012,יעמידו,11,2.3318720268631656e-05
3013,בטחו,11,2.3318720268631656e-05
3014,לבונה,11,2.3318720268631656e-05
3015,זולת,11,2.3318720268631656e-05
3016,נגלה,11,2.3318720268631656e-05
3017,צובה,11,2.3318720268631656e-05
3018,ימאס,11,2.3318720268631656e-05
3019,שומר,11,2.3318720268631656e-05
3020,מכשול,11,2.3318720268631656e-05
3021,תציל,11,2.3318720268631656e-05
3022,רצפה,11,2.3318720268631656e-05
3023,עורים,11,2.3318720268631656e-05
3024,ישבתי,11,2.3318720268631656e-05
3025,נטעתי,11,2.3318720268631656e-05
3026,קדרון,11,2.3318720268631656e-05
3027,בניה,11,2.3318720268631656e-05
3028,אילות,11,2.3318720268631656e-05
3029,נפצתי,11,2.3318720268631656e-05
3030,אופיר,11,2.3318720268631656e-05
3031,חנני,11,2.3318720268631656e-05
3032,נלכדה,11,2.3318720268631656e-05
3033,מישור,11,2.3318720268631656e-05
3034,חמשי,11,2.3318720268631656e-05
3035,יוזבד,11,2.3318720268631656e-05
3036,יואח,11,2.3318720268631656e-05
3037,עבדיה,11,2.3318720268631656e-05
3038,גוג,11,2.3318720268631656e-05
3039,ארבעהס,11,2.3318720268631656e-05
3040,ידעיה,11,2.3318720268631656e-05
3041,כון,11,2.3318720268631656e-05
3042,תעו,11,2.3318720268631656e-05
3043,שלשהס,11,2.3318720268631656e-05
3044,יצלח,11,2.3318720268631656e-05
3045,ילבשו,11,2.3318720268631656e-05
3046,בנין,11,2.3318720268631656e-05
3047,אחשדרפני,11,2.3318720268631656e-05
3048,בשו,11,2.3318720268631656e-05
3049,חנף,11,2.3318720268631656e-05
3050,בטחתי,11,2.3318720268631656e-05
3051,דמעה,11,2.3318720268631656e-05
3052,קבצתי,11,2.3318720268631656e-05
3053,האיר,10,2.119883660784696e-05
3054,רדו,10,2.119883660784696e-05
3055,סבב,10,2.119883660784696e-05
3056,דבק,10,2.119883660784696e-05
3057,עירם,10,2.119883660784696e-05
3058,יגרש,10,2.119883660784696e-05
3059,ימתס,10,2.119883660784696e-05
3060,יצאי,10,2.119883660784696e-05
3061,ארץפ,10,2.119883660784696e-05
3062,יינ,10,2.119883660784696e-05
3063,גרר,10,2.119883660784696e-05
3064,בקעה,10,2.119883660784696e-05
3065,שרפה,10,2.119883660784696e-05
3066,עקרה,10,2.119883660784696e-05
3067,חרן,10,2.119883660784696e-05
3068,אברכ,10,2.119883660784696e-05
3069,מסעי,10,2.119883660784696e-05
3070,ממרא,10,2.119883660784696e-05
3071,פארן,10,2.119883660784696e-05
3072,ערל,10,2.119883660784696e-05
3073,זעקת,10,2.119883660784696e-05
3074,יגר,10,2.119883660784696e-05
3075,חלם,10,2.119883660784696e-05
3076,הוכח,10,2.119883660784696e-05
3077,העל,10,2.119883660784696e-05
3078,ירש,10,2.119883660784696e-05
3079,בתואל,10,2.119883660784696e-05
3080,תחש,10,2.119883660784696e-05
3081,עפרון,10,2.119883660784696e-05
3082,נהרים,10,2.119883660784696e-05
3083,נזם,10,2.119883660784696e-05
3084,תגד,10,2.119883660784696e-05
3085,יעתר,10,2.119883660784696e-05
3086,עיף,10,2.119883660784696e-05
3087,ישכימו,10,2.119883660784696e-05
3088,יירא,10,2.119883660784696e-05
3089,ידענו,10,2.119883660784696e-05
3090,רחמ,10,2.119883660784696e-05
3091,אודה,10,2.119883660784696e-05
3092,זבד,10,2.119883660784696e-05
3093,הסר,10,2.119883660784696e-05
3094,לולי,10,2.119883660784696e-05
3095,מחנות,10,2.119883660784696e-05
3096,יבזו,10,2.119883660784696e-05
3097,חלצי,10,2.119883660784696e-05
3098,יסך,10,2.119883660784696e-05
3099,אומר,10,2.119883660784696e-05
3100,קנז,10,2.119883660784696e-05
3101,תמנע,10,2.119883660784696e-05
3102,מלכו,10,2.119883660784696e-05
3103,בצרה,10,2.119883660784696e-05
3104,ארחת,10,2.119883660784696e-05
3105,נחמ,10,2.119883660784696e-05
3106,ימאן,10,2.119883660784696e-05
3107,ארד,10,2.119883660784696e-05
3108,אסורים,10,2.119883660784696e-05
3109,ספרו,10,2.119883660784696e-05
3110,ישית,10,2.119883660784696e-05
3111,נתון,10,2.119883660784696e-05
3112,בלעדי,10,2.119883660784696e-05
3113,ירים,10,2.119883660784696e-05
3114,פרע,10,2.119883660784696e-05
3115,בינת,10,2.119883660784696e-05
3116,נשברה,10,2.119883660784696e-05
3117,בריעה,10,2.119883660784696e-05
3118,יתחזק,10,2.119883660784696e-05
3119,אביר,10,2.119883660784696e-05
3120,זאב,10,2.119883660784696e-05
3121,הרגת,10,2.119883660784696e-05
3122,אלהיםס,10,2.119883660784696e-05
3123,רחבה,10,2.119883660784696e-05
3124,יאמינו,10,2.119883660784696e-05
3125,שפכת,10,2.119883660784696e-05
3126,מפתים,10,2.119883660784696e-05
3127,תכבד,10,2.119883660784696e-05
3128,מכים,10,2.119883660784696e-05
3129,נחשון,10,2.119883660784696e-05
3130,ישליכו,10,2.119883660784696e-05
3131,יבלע,10,2.119883660784696e-05
3132,מחזיק,10,2.119883660784696e-05
3133,חפני,10,2.119883660784696e-05
3134,יזרק,10,2.119883660784696e-05
3135,אפלה,10,2.119883660784696e-05
3136,נהיתה,10,2.119883660784696e-05
3137,חדשי,10,2.119883660784696e-05
3138,הכת,10,2.119883660784696e-05
3139,תוציא,10,2.119883660784696e-05
3140,שירה,10,2.119883660784696e-05
3141,תבלע,10,2.119883660784696e-05
3142,ירגזו,10,2.119883660784696e-05
3143,נשתה,10,2.119883660784696e-05
3144,הקל,10,2.119883660784696e-05
3145,נקה,10,2.119883660784696e-05
3146,ינוח,10,2.119883660784696e-05
3147,הסרתי,10,2.119883660784696e-05
3148,מנורה,10,2.119883660784696e-05
3149,כפתר,10,2.119883660784696e-05
3150,קרנתי,10,2.119883660784696e-05
3151,חלת,10,2.119883660784696e-05
3152,רבעית,10,2.119883660784696e-05
3153,דרור,10,2.119883660784696e-05
3154,יקהל,10,2.119883660784696e-05
3155,נחלו,10,2.119883660784696e-05
3156,כתבת,10,2.119883660784696e-05
3157,הביטו,10,2.119883660784696e-05
3158,מכס,10,2.119883660784696e-05
3159,חשק,10,2.119883660784696e-05
3160,תקריבו,10,2.119883660784696e-05
3161,מקריב,10,2.119883660784696e-05
3162,תעשינה,10,2.119883660784696e-05
3163,מעין,10,2.119883660784696e-05
3164,כהה,10,2.119883660784696e-05
3165,הראות,10,2.119883660784696e-05
3166,גורלות,10,2.119883660784696e-05
3167,ישבתם,10,2.119883660784696e-05
3168,יומתו,10,2.119883660784696e-05
3169,קרחה,10,2.119883660784696e-05
3170,האבדתי,10,2.119883660784696e-05
3171,מחריד,10,2.119883660784696e-05
3172,אשבר,10,2.119883660784696e-05
3173,יטמאו,10,2.119883660784696e-05
3174,ישברו,10,2.119883660784696e-05
3175,יתקעו,10,2.119883660784696e-05
3176,נשיאים,10,2.119883660784696e-05
3177,בערה,10,2.119883660784696e-05
3178,התקדשו,10,2.119883660784696e-05
3179,תלמי,10,2.119883660784696e-05
3180,כרתו,10,2.119883660784696e-05
3181,מוצאי,10,2.119883660784696e-05
3182,ערבות,10,2.119883660784696e-05
3183,מל,10,2.119883660784696e-05
3184,ירשה,10,2.119883660784696e-05
3185,האביד,10,2.119883660784696e-05
3186,גלעדי,10,2.119883660784696e-05
3187,בכרי,10,2.119883660784696e-05
3188,חברי,10,2.119883660784696e-05
3189,הרימו,10,2.119883660784696e-05
3190,ברנע,10,2.119883660784696e-05
3191,חלוץ,10,2.119883660784696e-05
3192,צלמי,10,2.119883660784696e-05
3193,דדי,10,2.119883660784696e-05
3194,ענקים,10,2.119883660784696e-05
3195,תצר,10,2.119883660784696e-05
3196,עצמים,10,2.119883660784696e-05
3197,בנית,10,2.119883660784696e-05
3198,המת,10,2.119883660784696e-05
3199,יאבד,10,2.119883660784696e-05
3200,הדיח,10,2.119883660784696e-05
3201,תחוס,10,2.119883660784696e-05
3202,זדון,10,2.119883660784696e-05
3203,שביה,10,2.119883660784696e-05
3204,תחרש,10,2.119883660784696e-05
3205,ישנא,10,2.119883660784696e-05
3206,שלמ,10,2.119883660784696e-05
3207,יחפץ,10,2.119883660784696e-05
3208,ינוסו,10,2.119883660784696e-05
3209,כתובה,10,2.119883660784696e-05
3210,מהפכת,10,2.119883660784696e-05
3211,צרות,10,2.119883660784696e-05
3212,גפנ,10,2.119883660784696e-05
3213,עצור,10,2.119883660784696e-05
3214,תפוח,10,2.119883660784696e-05
3215,שבטים,10,2.119883660784696e-05
3216,תצאתי,10,2.119883660784696e-05
3217,תאנת,10,2.119883660784696e-05
3218,תבור,10,2.119883660784696e-05
3219,אהוד,10,2.119883660784696e-05
3220,להב,10,2.119883660784696e-05
3221,חדלו,10,2.119883660784696e-05
3222,יושבים,10,2.119883660784696e-05
3223,יורד,10,2.119883660784696e-05
3224,ארזי,10,2.119883660784696e-05
3225,געל,10,2.119883660784696e-05
3226,רעית,10,2.119883660784696e-05
3227,כזבים,10,2.119883660784696e-05
3228,שחוק,10,2.119883660784696e-05
3229,מחסור,10,2.119883660784696e-05
3230,יחלו,10,2.119883660784696e-05
3231,גלית,10,2.119883660784696e-05
3232,תאמרי,10,2.119883660784696e-05
3233,קנות,10,2.119883660784696e-05
3234,קים,10,2.119883660784696e-05
3235,נדיבים,10,2.119883660784696e-05
3236,יטו,10,2.119883660784696e-05
3237,הגיע,10,2.119883660784696e-05
3238,יחמל,10,2.119883660784696e-05
3239,אהבו,10,2.119883660784696e-05
3240,גלים,10,2.119883660784696e-05
3241,שפטיה,10,2.119883660784696e-05
3242,מפיבשת,10,2.119883660784696e-05
3243,בכו,10,2.119883660784696e-05
3244,חלקה,10,2.119883660784696e-05
3245,תשבי,10,2.119883660784696e-05
3246,קירות,10,2.119883660784696e-05
3247,צלעות,10,2.119883660784696e-05
3248,התפללו,10,2.119883660784696e-05
3249,מצבות,10,2.119883660784696e-05
3250,עמקים,10,2.119883660784696e-05
3251,יהלך,10,2.119883660784696e-05
3252,עזובה,10,2.119883660784696e-05
3253,גדודי,10,2.119883660784696e-05
3254,עתליהו,10,2.119883660784696e-05
3255,בטחים,10,2.119883660784696e-05
3256,הטה,10,2.119883660784696e-05
3257,נטעו,10,2.119883660784696e-05
3258,דמעת,10,2.119883660784696e-05
3259,תפת,10,2.119883660784696e-05
3260,אליאל,10,2.119883660784696e-05
3261,קורא,10,2.119883660784696e-05
3262,עבודה,10,2.119883660784696e-05
3263,משמרות,10,2.119883660784696e-05
3264,יעמיד,10,2.119883660784696e-05
3265,בחן,10,2.119883660784696e-05
3266,שוערים,10,2.119883660784696e-05
3267,יאשמו,10,2.119883660784696e-05
3268,תסתיר,10,2.119883660784696e-05
3269,שוטף,10,2.119883660784696e-05
3270,שמנהס,10,2.119883660784696e-05
3271,מלכין,10,2.119883660784696e-05
3272,מדינת,10,2.119883660784696e-05
3273,יהב,10,2.119883660784696e-05
3274,רומ,10,2.119883660784696e-05
3275,אקבצ,10,2.119883660784696e-05
3276,זכריםס,10,2.119883660784696e-05
3277,תועבתי,10,2.119883660784696e-05
3278,סנבלט,10,2.119883660784696e-05
3279,ושתי,10,2.119883660784696e-05
3280,גיל,10,2.119883660784696e-05
3281,עריצים,10,2.119883660784696e-05
3282,אענ,10,2.119883660784696e-05
3283,יכסה,10,2.119883660784696e-05
3284,במו,10,2.119883660784696e-05
3285,זמת,10,2.119883660784696e-05
3286,שכחו,10,2.119883660784696e-05
3287,מזמות,10,2.119883660784696e-05
3288,מחסה,10,2.119883660784696e-05
3289,אפתח,10,2.119883660784696e-05
3290,אפיקי,10,2.119883660784696e-05
3291,כלמה,10,2.119883660784696e-05
3292,מחס,10,2.119883660784696e-05
3293,נותן,10,2.119883660784696e-05
3294,עצמו,10,2.119883660784696e-05
3295,סער,10,2.119883660784696e-05
3296,מרעית,10,2.119883660784696e-05
3297,מאנו,10,2.119883660784696e-05
3298,חוטא,10,2.119883660784696e-05
3299,חזית,10,2.119883660784696e-05
3300,יתרון,10,2.119883660784696e-05
3301,בורא,10,2.119883660784696e-05
3302,יקדת,10,2.119883660784696e-05
3303,אלמ,10,2.119883660784696e-05
3304,אלמי,10,2.119883660784696e-05
3305,בלטשאצר,10,2.119883660784696e-05
3306,גוא,10,2.119883660784696e-05
3307,מקוה,9,1.9078952947062267e-05
3308,דגת,9,1.9078952947062267e-05
3309,נאכל,9,1.9078952947062267e-05
3310,תמתו,9,1.9078952947062267e-05
3311,נד,9,1.9078952947062267e-05
3312,יתהלך,9,1.9078952947062267e-05
3313,טבת,9,1.9078952947062267e-05
3314,מורא,9,1.9078952947062267e-05
3315,הננ,9,1.9078952947062267e-05
3316,מקים,9,1.9078952947062267e-05
3317,גמר,9,1.9078952947062267e-05
3318,לשנ,9,1.9078952947062267e-05
3319,סבא,9,1.9078952947062267e-05
3320,נפצו,9,1.9078952947062267e-05
3321,ארפכשד,9,1.9078952947062267e-05
3322,יובב,9,1.9078952947062267e-05
3323,בנותס,9,1.9078952947062267e-05
3324,אעש,9,1.9078952947062267e-05
3325,הגדת,9,1.9078952947062267e-05
3326,צפנ,9,1.9078952947062267e-05
3327,ירדפ,9,1.9078952947062267e-05
3328,תקבר,9,1.9078952947062267e-05
3329,אבנה,9,1.9078952947062267e-05
3330,תלכי,9,1.9078952947062267e-05
3331,ערלת,9,1.9078952947062267e-05
3332,מקנת,9,1.9078952947062267e-05
3333,יפלא,9,1.9078952947062267e-05
3334,אדעה,9,1.9078952947062267e-05
3335,תעשי,9,1.9078952947062267e-05
3336,גרש,9,1.9078952947062267e-05
3337,מערת,9,1.9078952947062267e-05
3338,סחר,9,1.9078952947062267e-05
3339,מלאכ,9,1.9078952947062267e-05
3340,תמהר,9,1.9078952947062267e-05
3341,יקד,9,1.9078952947062267e-05
3342,התהלכתי,9,1.9078952947062267e-05
3343,אבא,9,1.9078952947062267e-05
3344,תשלחו,9,1.9078952947062267e-05
3345,חרדה,9,1.9078952947062267e-05
3346,מראשתי,9,1.9078952947062267e-05
3347,לוז,9,1.9078952947062267e-05
3348,אשובה,9,1.9078952947062267e-05
3349,אעבר,9,1.9078952947062267e-05
3350,נקדים,9,1.9078952947062267e-05
3351,כר,9,1.9078952947062267e-05
3352,טרפה,9,1.9078952947062267e-05
3353,תבקש,9,1.9078952947062267e-05
3354,באנו,9,1.9078952947062267e-05
3355,תשימו,9,1.9078952947062267e-05
3356,גשת,9,1.9078952947062267e-05
3357,החרש,9,1.9078952947062267e-05
3358,אפרתה,9,1.9078952947062267e-05
3359,מילדת,9,1.9078952947062267e-05
3360,יעוש,9,1.9078952947062267e-05
3361,שובל,9,1.9078952947062267e-05
3362,השליכו,9,1.9078952947062267e-05
3363,יכיר,9,1.9078952947062267e-05
3364,אלמנות,9,1.9078952947062267e-05
3365,פתיל,9,1.9078952947062267e-05
3366,סהר,9,1.9078952947062267e-05
3367,טבות,9,1.9078952947062267e-05
3368,יגלח,9,1.9078952947062267e-05
3369,ראשנות,9,1.9078952947062267e-05
3370,הראה,9,1.9078952947062267e-05
3371,אמתחת,9,1.9078952947062267e-05
3372,יחנ,9,1.9078952947062267e-05
3373,ירחץ,9,1.9078952947062267e-05
3374,ימהרו,9,1.9078952947062267e-05
3375,גרא,9,1.9078952947062267e-05
3376,כרע,9,1.9078952947062267e-05
3377,קויתי,9,1.9078952947062267e-05
3378,יבער,9,1.9078952947062267e-05
3379,זנב,9,1.9078952947062267e-05
3380,תגע,9,1.9078952947062267e-05
3381,אזכר,9,1.9078952947062267e-05
3382,מושי,9,1.9078952947062267e-05
3383,מאן,9,1.9078952947062267e-05
3384,סביבת,9,1.9078952947062267e-05
3385,שערה,9,1.9078952947062267e-05
3386,אביב,9,1.9078952947062267e-05
3387,שבעי,9,1.9078952947062267e-05
3388,מושבתי,9,1.9078952947062267e-05
3389,התיצבו,9,1.9078952947062267e-05
3390,גאה,9,1.9078952947062267e-05
3391,ירה,9,1.9078952947062267e-05
3392,גאונ,9,1.9078952947062267e-05
3393,דק,9,1.9078952947062267e-05
3394,מרבה,9,1.9078952947062267e-05
3395,טעמ,9,1.9078952947062267e-05
3396,מחה,9,1.9078952947062267e-05
3397,ינוס,9,1.9078952947062267e-05
3398,ספיר,9,1.9078952947062267e-05
3399,אמתים,9,1.9078952947062267e-05
3400,מסגרת,9,1.9078952947062267e-05
3401,בריחם,9,1.9078952947062267e-05
3402,מתנים,9,1.9078952947062267e-05
3403,נתחי,9,1.9078952947062267e-05
3404,שרפת,9,1.9078952947062267e-05
3405,רבע,9,1.9078952947062267e-05
3406,תעלו,9,1.9078952947062267e-05
3407,כיור,9,1.9078952947062267e-05
3408,בשם,9,1.9078952947062267e-05
3409,כיר,9,1.9078952947062267e-05
3410,חרשת,9,1.9078952947062267e-05
3411,שבתת,9,1.9078952947062267e-05
3412,נשבעת,9,1.9078952947062267e-05
3413,מכתב,9,1.9078952947062267e-05
3414,קומה,9,1.9078952947062267e-05
3415,רמנים,9,1.9078952947062267e-05
3416,תכבה,9,1.9078952947062267e-05
3417,חזיר,9,1.9078952947062267e-05
3418,מכות,9,1.9078952947062267e-05
3419,מצרע,9,1.9078952947062267e-05
3420,גחלי,9,1.9078952947062267e-05
3421,אלילים,9,1.9078952947062267e-05
3422,אוב,9,1.9078952947062267e-05
3423,נסכים,9,1.9078952947062267e-05
3424,ממכר,9,1.9078952947062267e-05
3425,ישן,9,1.9078952947062267e-05
3426,קרי,9,1.9078952947062267e-05
3427,עמיהוד,9,1.9078952947062267e-05
3428,כסו,9,1.9078952947062267e-05
3429,מוט,9,1.9078952947062267e-05
3430,קרקע,9,1.9078952947062267e-05
3431,תשיעי,9,1.9078952947062267e-05
3432,נתנים,9,1.9078952947062267e-05
3433,משנאי,9,1.9078952947062267e-05
3434,ענק,9,1.9078952947062267e-05
3435,נהי,9,1.9078952947062267e-05
3436,נעשתה,9,1.9078952947062267e-05
3437,יקהלו,9,1.9078952947062267e-05
3438,תבקע,9,1.9078952947062267e-05
3439,תעצר,9,1.9078952947062267e-05
3440,ניר,9,1.9078952947062267e-05
3441,נכה,9,1.9078952947062267e-05
3442,קסמים,9,1.9078952947062267e-05
3443,פקדו,9,1.9078952947062267e-05
3444,עשיה,9,1.9078952947062267e-05
3445,חרים,9,1.9078952947062267e-05
3446,תחשב,9,1.9078952947062267e-05
3447,גבהה,9,1.9078952947062267e-05
3448,ערש,9,1.9078952947062267e-05
3449,תוסף,9,1.9078952947062267e-05
3450,מלמד,9,1.9078952947062267e-05
3451,כור,9,1.9078952947062267e-05
3452,ימיםפ,9,1.9078952947062267e-05
3453,דגנ,9,1.9078952947062267e-05
3454,יורה,9,1.9078952947062267e-05
3455,ימיםס,9,1.9078952947062267e-05
3456,יקים,9,1.9078952947062267e-05
3457,ישבה,9,1.9078952947062267e-05
3458,ענית,9,1.9078952947062267e-05
3459,אתנן,9,1.9078952947062267e-05
3460,נקלה,9,1.9078952947062267e-05
3461,רגז,9,1.9078952947062267e-05
3462,אזנים,9,1.9078952947062267e-05
3463,קבצ,9,1.9078952947062267e-05
3464,יעיר,9,1.9078952947062267e-05
3465,יונק,9,1.9078952947062267e-05
3466,אשלם,9,1.9078952947062267e-05
3467,מקדה,9,1.9078952947062267e-05
3468,תחתו,9,1.9078952947062267e-05
3469,שרפ,9,1.9078952947062267e-05
3470,נשארו,9,1.9078952947062267e-05
3471,נפת,9,1.9078952947062267e-05
3472,גשור,9,1.9078952947062267e-05
3473,זיף,9,1.9078952947062267e-05
3474,פלט,9,1.9078952947062267e-05
3475,עשרס,9,1.9078952947062267e-05
3476,עזבתם,9,1.9078952947062267e-05
3477,תושיע,9,1.9078952947062267e-05
3478,חטאותי,9,1.9078952947062267e-05
3479,עממי,9,1.9078952947062267e-05
3480,מצדות,9,1.9078952947062267e-05
3481,בנוי,9,1.9078952947062267e-05
3482,פקיד,9,1.9078952947062267e-05
3483,פלח,9,1.9078952947062267e-05
3484,מתוק,9,1.9078952947062267e-05
3485,ליש,9,1.9078952947062267e-05
3486,חגור,9,1.9078952947062267e-05
3487,קלע,9,1.9078952947062267e-05
3488,עובד,9,1.9078952947062267e-05
3489,ירעם,9,1.9078952947062267e-05
3490,יקטרו,9,1.9078952947062267e-05
3491,הזכיר,9,1.9078952947062267e-05
3492,מלךפ,9,1.9078952947062267e-05
3493,סלעים,9,1.9078952947062267e-05
3494,נבזה,9,1.9078952947062267e-05
3495,המליך,9,1.9078952947062267e-05
3496,דב,9,1.9078952947062267e-05
3497,כלתה,9,1.9078952947062267e-05
3498,חוש,9,1.9078952947062267e-05
3499,פלך,9,1.9078952947062267e-05
3500,בענה,9,1.9078952947062267e-05
3501,הגלות,9,1.9078952947062267e-05
3502,זעקה,9,1.9078952947062267e-05
3503,לבשי,9,1.9078952947062267e-05
3504,סכל,9,1.9078952947062267e-05
3505,סללה,9,1.9078952947062267e-05
3506,בחיר,9,1.9078952947062267e-05
3507,עבי,9,1.9078952947062267e-05
3508,נחושה,9,1.9078952947062267e-05
3509,עזמות,9,1.9078952947062267e-05
3510,שוט,9,1.9078952947062267e-05
3511,ארונה,9,1.9078952947062267e-05
3512,שמחים,9,1.9078952947062267e-05
3513,מזבחים,9,1.9078952947062267e-05
3514,רמונים,9,1.9078952947062267e-05
3515,מוצק,9,1.9078952947062267e-05
3516,גבי,9,1.9078952947062267e-05
3517,מזרקות,9,1.9078952947062267e-05
3518,פשעו,9,1.9078952947062267e-05
3519,תא,9,1.9078952947062267e-05
3520,שכור,9,1.9078952947062267e-05
3521,עבדיהו,9,1.9078952947062267e-05
3522,נשברו,9,1.9078952947062267e-05
3523,מגדלים,9,1.9078952947062267e-05
3524,בדק,9,1.9078952947062267e-05
3525,אמציה,9,1.9078952947062267e-05
3526,חוח,9,1.9078952947062267e-05
3527,בטחת,9,1.9078952947062267e-05
3528,יבטח,9,1.9078952947062267e-05
3529,יהויכין,9,1.9078952947062267e-05
3530,הליד,9,1.9078952947062267e-05
3531,עקוב,9,1.9078952947062267e-05
3532,רוחות,9,1.9078952947062267e-05
3533,אריאל,9,1.9078952947062267e-05
3534,הכינותי,9,1.9078952947062267e-05
3535,יהוחנן,9,1.9078952947062267e-05
3536,אקום,9,1.9078952947062267e-05
3537,חמדה,9,1.9078952947062267e-05
3538,ישרי,9,1.9078952947062267e-05
3539,אמי,9,1.9078952947062267e-05
3540,ארתחשסתא,9,1.9078952947062267e-05
3541,בקשת,9,1.9078952947062267e-05
3542,תחתיות,9,1.9078952947062267e-05
3543,אריב,9,1.9078952947062267e-05
3544,כפירים,9,1.9078952947062267e-05
3545,יעבור,9,1.9078952947062267e-05
3546,תושיה,9,1.9078952947062267e-05
3547,צאצאי,9,1.9078952947062267e-05
3548,בגדו,9,1.9078952947062267e-05
3549,אשיחה,9,1.9078952947062267e-05
3550,תשית,9,1.9078952947062267e-05
3551,מוכיח,9,1.9078952947062267e-05
3552,בלהות,9,1.9078952947062267e-05
3553,מץ,9,1.9078952947062267e-05
3554,זרם,9,1.9078952947062267e-05
3555,יהגה,9,1.9078952947062267e-05
3556,כתם,9,1.9078952947062267e-05
3557,פז,9,1.9078952947062267e-05
3558,כפים,9,1.9078952947062267e-05
3559,נגינת,9,1.9078952947062267e-05
3560,לעג,9,1.9078952947062267e-05
3561,שונא,9,1.9078952947062267e-05
3562,ישאג,9,1.9078952947062267e-05
3563,אדיר,9,1.9078952947062267e-05
3564,עלילותי,9,1.9078952947062267e-05
3565,נאוה,9,1.9078952947062267e-05
3566,פשעים,9,1.9078952947062267e-05
3567,תהפכות,9,1.9078952947062267e-05
3568,רשעה,9,1.9078952947062267e-05
3569,ענין,9,1.9078952947062267e-05
3570,שממות,9,1.9078952947062267e-05
3571,הדחתי,9,1.9078952947062267e-05
3572,חזוי,9,1.9078952947062267e-05
3573,הבדיל,8,1.695906928627757e-05
3574,פרו,8,1.695906928627757e-05
3575,מתהלך,8,1.695906928627757e-05
3576,הרגתי,8,1.695906928627757e-05
3577,תשחת,8,1.695906928627757e-05
3578,יגוע,8,1.695906928627757e-05
3579,אספת,8,1.695906928627757e-05
3580,גברו,8,1.695906928627757e-05
3581,יכסו,8,1.695906928627757e-05
3582,מצאה,8,1.695906928627757e-05
3583,דגי,8,1.695906928627757e-05
3584,איי,8,1.695906928627757e-05
3585,ארצת,8,1.695906928627757e-05
3586,דדן,8,1.695906928627757e-05
3587,שנער,8,1.695906928627757e-05
3588,עוץ,8,1.695906928627757e-05
3589,הרן,8,1.695906928627757e-05
3590,מריבה,8,1.695906928627757e-05
3591,עשתרת,8,1.695906928627757e-05
3592,מחזה,8,1.695906928627757e-05
3593,הבט,8,1.695906928627757e-05
3594,עיט,8,1.695906928627757e-05
3595,אימה,8,1.695906928627757e-05
3596,שמנת,8,1.695906928627757e-05
3597,רחצו,8,1.695906928627757e-05
3598,חמאה,8,1.695906928627757e-05
3599,אשחית,8,1.695906928627757e-05
3600,אפה,8,1.695906928627757e-05
3601,נדעה,8,1.695906928627757e-05
3602,קרת,8,1.695906928627757e-05
3603,סגרו,8,1.695906928627757e-05
3604,תגדל,8,1.695906928627757e-05
3605,תדבק,8,1.695906928627757e-05
3606,אמנה,8,1.695906928627757e-05
3607,ירפא,8,1.695906928627757e-05
3608,הרחק,8,1.695906928627757e-05
3609,תשק,8,1.695906928627757e-05
3610,יצב,8,1.695906928627757e-05
3611,יחיד,8,1.695906928627757e-05
3612,יחבש,8,1.695906928627757e-05
3613,תרץ,8,1.695906928627757e-05
3614,בקע,8,1.695906928627757e-05
3615,בכרת,8,1.695906928627757e-05
3616,חמדת,8,1.695906928627757e-05
3617,שכח,8,1.695906928627757e-05
3618,מגיע,8,1.695906928627757e-05
3619,ירדים,8,1.695906928627757e-05
3620,שמרתי,8,1.695906928627757e-05
3621,אעזב,8,1.695906928627757e-05
3622,ישקו,8,1.695906928627757e-05
3623,עבדתי,8,1.695906928627757e-05
3624,שנואה,8,1.695906928627757e-05
3625,דינה,8,1.695906928627757e-05
3626,יחם,8,1.695906928627757e-05
3627,תען,8,1.695906928627757e-05
3628,תף,8,1.695906928627757e-05
3629,ישפטו,8,1.695906928627757e-05
3630,פנואל,8,1.695906928627757e-05
3631,הרבו,8,1.695906928627757e-05
3632,אהליבמה,8,1.695906928627757e-05
3633,צבעון,8,1.695906928627757e-05
3634,עיבל,8,1.695906928627757e-05
3635,בעור,8,1.695906928627757e-05
3636,חשם,8,1.695906928627757e-05
3637,תימני,8,1.695906928627757e-05
3638,אונן,8,1.695906928627757e-05
3639,תאכלנה,8,1.695906928627757e-05
3640,מלאות,8,1.695906928627757e-05
3641,תבאנה,8,1.695906928627757e-05
3642,כנים,8,1.695906928627757e-05
3643,תצאו,8,1.695906928627757e-05
3644,מלון,8,1.695906928627757e-05
3645,יחרדו,8,1.695906928627757e-05
3646,שיבת,8,1.695906928627757e-05
3647,העד,8,1.695906928627757e-05
3648,לקחתם,8,1.695906928627757e-05
3649,מהרו,8,1.695906928627757e-05
3650,תולע,8,1.695906928627757e-05
3651,הורת,8,1.695906928627757e-05
3652,גוית,8,1.695906928627757e-05
3653,הרבית,8,1.695906928627757e-05
3654,אונ,8,1.695906928627757e-05
3655,רצנ,8,1.695906928627757e-05
3656,שרקה,8,1.695906928627757e-05
3657,סנה,8,1.695906928627757e-05
3658,שאלה,8,1.695906928627757e-05
3659,שמתם,8,1.695906928627757e-05
3660,האמינו,8,1.695906928627757e-05
3661,יאמן,8,1.695906928627757e-05
3662,לבני,8,1.695906928627757e-05
3663,הצל,8,1.695906928627757e-05
3664,מצריםס,8,1.695906928627757e-05
3665,מישאל,8,1.695906928627757e-05
3666,אצו,8,1.695906928627757e-05
3667,תנין,8,1.695906928627757e-05
3668,נהפכו,8,1.695906928627757e-05
3669,יסקל,8,1.695906928627757e-05
3670,זרק,8,1.695906928627757e-05
3671,ליל,8,1.695906928627757e-05
3672,קברים,8,1.695906928627757e-05
3673,פלשת,8,1.695906928627757e-05
3674,יאחז,8,1.695906928627757e-05
3675,לקט,8,1.695906928627757e-05
3676,ברקים,8,1.695906928627757e-05
3677,יתיצבו,8,1.695906928627757e-05
3678,עלתי,8,1.695906928627757e-05
3679,יעד,8,1.695906928627757e-05
3680,יגף,8,1.695906928627757e-05
3681,ירשיע,8,1.695906928627757e-05
3682,יפתה,8,1.695906928627757e-05
3683,תרחק,8,1.695906928627757e-05
3684,תשבת,8,1.695906928627757e-05
3685,אספ,8,1.695906928627757e-05
3686,תזבח,8,1.695906928627757e-05
3687,נשוב,8,1.695906928627757e-05
3688,מחברת,8,1.695906928627757e-05
3689,יתדת,8,1.695906928627757e-05
3690,זך,8,1.695906928627757e-05
3691,הקרב,8,1.695906928627757e-05
3692,אבנט,8,1.695906928627757e-05
3693,כתפת,8,1.695906928627757e-05
3694,פתוחי,8,1.695906928627757e-05
3695,חתם,8,1.695906928627757e-05
3696,טורים,8,1.695906928627757e-05
3697,טבעות,8,1.695906928627757e-05
3698,רחצת,8,1.695906928627757e-05
3699,תנוך,8,1.695906928627757e-05
3700,בצלאל,8,1.695906928627757e-05
3701,אורי,8,1.695906928627757e-05
3702,כליתי,8,1.695906928627757e-05
3703,רחמתי,8,1.695906928627757e-05
3704,מיתרי,8,1.695906928627757e-05
3705,יעים,8,1.695906928627757e-05
3706,יכתבו,8,1.695906928627757e-05
3707,קרבת,8,1.695906928627757e-05
3708,חלות,8,1.695906928627757e-05
3709,מצה,8,1.695906928627757e-05
3710,תמימה,8,1.695906928627757e-05
3711,נעלם,8,1.695906928627757e-05
3712,אשמ,8,1.695906928627757e-05
3713,אשמה,8,1.695906928627757e-05
3714,ירצה,8,1.695906928627757e-05
3715,יחגר,8,1.695906928627757e-05
3716,חלבים,8,1.695906928627757e-05
3717,אכבד,8,1.695906928627757e-05
3718,תטמאו,8,1.695906928627757e-05
3719,קרע,8,1.695906928627757e-05
3720,שפכו,8,1.695906928627757e-05
3721,גזרה,8,1.695906928627757e-05
3722,נכרתו,8,1.695906928627757e-05
3723,הדרת,8,1.695906928627757e-05
3724,ערבי,8,1.695906928627757e-05
3725,בציר,8,1.695906928627757e-05
3726,מעלו,8,1.695906928627757e-05
3727,מאסתי,8,1.695906928627757e-05
3728,הקדשתי,8,1.695906928627757e-05
3729,פרשו,8,1.695906928627757e-05
3730,נטמאה,8,1.695906928627757e-05
3731,נוח,8,1.695906928627757e-05
3732,קברות,8,1.695906928627757e-05
3733,רפה,8,1.695906928627757e-05
3734,מתנו,8,1.695906928627757e-05
3735,רביעית,8,1.695906928627757e-05
3736,נאצו,8,1.695906928627757e-05
3737,תכתב,8,1.695906928627757e-05
3738,אבחר,8,1.695906928627757e-05
3739,חלף,8,1.695906928627757e-05
3740,אעברה,8,1.695906928627757e-05
3741,כמוש,8,1.695906928627757e-05
3742,אדרעי,8,1.695906928627757e-05
3743,קב,8,1.695906928627757e-05
3744,תט,8,1.695906928627757e-05
3745,יצאתי,8,1.695906928627757e-05
3746,אגג,8,1.695906928627757e-05
3747,הסך,8,1.695906928627757e-05
3748,מלקוח,8,1.695906928627757e-05
3749,עפרת,8,1.695906928627757e-05
3750,עטרות,8,1.695906928627757e-05
3751,תאבדו,8,1.695906928627757e-05
3752,אמים,8,1.695906928627757e-05
3753,ירשתם,8,1.695906928627757e-05
3754,תדרש,8,1.695906928627757e-05
3755,היטיבו,8,1.695906928627757e-05
3756,עצומים,8,1.695906928627757e-05
3757,מזבחתי,8,1.695906928627757e-05
3758,מהומה,8,1.695906928627757e-05
3759,רשעת,8,1.695906928627757e-05
3760,עמדתי,8,1.695906928627757e-05
3761,מלקוש,8,1.695906928627757e-05
3762,רמים,8,1.695906928627757e-05
3763,שבעות,8,1.695906928627757e-05
3764,עודס,8,1.695906928627757e-05
3765,ילמד,8,1.695906928627757e-05
3766,רום,8,1.695906928627757e-05
3767,ימס,8,1.695906928627757e-05
3768,אדמי,8,1.695906928627757e-05
3769,ידרש,8,1.695906928627757e-05
3770,שכחתי,8,1.695906928627757e-05
3771,ברכות,8,1.695906928627757e-05
3772,תלו,8,1.695906928627757e-05
3773,תרע,8,1.695906928627757e-05
3774,נאמנים,8,1.695906928627757e-05
3775,שררות,8,1.695906928627757e-05
3776,בחרת,8,1.695906928627757e-05
3777,חצ,8,1.695906928627757e-05
3778,כידון,8,1.695906928627757e-05
3779,החרים,8,1.695906928627757e-05
3780,שבועה,8,1.695906928627757e-05
3781,נקבצו,8,1.695906928627757e-05
3782,גלו,8,1.695906928627757e-05
3783,חברונ,8,1.695906928627757e-05
3784,שקטה,8,1.695906928627757e-05
3785,ערוער,8,1.695906928627757e-05
3786,עדלם,8,1.695906928627757e-05
3787,אפק,8,1.695906928627757e-05
3788,גתי,8,1.695906928627757e-05
3789,הןס,8,1.695906928627757e-05
3790,קצין,8,1.695906928627757e-05
3791,חסה,8,1.695906928627757e-05
3792,עבדון,8,1.695906928627757e-05
3793,אלהס,8,1.695906928627757e-05
3794,שופט,8,1.695906928627757e-05
3795,דבורה,8,1.695906928627757e-05
3796,נתיבות,8,1.695906928627757e-05
3797,קמתי,8,1.695906928627757e-05
3798,מסלות,8,1.695906928627757e-05
3799,ארו,8,1.695906928627757e-05
3800,רקמה,8,1.695906928627757e-05
3801,נפלאתי,8,1.695906928627757e-05
3802,אושיע,8,1.695906928627757e-05
3803,יסירו,8,1.695906928627757e-05
3804,אבכה,8,1.695906928627757e-05
3805,אזעק,8,1.695906928627757e-05
3806,פליטי,8,1.695906928627757e-05
3807,מפלת,8,1.695906928627757e-05
3808,עבתים,8,1.695906928627757e-05
3809,חליתי,8,1.695906928627757e-05
3810,אבו,8,1.695906928627757e-05
3811,יפשטו,8,1.695906928627757e-05
3812,דבקה,8,1.695906928627757e-05
3813,כלכל,8,1.695906928627757e-05
3814,אשפת,8,1.695906928627757e-05
3815,החלו,8,1.695906928627757e-05
3816,אתמול,8,1.695906928627757e-05
3817,מפתן,8,1.695906928627757e-05
3818,מצפת,8,1.695906928627757e-05
3819,אזל,8,1.695906928627757e-05
3820,יתנבא,8,1.695906928627757e-05
3821,יצילו,8,1.695906928627757e-05
3822,מכמש,8,1.695906928627757e-05
3823,יפקדו,8,1.695906928627757e-05
3824,עשיתה,8,1.695906928627757e-05
3825,יתפש,8,1.695906928627757e-05
3826,ניס,8,1.695906928627757e-05
3827,נגן,8,1.695906928627757e-05
3828,אכה,8,1.695906928627757e-05
3829,כביר,8,1.695906928627757e-05
3830,גליתי,8,1.695906928627757e-05
3831,עולםפ,8,1.695906928627757e-05
3832,יתהלל,8,1.695906928627757e-05
3833,מצודה,8,1.695906928627757e-05
3834,שדות,8,1.695906928627757e-05
3835,עולל,8,1.695906928627757e-05
3836,חגרו,8,1.695906928627757e-05
3837,גלבע,8,1.695906928627757e-05
3838,רמות,8,1.695906928627757e-05
3839,הסב,8,1.695906928627757e-05
3840,פסחים,8,1.695906928627757e-05
3841,שובב,8,1.695906928627757e-05
3842,פרצים,8,1.695906928627757e-05
3843,ירכבו,8,1.695906928627757e-05
3844,יהונדב,8,1.695906928627757e-05
3845,מנוס,8,1.695906928627757e-05
3846,מהלל,8,1.695906928627757e-05
3847,נעים,8,1.695906928627757e-05
3848,שלישית,8,1.695906928627757e-05
3849,מזמרות,8,1.695906928627757e-05
3850,עולמים,8,1.695906928627757e-05
3851,גדלו,8,1.695906928627757e-05
3852,יזרעאלי,8,1.695906928627757e-05
3853,עפל,8,1.695906928627757e-05
3854,יונים,8,1.695906928627757e-05
3855,חטאי,8,1.695906928627757e-05
3856,עזיה,8,1.695906928627757e-05
3857,חפצי,8,1.695906928627757e-05
3858,עדיה,8,1.695906928627757e-05
3859,מרכבות,8,1.695906928627757e-05
3860,ירחמאל,8,1.695906928627757e-05
3861,נעם,8,1.695906928627757e-05
3862,יהוצדק,8,1.695906928627757e-05
3863,צפניה,8,1.695906928627757e-05
3864,ספים,8,1.695906928627757e-05
3865,רבעי,8,1.695906928627757e-05
3866,מדע,8,1.695906928627757e-05
3867,חזים,8,1.695906928627757e-05
3868,נחמיה,8,1.695906928627757e-05
3869,קדמיאל,8,1.695906928627757e-05
3870,בונים,8,1.695906928627757e-05
3871,כנות,8,1.695906928627757e-05
3872,יהוד,8,1.695906928627757e-05
3873,תתני,8,1.695906928627757e-05
3874,פאר,8,1.695906928627757e-05
3875,שרביה,8,1.695906928627757e-05
3876,עזבי,8,1.695906928627757e-05
3877,מרמות,8,1.695906928627757e-05
3878,אדירי,8,1.695906928627757e-05
3879,קצת,8,1.695906928627757e-05
3880,ימרו,8,1.695906928627757e-05
3881,חתום,8,1.695906928627757e-05
3882,תפול,8,1.695906928627757e-05
3883,לילות,8,1.695906928627757e-05
3884,עפעפי,8,1.695906928627757e-05
3885,אנחת,8,1.695906928627757e-05
3886,הוות,8,1.695906928627757e-05
3887,כסל,8,1.695906928627757e-05
3888,רהב,8,1.695906928627757e-05
3889,צדקתי,8,1.695906928627757e-05
3890,עניי,8,1.695906928627757e-05
3891,נעו,8,1.695906928627757e-05
3892,פלגי,8,1.695906928627757e-05
3893,יהלכו,8,1.695906928627757e-05
3894,ימוט,8,1.695906928627757e-05
3895,חסיתי,8,1.695906928627757e-05
3896,פחדו,8,1.695906928627757e-05
3897,רנת,8,1.695906928627757e-05
3898,יזכרו,8,1.695906928627757e-05
3899,ידרך,8,1.695906928627757e-05
3900,אשמרה,8,1.695906928627757e-05
3901,מחשבתי,8,1.695906928627757e-05
3902,חרפו,8,1.695906928627757e-05
3903,חמד,8,1.695906928627757e-05
3904,יכון,8,1.695906928627757e-05
3905,בושה,8,1.695906928627757e-05
3906,אכזרי,8,1.695906928627757e-05
3907,קדמי,8,1.695906928627757e-05
3908,משתי,8,1.695906928627757e-05
3909,נדמה,8,1.695906928627757e-05
3910,הביש,8,1.695906928627757e-05
3911,תזני,8,1.695906928627757e-05
3912,ארמנות,8,1.695906928627757e-05
3913,רכלי,8,1.695906928627757e-05
3914,אלהין,8,1.695906928627757e-05
3915,שלטנ,8,1.695906928627757e-05
3916,מועדים,7,1.4839185625492873e-05
3917,יצמח,7,1.4839185625492873e-05
3918,חוילה,7,1.4839185625492873e-05
3919,תגעו,7,1.4839185625492873e-05
3920,ימשל,7,1.4839185625492873e-05
3921,תסף,7,1.4839185625492873e-05
3922,שבעתים,7,1.4839185625492873e-05
3923,פצע,7,1.4839185625492873e-05
3924,מהללאל,7,1.4839185625492873e-05
3925,החיות,7,1.4839185625492873e-05
3926,קלו,7,1.4839185625492873e-05
3927,חרבו,7,1.4839185625492873e-05
3928,משפחתי,7,1.4839185625492873e-05
3929,קר,7,1.4839185625492873e-05
3930,אחרנית,7,1.4839185625492873e-05
3931,יולדו,7,1.4839185625492873e-05
3932,כתים,7,1.4839185625492873e-05
3933,פוט,7,1.4839185625492873e-05
3934,גרגשי,7,1.4839185625492873e-05
3935,מקלל,7,1.4839185625492873e-05
3936,צער,7,1.4839185625492873e-05
3937,ימנה,7,1.4839185625492873e-05
3938,אריוך,7,1.4839185625492873e-05
3939,קרנים,7,1.4839185625492873e-05
3940,שוה,7,1.4839185625492873e-05
3941,חוט,7,1.4839185625492873e-05
3942,בלעד,7,1.4839185625492873e-05
3943,תר,7,1.4839185625492873e-05
3944,נפלת,7,1.4839185625492873e-05
3945,אקים,7,1.4839185625492873e-05
3946,צדיקם,7,1.4839185625492873e-05
3947,תשחית,7,1.4839185625492873e-05
3948,יסרו,7,1.4839185625492873e-05
3949,תרעו,7,1.4839185625492873e-05
3950,צוער,7,1.4839185625492873e-05
3951,גפרית,7,1.4839185625492873e-05
3952,תהרג,7,1.4839185625492873e-05
3953,תבך,7,1.4839185625492873e-05
3954,אדות,7,1.4839185625492873e-05
3955,נשבעו,7,1.4839185625492873e-05
3956,אשתה,7,1.4839185625492873e-05
3957,אשאל,7,1.4839185625492873e-05
3958,רבבה,7,1.4839185625492873e-05
3959,נערתי,7,1.4839185625492873e-05
3960,ארמי,7,1.4839185625492873e-05
3961,פדן,7,1.4839185625492873e-05
3962,חפרו,7,1.4839185625492873e-05
3963,עצמת,7,1.4839185625492873e-05
3964,מצאנו,7,1.4839185625492873e-05
3965,יהודית,7,1.4839185625492873e-05
3966,בשמת,7,1.4839185625492873e-05
3967,תברכ,7,1.4839185625492873e-05
3968,יחרד,7,1.4839185625492873e-05
3969,יפר,7,1.4839185625492873e-05
3970,מחלת,7,1.4839185625492873e-05
3971,עדרי,7,1.4839185625492873e-05
3972,זלפה,7,1.4839185625492873e-05
3973,מתה,7,1.4839185625492873e-05
3974,מנע,7,1.4839185625492873e-05
3975,תני,7,1.4839185625492873e-05
3976,אשמר,7,1.4839185625492873e-05
3977,כשבים,7,1.4839185625492873e-05
3978,ענתה,7,1.4839185625492873e-05
3979,מנים,7,1.4839185625492873e-05
3980,תאמרנה,7,1.4839185625492873e-05
3981,קנינ,7,1.4839185625492873e-05
3982,ידבק,7,1.4839185625492873e-05
3983,גנבת,7,1.4839185625492873e-05
3984,יפגעו,7,1.4839185625492873e-05
3985,עברתי,7,1.4839185625492873e-05
3986,יבק,7,1.4839185625492873e-05
3987,אט,7,1.4839185625492873e-05
3988,מתן,7,1.4839185625492873e-05
3989,נקח,7,1.4839185625492873e-05
3990,יהרגו,7,1.4839185625492873e-05
3991,טמאו,7,1.4839185625492873e-05
3992,לוטן,7,1.4839185625492873e-05
3993,דישן,7,1.4839185625492873e-05
3994,עכבור,7,1.4839185625492873e-05
3995,דבת,7,1.4839185625492873e-05
3996,משתחוים,7,1.4839185625492873e-05
3997,נמכר,7,1.4839185625492873e-05
3998,הקם,7,1.4839185625492873e-05
3999,תקשר,7,1.4839185625492873e-05
4000,אסירי,7,1.4839185625492873e-05
4001,פתר,7,1.4839185625492873e-05
4002,ישכח,7,1.4839185625492873e-05
4003,יחלף,7,1.4839185625492873e-05
4004,חרטמים,7,1.4839185625492873e-05
4005,תמותו,7,1.4839185625492873e-05
4006,צדה,7,1.4839185625492873e-05
4007,תמית,7,1.4839185625492873e-05
4008,הביאתי,7,1.4839185625492873e-05
4009,זמרת,7,1.4839185625492873e-05
4010,נבהלו,7,1.4839185625492873e-05
4011,מחיה,7,1.4839185625492873e-05
4012,ישימ,7,1.4839185625492873e-05
4013,בעיר,7,1.4839185625492873e-05
4014,עגלות,7,1.4839185625492873e-05
4015,יכלכל,7,1.4839185625492873e-05
4016,יאחזו,7,1.4839185625492873e-05
4017,אמור,7,1.4839185625492873e-05
4018,יצוע,7,1.4839185625492873e-05
4019,יקימ,7,1.4839185625492873e-05
4020,מחקק,7,1.4839185625492873e-05
4021,חוף,7,1.4839185625492873e-05
4022,אנא,7,1.4839185625492873e-05
4023,מסכנות,7,1.4839185625492873e-05
4024,ילוד,7,1.4839185625492873e-05
4025,תכה,7,1.4839185625492873e-05
4026,של,7,1.4839185625492873e-05
4027,מורשה,7,1.4839185625492873e-05
4028,תכחד,7,1.4839185625492873e-05
4029,פשתה,7,1.4839185625492873e-05
4030,חטה,7,1.4839185625492873e-05
4031,ימיש,7,1.4839185625492873e-05
4032,מרכבתי,7,1.4839185625492873e-05
4033,אדירים,7,1.4839185625492873e-05
4034,ידמו,7,1.4839185625492873e-05
4035,קנית,7,1.4839185625492873e-05
4036,תפים,7,1.4839185625492873e-05
4037,בשלו,7,1.4839185625492873e-05
4038,יניחו,7,1.4839185625492873e-05
4039,תלקט,7,1.4839185625492873e-05
4040,שפטתי,7,1.4839185625492873e-05
4041,תגיד,7,1.4839185625492873e-05
4042,יתקדשו,7,1.4839185625492873e-05
4043,אמרס,7,1.4839185625492873e-05
4044,הוס,7,1.4839185625492873e-05
4045,הגיש,7,1.4839185625492873e-05
4046,ערמה,7,1.4839185625492873e-05
4047,נשבר,7,1.4839185625492873e-05
4048,תאחר,7,1.4839185625492873e-05
4049,יעור,7,1.4839185625492873e-05
4050,יצקת,7,1.4839185625492873e-05
4051,טפח,7,1.4839185625492873e-05
4052,כפתרי,7,1.4839185625492873e-05
4053,צדי,7,1.4839185625492873e-05
4054,גבעים,7,1.4839185625492873e-05
4055,רבוע,7,1.4839185625492873e-05
4056,מכבר,7,1.4839185625492873e-05
4057,חשקי,7,1.4839185625492873e-05
4058,עבת,7,1.4839185625492873e-05
4059,זרת,7,1.4839185625492873e-05
4060,אורים,7,1.4839185625492873e-05
4061,ארג,7,1.4839185625492873e-05
4062,חטאתם,7,1.4839185625492873e-05
4063,הנחתי,7,1.4839185625492873e-05
4064,קלעי,7,1.4839185625492873e-05
4065,אחדס,7,1.4839185625492873e-05
4066,אלים,7,1.4839185625492873e-05
4067,יצפ,7,1.4839185625492873e-05
4068,כהנת,7,1.4839185625492873e-05
4069,שסע,7,1.4839185625492873e-05
4070,שמנ,7,1.4839185625492873e-05
4071,בכורים,7,1.4839185625492873e-05
4072,טבל,7,1.4839185625492873e-05
4073,חלד,7,1.4839185625492873e-05
4074,תטמא,7,1.4839185625492873e-05
4075,שפם,7,1.4839185625492873e-05
4076,חלץ,7,1.4839185625492873e-05
4077,יטהר,7,1.4839185625492873e-05
4078,תקרבו,7,1.4839185625492873e-05
4079,ידענים,7,1.4839185625492873e-05
4080,ירגמו,7,1.4839185625492873e-05
4081,מקדשים,7,1.4839185625492873e-05
4082,חצרים,7,1.4839185625492873e-05
4083,תרבית,7,1.4839185625492873e-05
4084,עקר,7,1.4839185625492873e-05
4085,מקדשי,7,1.4839185625492873e-05
4086,שממו,7,1.4839185625492873e-05
4087,אבדתם,7,1.4839185625492873e-05
4088,עינן,7,1.4839185625492873e-05
4089,חנו,7,1.4839185625492873e-05
4090,מחנ,7,1.4839185625492873e-05
4091,פתע,7,1.4839185625492873e-05
4092,הקימו,7,1.4839185625492873e-05
4093,תקצר,7,1.4839185625492873e-05
4094,צן,7,1.4839185625492873e-05
4095,צען,7,1.4839185625492873e-05
4096,סלח,7,1.4839185625492873e-05
4097,מחתות,7,1.4839185625492873e-05
4098,מתנה,7,1.4839185625492873e-05
4099,נעבר,7,1.4839185625492873e-05
4100,פסגה,7,1.4839185625492873e-05
4101,יהצ,7,1.4839185625492873e-05
4102,תברך,7,1.4839185625492873e-05
4103,מברך,7,1.4839185625492873e-05
4104,עצמתי,7,1.4839185625492873e-05
4105,רמח,7,1.4839185625492873e-05
4106,חגלה,7,1.4839185625492873e-05
4107,תדר,7,1.4839185625492873e-05
4108,תפשי,7,1.4839185625492873e-05
4109,ספות,7,1.4839185625492873e-05
4110,חות,7,1.4839185625492873e-05
4111,עקרבים,7,1.4839185625492873e-05
4112,ידבקו,7,1.4839185625492873e-05
4113,תלחמו,7,1.4839185625492873e-05
4114,חרמה,7,1.4839185625492873e-05
4115,סב,7,1.4839185625492873e-05
4116,אילת,7,1.4839185625492873e-05
4117,יחשבו,7,1.4839185625492873e-05
4118,שתיתי,7,1.4839185625492873e-05
4119,העבר,7,1.4839185625492873e-05
4120,החרם,7,1.4839185625492873e-05
4121,מעכתי,7,1.4839185625492873e-05
4122,בצר,7,1.4839185625492873e-05
4123,שכחת,7,1.4839185625492873e-05
4124,אשמיד,7,1.4839185625492873e-05
4125,אתפלל,7,1.4839185625492873e-05
4126,פד,7,1.4839185625492873e-05
4127,יסית,7,1.4839185625492873e-05
4128,רחקים,7,1.4839185625492873e-05
4129,תכסה,7,1.4839185625492873e-05
4130,זמר,7,1.4839185625492873e-05
4131,יורו,7,1.4839185625492873e-05
4132,תכין,7,1.4839185625492873e-05
4133,תפשו,7,1.4839185625492873e-05
4134,יגלה,7,1.4839185625492873e-05
4135,עזבת,7,1.4839185625492873e-05
4136,זעוה,7,1.4839185625492873e-05
4137,מצוק,7,1.4839185625492873e-05
4138,בלו,7,1.4839185625492873e-05
4139,לענה,7,1.4839185625492873e-05
4140,אמצו,7,1.4839185625492873e-05
4141,כתבו,7,1.4839185625492873e-05
4142,במותי,7,1.4839185625492873e-05
4143,הבלי,7,1.4839185625492873e-05
4144,תלהט,7,1.4839185625492873e-05
4145,מוסדי,7,1.4839185625492873e-05
4146,תמוט,7,1.4839185625492873e-05
4147,שנותי,7,1.4839185625492873e-05
4148,קהלת,7,1.4839185625492873e-05
4149,חתים,7,1.4839185625492873e-05
4150,תגידו,7,1.4839185625492873e-05
4151,יריעו,7,1.4839185625492873e-05
4152,החיה,7,1.4839185625492873e-05
4153,אכרת,7,1.4839185625492873e-05
4154,חורן,7,1.4839185625492873e-05
4155,עזקה,7,1.4839185625492873e-05
4156,פתחו,7,1.4839185625492873e-05
4157,ישמו,7,1.4839185625492873e-05
4158,החרימ,7,1.4839185625492873e-05
4159,תחנה,7,1.4839185625492873e-05
4160,שרון,7,1.4839185625492873e-05
4161,תענך,7,1.4839185625492873e-05
4162,עתניאל,7,1.4839185625492873e-05
4163,שועל,7,1.4839185625492873e-05
4164,אביעזר,7,1.4839185625492873e-05
4165,הפלתי,7,1.4839185625492873e-05
4166,יגעת,7,1.4839185625492873e-05
4167,בזק,7,1.4839185625492873e-05
4168,מזבחותי,7,1.4839185625492873e-05
4169,השחיתו,7,1.4839185625492873e-05
4170,תשקט,7,1.4839185625492873e-05
4171,אטר,7,1.4839185625492873e-05
4172,עליה,7,1.4839185625492873e-05
4173,יחילו,7,1.4839185625492873e-05
4174,צדקות,7,1.4839185625492873e-05
4175,אבירי,7,1.4839185625492873e-05
4176,פעמי,7,1.4839185625492873e-05
4177,חכמות,7,1.4839185625492873e-05
4178,שנהפ,7,1.4839185625492873e-05
4179,ישחיתו,7,1.4839185625492873e-05
4180,הלז,7,1.4839185625492873e-05
4181,נוע,7,1.4839185625492873e-05
4182,יכנעו,7,1.4839185625492873e-05
4183,פעמ,7,1.4839185625492873e-05
4184,ישרה,7,1.4839185625492873e-05
4185,חידה,7,1.4839185625492873e-05
4186,בערו,7,1.4839185625492873e-05
4187,ינתק,7,1.4839185625492873e-05
4188,נחשתים,7,1.4839185625492873e-05
4189,דמו,7,1.4839185625492873e-05
4190,אספתי,7,1.4839185625492873e-05
4191,צמת,7,1.4839185625492873e-05
4192,תשתחו,7,1.4839185625492873e-05
4193,אליהוא,7,1.4839185625492873e-05
4194,תבכה,7,1.4839185625492873e-05
4195,תזעק,7,1.4839185625492873e-05
4196,מבשר,7,1.4839185625492873e-05
4197,גבולי,7,1.4839185625492873e-05
4198,ימלכו,7,1.4839185625492873e-05
4199,יועילו,7,1.4839185625492873e-05
4200,דברפ,7,1.4839185625492873e-05
4201,אחינעם,7,1.4839185625492873e-05
4202,מאסת,7,1.4839185625492873e-05
4203,מעגל,7,1.4839185625492873e-05
4204,תשמח,7,1.4839185625492873e-05
4205,יראים,7,1.4839185625492873e-05
4206,פרעש,7,1.4839185625492873e-05
4207,צפחת,7,1.4839185625492873e-05
4208,אמלט,7,1.4839185625492873e-05
4209,יבואו,7,1.4839185625492873e-05
4210,מתת,7,1.4839185625492873e-05
4211,ימשחו,7,1.4839185625492873e-05
4212,ארכה,7,1.4839185625492873e-05
4213,אדניה,7,1.4839185625492873e-05
4214,הכינ,7,1.4839185625492873e-05
4215,פלתי,7,1.4839185625492873e-05
4216,יונדב,7,1.4839185625492873e-05
4217,פרד,7,1.4839185625492873e-05
4218,מלט,7,1.4839185625492873e-05
4219,דמה,7,1.4839185625492873e-05
4220,מפלט,7,1.4839185625492873e-05
4221,גחלים,7,1.4839185625492873e-05
4222,תפלט,7,1.4839185625492873e-05
4223,יבלו,7,1.4839185625492873e-05
4224,ישועות,7,1.4839185625492873e-05
4225,אליפלט,7,1.4839185625492873e-05
4226,יעזרו,7,1.4839185625492873e-05
4227,חזקת,7,1.4839185625492873e-05
4228,אתבונן,7,1.4839185625492873e-05
4229,ארבות,7,1.4839185625492873e-05
4230,דגים,7,1.4839185625492873e-05
4231,חצב,7,1.4839185625492873e-05
4232,סירות,7,1.4839185625492873e-05
4233,יחטאו,7,1.4839185625492873e-05
4234,מעמד,7,1.4839185625492873e-05
4235,שחוט,7,1.4839185625492873e-05
4236,מגנים,7,1.4839185625492873e-05
4237,סחרי,7,1.4839185625492873e-05
4238,שישק,7,1.4839185625492873e-05
4239,עגלים,7,1.4839185625492873e-05
4240,תיבש,7,1.4839185625492873e-05
4241,מגני,7,1.4839185625492873e-05
4242,רמחים,7,1.4839185625492873e-05
4243,קנאתי,7,1.4839185625492873e-05
4244,התחזק,7,1.4839185625492873e-05
4245,זעף,7,1.4839185625492873e-05
4246,צדקיה,7,1.4839185625492873e-05
4247,אחזיה,7,1.4839185625492873e-05
4248,גאיות,7,1.4839185625492873e-05
4249,קטנים,7,1.4839185625492873e-05
4250,גיחזי,7,1.4839185625492873e-05
4251,עללי,7,1.4839185625492873e-05
4252,עתליה,7,1.4839185625492873e-05
4253,יקשרו,7,1.4839185625492873e-05
4254,יקשו,7,1.4839185625492873e-05
4255,ספרוים,7,1.4839185625492873e-05
4256,עוה,7,1.4839185625492873e-05
4257,שבנא,7,1.4839185625492873e-05
4258,הוכיח,7,1.4839185625492873e-05
4259,פדיה,7,1.4839185625492873e-05
4260,אלנתן,7,1.4839185625492873e-05
4261,מסגר,7,1.4839185625492873e-05
4262,בונה,7,1.4839185625492873e-05
4263,מרשה,7,1.4839185625492873e-05
4264,שאלתיאל,7,1.4839185625492873e-05
4265,ברכיה,7,1.4839185625492873e-05
4266,שלוה,7,1.4839185625492873e-05
4267,מריות,7,1.4839185625492873e-05
4268,גרשום,7,1.4839185625492873e-05
4269,ירימות,7,1.4839185625492873e-05
4270,מעשיהו,7,1.4839185625492873e-05
4271,בוץ,7,1.4839185625492873e-05
4272,הושעתי,7,1.4839185625492873e-05
4273,ידו,7,1.4839185625492873e-05
4274,בקרים,7,1.4839185625492873e-05
4275,שמעיהו,7,1.4839185625492873e-05
4276,כושים,7,1.4839185625492873e-05
4277,עצבים,7,1.4839185625492873e-05
4278,מחמדי,7,1.4839185625492873e-05
4279,עלמ,7,1.4839185625492873e-05
4280,אספרנא,7,1.4839185625492873e-05
4281,מאני,7,1.4839185625492873e-05
4282,תורין,7,1.4839185625492873e-05
4283,להון,7,1.4839185625492873e-05
4284,חולה,7,1.4839185625492873e-05
4285,כשל,7,1.4839185625492873e-05
4286,מעז,7,1.4839185625492873e-05
4287,עונות,7,1.4839185625492873e-05
4288,סלו,7,1.4839185625492873e-05
4289,נחשבו,7,1.4839185625492873e-05
4290,תשתו,7,1.4839185625492873e-05
4291,אלו,7,1.4839185625492873e-05
4292,שחל,7,1.4839185625492873e-05
4293,יוכיח,7,1.4839185625492873e-05
4294,תפר,7,1.4839185625492873e-05
4295,אספרה,7,1.4839185625492873e-05
4296,שודד,7,1.4839185625492873e-05
4297,יחשך,7,1.4839185625492873e-05
4298,משכנות,7,1.4839185625492873e-05
4299,זרו,7,1.4839185625492873e-05
4300,זרעות,7,1.4839185625492873e-05
4301,יתומים,7,1.4839185625492873e-05
4302,תבונת,7,1.4839185625492873e-05
4303,שואה,7,1.4839185625492873e-05
4304,רחקו,7,1.4839185625492873e-05
4305,השקט,7,1.4839185625492873e-05
4306,יתעו,7,1.4839185625492873e-05
4307,גאוה,7,1.4839185625492873e-05
4308,יגורו,7,1.4839185625492873e-05
4309,חשבו,7,1.4839185625492873e-05
4310,יפיח,7,1.4839185625492873e-05
4311,מסתרים,7,1.4839185625492873e-05
4312,ירום,7,1.4839185625492873e-05
4313,יגילו,7,1.4839185625492873e-05
4314,הט,7,1.4839185625492873e-05
4315,מצודת,7,1.4839185625492873e-05
4316,תשימ,7,1.4839185625492873e-05
4317,תחנונ,7,1.4839185625492873e-05
4318,נדדו,7,1.4839185625492873e-05
4319,דרשתי,7,1.4839185625492873e-05
4320,שלומ,7,1.4839185625492873e-05
4321,זנחת,7,1.4839185625492873e-05
4322,ציר,7,1.4839185625492873e-05
4323,צרף,7,1.4839185625492873e-05
4324,תהמות,7,1.4839185625492873e-05
4325,ציים,7,1.4839185625492873e-05
4326,אשפט,7,1.4839185625492873e-05
4327,פתאים,7,1.4839185625492873e-05
4328,ארחתי,7,1.4839185625492873e-05
4329,שעשע,7,1.4839185625492873e-05
4330,הבינ,7,1.4839185625492873e-05
4331,שקד,7,1.4839185625492873e-05
4332,רחבתי,7,1.4839185625492873e-05
4333,מור,7,1.4839185625492873e-05
4334,נבחר,7,1.4839185625492873e-05
4335,חסן,7,1.4839185625492873e-05
4336,גנות,7,1.4839185625492873e-05
4337,מרמס,7,1.4839185625492873e-05
4338,אוריד,7,1.4839185625492873e-05
4339,צבאותפ,7,1.4839185625492873e-05
4340,נף,7,1.4839185625492873e-05
4341,בינות,7,1.4839185625492873e-05
4342,הועיל,7,1.4839185625492873e-05
4343,נשמות,7,1.4839185625492873e-05
4344,תרבי,7,1.4839185625492873e-05
4345,הבישו,7,1.4839185625492873e-05
4346,דליותי,7,1.4839185625492873e-05
4347,שפכתי,7,1.4839185625492873e-05
4348,נריה,7,1.4839185625492873e-05
4349,הזהרת,7,1.4839185625492873e-05
4350,זריתי,7,1.4839185625492873e-05
4351,אגפי,7,1.4839185625492873e-05
4352,יתכן,7,1.4839185625492873e-05
4353,רכלת,7,1.4839185625492873e-05
4354,עזבוני,7,1.4839185625492873e-05
4355,עלמין,7,1.4839185625492873e-05
4356,קדישין,7,1.4839185625492873e-05
4357,עמוס,7,1.4839185625492873e-05
4358,השקות,6,1.2719301964708177e-05
4359,תרדמה,6,1.2719301964708177e-05
4360,קוץ,6,1.2719301964708177e-05
4361,קניתי,6,1.2719301964708177e-05
4362,רבץ,6,1.2719301964708177e-05
4363,נעמה,6,1.2719301964708177e-05
4364,קינן,6,1.2719301964708177e-05
4365,מתושלח,6,1.2719301964708177e-05
4366,בחרו,6,1.2719301964708177e-05
4367,בראתי,6,1.2719301964708177e-05
4368,גבהים,6,1.2719301964708177e-05
4369,ישכר,6,1.2719301964708177e-05
4370,רחבת,6,1.2719301964708177e-05
4371,יחדלו,6,1.2719301964708177e-05
4372,הפיצ,6,1.2719301964708177e-05
4373,קריתים,6,1.2719301964708177e-05
4374,בארת,6,1.2719301964708177e-05
4375,אשכל,6,1.2719301964708177e-05
4376,פגרים,6,1.2719301964708177e-05
4377,המול,6,1.2719301964708177e-05
4378,תעברו,6,1.2719301964708177e-05
4379,זקנתי,6,1.2719301964708177e-05
4380,כבדה,6,1.2719301964708177e-05
4381,המלט,6,1.2719301964708177e-05
4382,קרבה,6,1.2719301964708177e-05
4383,מצער,6,1.2719301964708177e-05
4384,נציב,6,1.2719301964708177e-05
4385,בכירה,6,1.2719301964708177e-05
4386,צעירה,6,1.2719301964708177e-05
4387,שכבתי,6,1.2719301964708177e-05
4388,אמש,6,1.2719301964708177e-05
4389,קמ,6,1.2719301964708177e-05
4390,מעשים,6,1.2719301964708177e-05
4391,יגמל,6,1.2719301964708177e-05
4392,מצריםפ,6,1.2719301964708177e-05
4393,אשבע,6,1.2719301964708177e-05
4394,יבקע,6,1.2719301964708177e-05
4395,נשובה,6,1.2719301964708177e-05
4396,קברי,6,1.2719301964708177e-05
4397,יכלה,6,1.2719301964708177e-05
4398,צחר,6,1.2719301964708177e-05
4399,מכפלה,6,1.2719301964708177e-05
4400,אשביע,6,1.2719301964708177e-05
4401,לון,6,1.2719301964708177e-05
4402,אלת,6,1.2719301964708177e-05
4403,תורד,6,1.2719301964708177e-05
4404,פילגשים,6,1.2719301964708177e-05
4405,דומה,6,1.2719301964708177e-05
4406,יאמץ,6,1.2719301964708177e-05
4407,נזיד,6,1.2719301964708177e-05
4408,יזרע,6,1.2719301964708177e-05
4409,מטעמים,6,1.2719301964708177e-05
4410,קללת,6,1.2719301964708177e-05
4411,תלבש,6,1.2719301964708177e-05
4412,יפגע,6,1.2719301964708177e-05
4413,ילן,6,1.2719301964708177e-05
4414,יחלם,6,1.2719301964708177e-05
4415,ידר,6,1.2719301964708177e-05
4416,תקנא,6,1.2719301964708177e-05
4417,ארעה,6,1.2719301964708177e-05
4418,עקדים,6,1.2719301964708177e-05
4419,נותרת,6,1.2719301964708177e-05
4420,הכר,6,1.2719301964708177e-05
4421,יוכח,6,1.2719301964708177e-05
4422,לקטו,6,1.2719301964708177e-05
4423,תדברו,6,1.2719301964708177e-05
4424,נשה,6,1.2719301964708177e-05
4425,חמרי,6,1.2719301964708177e-05
4426,נופ,6,1.2719301964708177e-05
4427,שמלתי,6,1.2719301964708177e-05
4428,דברה,6,1.2719301964708177e-05
4429,מגורי,6,1.2719301964708177e-05
4430,יוספו,6,1.2719301964708177e-05
4431,ברות,6,1.2719301964708177e-05
4432,אמרנו,6,1.2719301964708177e-05
4433,ישלכו,6,1.2719301964708177e-05
4434,ישמעאלים,6,1.2719301964708177e-05
4435,יתאבל,6,1.2719301964708177e-05
4436,מכרו,6,1.2719301964708177e-05
4437,כסתה,6,1.2719301964708177e-05
4438,זנונים,6,1.2719301964708177e-05
4439,תשרף,6,1.2719301964708177e-05
4440,יכר,6,1.2719301964708177e-05
4441,ישרת,6,1.2719301964708177e-05
4442,משקים,6,1.2719301964708177e-05
4443,תלה,6,1.2719301964708177e-05
4444,באות,6,1.2719301964708177e-05
4445,מרכבת,6,1.2719301964708177e-05
4446,נחנו,6,1.2719301964708177e-05
4447,תביאו,6,1.2719301964708177e-05
4448,ידוע,6,1.2719301964708177e-05
4449,אמתחתי,6,1.2719301964708177e-05
4450,תרב,6,1.2719301964708177e-05
4451,נקים,6,1.2719301964708177e-05
4452,גשו,6,1.2719301964708177e-05
4453,שלחתם,6,1.2719301964708177e-05
4454,אגידה,6,1.2719301964708177e-05
4455,מיטב,6,1.2719301964708177e-05
4456,השיגו,6,1.2719301964708177e-05
4457,הא,6,1.2719301964708177e-05
4458,חמישית,6,1.2719301964708177e-05
4459,מכרתי,6,1.2719301964708177e-05
4460,קברתי,6,1.2719301964708177e-05
4461,צות,6,1.2719301964708177e-05
4462,תקראנה,6,1.2719301964708177e-05
4463,תשליכ,6,1.2719301964708177e-05
4464,תחיו,6,1.2719301964708177e-05
4465,גרשם,6,1.2719301964708177e-05
4466,נעלי,6,1.2719301964708177e-05
4467,עומד,6,1.2719301964708177e-05
4468,נגשי,6,1.2719301964708177e-05
4469,עשוי,6,1.2719301964708177e-05
4470,תמצאו,6,1.2719301964708177e-05
4471,דגה,6,1.2719301964708177e-05
4472,הך,6,1.2719301964708177e-05
4473,זבחו,6,1.2719301964708177e-05
4474,עםפ,6,1.2719301964708177e-05
4475,אבק,6,1.2719301964708177e-05
4476,קלות,6,1.2719301964708177e-05
4477,נהג,6,1.2719301964708177e-05
4478,הותיר,6,1.2719301964708177e-05
4479,שכנ,6,1.2719301964708177e-05
4480,נפשת,6,1.2719301964708177e-05
4481,דברתם,6,1.2719301964708177e-05
4482,תחזק,6,1.2719301964708177e-05
4483,ינצלו,6,1.2719301964708177e-05
4484,זכרים,6,1.2719301964708177e-05
4485,ישיגו,6,1.2719301964708177e-05
4486,קמי,6,1.2719301964708177e-05
4487,תטע,6,1.2719301964708177e-05
4488,נביאה,6,1.2719301964708177e-05
4489,יור,6,1.2719301964708177e-05
4490,סין,6,1.2719301964708177e-05
4491,נמס,6,1.2719301964708177e-05
4492,אפו,6,1.2719301964708177e-05
4493,תלאה,6,1.2719301964708177e-05
4494,סגלה,6,1.2719301964708177e-05
4495,תחתית,6,1.2719301964708177e-05
4496,תשתחוה,6,1.2719301964708177e-05
4497,רבעים,6,1.2719301964708177e-05
4498,נסות,6,1.2719301964708177e-05
4499,מעלת,6,1.2719301964708177e-05
4500,יגרע,6,1.2719301964708177e-05
4501,שנ,6,1.2719301964708177e-05
4502,יחצו,6,1.2719301964708177e-05
4503,יחרם,6,1.2719301964708177e-05
4504,צררי,6,1.2719301964708177e-05
4505,אגרש,6,1.2719301964708177e-05
4506,לבנת,6,1.2719301964708177e-05
4507,מאדמים,6,1.2719301964708177e-05
4508,תחשים,6,1.2719301964708177e-05
4509,קצותי,6,1.2719301964708177e-05
4510,משקדים,6,1.2719301964708177e-05
4511,קרסי,6,1.2719301964708177e-05
4512,ששית,6,1.2719301964708177e-05
4513,ידתי,6,1.2719301964708177e-05
4514,הובא,6,1.2719301964708177e-05
4515,כהנ,6,1.2719301964708177e-05
4516,פתחת,6,1.2719301964708177e-05
4517,הלבשת,6,1.2719301964708177e-05
4518,משחים,6,1.2719301964708177e-05
4519,הקרבת,6,1.2719301964708177e-05
4520,כהנה,6,1.2719301964708177e-05
4521,נרת,6,1.2719301964708177e-05
4522,רחצ,6,1.2719301964708177e-05
4523,הנחם,6,1.2719301964708177e-05
4524,ארחם,6,1.2719301964708177e-05
4525,שברת,6,1.2719301964708177e-05
4526,אסיף,6,1.2719301964708177e-05
4527,יחבר,6,1.2719301964708177e-05
4528,צפוי,6,1.2719301964708177e-05
4529,רמן,6,1.2719301964708177e-05
4530,ערכו,6,1.2719301964708177e-05
4531,כרעים,6,1.2719301964708177e-05
4532,אזכרת,6,1.2719301964708177e-05
4533,כשב,6,1.2719301964708177e-05
4534,הפקד,6,1.2719301964708177e-05
4535,פשט,6,1.2719301964708177e-05
4536,הקהל,6,1.2719301964708177e-05
4537,ירנו,6,1.2719301964708177e-05
4538,מעלי,6,1.2719301964708177e-05
4539,חסידה,6,1.2719301964708177e-05
4540,צפרים,6,1.2719301964708177e-05
4541,שמאלית,6,1.2719301964708177e-05
4542,עתי,6,1.2719301964708177e-05
4543,עניתם,6,1.2719301964708177e-05
4544,תזבחו,6,1.2719301964708177e-05
4545,תלין,6,1.2719301964708177e-05
4546,תשפט,6,1.2719301964708177e-05
4547,רכיל,6,1.2719301964708177e-05
4548,רביעת,6,1.2719301964708177e-05
4549,תזנה,6,1.2719301964708177e-05
4550,יחללו,6,1.2719301964708177e-05
4551,זנה,6,1.2719301964708177e-05
4552,תחל,6,1.2719301964708177e-05
4553,בתולי,6,1.2719301964708177e-05
4554,גרב,6,1.2719301964708177e-05
4555,תקראו,6,1.2719301964708177e-05
4556,קלי,6,1.2719301964708177e-05
4557,עצרת,6,1.2719301964708177e-05
4558,נרות,6,1.2719301964708177e-05
4559,מערכות,6,1.2719301964708177e-05
4560,שלמית,6,1.2719301964708177e-05
4561,תרבה,6,1.2719301964708177e-05
4562,השמדתי,6,1.2719301964708177e-05
4563,יכנע,6,1.2719301964708177e-05
4564,המר,6,1.2719301964708177e-05
4565,אחיעזר,6,1.2719301964708177e-05
4566,אליסף,6,1.2719301964708177e-05
4567,נקבו,6,1.2719301964708177e-05
4568,התפקדו,6,1.2719301964708177e-05
4569,אחרנה,6,1.2719301964708177e-05
4570,העמדת,6,1.2719301964708177e-05
4571,יפרשו,6,1.2719301964708177e-05
4572,מאררים,6,1.2719301964708177e-05
4573,מאסף,6,1.2719301964708177e-05
4574,ירדתי,6,1.2719301964708177e-05
4575,תבכו,6,1.2719301964708177e-05
4576,יתנבאו,6,1.2719301964708177e-05
4577,התאוה,6,1.2719301964708177e-05
4578,תסגר,6,1.2719301964708177e-05
4579,עמיאל,6,1.2719301964708177e-05
4580,עליתם,6,1.2719301964708177e-05
4581,אשכול,6,1.2719301964708177e-05
4582,יכול,6,1.2719301964708177e-05
4583,עברנו,6,1.2719301964708177e-05
4584,יתמו,6,1.2719301964708177e-05
4585,ישכמו,6,1.2719301964708177e-05
4586,קראי,6,1.2719301964708177e-05
4587,הנחת,6,1.2719301964708177e-05
4588,פתוח,6,1.2719301964708177e-05
4589,נשען,6,1.2719301964708177e-05
4590,נשקפה,6,1.2719301964708177e-05
4591,אבדת,6,1.2719301964708177e-05
4592,יקץ,6,1.2719301964708177e-05
4593,נטות,6,1.2719301964708177e-05
4594,יישר,6,1.2719301964708177e-05
4595,גלוי,6,1.2719301964708177e-05
4596,גנת,6,1.2719301964708177e-05
4597,מחץ,6,1.2719301964708177e-05
4598,זרחי,6,1.2719301964708177e-05
4599,דיבן,6,1.2719301964708177e-05
4600,חר,6,1.2719301964708177e-05
4601,עציון,6,1.2719301964708177e-05
4602,תרבו,6,1.2719301964708177e-05
4603,דמיתי,6,1.2719301964708177e-05
4604,ידעים,6,1.2719301964708177e-05
4605,שתיתם,6,1.2719301964708177e-05
4606,מתם,6,1.2719301964708177e-05
4607,צידנים,6,1.2719301964708177e-05
4608,שרין,6,1.2719301964708177e-05
4609,גשורי,6,1.2719301964708177e-05
4610,לחות,6,1.2719301964708177e-05
4611,ישחית,6,1.2719301964708177e-05
4612,השבת,6,1.2719301964708177e-05
4613,תלמד,6,1.2719301964708177e-05
4614,הרף,6,1.2719301964708177e-05
4615,סרתם,6,1.2719301964708177e-05
4616,פדית,6,1.2719301964708177e-05
4617,שנהס,6,1.2719301964708177e-05
4618,דרשת,6,1.2719301964708177e-05
4619,פנית,6,1.2719301964708177e-05
4620,תסור,6,1.2719301964708177e-05
4621,הרבות,6,1.2719301964708177e-05
4622,נדח,6,1.2719301964708177e-05
4623,סורר,6,1.2719301964708177e-05
4624,דכא,6,1.2719301964708177e-05
4625,כיס,6,1.2719301964708177e-05
4626,בערתי,6,1.2719301964708177e-05
4627,ירקון,6,1.2719301964708177e-05
4628,חרס,6,1.2719301964708177e-05
4629,גבהות,6,1.2719301964708177e-05
4630,ישיש,6,1.2719301964708177e-05
4631,ישנ,6,1.2719301964708177e-05
4632,למדו,6,1.2719301964708177e-05
4633,עזבתי,6,1.2719301964708177e-05
4634,הסתר,6,1.2719301964708177e-05
4635,שימ,6,1.2719301964708177e-05
4636,עזוב,6,1.2719301964708177e-05
4637,ארפא,6,1.2719301964708177e-05
4638,משנא,6,1.2719301964708177e-05
4639,מעברות,6,1.2719301964708177e-05
4640,רדפים,6,1.2719301964708177e-05
4641,הוביש,6,1.2719301964708177e-05
4642,סבו,6,1.2719301964708177e-05
4643,שביעית,6,1.2719301964708177e-05
4644,עכן,6,1.2719301964708177e-05
4645,זבדי,6,1.2719301964708177e-05
4646,גדולס,6,1.2719301964708177e-05
4647,ירוצו,6,1.2719301964708177e-05
4648,בארות,6,1.2719301964708177e-05
4649,רחוקים,6,1.2719301964708177e-05
4650,אץ,6,1.2719301964708177e-05
4651,מלחמהפ,6,1.2719301964708177e-05
4652,הןפ,6,1.2719301964708177e-05
4653,יחלקו,6,1.2719301964708177e-05
4654,גנים,6,1.2719301964708177e-05
4655,גדרות,6,1.2719301964708177e-05
4656,ארכי,6,1.2719301964708177e-05
4657,שאן,6,1.2719301964708177e-05
4658,חלקים,6,1.2719301964708177e-05
4659,אשליך,6,1.2719301964708177e-05
4660,עפרה,6,1.2719301964708177e-05
4661,רקת,6,1.2719301964708177e-05
4662,גבתון,6,1.2719301964708177e-05
4663,יסגרו,6,1.2719301964708177e-05
4664,גליל,6,1.2719301964708177e-05
4665,מרד,6,1.2719301964708177e-05
4666,דאגה,6,1.2719301964708177e-05
4667,תשתחוו,6,1.2719301964708177e-05
4668,תשובו,6,1.2719301964708177e-05
4669,מסס,6,1.2719301964708177e-05
4670,מפתח,6,1.2719301964708177e-05
4671,קישון,6,1.2719301964708177e-05
4672,מערות,6,1.2719301964708177e-05
4673,אלפ,6,1.2719301964708177e-05
4674,גזה,6,1.2719301964708177e-05
4675,חרד,6,1.2719301964708177e-05
4676,יחזיקו,6,1.2719301964708177e-05
4677,יזנו,6,1.2719301964708177e-05
4678,מחלות,6,1.2719301964708177e-05
4679,עכר,6,1.2719301964708177e-05
4680,נקמות,6,1.2719301964708177e-05
4681,שאלתי,6,1.2719301964708177e-05
4682,חליפות,6,1.2719301964708177e-05
4683,דלילה,6,1.2719301964708177e-05
4684,שקט,6,1.2719301964708177e-05
4685,סעד,6,1.2719301964708177e-05
4686,יבוס,6,1.2719301964708177e-05
4687,חמורים,6,1.2719301964708177e-05
4688,יבהל,6,1.2719301964708177e-05
4689,אלין,6,1.2719301964708177e-05
4690,מידע,6,1.2719301964708177e-05
4691,נערות,6,1.2719301964708177e-05
4692,רעבים,6,1.2719301964708177e-05
4693,אמללה,6,1.2719301964708177e-05
4694,יחתו,6,1.2719301964708177e-05
4695,ינגף,6,1.2719301964708177e-05
4696,קרעים,6,1.2719301964708177e-05
4697,זעק,6,1.2719301964708177e-05
4698,דאג,6,1.2719301964708177e-05
4699,יעצר,6,1.2719301964708177e-05
4700,נצא,6,1.2719301964708177e-05
4701,יגלו,6,1.2719301964708177e-05
4702,אילנ,6,1.2719301964708177e-05
4703,יאספ,6,1.2719301964708177e-05
4704,חמל,6,1.2719301964708177e-05
4705,החזקתי,6,1.2719301964708177e-05
4706,חגר,6,1.2719301964708177e-05
4707,ניות,6,1.2719301964708177e-05
4708,ערם,6,1.2719301964708177e-05
4709,נב,6,1.2719301964708177e-05
4710,ישימון,6,1.2719301964708177e-05
4711,נבלי,6,1.2719301964708177e-05
4712,משתין,6,1.2719301964708177e-05
4713,נשבו,6,1.2719301964708177e-05
4714,מובא,6,1.2719301964708177e-05
4715,ירפו,6,1.2719301964708177e-05
4716,יברחו,6,1.2719301964708177e-05
4717,שנאו,6,1.2719301964708177e-05
4718,אחיו,6,1.2719301964708177e-05
4719,משחקים,6,1.2719301964708177e-05
4720,חזיון,6,1.2719301964708177e-05
4721,אבשי,6,1.2719301964708177e-05
4722,הקימ,6,1.2719301964708177e-05
4723,שכול,6,1.2719301964708177e-05
4724,פול,6,1.2719301964708177e-05
4725,ארצה,6,1.2719301964708177e-05
4726,שרות,6,1.2719301964708177e-05
4727,תבחר,6,1.2719301964708177e-05
4728,הגה,6,1.2719301964708177e-05
4729,עירא,6,1.2719301964708177e-05
4730,גבענים,6,1.2719301964708177e-05
4731,סבכי,6,1.2719301964708177e-05
4732,תרעש,6,1.2719301964708177e-05
4733,עורר,6,1.2719301964708177e-05
4734,מפקד,6,1.2719301964708177e-05
4735,השבעתי,6,1.2719301964708177e-05
4736,יחכם,6,1.2719301964708177e-05
4737,מחול,6,1.2719301964708177e-05
4738,גבים,6,1.2719301964708177e-05
4739,מדת,6,1.2719301964708177e-05
4740,מכונה,6,1.2719301964708177e-05
4741,מנרות,6,1.2719301964708177e-05
4742,תשלם,6,1.2719301964708177e-05
4743,מתפלל,6,1.2719301964708177e-05
4744,פתחות,6,1.2719301964708177e-05
4745,חסיל,6,1.2719301964708177e-05
4746,הכיל,6,1.2719301964708177e-05
4747,זאתפ,6,1.2719301964708177e-05
4748,פרדים,6,1.2719301964708177e-05
4749,שקמים,6,1.2719301964708177e-05
4750,גבירה,6,1.2719301964708177e-05
4751,הכביד,6,1.2719301964708177e-05
4752,עגלי,6,1.2719301964708177e-05
4753,השלכת,6,1.2719301964708177e-05
4754,אבים,6,1.2719301964708177e-05
4755,גללים,6,1.2719301964708177e-05
4756,ארמון,6,1.2719301964708177e-05
4757,נקל,6,1.2719301964708177e-05
4758,צרפת,6,1.2719301964708177e-05
4759,קבץ,6,1.2719301964708177e-05
4760,ישנו,6,1.2719301964708177e-05
4761,יתפשו,6,1.2719301964708177e-05
4762,מחמד,6,1.2719301964708177e-05
4763,חרמ,6,1.2719301964708177e-05
4764,שלחי,6,1.2719301964708177e-05
4765,אבנ,6,1.2719301964708177e-05
4766,יפילו,6,1.2719301964708177e-05
4767,הקיץ,6,1.2719301964708177e-05
4768,טהרתי,6,1.2719301964708177e-05
4769,ירמס,6,1.2719301964708177e-05
4770,חזהאל,6,1.2719301964708177e-05
4771,שפעת,6,1.2719301964708177e-05
4772,זנוני,6,1.2719301964708177e-05
4773,דמן,6,1.2719301964708177e-05
4774,מפקדים,6,1.2719301964708177e-05
4775,הגלו,6,1.2719301964708177e-05
4776,ימרד,6,1.2719301964708177e-05
4777,מסלת,6,1.2719301964708177e-05
4778,עליתי,6,1.2719301964708177e-05
4779,ארפד,6,1.2719301964708177e-05
4780,שחתו,6,1.2719301964708177e-05
4781,יצרתי,6,1.2719301964708177e-05
4782,גגות,6,1.2719301964708177e-05
4783,נטשתי,6,1.2719301964708177e-05
4784,נבכדנאצר,6,1.2719301964708177e-05
4785,בבלס,6,1.2719301964708177e-05
4786,דיק,6,1.2719301964708177e-05
4787,רבלת,6,1.2719301964708177e-05
4788,נתצו,6,1.2719301964708177e-05
4789,יריעות,6,1.2719301964708177e-05
4790,ששן,6,1.2719301964708177e-05
4791,יכניה,6,1.2719301964708177e-05
4792,שכניה,6,1.2719301964708177e-05
4793,אליועיני,6,1.2719301964708177e-05
4794,עזריקם,6,1.2719301964708177e-05
4795,שבעהס,6,1.2719301964708177e-05
4796,שוחה,6,1.2719301964708177e-05
4797,הודיה,6,1.2719301964708177e-05
4798,מלוך,6,1.2719301964708177e-05
4799,ישיה,6,1.2719301964708177e-05
4800,ידיעאל,6,1.2719301964708177e-05
4801,שפים,6,1.2719301964708177e-05
4802,לעדן,6,1.2719301964708177e-05
4803,יפלט,6,1.2719301964708177e-05
4804,שלושים,6,1.2719301964708177e-05
4805,יחזיאל,6,1.2719301964708177e-05
4806,עזראל,6,1.2719301964708177e-05
4807,יודעי,6,1.2719301964708177e-05
4808,עשריםס,6,1.2719301964708177e-05
4809,עלמות,6,1.2719301964708177e-05
4810,מחצרים,6,1.2719301964708177e-05
4811,משמיע,6,1.2719301964708177e-05
4812,יוסיפו,6,1.2719301964708177e-05
4813,דרמשק,6,1.2719301964708177e-05
4814,אצבעתי,6,1.2719301964708177e-05
4815,תוסיף,6,1.2719301964708177e-05
4816,הדם,6,1.2719301964708177e-05
4817,מכאב,6,1.2719301964708177e-05
4818,אחרונים,6,1.2719301964708177e-05
4819,תתך,6,1.2719301964708177e-05
4820,חמדות,6,1.2719301964708177e-05
4821,יבהלו,6,1.2719301964708177e-05
4822,זועה,6,1.2719301964708177e-05
4823,מנת,6,1.2719301964708177e-05
4824,ערמות,6,1.2719301964708177e-05
4825,תאמינו,6,1.2719301964708177e-05
4826,פסלים,6,1.2719301964708177e-05
4827,חרבתי,6,1.2719301964708177e-05
4828,העיר,6,1.2719301964708177e-05
4829,ינשאו,6,1.2719301964708177e-05
4830,בגוי,6,1.2719301964708177e-05
4831,בבי,6,1.2719301964708177e-05
4832,ארתחששתא,6,1.2719301964708177e-05
4833,אגרת,6,1.2719301964708177e-05
4834,הוו,6,1.2719301964708177e-05
4835,עבידת,6,1.2719301964708177e-05
4836,זמנ,6,1.2719301964708177e-05
4837,גנזי,6,1.2719301964708177e-05
4838,מאמר,6,1.2719301964708177e-05
4839,דינ,6,1.2719301964708177e-05
4840,גדליה,6,1.2719301964708177e-05
4841,דלתתי,6,1.2719301964708177e-05
4842,מחזיקים,6,1.2719301964708177e-05
4843,שבניה,6,1.2719301964708177e-05
4844,רדפי,6,1.2719301964708177e-05
4845,לשכה,6,1.2719301964708177e-05
4846,יהודיים,6,1.2719301964708177e-05
4847,כאב,6,1.2719301964708177e-05
4848,לויתן,6,1.2719301964708177e-05
4849,טמון,6,1.2719301964708177e-05
4850,שאגת,6,1.2719301964708177e-05
4851,מלי,6,1.2719301964708177e-05
4852,יצדק,6,1.2719301964708177e-05
4853,יאמין,6,1.2719301964708177e-05
4854,א‍ני,6,1.2719301964708177e-05
4855,כונן,6,1.2719301964708177e-05
4856,שאנן,6,1.2719301964708177e-05
4857,אפיקים,6,1.2719301964708177e-05
4858,משלי,6,1.2719301964708177e-05
4859,נדד,6,1.2719301964708177e-05
4860,ירוץ,6,1.2719301964708177e-05
4861,ידעך,6,1.2719301964708177e-05
4862,אשוע,6,1.2719301964708177e-05
4863,מחשבותי,6,1.2719301964708177e-05
4864,רמו,6,1.2719301964708177e-05
4865,יפעל,6,1.2719301964708177e-05
4866,תוכחות,6,1.2719301964708177e-05
4867,סכה,6,1.2719301964708177e-05
4868,ישרק,6,1.2719301964708177e-05
4869,יצוק,6,1.2719301964708177e-05
4870,חבש,6,1.2719301964708177e-05
4871,פנינים,6,1.2719301964708177e-05
4872,מכאוב,6,1.2719301964708177e-05
4873,השכילו,6,1.2719301964708177e-05
4874,פנת,6,1.2719301964708177e-05
4875,שומ,6,1.2719301964708177e-05
4876,משכנותי,6,1.2719301964708177e-05
4877,אבוס,6,1.2719301964708177e-05
4878,מזמה,6,1.2719301964708177e-05
4879,גרונ,6,1.2719301964708177e-05
4880,אמלל,6,1.2719301964708177e-05
4881,פרק,6,1.2719301964708177e-05
4882,לבות,6,1.2719301964708177e-05
4883,יסדת,6,1.2719301964708177e-05
4884,דרשי,6,1.2719301964708177e-05
4885,טמנו,6,1.2719301964708177e-05
4886,אמוט,6,1.2719301964708177e-05
4887,אבדו,6,1.2719301964708177e-05
4888,מכתם,6,1.2719301964708177e-05
4889,נזהר,6,1.2719301964708177e-05
4890,אהלל,6,1.2719301964708177e-05
4891,עזוז,6,1.2719301964708177e-05
4892,בוגדים,6,1.2719301964708177e-05
4893,תסתר,6,1.2719301964708177e-05
4894,רני,6,1.2719301964708177e-05
4895,רננו,6,1.2719301964708177e-05
4896,יכלמו,6,1.2719301964708177e-05
4897,שמחי,6,1.2719301964708177e-05
4898,חונן,6,1.2719301964708177e-05
4899,יהמו,6,1.2719301964708177e-05
4900,חומתי,6,1.2719301964708177e-05
4901,תבטחו,6,1.2719301964708177e-05
4902,יהלל,6,1.2719301964708177e-05
4903,סוררים,6,1.2719301964708177e-05
4904,עוז,6,1.2719301964708177e-05
4905,שושנים,6,1.2719301964708177e-05
4906,רגזה,6,1.2719301964708177e-05
4907,ישטפו,6,1.2719301964708177e-05
4908,כנה,6,1.2719301964708177e-05
4909,פצחו,6,1.2719301964708177e-05
4910,עלילות,6,1.2719301964708177e-05
4911,מהלך,6,1.2719301964708177e-05
4912,זרות,6,1.2719301964708177e-05
4913,אשכח,6,1.2719301964708177e-05
4914,פרשתי,6,1.2719301964708177e-05
4915,נשגב,6,1.2719301964708177e-05
4916,מזרה,6,1.2719301964708177e-05
4917,אצרתי,6,1.2719301964708177e-05
4918,מרדף,6,1.2719301964708177e-05
4919,ירעה,6,1.2719301964708177e-05
4920,מדונים,6,1.2719301964708177e-05
4921,בוגד,6,1.2719301964708177e-05
4922,סכלות,6,1.2719301964708177e-05
4923,עדנ,6,1.2719301964708177e-05
4924,אלילי,6,1.2719301964708177e-05
4925,מעיר,6,1.2719301964708177e-05
4926,הידד,6,1.2719301964708177e-05
4927,יאור,6,1.2719301964708177e-05
4928,ארמנתי,6,1.2719301964708177e-05
4929,אקבץ,6,1.2719301964708177e-05
4930,מטע,6,1.2719301964708177e-05
4931,תחפנחס,6,1.2719301964708177e-05
4932,הכעס,6,1.2719301964708177e-05
4933,הצתי,6,1.2719301964708177e-05
4934,סגני,6,1.2719301964708177e-05
4935,עריה,6,1.2719301964708177e-05
4936,גשמ,6,1.2719301964708177e-05
4937,אהליבה,6,1.2719301964708177e-05
4938,נשברת,6,1.2719301964708177e-05
4939,חד,6,1.2719301964708177e-05
4940,נבכדנצר,6,1.2719301964708177e-05
4941,כשדי,6,1.2719301964708177e-05
4942,רז,6,1.2719301964708177e-05
4943,יומי,6,1.2719301964708177e-05
4944,לשני,6,1.2719301964708177e-05
4945,שלטן,6,1.2719301964708177e-05
4946,דא,6,1.2719301964708177e-05
4947,רברבנו,6,1.2719301964708177e-05
4948,השתכחת,6,1.2719301964708177e-05
4949,יבדל,5,1.059941830392348e-05
4950,יטע,5,1.059941830392348e-05
4951,סובב,5,1.059941830392348e-05
4952,יישן,5,1.059941830392348e-05
4953,לקחה,5,1.059941830392348e-05
4954,ערומים,5,1.059941830392348e-05
4955,תכל,5,1.059941830392348e-05
4956,עשהס,5,1.059941830392348e-05
4957,טהורה,5,1.059941830392348e-05
4958,נפתחו,5,1.059941830392348e-05
4959,ייקץ,5,1.059941830392348e-05
4960,לוד,5,1.059941830392348e-05
4961,יקטן,5,1.059941830392348e-05
4962,אחדים,5,1.059941830392348e-05
4963,שרוג,5,1.059941830392348e-05
4964,נשבה,5,1.059941830392348e-05
4965,ילידי,5,1.059941830392348e-05
4966,מצרית,5,1.059941830392348e-05
4967,פרא,5,1.059941830392348e-05
4968,יליד,5,1.059941830392348e-05
4969,ברכתי,5,1.059941830392348e-05
4970,ימל,5,1.059941830392348e-05
4971,גש,5,1.059941830392348e-05
4972,לקחי,5,1.059941830392348e-05
4973,תביט,5,1.059941830392348e-05
4974,אמהתי,5,1.059941830392348e-05
4975,גזלו,5,1.059941830392348e-05
4976,נסה,5,1.059941830392348e-05
4977,מאכלת,5,1.059941830392348e-05
4978,ישקל,5,1.059941830392348e-05
4979,תאבה,5,1.059941830392348e-05
4980,שאב,5,1.059941830392348e-05
4981,מספוא,5,1.059941830392348e-05
4982,פניתי,5,1.059941830392348e-05
4983,אברך,5,1.059941830392348e-05
4984,הנח,5,1.059941830392348e-05
4985,מתנת,5,1.059941830392348e-05
4986,משמע,5,1.059941830392348e-05
4987,יגדלו,5,1.059941830392348e-05
4988,צידה,5,1.059941830392348e-05
4989,ימש,5,1.059941830392348e-05
4990,הכיר,5,1.059941830392348e-05
4991,שערת,5,1.059941830392348e-05
4992,פרצת,5,1.059941830392348e-05
4993,משכרת,5,1.059941830392348e-05
4994,אחרות,5,1.059941830392348e-05
4995,עמדה,5,1.059941830392348e-05
4996,דודאי,5,1.059941830392348e-05
4997,נקב,5,1.059941830392348e-05
4998,קשרים,5,1.059941830392348e-05
4999,גזז,5,1.059941830392348e-05
5000,תגנב,5,1.059941830392348e-05
5001,יגנב,5,1.059941830392348e-05
5002,תשאל,5,1.059941830392348e-05
5003,יזרח,5,1.059941830392348e-05
5004,תגש,5,1.059941830392348e-05
5005,לקחנו,5,1.059941830392348e-05
5006,הלכנו,5,1.059941830392348e-05
5007,תכ,5,1.059941830392348e-05
5008,צפו,5,1.059941830392348e-05
5009,פסים,5,1.059941830392348e-05
5010,לט,5,1.059941830392348e-05
5011,גז,5,1.059941830392348e-05
5012,תתפש,5,1.059941830392348e-05
5013,הופ,5,1.059941830392348e-05
5014,תרעינה,5,1.059941830392348e-05
5015,אחו,5,1.059941830392348e-05
5016,תעמדנה,5,1.059941830392348e-05
5017,חרטמי,5,1.059941830392348e-05
5018,אן,5,1.059941830392348e-05
5019,אסון,5,1.059941830392348e-05
5020,קשות,5,1.059941830392348e-05
5021,הורידו,5,1.059941830392348e-05
5022,ירחצו,5,1.059941830392348e-05
5023,יכינו,5,1.059941830392348e-05
5024,יקדו,5,1.059941830392348e-05
5025,ישכרו,5,1.059941830392348e-05
5026,גביע,5,1.059941830392348e-05
5027,תספו,5,1.059941830392348e-05
5028,צויתה,5,1.059941830392348e-05
5029,תחס,5,1.059941830392348e-05
5030,פלוא,5,1.059941830392348e-05
5031,ישוי,5,1.059941830392348e-05
5032,גוני,5,1.059941830392348e-05
5033,רעמסס,5,1.059941830392348e-05
5034,נכחד,5,1.059941830392348e-05
5035,כבדו,5,1.059941830392348e-05
5036,האספו,5,1.059941830392348e-05
5037,חללת,5,1.059941830392348e-05
5038,זרעי,5,1.059941830392348e-05
5039,הור,5,1.059941830392348e-05
5040,יטרף,5,1.059941830392348e-05
5041,נאסף,5,1.059941830392348e-05
5042,סבלת,5,1.059941830392348e-05
5043,פרך,5,1.059941830392348e-05
5044,ןס,5,1.059941830392348e-05
5045,יגרשו,5,1.059941830392348e-05
5046,השליכ,5,1.059941830392348e-05
5047,מתכנת,5,1.059941830392348e-05
5048,קרחי,5,1.059941830392348e-05
5049,השלך,5,1.059941830392348e-05
5050,נצבת,5,1.059941830392348e-05
5051,באש,5,1.059941830392348e-05
5052,יארים,5,1.059941830392348e-05
5053,הכבד,5,1.059941830392348e-05
5054,העמדתי,5,1.059941830392348e-05
5055,קלת,5,1.059941830392348e-05
5056,ימטר,5,1.059941830392348e-05
5057,נכו,5,1.059941830392348e-05
5058,רחים,5,1.059941830392348e-05
5059,בשל,5,1.059941830392348e-05
5060,תשרפו,5,1.059941830392348e-05
5061,מצת,5,1.059941830392348e-05
5062,אזוב,5,1.059941830392348e-05
5063,בצק,5,1.059941830392348e-05
5064,תשברו,5,1.059941830392348e-05
5065,ימימ,5,1.059941830392348e-05
5066,העברת,5,1.059941830392348e-05
5067,שגר,5,1.059941830392348e-05
5068,הקשה,5,1.059941830392348e-05
5069,צפן,5,1.059941830392348e-05
5070,אכבדה,5,1.059941830392348e-05
5071,הרם,5,1.059941830392348e-05
5072,יבקעו,5,1.059941830392348e-05
5073,נסים,5,1.059941830392348e-05
5074,נהו,5,1.059941830392348e-05
5075,אריק,5,1.059941830392348e-05
5076,ילנו,5,1.059941830392348e-05
5077,אילמ,5,1.059941830392348e-05
5078,תלינו,5,1.059941830392348e-05
5079,יותרו,5,1.059941830392348e-05
5080,האכלתי,5,1.059941830392348e-05
5081,סקל,5,1.059941830392348e-05
5082,מסה,5,1.059941830392348e-05
5083,הודעתי,5,1.059941830392348e-05
5084,תורתי,5,1.059941830392348e-05
5085,השמרו,5,1.059941830392348e-05
5086,תמונה,5,1.059941830392348e-05
5087,תחמד,5,1.059941830392348e-05
5088,אזכיר,5,1.059941830392348e-05
5089,הנפת,5,1.059941830392348e-05
5090,נגפו,5,1.059941830392348e-05
5091,זרחה,5,1.059941830392348e-05
5092,תקלל,5,1.059941830392348e-05
5093,תטה,5,1.059941830392348e-05
5094,שביעת,5,1.059941830392348e-05
5095,אדן,5,1.059941830392348e-05
5096,תבשל,5,1.059941830392348e-05
5097,השתחויתם,5,1.059941830392348e-05
5098,יחזו,5,1.059941830392348e-05
5099,צלעת,5,1.059941830392348e-05
5100,קני,5,1.059941830392348e-05
5101,ירכתים,5,1.059941830392348e-05
5102,הראית,5,1.059941830392348e-05
5103,פאה,5,1.059941830392348e-05
5104,כתית,5,1.059941830392348e-05
5105,עבתת,5,1.059941830392348e-05
5106,גבלת,5,1.059941830392348e-05
5107,כתפות,5,1.059941830392348e-05
5108,מכנסי,5,1.059941830392348e-05
5109,בלולת,5,1.059941830392348e-05
5110,רקיקי,5,1.059941830392348e-05
5111,קרנת,5,1.059941830392348e-05
5112,סמכו,5,1.059941830392348e-05
5113,אהליאב,5,1.059941830392348e-05
5114,שרד,5,1.059941830392348e-05
5115,נזמי,5,1.059941830392348e-05
5116,נחה,5,1.059941830392348e-05
5117,נגשו,5,1.059941830392348e-05
5118,יעבירו,5,1.059941830392348e-05
5119,תקים,5,1.059941830392348e-05
5120,הקריבו,5,1.059941830392348e-05
5121,זרקו,5,1.059941830392348e-05
5122,יבדיל,5,1.059941830392348e-05
5123,מחבת,5,1.059941830392348e-05
5124,פתים,5,1.059941830392348e-05
5125,כסלים,5,1.059941830392348e-05
5126,מד,5,1.059941830392348e-05
5127,חלבי,5,1.059941830392348e-05
5128,יובא,5,1.059941830392348e-05
5129,תודת,5,1.059941830392348e-05
5130,יסמך,5,1.059941830392348e-05
5131,יסמכו,5,1.059941830392348e-05
5132,ידם,5,1.059941830392348e-05
5133,סנפיר,5,1.059941830392348e-05
5134,קשקשת,5,1.059941830392348e-05
5135,קאת,5,1.059941830392348e-05
5136,נרפא,5,1.059941830392348e-05
5137,כהןס,5,1.059941830392348e-05
5138,קרחת,5,1.059941830392348e-05
5139,צרוע,5,1.059941830392348e-05
5140,אזב,5,1.059941830392348e-05
5141,גלח,5,1.059941830392348e-05
5142,תמימים,5,1.059941830392348e-05
5143,לג,5,1.059941830392348e-05
5144,משכנ,5,1.059941830392348e-05
5145,זנים,5,1.059941830392348e-05
5146,נעשו,5,1.059941830392348e-05
5147,תכלה,5,1.059941830392348e-05
5148,כלאים,5,1.059941830392348e-05
5149,איפת,5,1.059941830392348e-05
5150,נאף,5,1.059941830392348e-05
5151,תירשו,5,1.059941830392348e-05
5152,קרובה,5,1.059941830392348e-05
5153,גרושה,5,1.059941830392348e-05
5154,יחלל,5,1.059941830392348e-05
5155,חמשית,5,1.059941830392348e-05
5156,נדבות,5,1.059941830392348e-05
5157,כרות,5,1.059941830392348e-05
5158,נקדשתי,5,1.059941830392348e-05
5159,קראתם,5,1.059941830392348e-05
5160,ענף,5,1.059941830392348e-05
5161,הושבתי,5,1.059941830392348e-05
5162,אזכרה,5,1.059941830392348e-05
5163,תמכר,5,1.059941830392348e-05
5164,גאלה,5,1.059941830392348e-05
5165,מרבית,5,1.059941830392348e-05
5166,הקימתי,5,1.059941830392348e-05
5167,שכלה,5,1.059941830392348e-05
5168,השמתי,5,1.059941830392348e-05
5169,נדף,5,1.059941830392348e-05
5170,יעקוב,5,1.059941830392348e-05
5171,ימיר,5,1.059941830392348e-05
5172,תמורת,5,1.059941830392348e-05
5173,יקדיש,5,1.059941830392348e-05
5174,אליצור,5,1.059941830392348e-05
5175,שלמיאל,5,1.059941830392348e-05
5176,חלן,5,1.059941830392348e-05
5177,גמליאל,5,1.059941830392348e-05
5178,אבידן,5,1.059941830392348e-05
5179,פגעיאל,5,1.059941830392348e-05
5180,אחירע,5,1.059941830392348e-05
5181,יקימו,5,1.059941830392348e-05
5182,פדויי,5,1.059941830392348e-05
5183,נסתרה,5,1.059941830392348e-05
5184,רחקה,5,1.059941830392348e-05
5185,תקעתם,5,1.059941830392348e-05
5186,ייטיב,5,1.059941830392348e-05
5187,רבבות,5,1.059941830392348e-05
5188,מתנבאים,5,1.059941830392348e-05
5189,חידת,5,1.059941830392348e-05
5190,יביט,5,1.059941830392348e-05
5191,תאסף,5,1.059941830392348e-05
5192,נבנתה,5,1.059941830392348e-05
5193,קרעו,5,1.059941830392348e-05
5194,יכתו,5,1.059941830392348e-05
5195,הכרת,5,1.059941830392348e-05
5196,ציצת,5,1.059941830392348e-05
5197,הביאת,5,1.059941830392348e-05
5198,פחים,5,1.059941830392348e-05
5199,יקדשו,5,1.059941830392348e-05
5200,שרפים,5,1.059941830392348e-05
5201,יפרח,5,1.059941830392348e-05
5202,נחשב,5,1.059941830392348e-05
5203,יתחטא,5,1.059941830392348e-05
5204,נעברה,5,1.059941830392348e-05
5205,ערד,5,1.059941830392348e-05
5206,כרו,5,1.059941830392348e-05
5207,דיבון,5,1.059941830392348e-05
5208,מידבא,5,1.059941830392348e-05
5209,חלקי,5,1.059941830392348e-05
5210,נעה,5,1.059941830392348e-05
5211,תחלק,5,1.059941830392348e-05
5212,ראיתה,5,1.059941830392348e-05
5213,יסלח,5,1.059941830392348e-05
5214,בדיל,5,1.059941830392348e-05
5215,צבאים,5,1.059941830392348e-05
5216,שבמה,5,1.059941830392348e-05
5217,מסכת,5,1.059941830392348e-05
5218,תתאו,5,1.059941830392348e-05
5219,רבלה,5,1.059941830392348e-05
5220,בקי,5,1.059941830392348e-05
5221,תסב,5,1.059941830392348e-05
5222,תמרו,5,1.059941830392348e-05
5223,זולתי,5,1.059941830392348e-05
5224,ינחל,5,1.059941830392348e-05
5225,נשמרתם,5,1.059941830392348e-05
5226,ישמיד,5,1.059941830392348e-05
5227,חלו,5,1.059941830392348e-05
5228,ארגב,5,1.059941830392348e-05
5229,אתחנן,5,1.059941830392348e-05
5230,סמל,5,1.059941830392348e-05
5231,השתחוית,5,1.059941830392348e-05
5232,תוליד,5,1.059941830392348e-05
5233,מופתים,5,1.059941830392348e-05
5234,הרב,5,1.059941830392348e-05
5235,חלמיש,5,1.059941830392348e-05
5236,מזוזות,5,1.059941830392348e-05
5237,ירחק,5,1.059941830392348e-05
5238,פרסות,5,1.059941830392348e-05
5239,שמטה,5,1.059941830392348e-05
5240,יחסר,5,1.059941830392348e-05
5241,גרנ,5,1.059941830392348e-05
5242,אלהפ,5,1.059941830392348e-05
5243,תרדף,5,1.059941830392348e-05
5244,יאריך,5,1.059941830392348e-05
5245,נדחה,5,1.059941830392348e-05
5246,זמם,5,1.059941830392348e-05
5247,חפצת,5,1.059941830392348e-05
5248,נחלהס,5,1.059941830392348e-05
5249,שי,5,1.059941830392348e-05
5250,כנפות,5,1.059941830392348e-05
5251,עמוני,5,1.059941830392348e-05
5252,קרה,5,1.059941830392348e-05
5253,הלכה,5,1.059941830392348e-05
5254,יבמת,5,1.059941830392348e-05
5255,שדפון,5,1.059941830392348e-05
5256,גזול,5,1.059941830392348e-05
5257,טבוח,5,1.059941830392348e-05
5258,רצוץ,5,1.059941830392348e-05
5259,כליון,5,1.059941830392348e-05
5260,אלות,5,1.059941830392348e-05
5261,זאתס,5,1.059941830392348e-05
5262,אעידה,5,1.059941830392348e-05
5263,אישון,5,1.059941830392348e-05
5264,יקנא,5,1.059941830392348e-05
5265,ינאץ,5,1.059941830392348e-05
5266,אספה,5,1.059941830392348e-05
5267,תשכל,5,1.059941830392348e-05
5268,אמית,5,1.059941830392348e-05
5269,תצו,5,1.059941830392348e-05
5270,הופיע,5,1.059941830392348e-05
5271,ידיד,5,1.059941830392348e-05
5272,מגד,5,1.059941830392348e-05
5273,מנעלי,5,1.059941830392348e-05
5274,נושע,5,1.059941830392348e-05
5275,נתקו,5,1.059941830392348e-05
5276,מורד,5,1.059941830392348e-05
5277,עכור,5,1.059941830392348e-05
5278,מארב,5,1.059941830392348e-05
5279,יתקבצו,5,1.059941830392348e-05
5280,יפיע,5,1.059941830392348e-05
5281,קציני,5,1.059941830392348e-05
5282,אשס,5,1.059941830392348e-05
5283,נשארה,5,1.059941830392348e-05
5284,גלילות,5,1.059941830392348e-05
5285,אדמים,5,1.059941830392348e-05
5286,גדור,5,1.059941830392348e-05
5287,תחתון,5,1.059941830392348e-05
5288,נערת,5,1.059941830392348e-05
5289,יפו,5,1.059941830392348e-05
5290,ארבעס,5,1.059941830392348e-05
5291,נכסים,5,1.059941830392348e-05
5292,בחרתם,5,1.059941830392348e-05
5293,יושיעו,5,1.059941830392348e-05
5294,הפילו,5,1.059941830392348e-05
5295,ישכחו,5,1.059941830392348e-05
5296,כושן,5,1.059941830392348e-05
5297,תכנע,5,1.059941830392348e-05
5298,נרדם,5,1.059941830392348e-05
5299,אזמר,5,1.059941830392348e-05
5300,גדולים,5,1.059941830392348e-05
5301,שדוד,5,1.059941830392348e-05
5302,הושעת,5,1.059941830392348e-05
5303,ידרשו,5,1.059941830392348e-05
5304,כרעו,5,1.059941830392348e-05
5305,תחזקנה,5,1.059941830392348e-05
5306,כדים,5,1.059941830392348e-05
5307,רקים,5,1.059941830392348e-05
5308,ברה,5,1.059941830392348e-05
5309,יכבדו,5,1.059941830392348e-05
5310,א‍להי,5,1.059941830392348e-05
5311,פשטו,5,1.059941830392348e-05
5312,רוב,5,1.059941830392348e-05
5313,רעותי,5,1.059941830392348e-05
5314,ידעה,5,1.059941830392348e-05
5315,שבלת,5,1.059941830392348e-05
5316,דני,5,1.059941830392348e-05
5317,שאג,5,1.059941830392348e-05
5318,מצאתם,5,1.059941830392348e-05
5319,נקיתי,5,1.059941830392348e-05
5320,אחדל,5,1.059941830392348e-05
5321,שרק,5,1.059941830392348e-05
5322,תאסר,5,1.059941830392348e-05
5323,זרעתי,5,1.059941830392348e-05
5324,צורף,5,1.059941830392348e-05
5325,צדנים,5,1.059941830392348e-05
5326,עצמי,5,1.059941830392348e-05
5327,נגעה,5,1.059941830392348e-05
5328,הדריכ,5,1.059941830392348e-05
5329,בנימןס,5,1.059941830392348e-05
5330,אלימלך,5,1.059941830392348e-05
5331,שבנה,5,1.059941830392348e-05
5332,תשברנה,5,1.059941830392348e-05
5333,מואביה,5,1.059941830392348e-05
5334,קוצרים,5,1.059941830392348e-05
5335,חסות,5,1.059941830392348e-05
5336,נערותי,5,1.059941830392348e-05
5337,השבית,5,1.059941830392348e-05
5338,תתפלל,5,1.059941830392348e-05
5339,עתק,5,1.059941830392348e-05
5340,מכבד,5,1.059941830392348e-05
5341,נקחה,5,1.059941830392348e-05
5342,תדברנה,5,1.059941830392348e-05
5343,שבים,5,1.059941830392348e-05
5344,קבצו,5,1.059941830392348e-05
5345,יעשר,5,1.059941830392348e-05
5346,קראים,5,1.059941830392348e-05
5347,אשמיע,5,1.059941830392348e-05
5348,יגבה,5,1.059941830392348e-05
5349,מאדפ,5,1.059941830392348e-05
5350,עדפ,5,1.059941830392348e-05
5351,חרדו,5,1.059941830392348e-05
5352,יעט,5,1.059941830392348e-05
5353,פצו,5,1.059941830392348e-05
5354,הגישו,5,1.059941830392348e-05
5355,אודיע,5,1.059941830392348e-05
5356,מנגן,5,1.059941830392348e-05
5357,ארגים,5,1.059941830392348e-05
5358,יבט,5,1.059941830392348e-05
5359,ישכיל,5,1.059941830392348e-05
5360,התחתן,5,1.059941830392348e-05
5361,מאדס,5,1.059941830392348e-05
5362,נוית,5,1.059941830392348e-05
5363,רוץ,5,1.059941830392348e-05
5364,דודס,5,1.059941830392348e-05
5365,עצרה,5,1.059941830392348e-05
5366,המיתו,5,1.059941830392348e-05
5367,דעי,5,1.059941830392348e-05
5368,הגידה,5,1.059941830392348e-05
5369,יתחפש,5,1.059941830392348e-05
5370,כרמלי,5,1.059941830392348e-05
5371,דקר,5,1.059941830392348e-05
5372,חגית,5,1.059941830392348e-05
5373,ספדו,5,1.059941830392348e-05
5374,יתלו,5,1.059941830392348e-05
5375,מריא,5,1.059941830392348e-05
5376,מעלים,5,1.059941830392348e-05
5377,פדות,5,1.059941830392348e-05
5378,מתג,5,1.059941830392348e-05
5379,תעי,5,1.059941830392348e-05
5380,אחילוד,5,1.059941830392348e-05
5381,תשובת,5,1.059941830392348e-05
5382,משחתי,5,1.059941830392348e-05
5383,נאץ,5,1.059941830392348e-05
5384,ימנע,5,1.059941830392348e-05
5385,השכים,5,1.059941830392348e-05
5386,יחף,5,1.059941830392348e-05
5387,חשתי,5,1.059941830392348e-05
5388,אצבעת,5,1.059941830392348e-05
5389,משברי,5,1.059941830392348e-05
5390,מוסדות,5,1.059941830392348e-05
5391,יתגעשו,5,1.059941830392348e-05
5392,משען,5,1.059941830392348e-05
5393,מרחב,5,1.059941830392348e-05
5394,חסים,5,1.059941830392348e-05
5395,ריבי,5,1.059941830392348e-05
5396,שמרה,5,1.059941830392348e-05
5397,שרר,5,1.059941830392348e-05
5398,אבישג,5,1.059941830392348e-05
5399,שונמית,5,1.059941830392348e-05
5400,ישנה,5,1.059941830392348e-05
5401,תיכנה,5,1.059941830392348e-05
5402,יבנ,5,1.059941830392348e-05
5403,מסגרתי,5,1.059941830392348e-05
5404,הטות,5,1.059941830392348e-05
5405,חידות,5,1.059941830392348e-05
5406,האמנתי,5,1.059941830392348e-05
5407,אקרע,5,1.059941830392348e-05
5408,רזון,5,1.059941830392348e-05
5409,נועצים,5,1.059941830392348e-05
5410,יעצ,5,1.059941830392348e-05
5411,קטנ,5,1.059941830392348e-05
5412,שמרוןפ,5,1.059941830392348e-05
5413,אחיהו,5,1.059941830392348e-05
5414,שלוח,5,1.059941830392348e-05
5415,יקשר,5,1.059941830392348e-05
5416,ייבש,5,1.059941830392348e-05
5417,הרסו,5,1.059941830392348e-05
5418,נמשי,5,1.059941830392348e-05
5419,כנענה,5,1.059941830392348e-05
5420,הצלח,5,1.059941830392348e-05
5421,יפשע,5,1.059941830392348e-05
5422,זבוב,5,1.059941830392348e-05
5423,ירדה,5,1.059941830392348e-05
5424,נהס,5,1.059941830392348e-05
5425,אביט,5,1.059941830392348e-05
5426,מכרי,5,1.059941830392348e-05
5427,גחזי,5,1.059941830392348e-05
5428,הזהיר,5,1.059941830392348e-05
5429,כרה,5,1.059941830392348e-05
5430,שליש,5,1.059941830392348e-05
5431,נתפש,5,1.059941830392348e-05
5432,כשפי,5,1.059941830392348e-05
5433,מלבוש,5,1.059941830392348e-05
5434,שםס,5,1.059941830392348e-05
5435,תרמס,5,1.059941830392348e-05
5436,תעבות,5,1.059941830392348e-05
5437,גוזן,5,1.059941830392348e-05
5438,ימאסו,5,1.059941830392348e-05
5439,יר,5,1.059941830392348e-05
5440,זרעו,5,1.059941830392348e-05
5441,פליטת,5,1.059941830392348e-05
5442,גנותי,5,1.059941830392348e-05
5443,יתע,5,1.059941830392348e-05
5444,משסה,5,1.059941830392348e-05
5445,נצתה,5,1.059941830392348e-05
5446,שמעא,5,1.059941830392348e-05
5447,ישעי,5,1.059941830392348e-05
5448,אלעשה,5,1.059941830392348e-05
5449,רפיה,5,1.059941830392348e-05
5450,כלוב,5,1.059941830392348e-05
5451,אבישוע,5,1.059941830392348e-05
5452,זרחיה,5,1.059941830392348e-05
5453,עמשי,5,1.059941830392348e-05
5454,מחת,5,1.059941830392348e-05
5455,חורון,5,1.059941830392348e-05
5456,אונו,5,1.059941830392348e-05
5457,זבדיה,5,1.059941830392348e-05
5458,חזקי,5,1.059941830392348e-05
5459,יעואל,5,1.059941830392348e-05
5460,חשוב,5,1.059941830392348e-05
5461,עזרי,5,1.059941830392348e-05
5462,קרובים,5,1.059941830392348e-05
5463,יכן,5,1.059941830392348e-05
5464,כנניהו,5,1.059941830392348e-05
5465,מחצצרים,5,1.059941830392348e-05
5466,הודות,5,1.059941830392348e-05
5467,הודיעו,5,1.059941830392348e-05
5468,עזור,5,1.059941830392348e-05
5469,יהרס,5,1.059941830392348e-05
5470,אחריכן,5,1.059941830392348e-05
5471,כנוס,5,1.059941830392348e-05
5472,תשמור,5,1.059941830392348e-05
5473,מהללים,5,1.059941830392348e-05
5474,גדלתי,5,1.059941830392348e-05
5475,נתניהו,5,1.059941830392348e-05
5476,שלמיהו,5,1.059941830392348e-05
5477,כפור,5,1.059941830392348e-05
5478,יודעים,5,1.059941830392348e-05
5479,תחנוני,5,1.059941830392348e-05
5480,אסלח,5,1.059941830392348e-05
5481,מצרות,5,1.059941830392348e-05
5482,חמנים,5,1.059941830392348e-05
5483,יהודהפ,5,1.059941830392348e-05
5484,הקיפו,5,1.059941830392348e-05
5485,קשתות,5,1.059941830392348e-05
5486,הפליא,5,1.059941830392348e-05
5487,כושל,5,1.059941830392348e-05
5488,יזרקו,5,1.059941830392348e-05
5489,אגרות,5,1.059941830392348e-05
5490,חחים,5,1.059941830392348e-05
5491,מבינים,5,1.059941830392348e-05
5492,גזם,5,1.059941830392348e-05
5493,תרשתא,5,1.059941830392348e-05
5494,יוצדק,5,1.059941830392348e-05
5495,כנמא,5,1.059941830392348e-05
5496,תנדע,5,1.059941830392348e-05
5497,פתגמ,5,1.059941830392348e-05
5498,עדוא,5,1.059941830392348e-05
5499,שתר,5,1.059941830392348e-05
5500,אע,5,1.059941830392348e-05
5501,שנין,5,1.059941830392348e-05
5502,ברם,5,1.059941830392348e-05
5503,אתר,5,1.059941830392348e-05
5504,שתין,5,1.059941830392348e-05
5505,תלתא,5,1.059941830392348e-05
5506,דתי,5,1.059941830392348e-05
5507,שרשו,5,1.059941830392348e-05
5508,יויריב,5,1.059941830392348e-05
5509,יעצי,5,1.059941830392348e-05
5510,שלמיה,5,1.059941830392348e-05
5511,יוידע,5,1.059941830392348e-05
5512,תכלית,5,1.059941830392348e-05
5513,אעמיד,5,1.059941830392348e-05
5514,שדתי,5,1.059941830392348e-05
5515,בקשתי,5,1.059941830392348e-05
5516,עניה,5,1.059941830392348e-05
5517,הבינו,5,1.059941830392348e-05
5518,תמשך,5,1.059941830392348e-05
5519,סחרת,5,1.059941830392348e-05
5520,בתולות,5,1.059941830392348e-05
5521,המדתא,5,1.059941830392348e-05
5522,אגגי,5,1.059941830392348e-05
5523,אבדתי,5,1.059941830392348e-05
5524,תקף,5,1.059941830392348e-05
5525,בלדד,5,1.059941830392348e-05
5526,תשכן,5,1.059941830392348e-05
5527,אגוע,5,1.059941830392348e-05
5528,תבהל,5,1.059941830392348e-05
5529,תמאס,5,1.059941830392348e-05
5530,תרפינה,5,1.059941830392348e-05
5531,תשחק,5,1.059941830392348e-05
5532,מאזנים,5,1.059941830392348e-05
5533,אחריש,5,1.059941830392348e-05
5534,אכזב,5,1.059941830392348e-05
5535,תנחמ,5,1.059941830392348e-05
5536,תבעת,5,1.059941830392348e-05
5537,אמאס,5,1.059941830392348e-05
5538,הרחיק,5,1.059941830392348e-05
5539,מוליך,5,1.059941830392348e-05
5540,רקב,5,1.059941830392348e-05
5541,תבין,5,1.059941830392348e-05
5542,עריץ,5,1.059941830392348e-05
5543,בסר,5,1.059941830392348e-05
5544,רבי,5,1.059941830392348e-05
5545,מרומים,5,1.059941830392348e-05
5546,אהלך,5,1.059941830392348e-05
5547,ישור,5,1.059941830392348e-05
5548,נתיב,5,1.059941830392348e-05
5549,עות,5,1.059941830392348e-05
5550,עט,5,1.059941830392348e-05
5551,יחיל,5,1.059941830392348e-05
5552,גוה,5,1.059941830392348e-05
5553,יסכן,5,1.059941830392348e-05
5554,שח,5,1.059941830392348e-05
5555,יקבים,5,1.059941830392348e-05
5556,אבירים,5,1.059941830392348e-05
5557,אבדון,5,1.059941830392348e-05
5558,נתיבת,5,1.059941830392348e-05
5559,כסיתי,5,1.059941830392348e-05
5560,חכה,5,1.059941830392348e-05
5561,עשוקים,5,1.059941830392348e-05
5562,זעיר,5,1.059941830392348e-05
5563,זקים,5,1.059941830392348e-05
5564,יזלו,5,1.059941830392348e-05
5565,ישדד,5,1.059941830392348e-05
5566,השפיל,5,1.059941830392348e-05
5567,תושע,5,1.059941830392348e-05
5568,תחנונים,5,1.059941830392348e-05
5569,מצולה,5,1.059941830392348e-05
5570,גילו,5,1.059941830392348e-05
5571,צורר,5,1.059941830392348e-05
5572,ישח,5,1.059941830392348e-05
5573,עוזר,5,1.059941830392348e-05
5574,אמונים,5,1.059941830392348e-05
5575,חלקות,5,1.059941830392348e-05
5576,שויתי,5,1.059941830392348e-05
5577,נאמנה,5,1.059941830392348e-05
5578,א‍לה,5,1.059941830392348e-05
5579,השלכתי,5,1.059941830392348e-05
5580,אבוש,5,1.059941830392348e-05
5581,יסגו,5,1.059941830392348e-05
5582,עניתי,5,1.059941830392348e-05
5583,מלוה,5,1.059941830392348e-05
5584,תוחלת,5,1.059941830392348e-05
5585,אבטח,5,1.059941830392348e-05
5586,שפתותי,5,1.059941830392348e-05
5587,ענוה,5,1.059941830392348e-05
5588,נוראות,5,1.059941830392348e-05
5589,ירעשו,5,1.059941830392348e-05
5590,תבונות,5,1.059941830392348e-05
5591,יתהללו,5,1.059941830392348e-05
5592,מנאפים,5,1.059941830392348e-05
5593,נשמחה,5,1.059941830392348e-05
5594,ירומו,5,1.059941830392348e-05
5595,שכנו,5,1.059941830392348e-05
5596,יחפצו,5,1.059941830392348e-05
5597,אונים,5,1.059941830392348e-05
5598,האר,5,1.059941830392348e-05
5599,תרום,5,1.059941830392348e-05
5600,הקימת,5,1.059941830392348e-05
5601,מנוחת,5,1.059941830392348e-05
5602,ירבצו,5,1.059941830392348e-05
5603,מצאי,5,1.059941830392348e-05
5604,נכאה,5,1.059941830392348e-05
5605,אסרו,5,1.059941830392348e-05
5606,יחלתי,5,1.059941830392348e-05
5607,אוצרותי,5,1.059941830392348e-05
5608,רקע,5,1.059941830392348e-05
5609,יוצאת,5,1.059941830392348e-05
5610,נכבדי,5,1.059941830392348e-05
5611,תחבלות,5,1.059941830392348e-05
5612,לוח,5,1.059941830392348e-05
5613,עמקי,5,1.059941830392348e-05
5614,מביש,5,1.059941830392348e-05
5615,ריש,5,1.059941830392348e-05
5616,חתה,5,1.059941830392348e-05
5617,נשפט,5,1.059941830392348e-05
5618,אניה,5,1.059941830392348e-05
5619,הבלים,5,1.059941830392348e-05
5620,הוללות,5,1.059941830392348e-05
5621,מסכן,5,1.059941830392348e-05
5622,חלנות,5,1.059941830392348e-05
5623,עסיס,5,1.059941830392348e-05
5624,בצורה,5,1.059941830392348e-05
5625,צבאותס,5,1.059941830392348e-05
5626,אבלו,5,1.059941830392348e-05
5627,מכ,5,1.059941830392348e-05
5628,נמר,5,1.059941830392348e-05
5629,פתרוס,5,1.059941830392348e-05
5630,מקבץ,5,1.059941830392348e-05
5631,שכבו,5,1.059941830392348e-05
5632,תזכרי,5,1.059941830392348e-05
5633,אבלה,5,1.059941830392348e-05
5634,ערוך,5,1.059941830392348e-05
5635,העמיקו,5,1.059941830392348e-05
5636,תמלט,5,1.059941830392348e-05
5637,ברוש,5,1.059941830392348e-05
5638,השמעתי,5,1.059941830392348e-05
5639,יסגד,5,1.059941830392348e-05
5640,נשבעים,5,1.059941830392348e-05
5641,מוטה,5,1.059941830392348e-05
5642,חפשים,5,1.059941830392348e-05
5643,נבאו,5,1.059941830392348e-05
5644,משבה,5,1.059941830392348e-05
5645,שדדה,5,1.059941830392348e-05
5646,אען,5,1.059941830392348e-05
5647,אחמול,5,1.059941830392348e-05
5648,הפכתי,5,1.059941830392348e-05
5649,חומותי,5,1.059941830392348e-05
5650,שמם,5,1.059941830392348e-05
5651,משמה,5,1.059941830392348e-05
5652,תקחי,5,1.059941830392348e-05
5653,צמרת,5,1.059941830392348e-05
5654,שתולה,5,1.059941830392348e-05
5655,נשפטתי,5,1.059941830392348e-05
5656,אהלה,5,1.059941830392348e-05
5657,חלאת,5,1.059941830392348e-05
5658,פארתי,5,1.059941830392348e-05
5659,קברותי,5,1.059941830392348e-05
5660,תאי,5,1.059941830392348e-05
5661,ימן,5,1.059941830392348e-05
5662,כשדא,5,1.059941830392348e-05
5663,החויה,5,1.059941830392348e-05
5664,אחרן,5,1.059941830392348e-05
5665,לילי,5,1.059941830392348e-05
5666,חסף,5,1.059941830392348e-05
5667,רברבן,5,1.059941830392348e-05
5668,גברין,5,1.059941830392348e-05
5669,היתיו,5,1.059941830392348e-05
5670,עדנין,5,1.059941830392348e-05
5671,פם,5,1.059941830392348e-05
5672,בלשאצר,5,1.059941830392348e-05
5673,קיקיון,5,1.059941830392348e-05
5674,אחדפ,4,8.479534643138785e-06
5675,עשותפ,4,8.479534643138785e-06
5676,הברא,4,8.479534643138785e-06
5677,המטיר,4,8.479534643138785e-06
5678,יפח,4,8.479534643138785e-06
5679,נחמד,4,8.479534643138785e-06
5680,חגרת,4,8.479534643138785e-06
5681,תיטיב,4,8.479534643138785e-06
5682,נוד,4,8.479534643138785e-06
5683,ימתפ,4,8.479534643138785e-06
5684,שםפ,4,8.479534643138785e-06
5685,החית,4,8.479534643138785e-06
5686,יחסרו,4,8.479534643138785e-06
5687,אררט,4,8.479534643138785e-06
5688,נראו,4,8.479534643138785e-06
5689,יבשת,4,8.479534643138785e-06
5690,יו,4,8.479534643138785e-06
5691,ישבתו,4,8.479534643138785e-06
5692,עננ,4,8.479534643138785e-06
5693,מגוג,4,8.479534643138785e-06
5694,רעמה,4,8.479534643138785e-06
5695,כלח,4,8.479534643138785e-06
5696,רסן,4,8.479534643138785e-06
5697,ארודי,4,8.479534643138785e-06
5698,יפץ,4,8.479534643138785e-06
5699,מברכי,4,8.479534643138785e-06
5700,יעתק,4,8.479534643138785e-06
5701,אתנת,4,8.479534643138785e-06
5702,יפרדו,4,8.479534643138785e-06
5703,אלני,4,8.479534643138785e-06
5704,כדרלעמר,4,8.479534643138785e-06
5705,חברו,4,8.479534643138785e-06
5706,הרימתי,4,8.479534643138785e-06
5707,משק,4,8.479534643138785e-06
5708,חשכה,4,8.479534643138785e-06
5709,עלטה,4,8.479534643138785e-06
5710,לפיד,4,8.479534643138785e-06
5711,קנזי,4,8.479534643138785e-06
5712,ימול,4,8.479534643138785e-06
5713,נשיאם,4,8.479534643138785e-06
5714,עברתם,4,8.479534643138785e-06
5715,מהרי,4,8.479534643138785e-06
5716,תספה,4,8.479534643138785e-06
5717,לינו,4,8.479534643138785e-06
5718,יפצר,4,8.479534643138785e-06
5719,נסבו,4,8.479534643138785e-06
5720,הפכ,4,8.479534643138785e-06
5721,תבט,4,8.479534643138785e-06
5722,ישקף,4,8.479534643138785e-06
5723,כבשן,4,8.479534643138785e-06
5724,נשקה,4,8.479534643138785e-06
5725,שכבי,4,8.479534643138785e-06
5726,יוםס,4,8.479534643138785e-06
5727,התעו,4,8.479534643138785e-06
5728,הולד,4,8.479534643138785e-06
5729,צחק,4,8.479534643138785e-06
5730,תתע,4,8.479534643138785e-06
5731,תשלך,4,8.479534643138785e-06
5732,יפקח,4,8.479534643138785e-06
5733,כבשת,4,8.479534643138785e-06
5734,חשכת,4,8.479534643138785e-06
5735,עפרן,4,8.479534643138785e-06
5736,אשקה,4,8.479534643138785e-06
5737,שתת,4,8.479534643138785e-06
5738,צמידים,4,8.479534643138785e-06
5739,זקנת,4,8.479534643138785e-06
5740,מצליח,4,8.479534643138785e-06
5741,עלמה,4,8.479534643138785e-06
5742,אשתחוה,4,8.479534643138785e-06
5743,קטורה,4,8.479534643138785e-06
5744,יקשן,4,8.479534643138785e-06
5745,תימא,4,8.479534643138785e-06
5746,יטור,4,8.479534643138785e-06
5747,טירת,4,8.479534643138785e-06
5748,בכרה,4,8.479534643138785e-06
5749,עדשים,4,8.479534643138785e-06
5750,יבז,4,8.479534643138785e-06
5751,יקנאו,4,8.479534643138785e-06
5752,יחפר,4,8.479534643138785e-06
5753,מרת,4,8.479534643138785e-06
5754,טבים,4,8.479534643138785e-06
5755,שמני,4,8.479534643138785e-06
5756,פדנ,4,8.479534643138785e-06
5757,נביות,4,8.479534643138785e-06
5758,אשהס,4,8.479534643138785e-06
5759,האסף,4,8.479534643138785e-06
5760,אבואה,4,8.479534643138785e-06
5761,יכלתי,4,8.479534643138785e-06
5762,אשרו,4,8.479534643138785e-06
5763,נקד,4,8.479534643138785e-06
5764,חום,4,8.479534643138785e-06
5765,טלאים,4,8.479534643138785e-06
5766,לח,4,8.479534643138785e-06
5767,יצג,4,8.479534643138785e-06
5768,רהטים,4,8.479534643138785e-06
5769,ברדים,4,8.479534643138785e-06
5770,נטשת,4,8.479534643138785e-06
5771,יראתי,4,8.479534643138785e-06
5772,יחפש,4,8.479534643138785e-06
5773,גנבתי,4,8.479534643138785e-06
5774,נסתר,4,8.479534643138785e-06
5775,גיד,4,8.479534643138785e-06
5776,יקן,4,8.479534643138785e-06
5777,ישבנו,4,8.479534643138785e-06
5778,הבאיש,4,8.479534643138785e-06
5779,הטהרו,4,8.479534643138785e-06
5780,חתת,4,8.479534643138785e-06
5781,נגלו,4,8.479534643138785e-06
5782,מינקת,4,8.479534643138785e-06
5783,יעלם,4,8.479534643138785e-06
5784,בלהן,4,8.479534643138785e-06
5785,נצבה,4,8.479534643138785e-06
5786,תמלך,4,8.479534643138785e-06
5787,יגער,4,8.479534643138785e-06
5788,נכ,4,8.479534643138785e-06
5789,תשפכו,4,8.479534643138785e-06
5790,מדנים,4,8.479534643138785e-06
5791,חמי,4,8.479534643138785e-06
5792,קדשה,4,8.479534643138785e-06
5793,זנתה,4,8.479534643138785e-06
5794,הרימ,4,8.479534643138785e-06
5795,פרחת,4,8.479534643138785e-06
5796,דקות,4,8.479534643138785e-06
5797,רקות,4,8.479534643138785e-06
5798,צפנת,4,8.479534643138785e-06
5799,יצבר,4,8.479534643138785e-06
5800,תכלינה,4,8.479534643138785e-06
5801,תחטאו,4,8.479534643138785e-06
5802,הורדתם,4,8.479534643138785e-06
5803,נרד,4,8.479534643138785e-06
5804,הרעתם,4,8.479534643138785e-06
5805,לולא,4,8.479534643138785e-06
5806,משגה,4,8.479534643138785e-06
5807,שכלתי,4,8.479534643138785e-06
5808,נכמרו,4,8.479534643138785e-06
5809,בכות,4,8.479534643138785e-06
5810,יתמהו,4,8.479534643138785e-06
5811,יפתחו,4,8.479534643138785e-06
5812,עלינו,4,8.479534643138785e-06
5813,מכרתם,4,8.479534643138785e-06
5814,מזון,4,8.479534643138785e-06
5815,האמין,4,8.479534643138785e-06
5816,ינהל,4,8.479534643138785e-06
5817,תתם,4,8.479534643138785e-06
5818,זרעתם,4,8.479534643138785e-06
5819,יתמך,4,8.479534643138785e-06
5820,הקבצו,4,8.479534643138785e-06
5821,שילו,4,8.479534643138785e-06
5822,גרם,4,8.479534643138785e-06
5823,עקבי,4,8.479534643138785e-06
5824,רבצת,4,8.479534643138785e-06
5825,יצוו,4,8.479534643138785e-06
5826,טבה,4,8.479534643138785e-06
5827,נוסף,4,8.479534643138785e-06
5828,תצפנ,4,8.479534643138785e-06
5829,ירחים,4,8.479534643138785e-06
5830,גמא,4,8.479534643138785e-06
5831,צפרה,4,8.479534643138785e-06
5832,אוציא,4,8.479534643138785e-06
5833,נזבחה,4,8.479534643138785e-06
5834,נפלאת,4,8.479534643138785e-06
5835,שכנת,4,8.479534643138785e-06
5836,אחזק,4,8.479534643138785e-06
5837,נודעתי,4,8.479534643138785e-06
5838,גאלתי,4,8.479534643138785e-06
5839,נפג,4,8.479534643138785e-06
5840,מדברים,4,8.479534643138785e-06
5841,מימ,4,8.479534643138785e-06
5842,העתירו,4,8.479534643138785e-06
5843,אשלחה,4,8.479534643138785e-06
5844,חצרת,4,8.479534643138785e-06
5845,שדת,4,8.479534643138785e-06
5846,הראת,4,8.479534643138785e-06
5847,הוסד,4,8.479534643138785e-06
5848,תספר,4,8.479534643138785e-06
5849,פלטה,4,8.479534643138785e-06
5850,שחטו,4,8.479534643138785e-06
5851,כרעי,4,8.479534643138785e-06
5852,נתר,4,8.479534643138785e-06
5853,עשוס,4,8.479534643138785e-06
5854,יצאתם,4,8.479534643138785e-06
5855,דברנו,4,8.479534643138785e-06
5856,יהם,4,8.479534643138785e-06
5857,אנו,4,8.479534643138785e-06
5858,תהרס,4,8.479534643138785e-06
5859,נזלים,4,8.479534643138785e-06
5860,כס,4,8.479534643138785e-06
5861,עופרת,4,8.479534643138785e-06
5862,נמגו,4,8.479534643138785e-06
5863,אימת,4,8.479534643138785e-06
5864,כוננו,4,8.479534643138785e-06
5865,עינת,4,8.479534643138785e-06
5866,אנס,4,8.479534643138785e-06
5867,ילקטו,4,8.479534643138785e-06
5868,תלנתי,4,8.479534643138785e-06
5869,תשבעו,4,8.479534643138785e-06
5870,עדף,4,8.479534643138785e-06
5871,תריבו,4,8.479534643138785e-06
5872,נסת,4,8.479534643138785e-06
5873,חרבפ,4,8.479534643138785e-06
5874,איעצ,4,8.479534643138785e-06
5875,יכלת,4,8.479534643138785e-06
5876,נשרים,4,8.479534643138785e-06
5877,יהרסו,4,8.479534643138785e-06
5878,זבחת,4,8.479534643138785e-06
5879,תחלל,4,8.479534643138785e-06
5880,יומתס,4,8.479534643138785e-06
5881,ינצו,4,8.479534643138785e-06
5882,יגח,4,8.479534643138785e-06
5883,גדיש,4,8.479534643138785e-06
5884,תענו,4,8.479534643138785e-06
5885,צעק,4,8.479534643138785e-06
5886,תחבל,4,8.479534643138785e-06
5887,אבינ,4,8.479534643138785e-06
5888,יסלף,4,8.479534643138785e-06
5889,אמלא,4,8.479534643138785e-06
5890,המתי,4,8.479534643138785e-06
5891,פרחי,4,8.479534643138785e-06
5892,קנת,4,8.479534643138785e-06
5893,מחתתי,4,8.479534643138785e-06
5894,קרסים,4,8.479534643138785e-06
5895,מקצעת,4,8.479534643138785e-06
5896,טבעתי,4,8.479534643138785e-06
5897,הקמת,4,8.479534643138785e-06
5898,נחשתס,4,8.479534643138785e-06
5899,נבוב,4,8.479534643138785e-06
5900,יתדתי,4,8.479534643138785e-06
5901,אפדת,4,8.479534643138785e-06
5902,משבצות,4,8.479534643138785e-06
5903,כתפי,4,8.479534643138785e-06
5904,משבצת,4,8.479534643138785e-06
5905,נפך,4,8.479534643138785e-06
5906,לשם,4,8.479534643138785e-06
5907,ישפה,4,8.479534643138785e-06
5908,פעמן,4,8.479534643138785e-06
5909,תכפר,4,8.479534643138785e-06
5910,בלול,4,8.479534643138785e-06
5911,אועד,4,8.479534643138785e-06
5912,קדשתי,4,8.479534643138785e-06
5913,יקטיר,4,8.479534643138785e-06
5914,רקח,4,8.479534643138785e-06
5915,הדק,4,8.479534643138785e-06
5916,תתצו,4,8.479534643138785e-06
5917,זנו,4,8.479534643138785e-06
5918,חשבי,4,8.479534643138785e-06
5919,מרבים,4,8.479534643138785e-06
5920,קצץ,4,8.479534643138785e-06
5921,נתח,4,8.479534643138785e-06
5922,ישגו,4,8.479534643138785e-06
5923,עשירת,4,8.479534643138785e-06
5924,חמישת,4,8.479534643138785e-06
5925,גזלה,4,8.479534643138785e-06
5926,המשח,4,8.479534643138785e-06
5927,יזה,4,8.479534643138785e-06
5928,מרק,4,8.479534643138785e-06
5929,האכל,4,8.479534643138785e-06
5930,יז,4,8.479534643138785e-06
5931,יטבל,4,8.479534643138785e-06
5932,מפריס,4,8.479534643138785e-06
5933,תשקצו,4,8.479534643138785e-06
5934,חגב,4,8.479534643138785e-06
5935,יתץ,4,8.479534643138785e-06
5936,מחית,4,8.479534643138785e-06
5937,תפרח,4,8.479534643138785e-06
5938,אדמדמת,4,8.479534643138785e-06
5939,פרחה,4,8.479534643138785e-06
5940,מכוה,4,8.479534643138785e-06
5941,גבחת,4,8.479534643138785e-06
5942,יעטה,4,8.479534643138785e-06
5943,כבשה,4,8.479534643138785e-06
5944,הביאה,4,8.479534643138785e-06
5945,דוה,4,8.479534643138785e-06
5946,שעירם,4,8.479534643138785e-06
5947,עזאזל,4,8.479534643138785e-06
5948,תשנא,4,8.479534643138785e-06
5949,משורה,4,8.479534643138785e-06
5950,תהרגו,4,8.479534643138785e-06
5951,גלתה,4,8.479534643138785e-06
5952,ילפת,4,8.479534643138785e-06
5953,ירימו,4,8.479534643138785e-06
5954,תחללו,4,8.479534643138785e-06
5955,יערכ,4,8.479534643138785e-06
5956,ישלמ,4,8.479534643138785e-06
5957,שבתה,4,8.479534643138785e-06
5958,תבואה,4,8.479534643138785e-06
5959,משכית,4,8.479534643138785e-06
5960,גשמי,4,8.479534643138785e-06
5961,אולך,4,8.479534643138785e-06
5962,נסתם,4,8.479534643138785e-06
5963,יסרתי,4,8.479534643138785e-06
5964,שבתתי,4,8.479534643138785e-06
5965,השמ,4,8.479534643138785e-06
5966,יפדה,4,8.479534643138785e-06
5967,שדיאור,4,8.479534643138785e-06
5968,עמישדי,4,8.479534643138785e-06
5969,עכרן,4,8.479534643138785e-06
5970,יסעוס,4,8.479534643138785e-06
5971,צורי,4,8.479534643138785e-06
5972,יצהרי,4,8.479534643138785e-06
5973,אליצפן,4,8.479534643138785e-06
5974,אביחיל,4,8.479534643138785e-06
5975,יגעו,4,8.479534643138785e-06
5976,העבירו,4,8.479534643138785e-06
5977,מסע,4,8.479534643138785e-06
5978,נועדו,4,8.479534643138785e-06
5979,יפצו,4,8.479534643138785e-06
5980,אדמהס,4,8.479534643138785e-06
5981,יראתם,4,8.479534643138785e-06
5982,חורי,4,8.479534643138785e-06
5983,פלטי,4,8.479534643138785e-06
5984,אחימן,4,8.479534643138785e-06
5985,תמרדו,4,8.479534643138785e-06
5986,אכ,4,8.479534643138785e-06
5987,סעו,4,8.479534643138785e-06
5988,נועדים,4,8.479534643138785e-06
5989,יציאו,4,8.479534643138785e-06
5990,זכרתם,4,8.479534643138785e-06
5991,בקשתם,4,8.479534643138785e-06
5992,תפן,4,8.479534643138785e-06
5993,תמנו,4,8.479534643138785e-06
5994,נלוו,4,8.479534643138785e-06
5995,תנחל,4,8.479534643138785e-06
5996,מעשרתי,4,8.479534643138785e-06
5997,נגעת,4,8.479534643138785e-06
5998,גוע,4,8.479534643138785e-06
5999,השקית,4,8.479534643138785e-06
6000,מריתם,4,8.479534643138785e-06
6001,החרמתי,4,8.479534643138785e-06
6002,זרד,4,8.479534643138785e-06
6003,מיםס,4,8.479534643138785e-06
6004,תכונן,4,8.479534643138785e-06
6005,ילחכו,4,8.479534643138785e-06
6006,אר,4,8.479534643138785e-06
6007,תרועת,4,8.479534643138785e-06
6008,ישימן,4,8.479534643138785e-06
6009,משכנתי,4,8.479534643138785e-06
6010,בכים,4,8.479534643138785e-06
6011,הכיתם,4,8.479534643138785e-06
6012,צפוני,4,8.479534643138785e-06
6013,שותלח,4,8.479534643138785e-06
6014,מריבת,4,8.479534643138785e-06
6015,הניא,4,8.479534643138785e-06
6016,חלוצי,4,8.479534643138785e-06
6017,חייתם,4,8.479534643138785e-06
6018,מחצת,4,8.479534643138785e-06
6019,אלעלה,4,8.479534643138785e-06
6020,גדרת,4,8.479534643138785e-06
6021,נכבשה,4,8.479534643138785e-06
6022,נבח,4,8.479534643138785e-06
6023,יעקן,4,8.479534643138785e-06
6024,עיים,4,8.479534643138785e-06
6025,הורשתם,4,8.479534643138785e-06
6026,תוצאתי,4,8.479534643138785e-06
6027,כנרת,4,8.479534643138785e-06
6028,ירדנ,4,8.479534643138785e-06
6029,נשלחה,4,8.479534643138785e-06
6030,המ,4,8.479534643138785e-06
6031,עוים,4,8.479534643138785e-06
6032,כפתור,4,8.479534643138785e-06
6033,אחל,4,8.479534643138785e-06
6034,נלכד,4,8.479534643138785e-06
6035,שניר,4,8.479534643138785e-06
6036,סלכה,4,8.479534643138785e-06
6037,יסורו,4,8.479534643138785e-06
6038,תעמדו,4,8.479534643138785e-06
6039,תמונת,4,8.479534643138785e-06
6040,נדחת,4,8.479534643138785e-06
6041,הפיץ,4,8.479534643138785e-06
6042,ירפ,4,8.479534643138785e-06
6043,מסת,4,8.479534643138785e-06
6044,רוצח,4,8.479534643138785e-06
6045,ראמת,4,8.479534643138785e-06
6046,גולן,4,8.479534643138785e-06
6047,מנשי,4,8.479534643138785e-06
6048,נשמר,4,8.479534643138785e-06
6049,האבדת,4,8.479534643138785e-06
6050,תתעב,4,8.479534643138785e-06
6051,הורשת,4,8.479534643138785e-06
6052,מוריש,4,8.479534643138785e-06
6053,לוחת,4,8.479534643138785e-06
6054,יגרתי,4,8.479534643138785e-06
6055,אכתב,4,8.479534643138785e-06
6056,תדרך,4,8.479534643138785e-06
6057,גרזים,4,8.479534643138785e-06
6058,תגרע,4,8.479534643138785e-06
6059,אהבים,4,8.479534643138785e-06
6060,שבעו,4,8.479534643138785e-06
6061,גרזן,4,8.479534643138785e-06
6062,יספת,4,8.479534643138785e-06
6063,קן,4,8.479534643138785e-06
6064,כסית,4,8.479534643138785e-06
6065,יבמ,4,8.479534643138785e-06
6066,החזיקה,4,8.479534643138785e-06
6067,טנא,4,8.479534643138785e-06
6068,שיד,4,8.479534643138785e-06
6069,קמים,4,8.479534643138785e-06
6070,הותר,4,8.479534643138785e-06
6071,עפלים,4,8.479534643138785e-06
6072,טחרים,4,8.479534643138785e-06
6073,תצליח,4,8.479534643138785e-06
6074,עשוק,4,8.479534643138785e-06
6075,משגע,4,8.479534643138785e-06
6076,שנינה,4,8.479534643138785e-06
6077,הצר,4,8.479534643138785e-06
6078,תסיף,4,8.479534643138785e-06
6079,גללי,4,8.479534643138785e-06
6080,רוה,4,8.479534643138785e-06
6081,צמאה,4,8.479534643138785e-06
6082,תצמח,4,8.479534643138785e-06
6083,יקבצ,4,8.479534643138785e-06
6084,רבית,4,8.479534643138785e-06
6085,הסתרתי,4,8.479534643138785e-06
6086,רביבים,4,8.479534643138785e-06
6087,תנובת,4,8.479534643138785e-06
6088,ענב,4,8.479534643138785e-06
6089,ישרון,4,8.479534643138785e-06
6090,ישעת,4,8.479534643138785e-06
6091,מחלל,4,8.479534643138785e-06
6092,רשף,4,8.479534643138785e-06
6093,קטב,4,8.479534643138785e-06
6094,אכזר,4,8.479534643138785e-06
6095,אוצרת,4,8.479534643138785e-06
6096,חש,4,8.479534643138785e-06
6097,תאחז,4,8.479534643138785e-06
6098,מעלתם,4,8.479534643138785e-06
6099,תריב,4,8.479534643138785e-06
6100,ינצרו,4,8.479534643138785e-06
6101,יכחשו,4,8.479534643138785e-06
6102,ארפ,4,8.479534643138785e-06
6103,השבעת,4,8.479534643138785e-06
6104,גדותי,4,8.479534643138785e-06
6105,ערלות,4,8.479534643138785e-06
6106,מלו,4,8.479534643138785e-06
6107,יציב,4,8.479534643138785e-06
6108,כפירה,4,8.479534643138785e-06
6109,נשבענו,4,8.479534643138785e-06
6110,חטבי,4,8.479534643138785e-06
6111,שאבי,4,8.479534643138785e-06
6112,יהמ,4,8.479534643138785e-06
6113,חרבס,4,8.479534643138785e-06
6114,אשדות,4,8.479534643138785e-06
6115,תצאות,4,8.479534643138785e-06
6116,בעלה,4,8.479534643138785e-06
6117,תמנה,4,8.479534643138785e-06
6118,עכסה,4,8.479534643138785e-06
6119,קריות,4,8.479534643138785e-06
6120,מולדה,4,8.479534643138785e-06
6121,מדמנה,4,8.479534643138785e-06
6122,שלחים,4,8.479534643138785e-06
6123,אשנה,4,8.479534643138785e-06
6124,זנוח,4,8.479534643138785e-06
6125,עתר,4,8.479534643138785e-06
6126,אכזיב,4,8.479534643138785e-06
6127,ינום,4,8.479534643138785e-06
6128,דאר,4,8.479534643138785e-06
6129,בראת,4,8.479534643138785e-06
6130,חלקו,4,8.479534643138785e-06
6131,אשתמע,4,8.479534643138785e-06
6132,עלותי,4,8.479534643138785e-06
6133,בניתם,4,8.479534643138785e-06
6134,נלחמה,4,8.479534643138785e-06
6135,דרות,4,8.479534643138785e-06
6136,רשעתים,4,8.479534643138785e-06
6137,תעז,4,8.479534643138785e-06
6138,פסילים,4,8.479534643138785e-06
6139,בוש,4,8.479534643138785e-06
6140,אבינעם,4,8.479534643138785e-06
6141,התנדב,4,8.479534643138785e-06
6142,רעשה,4,8.479534643138785e-06
6143,נטפו,4,8.479534643138785e-06
6144,הלכי,4,8.479534643138785e-06
6145,משכים,4,8.479534643138785e-06
6146,פלגות,4,8.479534643138785e-06
6147,תשלחנה,4,8.479534643138785e-06
6148,מחקה,4,8.479534643138785e-06
6149,שרותי,4,8.479534643138785e-06
6150,נטש,4,8.479534643138785e-06
6151,יכרע,4,8.479534643138785e-06
6152,לפדים,4,8.479534643138785e-06
6153,עורב,4,8.479534643138785e-06
6154,עללות,4,8.479534643138785e-06
6155,מתק,4,8.479534643138785e-06
6156,אטד,4,8.479534643138785e-06
6157,יבטחו,4,8.479534643138785e-06
6158,ידרכו,4,8.479534643138785e-06
6159,יארבו,4,8.479534643138785e-06
6160,עירים,4,8.479534643138785e-06
6161,עזבנו,4,8.479534643138785e-06
6162,אפרתי,4,8.479534643138785e-06
6163,תאכלי,4,8.479534643138785e-06
6164,רדה,4,8.479534643138785e-06
6165,שועלים,4,8.479534643138785e-06
6166,נקמתי,4,8.479534643138785e-06
6167,עיטם,4,8.479534643138785e-06
6168,נמית,4,8.479534643138785e-06
6169,אסירים,4,8.479534643138785e-06
6170,אשתאל,4,8.479534643138785e-06
6171,הקדש,4,8.479534643138785e-06
6172,מחשים,4,8.479534643138785e-06
6173,הואל,4,8.479534643138785e-06
6174,יטב,4,8.479534643138785e-06
6175,ינתח,4,8.479534643138785e-06
6176,רעהפ,4,8.479534643138785e-06
6177,משחיתים,4,8.479534643138785e-06
6178,אשפ,4,8.479534643138785e-06
6179,ינחמו,4,8.479534643138785e-06
6180,מחלון,4,8.479534643138785e-06
6181,תבכינה,4,8.479534643138785e-06
6182,שתית,4,8.479534643138785e-06
6183,ישאבו,4,8.479534643138785e-06
6184,נחמת,4,8.479534643138785e-06
6185,תצאי,4,8.479534643138785e-06
6186,מרגלתי,4,8.479534643138785e-06
6187,פרשת,4,8.479534643138785e-06
6188,כנפ,4,8.479534643138785e-06
6189,תדעי,4,8.479534643138785e-06
6190,אמנת,4,8.479534643138785e-06
6191,דודפ,4,8.479534643138785e-06
6192,צוף,4,8.479534643138785e-06
6193,מדברת,4,8.479534643138785e-06
6194,אשפך,4,8.479534643138785e-06
6195,גמלת,4,8.479534643138785e-06
6196,שמחתי,4,8.479534643138785e-06
6197,מריב,4,8.479534643138785e-06
6198,אכרית,4,8.479534643138785e-06
6199,העזר,4,8.479534643138785e-06
6200,תטש,4,8.479534643138785e-06
6201,מהומת,4,8.479534643138785e-06
6202,נשיב,4,8.479534643138785e-06
6203,טחרי,4,8.479534643138785e-06
6204,עכברי,4,8.479534643138785e-06
6205,ארגז,4,8.479534643138785e-06
6206,ישפכו,4,8.479534643138785e-06
6207,משנ,4,8.479534643138785e-06
6208,ימאנו,4,8.479534643138785e-06
6209,המלכת,4,8.479534643138785e-06
6210,שעלים,4,8.479534643138785e-06
6211,אציל,4,8.479534643138785e-06
6212,רצות,4,8.479534643138785e-06
6213,נפץ,4,8.479534643138785e-06
6214,מתס,4,8.479534643138785e-06
6215,הלחמי,4,8.479534643138785e-06
6216,כובע,4,8.479534643138785e-06
6217,מנור,4,8.479534643138785e-06
6218,שאולס,4,8.479534643138785e-06
6219,הרעו,4,8.479534643138785e-06
6220,פגר,4,8.479534643138785e-06
6221,יטל,4,8.479534643138785e-06
6222,הנקם,4,8.479534643138785e-06
6223,נשאל,4,8.479534643138785e-06
6224,ניפ,4,8.479534643138785e-06
6225,אורה,4,8.479534643138785e-06
6226,משמעת,4,8.479534643138785e-06
6227,דואג,4,8.479534643138785e-06
6228,מסתתר,4,8.479534643138785e-06
6229,יחגרו,4,8.479534643138785e-06
6230,נספה,4,8.479534643138785e-06
6231,נואש,4,8.479534643138785e-06
6232,ישבות,4,8.479534643138785e-06
6233,עטה,4,8.479534643138785e-06
6234,מרבק,4,8.479534643138785e-06
6235,מורים,4,8.479534643138785e-06
6236,משחו,4,8.479534643138785e-06
6237,ארשתי,4,8.479534643138785e-06
6238,אקומה,4,8.479534643138785e-06
6239,בארתי,4,8.479534643138785e-06
6240,חפז,4,8.479534643138785e-06
6241,נמלטו,4,8.479534643138785e-06
6242,מבי,4,8.479534643138785e-06
6243,תרעה,4,8.479534643138785e-06
6244,יבסי,4,8.479534643138785e-06
6245,מצדת,4,8.479534643138785e-06
6246,פלגשים,4,8.479534643138785e-06
6247,אלידע,4,8.479534643138785e-06
6248,בכאים,4,8.479534643138785e-06
6249,ירגז,4,8.479534643138785e-06
6250,שלטי,4,8.479534643138785e-06
6251,מיכא,4,8.479534643138785e-06
6252,מנחמים,4,8.479534643138785e-06
6253,ירו,4,8.479534643138785e-06
6254,בריה,4,8.479534643138785e-06
6255,לבבות,4,8.479534643138785e-06
6256,הציתו,4,8.479534643138785e-06
6257,עברות,4,8.479534643138785e-06
6258,ישתחוה,4,8.479534643138785e-06
6259,כןס,4,8.479534643138785e-06
6260,פלגשי,4,8.479534643138785e-06
6261,אשיבה,4,8.479534643138785e-06
6262,מקומת,4,8.479534643138785e-06
6263,רעהס,4,8.479534643138785e-06
6264,גוב,4,8.479534643138785e-06
6265,אלחנן,4,8.479534643138785e-06
6266,יחרף,4,8.479534643138785e-06
6267,אחסה,4,8.479534643138785e-06
6268,מקשי,4,8.479534643138785e-06
6269,יקדמ,4,8.479534643138785e-06
6270,צרופה,4,8.479534643138785e-06
6271,אצמית,4,8.479534643138785e-06
6272,אשחק,4,8.479534643138785e-06
6273,מסגרות,4,8.479534643138785e-06
6274,חמסים,4,8.479534643138785e-06
6275,זמרות,4,8.479534643138785e-06
6276,עבות,4,8.479534643138785e-06
6277,חרפ,4,8.479534643138785e-06
6278,ענתתי,4,8.479534643138785e-06
6279,אקנה,4,8.479534643138785e-06
6280,שאלי,4,8.479534643138785e-06
6281,נכונה,4,8.479534643138785e-06
6282,יקרות,4,8.479534643138785e-06
6283,יציע,4,8.479534643138785e-06
6284,צצים,4,8.479534643138785e-06
6285,מסב,4,8.479534643138785e-06
6286,חיצון,4,8.479534643138785e-06
6287,שרשרות,4,8.479534643138785e-06
6288,מכנה,4,8.479534643138785e-06
6289,שבכות,4,8.479534643138785e-06
6290,יתפללו,4,8.479534643138785e-06
6291,התחננו,4,8.479534643138785e-06
6292,אנפת,4,8.479534643138785e-06
6293,בנתה,4,8.479534643138785e-06
6294,ישרו,4,8.479534643138785e-06
6295,שלמהפ,4,8.479534643138785e-06
6296,ירושלמ,4,8.479534643138785e-06
6297,רכלים,4,8.479534643138785e-06
6298,מלכם,4,8.479534643138785e-06
6299,יוסףס,4,8.479534643138785e-06
6300,שוטים,4,8.479534643138785e-06
6301,משלכת,4,8.479534643138785e-06
6302,מסכות,4,8.479534643138785e-06
6303,ינוד,4,8.479534643138785e-06
6304,נתש,4,8.479534643138785e-06
6305,מפלצת,4,8.479534643138785e-06
6306,ישמד,4,8.479534643138785e-06
6307,תבני,4,8.479534643138785e-06
6308,קחי,4,8.479534643138785e-06
6309,קשב,4,8.479534643138785e-06
6310,סאתים,4,8.479534643138785e-06
6311,משבר,4,8.479534643138785e-06
6312,נכנע,4,8.479534643138785e-06
6313,מלבשים,4,8.479534643138785e-06
6314,החליתי,4,8.479534643138785e-06
6315,יכעס,4,8.479534643138785e-06
6316,משכלת,4,8.479534643138785e-06
6317,רפאתי,4,8.479534643138785e-06
6318,גורי,4,8.479534643138785e-06
6319,ארמים,4,8.479534643138785e-06
6320,הלחמ,4,8.479534643138785e-06
6321,פוך,4,8.479534643138785e-06
6322,תיטב,4,8.479534643138785e-06
6323,אמנים,4,8.479534643138785e-06
6324,גדלי,4,8.479534643138785e-06
6325,תקרע,4,8.479534643138785e-06
6326,יתצ,4,8.479534643138785e-06
6327,צביה,4,8.479534643138785e-06
6328,יהוזבד,4,8.479534643138785e-06
6329,ירחמ,4,8.479534643138785e-06
6330,יואחז,4,8.479534643138785e-06
6331,המלח,4,8.479534643138785e-06
6332,חבור,4,8.479534643138785e-06
6333,נרגל,4,8.479534643138785e-06
6334,עליונה,4,8.479534643138785e-06
6335,ארמית,4,8.479534643138785e-06
6336,לדה,4,8.479534643138785e-06
6337,התרגז,4,8.479534643138785e-06
6338,קצרו,4,8.479534643138785e-06
6339,בלאדן,4,8.479534643138785e-06
6340,מיכיה,4,8.479534643138785e-06
6341,עשוים,4,8.479534643138785e-06
6342,שדמות,4,8.479534643138785e-06
6343,קטרו,4,8.479534643138785e-06
6344,ענש,4,8.479534643138785e-06
6345,חמתים,4,8.479534643138785e-06
6346,נטפתי,4,8.479534643138785e-06
6347,מרדך,4,8.479534643138785e-06
6348,צפי,4,8.479534643138785e-06
6349,שלמא,4,8.479534643138785e-06
6350,עטרה,4,8.479534643138785e-06
6351,נטופתי,4,8.479534643138785e-06
6352,יעבץ,4,8.479534643138785e-06
6353,ירושלים,4,8.479534643138785e-06
6354,ישעיה,4,8.479534643138785e-06
6355,חטוש,4,8.479534643138785e-06
6356,דליה,4,8.479534643138785e-06
6357,ראיה,4,8.479534643138785e-06
6358,יהודהס,4,8.479534643138785e-06
6359,פרצו,4,8.479534643138785e-06
6360,מעונים,4,8.479534643138785e-06
6361,עדו,4,8.479534643138785e-06
6362,אוריאל,4,8.479534643138785e-06
6363,עלמת,4,8.479534643138785e-06
6364,ראמות,4,8.479534643138785e-06
6365,לד,4,8.479534643138785e-06
6366,סנאה,4,8.479534643138785e-06
6367,קרחים,4,8.479534643138785e-06
6368,מתתיה,4,8.479534643138785e-06
6369,גדרתי,4,8.479534643138785e-06
6370,דוידס,4,8.479534643138785e-06
6371,יוצאי,4,8.479534643138785e-06
6372,נסבה,4,8.479534643138785e-06
6373,שמירמות,4,8.479534643138785e-06
6374,מתתיהו,4,8.479534643138785e-06
6375,התהללו,4,8.479534643138785e-06
6376,בחירי,4,8.479534643138785e-06
6377,ידיתון,4,8.479534643138785e-06
6378,חצבים,4,8.479534643138785e-06
6379,הקוץ,4,8.479534643138785e-06
6380,עשרי,4,8.479534643138785e-06
6381,חפה,4,8.479534643138785e-06
6382,פתחיה,4,8.479534643138785e-06
6383,חברוני,4,8.479534643138785e-06
6384,מגדלות,4,8.479534643138785e-06
6385,רצה,4,8.479534643138785e-06
6386,דורש,4,8.479534643138785e-06
6387,כפורי,4,8.479534643138785e-06
6388,מתנדב,4,8.479534643138785e-06
6389,קרות,4,8.479534643138785e-06
6390,יכרעו,4,8.479534643138785e-06
6391,נגידים,4,8.479534643138785e-06
6392,חילס,4,8.479534643138785e-06
6393,כתתו,4,8.479534643138785e-06
6394,נבואה,4,8.479534643138785e-06
6395,מתנבא,4,8.479534643138785e-06
6396,רעס,4,8.479534643138785e-06
6397,נקהלו,4,8.479534643138785e-06
6398,מתנות,4,8.479534643138785e-06
6399,יועצים,4,8.479534643138785e-06
6400,פונה,4,8.479534643138785e-06
6401,מקצוע,4,8.479534643138785e-06
6402,אכרים,4,8.479534643138785e-06
6403,מעול,4,8.479534643138785e-06
6404,שבוע,4,8.479534643138785e-06
6405,אדםס,4,8.479534643138785e-06
6406,ינשא,4,8.479534643138785e-06
6407,סתם,4,8.479534643138785e-06
6408,יוליכ,4,8.479534643138785e-06
6409,גדע,4,8.479534643138785e-06
6410,יעביר,4,8.479534643138785e-06
6411,נבאי,4,8.479534643138785e-06
6412,ששבצר,4,8.479534643138785e-06
6413,זתוא,4,8.479534643138785e-06
6414,עזגד,4,8.479534643138785e-06
6415,עדין,4,8.479534643138785e-06
6416,בצי,4,8.479534643138785e-06
6417,נקודא,4,8.479534643138785e-06
6418,חרשא,4,8.479534643138785e-06
6419,תמח,4,8.479534643138785e-06
6420,חנדד,4,8.479534643138785e-06
6421,שמשי,4,8.479534643138785e-06
6422,פרשגן,4,8.479534643138785e-06
6423,ידיע,4,8.479534643138785e-06
6424,שורי,4,8.479534643138785e-06
6425,בוזני,4,8.479534643138785e-06
6426,נכתב,4,8.479534643138785e-06
6427,הנפק,4,8.479534643138785e-06
6428,פחה,4,8.479534643138785e-06
6429,תמה,4,8.479534643138785e-06
6430,אמין,4,8.479534643138785e-06
6431,תהוא,4,8.479534643138785e-06
6432,יתעבד,4,8.479534643138785e-06
6433,השניה,4,8.479534643138785e-06
6434,תלתה,4,8.479534643138785e-06
6435,אשקל,4,8.479534643138785e-06
6436,עמני,4,8.479534643138785e-06
6437,הקבץ,4,8.479534643138785e-06
6438,נצתו,4,8.479534643138785e-06
6439,זמן,4,8.479534643138785e-06
6440,ילעג,4,8.479534643138785e-06
6441,חשבים,4,8.479534643138785e-06
6442,אחזו,4,8.479534643138785e-06
6443,גדולת,4,8.479534643138785e-06
6444,הרשענו,4,8.479534643138785e-06
6445,נעזב,4,8.479534643138785e-06
6446,זנח,4,8.479534643138785e-06
6447,יויקים,4,8.479534643138785e-06
6448,אספי,4,8.479534643138785e-06
6449,כתר,4,8.479534643138785e-06
6450,אחשורש,4,8.479534643138785e-06
6451,פור,4,8.479534643138785e-06
6452,הנתן,4,8.479534643138785e-06
6453,התך,4,8.479534643138785e-06
6454,זרש,4,8.479534643138785e-06
6455,איככה,4,8.479534643138785e-06
6456,נעמתי,4,8.479534643138785e-06
6457,ממלאים,4,8.479534643138785e-06
6458,ישישו,4,8.479534643138785e-06
6459,יסרת,4,8.479534643138785e-06
6460,רעדה,4,8.479534643138785e-06
6461,ידכאו,4,8.479534643138785e-06
6462,כעש,4,8.479534643138785e-06
6463,מאנה,4,8.479534643138785e-06
6464,דוי,4,8.479534643138785e-06
6465,יבצע,4,8.479534643138785e-06
6466,יחמול,4,8.479534643138785e-06
6467,איחל,4,8.479534643138785e-06
6468,מלטו,4,8.479534643138785e-06
6469,תחשבו,4,8.479534643138785e-06
6470,הנחלתי,4,8.479534643138785e-06
6471,תשור,4,8.479534643138785e-06
6472,רגעים,4,8.479534643138785e-06
6473,יעות,4,8.479534643138785e-06
6474,שכחי,4,8.479534643138785e-06
6475,ינקת,4,8.479534643138785e-06
6476,אמיץ,4,8.479534643138785e-06
6477,אבין,4,8.479534643138785e-06
6478,עמקה,4,8.479534643138785e-06
6479,פיד,4,8.479534643138785e-06
6480,בטחות,4,8.479534643138785e-06
6481,מסיר,4,8.479534643138785e-06
6482,אחפץ,4,8.479534643138785e-06
6483,יחקר,4,8.479534643138785e-06
6484,יחרב,4,8.479534643138785e-06
6485,יקיצו,4,8.479534643138785e-06
6486,שיחה,4,8.479534643138785e-06
6487,זכו,4,8.479534643138785e-06
6488,יאתיו,4,8.479534643138785e-06
6489,צעדי,4,8.479534643138785e-06
6490,אלס,4,8.479534643138785e-06
6491,עלומי,4,8.479534643138785e-06
6492,אפעה,4,8.479534643138785e-06
6493,פלצות,4,8.479534643138785e-06
6494,תצדק,4,8.479534643138785e-06
6495,נשוא,4,8.479534643138785e-06
6496,דרכו,4,8.479534643138785e-06
6497,פראים,4,8.479534643138785e-06
6498,רעם,4,8.479534643138785e-06
6499,למו,4,8.479534643138785e-06
6500,אלמנתי,4,8.479534643138785e-06
6501,צניף,4,8.479534643138785e-06
6502,מלה,4,8.479534643138785e-06
6503,חשכו,4,8.479534643138785e-06
6504,שאה,4,8.479534643138785e-06
6505,חלצ,4,8.479534643138785e-06
6506,בוזי,4,8.479534643138785e-06
6507,הוחלתי,4,8.479534643138785e-06
6508,ספק,4,8.479534643138785e-06
6509,גבהו,4,8.479534643138785e-06
6510,ישועו,4,8.479534643138785e-06
6511,תחולל,4,8.479534643138785e-06
6512,יתמכו,4,8.479534643138785e-06
6513,ירעפו,4,8.479534643138785e-06
6514,תשאות,4,8.479534643138785e-06
6515,נחר,4,8.479534643138785e-06
6516,יביטו,4,8.479534643138785e-06
6517,נהפ,4,8.479534643138785e-06
6518,לצים,4,8.479534643138785e-06
6519,רוזנים,4,8.479534643138785e-06
6520,מרו,4,8.479534643138785e-06
6521,תיסר,4,8.479534643138785e-06
6522,יגעתי,4,8.479534643138785e-06
6523,אחלצ,4,8.479534643138785e-06
6524,הנשא,4,8.479534643138785e-06
6525,יכוננ,4,8.479534643138785e-06
6526,תך,4,8.479534643138785e-06
6527,סכ,4,8.479534643138785e-06
6528,בחנת,4,8.479534643138785e-06
6529,אפפו,4,8.479534643138785e-06
6530,יביע,4,8.479534643138785e-06
6531,ימשלו,4,8.479534643138785e-06
6532,ישגב,4,8.479534643138785e-06
6533,יסעד,4,8.479534643138785e-06
6534,יגיל,4,8.479534643138785e-06
6535,דונג,4,8.479534643138785e-06
6536,אספר,4,8.479534643138785e-06
6537,אבושה,4,8.479534643138785e-06
6538,קוי,4,8.479534643138785e-06
6539,ארוממ,4,8.479534643138785e-06
6540,שועתי,4,8.479534643138785e-06
6541,תהומות,4,8.479534643138785e-06
6542,תתהלל,4,8.479534643138785e-06
6543,נהרו,4,8.479534643138785e-06
6544,חלקלקות,4,8.479534643138785e-06
6545,הקיצ,4,8.479534643138785e-06
6546,תתחר,4,8.479534643138785e-06
6547,סומך,4,8.479534643138785e-06
6548,קצפ,4,8.479534643138785e-06
6549,נאלמתי,4,8.479534643138785e-06
6550,מגלת,4,8.479534643138785e-06
6551,קלס,4,8.479534643138785e-06
6552,היכלי,4,8.479534643138785e-06
6553,תמהו,4,8.479534643138785e-06
6554,נדמו,4,8.479534643138785e-06
6555,יונת,4,8.479534643138785e-06
6556,ינועו,4,8.479534643138785e-06
6557,קשט,4,8.479534643138785e-06
6558,נטוי,4,8.479534643138785e-06
6559,מכין,4,8.479534643138785e-06
6560,לבשו,4,8.479534643138785e-06
6561,מצלות,4,8.479534643138785e-06
6562,גער,4,8.479534643138785e-06
6563,מעמקי,4,8.479534643138785e-06
6564,זקנה,4,8.479534643138785e-06
6565,דעה,4,8.479534643138785e-06
6566,ספו,4,8.479534643138785e-06
6567,משאות,4,8.479534643138785e-06
6568,רשעי,4,8.479534643138785e-06
6569,אגדע,4,8.479534643138785e-06
6570,ענוי,4,8.479534643138785e-06
6571,שלמו,4,8.479534643138785e-06
6572,יציץ,4,8.479534643138785e-06
6573,גאים,4,8.479534643138785e-06
6574,שקרים,4,8.479534643138785e-06
6575,יודיע,4,8.479534643138785e-06
6576,נוטה,4,8.479534643138785e-06
6577,תחנף,4,8.479534643138785e-06
6578,אולים,4,8.479534643138785e-06
6579,אגם,4,8.479534643138785e-06
6580,יכנו,4,8.479534643138785e-06
6581,תרמית,4,8.479534643138785e-06
6582,הפרו,4,8.479534643138785e-06
6583,כסאות,4,8.479534643138785e-06
6584,פריה,4,8.479534643138785e-06
6585,אלביש,4,8.479534643138785e-06
6586,נשגבה,4,8.479534643138785e-06
6587,חוצותי,4,8.479534643138785e-06
6588,נדחי,4,8.479534643138785e-06
6589,משכבות,4,8.479534643138785e-06
6590,נקמה,4,8.479534643138785e-06
6591,השכל,4,8.479534643138785e-06
6592,שלות,4,8.479534643138785e-06
6593,רפאות,4,8.479534643138785e-06
6594,נתיבותי,4,8.479534643138785e-06
6595,תחבק,4,8.479534643138785e-06
6596,הנצל,4,8.479534643138785e-06
6597,חבק,4,8.479534643138785e-06
6598,קרץ,4,8.479534643138785e-06
6599,קונה,4,8.479534643138785e-06
6600,מצרף,4,8.479534643138785e-06
6601,יולדת,4,8.479534643138785e-06
6602,נכרים,4,8.479534643138785e-06
6603,רשים,4,8.479534643138785e-06
6604,יעמל,4,8.479534643138785e-06
6605,סירים,4,8.479534643138785e-06
6606,חרמים,4,8.479534643138785e-06
6607,כלוא,4,8.479534643138785e-06
6608,לחש,4,8.479534643138785e-06
6609,לחיי,4,8.479534643138785e-06
6610,נמרים,4,8.479534643138785e-06
6611,גנ,4,8.479534643138785e-06
6612,נעלים,4,8.479534643138785e-06
6613,נלאיתי,4,8.479534643138785e-06
6614,גנבים,4,8.479534643138785e-06
6615,סעפי,4,8.479534643138785e-06
6616,ציוןס,4,8.479534643138785e-06
6617,נחרצה,4,8.479534643138785e-06
6618,מזער,4,8.479534643138785e-06
6619,צירים,4,8.479534643138785e-06
6620,רבצו,4,8.479534643138785e-06
6621,אלמנותי,4,8.479534643138785e-06
6622,הילל,4,8.479534643138785e-06
6623,ייליל,4,8.479534643138785e-06
6624,יללת,4,8.479534643138785e-06
6625,עוללת,4,8.479534643138785e-06
6626,חלחלה,4,8.479534643138785e-06
6627,עליזה,4,8.479534643138785e-06
6628,תחתונה,4,8.479534643138785e-06
6629,תוסיפי,4,8.479534643138785e-06
6630,קוינו,4,8.479534643138785e-06
6631,תחיל,4,8.479534643138785e-06
6632,יבוש,4,8.479534643138785e-06
6633,חשף,4,8.479534643138785e-06
6634,יעפו,4,8.479534643138785e-06
6635,עזרתי,4,8.479534643138785e-06
6636,שפיים,4,8.479534643138785e-06
6637,הורדתי,4,8.479534643138785e-06
6638,הרסתי,4,8.479534643138785e-06
6639,נקוה,4,8.479534643138785e-06
6640,תזכרנה,4,8.479534643138785e-06
6641,עצרתי,4,8.479534643138785e-06
6642,נתוש,4,8.479534643138785e-06
6643,שגלת,4,8.479534643138785e-06
6644,בגדה,4,8.479534643138785e-06
6645,שדדו,4,8.479534643138785e-06
6646,קדרו,4,8.479534643138785e-06
6647,עונותי,4,8.479534643138785e-06
6648,יהמה,4,8.479534643138785e-06
6649,תמרורים,4,8.479534643138785e-06
6650,הרגה,4,8.479534643138785e-06
6651,הפצותי,4,8.479534643138785e-06
6652,עמיר,4,8.479534643138785e-06
6653,תנבא,4,8.479534643138785e-06
6654,צעירי,4,8.479534643138785e-06
6655,ינבא,4,8.479534643138785e-06
6656,הגליתי,4,8.479534643138785e-06
6657,חנמאל,4,8.479534643138785e-06
6658,גמריהו,4,8.479534643138785e-06
6659,מלחים,4,8.479534643138785e-06
6660,הפנו,4,8.479534643138785e-06
6661,יחדיו,4,8.479534643138785e-06
6662,הבישה,4,8.479534643138785e-06
6663,נדו,4,8.479534643138785e-06
6664,נהרסו,4,8.479534643138785e-06
6665,מאהב,4,8.479534643138785e-06
6666,מראות,4,8.479534643138785e-06
6667,מכסות,4,8.479534643138785e-06
6668,אשפוך,4,8.479534643138785e-06
6669,קדמוני,4,8.479534643138785e-06
6670,יוצאים,4,8.479534643138785e-06
6671,תזנות,4,8.479534643138785e-06
6672,אחותי,4,8.479534643138785e-06
6673,תעגב,4,8.479534643138785e-06
6674,צחיח,4,8.479534643138785e-06
6675,איבת,4,8.479534643138785e-06
6676,עריצי,4,8.479534643138785e-06
6677,מצל,4,8.479534643138785e-06
6678,רעשו,4,8.479534643138785e-06
6679,חלונות,4,8.479534643138785e-06
6680,חלונים,4,8.479534643138785e-06
6681,צורת,4,8.479534643138785e-06
6682,פתבג,4,8.479534643138785e-06
6683,מנדע,4,8.479534643138785e-06
6684,זיו,4,8.479534643138785e-06
6685,חספ,4,8.479534643138785e-06
6686,קתרוס,4,8.479534643138785e-06
6687,זני,4,8.479534643138785e-06
6688,שעת,4,8.479534643138785e-06
6689,יתרמא,4,8.479534643138785e-06
6690,פלחין,4,8.479534643138785e-06
6691,תלת,4,8.479534643138785e-06
6692,יבהלנ,4,8.479534643138785e-06
6693,ענפו,4,8.479534643138785e-06
6694,יצטבע,4,8.479534643138785e-06
6695,יחלפון,4,8.479534643138785e-06
6696,יצבא,4,8.479534643138785e-06
6697,יתירה,4,8.479534643138785e-06
6698,וך,4,8.479534643138785e-06
6699,יהיבת,4,8.479534643138785e-06
6700,סרכי,4,8.479534643138785e-06
6701,קדישי,4,8.479534643138785e-06
6702,עליונין,4,8.479534643138785e-06
6703,צפיר,4,8.479534643138785e-06
6704,הבן,4,8.479534643138785e-06
6705,רחמה,4,8.479534643138785e-06
6706,אנך,4,8.479534643138785e-06
6707,בהו,3,6.359650982354088e-06
6708,יקוו,3,6.359650982354088e-06
6709,תוצא,3,6.359650982354088e-06
6710,מארת,3,6.359650982354088e-06
6711,יברא,3,6.359650982354088e-06
6712,תנינם,3,6.359650982354088e-06
6713,רמשת,3,6.359650982354088e-06
6714,שרצו,3,6.359650982354088e-06
6715,השקה,3,6.359650982354088e-06
6716,גיחון,3,6.359650982354088e-06
6717,צלעתי,3,6.359650982354088e-06
6718,השיא,3,6.359650982354088e-06
6719,איבה,3,6.359650982354088e-06
6720,ישופ,3,6.359650982354088e-06
6721,תשוקת,3,6.359650982354088e-06
6722,תצמיח,3,6.359650982354088e-06
6723,להט,3,6.359650982354088e-06
6724,בכרות,3,6.359650982354088e-06
6725,שעה,3,6.359650982354088e-06
6726,פצתה,3,6.359650982354088e-06
6727,גרשת,3,6.359650982354088e-06
6728,צלה,3,6.359650982354088e-06
6729,עוגב,3,6.359650982354088e-06
6730,תובל,3,6.359650982354088e-06
6731,אמחה,3,6.359650982354088e-06
6732,ממטיר,3,6.359650982354088e-06
6733,מחיתי,3,6.359650982354088e-06
6734,נבקעו,3,6.359650982354088e-06
6735,תרם,3,6.359650982354088e-06
6736,ישאר,3,6.359650982354088e-06
6737,יצוא,3,6.359650982354088e-06
6738,ייחל,3,6.359650982354088e-06
6739,יספה,3,6.359650982354088e-06
6740,תרמש,3,6.359650982354088e-06
6741,אשכנז,3,6.359650982354088e-06
6742,אלישה,3,6.359650982354088e-06
6743,נפרדו,3,6.359650982354088e-06
6744,נמרד,3,6.359650982354088e-06
6745,לודים,3,6.359650982354088e-06
6746,להבים,3,6.359650982354088e-06
6747,חמתי,3,6.359650982354088e-06
6748,סדמ,3,6.359650982354088e-06
6749,צבים,3,6.359650982354088e-06
6750,הדורם,3,6.359650982354088e-06
6751,אוזל,3,6.359650982354088e-06
6752,נפוץ,3,6.359650982354088e-06
6753,יבצר,3,6.359650982354088e-06
6754,נרדה,3,6.359650982354088e-06
6755,אברכה,3,6.359650982354088e-06
6756,נברכו,3,6.359650982354088e-06
6757,חיתה,3,6.359650982354088e-06
6758,נגעים,3,6.359650982354088e-06
6759,צביים,3,6.359650982354088e-06
6760,הרר,3,6.359650982354088e-06
6761,ענר,3,6.359650982354088e-06
6762,בתר,3,6.359650982354088e-06
6763,קדמני,3,6.359650982354088e-06
6764,תקל,3,6.359650982354088e-06
6765,מגרי,3,6.359650982354088e-06
6766,המל,3,6.359650982354088e-06
6767,בלת,3,6.359650982354088e-06
6768,השכמתם,3,6.359650982354088e-06
6769,שפוט,3,6.359650982354088e-06
6770,סנורים,3,6.359650982354088e-06
6771,מצחק,3,6.359650982354088e-06
6772,חמלת,3,6.359650982354088e-06
6773,מלל,3,6.359650982354088e-06
6774,אודת,3,6.359650982354088e-06
6775,פיכל,3,6.359650982354088e-06
6776,נכד,3,6.359650982354088e-06
6777,אשל,3,6.359650982354088e-06
6778,נשתחוה,3,6.359650982354088e-06
6779,התברכו,3,6.359650982354088e-06
6780,קמואל,3,6.359650982354088e-06
6781,אקברה,3,6.359650982354088e-06
6782,הקרה,3,6.359650982354088e-06
6783,מחריש,3,6.359650982354088e-06
6784,לין,3,6.359650982354088e-06
6785,צמדים,3,6.359650982354088e-06
6786,תנקה,3,6.359650982354088e-06
6787,השקי,3,6.359650982354088e-06
6788,שוח,3,6.359650982354088e-06
6789,תלדת,3,6.359650982354088e-06
6790,מבשם,3,6.359650982354088e-06
6791,נפיש,3,6.359650982354088e-06
6792,לאם,3,6.359650982354088e-06
6793,יסתמו,3,6.359650982354088e-06
6794,יריבו,3,6.359650982354088e-06
6795,הרחיב,3,6.359650982354088e-06
6796,צוד,3,6.359650982354088e-06
6797,אררי,3,6.359650982354088e-06
6798,חרנ,3,6.359650982354088e-06
6799,יחבק,3,6.359650982354088e-06
6800,ינשק,3,6.359650982354088e-06
6801,אעבד,3,6.359650982354088e-06
6802,רמית,3,6.359650982354088e-06
6803,קראה,3,6.359650982354088e-06
6804,נש,3,6.359650982354088e-06
6805,טלוא,3,6.359650982354088e-06
6806,תישים,3,6.359650982354088e-06
6807,עקד,3,6.359650982354088e-06
6808,תמל,3,6.359650982354088e-06
6809,ידעתן,3,6.359650982354088e-06
6810,התל,3,6.359650982354088e-06
6811,נחשבנו,3,6.359650982354088e-06
6812,ישג,3,6.359650982354088e-06
6813,תגזל,3,6.359650982354088e-06
6814,יחץ,3,6.359650982354088e-06
6815,יפגש,3,6.359650982354088e-06
6816,מעבר,3,6.359650982354088e-06
6817,תנצל,3,6.359650982354088e-06
6818,קשיטה,3,6.359650982354088e-06
6819,ערלה,3,6.359650982354088e-06
6820,ימלו,3,6.359650982354088e-06
6821,נקומה,3,6.359650982354088e-06
6822,כברת,3,6.359650982354088e-06
6823,יעיש,3,6.359650982354088e-06
6824,געתם,3,6.359650982354088e-06
6825,מזה,3,6.359650982354088e-06
6826,יתרן,3,6.359650982354088e-06
6827,עוית,3,6.359650982354088e-06
6828,מהיטבאל,3,6.359650982354088e-06
6829,עלוה,3,6.359650982354088e-06
6830,ישנאו,3,6.359650982354088e-06
6831,תעה,3,6.359650982354088e-06
6832,סחרים,3,6.359650982354088e-06
6833,ימשכו,3,6.359650982354088e-06
6834,ימכרו,3,6.359650982354088e-06
6835,עדלמי,3,6.359650982354088e-06
6836,תסר,3,6.359650982354088e-06
6837,ערבון,3,6.359650982354088e-06
6838,חתמ,3,6.359650982354088e-06
6839,יחלמו,3,6.359650982354088e-06
6840,סלי,3,6.359650982354088e-06
6841,יפות,3,6.359650982354088e-06
6842,בריאת,3,6.359650982354088e-06
6843,בריאות,3,6.359650982354088e-06
6844,דלות,3,6.359650982354088e-06
6845,נשכח,3,6.359650982354088e-06
6846,פקדון,3,6.359650982354088e-06
6847,אסנת,3,6.359650982354088e-06
6848,פוטי,3,6.359650982354088e-06
6849,רעבון,3,6.359650982354088e-06
6850,תשיבו,3,6.359650982354088e-06
6851,הבא,3,6.359650982354088e-06
6852,מובאים,3,6.359650982354088e-06
6853,ירדנו,3,6.359650982354088e-06
6854,נפתח,3,6.359650982354088e-06
6855,יורדו,3,6.359650982354088e-06
6856,תעצבו,3,6.359650982354088e-06
6857,חריש,3,6.359650982354088e-06
6858,נשאתם,3,6.359650982354088e-06
6859,חלפות,3,6.359650982354088e-06
6860,חלפת,3,6.359650982354088e-06
6861,מראת,3,6.359650982354088e-06
6862,אעל,3,6.359650982354088e-06
6863,כנענית,3,6.359650982354088e-06
6864,שוני,3,6.359650982354088e-06
6865,אראלי,3,6.359650982354088e-06
6866,ישוה,3,6.359650982354088e-06
6867,שרח,3,6.359650982354088e-06
6868,מלכיאל,3,6.359650982354088e-06
6869,אשבל,3,6.359650982354088e-06
6870,חשים,3,6.359650982354088e-06
6871,ילקט,3,6.359650982354088e-06
6872,שברים,3,6.359650982354088e-06
6873,יתם,3,6.359650982354088e-06
6874,ידת,3,6.359650982354088e-06
6875,יפרו,3,6.359650982354088e-06
6876,מפר,3,6.359650982354088e-06
6877,התהלכו,3,6.359650982354088e-06
6878,משכבי,3,6.359650982354088e-06
6879,סד,3,6.359650982354088e-06
6880,תחד,3,6.359650982354088e-06
6881,אחלק,3,6.359650982354088e-06
6882,אפיצ,3,6.359650982354088e-06
6883,אסרי,3,6.359650982354088e-06
6884,צעדה,3,6.359650982354088e-06
6885,ישטמ,3,6.359650982354088e-06
6886,עברית,3,6.359650982354088e-06
6887,שפרה,3,6.359650982354088e-06
6888,תאמרן,3,6.359650982354088e-06
6889,זפת,3,6.359650982354088e-06
6890,תחמל,3,6.359650982354088e-06
6891,נצים,3,6.359650982354088e-06
6892,דלה,3,6.359650982354088e-06
6893,נאקת,3,6.359650982354088e-06
6894,לבת,3,6.359650982354088e-06
6895,לחצים,3,6.359650982354088e-06
6896,מצרעת,3,6.359650982354088e-06
6897,הוריתי,3,6.359650982354088e-06
6898,השבתם,3,6.359650982354088e-06
6899,נגשים,3,6.359650982354088e-06
6900,תגרעו,3,6.359650982354088e-06
6901,נרפים,3,6.359650982354088e-06
6902,נגרע,3,6.359650982354088e-06
6903,כליתם,3,6.359650982354088e-06
6904,הצלת,3,6.359650982354088e-06
6905,דדת,3,6.359650982354088e-06
6906,פרעהפ,3,6.359650982354088e-06
6907,מכשפים,3,6.359650982354088e-06
6908,נהרת,3,6.359650982354088e-06
6909,אגמי,3,6.359650982354088e-06
6910,יהפכו,3,6.359650982354088e-06
6911,לטי,3,6.359650982354088e-06
6912,אגמים,3,6.359650982354088e-06
6913,התפאר,3,6.359650982354088e-06
6914,כנם,3,6.359650982354088e-06
6915,הפלה,3,6.359650982354088e-06
6916,אפרש,3,6.359650982354088e-06
6917,נתך,3,6.359650982354088e-06
6918,נשארת,3,6.359650982354088e-06
6919,תחשך,3,6.359650982354088e-06
6920,מושבת,3,6.359650982354088e-06
6921,תשאר,3,6.359650982354088e-06
6922,ימעט,3,6.359650982354088e-06
6923,משקוף,3,6.359650982354088e-06
6924,צלי,3,6.359650982354088e-06
6925,תותירו,3,6.359650982354088e-06
6926,חפזון,3,6.359650982354088e-06
6927,חגתם,3,6.359650982354088e-06
6928,תחג,3,6.359650982354088e-06
6929,צבאותי,3,6.359650982354088e-06
6930,נגפ,3,6.359650982354088e-06
6931,משארת,3,6.359650982354088e-06
6932,עגת,3,6.359650982354088e-06
6933,חקה,3,6.359650982354088e-06
6934,העליתם,3,6.359650982354088e-06
6935,החירת,3,6.359650982354088e-06
6936,חזקתי,3,6.359650982354088e-06
6937,נעבדה,3,6.359650982354088e-06
6938,ןפ,3,6.359650982354088e-06
6939,יולך,3,6.359650982354088e-06
6940,אשמרת,3,6.359650982354088e-06
6941,אפן,3,6.359650982354088e-06
6942,כבדת,3,6.359650982354088e-06
6943,טבעו,3,6.359650982354088e-06
6944,תהמת,3,6.359650982354088e-06
6945,תוריש,3,6.359650982354088e-06
6946,צללו,3,6.359650982354088e-06
6947,יםס,3,6.359650982354088e-06
6948,ממעיט,3,6.359650982354088e-06
6949,יומים,3,6.359650982354088e-06
6950,נושבת,3,6.359650982354088e-06
6951,תנסו,3,6.359650982354088e-06
6952,רפידם,3,6.359650982354088e-06
6953,כבסו,3,6.359650982354088e-06
6954,נכנים,3,6.359650982354088e-06
6955,תגשו,3,6.359650982354088e-06
6956,יארכו,3,6.359650982354088e-06
6957,ינעו,3,6.359650982354088e-06
6958,גפ,3,6.359650982354088e-06
6959,מותס,3,6.359650982354088e-06
6960,יכרה,3,6.359650982354088e-06
6961,נקרב,3,6.359650982354088e-06
6962,שלמת,3,6.359650982354088e-06
6963,הטת,3,6.359650982354088e-06
6964,תלחץ,3,6.359650982354088e-06
6965,צרתי,3,6.359650982354088e-06
6966,אצילי,3,6.359650982354088e-06
6967,כתבתי,3,6.359650982354088e-06
6968,פעמתי,3,6.359650982354088e-06
6969,סככים,3,6.359650982354088e-06
6970,תמידפ,3,6.359650982354088e-06
6971,מנרת,3,6.359650982354088e-06
6972,מלקחי,3,6.359650982354088e-06
6973,סרח,3,6.359650982354088e-06
6974,כסת,3,6.359650982354088e-06
6975,שרשרת,3,6.359650982354088e-06
6976,כפול,3,6.359650982354088e-06
6977,פטדה,3,6.359650982354088e-06
6978,ברקת,3,6.359650982354088e-06
6979,יהלם,3,6.359650982354088e-06
6980,יקדישו,3,6.359650982354088e-06
6981,כהנו,3,6.359650982354088e-06
6982,שחטת,3,6.359650982354088e-06
6983,הקטרת,3,6.359650982354088e-06
6984,ניחוח,3,6.359650982354088e-06
6985,רקיק,3,6.359650982354088e-06
6986,קירתי,3,6.359650982354088e-06
6987,מרקחת,3,6.359650982354088e-06
6988,תמשח,3,6.359650982354088e-06
6989,זכה,3,6.359650982354088e-06
6990,הריח,3,6.359650982354088e-06
6991,אחיסמך,3,6.359650982354088e-06
6992,מחללי,3,6.359650982354088e-06
6993,יחרה,3,6.359650982354088e-06
6994,חרות,3,6.359650982354088e-06
6995,גרשתי,3,6.359650982354088e-06
6996,יתאבלו,3,6.359650982354088e-06
6997,אדמהפ,3,6.359650982354088e-06
6998,אעביר,3,6.359650982354088e-06
6999,נבראו,3,6.359650982354088e-06
7000,תכרתו,3,6.359650982354088e-06
7001,הזנו,3,6.359650982354088e-06
7002,תקופת,3,6.359650982354088e-06
7003,תשחט,3,6.359650982354088e-06
7004,מסוה,3,6.359650982354088e-06
7005,משבתי,3,6.359650982354088e-06
7006,שבתפ,3,6.359650982354088e-06
7007,חח,3,6.359650982354088e-06
7008,תנופת,3,6.359650982354088e-06
7009,נחשתפ,3,6.359650982354088e-06
7010,מזרקת,3,6.359650982354088e-06
7011,טורי,3,6.359650982354088e-06
7012,עשופ,3,6.359650982354088e-06
7013,הפשיט,3,6.359650982354088e-06
7014,נתחים,3,6.359650982354088e-06
7015,פדר,3,6.359650982354088e-06
7016,קמץ,3,6.359650982354088e-06
7017,קמצ,3,6.359650982354088e-06
7018,שעירת,3,6.359650982354088e-06
7019,יאשם,3,6.359650982354088e-06
7020,שגגת,3,6.359650982354088e-06
7021,שגג,3,6.359650982354088e-06
7022,תוקד,3,6.359650982354088e-06
7023,מרבכת,3,6.359650982354088e-06
7024,תכבס,3,6.359650982354088e-06
7025,תפרעו,3,6.359650982354088e-06
7026,מפרסת,3,6.359650982354088e-06
7027,שסעת,3,6.359650982354088e-06
7028,נץ,3,6.359650982354088e-06
7029,ינשוף,3,6.359650982354088e-06
7030,תנשמת,3,6.359650982354088e-06
7031,מקר,3,6.359650982354088e-06
7032,מספחת,3,6.359650982354088e-06
7033,תפשה,3,6.359650982354088e-06
7034,צרבת,3,6.359650982354088e-06
7035,צהב,3,6.359650982354088e-06
7036,יבקר,3,6.359650982354088e-06
7037,ממארת,3,6.359650982354088e-06
7038,מרכב,3,6.359650982354088e-06
7039,נוגע,3,6.359650982354088e-06
7040,שעירי,3,6.359650982354088e-06
7041,שארה,3,6.359650982354088e-06
7042,תקיא,3,6.359650982354088e-06
7043,תעשק,3,6.359650982354088e-06
7044,תוכיח,3,6.359650982354088e-06
7045,נטעתם,3,6.359650982354088e-06
7046,הוסיף,3,6.359650982354088e-06
7047,תבקשו,3,6.359650982354088e-06
7048,תונו,3,6.359650982354088e-06
7049,תפנה,3,6.359650982354088e-06
7050,הערה,3,6.359650982354088e-06
7051,ידעני,3,6.359650982354088e-06
7052,חללה,3,6.359650982354088e-06
7053,יקנה,3,6.359650982354088e-06
7054,קנין,3,6.359650982354088e-06
7055,השיאו,3,6.359650982354088e-06
7056,מקראי,3,6.359650982354088e-06
7057,כפת,3,6.359650982354088e-06
7058,שמחתם,3,6.359650982354088e-06
7059,מעדי,3,6.359650982354088e-06
7060,ישראלית,3,6.359650982354088e-06
7061,רגמו,3,6.359650982354088e-06
7062,רגום,3,6.359650982354088e-06
7063,ספיח,3,6.359650982354088e-06
7064,תבצר,3,6.359650982354088e-06
7065,ספרת,3,6.359650982354088e-06
7066,תעבירו,3,6.359650982354088e-06
7067,קדשתם,3,6.359650982354088e-06
7068,תזרעו,3,6.359650982354088e-06
7069,תמעיט,3,6.359650982354088e-06
7070,תושבים,3,6.359650982354088e-06
7071,ימוך,3,6.359650982354088e-06
7072,השיג,3,6.359650982354088e-06
7073,הפקדתי,3,6.359650982354088e-06
7074,בהלה,3,6.359650982354088e-06
7075,השלחתי,3,6.359650982354088e-06
7076,חמני,3,6.359650982354088e-06
7077,געלה,3,6.359650982354088e-06
7078,אזרה,3,6.359650982354088e-06
7079,העריך,3,6.359650982354088e-06
7080,מקדיש,3,6.359650982354088e-06
7081,גדעני,3,6.359650982354088e-06
7082,דעואל,3,6.359650982354088e-06
7083,חנת,3,6.359650982354088e-06
7084,מחנת,3,6.359650982354088e-06
7085,דגלי,3,6.359650982354088e-06
7086,יכהן,3,6.359650982354088e-06
7087,עדפים,3,6.359650982354088e-06
7088,כסוי,3,6.359650982354088e-06
7089,נתפשה,3,6.359650982354088e-06
7090,הזיר,3,6.359650982354088e-06
7091,לחים,3,6.359650982354088e-06
7092,שלוםס,3,6.359650982354088e-06
7093,מזרקי,3,6.359650982354088e-06
7094,מעד,3,6.359650982354088e-06
7095,אשמעה,3,6.359650982354088e-06
7096,ישאירו,3,6.359650982354088e-06
7097,האריך,3,6.359650982354088e-06
7098,קהתים,3,6.359650982354088e-06
7099,חבב,3,6.359650982354088e-06
7100,פרור,3,6.359650982354088e-06
7101,נאכלה,3,6.359650982354088e-06
7102,מאסתם,3,6.359650982354088e-06
7103,ישארו,3,6.359650982354088e-06
7104,בחרי,3,6.359650982354088e-06
7105,כשית,3,6.359650982354088e-06
7106,רפוא,3,6.359650982354088e-06
7107,רזה,3,6.359650982354088e-06
7108,זמורה,3,6.359650982354088e-06
7109,ירשנו,3,6.359650982354088e-06
7110,סלחתי,3,6.359650982354088e-06
7111,תזכרו,3,6.359650982354088e-06
7112,רוחת,3,6.359650982354088e-06
7113,בריאה,3,6.359650982354088e-06
7114,מתנ,3,6.359650982354088e-06
7115,קלקל,3,6.359650982354088e-06
7116,נחשים,3,6.359650982354088e-06
7117,נדיבי,3,6.359650982354088e-06
7118,נפח,3,6.359650982354088e-06
7119,ירחוס,3,6.359650982354088e-06
7120,שלופה,3,6.359650982354088e-06
7121,שפי,3,6.359650982354088e-06
7122,ערכתי,3,6.359650982354088e-06
7123,צפים,3,6.359650982354088e-06
7124,יכזב,3,6.359650982354088e-06
7125,יתנחם,3,6.359650982354088e-06
7126,ראם,3,6.359650982354088e-06
7127,נשקף,3,6.359650982354088e-06
7128,שתם,3,6.359650982354088e-06
7129,יחזה,3,6.359650982354088e-06
7130,ימחץ,3,6.359650982354088e-06
7131,מדינית,3,6.359650982354088e-06
7132,ידקר,3,6.359650982354088e-06
7133,אלףפ,3,6.359650982354088e-06
7134,שמעני,3,6.359650982354088e-06
7135,כזבי,3,6.359650982354088e-06
7136,נמואל,3,6.359650982354088e-06
7137,מאתיםס,3,6.359650982354088e-06
7138,ארוד,3,6.359650982354088e-06
7139,זבולני,3,6.359650982354088e-06
7140,אשריאל,3,6.359650982354088e-06
7141,שמידע,3,6.359650982354088e-06
7142,תחן,3,6.359650982354088e-06
7143,יצרי,3,6.359650982354088e-06
7144,נאספת,3,6.359650982354088e-06
7145,סמכת,3,6.359650982354088e-06
7146,שלישת,3,6.359650982354088e-06
7147,שבעתי,3,6.359650982354088e-06
7148,נדבתי,3,6.359650982354088e-06
7149,מנחתי,3,6.359650982354088e-06
7150,יחריש,3,6.359650982354088e-06
7151,מחנהפ,3,6.359650982354088e-06
7152,נפקד,3,6.359650982354088e-06
7153,נמרה,3,6.359650982354088e-06
7154,ינע,3,6.359650982354088e-06
7155,חלוצים,3,6.359650982354088e-06
7156,מקברים,3,6.359650982354088e-06
7157,מסרות,3,6.359650982354088e-06
7158,יטבתה,3,6.359650982354088e-06
7159,במת,3,6.359650982354088e-06
7160,תתנחלו,3,6.359650982354088e-06
7161,צררו,3,6.359650982354088e-06
7162,תשעת,3,6.359650982354088e-06
7163,יהדפ,3,6.359650982354088e-06
7164,הדפ,3,6.359650982354088e-06
7165,גרל,3,6.359650982354088e-06
7166,הואיל,3,6.359650982354088e-06
7167,רשו,3,6.359650982354088e-06
7168,נבנים,3,6.359650982354088e-06
7169,אביתם,3,6.359650982354088e-06
7170,תערצו,3,6.359650982354088e-06
7171,התאנף,3,6.359650982354088e-06
7172,נפן,3,6.359650982354088e-06
7173,רביםס,3,6.359650982354088e-06
7174,עמנים,3,6.359650982354088e-06
7175,רגזו,3,6.359650982354088e-06
7176,קדמות,3,6.359650982354088e-06
7177,אשדת,3,6.359650982354088e-06
7178,יתעבר,3,6.359650982354088e-06
7179,ינחיל,3,6.359650982354088e-06
7180,דבקים,3,6.359650982354088e-06
7181,למדתי,3,6.359650982354088e-06
7182,העידתי,3,6.359650982354088e-06
7183,שבתס,3,6.359650982354088e-06
7184,נשל,3,6.359650982354088e-06
7185,יפד,3,6.359650982354088e-06
7186,מדוי,3,6.359650982354088e-06
7187,הליכ,3,6.359650982354088e-06
7188,ירעב,3,6.359650982354088e-06
7189,תחסר,3,6.359650982354088e-06
7190,מוליכ,3,6.359650982354088e-06
7191,צמאון,3,6.359650982354088e-06
7192,יכניע,3,6.359650982354088e-06
7193,ממרים,3,6.359650982354088e-06
7194,יתאנף,3,6.359650982354088e-06
7195,קשי,3,6.359650982354088e-06
7196,תקשו,3,6.359650982354088e-06
7197,תאריכו,3,6.359650982354088e-06
7198,קשרתם,3,6.359650982354088e-06
7199,אלוני,3,6.359650982354088e-06
7200,תדרשו,3,6.359650982354088e-06
7201,עולתי,3,6.359650982354088e-06
7202,תשפכ,3,6.359650982354088e-06
7203,ירחיב,3,6.359650982354088e-06
7204,יכרית,3,6.359650982354088e-06
7205,ידיחו,3,6.359650982354088e-06
7206,תאמץ,3,6.359650982354088e-06
7207,מחסר,3,6.359650982354088e-06
7208,נדבת,3,6.359650982354088e-06
7209,פתחה,3,6.359650982354088e-06
7210,תבז,3,6.359650982354088e-06
7211,עצ,3,6.359650982354088e-06
7212,שפכה,3,6.359650982354088e-06
7213,אהובה,3,6.359650982354088e-06
7214,הנחיל,3,6.359650982354088e-06
7215,אנ,3,6.359650982354088e-06
7216,זולל,3,6.359650982354088e-06
7217,קבור,3,6.359650982354088e-06
7218,תלוי,3,6.359650982354088e-06
7219,נדחים,3,6.359650982354088e-06
7220,ביצים,3,6.359650982354088e-06
7221,יחדוס,3,6.359650982354088e-06
7222,אקרב,3,6.359650982354088e-06
7223,בתולים,3,6.359650982354088e-06
7224,מארשה,3,6.359650982354088e-06
7225,תשיך,3,6.359650982354088e-06
7226,ישך,3,6.359650982354088e-06
7227,תחדל,3,6.359650982354088e-06
7228,תניף,3,6.359650982354088e-06
7229,יחבל,3,6.359650982354088e-06
7230,עבט,3,6.359650982354088e-06
7231,ימחה,3,6.359650982354088e-06
7232,תמחה,3,6.359650982354088e-06
7233,מארה,3,6.359650982354088e-06
7234,הרפא,3,6.359650982354088e-06
7235,שגעון,3,6.359650982354088e-06
7236,צלצל,3,6.359650982354088e-06
7237,ידאה,3,6.359650982354088e-06
7238,יציק,3,6.359650982354088e-06
7239,ענג,3,6.359650982354088e-06
7240,רכה,3,6.359650982354088e-06
7241,הפלא,3,6.359650982354088e-06
7242,דבקו,3,6.359650982354088e-06
7243,תפחד,3,6.359650982354088e-06
7244,יאבה,3,6.359650982354088e-06
7245,ישלכ,3,6.359650982354088e-06
7246,נסתרת,3,6.359650982354088e-06
7247,נעש,3,6.359650982354088e-06
7248,חיית,3,6.359650982354088e-06
7249,בינו,3,6.359650982354088e-06
7250,יסבב,3,6.359650982354088e-06
7251,שערו,3,6.359650982354088e-06
7252,עצות,3,6.359650982354088e-06
7253,מררת,3,6.359650982354088e-06
7254,פתנים,3,6.359650982354088e-06
7255,הרנינו,3,6.359650982354088e-06
7256,רבבת,3,6.359650982354088e-06
7257,מנשהס,3,6.359650982354088e-06
7258,ספון,3,6.359650982354088e-06
7259,אתננ,3,6.359650982354088e-06
7260,הראיתי,3,6.359650982354088e-06
7261,תשכיל,3,6.359650982354088e-06
7262,הצלתם,3,6.359650982354088e-06
7263,הורדת,3,6.359650982354088e-06
7264,באס,3,6.359650982354088e-06
7265,יובלים,3,6.359650982354088e-06
7266,יחרימו,3,6.359650982354088e-06
7267,משפחותי,3,6.359650982354088e-06
7268,רגלו,3,6.359650982354088e-06
7269,תיגע,3,6.359650982354088e-06
7270,גנבו,3,6.359650982354088e-06
7271,ארבים,3,6.359650982354088e-06
7272,נסנו,3,6.359650982354088e-06
7273,אורב,3,6.359650982354088e-06
7274,פתוחה,3,6.359650982354088e-06
7275,ירידו,3,6.359650982354088e-06
7276,חמורי,3,6.359650982354088e-06
7277,בלות,3,6.359650982354088e-06
7278,ארורים,3,6.359650982354088e-06
7279,נירא,3,6.359650982354088e-06
7280,תרף,3,6.359650982354088e-06
7281,נחבאו,3,6.359650982354088e-06
7282,אכשף,3,6.359650982354088e-06
7283,משרפות,3,6.359650982354088e-06
7284,עמדות,3,6.359650982354088e-06
7285,שפלת,3,6.359650982354088e-06
7286,יקנעם,3,6.359650982354088e-06
7287,שיחור,3,6.359650982354088e-06
7288,הורישו,3,6.359650982354088e-06
7289,נסיכי,3,6.359650982354088e-06
7290,הערבה,3,6.359650982354088e-06
7291,תסית,3,6.359650982354088e-06
7292,תצנח,3,6.359650982354088e-06
7293,עליות,3,6.359650982354088e-06
7294,קבצאל,3,6.359650982354088e-06
7295,שוכה,3,6.359650982354088e-06
7296,יתיר,3,6.359650982354088e-06
7297,ענים,3,6.359650982354088e-06
7298,רומה,3,6.359650982354088e-06
7299,יבלעם,3,6.359650982354088e-06
7300,בלה,3,6.359650982354088e-06
7301,נהלל,3,6.359650982354088e-06
7302,שונם,3,6.359650982354088e-06
7303,עשרהס,3,6.359650982354088e-06
7304,יטה,3,6.359650982354088e-06
7305,מיפעת,3,6.359650982354088e-06
7306,תוכלו,3,6.359650982354088e-06
7307,תעזבו,3,6.359650982354088e-06
7308,האריכו,3,6.359650982354088e-06
7309,צפת,3,6.359650982354088e-06
7310,שסים,3,6.359650982354088e-06
7311,ישסו,3,6.359650982354088e-06
7312,לחצי,3,6.359650982354088e-06
7313,אשרות,3,6.359650982354088e-06
7314,הגוים,3,6.359650982354088e-06
7315,נזלו,3,6.359650982354088e-06
7316,שיחו,3,6.359650982354088e-06
7317,חקקי,3,6.359650982354088e-06
7318,ישכון,3,6.359650982354088e-06
7319,הלמו,3,6.359650982354088e-06
7320,תענינה,3,6.359650982354088e-06
7321,צבעים,3,6.359650982354088e-06
7322,ידל,3,6.359650982354088e-06
7323,שפוך,3,6.359650982354088e-06
7324,לבשה,3,6.359650982354088e-06
7325,הושיעה,3,6.359650982354088e-06
7326,מחולה,3,6.359650982354088e-06
7327,עיפים,3,6.359650982354088e-06
7328,החריד,3,6.359650982354088e-06
7329,שהרנים,3,6.359650982354088e-06
7330,ריקים,3,6.359650982354088e-06
7331,חדלתי,3,6.359650982354088e-06
7332,חסו,3,6.359650982354088e-06
7333,יבגדו,3,6.359650982354088e-06
7334,יגזלו,3,6.359650982354088e-06
7335,יקללו,3,6.359650982354088e-06
7336,אסירה,3,6.359650982354088e-06
7337,יארב,3,6.359650982354088e-06
7338,צריח,3,6.359650982354088e-06
7339,התקבצו,3,6.359650982354088e-06
7340,צלמון,3,6.359650982354088e-06
7341,קרדמות,3,6.359650982354088e-06
7342,תבץ,3,6.359650982354088e-06
7343,מותת,3,6.359650982354088e-06
7344,דודו,3,6.359650982354088e-06
7345,גלעדפ,3,6.359650982354088e-06
7346,מנית,3,6.359650982354088e-06
7347,הרפה,3,6.359650982354088e-06
7348,פרעתוני,3,6.359650982354088e-06
7349,תשתי,3,6.359650982354088e-06
7350,סדינים,3,6.359650982354088e-06
7351,ינטשו,3,6.359650982354088e-06
7352,מכתש,3,6.359650982354088e-06
7353,חברוןפ,3,6.359650982354088e-06
7354,יתרים,3,6.359650982354088e-06
7355,התלת,3,6.359650982354088e-06
7356,יאסרו,3,6.359650982354088e-06
7357,סרנים,3,6.359650982354088e-06
7358,הכירו,3,6.359650982354088e-06
7359,כבודה,3,6.359650982354088e-06
7360,חזקים,3,6.359650982354088e-06
7361,נקרבה,3,6.359650982354088e-06
7362,תלן,3,6.359650982354088e-06
7363,יצומו,3,6.359650982354088e-06
7364,סביבפ,3,6.359650982354088e-06
7365,כלתי,3,6.359650982354088e-06
7366,תהם,3,6.359650982354088e-06
7367,קצרים,3,6.359650982354088e-06
7368,יקצרו,3,6.359650982354088e-06
7369,לקטה,3,6.359650982354088e-06
7370,אחזי,3,6.359650982354088e-06
7371,פלני,3,6.359650982354088e-06
7372,אגלה,3,6.359650982354088e-06
7373,גאול,3,6.359650982354088e-06
7374,תעודה,3,6.359650982354088e-06
7375,פננה,3,6.359650982354088e-06
7376,משפיל,3,6.359650982354088e-06
7377,מרומם,3,6.359650982354088e-06
7378,הושיב,3,6.359650982354088e-06
7379,לחםס,3,6.359650982354088e-06
7380,נלקח,3,6.359650982354088e-06
7381,הלקח,3,6.359650982354088e-06
7382,אשדודים,3,6.359650982354088e-06
7383,ינגפו,3,6.359650982354088e-06
7384,תשבנה,3,6.359650982354088e-06
7385,רצו,3,6.359650982354088e-06
7386,זיתי,3,6.359650982354088e-06
7387,פך,3,6.359650982354088e-06
7388,נהפכת,3,6.359650982354088e-06
7389,תלכד,3,6.359650982354088e-06
7390,שאלתם,3,6.359650982354088e-06
7391,תסורו,3,6.359650982354088e-06
7392,נאספים,3,6.359650982354088e-06
7393,מחרשת,3,6.359650982354088e-06
7394,אתים,3,6.359650982354088e-06
7395,הציב,3,6.359650982354088e-06
7396,אחטוב,3,6.359650982354088e-06
7397,תרגז,3,6.359650982354088e-06
7398,חרדת,3,6.359650982354088e-06
7399,נמוג,3,6.359650982354088e-06
7400,יאל,3,6.359650982354088e-06
7401,מרב,3,6.359650982354088e-06
7402,הכיתה,3,6.359650982354088e-06
7403,משנים,3,6.359650982354088e-06
7404,השתחויתי,3,6.359650982354088e-06
7405,מתאבל,3,6.359650982354088e-06
7406,נאד,3,6.359650982354088e-06
7407,האלה,3,6.359650982354088e-06
7408,שריון,3,6.359650982354088e-06
7409,דלק,3,6.359650982354088e-06
7410,תצאנה,3,6.359650982354088e-06
7411,רבבתי,3,6.359650982354088e-06
7412,פלשתיםס,3,6.359650982354088e-06
7413,תאהב,3,6.359650982354088e-06
7414,דויג,3,6.359650982354088e-06
7415,גרנות,3,6.359650982354088e-06
7416,חרשה,3,6.359650982354088e-06
7417,חכילה,3,6.359650982354088e-06
7418,יערם,3,6.359650982354088e-06
7419,גדיס,3,6.359650982354088e-06
7420,תשמיד,3,6.359650982354088e-06
7421,כלבי,3,6.359650982354088e-06
7422,גזזים,3,6.359650982354088e-06
7423,ינוחו,3,6.359650982354088e-06
7424,טבחת,3,6.359650982354088e-06
7425,צמקים,3,6.359650982354088e-06
7426,דבלים,3,6.359650982354088e-06
7427,אביגל,3,6.359650982354088e-06
7428,השע,3,6.359650982354088e-06
7429,הלכות,3,6.359650982354088e-06
7430,מראשת,3,6.359650982354088e-06
7431,שכבים,3,6.359650982354088e-06
7432,ישנים,3,6.359650982354088e-06
7433,גזרי,3,6.359650982354088e-06
7434,נביאם,3,6.359650982354088e-06
7435,קסמי,3,6.359650982354088e-06
7436,נבהל,3,6.359650982354088e-06
7437,נלחמתי,3,6.359650982354088e-06
7438,ינהגו,3,6.359650982354088e-06
7439,בשור,3,6.359650982354088e-06
7440,נעדר,3,6.359650982354088e-06
7441,התעללו,3,6.359650982354088e-06
7442,יצמו,3,6.359650982354088e-06
7443,נעמת,3,6.359650982354088e-06
7444,ישחקו,3,6.359650982354088e-06
7445,פלגש,3,6.359650982354088e-06
7446,בחרים,3,6.359650982354088e-06
7447,גדודים,3,6.359650982354088e-06
7448,אהרג,3,6.359650982354088e-06
7449,בשרה,3,6.359650982354088e-06
7450,שמטו,3,6.359650982354088e-06
7451,ימדד,3,6.359650982354088e-06
7452,השכב,3,6.359650982354088e-06
7453,נכלמים,3,6.359650982354088e-06
7454,שובך,3,6.359650982354088e-06
7455,החזק,3,6.359650982354088e-06
7456,בזית,3,6.359650982354088e-06
7457,מגרה,3,6.359650982354088e-06
7458,מלבן,3,6.359650982354088e-06
7459,אברה,3,6.359650982354088e-06
7460,הביאי,3,6.359650982354088e-06
7461,געת,3,6.359650982354088e-06
7462,ידח,3,6.359650982354088e-06
7463,נכחים,3,6.359650982354088e-06
7464,יצקו,3,6.359650982354088e-06
7465,חפו,3,6.359650982354088e-06
7466,מפי,3,6.359650982354088e-06
7467,יעצתי,3,6.359650982354088e-06
7468,רפות,3,6.359650982354088e-06
7469,מחנימ,3,6.359650982354088e-06
7470,חגרה,3,6.359650982354088e-06
7471,בשורה,3,6.359650982354088e-06
7472,ארוץ,3,6.359650982354088e-06
7473,מרוצת,3,6.359650982354088e-06
7474,יטעם,3,6.359650982354088e-06
7475,כמהם,3,6.359650982354088e-06
7476,תפלס,3,6.359650982354088e-06
7477,כרי,3,6.359650982354088e-06
7478,אדרם,3,6.359650982354088e-06
7479,כןפ,3,6.359650982354088e-06
7480,יבעת,3,6.359650982354088e-06
7481,יחלצ,3,6.359650982354088e-06
7482,רשעתי,3,6.359650982354088e-06
7483,תשפיל,3,6.359650982354088e-06
7484,יגיה,3,6.359650982354088e-06
7485,תרחיב,3,6.359650982354088e-06
7486,תזר,3,6.359650982354088e-06
7487,תרוממ,3,6.359650982354088e-06
7488,אחתס,3,6.359650982354088e-06
7489,יגזל,3,6.359650982354088e-06
7490,יתרי,3,6.359650982354088e-06
7491,ירצ,3,6.359650982354088e-06
7492,גחון,3,6.359650982354088e-06
7493,מחללים,3,6.359650982354088e-06
7494,תנק,3,6.359650982354088e-06
7495,שנמית,3,6.359650982354088e-06
7496,צדקים,3,6.359650982354088e-06
7497,אעד,3,6.359650982354088e-06
7498,מקטיר,3,6.359650982354088e-06
7499,כלכלו,3,6.359650982354088e-06
7500,אזרחי,3,6.359650982354088e-06
7501,חירום,3,6.359650982354088e-06
7502,רדים,3,6.359650982354088e-06
7503,חלוני,3,6.359650982354088e-06
7504,מקבות,3,6.359650982354088e-06
7505,פקעים,3,6.359650982354088e-06
7506,פטורי,3,6.359650982354088e-06
7507,מקלעות,3,6.359650982354088e-06
7508,תמרות,3,6.359650982354088e-06
7509,בול,3,6.359650982354088e-06
7510,יקרת,3,6.359650982354088e-06
7511,ימני,3,6.359650982354088e-06
7512,שמאלי,3,6.359650982354088e-06
7513,סבבים,3,6.359650982354088e-06
7514,שלבים,3,6.359650982354088e-06
7515,ליות,3,6.359650982354088e-06
7516,כירות,3,6.359650982354088e-06
7517,מלקחים,3,6.359650982354088e-06
7518,אתנים,3,6.359650982354088e-06
7519,ימנו,3,6.359650982354088e-06
7520,יסכו,3,6.359650982354088e-06
7521,הרשיע,3,6.359650982354088e-06
7522,העוינו,3,6.359650982354088e-06
7523,רשענו,3,6.359650982354088e-06
7524,טובי,3,6.359650982354088e-06
7525,אלמגים,3,6.359650982354088e-06
7526,מבאים,3,6.359650982354088e-06
7527,תגמל,3,6.359650982354088e-06
7528,שילני,3,6.359650982354088e-06
7529,איסר,3,6.359650982354088e-06
7530,חבשו,3,6.359650982354088e-06
7531,בקבק,3,6.359650982354088e-06
7532,עמנית,3,6.359650982354088e-06
7533,עיון,3,6.359650982354088e-06
7534,המליכ,3,6.359650982354088e-06
7535,שגוב,3,6.359650982354088e-06
7536,כרית,3,6.359650982354088e-06
7537,נותרה,3,6.359650982354088e-06
7538,מעיני,3,6.359650982354088e-06
7539,שנו,3,6.359650982354088e-06
7540,יגהר,3,6.359650982354088e-06
7541,רתם,3,6.359650982354088e-06
7542,דממה,3,6.359650982354088e-06
7543,מנעתי,3,6.359650982354088e-06
7544,שמרונ,3,6.359650982354088e-06
7545,יתעב,3,6.359650982354088e-06
7546,נדרשה,3,6.359650982354088e-06
7547,ימלה,3,6.359650982354088e-06
7548,אפת,3,6.359650982354088e-06
7549,תפתה,3,6.359650982354088e-06
7550,התחפש,3,6.359650982354088e-06
7551,בש,3,6.359650982354088e-06
7552,תפילו,3,6.359650982354088e-06
7553,תחיי,3,6.359650982354088e-06
7554,יפלח,3,6.359650982354088e-06
7555,צעקו,3,6.359650982354088e-06
7556,אחלי,3,6.359650982354088e-06
7557,ככרי,3,6.359650982354088e-06
7558,ארחץ,3,6.359650982354088e-06
7559,מפיל,3,6.359650982354088e-06
7560,סאה,3,6.359650982354088e-06
7561,עוון,3,6.359650982354088e-06
7562,עזבה,3,6.359650982354088e-06
7563,התרפא,3,6.359650982354088e-06
7564,השלכ,3,6.359650982354088e-06
7565,יתצו,3,6.359650982354088e-06
7566,מתחבא,3,6.359650982354088e-06
7567,מאיות,3,6.359650982354088e-06
7568,שלטים,3,6.359650982354088e-06
7569,פקדות,3,6.359650982354088e-06
7570,מחצב,3,6.359650982354088e-06
7571,הקדישו,3,6.359650982354088e-06
7572,אמתי,3,6.359650982354088e-06
7573,פקחיה,3,6.359650982354088e-06
7574,תגלת,3,6.359650982354088e-06
7575,אדומים,3,6.359650982354088e-06
7576,יקצץ,3,6.359650982354088e-06
7577,תשיעית,3,6.359650982354088e-06
7578,חלח,3,6.359650982354088e-06
7579,אדרמלך,3,6.359650982354088e-06
7580,תעלת,3,6.359650982354088e-06
7581,כובס,3,6.359650982354088e-06
7582,בטחון,3,6.359650982354088e-06
7583,מרדת,3,6.359650982354088e-06
7584,בטחנו,3,6.359650982354088e-06
7585,תבטח,3,6.359650982354088e-06
7586,הנע,3,6.359650982354088e-06
7587,החרישו,3,6.359650982354088e-06
7588,תוכחה,3,6.359650982354088e-06
7589,נמצאה,3,6.359650982354088e-06
7590,גדפו,3,6.359650982354088e-06
7591,גדפת,3,6.359650982354088e-06
7592,משתחוה,3,6.359650982354088e-06
7593,חדן,3,6.359650982354088e-06
7594,דבלת,3,6.359650982354088e-06
7595,נכת,3,6.359650982354088e-06
7596,צלחת,3,6.359650982354088e-06
7597,מכעסים,3,6.359650982354088e-06
7598,ידק,3,6.359650982354088e-06
7599,ימלטו,3,6.359650982354088e-06
7600,חמוטל,3,6.359650982354088e-06
7601,יגבים,3,6.359650982354088e-06
7602,תוגרמה,3,6.359650982354088e-06
7603,ישמעאלס,3,6.359650982354088e-06
7604,עלין,3,6.359650982354088e-06
7605,רדי,3,6.359650982354088e-06
7606,אחיתי,3,6.359650982354088e-06
7607,אחיותי,3,6.359650982354088e-06
7608,יקמיה,3,6.359650982354088e-06
7609,פלטיה,3,6.359650982354088e-06
7610,נעריה,3,6.359650982354088e-06
7611,ענני,3,6.359650982354088e-06
7612,ישבח,3,6.359650982354088e-06
7613,שוכו,3,6.359650982354088e-06
7614,גרמי,3,6.359650982354088e-06
7615,נטעים,3,6.359650982354088e-06
7616,תולד,3,6.359650982354088e-06
7617,ציקלג,3,6.359650982354088e-06
7618,מעינים,3,6.359650982354088e-06
7619,תלגת,3,6.359650982354088e-06
7620,תוצאות,3,6.359650982354088e-06
7621,הודויה,3,6.359650982354088e-06
7622,משי,3,6.359650982354088e-06
7623,אביסף,3,6.359650982354088e-06
7624,ברכיהו,3,6.359650982354088e-06
7625,יקמעם,3,6.359650982354088e-06
7626,יזרחיה,3,6.359650982354088e-06
7627,ברורים,3,6.359650982354088e-06
7628,שחרים,3,6.359650982354088e-06
7629,אלפעל,3,6.359650982354088e-06
7630,יערה,3,6.359650982354088e-06
7631,מצד,3,6.359650982354088e-06
7632,ישבעם,3,6.359650982354088e-06
7633,שלישים,3,6.359650982354088e-06
7634,פס,3,6.359650982354088e-06
7635,שגה,3,6.359650982354088e-06
7636,שפטיהו,3,6.359650982354088e-06
7637,ערכי,3,6.359650982354088e-06
7638,עזרו,3,6.359650982354088e-06
7639,עזזיהו,3,6.359650982354088e-06
7640,שמינית,3,6.359650982354088e-06
7641,משחק,3,6.359650982354088e-06
7642,עלילתי,3,6.359650982354088e-06
7643,מפתי,3,6.359650982354088e-06
7644,שבועת,3,6.359650982354088e-06
7645,הקימותי,3,6.359650982354088e-06
7646,נציבים,3,6.359650982354088e-06
7647,שופך,3,6.359650982354088e-06
7648,ישחת,3,6.359650982354088e-06
7649,נתעב,3,6.359650982354088e-06
7650,שמעיס,3,6.359650982354088e-06
7651,פקדה,3,6.359650982354088e-06
7652,מעדים,3,6.359650982354088e-06
7653,מימן,3,6.359650982354088e-06
7654,תשעי,3,6.359650982354088e-06
7655,בלגה,3,6.359650982354088e-06
7656,יחזקאל,3,6.359650982354088e-06
7657,דליהו,3,6.359650982354088e-06
7658,שובאל,3,6.359650982354088e-06
7659,רחביהו,3,6.359650982354088e-06
7660,אמריהו,3,6.359650982354088e-06
7661,חשביהו,3,6.359650982354088e-06
7662,חנניהו,3,6.359650982354088e-06
7663,רוממתי,3,6.359650982354088e-06
7664,משלמיהו,3,6.359650982354088e-06
7665,זבדיהו,3,6.359650982354088e-06
7666,פעלתי,3,6.359650982354088e-06
7667,מזקק,3,6.359650982354088e-06
7668,התנדבו,3,6.359650982354088e-06
7669,תשפוט,3,6.359650982354088e-06
7670,מנצחים,3,6.359650982354088e-06
7671,כרמיל,3,6.359650982354088e-06
7672,אלגומים,3,6.359650982354088e-06
7673,דלתותי,3,6.359650982354088e-06
7674,שושנה,3,6.359650982354088e-06
7675,כתרות,3,6.359650982354088e-06
7676,קשבות,3,6.359650982354088e-06
7677,נתשתי,3,6.359650982354088e-06
7678,חומות,3,6.359650982354088e-06
7679,מוסד,3,6.359650982354088e-06
7680,תהפך,3,6.359650982354088e-06
7681,תבואנה,3,6.359650982354088e-06
7682,רצית,3,6.359650982354088e-06
7683,לובים,3,6.359650982354088e-06
7684,נכנעו,3,6.359650982354088e-06
7685,הכנע,3,6.359650982354088e-06
7686,שניםפ,3,6.359650982354088e-06
7687,הממ,3,6.359650982354088e-06
7688,שקוצים,3,6.359650982354088e-06
7689,השענ,3,6.359650982354088e-06
7690,משביע,3,6.359650982354088e-06
7691,הכינות,3,6.359650982354088e-06
7692,תשפטו,3,6.359650982354088e-06
7693,מגדנות,3,6.359650982354088e-06
7694,השפט,3,6.359650982354088e-06
7695,תוקע,3,6.359650982354088e-06
7696,יערו,3,6.359650982354088e-06
7697,עושה,3,6.359650982354088e-06
7698,הכשיל,3,6.359650982354088e-06
7699,עושי,3,6.359650982354088e-06
7700,מקטרת,3,6.359650982354088e-06
7701,נגזר,3,6.359650982354088e-06
7702,קבורה,3,6.359650982354088e-06
7703,עמוןס,3,6.359650982354088e-06
7704,הלבישו,3,6.359650982354088e-06
7705,צפירי,3,6.359650982354088e-06
7706,מלאתם,3,6.359650982354088e-06
7707,תודות,3,6.359650982354088e-06
7708,נכלמו,3,6.359650982354088e-06
7709,משכילים,3,6.359650982354088e-06
7710,שמיםפ,3,6.359650982354088e-06
7711,ינתצו,3,6.359650982354088e-06
7712,כונניהו,3,6.359650982354088e-06
7713,מחלקותי,3,6.359650982354088e-06
7714,מעינות,3,6.359650982354088e-06
7715,החרימו,3,6.359650982354088e-06
7716,עבוד,3,6.359650982354088e-06
7717,נתכה,3,6.359650982354088e-06
7718,קדושים,3,6.359650982354088e-06
7719,יבשלו,3,6.359650982354088e-06
7720,מעונ,3,6.359650982354088e-06
7721,רצתה,3,6.359650982354088e-06
7722,כרש,3,6.359650982354088e-06
7723,זכי,3,6.359650982354088e-06
7724,אדניקם,3,6.359650982354088e-06
7725,ששהס,3,6.359650982354088e-06
7726,יחזקיה,3,6.359650982354088e-06
7727,חדיד,3,6.359650982354088e-06
7728,טלמון,3,6.359650982354088e-06
7729,רבוא,3,6.359650982354088e-06
7730,דרכמונים,3,6.359650982354088e-06
7731,עלמי,3,6.359650982354088e-06
7732,אתו,3,6.359650982354088e-06
7733,תתבנא,3,6.359650982354088e-06
7734,אבהת,3,6.359650982354088e-06
7735,מהודעין,3,6.359650982354088e-06
7736,נשתונ,3,6.359650982354088e-06
7737,מפרש,3,6.359650982354088e-06
7738,בטלא,3,6.359650982354088e-06
7739,ישגא,3,6.359650982354088e-06
7740,בטלו,3,6.359650982354088e-06
7741,מבנא,3,6.359650982354088e-06
7742,אנון,3,6.359650982354088e-06
7743,יהך,3,6.359650982354088e-06
7744,ספרי,3,6.359650982354088e-06
7745,השתכח,3,6.359650982354088e-06
7746,נפקת,3,6.359650982354088e-06
7747,שבקו,3,6.359650982354088e-06
7748,דכרין,3,6.359650982354088e-06
7749,חבלה,3,6.359650982354088e-06
7750,מהיר,3,6.359650982354088e-06
7751,יעטו,3,6.359650982354088e-06
7752,אהוא,3,6.359650982354088e-06
7753,בשתי,3,6.359650982354088e-06
7754,נבקש,3,6.359650982354088e-06
7755,פחוות,3,6.359650982354088e-06
7756,קרעתי,3,6.359650982354088e-06
7757,משומם,3,6.359650982354088e-06
7758,נכלמתי,3,6.359650982354088e-06
7759,תאנף,3,6.359650982354088e-06
7760,קליטא,3,6.359650982354088e-06
7761,הביאותי,3,6.359650982354088e-06
7762,חפצים,3,6.359650982354088e-06
7763,חרני,3,6.359650982354088e-06
7764,ילעגו,3,6.359650982354088e-06
7765,יצליח,3,6.359650982354088e-06
7766,עשויה,3,6.359650982354088e-06
7767,בוזה,3,6.359650982354088e-06
7768,תועה,3,6.359650982354088e-06
7769,יחרישו,3,6.359650982354088e-06
7770,אכיר,3,6.359650982354088e-06
7771,פלאיה,3,6.359650982354088e-06
7772,הדס,3,6.359650982354088e-06
7773,הזידו,3,6.359650982354088e-06
7774,כנענים,3,6.359650982354088e-06
7775,תעד,3,6.359650982354088e-06
7776,גויתי,3,6.359650982354088e-06
7777,כרתים,3,6.359650982354088e-06
7778,איתיאל,3,6.359650982354088e-06
7779,חיצנה,3,6.359650982354088e-06
7780,בקבקיה,3,6.359650982354088e-06
7781,יטהרו,3,6.359650982354088e-06
7782,הושעיה,3,6.359650982354088e-06
7783,חננאל,3,6.359650982354088e-06
7784,אעיד,3,6.359650982354088e-06
7785,הדו,3,6.359650982354088e-06
7786,פרתמים,3,6.359650982354088e-06
7787,ביתן,3,6.359650982354088e-06
7788,ממוכן,3,6.359650982354088e-06
7789,פתגם,3,6.359650982354088e-06
7790,שך,3,6.359650982354088e-06
7791,תמרוקי,3,6.359650982354088e-06
7792,הגי,3,6.359650982354088e-06
7793,פתשגן,3,6.359650982354088e-06
7794,יעמוד,3,6.359650982354088e-06
7795,הגיעו,3,6.359650982354088e-06
7796,החרשתי,3,6.359650982354088e-06
7797,יחתם,3,6.359650982354088e-06
7798,העשות,3,6.359650982354088e-06
7799,מנשאים,3,6.359650982354088e-06
7800,הרוגים,3,6.359650982354088e-06
7801,פרזות,3,6.359650982354088e-06
7802,משלוח,3,6.359650982354088e-06
7803,פורים,3,6.359650982354088e-06
7804,גע,3,6.359650982354088e-06
7805,שוחי,3,6.359650982354088e-06
7806,גלמוד,3,6.359650982354088e-06
7807,יקו,3,6.359650982354088e-06
7808,יתפרדו,3,6.359650982354088e-06
7809,חזינות,3,6.359650982354088e-06
7810,שפלים,3,6.359650982354088e-06
7811,בליל,3,6.359650982354088e-06
7812,נגוע,3,6.359650982354088e-06
7813,ידכא,3,6.359650982354088e-06
7814,חמ,3,6.359650982354088e-06
7815,קוו,3,6.359650982354088e-06
7816,נות,3,6.359650982354088e-06
7817,ישגה,3,6.359650982354088e-06
7818,ישען,3,6.359650982354088e-06
7819,יחזיק,3,6.359650982354088e-06
7820,כימה,3,6.359650982354088e-06
7821,מכלה,3,6.359650982354088e-06
7822,ברחו,3,6.359650982354088e-06
7823,אעזבה,3,6.359650982354088e-06
7824,אבליגה,3,6.359650982354088e-06
7825,עצבת,3,6.359650982354088e-06
7826,תעבו,3,6.359650982354088e-06
7827,תרשיע,3,6.359650982354088e-06
7828,תלביש,3,6.359650982354088e-06
7829,תלעג,3,6.359650982354088e-06
7830,שדדים,3,6.359650982354088e-06
7831,ישישים,3,6.359650982354088e-06
7832,שולל,3,6.359650982354088e-06
7833,יהולל,3,6.359650982354088e-06
7834,אוכיח,3,6.359650982354088e-06
7835,חרוצים,3,6.359650982354088e-06
7836,גזע,3,6.359650982354088e-06
7837,שחקו,3,6.359650982354088e-06
7838,יועיל,3,6.359650982354088e-06
7839,יזכה,3,6.359650982354088e-06
7840,חרק,3,6.359650982354088e-06
7841,חמרמרו,3,6.359650982354088e-06
7842,אקוה,3,6.359650982354088e-06
7843,תרדנה,3,6.359650982354088e-06
7844,שחי,3,6.359650982354088e-06
7845,תבינו,3,6.359650982354088e-06
7846,תשכון,3,6.359650982354088e-06
7847,תבשו,3,6.359650982354088e-06
7848,אעבור,3,6.359650982354088e-06
7849,גרי,3,6.359650982354088e-06
7850,תרדפ,3,6.359650982354088e-06
7851,יעוף,3,6.359650982354088e-06
7852,שזפת,3,6.359650982354088e-06
7853,נהרי,3,6.359650982354088e-06
7854,ירקדו,3,6.359650982354088e-06
7855,ישפוט,3,6.359650982354088e-06
7856,חוג,3,6.359650982354088e-06
7857,תתענג,3,6.359650982354088e-06
7858,אבינה,3,6.359650982354088e-06
7859,יעטף,3,6.359650982354088e-06
7860,בחנ,3,6.359650982354088e-06
7861,צפנתי,3,6.359650982354088e-06
7862,אותה,3,6.359650982354088e-06
7863,אפחד,3,6.359650982354088e-06
7864,חתר,3,6.359650982354088e-06
7865,נבקע,3,6.359650982354088e-06
7866,חזיתם,3,6.359650982354088e-06
7867,שרידי,3,6.359650982354088e-06
7868,משאה,3,6.359650982354088e-06
7869,תשוה,3,6.359650982354088e-06
7870,אמנע,3,6.359650982354088e-06
7871,אשמח,3,6.359650982354088e-06
7872,תו,3,6.359650982354088e-06
7873,אחוה,3,6.359650982354088e-06
7874,עונה,3,6.359650982354088e-06
7875,פתחתי,3,6.359650982354088e-06
7876,תנומות,3,6.359650982354088e-06
7877,כבירים,3,6.359650982354088e-06
7878,יגועו,3,6.359650982354088e-06
7879,יאתה,3,6.359650982354088e-06
7880,אזר,3,6.359650982354088e-06
7881,הטבעו,3,6.359650982354088e-06
7882,ישחו,3,6.359650982354088e-06
7883,מלחה,3,6.359650982354088e-06
7884,נוגש,3,6.359650982354088e-06
7885,תדוש,3,6.359650982354088e-06
7886,תרנה,3,6.359650982354088e-06
7887,טמנ,3,6.359650982354088e-06
7888,חברים,3,6.359650982354088e-06
7889,דאבה,3,6.359650982354088e-06
7890,יהגו,3,6.359650982354088e-06
7891,מוסרותי,3,6.359650982354088e-06
7892,נגינות,3,6.359650982354088e-06
7893,תאהבו,3,6.359650982354088e-06
7894,אצפה,3,6.359650982354088e-06
7895,הוללים,3,6.359650982354088e-06
7896,שורר,3,6.359650982354088e-06
7897,יעלצו,3,6.359650982354088e-06
7898,תסובב,3,6.359650982354088e-06
7899,גתית,3,6.359650982354088e-06
7900,עוללים,3,6.359650982354088e-06
7901,חננ,3,6.359650982354088e-06
7902,אגילה,3,6.359650982354088e-06
7903,הגיון,3,6.359650982354088e-06
7904,יצפנו,3,6.359650982354088e-06
7905,מסתר,3,6.359650982354088e-06
7906,הסתיר,3,6.359650982354088e-06
7907,ערץ,3,6.359650982354088e-06
7908,אנקת,3,6.359650982354088e-06
7909,אמרות,3,6.359650982354088e-06
7910,צרוף,3,6.359650982354088e-06
7911,השקיף,3,6.359650982354088e-06
7912,ימר,3,6.359650982354088e-06
7913,תודיע,3,6.359650982354088e-06
7914,תחזינה,3,6.359650982354088e-06
7915,פריץ,3,6.359650982354088e-06
7916,ישיתו,3,6.359650982354088e-06
7917,עוללי,3,6.359650982354088e-06
7918,יקדמו,3,6.359650982354088e-06
7919,תאזר,3,6.359650982354088e-06
7920,נרננה,3,6.359650982354088e-06
7921,דומיה,3,6.359650982354088e-06
7922,בושו,3,6.359650982354088e-06
7923,בזוי,3,6.359650982354088e-06
7924,יניעו,3,6.359650982354088e-06
7925,מעגלי,3,6.359650982354088e-06
7926,נקיון,3,6.359650982354088e-06
7927,אזבחה,3,6.359650982354088e-06
7928,יוד,3,6.359650982354088e-06
7929,לשנות,3,6.359650982354088e-06
7930,מיחלים,3,6.359650982354088e-06
7931,יגיעו,3,6.359650982354088e-06
7932,הפיר,3,6.359650982354088e-06
7933,אלמד,3,6.359650982354088e-06
7934,טמן,3,6.359650982354088e-06
7935,תהגה,3,6.359650982354088e-06
7936,תנד,3,6.359650982354088e-06
7937,לוה,3,6.359650982354088e-06
7938,מצעדי,3,6.359650982354088e-06
7939,נשמדו,3,6.359650982354088e-06
7940,נמקו,3,6.359650982354088e-06
7941,נהמת,3,6.359650982354088e-06
7942,יהמיו,3,6.359650982354088e-06
7943,אשלמה,3,6.359650982354088e-06
7944,תשתוחחי,3,6.359650982354088e-06
7945,תהמי,3,6.359650982354088e-06
7946,הוחילי,3,6.359650982354088e-06
7947,אתהלך,3,6.359650982354088e-06
7948,זרית,3,6.359650982354088e-06
7949,נסוג,3,6.359650982354088e-06
7950,טבחה,3,6.359650982354088e-06
7951,תזנח,3,6.359650982354088e-06
7952,שחה,3,6.359650982354088e-06
7953,שנונים,3,6.359650982354088e-06
7954,תמוג,3,6.359650982354088e-06
7955,קצוי,3,6.359650982354088e-06
7956,תגלנה,3,6.359650982354088e-06
7957,יחרש,3,6.359650982354088e-06
7958,זיז,3,6.359650982354088e-06
7959,דמית,3,6.359650982354088e-06
7960,חוללתי,3,6.359650982354088e-06
7961,אבר,3,6.359650982354088e-06
7962,אשכנה,3,6.359650982354088e-06
7963,פתן,3,6.359650982354088e-06
7964,יכוננו,3,6.359650982354088e-06
7965,יביעו,3,6.359650982354088e-06
7966,תרעלה,3,6.359650982354088e-06
7967,יחלצו,3,6.359650982354088e-06
7968,אשמרות,3,6.359650982354088e-06
7969,חפש,3,6.359650982354088e-06
7970,ישירו,3,6.359650982354088e-06
7971,יזמרו,3,6.359650982354088e-06
7972,עולות,3,6.359650982354088e-06
7973,נלאה,3,6.359650982354088e-06
7974,כוננת,3,6.359650982354088e-06
7975,הליכות,3,6.359650982354088e-06
7976,קרבות,3,6.359650982354088e-06
7977,חרפות,3,6.359650982354088e-06
7978,אהללה,3,6.359650982354088e-06
7979,הוספתי,3,6.359650982354088e-06
7980,למדת,3,6.359650982354088e-06
7981,אשכר,3,6.359650982354088e-06
7982,יאשרו,3,6.359650982354088e-06
7983,חוק,3,6.359650982354088e-06
7984,ישפיל,3,6.359650982354088e-06
7985,רשפי,3,6.359650982354088e-06
7986,תתעטף,3,6.359650982354088e-06
7987,חשבתי,3,6.359650982354088e-06
7988,מרות,3,6.359650982354088e-06
7989,יזובו,3,6.359650982354088e-06
7990,משמני,3,6.359650982354088e-06
7991,נושעה,3,6.359650982354088e-06
7992,תפלו,3,6.359650982354088e-06
7993,נלוה,3,6.359650982354088e-06
7994,נפגשו,3,6.359650982354088e-06
7995,מעינ,3,6.359650982354088e-06
7996,מחשכים,3,6.359650982354088e-06
7997,מחשך,3,6.359650982354088e-06
7998,אחלל,3,6.359650982354088e-06
7999,זרמת,3,6.359650982354088e-06
8000,כוננ,3,6.359650982354088e-06
8001,תשמענה,3,6.359650982354088e-06
8002,יעלזו,3,6.359650982354088e-06
8003,בחנו,3,6.359650982354088e-06
8004,נמסו,3,6.359650982354088e-06
8005,בודד,3,6.359650982354088e-06
8006,קטנות,3,6.359650982354088e-06
8007,ישמיע,3,6.359650982354088e-06
8008,ימעטו,3,6.359650982354088e-06
8009,עוני,3,6.359650982354088e-06
8010,חרבותי,3,6.359650982354088e-06
8011,ירדי,3,6.359650982354088e-06
8012,אמיל,3,6.359650982354088e-06
8013,קוצים,3,6.359650982354088e-06
8014,נגילה,3,6.359650982354088e-06
8015,פעלו,3,6.359650982354088e-06
8016,ששתי,3,6.359650982354088e-06
8017,אביטה,3,6.359650982354088e-06
8018,נצרתי,3,6.359650982354088e-06
8019,תוגה,3,6.359650982354088e-06
8020,אצרה,3,6.359650982354088e-06
8021,סגים,3,6.359650982354088e-06
8022,שאננים,3,6.359650982354088e-06
8023,אזי,3,6.359650982354088e-06
8024,זרעים,3,6.359650982354088e-06
8025,אצמיח,3,6.359650982354088e-06
8026,תנצר,3,6.359650982354088e-06
8027,אישים,3,6.359650982354088e-06
8028,גבורתי,3,6.359650982354088e-06
8029,עלמים,3,6.359650982354088e-06
8030,אוילים,3,6.359650982354088e-06
8031,לצון,3,6.359650982354088e-06
8032,מקשיב,3,6.359650982354088e-06
8033,צוקה,3,6.359650982354088e-06
8034,משובת,3,6.359650982354088e-06
8035,ינעם,3,6.359650982354088e-06
8036,מעגלתי,3,6.359650982354088e-06
8037,אדםפ,3,6.359650982354088e-06
8038,הונ,3,6.359650982354088e-06
8039,יפיק,3,6.359650982354088e-06
8040,נלוז,3,6.359650982354088e-06
8041,יליץ,3,6.359650982354088e-06
8042,פלס,3,6.359650982354088e-06
8043,מגןפ,3,6.359650982354088e-06
8044,יבוזו,3,6.359650982354088e-06
8045,תארב,3,6.359650982354088e-06
8046,דדים,3,6.359650982354088e-06
8047,הרגי,3,6.359650982354088e-06
8048,ילבט,3,6.359650982354088e-06
8049,חושך,3,6.359650982354088e-06
8050,תדשן,3,6.359650982354088e-06
8051,גערה,3,6.359650982354088e-06
8052,מתעבר,3,6.359650982354088e-06
8053,שחו,3,6.359650982354088e-06
8054,מותר,3,6.359650982354088e-06
8055,תנוח,3,6.359650982354088e-06
8056,יגרה,3,6.359650982354088e-06
8057,שומע,3,6.359650982354088e-06
8058,אטם,3,6.359650982354088e-06
8059,נרגן,3,6.359650982354088e-06
8060,מחל,3,6.359650982354088e-06
8061,נהם,3,6.359650982354088e-06
8062,חצץ,3,6.359650982354088e-06
8063,יקצור,3,6.359650982354088e-06
8064,תסג,3,6.359650982354088e-06
8065,תבוז,3,6.359650982354088e-06
8066,רבצ,3,6.359650982354088e-06
8067,הגו,3,6.359650982354088e-06
8068,סיגים,3,6.359650982354088e-06
8069,ישתק,3,6.359650982354088e-06
8070,פחם,3,6.359650982354088e-06
8071,נודד,3,6.359650982354088e-06
8072,תשבענה,3,6.359650982354088e-06
8073,יתגרו,3,6.359650982354088e-06
8074,מחליק,3,6.359650982354088e-06
8075,מנאפת,3,6.359650982354088e-06
8076,מיץ,3,6.359650982354088e-06
8077,תקן,3,6.359650982354088e-06
8078,רעיון,3,6.359650982354088e-06
8079,כנסתי,3,6.359650982354088e-06
8080,עמלתי,3,6.359650982354088e-06
8081,כשרון,3,6.359650982354088e-06
8082,ספוד,3,6.359650982354088e-06
8083,קלים,3,6.359650982354088e-06
8084,ילדות,3,6.359650982354088e-06
8085,תעירו,3,6.359650982354088e-06
8086,תחפץס,3,6.359650982354088e-06
8087,סמדר,3,6.359650982354088e-06
8088,חגוי,3,6.359650982354088e-06
8089,שכרו,3,6.359650982354088e-06
8090,צח,3,6.359650982354088e-06
8091,אשק,3,6.359650982354088e-06
8092,נצור,3,6.359650982354088e-06
8093,רמס,3,6.359650982354088e-06
8094,ריבו,3,6.359650982354088e-06
8095,אנחם,3,6.359650982354088e-06
8096,מאשרי,3,6.359650982354088e-06
8097,מתעים,3,6.359650982354088e-06
8098,אליל,3,6.359650982354088e-06
8099,יתגדל,3,6.359650982354088e-06
8100,צהלי,3,6.359650982354088e-06
8101,נקף,3,6.359650982354088e-06
8102,ירטשו,3,6.359650982354088e-06
8103,ירחמו,3,6.359650982354088e-06
8104,חלית,3,6.359650982354088e-06
8105,ארים,3,6.359650982354088e-06
8106,מרעיש,3,6.359650982354088e-06
8107,תשמחי,3,6.359650982354088e-06
8108,הילילי,3,6.359650982354088e-06
8109,הוכן,3,6.359650982354088e-06
8110,נגעו,3,6.359650982354088e-06
8111,מפלה,3,6.359650982354088e-06
8112,נשבת,3,6.359650982354088e-06
8113,אמיר,3,6.359650982354088e-06
8114,בזזי,3,6.359650982354088e-06
8115,מבוסה,3,6.359650982354088e-06
8116,מכמרת,3,6.359650982354088e-06
8117,אמללו,3,6.359650982354088e-06
8118,קיא,3,6.359650982354088e-06
8119,מבט,3,6.359650982354088e-06
8120,שעו,3,6.359650982354088e-06
8121,ערה,3,6.359650982354088e-06
8122,כתיים,3,6.359650982354088e-06
8123,מוכר,3,6.359650982354088e-06
8124,רזי,3,6.359650982354088e-06
8125,חפרה,3,6.359650982354088e-06
8126,בכורה,3,6.359650982354088e-06
8127,שגו,3,6.359650982354088e-06
8128,קצח,3,6.359650982354088e-06
8129,כמן,3,6.359650982354088e-06
8130,חגים,3,6.359650982354088e-06
8131,אוכלה,3,6.359650982354088e-06
8132,בטחה,3,6.359650982354088e-06
8133,תרן,3,6.359650982354088e-06
8134,יגן,3,6.359650982354088e-06
8135,שאננות,3,6.359650982354088e-06
8136,מרחקים,3,6.359650982354088e-06
8137,רותה,3,6.359650982354088e-06
8138,נחמו,3,6.359650982354088e-06
8139,תדמיו,3,6.359650982354088e-06
8140,ייגעו,3,6.359650982354088e-06
8141,פטיש,3,6.359650982354088e-06
8142,תדק,3,6.359650982354088e-06
8143,אתיות,3,6.359650982354088e-06
8144,אוביש,3,6.359650982354088e-06
8145,רנו,3,6.359650982354088e-06
8146,דומם,3,6.359650982354088e-06
8147,קצפתי,3,6.359650982354088e-06
8148,תבטחי,3,6.359650982354088e-06
8149,הברו,3,6.359650982354088e-06
8150,נחלות,3,6.359650982354088e-06
8151,גילי,3,6.359650982354088e-06
8152,מריתי,3,6.359650982354088e-06
8153,כלמות,3,6.359650982354088e-06
8154,צעה,3,6.359650982354088e-06
8155,מצית,3,6.359650982354088e-06
8156,אנחמ,3,6.359650982354088e-06
8157,התבוננו,3,6.359650982354088e-06
8158,נענה,3,6.359650982354088e-06
8159,תבושי,3,6.359650982354088e-06
8160,נחמים,3,6.359650982354088e-06
8161,הרו,3,6.359650982354088e-06
8162,יחרבו,3,6.359650982354088e-06
8163,אשתומם,3,6.359650982354088e-06
8164,שבעתם,3,6.359650982354088e-06
8165,נתוץ,3,6.359650982354088e-06
8166,אפיל,3,6.359650982354088e-06
8167,שובבים,3,6.359650982354088e-06
8168,תקראי,3,6.359650982354088e-06
8169,מכבה,3,6.359650982354088e-06
8170,תאבל,3,6.359650982354088e-06
8171,תעדי,3,6.359650982354088e-06
8172,עגבים,3,6.359650982354088e-06
8173,תתנקם,3,6.359650982354088e-06
8174,ירפאו,3,6.359650982354088e-06
8175,מכשלים,3,6.359650982354088e-06
8176,רפו,3,6.359650982354088e-06
8177,גזי,3,6.359650982354088e-06
8178,שובבה,3,6.359650982354088e-06
8179,קצוצי,3,6.359650982354088e-06
8180,ערלי,3,6.359650982354088e-06
8181,אתוש,3,6.359650982354088e-06
8182,נבנו,3,6.359650982354088e-06
8183,שכרון,3,6.359650982354088e-06
8184,אחוס,3,6.359650982354088e-06
8185,קלונ,3,6.359650982354088e-06
8186,רצ,3,6.359650982354088e-06
8187,נשיתי,3,6.359650982354088e-06
8188,העברתי,3,6.359650982354088e-06
8189,צדו,3,6.359650982354088e-06
8190,נפשותי,3,6.359650982354088e-06
8191,נבאת,3,6.359650982354088e-06
8192,נכלמת,3,6.359650982354088e-06
8193,כניהו,3,6.359650982354088e-06
8194,אוריהו,3,6.359650982354088e-06
8195,נחלמי,3,6.359650982354088e-06
8196,אנק,3,6.359650982354088e-06
8197,מזור,3,6.359650982354088e-06
8198,מכותי,3,6.359650982354088e-06
8199,תקהינה,3,6.359650982354088e-06
8200,לקוח,3,6.359650982354088e-06
8201,נריהו,3,6.359650982354088e-06
8202,מדקרים,3,6.359650982354088e-06
8203,סחבות,3,6.359650982354088e-06
8204,מוצאים,3,6.359650982354088e-06
8205,נשמד,3,6.359650982354088e-06
8206,תחמלו,3,6.359650982354088e-06
8207,אכר,3,6.359650982354088e-06
8208,נאנחים,3,6.359650982354088e-06
8209,נאנחה,3,6.359650982354088e-06
8210,שרקו,3,6.359650982354088e-06
8211,גזרת,3,6.359650982354088e-06
8212,קצי,3,6.359650982354088e-06
8213,חשמל,3,6.359650982354088e-06
8214,הצלתס,3,6.359650982354088e-06
8215,עבותים,3,6.359650982354088e-06
8216,דברתיפ,3,6.359650982354088e-06
8217,אחמל,3,6.359650982354088e-06
8218,קסת,3,6.359650982354088e-06
8219,כשדימ,3,6.359650982354088e-06
8220,יחתרו,3,6.359650982354088e-06
8221,דברתיס,3,6.359650982354088e-06
8222,טחים,3,6.359650982354088e-06
8223,אלגביש,3,6.359650982354088e-06
8224,סערות,3,6.359650982354088e-06
8225,תחיינה,3,6.359650982354088e-06
8226,דנאל,3,6.359650982354088e-06
8227,תזנת,3,6.359650982354088e-06
8228,הפשיטו,3,6.359650982354088e-06
8229,תשאי,3,6.359650982354088e-06
8230,גלולים,3,6.359650982354088e-06
8231,ממשל,3,6.359650982354088e-06
8232,הוחדה,3,6.359650982354088e-06
8233,מרוטה,3,6.359650982354088e-06
8234,עשקו,3,6.359650982354088e-06
8235,תזנינה,3,6.359650982354088e-06
8236,עגבה,3,6.359650982354088e-06
8237,נקעה,3,6.359650982354088e-06
8238,התם,3,6.359650982354088e-06
8239,שאט,3,6.359650982354088e-06
8240,בג,3,6.359650982354088e-06
8241,תדלח,3,6.359650982354088e-06
8242,תפוצינה,3,6.359650982354088e-06
8243,השיקו,3,6.359650982354088e-06
8244,אטמות,3,6.359650982354088e-06
8245,אילמי,3,6.359650982354088e-06
8246,יולכ,3,6.359650982354088e-06
8247,חצונה,3,6.359650982354088e-06
8248,מנח,3,6.359650982354088e-06
8249,תמרה,3,6.359650982354088e-06
8250,ספ,3,6.359650982354088e-06
8251,תעות,3,6.359650982354088e-06
8252,שחיתה,3,6.359650982354088e-06
8253,מדר,3,6.359650982354088e-06
8254,הובדה,3,6.359650982354088e-06
8255,גלא,3,6.359650982354088e-06
8256,התבהלה,3,6.359650982354088e-06
8257,יכלין,3,6.359650982354088e-06
8258,רעיונ,3,6.359650982354088e-06
8259,דכן,3,6.359650982354088e-06
8260,דארין,3,6.359650982354088e-06
8261,דירין,3,6.359650982354088e-06
8262,תהוה,3,6.359650982354088e-06
8263,בעא,3,6.359650982354088e-06
8264,שלטני,3,6.359650982354088e-06
8265,משרוקית,3,6.359650982354088e-06
8266,פסנתרין,3,6.359650982354088e-06
8267,תסגדון,3,6.359650982354088e-06
8268,קיתרס,3,6.359650982354088e-06
8269,שבכא,3,6.359650982354088e-06
8270,שיזבות,3,6.359650982354088e-06
8271,יתירא,3,6.359650982354088e-06
8272,קטל,3,6.359650982354088e-06
8273,יציבא,3,6.359650982354088e-06
8274,יפלחון,3,6.359650982354088e-06
8275,אשפי,3,6.359650982354088e-06
8276,עפי,3,6.359650982354088e-06
8277,שפיר,3,6.359650982354088e-06
8278,אנב,3,6.359650982354088e-06
8279,צפרי,3,6.359650982354088e-06
8280,חיוה,3,6.359650982354088e-06
8281,יתננ,3,6.359650982354088e-06
8282,יתוב,3,6.359650982354088e-06
8283,לחנת,3,6.359650982354088e-06
8284,ארגונ,3,6.359650982354088e-06
8285,המונכ,3,6.359650982354088e-06
8286,המניכ,3,6.359650982354088e-06
8287,שכלתנו,3,6.359650982354088e-06
8288,מנא,3,6.359650982354088e-06
8289,בלאשצר,3,6.359650982354088e-06
8290,הרגשו,3,6.359650982354088e-06
8291,יומין,3,6.359650982354088e-06
8292,זמנין,3,6.359650982354088e-06
8293,סופ,3,6.359650982354088e-06
8294,יהיב,3,6.359650982354088e-06
8295,עתיק,3,6.359650982354088e-06
8296,יתב,3,6.359650982354088e-06
8297,דג,3,6.359650982354088e-06
8298,צלעה,3,6.359650982354088e-06
8299,שלתיאל,3,6.359650982354088e-06
8300,הדסים,3,6.359650982354088e-06
8301,מזריע,2,4.2397673215693925e-06
8302,מאורת,2,4.2397673215693925e-06
8303,ישרצו,2,4.2397673215693925e-06
8304,יעופף,2,4.2397673215693925e-06
8305,רומש,2,4.2397673215693925e-06
8306,תולדות,2,4.2397673215693925e-06
8307,אד,2,4.2397673215693925e-06
8308,יפרד,2,4.2397673215693925e-06
8309,בדלח,2,4.2397673215693925e-06
8310,חדקל,2,4.2397673215693925e-06
8311,תפקחנה,2,4.2397673215693925e-06
8312,יתחבא,2,4.2397673215693925e-06
8313,אחבא,2,4.2397673215693925e-06
8314,עקבס,2,4.2397673215693925e-06
8315,ארורה,2,4.2397673215693925e-06
8316,עצבון,2,4.2397673215693925e-06
8317,דרדר,2,4.2397673215693925e-06
8318,חוה,2,4.2397673215693925e-06
8319,כתנות,2,4.2397673215693925e-06
8320,חייםס,2,4.2397673215693925e-06
8321,תמשל,2,4.2397673215693925e-06
8322,צעקים,2,4.2397673215693925e-06
8323,נע,2,4.2397673215693925e-06
8324,עירד,2,4.2397673215693925e-06
8325,מתושאל,2,4.2397673215693925e-06
8326,האזנה,2,4.2397673215693925e-06
8327,ינחמ,2,4.2397673215693925e-06
8328,ידון,2,4.2397673215693925e-06
8329,תבת,2,4.2397673215693925e-06
8330,תחתים,2,4.2397673215693925e-06
8331,מעינת,2,4.2397673215693925e-06
8332,ארבת,2,4.2397673215693925e-06
8333,יגברו,2,4.2397673215693925e-06
8334,ימח,2,4.2397673215693925e-06
8335,ימחו,2,4.2397673215693925e-06
8336,יכלא,2,4.2397673215693925e-06
8337,נראתה,2,4.2397673215693925e-06
8338,דדנים,2,4.2397673215693925e-06
8339,סבתכא,2,4.2397673215693925e-06
8340,כלנה,2,4.2397673215693925e-06
8341,ענמים,2,4.2397673215693925e-06
8342,נפתחים,2,4.2397673215693925e-06
8343,פתרסים,2,4.2397673215693925e-06
8344,כסלחים,2,4.2397673215693925e-06
8345,כפתריםס,2,4.2397673215693925e-06
8346,צידן,2,4.2397673215693925e-06
8347,ערקי,2,4.2397673215693925e-06
8348,צמרי,2,4.2397673215693925e-06
8349,לשנת,2,4.2397673215693925e-06
8350,גתר,2,4.2397673215693925e-06
8351,מש,2,4.2397673215693925e-06
8352,נפלגה,2,4.2397673215693925e-06
8353,אלמודד,2,4.2397673215693925e-06
8354,חצרמות,2,4.2397673215693925e-06
8355,דקלה,2,4.2397673215693925e-06
8356,אבימאל,2,4.2397673215693925e-06
8357,רכשו,2,4.2397673215693925e-06
8358,ינגע,2,4.2397673215693925e-06
8359,הפרד,2,4.2397673215693925e-06
8360,יאהל,2,4.2397673215693925e-06
8361,אמרפל,2,4.2397673215693925e-06
8362,אלסר,2,4.2397673215693925e-06
8363,תדעל,2,4.2397673215693925e-06
8364,מרדו,2,4.2397673215693925e-06
8365,אימים,2,4.2397673215693925e-06
8366,צבוים,2,4.2397673215693925e-06
8367,שרוך,2,4.2397673215693925e-06
8368,ערירי,2,4.2397673215693925e-06
8369,משלשת,2,4.2397673215693925e-06
8370,משלש,2,4.2397673215693925e-06
8371,גוזל,2,4.2397673215693925e-06
8372,גזרים,2,4.2397673215693925e-06
8373,יבוסיס,2,4.2397673215693925e-06
8374,הרתה,2,4.2397673215693925e-06
8375,ברחת,2,4.2397673215693925e-06
8376,הפריתי,2,4.2397673215693925e-06
8377,יוליד,2,4.2397673215693925e-06
8378,אקחה,2,4.2397673215693925e-06
8379,סאים,2,4.2397673215693925e-06
8380,עגות,2,4.2397673215693925e-06
8381,עדנה,2,4.2397673215693925e-06
8382,אלד,2,4.2397673215693925e-06
8383,הואלתי,2,4.2397673215693925e-06
8384,נלין,2,4.2397673215693925e-06
8385,אוציאה,2,4.2397673215693925e-06
8386,יפצרו,2,4.2397673215693925e-06
8387,ילאו,2,4.2397673215693925e-06
8388,משחתים,2,4.2397673215693925e-06
8389,חתני,2,4.2397673215693925e-06
8390,נמצאת,2,4.2397673215693925e-06
8391,יתמהמה,2,4.2397673215693925e-06
8392,אמלטה,2,4.2397673215693925e-06
8393,קיטר,2,4.2397673215693925e-06
8394,הפכה,2,4.2397673215693925e-06
8395,נשכבה,2,4.2397673215693925e-06
8396,תשקין,2,4.2397673215693925e-06
8397,נקין,2,4.2397673215693925e-06
8398,אחשך,2,4.2397673215693925e-06
8399,אברהםס,2,4.2397673215693925e-06
8400,החזיקי,2,4.2397673215693925e-06
8401,נינ,2,4.2397673215693925e-06
8402,הצבת,2,4.2397673215693925e-06
8403,רביםפ,2,4.2397673215693925e-06
8404,מריה,2,4.2397673215693925e-06
8405,סבך,2,4.2397673215693925e-06
8406,ידלף,2,4.2397673215693925e-06
8407,מעכהס,2,4.2397673215693925e-06
8408,ספד,2,4.2397673215693925e-06
8409,הטי,2,4.2397673215693925e-06
8410,אשאב,2,4.2397673215693925e-06
8411,תשאב,2,4.2397673215693925e-06
8412,הגידי,2,4.2397673215693925e-06
8413,יישם,2,4.2397673215693925e-06
8414,הלזה,2,4.2397673215693925e-06
8415,צעיף,2,4.2397673215693925e-06
8416,זמרן,2,4.2397673215693925e-06
8417,מדן,2,4.2397673215693925e-06
8418,ישבק,2,4.2397673215693925e-06
8419,חנך,2,4.2397673215693925e-06
8420,אבידע,2,4.2397673215693925e-06
8421,אלדעה,2,4.2397673215693925e-06
8422,נבית,2,4.2397673215693925e-06
8423,אדבאל,2,4.2397673215693925e-06
8424,חדד,2,4.2397673215693925e-06
8425,קדמה,2,4.2397673215693925e-06
8426,גיים,2,4.2397673215693925e-06
8427,אדמוני,2,4.2397673215693925e-06
8428,יזד,2,4.2397673215693925e-06
8429,בכרהס,2,4.2397673215693925e-06
8430,שטנה,2,4.2397673215693925e-06
8431,יכרו,2,4.2397673215693925e-06
8432,שנאתם,2,4.2397673215693925e-06
8433,בינותי,2,4.2397673215693925e-06
8434,נשלח,2,4.2397673215693925e-06
8435,בארי,2,4.2397673215693925e-06
8436,אילן,2,4.2397673215693925e-06
8437,גדיי,2,4.2397673215693925e-06
8438,מהרת,2,4.2397673215693925e-06
8439,גביר,2,4.2397673215693925e-06
8440,אעשר,2,4.2397673215693925e-06
8441,גללו,2,4.2397673215693925e-06
8442,השקו,2,4.2397673215693925e-06
8443,רכות,2,4.2397673215693925e-06
8444,דנ,2,4.2397673215693925e-06
8445,דודאים,2,4.2397673215693925e-06
8446,נקדות,2,4.2397673215693925e-06
8447,יחמו,2,4.2397673215693925e-06
8448,הפריד,2,4.2397673215693925e-06
8449,נדרת,2,4.2397673215693925e-06
8450,נחבאת,2,4.2397673215693925e-06
8451,נכסף,2,4.2397673215693925e-06
8452,אמהת,2,4.2397673215693925e-06
8453,ימשש,2,4.2397673215693925e-06
8454,דלקת,2,4.2397673215693925e-06
8455,יריתי,2,4.2397673215693925e-06
8456,גרתי,2,4.2397673215693925e-06
8457,רחלים,2,4.2397673215693925e-06
8458,שלוחה,2,4.2397673215693925e-06
8459,אכפרה,2,4.2397673215693925e-06
8460,לן,2,4.2397673215693925e-06
8461,שפחתי,2,4.2397673215693925e-06
8462,שרית,2,4.2397673215693925e-06
8463,פניאל,2,4.2397673215693925e-06
8464,תשתחוין,2,4.2397673215693925e-06
8465,סחרו,2,4.2397673215693925e-06
8466,האחזו,2,4.2397673215693925e-06
8467,יאתו,2,4.2397673215693925e-06
8468,נמלים,2,4.2397673215693925e-06
8469,עכרתם,2,4.2397673215693925e-06
8470,הסרו,2,4.2397673215693925e-06
8471,הארבע,2,4.2397673215693925e-06
8472,עלון,2,4.2397673215693925e-06
8473,שפו,2,4.2397673215693925e-06
8474,אונם,2,4.2397673215693925e-06
8475,ימם,2,4.2397673215693925e-06
8476,אשבן,2,4.2397673215693925e-06
8477,זעון,2,4.2397673215693925e-06
8478,דנהבה,2,4.2397673215693925e-06
8479,משרקה,2,4.2397673215693925e-06
8480,מטרד,2,4.2397673215693925e-06
8481,יתת,2,4.2397673215693925e-06
8482,פינן,2,4.2397673215693925e-06
8483,מגדיאל,2,4.2397673215693925e-06
8484,משבת,2,4.2397673215693925e-06
8485,אדוםפ,2,4.2397673215693925e-06
8486,אלמים,2,4.2397673215693925e-06
8487,אלמת,2,4.2397673215693925e-06
8488,אלמתי,2,4.2397673215693925e-06
8489,משול,2,4.2397673215693925e-06
8490,נהרג,2,4.2397673215693925e-06
8491,יפשיטו,2,4.2397673215693925e-06
8492,נכאת,2,4.2397673215693925e-06
8493,הוריד,2,4.2397673215693925e-06
8494,פוטיפר,2,4.2397673215693925e-06
8495,חירה,2,4.2397673215693925e-06
8496,גזזי,2,4.2397673215693925e-06
8497,מוצאת,2,4.2397673215693925e-06
8498,אסורי,2,4.2397673215693925e-06
8499,פתרון,2,4.2397673215693925e-06
8500,זעפים,2,4.2397673215693925e-06
8501,חלמנו,2,4.2397673215693925e-06
8502,חלומ,2,4.2397673215693925e-06
8503,פתרנ,2,4.2397673215693925e-06
8504,הלדת,2,4.2397673215693925e-06
8505,דקת,2,4.2397673215693925e-06
8506,צמחות,2,4.2397673215693925e-06
8507,תפעם,2,4.2397673215693925e-06
8508,נספר,2,4.2397673215693925e-06
8509,שדפות,2,4.2397673215693925e-06
8510,ממהר,2,4.2397673215693925e-06
8511,יצברו,2,4.2397673215693925e-06
8512,אגדל,2,4.2397673215693925e-06
8513,תרעב,2,4.2397673215693925e-06
8514,משביר,2,4.2397673215693925e-06
8515,יתנכר,2,4.2397673215693925e-06
8516,יבחנו,2,4.2397673215693925e-06
8517,אשמים,2,4.2397673215693925e-06
8518,מליץ,2,4.2397673215693925e-06
8519,כספי,2,4.2397673215693925e-06
8520,הושב,2,4.2397673215693925e-06
8521,מריקים,2,4.2397673215693925e-06
8522,צררות,2,4.2397673215693925e-06
8523,הצגתי,2,4.2397673215693925e-06
8524,שבנו,2,4.2397673215693925e-06
8525,בטנים,2,4.2397673215693925e-06
8526,שקדים,2,4.2397673215693925e-06
8527,יתאפק,2,4.2397673215693925e-06
8528,הרחיקו,2,4.2397673215693925e-06
8529,ינחש,2,4.2397673215693925e-06
8530,יקרעו,2,4.2397673215693925e-06
8531,יעמס,2,4.2397673215693925e-06
8532,נדבר,2,4.2397673215693925e-06
8533,אשימה,2,4.2397673215693925e-06
8534,קשורה,2,4.2397673215693925e-06
8535,כלכלתי,2,4.2397673215693925e-06
8536,תורש,2,4.2397673215693925e-06
8537,ימואל,2,4.2397673215693925e-06
8538,אהד,2,4.2397673215693925e-06
8539,חמול,2,4.2397673215693925e-06
8540,פוה,2,4.2397673215693925e-06
8541,סרד,2,4.2397673215693925e-06
8542,יחלאל,2,4.2397673215693925e-06
8543,חפים,2,4.2397673215693925e-06
8544,יחצאל,2,4.2397673215693925e-06
8545,גשנ,2,4.2397673215693925e-06
8546,נולדים,2,4.2397673215693925e-06
8547,הולדת,2,4.2397673215693925e-06
8548,אקבר,2,4.2397673215693925e-06
8549,אפרת,2,4.2397673215693925e-06
8550,עלהפ,2,4.2397673215693925e-06
8551,קשתה,2,4.2397673215693925e-06
8552,יקהת,2,4.2397673215693925e-06
8553,סות,2,4.2397673215693925e-06
8554,ירכת,2,4.2397673215693925e-06
8555,משפתים,2,4.2397673215693925e-06
8556,יגוד,2,4.2397673215693925e-06
8557,יחנטו,2,4.2397673215693925e-06
8558,האטד,2,4.2397673215693925e-06
8559,גמלו,2,4.2397673215693925e-06
8560,אכלכל,2,4.2397673215693925e-06
8561,יעצמו,2,4.2397673215693925e-06
8562,יקצו,2,4.2397673215693925e-06
8563,תחיין,2,4.2397673215693925e-06
8564,עשיתן,2,4.2397673215693925e-06
8565,תינק,2,4.2397673215693925e-06
8566,תמלאנה,2,4.2397673215693925e-06
8567,קראן,2,4.2397673215693925e-06
8568,מכאבי,2,4.2397673215693925e-06
8569,ישליכ,2,4.2397673215693925e-06
8570,תמאן,2,4.2397673215693925e-06
8571,ישעו,2,4.2397673215693925e-06
8572,יוכבד,2,4.2397673215693925e-06
8573,אלצפן,2,4.2397673215693925e-06
8574,סתרי,2,4.2397673215693925e-06
8575,נטת,2,4.2397673215693925e-06
8576,נלאו,2,4.2397673215693925e-06
8577,יבאש,2,4.2397673215693925e-06
8578,צפרדע,2,4.2397673215693925e-06
8579,תשארנה,2,4.2397673215693925e-06
8580,חמרם,2,4.2397673215693925e-06
8581,תבאש,2,4.2397673215693925e-06
8582,נזבח,2,4.2397673215693925e-06
8583,תרחיקו,2,4.2397673215693925e-06
8584,פיח,2,4.2397673215693925e-06
8585,אבעבעת,2,4.2397673215693925e-06
8586,מגפת,2,4.2397673215693925e-06
8587,העז,2,4.2397673215693925e-06
8588,הניס,2,4.2397673215693925e-06
8589,תהלך,2,4.2397673215693925e-06
8590,מתלקחת,2,4.2397673215693925e-06
8591,כסמת,2,4.2397673215693925e-06
8592,הכבדתי,2,4.2397673215693925e-06
8593,מאנת,2,4.2397673215693925e-06
8594,מכסת,2,4.2397673215693925e-06
8595,מררים,2,4.2397673215693925e-06
8596,מבשל,2,4.2397673215693925e-06
8597,חגרים,2,4.2397673215693925e-06
8598,ראשן,2,4.2397673215693925e-06
8599,מחמצת,2,4.2397673215693925e-06
8600,משכו,2,4.2397673215693925e-06
8601,אגדת,2,4.2397673215693925e-06
8602,צררת,2,4.2397673215693925e-06
8603,יאפו,2,4.2397673215693925e-06
8604,גרשו,2,4.2397673215693925e-06
8605,התמהמה,2,4.2397673215693925e-06
8606,ערפת,2,4.2397673215693925e-06
8607,טוטפת,2,4.2397673215693925e-06
8608,שלחנו,2,4.2397673215693925e-06
8609,תחרישו,2,4.2397673215693925e-06
8610,מחזק,2,4.2397673215693925e-06
8611,ינער,2,4.2397673215693925e-06
8612,ישיר,2,4.2397673215693925e-06
8613,מצולת,2,4.2397673215693925e-06
8614,נצבו,2,4.2397673215693925e-06
8615,ארדף,2,4.2397673215693925e-06
8616,אשיג,2,4.2397673215693925e-06
8617,נחית,2,4.2397673215693925e-06
8618,רעד,2,4.2397673215693925e-06
8619,ימתקו,2,4.2397673215693925e-06
8620,ילונו,2,4.2397673215693925e-06
8621,הוצאתם,2,4.2397673215693925e-06
8622,תלונו,2,4.2397673215693925e-06
8623,מלינם,2,4.2397673215693925e-06
8624,תלונת,2,4.2397673215693925e-06
8625,ימדו,2,4.2397673215693925e-06
8626,עשרית,2,4.2397673215693925e-06
8627,רפידים,2,4.2397673215693925e-06
8628,יצמא,2,4.2397673215693925e-06
8629,תמכו,2,4.2397673215693925e-06
8630,יחלש,2,4.2397673215693925e-06
8631,סקול,2,4.2397673215693925e-06
8632,יכבסו,2,4.2397673215693925e-06
8633,עשנ,2,4.2397673215693925e-06
8634,תרצחס,2,4.2397673215693925e-06
8635,תנאףס,2,4.2397673215693925e-06
8636,תגנבס,2,4.2397673215693925e-06
8637,שקרס,2,4.2397673215693925e-06
8638,לפידם,2,4.2397673215693925e-06
8639,נשמעה,2,4.2397673215693925e-06
8640,תקנה,2,4.2397673215693925e-06
8641,מזוזה,2,4.2397673215693925e-06
8642,מרצע,2,4.2397673215693925e-06
8643,עלםס,2,4.2397673215693925e-06
8644,אגרף,2,4.2397673215693925e-06
8645,ירפאס,2,4.2397673215693925e-06
8646,ענוש,2,4.2397673215693925e-06
8647,יענש,2,4.2397673215693925e-06
8648,כויה,2,4.2397673215693925e-06
8649,חבורה,2,4.2397673215693925e-06
8650,יפיל,2,4.2397673215693925e-06
8651,נגח,2,4.2397673215693925e-06
8652,יושת,2,4.2397673215693925e-06
8653,מחתרת,2,4.2397673215693925e-06
8654,המצא,2,4.2397673215693925e-06
8655,ישלםס,2,4.2397673215693925e-06
8656,קצים,2,4.2397673215693925e-06
8657,ארשה,2,4.2397673215693925e-06
8658,תלוה,2,4.2397673215693925e-06
8659,דמע,2,4.2397673215693925e-06
8660,תהדר,2,4.2397673215693925e-06
8661,תפגע,2,4.2397673215693925e-06
8662,אצדיק,2,4.2397673215693925e-06
8663,תשמט,2,4.2397673215693925e-06
8664,ינפש,2,4.2397673215693925e-06
8665,תזכירו,2,4.2397673215693925e-06
8666,תעשוס,2,4.2397673215693925e-06
8667,קערתי,2,4.2397673215693925e-06
8668,כפתי,2,4.2397673215693925e-06
8669,מנקיתי,2,4.2397673215693925e-06
8670,גביעי,2,4.2397673215693925e-06
8671,תלעת,2,4.2397673215693925e-06
8672,קיצונה,2,4.2397673215693925e-06
8673,מקבילת,2,4.2397673215693925e-06
8674,קיצנה,2,4.2397673215693925e-06
8675,משלבת,2,4.2397673215693925e-06
8676,תיכן,2,4.2397673215693925e-06
8677,מברח,2,4.2397673215693925e-06
8678,פנתי,2,4.2397673215693925e-06
8679,סירתי,2,4.2397673215693925e-06
8680,דשנ,2,4.2397673215693925e-06
8681,כרכב,2,4.2397673215693925e-06
8682,מחשקים,2,4.2397673215693925e-06
8683,תצוה,2,4.2397673215693925e-06
8684,מסבת,2,4.2397673215693925e-06
8685,זכרן,2,4.2397673215693925e-06
8686,אחלמה,2,4.2397673215693925e-06
8687,מלואת,2,4.2397673215693925e-06
8688,ירכסו,2,4.2397673215693925e-06
8689,יזח,2,4.2397673215693925e-06
8690,תחרא,2,4.2397673215693925e-06
8691,פעמני,2,4.2397673215693925e-06
8692,ימותס,2,4.2397673215693925e-06
8693,מגבעות,2,4.2397673215693925e-06
8694,ערוה,2,4.2397673215693925e-06
8695,מגבעת,2,4.2397673215693925e-06
8696,זרקת,2,4.2397673215693925e-06
8697,הורם,2,4.2397673215693925e-06
8698,בשלת,2,4.2397673215693925e-06
8699,עשרן,2,4.2397673215693925e-06
8700,נקדש,2,4.2397673215693925e-06
8701,אקדש,2,4.2397673215693925e-06
8702,מקטר,2,4.2397673215693925e-06
8703,ימעיט,2,4.2397673215693925e-06
8704,קדה,2,4.2397673215693925e-06
8705,רוקח,2,4.2397673215693925e-06
8706,בשש,2,4.2397673215693925e-06
8707,חרט,2,4.2397673215693925e-06
8708,יזר,2,4.2397673215693925e-06
8709,התפרקו,2,4.2397673215693925e-06
8710,אשלכ,2,4.2397673215693925e-06
8711,מח,2,4.2397673215693925e-06
8712,אהלס,2,4.2397673215693925e-06
8713,חנתי,2,4.2397673215693925e-06
8714,יראוס,2,4.2397673215693925e-06
8715,אוריש,2,4.2397673215693925e-06
8716,כומז,2,4.2397673215693925e-06
8717,טוו,2,4.2397673215693925e-06
8718,קצוות,2,4.2397673215693925e-06
8719,סירת,2,4.2397673215693925e-06
8720,מזלגת,2,4.2397673215693925e-06
8721,צבאו,2,4.2397673215693925e-06
8722,מועדס,2,4.2397673215693925e-06
8723,חשוקי,2,4.2397673215693925e-06
8724,צקת,2,4.2397673215693925e-06
8725,ירקעו,2,4.2397673215693925e-06
8726,פחי,2,4.2397673215693925e-06
8727,מוסבת,2,4.2397673215693925e-06
8728,פארי,2,4.2397673215693925e-06
8729,עורת,2,4.2397673215693925e-06
8730,הוקם,2,4.2397673215693925e-06
8731,נרצה,2,4.2397673215693925e-06
8732,מלק,2,4.2397673215693925e-06
8733,נצת,2,4.2397673215693925e-06
8734,שמןס,2,4.2397673215693925e-06
8735,פתות,2,4.2397673215693925e-06
8736,מרחשת,2,4.2397673215693925e-06
8737,תקטירו,2,4.2397673215693925e-06
8738,מלחס,2,4.2397673215693925e-06
8739,קלוי,2,4.2397673215693925e-06
8740,הקטירו,2,4.2397673215693925e-06
8741,נודעה,2,4.2397673215693925e-06
8742,הוסר,2,4.2397673215693925e-06
8743,יוסר,2,4.2397673215693925e-06
8744,יבטא,2,4.2397673215693925e-06
8745,התודה,2,4.2397673215693925e-06
8746,תמעל,2,4.2397673215693925e-06
8747,תכבהס,2,4.2397673215693925e-06
8748,תאפה,2,4.2397673215693925e-06
8749,תאכלפ,2,4.2397673215693925e-06
8750,בשלה,2,4.2397673215693925e-06
8751,פגול,2,4.2397673215693925e-06
8752,מלואים,2,4.2397673215693925e-06
8753,סיניפ,2,4.2397673215693925e-06
8754,תקהל,2,4.2397673215693925e-06
8755,ינף,2,4.2397673215693925e-06
8756,יניפ,2,4.2397673215693925e-06
8757,מפריסי,2,4.2397673215693925e-06
8758,ארנבת,2,4.2397673215693925e-06
8759,עזניה,2,4.2397673215693925e-06
8760,תחמס,2,4.2397673215693925e-06
8761,שחף,2,4.2397673215693925e-06
8762,שלך,2,4.2397673215693925e-06
8763,אנפה,2,4.2397673215693925e-06
8764,דוכיפת,2,4.2397673215693925e-06
8765,עטלף,2,4.2397673215693925e-06
8766,עכבר,2,4.2397673215693925e-06
8767,צב,2,4.2397673215693925e-06
8768,אנקה,2,4.2397673215693925e-06
8769,גח,2,4.2397673215693925e-06
8770,התקדשתם,2,4.2397673215693925e-06
8771,ספחת,2,4.2397673215693925e-06
8772,פרוח,2,4.2397673215693925e-06
8773,התגלח,2,4.2397673215693925e-06
8774,כהות,2,4.2397673215693925e-06
8775,ימרט,2,4.2397673215693925e-06
8776,אדמדם,2,4.2397673215693925e-06
8777,ירקרק,2,4.2397673215693925e-06
8778,הכבס,2,4.2397673215693925e-06
8779,תשרפ,2,4.2397673215693925e-06
8780,טהרות,2,4.2397673215693925e-06
8781,שחטה,2,4.2397673215693925e-06
8782,גבת,2,4.2397673215693925e-06
8783,משגת,2,4.2397673215693925e-06
8784,קירת,2,4.2397673215693925e-06
8785,חלצו,2,4.2397673215693925e-06
8786,טח,2,4.2397673215693925e-06
8787,ישטף,2,4.2397673215693925e-06
8788,ערבפ,2,4.2397673215693925e-06
8789,תטהר,2,4.2397673215693925e-06
8790,דקה,2,4.2397673215693925e-06
8791,יצוד,2,4.2397673215693925e-06
8792,הנהס,2,4.2397673215693925e-06
8793,תפנו,2,4.2397673215693925e-06
8794,תעולל,2,4.2397673215693925e-06
8795,תכחשו,2,4.2397673215693925e-06
8796,שעטנז,2,4.2397673215693925e-06
8797,חפשה,2,4.2397673215693925e-06
8798,בקרת,2,4.2397673215693925e-06
8799,הלולים,2,4.2397673215693925e-06
8800,הזנות,2,4.2397673215693925e-06
8801,ירגמ,2,4.2397673215693925e-06
8802,ינאף,2,4.2397673215693925e-06
8803,נאפת,2,4.2397673215693925e-06
8804,ערירים,2,4.2397673215693925e-06
8805,הבדלתי,2,4.2397673215693925e-06
8806,יגלחו,2,4.2397673215693925e-06
8807,ישרטו,2,4.2397673215693925e-06
8808,יוצק,2,4.2397673215693925e-06
8809,יפרע,2,4.2397673215693925e-06
8810,שרוע,2,4.2397673215693925e-06
8811,ינזרו,2,4.2397673215693925e-06
8812,שבור,2,4.2397673215693925e-06
8813,מעוך,2,4.2397673215693925e-06
8814,כתות,2,4.2397673215693925e-06
8815,קצרתם,2,4.2397673215693925e-06
8816,ספרתם,2,4.2397673215693925e-06
8817,תספרו,2,4.2397673215693925e-06
8818,מתנותי,2,4.2397673215693925e-06
8819,תחגו,2,4.2397673215693925e-06
8820,ישראלי,2,4.2397673215693925e-06
8821,תזמר,2,4.2397673215693925e-06
8822,תקצור,2,4.2397673215693925e-06
8823,ענבי,2,4.2397673215693925e-06
8824,ספיחי,2,4.2397673215693925e-06
8825,תמכרו,2,4.2397673215693925e-06
8826,צמתת,2,4.2397673215693925e-06
8827,השיגה,2,4.2397673215693925e-06
8828,החזקת,2,4.2397673215693925e-06
8829,תרדה,2,4.2397673215693925e-06
8830,תקנו,2,4.2397673215693925e-06
8831,הולידו,2,4.2397673215693925e-06
8832,התנחלתם,2,4.2397673215693925e-06
8833,מך,2,4.2397673215693925e-06
8834,תקימו,2,4.2397673215693925e-06
8835,דיש,2,4.2397673215693925e-06
8836,ישיג,2,4.2397673215693925e-06
8837,תוציאו,2,4.2397673215693925e-06
8838,תגעל,2,4.2397673215693925e-06
8839,שחפת,2,4.2397673215693925e-06
8840,קדחת,2,4.2397673215693925e-06
8841,מכלות,2,4.2397673215693925e-06
8842,יספתי,2,4.2397673215693925e-06
8843,תאבו,2,4.2397673215693925e-06
8844,השמותי,2,4.2397673215693925e-06
8845,אריח,2,4.2397673215693925e-06
8846,הריקתי,2,4.2397673215693925e-06
8847,ימקו,2,4.2397673215693925e-06
8848,התודו,2,4.2397673215693925e-06
8849,יבכר,2,4.2397673215693925e-06
8850,תפקדו,2,4.2397673215693925e-06
8851,צורישדי,2,4.2397673215693925e-06
8852,פדהצור,2,4.2397673215693925e-06
8853,קריאי,2,4.2397673215693925e-06
8854,קרואי,2,4.2397673215693925e-06
8855,הקהילו,2,4.2397673215693925e-06
8856,מאתיםפ,2,4.2397673215693925e-06
8857,יורידו,2,4.2397673215693925e-06
8858,נתונם,2,4.2397673215693925e-06
8859,עמרמי,2,4.2397673215693925e-06
8860,חברני,2,4.2397673215693925e-06
8861,עזיאלי,2,4.2397673215693925e-06
8862,הורדו,2,4.2397673215693925e-06
8863,פקדתם,2,4.2397673215693925e-06
8864,תשטה,2,4.2397673215693925e-06
8865,העמד,2,4.2397673215693925e-06
8866,שטית,2,4.2397673215693925e-06
8867,נטמאת,2,4.2397673215693925e-06
8868,ישקה,2,4.2397673215693925e-06
8869,השק,2,4.2397673215693925e-06
8870,נקתה,2,4.2397673215693925e-06
8871,יזיר,2,4.2397673215693925e-06
8872,צורפ,2,4.2397673215693925e-06
8873,הקהלת,2,4.2397673215693925e-06
8874,הבדלת,2,4.2397673215693925e-06
8875,יתחטאו,2,4.2397673215693925e-06
8876,תריעו,2,4.2397673215693925e-06
8877,מדיני,2,4.2397673215693925e-06
8878,הטבנו,2,4.2397673215693925e-06
8879,תשקע,2,4.2397673215693925e-06
8880,תבערה,2,4.2397673215693925e-06
8881,לשד,2,4.2397673215693925e-06
8882,ינק,2,4.2397673215693925e-06
8883,אצלתי,2,4.2397673215693925e-06
8884,יצאנו,2,4.2397673215693925e-06
8885,אלדד,2,4.2397673215693925e-06
8886,מידד,2,4.2397673215693925e-06
8887,יגז,2,4.2397673215693925e-06
8888,מתאוים,2,4.2397673215693925e-06
8889,מכי,2,4.2397673215693925e-06
8890,מבצרים,2,4.2397673215693925e-06
8891,לבא,2,4.2397673215693925e-06
8892,חגבים,2,4.2397673215693925e-06
8893,אורש,2,4.2397673215693925e-06
8894,המתה,2,4.2397673215693925e-06
8895,מנאצ,2,4.2397673215693925e-06
8896,מלינים,2,4.2397673215693925e-06
8897,תלנות,2,4.2397673215693925e-06
8898,זנותי,2,4.2397673215693925e-06
8899,דבה,2,4.2397673215693925e-06
8900,תנגפו,2,4.2397673215693925e-06
8901,נפלתם,2,4.2397673215693925e-06
8902,חרמהפ,2,4.2397673215693925e-06
8903,הקריבה,2,4.2397673215693925e-06
8904,מגדף,2,4.2397673215693925e-06
8905,מקשש,2,4.2397673215693925e-06
8906,פלת,2,4.2397673215693925e-06
8907,הרעתי,2,4.2397673215693925e-06
8908,עדהפ,2,4.2397673215693925e-06
8909,הבדלו,2,4.2397673215693925e-06
8910,המתם,2,4.2397673215693925e-06
8911,גוענו,2,4.2397673215693925e-06
8912,אבדנו,2,4.2397673215693925e-06
8913,תזרק,2,4.2397673215693925e-06
8914,תקטיר,2,4.2397673215693925e-06
8915,מתנתי,2,4.2397673215693925e-06
8916,צמיד,2,4.2397673215693925e-06
8917,האמנתם,2,4.2397673215693925e-06
8918,נצעק,2,4.2397673215693925e-06
8919,יפשט,2,4.2397673215693925e-06
8920,עיי,2,4.2397673215693925e-06
8921,העברים,2,4.2397673215693925e-06
8922,נחליאל,2,4.2397673215693925e-06
8923,פתור,2,4.2397673215693925e-06
8924,רכבת,2,4.2397673215693925e-06
8925,הסכן,2,4.2397673215693925e-06
8926,ירט,2,4.2397673215693925e-06
8927,תועפת,2,4.2397673215693925e-06
8928,קבת,2,4.2397673215693925e-06
8929,טבו,2,4.2397673215693925e-06
8930,נטיו,2,4.2397673215693925e-06
8931,דלי,2,4.2397673215693925e-06
8932,כוכב,2,4.2397673215693925e-06
8933,קרקר,2,4.2397673215693925e-06
8934,צים,2,4.2397673215693925e-06
8935,קבה,2,4.2397673215693925e-06
8936,סלוא,2,4.2397673215693925e-06
8937,חצרן,2,4.2397673215693925e-06
8938,שלני,2,4.2397673215693925e-06
8939,פרצי,2,4.2397673215693925e-06
8940,ארדי,2,4.2397673215693925e-06
8941,שוחמי,2,4.2397673215693925e-06
8942,שלשיםפ,2,4.2397673215693925e-06
8943,נוןס,2,4.2397673215693925e-06
8944,תקרבנה,2,4.2397673215693925e-06
8945,העברתם,2,4.2397673215693925e-06
8946,עשירית,2,4.2397673215693925e-06
8947,החריש,2,4.2397673215693925e-06
8948,מבטא,2,4.2397673215693925e-06
8949,מסר,2,4.2397673215693925e-06
8950,טהרתם,2,4.2397673215693925e-06
8951,מחצה,2,4.2397673215693925e-06
8952,אצעדה,2,4.2397673215693925e-06
8953,קמתם,2,4.2397673215693925e-06
8954,שחתם,2,4.2397673215693925e-06
8955,נחלץ,2,4.2397673215693925e-06
8956,נקיים,2,4.2397673215693925e-06
8957,נאחזו,2,4.2397673215693925e-06
8958,יגבהה,2,4.2397673215693925e-06
8959,דפקה,2,4.2397673215693925e-06
8960,אלוש,2,4.2397673215693925e-06
8961,רתמה,2,4.2397673215693925e-06
8962,רסה,2,4.2397673215693925e-06
8963,קהלתה,2,4.2397673215693925e-06
8964,מקהלת,2,4.2397673215693925e-06
8965,מתקה,2,4.2397673215693925e-06
8966,חשמנה,2,4.2397673215693925e-06
8967,הגדגד,2,4.2397673215693925e-06
8968,עברנה,2,4.2397673215693925e-06
8969,צלמנה,2,4.2397673215693925e-06
8970,פונן,2,4.2397673215693925e-06
8971,עלמן,2,4.2397673215693925e-06
8972,דבלתימ,2,4.2397673215693925e-06
8973,מואבס,2,4.2397673215693925e-06
8974,תשמידו,2,4.2397673215693925e-06
8975,גבלתי,2,4.2397673215693925e-06
8976,צנ,2,4.2397673215693925e-06
8977,תוצאת,2,4.2397673215693925e-06
8978,צדד,2,4.2397673215693925e-06
8979,שפמ,2,4.2397673215693925e-06
8980,כסלון,2,4.2397673215693925e-06
8981,חניאל,2,4.2397673215693925e-06
8982,פלטיאל,2,4.2397673215693925e-06
8983,כנעןפ,2,4.2397673215693925e-06
8984,צדיה,2,4.2397673215693925e-06
8985,ירצח,2,4.2397673215693925e-06
8986,יחניף,2,4.2397673215693925e-06
8987,שפכ,2,4.2397673215693925e-06
8988,טרח,2,4.2397673215693925e-06
8989,יקשה,2,4.2397673215693925e-06
8990,ירגלו,2,4.2397673215693925e-06
8991,האזין,2,4.2397673215693925e-06
8992,תכרו,2,4.2397673215693925e-06
8993,גברס,2,4.2397673215693925e-06
8994,תתגר,2,4.2397673215693925e-06
8995,ישמידו,2,4.2397673215693925e-06
8996,החלתי,2,4.2397673215693925e-06
8997,נך,2,4.2397673215693925e-06
8998,נחרם,2,4.2397673215693925e-06
8999,לה,2,4.2397673215693925e-06
9000,יהושוע,2,4.2397673215693925e-06
9001,החלות,2,4.2397673215693925e-06
9002,אמצ,2,4.2397673215693925e-06
9003,תשחתו,2,4.2397673215693925e-06
9004,תעוף,2,4.2397673215693925e-06
9005,תשכחו,2,4.2397673215693925e-06
9006,תאריכ,2,4.2397673215693925e-06
9007,נשארתם,2,4.2397673215693925e-06
9008,יריח,2,4.2397673215693925e-06
9009,מוראים,2,4.2397673215693925e-06
9010,שיאן,2,4.2397673215693925e-06
9011,למדתם,2,4.2397673215693925e-06
9012,שואס,2,4.2397673215693925e-06
9013,ברת,2,4.2397673215693925e-06
9014,חצובים,2,4.2397673215693925e-06
9015,חצבת,2,4.2397673215693925e-06
9016,נטעת,2,4.2397673215693925e-06
9017,הדף,2,4.2397673215693925e-06
9018,אותת,2,4.2397673215693925e-06
9019,תתחתן,2,4.2397673215693925e-06
9020,אשיר,2,4.2397673215693925e-06
9021,תגדעו,2,4.2397673215693925e-06
9022,יאחר,2,4.2397673215693925e-06
9023,תערץ,2,4.2397673215693925e-06
9024,בלתה,2,4.2397673215693925e-06
9025,העדתי,2,4.2397673215693925e-06
9026,בצרת,2,4.2397673215693925e-06
9027,אתנפל,2,4.2397673215693925e-06
9028,טחון,2,4.2397673215693925e-06
9029,גדגד,2,4.2397673215693925e-06
9030,אהבתם,2,4.2397673215693925e-06
9031,תחזקו,2,4.2397673215693925e-06
9032,דבשס,2,4.2397673215693925e-06
9033,תרמת,2,4.2397673215693925e-06
9034,תדבקו,2,4.2397673215693925e-06
9035,סקלת,2,4.2397673215693925e-06
9036,חקרת,2,4.2397673215693925e-06
9037,תקבץ,2,4.2397673215693925e-06
9038,יחמור,2,4.2397673215693925e-06
9039,תעשר,2,4.2397673215693925e-06
9040,ישה,2,4.2397673215693925e-06
9041,משלת,2,4.2397673215693925e-06
9042,עבריה,2,4.2397673215693925e-06
9043,מלאכהס,2,4.2397673215693925e-06
9044,חרמש,2,4.2397673215693925e-06
9045,מעביר,2,4.2397673215693925e-06
9046,תבדיל,2,4.2397673215693925e-06
9047,חטב,2,4.2397673215693925e-06
9048,רחקת,2,4.2397673215693925e-06
9049,מדדו,2,4.2397673215693925e-06
9050,חשקת,2,4.2397673215693925e-06
9051,הומת,2,4.2397673215693925e-06
9052,התעלמת,2,4.2397673215693925e-06
9053,אפרחים,2,4.2397673215693925e-06
9054,עלילת,2,4.2397673215693925e-06
9055,סקלו,2,4.2397673215693925e-06
9056,ממזר,2,4.2397673215693925e-06
9057,מואבי,2,4.2397673215693925e-06
9058,ינצל,2,4.2397673215693925e-06
9059,כריתת,2,4.2397673215693925e-06
9060,עשותס,2,4.2397673215693925e-06
9061,עבוט,2,4.2397673215693925e-06
9062,תחבט,2,4.2397673215693925e-06
9063,יהיהס,2,4.2397673215693925e-06
9064,הצדיקו,2,4.2397673215693925e-06
9065,הרשיעו,2,4.2397673215693925e-06
9066,יאריכו,2,4.2397673215693925e-06
9067,לחצ,2,4.2397673215693925e-06
9068,חתנת,2,4.2397673215693925e-06
9069,נגפים,2,4.2397673215693925e-06
9070,אסמי,2,4.2397673215693925e-06
9071,קללות,2,4.2397673215693925e-06
9072,חרחר,2,4.2397673215693925e-06
9073,תנוס,2,4.2397673215693925e-06
9074,עורון,2,4.2397673215693925e-06
9075,תמהון,2,4.2397673215693925e-06
9076,תסוך,2,4.2397673215693925e-06
9077,ישל,2,4.2397673215693925e-06
9078,ילו,2,4.2397673215693925e-06
9079,ענגה,2,4.2397673215693925e-06
9080,נסתה,2,4.2397673215693925e-06
9081,הצג,2,4.2397673215693925e-06
9082,התענג,2,4.2397673215693925e-06
9083,פחדת,2,4.2397673215693925e-06
9084,תאמין,2,4.2397673215693925e-06
9085,תשכילו,2,4.2397673215693925e-06
9086,יעשן,2,4.2397673215693925e-06
9087,רבצה,2,4.2397673215693925e-06
9088,תחלאי,2,4.2397673215693925e-06
9089,שוש,2,4.2397673215693925e-06
9090,תנחיל,2,4.2397673215693925e-06
9091,אסתיר,2,4.2397673215693925e-06
9092,היתם,2,4.2397673215693925e-06
9093,השחת,2,4.2397673215693925e-06
9094,יערף,2,4.2397673215693925e-06
9095,מומ,2,4.2397673215693925e-06
9096,ישמן,2,4.2397673215693925e-06
9097,אברת,2,4.2397673215693925e-06
9098,קדחה,2,4.2397673215693925e-06
9099,מזי,2,4.2397673215693925e-06
9100,לחמי,2,4.2397673215693925e-06
9101,זחלי,2,4.2397673215693925e-06
9102,חדרים,2,4.2397673215693925e-06
9103,אגור,2,4.2397673215693925e-06
9104,ינכרו,2,4.2397673215693925e-06
9105,חכמו,2,4.2397673215693925e-06
9106,ישכילו,2,4.2397673215693925e-06
9107,יניסו,2,4.2397673215693925e-06
9108,פלילים,2,4.2397673215693925e-06
9109,נסיכ,2,4.2397673215693925e-06
9110,פרעות,2,4.2397673215693925e-06
9111,תכו,2,4.2397673215693925e-06
9112,תהיהס,2,4.2397673215693925e-06
9113,רצוי,2,4.2397673215693925e-06
9114,זרעת,2,4.2397673215693925e-06
9115,כהתה,2,4.2397673215693925e-06
9116,ימוש,2,4.2397673215693925e-06
9117,צוו,2,4.2397673215693925e-06
9118,מניח,2,4.2397673215693925e-06
9119,ימרה,2,4.2397673215693925e-06
9120,החרמתם,2,4.2397673215693925e-06
9121,השבעו,2,4.2397673215693925e-06
9122,החיתם,2,4.2397673215693925e-06
9123,אחיות,2,4.2397673215693925e-06
9124,תקשרי,2,4.2397673215693925e-06
9125,שלשוםס,2,4.2397673215693925e-06
9126,הורש,2,4.2397673215693925e-06
9127,יוריש,2,4.2397673215693925e-06
9128,צרתן,2,4.2397673215693925e-06
9129,הנחתם,2,4.2397673215693925e-06
9130,ינחו,2,4.2397673215693925e-06
9131,יריחוס,2,4.2397673215693925e-06
9132,סגרת,2,4.2397673215693925e-06
9133,הקיף,2,4.2397673215693925e-06
9134,תקעי,2,4.2397673215693925e-06
9135,תחרימו,2,4.2397673215693925e-06
9136,ימעלו,2,4.2397673215693925e-06
9137,הכריתו,2,4.2397673215693925e-06
9138,כחשו,2,4.2397673215693925e-06
9139,ינגעו,2,4.2397673215693925e-06
9140,ינתקו,2,4.2397673215693925e-06
9141,יציתו,2,4.2397673215693925e-06
9142,בלים,2,4.2397673215693925e-06
9143,נאדות,2,4.2397673215693925e-06
9144,נעלות,2,4.2397673215693925e-06
9145,אכרות,2,4.2397673215693925e-06
9146,יחרימ,2,4.2397673215693925e-06
9147,השלימה,2,4.2397673215693925e-06
9148,דום,2,4.2397673215693925e-06
9149,יחבאו,2,4.2397673215693925e-06
9150,שרידים,2,4.2397673215693925e-06
9151,יועדו,2,4.2397673215693925e-06
9152,הישמות,2,4.2397673215693925e-06
9153,לשן,2,4.2397673215693925e-06
9154,נפתוח,2,4.2397673215693925e-06
9155,יבנאל,2,4.2397673215693925e-06
9156,טלם,2,4.2397673215693925e-06
9157,אלתולד,2,4.2397673215693925e-06
9158,לבאות,2,4.2397673215693925e-06
9159,אשתאול,2,4.2397673215693925e-06
9160,גדרה,2,4.2397673215693925e-06
9161,יקתאל,2,4.2397673215693925e-06
9162,בצקת,2,4.2397673215693925e-06
9163,אשען,2,4.2397673215693925e-06
9164,מכמתת,2,4.2397673215693925e-06
9165,גבולתי,2,4.2397673215693925e-06
9166,צמרים,2,4.2397673215693925e-06
9167,בתול,2,4.2397673215693925e-06
9168,דבשת,2,4.2397673215693925e-06
9169,כסלת,2,4.2397673215693925e-06
9170,תבר,2,4.2397673215693925e-06
9171,קשיון,2,4.2397673215693925e-06
9172,פצץ,2,4.2397673215693925e-06
9173,משאל,2,4.2397673215693925e-06
9174,העמק,2,4.2397673215693925e-06
9175,כבול,2,4.2397673215693925e-06
9176,חמון,2,4.2397673215693925e-06
9177,צעננים,2,4.2397673215693925e-06
9178,חוקק,2,4.2397673215693925e-06
9179,צדים,2,4.2397673215693925e-06
9180,גלון,2,4.2397673215693925e-06
9181,השביתו,2,4.2397673215693925e-06
9182,בינתי,2,4.2397673215693925e-06
9183,חזקתם,2,4.2397673215693925e-06
9184,אביתי,2,4.2397673215693925e-06
9185,תגרש,2,4.2397673215693925e-06
9186,קנוא,2,4.2397673215693925e-06
9187,געש,2,4.2397673215693925e-06
9188,יקצצו,2,4.2397673215693925e-06
9189,בהנות,2,4.2397673215693925e-06
9190,מלקטים,2,4.2397673215693925e-06
9191,גזרפ,2,4.2397673215693925e-06
9192,אפיק,2,4.2397673215693925e-06
9193,ילחצו,2,4.2397673215693925e-06
9194,שעלבים,2,4.2397673215693925e-06
9195,שסי,2,4.2397673215693925e-06
9196,פיות,2,4.2397673215693925e-06
9197,בריא,2,4.2397673215693925e-06
9198,שמגר,2,4.2397673215693925e-06
9199,משכת,2,4.2397673215693925e-06
9200,משכתי,2,4.2397673215693925e-06
9201,נפרד,2,4.2397673215693925e-06
9202,מקבת,2,4.2397673215693925e-06
9203,לאט,2,4.2397673215693925e-06
9204,תתקע,2,4.2397673215693925e-06
9205,רזנים,2,4.2397673215693925e-06
9206,עקלקלות,2,4.2397673215693925e-06
9207,מתנדבים,2,4.2397673215693925e-06
9208,מרומי,2,4.2397673215693925e-06
9209,דהרות,2,4.2397673215693925e-06
9210,ספל,2,4.2397673215693925e-06
9211,אשנב,2,4.2397673215693925e-06
9212,מרכבותי,2,4.2397673215693925e-06
9213,הצאתי,2,4.2397673215693925e-06
9214,העזריפ,2,4.2397673215693925e-06
9215,אנסה,2,4.2397673215693925e-06
9216,יתפאר,2,4.2397673215693925e-06
9217,מלקקים,2,4.2397673215693925e-06
9218,מתהפך,2,4.2397673215693925e-06
9219,תקעתי,2,4.2397673215693925e-06
9220,גדעוןפ,2,4.2397673215693925e-06
9221,תיכונה,2,4.2397673215693925e-06
9222,לכדו,2,4.2397673215693925e-06
9223,רפתה,2,4.2397673215693925e-06
9224,ככרות,2,4.2397673215693925e-06
9225,קוצי,2,4.2397673215693925e-06
9226,ברקנים,2,4.2397673215693925e-06
9227,נטפות,2,4.2397673215693925e-06
9228,פחזים,2,4.2397673215693925e-06
9229,מלוכי,2,4.2397673215693925e-06
9230,תמליכו,2,4.2397673215693925e-06
9231,מארבים,2,4.2397673215693925e-06
9232,אנשיםס,2,4.2397673215693925e-06
9233,יורדים,2,4.2397673215693925e-06
9234,טבור,2,4.2397673215693925e-06
9235,מעוננים,2,4.2397673215693925e-06
9236,מאסתה,2,4.2397673215693925e-06
9237,אשהפ,2,4.2397673215693925e-06
9238,פואה,2,4.2397673215693925e-06
9239,לחצו,2,4.2397673215693925e-06
9240,תצעקו,2,4.2397673215693925e-06
9241,הייתה,2,4.2397673215693925e-06
9242,תגרשו,2,4.2397673215693925e-06
9243,נלחמת,2,4.2397673215693925e-06
9244,תנות,2,4.2397673215693925e-06
9245,נשרף,2,4.2397673215693925e-06
9246,אבצן,2,4.2397673215693925e-06
9247,ישסע,2,4.2397673215693925e-06
9248,תישר,2,4.2397673215693925e-06
9249,דבורים,2,4.2397673215693925e-06
9250,חוד,2,4.2397673215693925e-06
9251,חדת,2,4.2397673215693925e-06
9252,הציקת,2,4.2397673215693925e-06
9253,חרשתם,2,4.2397673215693925e-06
9254,זנבות,2,4.2397673215693925e-06
9255,לפידים,2,4.2397673215693925e-06
9256,תמני,2,4.2397673215693925e-06
9257,סעיף,2,4.2397673215693925e-06
9258,טריה,2,4.2397673215693925e-06
9259,נפלתי,2,4.2397673215693925e-06
9260,עזת,2,4.2397673215693925e-06
9261,מחלפות,2,4.2397673215693925e-06
9262,אנקמה,2,4.2397673215693925e-06
9263,יעשהפ,2,4.2397673215693925e-06
9264,ידביקו,2,4.2397673215693925e-06
9265,שלהפ,2,4.2397673215693925e-06
9266,התמהמהו,2,4.2397673215693925e-06
9267,חנות,2,4.2397673215693925e-06
9268,נסור,2,4.2397673215693925e-06
9269,אדוני,2,4.2397673215693925e-06
9270,עצו,2,4.2397673215693925e-06
9271,נבערה,2,4.2397673215693925e-06
9272,אוסף,2,4.2397673215693925e-06
9273,כתרו,2,4.2397673215693925e-06
9274,נגדע,2,4.2397673215693925e-06
9275,ערפה,2,4.2397673215693925e-06
9276,תשאנה,2,4.2397673215693925e-06
9277,תשנה,2,4.2397673215693925e-06
9278,יפריד,2,4.2397673215693925e-06
9279,אלקטה,2,4.2397673215693925e-06
9280,עמרים,2,4.2397673215693925e-06
9281,תדבקי,2,4.2397673215693925e-06
9282,תכלימו,2,4.2397673215693925e-06
9283,תשלו,2,4.2397673215693925e-06
9284,ברוכה,2,4.2397673215693925e-06
9285,היטבת,2,4.2397673215693925e-06
9286,תבואי,2,4.2397673215693925e-06
9287,ישקט,2,4.2397673215693925e-06
9288,אלמני,2,4.2397673215693925e-06
9289,מכרה,2,4.2397673215693925e-06
9290,אגאל,2,4.2397673215693925e-06
9291,הריון,2,4.2397673215693925e-06
9292,צופים,2,4.2397673215693925e-06
9293,נעות,2,4.2397673215693925e-06
9294,עלץ,2,4.2397673215693925e-06
9295,דעות,2,4.2397673215693925e-06
9296,מוריד,2,4.2397673215693925e-06
9297,יגבר,2,4.2397673215693925e-06
9298,מריבי,2,4.2397673215693925e-06
9299,מזלג,2,4.2397673215693925e-06
9300,קלחת,2,4.2397673215693925e-06
9301,יקטירו,2,4.2397673215693925e-06
9302,העלתה,2,4.2397673215693925e-06
9303,פלל,2,4.2397673215693925e-06
9304,יקלו,2,4.2397673215693925e-06
9305,יכבה,2,4.2397673215693925e-06
9306,תכרע,2,4.2397673215693925e-06
9307,יציגו,2,4.2397673215693925e-06
9308,כרתות,2,4.2397673215693925e-06
9309,הסבו,2,4.2397673215693925e-06
9310,משלחים,2,4.2397673215693925e-06
9311,עפלי,2,4.2397673215693925e-06
9312,משחיתם,2,4.2397673215693925e-06
9313,השמשי,2,4.2397673215693925e-06
9314,השבו,2,4.2397673215693925e-06
9315,טלה,2,4.2397673215693925e-06
9316,מקומות,2,4.2397673215693925e-06
9317,משפטפ,2,4.2397673215693925e-06
9318,תעיד,2,4.2397673215693925e-06
9319,שדותי,2,4.2397673215693925e-06
9320,אביאל,2,4.2397673215693925e-06
9321,אפיח,2,4.2397673215693925e-06
9322,יצאות,2,4.2397673215693925e-06
9323,אבדות,2,4.2397673215693925e-06
9324,קטני,2,4.2397673215693925e-06
9325,קרואים,2,4.2397673215693925e-06
9326,פגעת,2,4.2397673215693925e-06
9327,צלחה,2,4.2397673215693925e-06
9328,תבאינה,2,4.2397673215693925e-06
9329,אישס,2,4.2397673215693925e-06
9330,נחבא,2,4.2397673215693925e-06
9331,אעלים,2,4.2397673215693925e-06
9332,בדן,2,4.2397673215693925e-06
9333,יתחבאו,2,4.2397673215693925e-06
9334,חוחים,2,4.2397673215693925e-06
9335,יוחל,2,4.2397673215693925e-06
9336,הגשו,2,4.2397673215693925e-06
9337,אתאפק,2,4.2397673215693925e-06
9338,נסכלת,2,4.2397673215693925e-06
9339,מגרון,2,4.2397673215693925e-06
9340,מתחבאים,2,4.2397673215693925e-06
9341,משיג,2,4.2397673215693925e-06
9342,טעמתי,2,4.2397673215693925e-06
9343,רבתה,2,4.2397673215693925e-06
9344,בגדתם,2,4.2397673215693925e-06
9345,שס,2,4.2397673215693925e-06
9346,חמורס,2,4.2397673215693925e-06
9347,המלכתי,2,4.2397673215693925e-06
9348,בעתת,2,4.2397673215693925e-06
9349,שכה,2,4.2397673215693925e-06
9350,להבת,2,4.2397673215693925e-06
9351,יוםפ,2,4.2397673215693925e-06
9352,חרצי,2,4.2397673215693925e-06
9353,תערך,2,4.2397673215693925e-06
9354,דוב,2,4.2397673215693925e-06
9355,הכתי,2,4.2397673215693925e-06
9356,קובע,2,4.2397673215693925e-06
9357,נסיתי,2,4.2397673215693925e-06
9358,שדהס,2,4.2397673215693925e-06
9359,יהושיע,2,4.2397673215693925e-06
9360,יקלע,2,4.2397673215693925e-06
9361,עדריאל,2,4.2397673215693925e-06
9362,מחלתי,2,4.2397673215693925e-06
9363,ייקר,2,4.2397673215693925e-06
9364,תשלחי,2,4.2397673215693925e-06
9365,יעצב,2,4.2397673215693925e-06
9366,אחקר,2,4.2397673215693925e-06
9367,נעצב,2,4.2397673215693925e-06
9368,נשמרו,2,4.2397673215693925e-06
9369,נעצר,2,4.2397673215693925e-06
9370,ריר,2,4.2397673215693925e-06
9371,קעלה,2,4.2397673215693925e-06
9372,קעילהס,2,4.2397673215693925e-06
9373,זפים,2,4.2397673215693925e-06
9374,ברוכים,2,4.2397673215693925e-06
9375,יעלים,2,4.2397673215693925e-06
9376,דרךס,2,4.2397673215693925e-06
9377,ישתחוס,2,4.2397673215693925e-06
9378,גמלתי,2,4.2397673215693925e-06
9379,תכרית,2,4.2397673215693925e-06
9380,הכלמנו,2,4.2397673215693925e-06
9381,התהלכנו,2,4.2397673215693925e-06
9382,אשאיר,2,4.2397673215693925e-06
9383,תרכב,2,4.2397673215693925e-06
9384,יגפ,2,4.2397673215693925e-06
9385,הסית,2,4.2397673215693925e-06
9386,נמלטתי,2,4.2397673215693925e-06
9387,יזרעאלית,2,4.2397673215693925e-06
9388,כרמלית,2,4.2397673215693925e-06
9389,אשבה,2,4.2397673215693925e-06
9390,ירחמאלי,2,4.2397673215693925e-06
9391,העלי,2,4.2397673215693925e-06
9392,יפרצו,2,4.2397673215693925e-06
9393,תלש,2,4.2397673215693925e-06
9394,יקצפו,2,4.2397673215693925e-06
9395,יזרעלית,2,4.2397673215693925e-06
9396,השג,2,4.2397673215693925e-06
9397,פגרו,2,4.2397673215693925e-06
9398,לילותס,2,4.2397673215693925e-06
9399,אעמד,2,4.2397673215693925e-06
9400,יקנן,2,4.2397673215693925e-06
9401,תעלזנה,2,4.2397673215693925e-06
9402,יפגשו,2,4.2397673215693925e-06
9403,חלצת,2,4.2397673215693925e-06
9404,גיח,2,4.2397673215693925e-06
9405,ידעתה,2,4.2397673215693925e-06
9406,אביטל,2,4.2397673215693925e-06
9407,יתרעם,2,4.2397673215693925e-06
9408,מתחזק,2,4.2397673215693925e-06
9409,לוש,2,4.2397673215693925e-06
9410,אקבצה,2,4.2397673215693925e-06
9411,נפול,2,4.2397673215693925e-06
9412,משוח,2,4.2397673215693925e-06
9413,אלישוע,2,4.2397673215693925e-06
9414,נהגים,2,4.2397673215693925e-06
9415,מכרכר,2,4.2397673215693925e-06
9416,אשפר,2,4.2397673215693925e-06
9417,אשישה,2,4.2397673215693925e-06
9418,אמהות,2,4.2397673215693925e-06
9419,יסיפו,2,4.2397673215693925e-06
9420,כננתי,2,4.2397673215693925e-06
9421,תקטן,2,4.2397673215693925e-06
9422,נראות,2,4.2397673215693925e-06
9423,יעקר,2,4.2397673215693925e-06
9424,ברתי,2,4.2397673215693925e-06
9425,היופ,2,4.2397673215693925e-06
9426,צובא,2,4.2397673215693925e-06
9427,ישלמו,2,4.2397673215693925e-06
9428,אליעם,2,4.2397673215693925e-06
9429,נגשתם,2,4.2397673215693925e-06
9430,תספד,2,4.2397673215693925e-06
9431,צם,2,4.2397673215693925e-06
9432,תלבב,2,4.2397673215693925e-06
9433,בואי,2,4.2397673215693925e-06
9434,אוליך,2,4.2397673215693925e-06
9435,קרעי,2,4.2397673215693925e-06
9436,צריה,2,4.2397673215693925e-06
9437,כבו,2,4.2397673215693925e-06
9438,גחלת,2,4.2397673215693925e-06
9439,ראהס,2,4.2397673215693925e-06
9440,יצתו,2,4.2397673215693925e-06
9441,נדרתי,2,4.2397673215693925e-06
9442,גתים,2,4.2397673215693925e-06
9443,בוכים,2,4.2397673215693925e-06
9444,חפוי,2,4.2397673215693925e-06
9445,קרוע,2,4.2397673215693925e-06
9446,חבשים,2,4.2397673215693925e-06
9447,צמוקים,2,4.2397673215693925e-06
9448,אבחרה,2,4.2397673215693925e-06
9449,ארדפה,2,4.2397673215693925e-06
9450,המס,2,4.2397673215693925e-06
9451,תפרש,2,4.2397673215693925e-06
9452,שפות,2,4.2397673215693925e-06
9453,ננוס,2,4.2397673215693925e-06
9454,יכחד,2,4.2397673215693925e-06
9455,יצבו,2,4.2397673215693925e-06
9456,ארוצה,2,4.2397673215693925e-06
9457,תבשר,2,4.2397673215693925e-06
9458,יתגנב,2,4.2397673215693925e-06
9459,העוה,2,4.2397673215693925e-06
9460,מפבשת,2,4.2397673215693925e-06
9461,יקש,2,4.2397673215693925e-06
9462,תחז,2,4.2397673215693925e-06
9463,אבלע,2,4.2397673215693925e-06
9464,שיא,2,4.2397673215693925e-06
9465,תלאו,2,4.2397673215693925e-06
9466,אושע,2,4.2397673215693925e-06
9467,תגעש,2,4.2397673215693925e-06
9468,יפיצ,2,4.2397673215693925e-06
9469,אשתמר,2,4.2397673215693925e-06
9470,תתחסד,2,4.2397673215693925e-06
9471,תתמם,2,4.2397673215693925e-06
9472,נבר,2,4.2397673215693925e-06
9473,חשכ,2,4.2397673215693925e-06
9474,אדלג,2,4.2397673215693925e-06
9475,משוה,2,4.2397673215693925e-06
9476,מעדו,2,4.2397673215693925e-06
9477,קרסל,2,4.2397673215693925e-06
9478,אמחצ,2,4.2397673215693925e-06
9479,תכריע,2,4.2397673215693925e-06
9480,מגדיל,2,4.2397673215693925e-06
9481,מגדול,2,4.2397673215693925e-06
9482,יצמיח,2,4.2397673215693925e-06
9483,דדו,2,4.2397673215693925e-06
9484,אחחי,2,4.2397673215693925e-06
9485,יגעה,2,4.2397673215693925e-06
9486,שמא,2,4.2397673215693925e-06
9487,גדולהס,2,4.2397673215693925e-06
9488,יתאוה,2,4.2397673215693925e-06
9489,גבריםס,2,4.2397673215693925e-06
9490,פעלים,2,4.2397673215693925e-06
9491,נטפתיס,2,4.2397673215693925e-06
9492,פרעתני,2,4.2397673215693925e-06
9493,געשס,2,4.2397673215693925e-06
9494,אליחבא,2,4.2397673215693925e-06
9495,אחיאם,2,4.2397673215693925e-06
9496,חצרו,2,4.2397673215693925e-06
9497,צלק,2,4.2397673215693925e-06
9498,נחרי,2,4.2397673215693925e-06
9499,יתריס,2,4.2397673215693925e-06
9500,שבעהפ,2,4.2397673215693925e-06
9501,יסת,2,4.2397673215693925e-06
9502,נסכלתי,2,4.2397673215693925e-06
9503,העויתי,2,4.2397673215693925e-06
9504,סכנת,2,4.2397673215693925e-06
9505,שכבה,2,4.2397673215693925e-06
9506,מתנשא,2,4.2397673215693925e-06
9507,תקד,2,4.2397673215693925e-06
9508,פרדת,2,4.2397673215693925e-06
9509,יתחתן,2,4.2397673215693925e-06
9510,אקם,2,4.2397673215693925e-06
9511,גזרו,2,4.2397673215693925e-06
9512,משפטס,2,4.2397673215693925e-06
9513,כהניםס,2,4.2397673215693925e-06
9514,זבוד,2,4.2397673215693925e-06
9515,אדנירם,2,4.2397673215693925e-06
9516,עבדא,2,4.2397673215693925e-06
9517,אפריםס,2,4.2397673215693925e-06
9518,בענא,2,4.2397673215693925e-06
9519,מגשים,2,4.2397673215693925e-06
9520,תפסח,2,4.2397673215693925e-06
9521,ארות,2,4.2397673215693925e-06
9522,יעדרו,2,4.2397673215693925e-06
9523,דברות,2,4.2397673215693925e-06
9524,ביתפ,2,4.2397673215693925e-06
9525,שקפים,2,4.2397673215693925e-06
9526,הבנת,2,4.2397673215693925e-06
9527,שדרת,2,4.2397673215693925e-06
9528,ספן,2,4.2397673215693925e-06
9529,קצב,2,4.2397673215693925e-06
9530,תמרת,2,4.2397673215693925e-06
9531,גלילים,2,4.2397673215693925e-06
9532,כרתת,2,4.2397673215693925e-06
9533,פתחים,2,4.2397673215693925e-06
9534,טפחות,2,4.2397673215693925e-06
9535,מצק,2,4.2397673215693925e-06
9536,אופני,2,4.2397673215693925e-06
9537,מער,2,4.2397673215693925e-06
9538,יכיל,2,4.2397673215693925e-06
9539,נחקר,2,4.2397673215693925e-06
9540,הטיבת,2,4.2397673215693925e-06
9541,יכלכלו,2,4.2397673215693925e-06
9542,האלת,2,4.2397673215693925e-06
9543,שפטת,2,4.2397673215693925e-06
9544,הצדיק,2,4.2397673215693925e-06
9545,העצר,2,4.2397673215693925e-06
9546,יחנכו,2,4.2397673215693925e-06
9547,ישרפ,2,4.2397673215693925e-06
9548,תדמר,2,4.2397673215693925e-06
9549,משקי,2,4.2397673215693925e-06
9550,הוספת,2,4.2397673215693925e-06
9551,אפיר,2,4.2397673215693925e-06
9552,לבנוןפ,2,4.2397673215693925e-06
9553,שנהבים,2,4.2397673215693925e-06
9554,מואביות,2,4.2397673215693925e-06
9555,עמניות,2,4.2397673215693925e-06
9556,אדד,2,4.2397673215693925e-06
9557,תחפניס,2,4.2397673215693925e-06
9558,תחפנס,2,4.2397673215693925e-06
9559,עבה,2,4.2397673215693925e-06
9560,העמיס,2,4.2397673215693925e-06
9561,יבו,2,4.2397673215693925e-06
9562,רחבעםפ,2,4.2397673215693925e-06
9563,התאמץ,2,4.2397673215693925e-06
9564,יפשעו,2,4.2397673215693925e-06
9565,נקרע,2,4.2397673215693925e-06
9566,נשפך,2,4.2397673215693925e-06
9567,יחבשו,2,4.2397673215693925e-06
9568,מתנכרה,2,4.2397673215693925e-06
9569,מכעיסים,2,4.2397673215693925e-06
9570,אבישלום,2,4.2397673215693925e-06
9571,גאלי,2,4.2397673215693925e-06
9572,החטיאו,2,4.2397673215693925e-06
9573,גינת,2,4.2397673215693925e-06
9574,מקששת,2,4.2397673215693925e-06
9575,מעוג,2,4.2397673215693925e-06
9576,עגה,2,4.2397673215693925e-06
9577,אליהופ,2,4.2397673215693925e-06
9578,מתגורר,2,4.2397673215693925e-06
9579,נכרית,2,4.2397673215693925e-06
9580,סעפים,2,4.2397673215693925e-06
9581,נותרתי,2,4.2397673215693925e-06
9582,יתגדדו,2,4.2397673215693925e-06
9583,הרוס,2,4.2397673215693925e-06
9584,שבעית,2,4.2397673215693925e-06
9585,אותר,2,4.2397673215693925e-06
9586,השארתי,2,4.2397673215693925e-06
9587,חפשו,2,4.2397673215693925e-06
9588,ישפק,2,4.2397673215693925e-06
9589,נחזק,2,4.2397673215693925e-06
9590,חשפי,2,4.2397673215693925e-06
9591,נשימה,2,4.2397673215693925e-06
9592,ינחשו,2,4.2397673215693925e-06
9593,הכי,2,4.2397673215693925e-06
9594,הושיבו,2,4.2397673215693925e-06
9595,ילקו,2,4.2397673215693925e-06
9596,התמכר,2,4.2397673215693925e-06
9597,תנגח,2,4.2397673215693925e-06
9598,החבה,2,4.2397673215693925e-06
9599,יתחנן,2,4.2397673215693925e-06
9600,תיקר,2,4.2397673215693925e-06
9601,החשו,2,4.2397673215693925e-06
9602,יתקלסו,2,4.2397673215693925e-06
9603,דבים,2,4.2397673215693925e-06
9604,מישע,2,4.2397673215693925e-06
9605,מבחור,2,4.2397673215693925e-06
9606,קרעת,2,4.2397673215693925e-06
9607,קורה,2,4.2397673215693925e-06
9608,יסער,2,4.2397673215693925e-06
9609,תחבא,2,4.2397673215693925e-06
9610,אוחיל,2,4.2397673215693925e-06
9611,מצרעים,2,4.2397673215693925e-06
9612,יטמנו,2,4.2397673215693925e-06
9613,תגר,2,4.2397673215693925e-06
9614,הרתי,2,4.2397673215693925e-06
9615,תפשע,2,4.2397673215693925e-06
9616,מנהג,2,4.2397673215693925e-06
9617,הלחמו,2,4.2397673215693925e-06
9618,נמליך,2,4.2397673215693925e-06
9619,דודים,2,4.2397673215693925e-06
9620,הרעים,2,4.2397673215693925e-06
9621,עקבה,2,4.2397673215693925e-06
9622,מוצאות,2,4.2397673215693925e-06
9623,מומתים,2,4.2397673215693925e-06
9624,יסתרו,2,4.2397673215693925e-06
9625,שדרות,2,4.2397673215693925e-06
9626,קשרס,2,4.2397673215693925e-06
9627,תומת,2,4.2397673215693925e-06
9628,גדרים,2,4.2397673215693925e-06
9629,חצבי,2,4.2397673215693925e-06
9630,סלא,2,4.2397673215693925e-06
9631,החטי,2,4.2397673215693925e-06
9632,דש,2,4.2397673215693925e-06
9633,יהועדן,2,4.2397673215693925e-06
9634,נתראה,2,4.2397673215693925e-06
9635,תתגרה,2,4.2397673215693925e-06
9636,יתראו,2,4.2397673215693925e-06
9637,תערבות,2,4.2397673215693925e-06
9638,מחות,2,4.2397673215693925e-06
9639,חפשית,2,4.2397673215693925e-06
9640,פלאסר,2,4.2397673215693925e-06
9641,שלמנאסר,2,4.2397673215693925e-06
9642,נוצרים,2,4.2397673215693925e-06
9643,העיד,2,4.2397673215693925e-06
9644,יהבלו,2,4.2397673215693925e-06
9645,יקסמו,2,4.2397673215693925e-06
9646,ידא,2,4.2397673215693925e-06
9647,כות,2,4.2397673215693925e-06
9648,הרגים,2,4.2397673215693925e-06
9649,כתת,2,4.2397673215693925e-06
9650,מבצרפ,2,4.2397673215693925e-06
9651,אשורפ,2,4.2397673215693925e-06
9652,תרתן,2,4.2397673215693925e-06
9653,התערב,2,4.2397673215693925e-06
9654,צואת,2,4.2397673215693925e-06
9655,שיני,2,4.2397673215693925e-06
9656,ישיא,2,4.2397673215693925e-06
9657,קרועי,2,4.2397673215693925e-06
9658,יתכס,2,4.2397673215693925e-06
9659,מתכסים,2,4.2397673215693925e-06
9660,נאצה,2,4.2397673215693925e-06
9661,תרהקה,2,4.2397673215693925e-06
9662,רצף,2,4.2397673215693925e-06
9663,לעיר,2,4.2397673215693925e-06
9664,החריבו,2,4.2397673215693925e-06
9665,התפללת,2,4.2397673215693925e-06
9666,לעגה,2,4.2397673215693925e-06
9667,הניעה,2,4.2397673215693925e-06
9668,הרימות,2,4.2397673215693925e-06
9669,ברשי,2,4.2397673215693925e-06
9670,קרתי,2,4.2397673215693925e-06
9671,אחרב,2,4.2397673215693925e-06
9672,קצרי,2,4.2397673215693925e-06
9673,שאננ,2,4.2397673215693925e-06
9674,נסרך,2,4.2397673215693925e-06
9675,שראצר,2,4.2397673215693925e-06
9676,אוצרתי,2,4.2397673215693925e-06
9677,אצרו,2,4.2397673215693925e-06
9678,בה,2,4.2397673215693925e-06
9679,עונן,2,4.2397673215693925e-06
9680,תצלנה,2,4.2397673215693925e-06
9681,משקלת,2,4.2397673215693925e-06
9682,ימיתו,2,4.2397673215693925e-06
9683,אצליהו,2,4.2397673215693925e-06
9684,חלדה,2,4.2397673215693925e-06
9685,כמרים,2,4.2397673215693925e-06
9686,שקצים,2,4.2397673215693925e-06
9687,הסיף,2,4.2397673215693925e-06
9688,חמיטל,2,4.2397673215693925e-06
9689,צפניהו,2,4.2397673215693925e-06
9690,מצבא,2,4.2397673215693925e-06
9691,תנחמת,2,4.2397673215693925e-06
9692,יאזניהו,2,4.2397673215693925e-06
9693,רעמא,2,4.2397673215693925e-06
9694,דדןס,2,4.2397673215693925e-06
9695,אונםס,2,4.2397673215693925e-06
9696,דישון,2,4.2397673215693925e-06
9697,חושם,2,4.2397673215693925e-06
9698,הדדס,2,4.2397673215693925e-06
9699,עוכר,2,4.2397673215693925e-06
9700,אצם,2,4.2397673215693925e-06
9701,אשחור,2,4.2397673215693925e-06
9702,אבישור,2,4.2397673215693925e-06
9703,אביהיל,2,4.2397673215693925e-06
9704,מוליד,2,4.2397673215693925e-06
9705,סלד,2,4.2397673215693925e-06
9706,בניםס,2,4.2397673215693925e-06
9707,ירחע,2,4.2397673215693925e-06
9708,אפלל,2,4.2397673215693925e-06
9709,ססמי,2,4.2397673215693925e-06
9710,רגם,2,4.2397673215693925e-06
9711,שעף,2,4.2397673215693925e-06
9712,מנחות,2,4.2397673215693925e-06
9713,נולדו,2,4.2397673215693925e-06
9714,חשבה,2,4.2397673215693925e-06
9715,שכניהס,2,4.2397673215693925e-06
9716,חלאה,2,4.2397673215693925e-06
9717,אשתון,2,4.2397673215693925e-06
9718,מעונתי,2,4.2397673215693925e-06
9719,יהללאל,2,4.2397673215693925e-06
9720,זוחת,2,4.2397673215693925e-06
9721,בץ,2,4.2397673215693925e-06
9722,בעלו,2,4.2397673215693925e-06
9723,יוצרים,2,4.2397673215693925e-06
9724,עדיאל,2,4.2397673215693925e-06
9725,זיזא,2,4.2397673215693925e-06
9726,ידיה,2,4.2397673215693925e-06
9727,שקטת,2,4.2397673215693925e-06
9728,פלנאסר,2,4.2397673215693925e-06
9729,ירוח,2,4.2397673215693925e-06
9730,התיחשו,2,4.2397673215693925e-06
9731,למודי,2,4.2397673215693925e-06
9732,הגריאים,2,4.2397673215693925e-06
9733,ינתנו,2,4.2397673215693925e-06
9734,עזריאל,2,4.2397673215693925e-06
9735,איתמרס,2,4.2397673215693925e-06
9736,משורר,2,4.2397673215693925e-06
9737,לויס,2,4.2397673215693925e-06
9738,אמצי,2,4.2397673215693925e-06
9739,נתונים,2,4.2397673215693925e-06
9740,טירות,2,4.2397673215693925e-06
9741,יעזיר,2,4.2397673215693925e-06
9742,כלפ,2,4.2397673215693925e-06
9743,תהינה,2,4.2397673215693925e-06
9744,עיה,2,4.2397673215693925e-06
9745,צופח,2,4.2397673215693925e-06
9746,ברי,2,4.2397673215693925e-06
9747,חמישיס,2,4.2397673215693925e-06
9748,הגל,2,4.2397673215693925e-06
9749,שמד,2,4.2397673215693925e-06
9750,ששק,2,4.2397673215693925e-06
9751,צלתי,2,4.2397673215693925e-06
9752,אשבעל,2,4.2397673215693925e-06
9753,פיתון,2,4.2397673215693925e-06
9754,יהועדה,2,4.2397673215693925e-06
9755,בנעא,2,4.2397673215693925e-06
9756,בכרו,2,4.2397673215693925e-06
9757,שעריה,2,4.2397673215693925e-06
9758,עותי,2,4.2397673215693925e-06
9759,שילוני,2,4.2397673215693925e-06
9760,יבניה,2,4.2397673215693925e-06
9761,יהויריב,2,4.2397673215693925e-06
9762,טלמן,2,4.2397673215693925e-06
9763,רקחי,2,4.2397673215693925e-06
9764,גופת,2,4.2397673215693925e-06
9765,חכמוני,2,4.2397673215693925e-06
9766,אחוחי,2,4.2397673215693925e-06
9767,שעורים,2,4.2397673215693925e-06
9768,יתאו,2,4.2397673215693925e-06
9769,תקועי,2,4.2397673215693925e-06
9770,יושפט,2,4.2397673215693925e-06
9771,יעשיאל,2,4.2397673215693925e-06
9772,נשקי,2,4.2397673215693925e-06
9773,נבדלו,2,4.2397673215693925e-06
9774,אלזבד,2,4.2397673215693925e-06
9775,ממלא,2,4.2397673215693925e-06
9776,גדיתי,2,4.2397673215693925e-06
9777,צבאס,2,4.2397673215693925e-06
9778,מאהס,2,4.2397673215693925e-06
9779,לבס,2,4.2397673215693925e-06
9780,דרשנ,2,4.2397673215693925e-06
9781,שירים,2,4.2397673215693925e-06
9782,כידן,2,4.2397673215693925e-06
9783,היך,2,4.2397673215693925e-06
9784,ילודים,2,4.2397673215693925e-06
9785,פלשתיים,2,4.2397673215693925e-06
9786,שלשיםס,2,4.2397673215693925e-06
9787,כתפ,2,4.2397673215693925e-06
9788,משמיעים,2,4.2397673215693925e-06
9789,אליפלהו,2,4.2397673215693925e-06
9790,מקניהו,2,4.2397673215693925e-06
9791,בשרו,2,4.2397673215693925e-06
9792,חדוה,2,4.2397673215693925e-06
9793,חילו,2,4.2397673215693925e-06
9794,השתבח,2,4.2397673215693925e-06
9795,אגד,2,4.2397673215693925e-06
9796,הסירותי,2,4.2397673215693925e-06
9797,דוידפ,2,4.2397673215693925e-06
9798,הדיע,2,4.2397673215693925e-06
9799,עודפ,2,4.2397673215693925e-06
9800,נבעת,2,4.2397673215693925e-06
9801,מסמרים,2,4.2397673215693925e-06
9802,מחברות,2,4.2397673215693925e-06
9803,הנחותי,2,4.2397673215693925e-06
9804,זתם,2,4.2397673215693925e-06
9805,שלומית,2,4.2397673215693925e-06
9806,שבואל,2,4.2397673215693925e-06
9807,רחביה,2,4.2397673215693925e-06
9808,יריהו,2,4.2397673215693925e-06
9809,שניס,2,4.2397673215693925e-06
9810,שכניהו,2,4.2397673215693925e-06
9811,עשריםפ,2,4.2397673215693925e-06
9812,יחדיהו,2,4.2397673215693925e-06
9813,יעזיהו,2,4.2397673215693925e-06
9814,בקיהו,2,4.2397673215693925e-06
9815,מתניהו,2,4.2397673215693925e-06
9816,ישבקשה,2,4.2397673215693925e-06
9817,מלותי,2,4.2397673215693925e-06
9818,מחזיאות,2,4.2397673215693925e-06
9819,מלמדי,2,4.2397673215693925e-06
9820,עשרפ,2,4.2397673215693925e-06
9821,אליהועיני,2,4.2397673215693925e-06
9822,אספים,2,4.2397673215693925e-06
9823,שלכת,2,4.2397673215693925e-06
9824,פרבר,2,4.2397673215693925e-06
9825,יחיאלי,2,4.2397673215693925e-06
9826,יפקיד,2,4.2397673215693925e-06
9827,זבדיאל,2,4.2397673215693925e-06
9828,חלדי,2,4.2397673215693925e-06
9829,רמתי,2,4.2397673215693925e-06
9830,אוביל,2,4.2397673215693925e-06
9831,חפצה,2,4.2397673215693925e-06
9832,עשהפ,2,4.2397673215693925e-06
9833,מזלגות,2,4.2397673215693925e-06
9834,מלאכות,2,4.2397673215693925e-06
9835,אדרכנים,2,4.2397673215693925e-06
9836,ארצותפ,2,4.2397673215693925e-06
9837,קוא,2,4.2397673215693925e-06
9838,העביד,2,4.2397673215693925e-06
9839,יחפ,2,4.2397673215693925e-06
9840,קירותי,2,4.2397673215693925e-06
9841,מסמרות,2,4.2397673215693925e-06
9842,יקהיל,2,4.2397673215693925e-06
9843,ידתון,2,4.2397673215693925e-06
9844,השיבות,2,4.2397673215693925e-06
9845,הצליחפ,2,4.2397673215693925e-06
9846,מלבושי,2,4.2397673215693925e-06
9847,נשאות,2,4.2397673215693925e-06
9848,מוציאים,2,4.2397673215693925e-06
9849,נבואת,2,4.2397673215693925e-06
9850,צנות,2,4.2397673215693925e-06
9851,הזניח,2,4.2397673215693925e-06
9852,שעירים,2,4.2397673215693925e-06
9853,יאמצו,2,4.2397673215693925e-06
9854,שמריה,2,4.2397673215693925e-06
9855,מנורת,2,4.2397673215693925e-06
9856,הריע,2,4.2397673215693925e-06
9857,תצליחו,2,4.2397673215693925e-06
9858,נשענו,2,4.2397673215693925e-06
9859,אביהו,2,4.2397673215693925e-06
9860,מדרש,2,4.2397673215693925e-06
9861,דרשנו,2,4.2397673215693925e-06
9862,אנושס,2,4.2397673215693925e-06
9863,עדד,2,4.2397673215693925e-06
9864,ישכיב,2,4.2397673215693925e-06
9865,מרקחים,2,4.2397673215693925e-06
9866,בירניות,2,4.2397673215693925e-06
9867,הצליחו,2,4.2397673215693925e-06
9868,החבא,2,4.2397673215693925e-06
9869,עמונים,2,4.2397673215693925e-06
9870,נעמדה,2,4.2397673215693925e-06
9871,השמידו,2,4.2397673215693925e-06
9872,בזזים,2,4.2397673215693925e-06
9873,עצרו,2,4.2397673215693925e-06
9874,תחלאים,2,4.2397673215693925e-06
9875,יהושבעת,2,4.2397673215693925e-06
9876,יושיבו,2,4.2397673215693925e-06
9877,יאש,2,4.2397673215693925e-06
9878,ארוכה,2,4.2397673215693925e-06
9879,כובעים,2,4.2397673215693925e-06
9880,חשבנות,2,4.2397673215693925e-06
9881,ימעל,2,4.2397673215693925e-06
9882,יזעף,2,4.2397673215693925e-06
9883,זעפ,2,4.2397673215693925e-06
9884,נדחף,2,4.2397673215693925e-06
9885,אשמות,2,4.2397673215693925e-06
9886,משלמות,2,4.2397673215693925e-06
9887,אשמתי,2,4.2397673215693925e-06
9888,הכניע,2,4.2397673215693925e-06
9889,אזבח,2,4.2397673215693925e-06
9890,יקבלו,2,4.2397673215693925e-06
9891,כלוס,2,4.2397673215693925e-06
9892,יגישו,2,4.2397673215693925e-06
9893,התקדש,2,4.2397673215693925e-06
9894,מקטרות,2,4.2397673215693925e-06
9895,קדשס,2,4.2397673215693925e-06
9896,מתודים,2,4.2397673215693925e-06
9897,יועצו,2,4.2397673215693925e-06
9898,ביא,2,4.2397673215693925e-06
9899,פקידים,2,4.2397673215693925e-06
9900,סתום,2,4.2397673215693925e-06
9901,עינות,2,4.2397673215693925e-06
9902,פרוצה,2,4.2397673215693925e-06
9903,מסית,2,4.2397673215693925e-06
9904,בהל,2,4.2397673215693925e-06
9905,מליצי,2,4.2397673215693925e-06
9906,יגביה,2,4.2397673215693925e-06
9907,כרכמיש,2,4.2397673215693925e-06
9908,ירכיב,2,4.2397673215693925e-06
9909,מתאבלים,2,4.2397673215693925e-06
9910,ימליכ,2,4.2397673215693925e-06
9911,כשדיים,2,4.2397673215693925e-06
9912,מתרדת,2,4.2397673215693925e-06
9913,אגרטלי,2,4.2397673215693925e-06
9914,בלשן,2,4.2397673215693925e-06
9915,ששיםס,2,4.2397673215693925e-06
9916,נטפה,2,4.2397673215693925e-06
9917,מכמס,2,4.2397673215693925e-06
9918,חטיטא,2,4.2397673215693925e-06
9919,ציחא,2,4.2397673215693925e-06
9920,קרס,2,4.2397673215693925e-06
9921,פדון,2,4.2397673215693925e-06
9922,חגבה,2,4.2397673215693925e-06
9923,גחר,2,4.2397673215693925e-06
9924,בסי,2,4.2397673215693925e-06
9925,בקבוק,2,4.2397673215693925e-06
9926,חקופא,2,4.2397673215693925e-06
9927,חרחור,2,4.2397673215693925e-06
9928,מחידא,2,4.2397673215693925e-06
9929,ברקוס,2,4.2397673215693925e-06
9930,נציח,2,4.2397673215693925e-06
9931,חטיפא,2,4.2397673215693925e-06
9932,דרקון,2,4.2397673215693925e-06
9933,חטיל,2,4.2397673215693925e-06
9934,פכרת,2,4.2397673215693925e-06
9935,הצביים,2,4.2397673215693925e-06
9936,חביה,2,4.2397673215693925e-06
9937,מתיחשים,2,4.2397673215693925e-06
9938,יגאלו,2,4.2397673215693925e-06
9939,משררות,2,4.2397673215693925e-06
9940,מכונ,2,4.2397673215693925e-06
9941,רבאות,2,4.2397673215693925e-06
9942,יסדו,2,4.2397673215693925e-06
9943,מכירים,2,4.2397673215693925e-06
9944,מבהלים,2,4.2397673215693925e-06
9945,ארתחששת,2,4.2397673215693925e-06
9946,נשתון,2,4.2397673215693925e-06
9947,אגרה,2,4.2397673215693925e-06
9948,ארכוי,2,4.2397673215693925e-06
9949,הגלי,2,4.2397673215693925e-06
9950,יקיר,2,4.2397673215693925e-06
9951,שמרין,2,4.2397673215693925e-06
9952,כענת,2,4.2397673215693925e-06
9953,סלקו,2,4.2397673215693925e-06
9954,שכללו,2,4.2397673215693925e-06
9955,ישתכללון,2,4.2397673215693925e-06
9956,מנדה,2,4.2397673215693925e-06
9957,דכרני,2,4.2397673215693925e-06
9958,תהשכח,2,4.2397673215693925e-06
9959,אשתדור,2,4.2397673215693925e-06
9960,אנחנה,2,4.2397673215693925e-06
9961,בקרו,2,4.2397673215693925e-06
9962,השכחו,2,4.2397673215693925e-06
9963,מתעבד,2,4.2397673215693925e-06
9964,תקיפין,2,4.2397673215693925e-06
9965,מתיהב,2,4.2397673215693925e-06
9966,מעבד,2,4.2397673215693925e-06
9967,אזלו,2,4.2397673215693925e-06
9968,תרתין,2,4.2397673215693925e-06
9969,נבי,2,4.2397673215693925e-06
9970,נביי,2,4.2397673215693925e-06
9971,אתא,2,4.2397673215693925e-06
9972,בנא,2,4.2397673215693925e-06
9973,אשרנ,2,4.2397673215693925e-06
9974,אמרנא,2,4.2397673215693925e-06
9975,שמהת,2,4.2397673215693925e-06
9976,אפרסכי,2,4.2397673215693925e-06
9977,כתיב,2,4.2397673215693925e-06
9978,אס,2,4.2397673215693925e-06
9979,מתבנא,2,4.2397673215693925e-06
9980,שאלנא,2,4.2397673215693925e-06
9981,ממר,2,4.2397673215693925e-06
9982,אנחנא,2,4.2397673215693925e-06
9983,שגיאן,2,4.2397673215693925e-06
9984,היבל,2,4.2397673215693925e-06
9985,יתבנא,2,4.2397673215693925e-06
9986,טב,2,4.2397673215693925e-06
9987,דבחין,2,4.2397673215693925e-06
9988,תעבדון,2,4.2397673215693925e-06
9989,חנטין,2,4.2397673215693925e-06
9990,הקרבו,2,4.2397673215693925e-06
9991,חטיא,2,4.2397673215693925e-06
9992,תרי,2,4.2397673215693925e-06
9993,טהורים,2,4.2397673215693925e-06
9994,נבדל,2,4.2397673215693925e-06
9995,שליח,2,4.2397673215693925e-06
9996,בתין,2,4.2397673215693925e-06
9997,מרמא,2,4.2397673215693925e-06
9998,התחזקתי,2,4.2397673215693925e-06
9999,אוצא,2,4.2397673215693925e-06
10000,אדו,2,4.2397673215693925e-06
10001,כספיא,2,4.2397673215693925e-06
10002,התענות,2,4.2397673215693925e-06
10003,אשקול,2,4.2397673215693925e-06
10004,כפרי,2,4.2397673215693925e-06
10005,תשקלו,2,4.2397673215693925e-06
10006,קבלו,2,4.2397673215693925e-06
10007,נועדיה,2,4.2397673215693925e-06
10008,מאבי,2,4.2397673215693925e-06
10009,אמרט,2,4.2397673215693925e-06
10010,רומם,2,4.2397673215693925e-06
10011,נשארנו,2,4.2397673215693925e-06
10012,חרדים,2,4.2397673215693925e-06
10013,גולהס,2,4.2397673215693925e-06
10014,מזמנים,2,4.2397673215693925e-06
10015,יבדלו,2,4.2397673215693925e-06
10016,זבי,2,4.2397673215693925e-06
10017,עדנא,2,4.2397673215693925e-06
10018,חכליה,2,4.2397673215693925e-06
10019,כסלו,2,4.2397673215693925e-06
10020,קשבת,2,4.2397673215693925e-06
10021,מתודה,2,4.2397673215693925e-06
10022,שמרנו,2,4.2397673215693925e-06
10023,אפיץ,2,4.2397673215693925e-06
10024,ניסן,2,4.2397673215693925e-06
10025,שגל,2,4.2397673215693925e-06
10026,פרדס,2,4.2397673215693925e-06
10027,נקום,2,4.2397673215693925e-06
10028,בנינו,2,4.2397673215693925e-06
10029,מרדים,2,4.2397673215693925e-06
10030,קרו,2,4.2397673215693925e-06
10031,הישנה,2,4.2397673215693925e-06
10032,חשבניה,2,4.2397673215693925e-06
10033,הלוחש,2,4.2397673215693925e-06
10034,הכרם,2,4.2397673215693925e-06
10035,ענניה,2,4.2397673215693925e-06
10036,תקעים,2,4.2397673215693925e-06
10037,הרגנו,2,4.2397673215693925e-06
10038,קשתתי,2,4.2397673215693925e-06
10039,תקבצו,2,4.2397673215693925e-06
10040,קנינו,2,4.2397673215693925e-06
10041,חצנ,2,4.2397673215693925e-06
10042,הכבידו,2,4.2397673215693925e-06
10043,שלטו,2,4.2397673215693925e-06
10044,מרוד,2,4.2397673215693925e-06
10045,מיראים,2,4.2397673215693925e-06
10046,אלול,2,4.2397673215693925e-06
10047,עולים,2,4.2397673215693925e-06
10048,נחום,2,4.2397673215693925e-06
10049,חריף,2,4.2397673215693925e-06
10050,ממתקים,2,4.2397673215693925e-06
10051,ישמיעו,2,4.2397673215693925e-06
10052,חצרתי,2,4.2397673215693925e-06
10053,נאצות,2,4.2397673215693925e-06
10054,מנעת,2,4.2397673215693925e-06
10055,ככבי,2,4.2397673215693925e-06
10056,העידו,2,4.2397673215693925e-06
10057,הקשו,2,4.2397673215693925e-06
10058,גנתון,2,4.2397673215693925e-06
10059,משיזבאל,2,4.2397673215693925e-06
10060,תרומתי,2,4.2397673215693925e-06
10061,יועד,2,4.2397673215693925e-06
10062,קוליה,2,4.2397673215693925e-06
10063,בוני,2,4.2397673215693925e-06
10064,עמוק,2,4.2397673215693925e-06
10065,מנימין,2,4.2397673215693925e-06
10066,תרומות,2,4.2397673215693925e-06
10067,מניות,2,4.2397673215693925e-06
10068,יבדילו,2,4.2397673215693925e-06
10069,עמסים,2,4.2397673215693925e-06
10070,מטהרים,2,4.2397673215693925e-06
10071,חוס,2,4.2397673215693925e-06
10072,גלילי,2,4.2397673215693925e-06
10073,שונים,2,4.2397673215693925e-06
10074,מרס,2,4.2397673215693925e-06
10075,תלקח,2,4.2397673215693925e-06
10076,נקראה,2,4.2397673215693925e-06
10077,בקשה,2,4.2397673215693925e-06
10078,תרש,2,4.2397673215693925e-06
10079,מפזר,2,4.2397673215693925e-06
10080,דחופים,2,4.2397673215693925e-06
10081,יצע,2,4.2397673215693925e-06
10082,תבואינה,2,4.2397673215693925e-06
10083,הלביש,2,4.2397673215693925e-06
10084,שקול,2,4.2397673215693925e-06
10085,שרביט,2,4.2397673215693925e-06
10086,תדמי,2,4.2397673215693925e-06
10087,הצלה,2,4.2397673215693925e-06
10088,נשאה,2,4.2397673215693925e-06
10089,יושט,2,4.2397673215693925e-06
10090,קרוא,2,4.2397673215693925e-06
10091,נדדה,2,4.2397673215693925e-06
10092,נקראים,2,4.2397673215693925e-06
10093,תלות,2,4.2397673215693925e-06
10094,נמכרנו,2,4.2397673215693925e-06
10095,הרוג,2,4.2397673215693925e-06
10096,נזק,2,4.2397673215693925e-06
10097,תתחנן,2,4.2397673215693925e-06
10098,אבדן,2,4.2397673215693925e-06
10099,חתמו,2,4.2397673215693925e-06
10100,אחשדרפנים,2,4.2397673215693925e-06
10101,אחשתרנים,2,4.2397673215693925e-06
10102,עתידים,2,4.2397673215693925e-06
10103,נחו,2,4.2397673215693925e-06
10104,קימו,2,4.2397673215693925e-06
10105,נלוים,2,4.2397673215693925e-06
10106,נעשים,2,4.2397673215693925e-06
10107,זמני,2,4.2397673215693925e-06
10108,תקפ,2,4.2397673215693925e-06
10109,אתונות,2,4.2397673215693925e-06
10110,תדברי,2,4.2397673215693925e-06
10111,נקבל,2,4.2397673215693925e-06
10112,עננה,2,4.2397673215693925e-06
10113,רננה,2,4.2397673215693925e-06
10114,אשקוט,2,4.2397673215693925e-06
10115,מטמונים,2,4.2397673215693925e-06
10116,שלותי,2,4.2397673215693925e-06
10117,שקטתי,2,4.2397673215693925e-06
10118,נכחדו,2,4.2397673215693925e-06
10119,יקצר,2,4.2397673215693925e-06
10120,שמץ,2,4.2397673215693925e-06
10121,פתה,2,4.2397673215693925e-06
10122,ירחקו,2,4.2397673215693925e-06
10123,צנים,2,4.2397673215693925e-06
10124,שאף,2,4.2397673215693925e-06
10125,צמים,2,4.2397673215693925e-06
10126,קדרים,2,4.2397673215693925e-06
10127,ימששו,2,4.2397673215693925e-06
10128,קפצה,2,4.2397673215693925e-06
10129,כפן,2,4.2397673215693925e-06
10130,לעו,2,4.2397673215693925e-06
10131,בעותי,2,4.2397673215693925e-06
10132,כחדתי,2,4.2397673215693925e-06
10133,אאריך,2,4.2397673215693925e-06
10134,תשיה,2,4.2397673215693925e-06
10135,הליכת,2,4.2397673215693925e-06
10136,שגיתי,2,4.2397673215693925e-06
10137,יקוה,2,4.2397673215693925e-06
10138,ירחי,2,4.2397673215693925e-06
10139,נדדים,2,4.2397673215693925e-06
10140,מחנק,2,4.2397673215693925e-06
10141,אפעל,2,4.2397673215693925e-06
10142,יגאה,2,4.2397673215693925e-06
10143,בצה,2,4.2397673215693925e-06
10144,עכביש,2,4.2397673215693925e-06
10145,מרגיז,2,4.2397673215693925e-06
10146,יאזין,2,4.2397673215693925e-06
10147,אצדק,2,4.2397673215693925e-06
10148,חלפו,2,4.2397673215693925e-06
10149,יטוש,2,4.2397673215693925e-06
10150,ארשע,2,4.2397673215693925e-06
10151,תדרוש,2,4.2397673215693925e-06
10152,עצבו,2,4.2397673215693925e-06
10153,אללי,2,4.2397673215693925e-06
10154,תצוד,2,4.2397673215693925e-06
10155,תחדש,2,4.2397673215693925e-06
10156,הצאת,2,4.2397673215693925e-06
10157,אובל,2,4.2397673215693925e-06
10158,תעלמות,2,4.2397673215693925e-06
10159,כפלים,2,4.2397673215693925e-06
10160,תפעל,2,4.2397673215693925e-06
10161,יסגיר,2,4.2397673215693925e-06
10162,מפח,2,4.2397673215693925e-06
10163,ישליו,2,4.2397673215693925e-06
10164,תבחן,2,4.2397673215693925e-06
10165,חך,2,4.2397673215693925e-06
10166,יקטל,2,4.2397673215693925e-06
10167,יזקין,2,4.2397673215693925e-06
10168,תתקפ,2,4.2397673215693925e-06
10169,יצערו,2,4.2397673215693925e-06
10170,יכאב,2,4.2397673215693925e-06
10171,חזיתי,2,4.2397673215693925e-06
10172,כחדו,2,4.2397673215693925e-06
10173,מתחולל,2,4.2397673215693925e-06
10174,נצפנו,2,4.2397673215693925e-06
10175,מצוקה,2,4.2397673215693925e-06
10176,נכחדות,2,4.2397673215693925e-06
10177,שלהבת,2,4.2397673215693925e-06
10178,רעננה,2,4.2397673215693925e-06
10179,יחמס,2,4.2397673215693925e-06
10180,מרמהס,2,4.2397673215693925e-06
10181,ילטוש,2,4.2397673215693925e-06
10182,פערו,2,4.2397673215693925e-06
10183,עפעפ,2,4.2397673215693925e-06
10184,תכסי,2,4.2397673215693925e-06
10185,דלפה,2,4.2397673215693925e-06
10186,מורשי,2,4.2397673215693925e-06
10187,יגה,2,4.2397673215693925e-06
10188,שביב,2,4.2397673215693925e-06
10189,תצעד,2,4.2397673215693925e-06
10190,נין,2,4.2397673215693925e-06
10191,תדכאו,2,4.2397673215693925e-06
10192,תגדילו,2,4.2397673215693925e-06
10193,מצוד,2,4.2397673215693925e-06
10194,יסלו,2,4.2397673215693925e-06
10195,נרדף,2,4.2397673215693925e-06
10196,גורו,2,4.2397673215693925e-06
10197,יקא,2,4.2397673215693925e-06
10198,חמוד,2,4.2397673215693925e-06
10199,השמו,2,4.2397673215693925e-06
10200,נבהלתי,2,4.2397673215693925e-06
10201,יצפן,2,4.2397673215693925e-06
10202,שליו,2,4.2397673215693925e-06
10203,תחמסו,2,4.2397673215693925e-06
10204,יובלו,2,4.2397673215693925e-06
10205,תנחמו,2,4.2397673215693925e-06
10206,קימ,2,4.2397673215693925e-06
10207,תועפות,2,4.2397673215693925e-06
10208,השפילו,2,4.2397673215693925e-06
10209,תכונת,2,4.2397673215693925e-06
10210,אערכה,2,4.2397673215693925e-06
10211,ישלים,2,4.2397673215693925e-06
10212,יחבלו,2,4.2397673215693925e-06
10213,חבקו,2,4.2397673215693925e-06
10214,יצמאו,2,4.2397673215693925e-06
10215,תשוע,2,4.2397673215693925e-06
10216,חיין,2,4.2397673215693925e-06
10217,יקפצו,2,4.2397673215693925e-06
10218,יעצת,2,4.2397673215693925e-06
10219,מתקוממ,2,4.2397673215693925e-06
10220,אכחד,2,4.2397673215693925e-06
10221,תהבלו,2,4.2397673215693925e-06
10222,ישער,2,4.2397673215693925e-06
10223,יזקו,2,4.2397673215693925e-06
10224,דלו,2,4.2397673215693925e-06
10225,נעלמה,2,4.2397673215693925e-06
10226,חזיז,2,4.2397673215693925e-06
10227,אכין,2,4.2397673215693925e-06
10228,תאשר,2,4.2397673215693925e-06
10229,משוע,2,4.2397673215693925e-06
10230,מתלעות,2,4.2397673215693925e-06
10231,אשכון,2,4.2397673215693925e-06
10232,אבלים,2,4.2397673215693925e-06
10233,רתמים,2,4.2397673215693925e-06
10234,חרול,2,4.2397673215693925e-06
10235,תמגג,2,4.2397673215693925e-06
10236,ארבתי,2,4.2397673215693925e-06
10237,אחרין,2,4.2397673215693925e-06
10238,תשרש,2,4.2397673215693925e-06
10239,אנח,2,4.2397673215693925e-06
10240,אובד,2,4.2397673215693925e-06
10241,אזרע,2,4.2397673215693925e-06
10242,יהל,2,4.2397673215693925e-06
10243,כחשתי,2,4.2397673215693925e-06
10244,יבכיו,2,4.2397673215693925e-06
10245,ברכאל,2,4.2397673215693925e-06
10246,ירשיעו,2,4.2397673215693925e-06
10247,העתיקו,2,4.2397673215693925e-06
10248,אכנה,2,4.2397673215693925e-06
10249,ברור,2,4.2397673215693925e-06
10250,ממתים,2,4.2397673215693925e-06
10251,חברה,2,4.2397673215693925e-06
10252,יבחן,2,4.2397673215693925e-06
10253,חשבת,2,4.2397673215693925e-06
10254,יגבהו,2,4.2397673215693925e-06
10255,נעימים,2,4.2397673215693925e-06
10256,חנפי,2,4.2397673215693925e-06
10257,מפגיע,2,4.2397673215693925e-06
10258,התבונן,2,4.2397673215693925e-06
10259,לבפ,2,4.2397673215693925e-06
10260,חתלת,2,4.2397673215693925e-06
10261,התהלכת,2,4.2397673215693925e-06
10262,רחבי,2,4.2397673215693925e-06
10263,הצמיח,2,4.2397673215693925e-06
10264,יתלכדו,2,4.2397673215693925e-06
10265,טחות,2,4.2397673215693925e-06
10266,רים,2,4.2397673215693925e-06
10267,נצה,2,4.2397673215693925e-06
10268,אשפה,2,4.2397673215693925e-06
10269,אפרחי,2,4.2397673215693925e-06
10270,צאלים,2,4.2397673215693925e-06
10271,יעשק,2,4.2397673215693925e-06
10272,מוקשים,2,4.2397673215693925e-06
10273,אגמון,2,4.2397673215693925e-06
10274,גבורות,2,4.2397673215693925e-06
10275,נפוח,2,4.2397673215693925e-06
10276,אגמן,2,4.2397673215693925e-06
10277,יבריח,2,4.2397673215693925e-06
10278,מרקחה,2,4.2397673215693925e-06
10279,הפוך,2,4.2397673215693925e-06
10280,שתול,2,4.2397673215693925e-06
10281,חרונ,2,4.2397673215693925e-06
10282,נסכתי,2,4.2397673215693925e-06
10283,נשקו,2,4.2397673215693925e-06
10284,חוסי,2,4.2397673215693925e-06
10285,הרחבת,2,4.2397673215693925e-06
10286,אשכבה,2,4.2397673215693925e-06
10287,אישן,2,4.2397673215693925e-06
10288,הגיג,2,4.2397673215693925e-06
10289,מעצותי,2,4.2397673215693925e-06
10290,תעטר,2,4.2397673215693925e-06
10291,נבהלה,2,4.2397673215693925e-06
10292,עששה,2,4.2397673215693925e-06
10293,יגמר,2,4.2397673215693925e-06
10294,דלקים,2,4.2397673215693925e-06
10295,צוררי,2,4.2397673215693925e-06
10296,מתנקם,2,4.2397673215693925e-06
10297,אשמחה,2,4.2397673215693925e-06
10298,עתות,2,4.2397673215693925e-06
10299,יעז,2,4.2397673215693925e-06
10300,חלכה,2,4.2397673215693925e-06
10301,משכ,2,4.2397673215693925e-06
10302,ירות,2,4.2397673215693925e-06
10303,זלעפות,2,4.2397673215693925e-06
10304,התעיבו,2,4.2397673215693925e-06
10305,עלילה,2,4.2397673215693925e-06
10306,נאלחו,2,4.2397673215693925e-06
10307,נמאס,2,4.2397673215693925e-06
10308,עצבות,2,4.2397673215693925e-06
10309,זמתי,2,4.2397673215693925e-06
10310,תמך,2,4.2397673215693925e-06
10311,הכריע,2,4.2397673215693925e-06
10312,תאיר,2,4.2397673215693925e-06
10313,זרועת,2,4.2397673215693925e-06
10314,מספרים,2,4.2397673215693925e-06
10315,חפת,2,4.2397673215693925e-06
10316,גברות,2,4.2397673215693925e-06
10317,נזכיר,2,4.2397673215693925e-06
10318,תקדמ,2,4.2397673215693925e-06
10319,נטו,2,4.2397673215693925e-06
10320,תהלות,2,4.2397673215693925e-06
10321,תשפת,2,4.2397673215693925e-06
10322,יחידת,2,4.2397673215693925e-06
10323,רויה,2,4.2397673215693925e-06
10324,נצרי,2,4.2397673215693925e-06
10325,צרותי,2,4.2397673215693925e-06
10326,ירוממ,2,4.2397673215693925e-06
10327,תחשה,2,4.2397673215693925e-06
10328,נמשלתי,2,4.2397673215693925e-06
10329,יעלז,2,4.2397673215693925e-06
10330,ראמים,2,4.2397673215693925e-06
10331,להבות,2,4.2397673215693925e-06
10332,תרפא,2,4.2397673215693925e-06
10333,הסתרת,2,4.2397673215693925e-06
10334,הפכת,2,4.2397673215693925e-06
10335,יזמר,2,4.2397673215693925e-06
10336,יסובב,2,4.2397673215693925e-06
10337,נשברי,2,4.2397673215693925e-06
10338,תגיל,2,4.2397673215693925e-06
10339,לעגי,2,4.2397673215693925e-06
10340,בלענו,2,4.2397673215693925e-06
10341,עדני,2,4.2397673215693925e-06
10342,גול,2,4.2397673215693925e-06
10343,יוטל,2,4.2397673215693925e-06
10344,צופה,2,4.2397673215693925e-06
10345,נעויתי,2,4.2397673215693925e-06
10346,א‍דנ,2,4.2397673215693925e-06
10347,ישטנו,2,4.2397673215693925e-06
10348,החשיתי,2,4.2397673215693925e-06
10349,תמס,2,4.2397673215693925e-06
10350,שערות,2,4.2397673215693925e-06
10351,יריע,2,4.2397673215693925e-06
10352,תערג,2,4.2397673215693925e-06
10353,נודה,2,4.2397673215693925e-06
10354,שכחנו,2,4.2397673215693925e-06
10355,דכית,2,4.2397673215693925e-06
10356,ששנים,2,4.2397673215693925e-06
10357,אהלות,2,4.2397673215693925e-06
10358,בגדתי,2,4.2397673215693925e-06
10359,המיר,2,4.2397673215693925e-06
10360,משכני,2,4.2397673215693925e-06
10361,מטו,2,4.2397673215693925e-06
10362,מפעלות,2,4.2397673215693925e-06
10363,משבית,2,4.2397673215693925e-06
10364,ארום,2,4.2397673215693925e-06
10365,מגדלי,2,4.2397673215693925e-06
10366,אטה,2,4.2397673215693925e-06
10367,יסוב,2,4.2397673215693925e-06
10368,נמשל,2,4.2397673215693925e-06
10369,אטרף,2,4.2397673215693925e-06
10370,אטהר,2,4.2397673215693925e-06
10371,אלמדה,2,4.2397673215693925e-06
10372,תחפץ,2,4.2397673215693925e-06
10373,תבזה,2,4.2397673215693925e-06
10374,יסח,2,4.2397673215693925e-06
10375,פזר,2,4.2397673215693925e-06
10376,סמכי,2,4.2397673215693925e-06
10377,תתעלם,2,4.2397673215693925e-06
10378,ימיטו,2,4.2397673215693925e-06
10379,ארחיק,2,4.2397673215693925e-06
10380,נהלך,2,4.2397673215693925e-06
10381,שאפ,2,4.2397673215693925e-06
10382,שאפו,2,4.2397673215693925e-06
10383,דחי,2,4.2397673215693925e-06
10384,אעירה,2,4.2397673215693925e-06
10385,תשגב,2,4.2397673215693925e-06
10386,ארבו,2,4.2397673215693925e-06
10387,יסובבו,2,4.2397673215693925e-06
10388,ידידי,2,4.2397673215693925e-06
10389,אעלזה,2,4.2397673215693925e-06
10390,אחלקה,2,4.2397673215693925e-06
10391,אמדד,2,4.2397673215693925e-06
10392,עטף,2,4.2397673215693925e-06
10393,ינוב,2,4.2397673215693925e-06
10394,אהגה,2,4.2397673215693925e-06
10395,שננו,2,4.2397673215693925e-06
10396,יכשילו,2,4.2397673215693925e-06
10397,דמיה,2,4.2397673215693925e-06
10398,אותתי,2,4.2397673215693925e-06
10399,מחים,2,4.2397673215693925e-06
10400,יפוצו,2,4.2397673215693925e-06
10401,ידדו,2,4.2397673215693925e-06
10402,תשכבו,2,4.2397673215693925e-06
10403,גבננים,2,4.2397673215693925e-06
10404,יובילו,2,4.2397673215693925e-06
10405,שלומים,2,4.2397673215693925e-06
10406,נועצו,2,4.2397673215693925e-06
10407,חיש,2,4.2397673215693925e-06
10408,עושק,2,4.2397673215693925e-06
10409,דורים,2,4.2397673215693925e-06
10410,יציצו,2,4.2397673215693925e-06
10411,חרצבות,2,4.2397673215693925e-06
10412,משכיות,2,4.2397673215693925e-06
10413,ימצו,2,4.2397673215693925e-06
10414,זכיתי,2,4.2397673215693925e-06
10415,רחקי,2,4.2397673215693925e-06
10416,תנינים,2,4.2397673215693925e-06
10417,יצרת,2,4.2397673215693925e-06
10418,הודינו,2,4.2397673215693925e-06
10419,מעונת,2,4.2397673215693925e-06
10420,נמו,2,4.2397673215693925e-06
10421,תוד,2,4.2397673215693925e-06
10422,נדרו,2,4.2397673215693925e-06
10423,נגרה,2,4.2397673215693925e-06
10424,תפוג,2,4.2397673215693925e-06
10425,יזנח,2,4.2397673215693925e-06
10426,הגיתי,2,4.2397673215693925e-06
10427,רעמ,2,4.2397673215693925e-06
10428,האירו,2,4.2397673215693925e-06
10429,שבילי,2,4.2397673215693925e-06
10430,אביעה,2,4.2397673215693925e-06
10431,נוזלים,2,4.2397673215693925e-06
10432,יפתו,2,4.2397673215693925e-06
10433,יכזבו,2,4.2397673215693925e-06
10434,נאמנו,2,4.2397673215693925e-06
10435,אתותי,2,4.2397673215693925e-06
10436,משלחת,2,4.2397673215693925e-06
10437,יכעיסו,2,4.2397673215693925e-06
10438,בתולתי,2,4.2397673215693925e-06
10439,תמותה,2,4.2397673215693925e-06
10440,דמעות,2,4.2397673215693925e-06
10441,גדרי,2,4.2397673215693925e-06
10442,נטעה,2,4.2397673215693925e-06
10443,זמרה,2,4.2397673215693925e-06
10444,תעברנה,2,4.2397673215693925e-06
10445,הרחב,2,4.2397673215693925e-06
10446,שרירות,2,4.2397673215693925e-06
10447,פלטו,2,4.2397673215693925e-06
10448,ימוטו,2,4.2397673215693925e-06
10449,סופת,2,4.2397673215693925e-06
10450,הרחקת,2,4.2397673215693925e-06
10451,ידמה,2,4.2397673215693925e-06
10452,כלינו,2,4.2397673215693925e-06
10453,יקוש,2,4.2397673215693925e-06
10454,דכי,2,4.2397673215693925e-06
10455,ירצחו,2,4.2397673215693925e-06
10456,בערים,2,4.2397673215693925e-06
10457,שכנה,2,4.2397673215693925e-06
10458,שרעפ,2,4.2397673215693925e-06
10459,יצמית,2,4.2397673215693925e-06
10460,ימחאו,2,4.2397673215693925e-06
10461,רוממו,2,4.2397673215693925e-06
10462,נחרו,2,4.2397673215693925e-06
10463,שקדתי,2,4.2397673215693925e-06
10464,מהולל,2,4.2397673215693925e-06
10465,שקו,2,4.2397673215693925e-06
10466,מסכתי,2,4.2397673215693925e-06
10467,תרחם,2,4.2397673215693925e-06
10468,תשכחי,2,4.2397673215693925e-06
10469,גמולי,2,4.2397673215693925e-06
10470,גואל,2,4.2397673215693925e-06
10471,משלה,2,4.2397673215693925e-06
10472,צבאי,2,4.2397673215693925e-06
10473,בקעות,2,4.2397673215693925e-06
10474,עליותי,2,4.2397673215693925e-06
10475,מצמיח,2,4.2397673215693925e-06
10476,שפנים,2,4.2397673215693925e-06
10477,שאגים,2,4.2397673215693925e-06
10478,יעשנו,2,4.2397673215693925e-06
10479,ישביע,2,4.2397673215693925e-06
10480,ימלל,2,4.2397673215693925e-06
10481,חכו,2,4.2397673215693925e-06
10482,המרו,2,4.2397673215693925e-06
10483,גאולי,2,4.2397673215693925e-06
10484,רעבה,2,4.2397673215693925e-06
10485,מצקותי,2,4.2397673215693925e-06
10486,שחיתות,2,4.2397673215693925e-06
10487,תרומם,2,4.2397673215693925e-06
10488,יחשו,2,4.2397673215693925e-06
10489,יזרעו,2,4.2397673215693925e-06
10490,יטעו,2,4.2397673215693925e-06
10491,יתבוננו,2,4.2397673215693925e-06
10492,מעטים,2,4.2397673215693925e-06
10493,מזח,2,4.2397673215693925e-06
10494,שטנ,2,4.2397673215693925e-06
10495,משחר,2,4.2397673215693925e-06
10496,סמוך,2,4.2397673215693925e-06
10497,חולי,2,4.2397673215693925e-06
10498,דלותי,2,4.2397673215693925e-06
10499,שבחו,2,4.2397673215693925e-06
10500,דעכו,2,4.2397673215693925e-06
10501,ברכנו,2,4.2397673215693925e-06
10502,תמימי,2,4.2397673215693925e-06
10503,ספרתי,2,4.2397673215693925e-06
10504,אשתעשע,2,4.2397673215693925e-06
10505,נדברו,2,4.2397673215693925e-06
10506,תביש,2,4.2397673215693925e-06
10507,תאבתי,2,4.2397673215693925e-06
10508,קיטור,2,4.2397673215693925e-06
10509,אקימ,2,4.2397673215693925e-06
10510,נעניתי,2,4.2397673215693925e-06
10511,תעיתי,2,4.2397673215693925e-06
10512,אושעה,2,4.2397673215693925e-06
10513,סמר,2,4.2397673215693925e-06
10514,תניח,2,4.2397673215693925e-06
10515,פלאות,2,4.2397673215693925e-06
10516,נצרת,2,4.2397673215693925e-06
10517,פתיים,2,4.2397673215693925e-06
10518,תשלט,2,4.2397673215693925e-06
10519,קדמתי,2,4.2397673215693925e-06
10520,אתקוטט,2,4.2397673215693925e-06
10521,תהלל,2,4.2397673215693925e-06
10522,אבקשה,2,4.2397673215693925e-06
10523,נמלטה,2,4.2397673215693925e-06
10524,יוקשים,2,4.2397673215693925e-06
10525,מטים,2,4.2397673215693925e-06
10526,משכימי,2,4.2397673215693925e-06
10527,מאחרי,2,4.2397673215693925e-06
10528,נעורים,2,4.2397673215693925e-06
10529,אויבים,2,4.2397673215693925e-06
10530,מענות,2,4.2397673215693925e-06
10531,תנומה,2,4.2397673215693925e-06
10532,אביוני,2,4.2397673215693925e-06
10533,רנן,2,4.2397673215693925e-06
10534,מדותי,2,4.2397673215693925e-06
10535,סגלת,2,4.2397673215693925e-06
10536,ערו,2,4.2397673215693925e-06
10537,הגדלת,2,4.2397673215693925e-06
10538,יקרו,2,4.2397673215693925e-06
10539,הקיצתי,2,4.2397673215693925e-06
10540,סכתה,2,4.2397673215693925e-06
10541,תפק,2,4.2397673215693925e-06
10542,התעטף,2,4.2397673215693925e-06
10543,יכתרו,2,4.2397673215693925e-06
10544,ישתומם,2,4.2397673215693925e-06
10545,כסתי,2,4.2397673215693925e-06
10546,אצבעות,2,4.2397673215693925e-06
10547,פצ,2,4.2397673215693925e-06
10548,זן,2,4.2397673215693925e-06
10549,צוחה,2,4.2397673215693925e-06
10550,כפופים,2,4.2397673215693925e-06
10551,הללי,2,4.2397673215693925e-06
10552,מונה,2,4.2397673215693925e-06
10553,שוקי,2,4.2397673215693925e-06
10554,רוצה,2,4.2397673215693925e-06
10555,משליך,2,4.2397673215693925e-06
10556,חסידים,2,4.2397673215693925e-06
10557,פיפיות,2,4.2397673215693925e-06
10558,צלצלי,2,4.2397673215693925e-06
10559,מליצה,2,4.2397673215693925e-06
10560,לוית,2,4.2397673215693925e-06
10561,גרגרתי,2,4.2397673215693925e-06
10562,נבלע,2,4.2397673215693925e-06
10563,נמלא,2,4.2397673215693925e-06
10564,תפיל,2,4.2397673215693925e-06
10565,חמדו,2,4.2397673215693925e-06
10566,אודיעה,2,4.2397673215693925e-06
10567,תמאנו,2,4.2397673215693925e-06
10568,ישחר,2,4.2397673215693925e-06
10569,תצפן,2,4.2397673215693925e-06
10570,מעגלות,2,4.2397673215693925e-06
10571,החליקה,2,4.2397673215693925e-06
10572,שכחה,2,4.2397673215693925e-06
10573,שקוי,2,4.2397673215693925e-06
10574,יקבי,2,4.2397673215693925e-06
10575,ישוו,2,4.2397673215693925e-06
10576,תרוץ,2,4.2397673215693925e-06
10577,שטה,2,4.2397673215693925e-06
10578,לחמו,2,4.2397673215693925e-06
10579,עקשות,2,4.2397673215693925e-06
10580,תטפנה,2,4.2397673215693925e-06
10581,ירדות,2,4.2397673215693925e-06
10582,תשגה,2,4.2397673215693925e-06
10583,נלכדת,2,4.2397673215693925e-06
10584,שטר,2,4.2397673215693925e-06
10585,שפכות,2,4.2397673215693925e-06
10586,תשיח,2,4.2397673215693925e-06
10587,המיה,2,4.2397673215693925e-06
10588,סררת,2,4.2397673215693925e-06
10589,מרבדים,2,4.2397673215693925e-06
10590,קנמון,2,4.2397673215693925e-06
10591,מותפ,2,4.2397673215693925e-06
10592,שעשעים,2,4.2397673215693925e-06
10593,משחקת,2,4.2397673215693925e-06
10594,יפק,2,4.2397673215693925e-06
10595,גפי,2,4.2397673215693925e-06
10596,מרמי,2,4.2397673215693925e-06
10597,תוכח,2,4.2397673215693925e-06
10598,תעשיר,2,4.2397673215693925e-06
10599,ירקב,2,4.2397673215693925e-06
10600,מתעה,2,4.2397673215693925e-06
10601,מגורת,2,4.2397673215693925e-06
10602,סלף,2,4.2397673215693925e-06
10603,ירוע,2,4.2397673215693925e-06
10604,יפרחו,2,4.2397673215693925e-06
10605,ארגיעה,2,4.2397673215693925e-06
10606,נתיבה,2,4.2397673215693925e-06
10607,יבאיש,2,4.2397673215693925e-06
10608,תסלף,2,4.2397673215693925e-06
10609,פורע,2,4.2397673215693925e-06
10610,חטר,2,4.2397673215693925e-06
10611,תבואות,2,4.2397673215693925e-06
10612,סוג,2,4.2397673215693925e-06
10613,יזרו,2,4.2397673215693925e-06
10614,חדק,2,4.2397673215693925e-06
10615,בוצע,2,4.2397673215693925e-06
10616,אכף,2,4.2397673215693925e-06
10617,מפריד,2,4.2397673215693925e-06
10618,הוליכ,2,4.2397673215693925e-06
10619,תמוש,2,4.2397673215693925e-06
10620,מצדיק,2,4.2397673215693925e-06
10621,יתגלע,2,4.2397673215693925e-06
10622,מהלמות,2,4.2397673215693925e-06
10623,מתלהמים,2,4.2397673215693925e-06
10624,ישבית,2,4.2397673215693925e-06
10625,דלף,2,4.2397673215693925e-06
10626,תתערב,2,4.2397673215693925e-06
10627,נדרים,2,4.2397673215693925e-06
10628,חברות,2,4.2397673215693925e-06
10629,יעשיר,2,4.2397673215693925e-06
10630,יהיר,2,4.2397673215693925e-06
10631,נענשו,2,4.2397673215693925e-06
10632,זורע,2,4.2397673215693925e-06
10633,העשיר,2,4.2397673215693925e-06
10634,תלחם,2,4.2397673215693925e-06
10635,תתאיו,2,4.2397673215693925e-06
10636,ממסך,2,4.2397673215693925e-06
10637,לקחים,2,4.2397673215693925e-06
10638,פתית,2,4.2397673215693925e-06
10639,הכלים,2,4.2397673215693925e-06
10640,מתהלל,2,4.2397673215693925e-06
10641,מפיץ,2,4.2397673215693925e-06
10642,רעפ,2,4.2397673215693925e-06
10643,קרים,2,4.2397673215693925e-06
10644,תסוב,2,4.2397673215693925e-06
10645,משיבי,2,4.2397673215693925e-06
10646,ריבפ,2,4.2397673215693925e-06
10647,יחנן,2,4.2397673215693925e-06
10648,תאמן,2,4.2397673215693925e-06
10649,נטל,2,4.2397673215693925e-06
10650,מסתרת,2,4.2397673215693925e-06
10651,נשיקות,2,4.2397673215693925e-06
10652,נוצר,2,4.2397673215693925e-06
10653,שחות,2,4.2397673215693925e-06
10654,שוקק,2,4.2397673215693925e-06
10655,מעשקות,2,4.2397673215693925e-06
10656,ידשן,2,4.2397673215693925e-06
10657,מעדנים,2,4.2397673215693925e-06
10658,תבעל,2,4.2397673215693925e-06
10659,התנשא,2,4.2397673215693925e-06
10660,זמות,2,4.2397673215693925e-06
10661,למואל,2,4.2397673215693925e-06
10662,פרשה,2,4.2397673215693925e-06
10663,הגדלתי,2,4.2397673215693925e-06
10664,שכלות,2,4.2397673215693925e-06
10665,תרתי,2,4.2397673215693925e-06
10666,חכמתי,2,4.2397673215693925e-06
10667,סבותי,2,4.2397673215693925e-06
10668,נטוע,2,4.2397673215693925e-06
10669,שמוח,2,4.2397673215693925e-06
10670,עשקים,2,4.2397673215693925e-06
10671,עשקי,2,4.2397673215693925e-06
10672,הזהר,2,4.2397673215693925e-06
10673,מהלכים,2,4.2397673215693925e-06
10674,תדור,2,4.2397673215693925e-06
10675,מאריך,2,4.2397673215693925e-06
10676,מצודים,2,4.2397673215693925e-06
10677,שלטון,2,4.2397673215693925e-06
10678,שלט,2,4.2397673215693925e-06
10679,מצוא,2,4.2397673215693925e-06
10680,נשמעים,2,4.2397673215693925e-06
10681,בוקע,2,4.2397673215693925e-06
10682,חורים,2,4.2397673215693925e-06
10683,יריקו,2,4.2397673215693925e-06
10684,שחרות,2,4.2397673215693925e-06
10685,ספדים,2,4.2397673215693925e-06
10686,נאוו,2,4.2397673215693925e-06
10687,חבצלת,2,4.2397673215693925e-06
10688,תפוחים,2,4.2397673215693925e-06
10689,חולת,2,4.2397673215693925e-06
10690,תעוררו,2,4.2397673215693925e-06
10691,כתל,2,4.2397673215693925e-06
10692,זמיר,2,4.2397673215693925e-06
10693,גפנים,2,4.2397673215693925e-06
10694,השמיעי,2,4.2397673215693925e-06
10695,יפוח,2,4.2397673215693925e-06
10696,צללים,2,4.2397673215693925e-06
10697,תימרות,2,4.2397673215693925e-06
10698,גלשו,2,4.2397673215693925e-06
10699,רחצה,2,4.2397673215693925e-06
10700,מתאימות,2,4.2397673215693925e-06
10701,עפרים,2,4.2397673215693925e-06
10702,לבנוןס,2,4.2397673215693925e-06
10703,נעול,2,4.2397673215693925e-06
10704,מגדים,2,4.2397673215693925e-06
10705,ספירים,2,4.2397673215693925e-06
10706,הנצו,2,4.2397673215693925e-06
10707,שולמית,2,4.2397673215693925e-06
10708,תחזו,2,4.2397673215693925e-06
10709,ערמת,2,4.2397673215693925e-06
10710,אשכלות,2,4.2397673215693925e-06
10711,עוררתי,2,4.2397673215693925e-06
10712,חבלת,2,4.2397673215693925e-06
10713,כבות,2,4.2397673215693925e-06
10714,שלוםפ,2,4.2397673215693925e-06
10715,נטרים,2,4.2397673215693925e-06
10716,נזרו,2,4.2397673215693925e-06
10717,תוסיפו,2,4.2397673215693925e-06
10718,מלונה,2,4.2397673215693925e-06
10719,חמוץ,2,4.2397673215693925e-06
10720,גנה,2,4.2397673215693925e-06
10721,עננים,2,4.2397673215693925e-06
10722,ישפל,2,4.2397673215693925e-06
10723,כשלה,2,4.2397673215693925e-06
10724,משלו,2,4.2397673215693925e-06
10725,בערתם,2,4.2397673215693925e-06
10726,גרון,2,4.2397673215693925e-06
10727,שירות,2,4.2397673215693925e-06
10728,מחלצות,2,4.2397673215693925e-06
10729,מק,2,4.2397673215693925e-06
10730,חגורה,2,4.2397673215693925e-06
10731,שירת,2,4.2397673215693925e-06
10732,באשים,2,4.2397673215693925e-06
10733,משכי,2,4.2397673215693925e-06
10734,יחיש,2,4.2397673215693925e-06
10735,מצדיקי,2,4.2397673215693925e-06
10736,חשש,2,4.2397673215693925e-06
10737,גלגלי,2,4.2397673215693925e-06
10738,ינהם,2,4.2397673215693925e-06
10739,הגבה,2,4.2397673215693925e-06
10740,עמנו,2,4.2397673215693925e-06
10741,מאוס,2,4.2397673215693925e-06
10742,נקיקי,2,4.2397673215693925e-06
10743,אשורס,2,4.2397673215693925e-06
10744,התאזרו,2,4.2397673215693925e-06
10745,נוקשו,2,4.2397673215693925e-06
10746,משרה,2,4.2397673215693925e-06
10747,כפה,2,4.2397673215693925e-06
10748,יתמי,2,4.2397673215693925e-06
10749,נטויהס,2,4.2397673215693925e-06
10750,חקקים,2,4.2397673215693925e-06
10751,תנוסו,2,4.2397673215693925e-06
10752,עזבות,2,4.2397673215693925e-06
10753,פצה,2,4.2397673215693925e-06
10754,מרימי,2,4.2397673215693925e-06
10755,יקוד,2,4.2397673215693925e-06
10756,הקשיבי,2,4.2397673215693925e-06
10757,העיזו,2,4.2397673215693925e-06
10758,ישפלו,2,4.2397673215693925e-06
10759,ירבץ,2,4.2397673215693925e-06
10760,צפעוני,2,4.2397673215693925e-06
10761,כבודפ,2,4.2397673215693925e-06
10762,הזכירו,2,4.2397673215693925e-06
10763,עליזי,2,4.2397673215693925e-06
10764,תשגלנה,2,4.2397673215693925e-06
10765,תשכבנה,2,4.2397673215693925e-06
10766,קפד,2,4.2397673215693925e-06
10767,מעופף,2,4.2397673215693925e-06
10768,זעקי,2,4.2397673215693925e-06
10769,חוצתי,2,4.2397673215693925e-06
10770,גגותי,2,4.2397673215693925e-06
10771,יהץ,2,4.2397673215693925e-06
10772,שלשיה,2,4.2397673215693925e-06
10773,לוחית,2,4.2397673215693925e-06
10774,חורנים,2,4.2397673215693925e-06
10775,משמות,2,4.2397673215693925e-06
10776,דימון,2,4.2397673215693925e-06
10777,אשישי,2,4.2397673215693925e-06
10778,נטשו,2,4.2397673215693925e-06
10779,קיצ,2,4.2397673215693925e-06
10780,ישעה,2,4.2397673215693925e-06
10781,תטעי,2,4.2397673215693925e-06
10782,המות,2,4.2397673215693925e-06
10783,ממשך,2,4.2397673215693925e-06
10784,מורט,2,4.2397673215693925e-06
10785,בזאו,2,4.2397673215693925e-06
10786,דיגים,2,4.2397673215693925e-06
10787,שריקות,2,4.2397673215693925e-06
10788,נואלו,2,4.2397673215693925e-06
10789,מניף,2,4.2397673215693925e-06
10790,התיו,2,4.2397673215693925e-06
10791,צנוף,2,4.2397673215693925e-06
10792,נגדעה,2,4.2397673215693925e-06
10793,בושי,2,4.2397673215693925e-06
10794,הרגיז,2,4.2397673215693925e-06
10795,בוקק,2,4.2397673215693925e-06
10796,חנפה,2,4.2397673215693925e-06
10797,צהלו,2,4.2397673215693925e-06
10798,קוםס,2,4.2397673215693925e-06
10799,השח,2,4.2397673215693925e-06
10800,בטוח,2,4.2397673215693925e-06
10801,נכחות,2,4.2397673215693925e-06
10802,נכבדת,2,4.2397673215693925e-06
10803,הקיצו,2,4.2397673215693925e-06
10804,יחבט,2,4.2397673215693925e-06
10805,שכרי,2,4.2397673215693925e-06
10806,תפארה,2,4.2397673215693925e-06
10807,פקו,2,4.2397673215693925e-06
10808,שיט,2,4.2397673215693925e-06
10809,שמנו,2,4.2397673215693925e-06
10810,מוסרי,2,4.2397673215693925e-06
10811,תאניה,2,4.2397673215693925e-06
10812,חניתי,2,4.2397673215693925e-06
10813,מלמדה,2,4.2397673215693925e-06
10814,חרפהס,2,4.2397673215693925e-06
10815,נרכב,2,4.2397673215693925e-06
10816,מורי,2,4.2397673215693925e-06
10817,טמאתם,2,4.2397673215693925e-06
10818,יבלי,2,4.2397673215693925e-06
10819,ישענו,2,4.2397673215693925e-06
10820,טרפ,2,4.2397673215693925e-06
10821,נדיבות,2,4.2397673215693925e-06
10822,שמענה,2,4.2397673215693925e-06
10823,תחרב,2,4.2397673215693925e-06
10824,קמוש,2,4.2397673215693925e-06
10825,שרב,2,4.2397673215693925e-06
10826,מבועי,2,4.2397673215693925e-06
10827,גאולים,2,4.2397673215693925e-06
10828,השיבתי,2,4.2397673215693925e-06
10829,תשלימ,2,4.2397673215693925e-06
10830,עגור,2,4.2397673215693925e-06
10831,מבשרת,2,4.2397673215693925e-06
10832,הרימי,2,4.2397673215693925e-06
10833,אשוה,2,4.2397673215693925e-06
10834,ייעף,2,4.2397673215693925e-06
10835,יחליפו,2,4.2397673215693925e-06
10836,נחרים,2,4.2397673215693925e-06
10837,תדהר,2,4.2397673215693925e-06
10838,תאשור,2,4.2397673215693925e-06
10839,תיטיבו,2,4.2397673215693925e-06
10840,נרא,2,4.2397673215693925e-06
10841,חדשות,2,4.2397673215693925e-06
10842,אחריב,2,4.2397673215693925e-06
10843,הולכתי,2,4.2397673215693925e-06
10844,נסגו,2,4.2397673215693925e-06
10845,יגדיל,2,4.2397673215693925e-06
10846,יקשב,2,4.2397673215693925e-06
10847,יצדקו,2,4.2397673215693925e-06
10848,קדמניות,2,4.2397673215693925e-06
10849,העבדתי,2,4.2397673215693925e-06
10850,אצק,2,4.2397673215693925e-06
10851,יפחדו,2,4.2397673215693925e-06
10852,מעצד,2,4.2397673215693925e-06
10853,יתאר,2,4.2397673215693925e-06
10854,מקצעות,2,4.2397673215693925e-06
10855,חמותי,2,4.2397673215693925e-06
10856,תבנינה,2,4.2397673215693925e-06
10857,נהרתי,2,4.2397673215693925e-06
10858,אישר,2,4.2397673215693925e-06
10859,סבאים,2,4.2397673215693925e-06
10860,אסבל,2,4.2397673215693925e-06
10861,ישקלו,2,4.2397673215693925e-06
10862,יסבל,2,4.2397673215693925e-06
10863,פושעים,2,4.2397673215693925e-06
10864,קרבתי,2,4.2397673215693925e-06
10865,אלמן,2,4.2397673215693925e-06
10866,תוכלי,2,4.2397673215693925e-06
10867,בגוד,2,4.2397673215693925e-06
10868,צרפתי,2,4.2397673215693925e-06
10869,רשעיםס,2,4.2397673215693925e-06
10870,מרחמ,2,4.2397673215693925e-06
10871,ירמו,2,4.2397673215693925e-06
10872,יפצחו,2,4.2397673215693925e-06
10873,תלבשי,2,4.2397673215693925e-06
10874,שממתי,2,4.2397673215693925e-06
10875,נשארתי,2,4.2397673215693925e-06
10876,נמכרתם,2,4.2397673215693925e-06
10877,קצרה,2,4.2397673215693925e-06
10878,למודים,2,4.2397673215693925e-06
10879,זיקות,2,4.2397673215693925e-06
10880,מציק,2,4.2397673215693925e-06
10881,התעוררי,2,4.2397673215693925e-06
10882,קבעת,2,4.2397673215693925e-06
10883,חשבנ,2,4.2397673215693925e-06
10884,בעולה,2,4.2397673215693925e-06
10885,ימושו,2,4.2397673215693925e-06
10886,כדכד,2,4.2397673215693925e-06
10887,יכרתס,2,4.2397673215693925e-06
10888,אתיו,2,4.2397673215693925e-06
10889,אבלי,2,4.2397673215693925e-06
10890,ניב,2,4.2397673215693925e-06
10891,תצומו,2,4.2397673215693925e-06
10892,ארכת,2,4.2397673215693925e-06
10893,תסיר,2,4.2397673215693925e-06
10894,נגאלו,2,4.2397673215693925e-06
10895,ביצי,2,4.2397673215693925e-06
10896,קורי,2,4.2397673215693925e-06
10897,יתכסו,2,4.2397673215693925e-06
10898,נגששה,2,4.2397673215693925e-06
10899,נכחה,2,4.2397673215693925e-06
10900,גמלות,2,4.2397673215693925e-06
10901,מעני,2,4.2397673215693925e-06
10902,מעטה,2,4.2397673215693925e-06
10903,אחשה,2,4.2397673215693925e-06
10904,פורה,2,4.2397673215693925e-06
10905,דרכתי,2,4.2397673215693925e-06
10906,מחכה,2,4.2397673215693925e-06
10907,קצפת,2,4.2397673215693925e-06
10908,נמצאתי,2,4.2397673215693925e-06
10909,נסתרו,2,4.2397673215693925e-06
10910,שישו,2,4.2397673215693925e-06
10911,תבנו,2,4.2397673215693925e-06
10912,שוחט,2,4.2397673215693925e-06
10913,דראון,2,4.2397673215693925e-06
10914,יועלו,2,4.2397673215693925e-06
10915,ישאגו,2,4.2397673215693925e-06
10916,שחור,2,4.2397673215693925e-06
10917,משבותי,2,4.2397673215693925e-06
10918,מוסרתי,2,4.2397673215693925e-06
10919,מנעי,2,4.2397673215693925e-06
10920,פשעתם,2,4.2397673215693925e-06
10921,תיטבי,2,4.2397673215693925e-06
10922,זנית,2,4.2397673215693925e-06
10923,רבבים,2,4.2397673215693925e-06
10924,הכלם,2,4.2397673215693925e-06
10925,בגודה,2,4.2397673215693925e-06
10926,תזן,2,4.2397673215693925e-06
10927,פשעת,2,4.2397673215693925e-06
10928,בעלתי,2,4.2397673215693925e-06
10929,משובתי,2,4.2397673215693925e-06
10930,נירו,2,4.2397673215693925e-06
10931,שדדנו,2,4.2397673215693925e-06
10932,נצרים,2,4.2397673215693925e-06
10933,מרתה,2,4.2397673215693925e-06
10934,אוחילה,2,4.2397673215693925e-06
10935,מוסרות,2,4.2397673215693925e-06
10936,ינאפו,2,4.2397673215693925e-06
10937,שערורה,2,4.2397673215693925e-06
10938,נשחיתה,2,4.2397673215693925e-06
10939,החזיקת,2,4.2397673215693925e-06
10940,התפלשי,2,4.2397673215693925e-06
10941,תעשקו,2,4.2397673215693925e-06
10942,עמדתם,2,4.2397673215693925e-06
10943,כונים,2,4.2397673215693925e-06
10944,מעצות,2,4.2397673215693925e-06
10945,בעתה,2,4.2397673215693925e-06
10946,הכעסו,2,4.2397673215693925e-06
10947,בחנתי,2,4.2397673215693925e-06
10948,יושבס,2,4.2397673215693925e-06
10949,מאכיל,2,4.2397673215693925e-06
10950,השקיתי,2,4.2397673215693925e-06
10951,בשנו,2,4.2397673215693925e-06
10952,יבערו,2,4.2397673215693925e-06
10953,אופז,2,4.2397673215693925e-06
10954,תחות,2,4.2397673215693925e-06
10955,נבער,2,4.2397673215693925e-06
10956,תעתעים,2,4.2397673215693925e-06
10957,בעלס,2,4.2397673215693925e-06
10958,מזמת,2,4.2397673215693925e-06
10959,תעלזי,2,4.2397673215693925e-06
10960,טמנתי,2,4.2397673215693925e-06
10961,נשחת,2,4.2397673215693925e-06
10962,הדבקתי,2,4.2397673215693925e-06
10963,הגלת,2,4.2397673215693925e-06
10964,חשפתי,2,4.2397673215693925e-06
10965,תטהרי,2,4.2397673215693925e-06
10966,צוחת,2,4.2397673215693925e-06
10967,אדרי,2,4.2397673215693925e-06
10968,צעורי,2,4.2397673215693925e-06
10969,הכלמו,2,4.2397673215693925e-06
10970,נשו,2,4.2397673215693925e-06
10971,תוקדס,2,4.2397673215693925e-06
10972,אנושה,2,4.2397673215693925e-06
10973,ממותי,2,4.2397673215693925e-06
10974,מרזח,2,4.2397673215693925e-06
10975,הטלתי,2,4.2397673215693925e-06
10976,דוגים,2,4.2397673215693925e-06
10977,מודיע,2,4.2397673215693925e-06
10978,שברון,2,4.2397673215693925e-06
10979,מחשבה,2,4.2397673215693925e-06
10980,ינתשו,2,4.2397673215693925e-06
10981,נושבו,2,4.2397673215693925e-06
10982,חלונ,2,4.2397673215693925e-06
10983,ששר,2,4.2397673215693925e-06
10984,הד,2,4.2397673215693925e-06
10985,צעקי,2,4.2397673215693925e-06
10986,סערת,2,4.2397673215693925e-06
10987,יחול,2,4.2397673215693925e-06
10988,תתבוננו,2,4.2397673215693925e-06
10989,הפכתם,2,4.2397673215693925e-06
10990,תשכחס,2,4.2397673215693925e-06
10991,תאני,2,4.2397673215693925e-06
10992,אהרס,2,4.2397673215693925e-06
10993,אדיח,2,4.2397673215693925e-06
10994,הטיתם,2,4.2397673215693925e-06
10995,ששך,2,4.2397673215693925e-06
10996,תנקו,2,4.2397673215693925e-06
10997,תלדנה,2,4.2397673215693925e-06
10998,אנתק,2,4.2397673215693925e-06
10999,הרגיע,2,4.2397673215693925e-06
11000,תפי,2,4.2397673215693925e-06
11001,כול,2,4.2397673215693925e-06
11002,יחקרו,2,4.2397673215693925e-06
11003,מחסיה,2,4.2397673215693925e-06
11004,יקנו,2,4.2397673215693925e-06
11005,סללות,2,4.2397673215693925e-06
11006,שפחותס,2,4.2397673215693925e-06
11007,בתרי,2,4.2397673215693925e-06
11008,סרסים,2,4.2397673215693925e-06
11009,ישבפ,2,4.2397673215693925e-06
11010,הבאות,2,4.2397673215693925e-06
11011,יאזניה,2,4.2397673215693925e-06
11012,מכיהו,2,4.2397673215693925e-06
11013,שמעוס,2,4.2397673215693925e-06
11014,המהס,2,4.2397673215693925e-06
11015,כליא,2,4.2397673215693925e-06
11016,יראייה,2,4.2397673215693925e-06
11017,בלוי,2,4.2397673215693925e-06
11018,תשעית,2,4.2397673215693925e-06
11019,מג,2,4.2397673215693925e-06
11020,אזקים,2,4.2397673215693925e-06
11021,נדחו,2,4.2397673215693925e-06
11022,קטרתם,2,4.2397673215693925e-06
11023,אכסה,2,4.2397673215693925e-06
11024,מחרידס,2,4.2397673215693925e-06
11025,תשקטי,2,4.2397673215693925e-06
11026,רחקות,2,4.2397673215693925e-06
11027,מצרה,2,4.2397673215693925e-06
11028,בצרים,2,4.2397673215693925e-06
11029,תגביה,2,4.2397673215693925e-06
11030,אריצ,2,4.2397673215693925e-06
11031,יסחבו,2,4.2397673215693925e-06
11032,זרתי,2,4.2397673215693925e-06
11033,רחות,2,4.2397673215693925e-06
11034,שללי,2,4.2397673215693925e-06
11035,מגל,2,4.2397673215693925e-06
11036,שבבתי,2,4.2397673215693925e-06
11037,פקוד,2,4.2397673215693925e-06
11038,פלטים,2,4.2397673215693925e-06
11039,פחותי,2,4.2397673215693925e-06
11040,הציג,2,4.2397673215693925e-06
11041,החרבתי,2,4.2397673215693925e-06
11042,השכרתי,2,4.2397673215693925e-06
11043,רבתי,2,4.2397673215693925e-06
11044,זכרה,2,4.2397673215693925e-06
11045,אויבס,2,4.2397673215693925e-06
11046,הוגה,2,4.2397673215693925e-06
11047,סביבס,2,4.2397673215693925e-06
11048,כלילת,2,4.2397673215693925e-06
11049,חוצותס,2,4.2397673215693925e-06
11050,תזכור,2,4.2397673215693925e-06
11051,מדברס,2,4.2397673215693925e-06
11052,הפוכה,2,4.2397673215693925e-06
11053,יסודתי,2,4.2397673215693925e-06
11054,גויםס,2,4.2397673215693925e-06
11055,תשכרי,2,4.2397673215693925e-06
11056,פרדות,2,4.2397673215693925e-06
11057,שולח,2,4.2397673215693925e-06
11058,המהפ,2,4.2397673215693925e-06
11059,כבדי,2,4.2397673215693925e-06
11060,שממון,2,4.2397673215693925e-06
11061,המנ,2,4.2397673215693925e-06
11062,אגרע,2,4.2397673215693925e-06
11063,מושבותי,2,4.2397673215693925e-06
11064,תחרבנה,2,4.2397673215693925e-06
11065,נגדעו,2,4.2397673215693925e-06
11066,הותרתי,2,4.2397673215693925e-06
11067,זהר,2,4.2397673215693925e-06
11068,מפנה,2,4.2397673215693925e-06
11069,פלטיהו,2,4.2397673215693925e-06
11070,אשפוט,2,4.2397673215693925e-06
11071,מורשהס,2,4.2397673215693925e-06
11072,הפיצותי,2,4.2397673215693925e-06
11073,מקסם,2,4.2397673215693925e-06
11074,תפלנה,2,4.2397673215693925e-06
11075,מצדדות,2,4.2397673215693925e-06
11076,זרועתי,2,4.2397673215693925e-06
11077,מתבוססת,2,4.2397673215693925e-06
11078,תהיי,2,4.2397673215693925e-06
11079,אחבש,2,4.2397673215693925e-06
11080,אכס,2,4.2397673215693925e-06
11081,רקמת,2,4.2397673215693925e-06
11082,נאפות,2,4.2397673215693925e-06
11083,תשבן,2,4.2397673215693925e-06
11084,פתחון,2,4.2397673215693925e-06
11085,נוצה,2,4.2397673215693925e-06
11086,טרפי,2,4.2397673215693925e-06
11087,ינקותי,2,4.2397673215693925e-06
11088,הונה,2,4.2397673215693925e-06
11089,יתכנו,2,4.2397673215693925e-06
11090,החריב,2,4.2397673215693925e-06
11091,נטמאים,2,4.2397673215693925e-06
11092,שפוכה,2,4.2397673215693925e-06
11093,נקטתם,2,4.2397673215693925e-06
11094,הטף,2,4.2397673215693925e-06
11095,מרטה,2,4.2397673215693925e-06
11096,הזכר,2,4.2397673215693925e-06
11097,הונו,2,4.2397673215693925e-06
11098,נפחתי,2,4.2397673215693925e-06
11099,חמסו,2,4.2397673215693925e-06
11100,מכלול,2,4.2397673215693925e-06
11101,תמלאי,2,4.2397673215693925e-06
11102,נאפו,2,4.2397673215693925e-06
11103,חבוש,2,4.2397673215693925e-06
11104,מרבץ,2,4.2397673215693925e-06
11105,מחא,2,4.2397673215693925e-06
11106,משטח,2,4.2397673215693925e-06
11107,שללו,2,4.2397673215693925e-06
11108,שירי,2,4.2397673215693925e-06
11109,תבקשי,2,4.2397673215693925e-06
11110,כללו,2,4.2397673215693925e-06
11111,אלונים,2,4.2397673215693925e-06
11112,מחזיקי,2,4.2397673215693925e-06
11113,מלחי,2,4.2397673215693925e-06
11114,חטי,2,4.2397673215693925e-06
11115,קוננו,2,4.2397673215693925e-06
11116,הריקו,2,4.2397673215693925e-06
11117,יפעת,2,4.2397673215693925e-06
11118,תכנית,2,4.2397673215693925e-06
11119,נקבי,2,4.2397673215693925e-06
11120,סכך,2,4.2397673215693925e-06
11121,שאטים,2,4.2397673215693925e-06
11122,קשקשתי,2,4.2397673215693925e-06
11123,סונה,2,4.2397673215693925e-06
11124,סעפתי,2,4.2397673215693925e-06
11125,נהרותי,2,4.2397673215693925e-06
11126,הרעשתי,2,4.2397673215693925e-06
11127,תקוננה,2,4.2397673215693925e-06
11128,נהה,2,4.2397673215693925e-06
11129,הכתה,2,4.2397673215693925e-06
11130,תכשלי,2,4.2397673215693925e-06
11131,חללתם,2,4.2397673215693925e-06
11132,טמאותי,2,4.2397673215693925e-06
11133,נהרסות,2,4.2397673215693925e-06
11134,יבשות,2,4.2397673215693925e-06
11135,גדים,2,4.2397673215693925e-06
11136,העלתי,2,4.2397673215693925e-06
11137,אמטיר,2,4.2397673215693925e-06
11138,טהרו,2,4.2397673215693925e-06
11139,מריאי,2,4.2397673215693925e-06
11140,מעלותי,2,4.2397673215693925e-06
11141,תאים,2,4.2397673215693925e-06
11142,אלמות,2,4.2397673215693925e-06
11143,אחוזים,2,4.2397673215693925e-06
11144,אתיקים,2,4.2397673215693925e-06
11145,אתיק,2,4.2397673215693925e-06
11146,אראיל,2,4.2397673215693925e-06
11147,מקצע,2,4.2397673215693925e-06
11148,חתלן,2,4.2397673215693925e-06
11149,יתגאל,2,4.2397673215693925e-06
11150,מלצר,2,4.2397673215693925e-06
11151,אשפים,2,4.2397673215693925e-06
11152,אזדא,2,4.2397673215693925e-06
11153,הדמין,2,4.2397673215693925e-06
11154,נולי,2,4.2397673215693925e-06
11155,מתנן,2,4.2397673215693925e-06
11156,יחונ,2,4.2397673215693925e-06
11157,בעו,2,4.2397673215693925e-06
11158,נפק,2,4.2397673215693925e-06
11159,חכימין,2,4.2397673215693925e-06
11160,משבח,2,4.2397673215693925e-06
11161,הנעל,2,4.2397673215693925e-06
11162,אית,2,4.2397673215693925e-06
11163,כהל,2,4.2397673215693925e-06
11164,אשפין,2,4.2397673215693925e-06
11165,חרטמין,2,4.2397673215693925e-06
11166,גזרין,2,4.2397673215693925e-06
11167,רזין,2,4.2397673215693925e-06
11168,קאם,2,4.2397673215693925e-06
11169,רו,2,4.2397673215693925e-06
11170,חדו,2,4.2397673215693925e-06
11171,הדקת,2,4.2397673215693925e-06
11172,חסנ,2,4.2397673215693925e-06
11173,השלט,2,4.2397673215693925e-06
11174,רביעיה,2,4.2397673215693925e-06
11175,רביעאה,2,4.2397673215693925e-06
11176,תקיפה,2,4.2397673215693925e-06
11177,חזיתה,2,4.2397673215693925e-06
11178,טינ,2,4.2397673215693925e-06
11179,תתחבל,2,4.2397673215693925e-06
11180,מהימן,2,4.2397673215693925e-06
11181,אנפו,2,4.2397673215693925e-06
11182,אדרגזרי,2,4.2397673215693925e-06
11183,גדברי,2,4.2397673215693925e-06
11184,דתברי,2,4.2397673215693925e-06
11185,תפתי,2,4.2397673215693925e-06
11186,מתכנשין,2,4.2397673215693925e-06
11187,תשמעון,2,4.2397673215693925e-06
11188,סומפניה,2,4.2397673215693925e-06
11189,תפלון,2,4.2397673215693925e-06
11190,שמעין,2,4.2397673215693925e-06
11191,סגדין,2,4.2397673215693925e-06
11192,כשדאין,2,4.2397673215693925e-06
11193,היתיה,2,4.2397673215693925e-06
11194,ישיזבנ,2,4.2397673215693925e-06
11195,חמא,2,4.2397673215693925e-06
11196,אתונ,2,4.2397673215693925e-06
11197,סרבלי,2,4.2397673215693925e-06
11198,רמיו,2,4.2397673215693925e-06
11199,מהלכין,2,4.2397673215693925e-06
11200,רביע,2,4.2397673215693925e-06
11201,אה,2,4.2397673215693925e-06
11202,הדברי,2,4.2397673215693925e-06
11203,חזין,2,4.2397673215693925e-06
11204,יהודענ,2,4.2397673215693925e-06
11205,עללין,2,4.2397673215693925e-06
11206,ימטא,2,4.2397673215693925e-06
11207,קדיש,2,4.2397673215693925e-06
11208,גדו,2,4.2397673215693925e-06
11209,דתא,2,4.2397673215693925e-06
11210,רעינ,2,4.2397673215693925e-06
11211,תקפת,2,4.2397673215693925e-06
11212,חבלו,2,4.2397673215693925e-06
11213,טרדין,2,4.2397673215693925e-06
11214,יטעמון,2,4.2397673215693925e-06
11215,קימה,2,4.2397673215693925e-06
11216,טריד,2,4.2397673215693925e-06
11217,שבחת,2,4.2397673215693925e-06
11218,דארי,2,4.2397673215693925e-06
11219,דירי,2,4.2397673215693925e-06
11220,רברבנ,2,4.2397673215693925e-06
11221,אשתיו,2,4.2397673215693925e-06
11222,כהלין,2,4.2397673215693925e-06
11223,עללת,2,4.2397673215693925e-06
11224,נהירו,2,4.2397673215693925e-06
11225,מפשר,2,4.2397673215693925e-06
11226,משרא,2,4.2397673215693925e-06
11227,קטרין,2,4.2397673215693925e-06
11228,זאעין,2,4.2397673215693925e-06
11229,זיעין,2,4.2397673215693925e-06
11230,דחלין,2,4.2397673215693925e-06
11231,העדיו,2,4.2397673215693925e-06
11232,יהקים,2,4.2397673215693925e-06
11233,השכחה,2,4.2397673215693925e-06
11234,יבעה,2,4.2397673215693925e-06
11235,תלתין,2,4.2397673215693925e-06
11236,תעדא,2,4.2397673215693925e-06
11237,רשמת,2,4.2397673215693925e-06
11238,תדיר,2,4.2397673215693925e-06
11239,עזקת,2,4.2397673215693925e-06
11240,פרסי,2,4.2397673215693925e-06
11241,קדמית,2,4.2397673215693925e-06
11242,גפין,2,4.2397673215693925e-06
11243,באתר,2,4.2397673215693925e-06
11244,דחילה,2,4.2397673215693925e-06
11245,מדקה,2,4.2397673215693925e-06
11246,רפסה,2,4.2397673215693925e-06
11247,סלקת,2,4.2397673215693925e-06
11248,עינין,2,4.2397673215693925e-06
11249,ממלל,2,4.2397673215693925e-06
11250,יקומון,2,4.2397673215693925e-06
11251,רברבת,2,4.2397673215693925e-06
11252,יתמרמר,2,4.2397673215693925e-06
11253,גבריאל,2,4.2397673215693925e-06
11254,מרדנו,2,4.2397673215693925e-06
11255,יתגרה,2,4.2397673215693925e-06
11256,נכשלו,2,4.2397673215693925e-06
11257,נכשל,2,4.2397673215693925e-06
11258,שקוץ,2,4.2397673215693925e-06
11259,מעזים,2,4.2397673215693925e-06
11260,משכלים,2,4.2397673215693925e-06
11261,פשת,2,4.2397673215693925e-06
11262,כשלת,2,4.2397673215693925e-06
11263,כלותי,2,4.2397673215693925e-06
11264,תנאפנה,2,4.2397673215693925e-06
11265,אפקוד,2,4.2397673215693925e-06
11266,נטמא,2,4.2397673215693925e-06
11267,משטמה,2,4.2397673215693925e-06
11268,דוש,2,4.2397673215693925e-06
11269,יחרוש,2,4.2397673215693925e-06
11270,פארור,2,4.2397673215693925e-06
11271,המונים,2,4.2397673215693925e-06
11272,יטפו,2,4.2397673215693925e-06
11273,נקיא,2,4.2397673215693925e-06
11274,תומך,2,4.2397673215693925e-06
11275,השיבותי,2,4.2397673215693925e-06
11276,שאפים,2,4.2397673215693925e-06
11277,נזרים,2,4.2397673215693925e-06
11278,תשאיר,2,4.2397673215693925e-06
11279,ישפכ,2,4.2397673215693925e-06
11280,נשכ,2,4.2397673215693925e-06
11281,תגישו,2,4.2397673215693925e-06
11282,לקש,2,4.2397673215693925e-06
11283,אחפש,2,4.2397673215693925e-06
11284,הטיל,2,4.2397673215693925e-06
11285,נאבד,2,4.2397673215693925e-06
11286,כשפים,2,4.2397673215693925e-06
11287,פדיתי,2,4.2397673215693925e-06
11288,בזו,2,4.2397673215693925e-06
11289,חבקוק,2,4.2397673215693925e-06
11290,זאבי,2,4.2397673215693925e-06
11291,מטי,2,4.2397673215693925e-06
11292,משתכר,2,4.2397673215693925e-06
11293,עפה,2,4.2397673215693925e-06
11294,יוצאות,2,4.2397673215693925e-06
11295,אמצים,2,4.2397673215693925e-06
11296,זממתי,2,4.2397673215693925e-06
11297,גברתי,2,4.2397673215693925e-06
11298,נשארות,2,4.2397673215693925e-06
11299,מגאל,2,4.2397673215693925e-06
11300,ארותי,2,4.2397673215693925e-06
11301,קבעים,2,4.2397673215693925e-06
11302,מרחפת,1,2.1198836607846962e-06
11303,מבדיל,1,2.1198836607846962e-06
11304,שניפ,1,2.1198836607846962e-06
11305,תדשא,1,2.1198836607846962e-06
11306,שלישיפ,1,2.1198836607846962e-06
11307,רביעיפ,1,2.1198836607846962e-06
11308,חמישיפ,1,2.1198836607846962e-06
11309,ששיפ,1,2.1198836607846962e-06
11310,ייצר,1,2.1198836607846962e-06
11311,פישון,1,2.1198836607846962e-06
11312,יתבששו,1,2.1198836607846962e-06
11313,נפקחו,1,2.1198836607846962e-06
11314,עירמם,1,2.1198836607846962e-06
11315,יתפרו,1,2.1198836607846962e-06
11316,גחנ,1,2.1198836607846962e-06
11317,תשופ,1,2.1198836607846962e-06
11318,עצבונ,1,2.1198836607846962e-06
11319,הרנ,1,2.1198836607846962e-06
11320,תלדי,1,2.1198836607846962e-06
11321,זעת,1,2.1198836607846962e-06
11322,מתהפכת,1,2.1198836607846962e-06
11323,מחויאל,1,2.1198836607846962e-06
11324,מחייאל,1,2.1198836607846962e-06
11325,לטש,1,2.1198836607846962e-06
11326,שמען,1,2.1198836607846962e-06
11327,הוחל,1,2.1198836607846962e-06
11328,ארר,1,2.1198836607846962e-06
11329,יתעצב,1,2.1198836607846962e-06
11330,נשחתה,1,2.1198836607846962e-06
11331,גפר,1,2.1198836607846962e-06
11332,צהר,1,2.1198836607846962e-06
11333,איננ,1,2.1198836607846962e-06
11334,ישכו,1,2.1198836607846962e-06
11335,יסכרו,1,2.1198836607846962e-06
11336,חסור,1,2.1198836607846962e-06
11337,היצא,1,2.1198836607846962e-06
11338,נפצה,1,2.1198836607846962e-06
11339,יתגל,1,2.1198836607846962e-06
11340,תירס,1,2.1198836607846962e-06
11341,ריפת,1,2.1198836607846962e-06
11342,תגרמה,1,2.1198836607846962e-06
11343,סבתה,1,2.1198836607846962e-06
11344,אכד,1,2.1198836607846962e-06
11345,לשע,1,2.1198836607846962e-06
11346,עובל,1,2.1198836607846962e-06
11347,אופר,1,2.1198836607846962e-06
11348,מבולפ,1,2.1198836607846962e-06
11349,נלבנה,1,2.1198836607846962e-06
11350,נשרפה,1,2.1198836607846962e-06
11351,יזמו,1,2.1198836607846962e-06
11352,בלל,1,2.1198836607846962e-06
11353,יסכה,1,2.1198836607846962e-06
11354,ולד,1,2.1198836607846962e-06
11355,חרןס,1,2.1198836607846962e-06
11356,אגדלה,1,2.1198836607846962e-06
11357,אאר,1,2.1198836607846962e-06
11358,נסוע,1,2.1198836607846962e-06
11359,אימנה,1,2.1198836607846962e-06
11360,אשמאילה,1,2.1198836607846962e-06
11361,ברע,1,2.1198836607846962e-06
11362,ברשע,1,2.1198836607846962e-06
11363,שנאב,1,2.1198836607846962e-06
11364,שמאבר,1,2.1198836607846962e-06
11365,צבויים,1,2.1198836607846962e-06
11366,זוזים,1,2.1198836607846962e-06
11367,חצצן,1,2.1198836607846962e-06
11368,חניכי,1,2.1198836607846962e-06
11369,חובה,1,2.1198836607846962e-06
11370,כדר,1,2.1198836607846962e-06
11371,לעמר,1,2.1198836607846962e-06
11372,העשרתי,1,2.1198836607846962e-06
11373,האמן,1,2.1198836607846962e-06
11374,אירש,1,2.1198836607846962e-06
11375,יבתר,1,2.1198836607846962e-06
11376,אקל,1,2.1198836607846962e-06
11377,תברח,1,2.1198836607846962e-06
11378,התעני,1,2.1198836607846962e-06
11379,אברםס,1,2.1198836607846962e-06
11380,הפרתי,1,2.1198836607846962e-06
11381,נמלתם,1,2.1198836607846962e-06
11382,הפרס,1,2.1198836607846962e-06
11383,נמול,1,2.1198836607846962e-06
11384,נמלו,1,2.1198836607846962e-06
11385,השענו,1,2.1198836607846962e-06
11386,סעדו,1,2.1198836607846962e-06
11387,לושי,1,2.1198836607846962e-06
11388,תצחק,1,2.1198836607846962e-06
11389,צחקה,1,2.1198836607846962e-06
11390,תכחש,1,2.1198836607846962e-06
11391,צחקתי,1,2.1198836607846962e-06
11392,צחקת,1,2.1198836607846962e-06
11393,ישקפו,1,2.1198836607846962e-06
11394,ארדה,1,2.1198836607846962e-06
11395,נרע,1,2.1198836607846962e-06
11396,יאיצו,1,2.1198836607846962e-06
11397,תהרין,1,2.1198836607846962e-06
11398,חטו,1,2.1198836607846962e-06
11399,נכחת,1,2.1198836607846962e-06
11400,היניקה,1,2.1198836607846962e-06
11401,הגמל,1,2.1198836607846962e-06
11402,שיחם,1,2.1198836607846962e-06
11403,מטחוי,1,2.1198836607846962e-06
11404,תשקר,1,2.1198836607846962e-06
11405,גרתה,1,2.1198836607846962e-06
11406,חפרתי,1,2.1198836607846962e-06
11407,יעקד,1,2.1198836607846962e-06
11408,נאחז,1,2.1198836607846962e-06
11409,שבעפ,1,2.1198836607846962e-06
11410,כשד,1,2.1198836607846962e-06
11411,פלדש,1,2.1198836607846962e-06
11412,ראומה,1,2.1198836607846962e-06
11413,גחם,1,2.1198836607846962e-06
11414,בכת,1,2.1198836607846962e-06
11415,פגעו,1,2.1198836607846962e-06
11416,חתס,1,2.1198836607846962e-06
11417,נקית,1,2.1198836607846962e-06
11418,שאבת,1,2.1198836607846962e-06
11419,הכחת,1,2.1198836607846962e-06
11420,הגמיאי,1,2.1198836607846962e-06
11421,השקת,1,2.1198836607846962e-06
11422,שקת,1,2.1198836607846962e-06
11423,משתאה,1,2.1198836607846962e-06
11424,יושם,1,2.1198836607846962e-06
11425,עבדם,1,2.1198836607846962e-06
11426,הכיח,1,2.1198836607846962e-06
11427,השקתה,1,2.1198836607846962e-06
11428,אקד,1,2.1198836607846962e-06
11429,אפנה,1,2.1198836607846962e-06
11430,מגדנת,1,2.1198836607846962e-06
11431,תאחרו,1,2.1198836607846962e-06
11432,נשאלה,1,2.1198836607846962e-06
11433,מנקת,1,2.1198836607846962e-06
11434,היי,1,2.1198836607846962e-06
11435,תרכבנה,1,2.1198836607846962e-06
11436,תתכס,1,2.1198836607846962e-06
11437,אשורם,1,2.1198836607846962e-06
11438,לטושים,1,2.1198836607846962e-06
11439,ראיס,1,2.1198836607846962e-06
11440,נפלפ,1,2.1198836607846962e-06
11441,יתרצצו,1,2.1198836607846962e-06
11442,תומם,1,2.1198836607846962e-06
11443,הלעיט,1,2.1198836607846962e-06
11444,ארכו,1,2.1198836607846962e-06
11445,סתמו,1,2.1198836607846962e-06
11446,התעשקו,1,2.1198836607846962e-06
11447,פרינו,1,2.1198836607846962e-06
11448,נגענו,1,2.1198836607846962e-06
11449,רבקהס,1,2.1198836607846962e-06
11450,תכהין,1,2.1198836607846962e-06
11451,תלי,1,2.1198836607846962e-06
11452,מתעתע,1,2.1198836607846962e-06
11453,הלבישה,1,2.1198836607846962e-06
11454,הגש,1,2.1198836607846962e-06
11455,אצלת,1,2.1198836607846962e-06
11456,סמכתי,1,2.1198836607846962e-06
11457,תריד,1,2.1198836607846962e-06
11458,פרקת,1,2.1198836607846962e-06
11459,ישטם,1,2.1198836607846962e-06
11460,אהרגה,1,2.1198836607846962e-06
11461,מתנחם,1,2.1198836607846962e-06
11462,קצתי,1,2.1198836607846962e-06
11463,סלם,1,2.1198836607846962e-06
11464,רבצים,1,2.1198836607846962e-06
11465,השקינו,1,2.1198836607846962e-06
11466,ילוה,1,2.1198836607846962e-06
11467,נפתולי,1,2.1198836607846962e-06
11468,נפתלתי,1,2.1198836607846962e-06
11469,שכרתי,1,2.1198836607846962e-06
11470,יזבל,1,2.1198836607846962e-06
11471,נחשתי,1,2.1198836607846962e-06
11472,גנוב,1,2.1198836607846962e-06
11473,טלאת,1,2.1198836607846962e-06
11474,ערמון,1,2.1198836607846962e-06
11475,יפצל,1,2.1198836607846962e-06
11476,פצלות,1,2.1198836607846962e-06
11477,לבנות,1,2.1198836607846962e-06
11478,מחשף,1,2.1198836607846962e-06
11479,פצל,1,2.1198836607846962e-06
11480,שקתות,1,2.1198836607846962e-06
11481,תבאן,1,2.1198836607846962e-06
11482,יחמנה,1,2.1198836607846962e-06
11483,תלדן,1,2.1198836607846962e-06
11484,מקשרות,1,2.1198836607846962e-06
11485,יחמ,1,2.1198836607846962e-06
11486,העטיף,1,2.1198836607846962e-06
11487,עטפים,1,2.1198836607846962e-06
11488,החלף,1,2.1198836607846962e-06
11489,תנהג,1,2.1198836607846962e-06
11490,שביות,1,2.1198836607846962e-06
11491,הסכלת,1,2.1198836607846962e-06
11492,נכספתה,1,2.1198836607846962e-06
11493,תשמ,1,2.1198836607846962e-06
11494,מששת,1,2.1198836607846962e-06
11495,יוכיחו,1,2.1198836607846962e-06
11496,רחלי,1,2.1198836607846962e-06
11497,שכלו,1,2.1198836607846962e-06
11498,אחט,1,2.1198836607846962e-06
11499,תדד,1,2.1198836607846962e-06
11500,תחלף,1,2.1198836607846962e-06
11501,ירימ,1,2.1198836607846962e-06
11502,שהדותא,1,2.1198836607846962e-06
11503,מחניםפ,1,2.1198836607846962e-06
11504,איטיבה,1,2.1198836607846962e-06
11505,קטנתי,1,2.1198836607846962e-06
11506,חסדים,1,2.1198836607846962e-06
11507,איטיב,1,2.1198836607846962e-06
11508,מיניקות,1,2.1198836607846962e-06
11509,יאבק,1,2.1198836607846962e-06
11510,האבק,1,2.1198836607846962e-06
11511,תגשן,1,2.1198836607846962e-06
11512,פגשתי,1,2.1198836607846962e-06
11513,תרצ,1,2.1198836607846962e-06
11514,נסעה,1,2.1198836607846962e-06
11515,רכים,1,2.1198836607846962e-06
11516,דפקו,1,2.1198836607846962e-06
11517,אתנהלה,1,2.1198836607846962e-06
11518,אציגה,1,2.1198836607846962e-06
11519,סכותס,1,2.1198836607846962e-06
11520,יתעצבו,1,2.1198836607846962e-06
11521,חשקה,1,2.1198836607846962e-06
11522,התחתנו,1,2.1198836607846962e-06
11523,ייטבו,1,2.1198836607846962e-06
11524,יסחרו,1,2.1198836607846962e-06
11525,נאותה,1,2.1198836607846962e-06
11526,כאבים,1,2.1198836607846962e-06
11527,נשמדתי,1,2.1198836607846962e-06
11528,החליפו,1,2.1198836607846962e-06
11529,נזמים,1,2.1198836607846962e-06
11530,יטמן,1,2.1198836607846962e-06
11531,בכותפ,1,2.1198836607846962e-06
11532,תקש,1,2.1198836607846962e-06
11533,הקשת,1,2.1198836607846962e-06
11534,אוני,1,2.1198836607846962e-06
11535,אדוםס,1,2.1198836607846962e-06
11536,דשון,1,2.1198836607846962e-06
11537,הימם,1,2.1198836607846962e-06
11538,חמדן,1,2.1198836607846962e-06
11539,כרן,1,2.1198836607846962e-06
11540,עקן,1,2.1198836607846962e-06
11541,שעירפ,1,2.1198836607846962e-06
11542,פעו,1,2.1198836607846962e-06
11543,מקמת,1,2.1198836607846962e-06
11544,מאלמים,1,2.1198836607846962e-06
11545,תסבינה,1,2.1198836607846962e-06
11546,חלמת,1,2.1198836607846962e-06
11547,דתינ,1,2.1198836607846962e-06
11548,יתנכלו,1,2.1198836607846962e-06
11549,נשלכ,1,2.1198836607846962e-06
11550,הולכים,1,2.1198836607846962e-06
11551,כסינו,1,2.1198836607846962e-06
11552,יטבלו,1,2.1198836607846962e-06
11553,התנחם,1,2.1198836607846962e-06
11554,טבחיםפ,1,2.1198836607846962e-06
11555,כזיב,1,2.1198836607846962e-06
11556,יבם,1,2.1198836607846962e-06
11557,תתעלף,1,2.1198836607846962e-06
11558,צעיפ,1,2.1198836607846962e-06
11559,חתמת,1,2.1198836607846962e-06
11560,פתילים,1,2.1198836607846962e-06
11561,תאומים,1,2.1198836607846962e-06
11562,זרחס,1,2.1198836607846962e-06
11563,יקנ,1,2.1198836607846962e-06
11564,אסירם,1,2.1198836607846962e-06
11565,מצליחס,1,2.1198836607846962e-06
11566,אופים,1,2.1198836607846962e-06
11567,פתרנים,1,2.1198836607846962e-06
11568,שריגם,1,2.1198836607846962e-06
11569,נצ,1,2.1198836607846962e-06
11570,הבשילו,1,2.1198836607846962e-06
11571,אשכלתי,1,2.1198836607846962e-06
11572,אשחט,1,2.1198836607846962e-06
11573,שרגים,1,2.1198836607846962e-06
11574,הזכרת,1,2.1198836607846962e-06
11575,סלים,1,2.1198836607846962e-06
11576,שדופת,1,2.1198836607846962e-06
11577,תבלענה,1,2.1198836607846962e-06
11578,פותר,1,2.1198836607846962e-06
11579,נחלמ,1,2.1198836607846962e-06
11580,יפתר,1,2.1198836607846962e-06
11581,יריצ,1,2.1198836607846962e-06
11582,איקץ,1,2.1198836607846962e-06
11583,צנמות,1,2.1198836607846962e-06
11584,תבלען,1,2.1198836607846962e-06
11585,השנות,1,2.1198836607846962e-06
11586,רבד,1,2.1198836607846962e-06
11587,פענח,1,2.1198836607846962e-06
11588,קמצים,1,2.1198836607846962e-06
11589,תחלינה,1,2.1198836607846962e-06
11590,תתראו,1,2.1198836607846962e-06
11591,תבחנו,1,2.1198836607846962e-06
11592,האסרו,1,2.1198836607846962e-06
11593,יאמנו,1,2.1198836607846962e-06
11594,התחננ,1,2.1198836607846962e-06
11595,נדרש,1,2.1198836607846962e-06
11596,תסחרו,1,2.1198836607846962e-06
11597,שקי,1,2.1198836607846962e-06
11598,שכלתם,1,2.1198836607846962e-06
11599,אערב,1,2.1198836607846962e-06
11600,התמהמהנו,1,2.1198836607846962e-06
11601,הובאו,1,2.1198836607846962e-06
11602,התגלל,1,2.1198836607846962e-06
11603,התנפל,1,2.1198836607846962e-06
11604,הורדנו,1,2.1198836607846962e-06
11605,מטמון,1,2.1198836607846962e-06
11606,צערת,1,2.1198836607846962e-06
11607,השגת,1,2.1198836607846962e-06
11608,שלמתם,1,2.1198836607846962e-06
11609,השיבנו,1,2.1198836607846962e-06
11610,נגנב,1,2.1198836607846962e-06
11611,נצטדק,1,2.1198836607846962e-06
11612,התאפק,1,2.1198836607846962e-06
11613,התודע,1,2.1198836607846962e-06
11614,הגדתם,1,2.1198836607846962e-06
11615,מהרתם,1,2.1198836607846962e-06
11616,טענו,1,2.1198836607846962e-06
11617,תרגזו,1,2.1198836607846962e-06
11618,יפג,1,2.1198836607846962e-06
11619,יוב,1,2.1198836607846962e-06
11620,צפיון,1,2.1198836607846962e-06
11621,אצבן,1,2.1198836607846962e-06
11622,מפים,1,2.1198836607846962e-06
11623,שבעיםפ,1,2.1198836607846962e-06
11624,אמותה,1,2.1198836607846962e-06
11625,מטהפ,1,2.1198836607846962e-06
11626,פללתי,1,2.1198836607846962e-06
11627,ידגו,1,2.1198836607846962e-06
11628,פחז,1,2.1198836607846962e-06
11629,תותר,1,2.1198836607846962e-06
11630,עקרו,1,2.1198836607846962e-06
11631,שילה,1,2.1198836607846962e-06
11632,חכלילי,1,2.1198836607846962e-06
11633,חלבפ,1,2.1198836607846962e-06
11634,צידןס,1,2.1198836607846962e-06
11635,עבדס,1,2.1198836607846962e-06
11636,שפיפן,1,2.1198836607846962e-06
11637,מעדני,1,2.1198836607846962e-06
11638,אילה,1,2.1198836607846962e-06
11639,שפרס,1,2.1198836607846962e-06
11640,ימרר,1,2.1198836607846962e-06
11641,יפזו,1,2.1198836607846962e-06
11642,חנט,1,2.1198836607846962e-06
11643,חנטים,1,2.1198836607846962e-06
11644,בכית,1,2.1198836607846962e-06
11645,כריתי,1,2.1198836607846962e-06
11646,גמלנו,1,2.1198836607846962e-06
11647,חשבתם,1,2.1198836607846962e-06
11648,העלתם,1,2.1198836607846962e-06
11649,נתחכמה,1,2.1198836607846962e-06
11650,מסים,1,2.1198836607846962e-06
11651,פתם,1,2.1198836607846962e-06
11652,ימררו,1,2.1198836607846962e-06
11653,פועה,1,2.1198836607846962e-06
11654,עבריות,1,2.1198836607846962e-06
11655,ראיתן,1,2.1198836607846962e-06
11656,המתן,1,2.1198836607846962e-06
11657,תיראן,1,2.1198836607846962e-06
11658,הצפינ,1,2.1198836607846962e-06
11659,תחמר,1,2.1198836607846962e-06
11660,תתצב,1,2.1198836607846962e-06
11661,היליכי,1,2.1198836607846962e-06
11662,הינק,1,2.1198836607846962e-06
11663,תניק,1,2.1198836607846962e-06
11664,משית,1,2.1198836607846962e-06
11665,יטמנ,1,2.1198836607846962e-06
11666,תדלנה,1,2.1198836607846962e-06
11667,מהרתן,1,2.1198836607846962e-06
11668,עזבתן,1,2.1198836607846962e-06
11669,נכריהפ,1,2.1198836607846962e-06
11670,יאנחו,1,2.1198836607846962e-06
11671,עבריים,1,2.1198836607846962e-06
11672,נקרה,1,2.1198836607846962e-06
11673,גרת,1,2.1198836607846962e-06
11674,נצלתם,1,2.1198836607846962e-06
11675,ישום,1,2.1198836607846962e-06
11676,אתתפ,1,2.1198836607846962e-06
11677,ירף,1,2.1198836607846962e-06
11678,מולתפ,1,2.1198836607846962e-06
11679,יחגו,1,2.1198836607846962e-06
11680,תפריעו,1,2.1198836607846962e-06
11681,סבלתי,1,2.1198836607846962e-06
11682,תאספו,1,2.1198836607846962e-06
11683,קששו,1,2.1198836607846962e-06
11684,קשש,1,2.1198836607846962e-06
11685,אצים,1,2.1198836607846962e-06
11686,הבאשתם,1,2.1198836607846962e-06
11687,הרעתה,1,2.1198836607846962e-06
11688,גרו,1,2.1198836607846962e-06
11689,מעבדים,1,2.1198836607846962e-06
11690,סבלות,1,2.1198836607846962e-06
11691,קשהפ,1,2.1198836607846962e-06
11692,שפתיםפ,1,2.1198836607846962e-06
11693,אלישבע,1,2.1198836607846962e-06
11694,אביאסף,1,2.1198836607846962e-06
11695,פוטיאל,1,2.1198836607846962e-06
11696,אקשה,1,2.1198836607846962e-06
11697,להטי,1,2.1198836607846962e-06
11698,יארס,1,2.1198836607846962e-06
11699,יארפ,1,2.1198836607846962e-06
11700,תנורי,1,2.1198836607846962e-06
11701,משארותי,1,2.1198836607846962e-06
11702,אעתיר,1,2.1198836607846962e-06
11703,רוחה,1,2.1198836607846962e-06
11704,משליח,1,2.1198836607846962e-06
11705,הפליתי,1,2.1198836607846962e-06
11706,פדת,1,2.1198836607846962e-06
11707,זבחנו,1,2.1198836607846962e-06
11708,זבחתם,1,2.1198836607846962e-06
11709,העתרתי,1,2.1198836607846962e-06
11710,הויה,1,2.1198836607846962e-06
11711,חרטמם,1,2.1198836607846962e-06
11712,מסתולל,1,2.1198836607846962e-06
11713,שדהפ,1,2.1198836607846962e-06
11714,נכתה,1,2.1198836607846962e-06
11715,גבעל,1,2.1198836607846962e-06
11716,אפילת,1,2.1198836607846962e-06
11717,התעללתי,1,2.1198836607846962e-06
11718,חצת,1,2.1198836607846962e-06
11719,יחרץ,1,2.1198836607846962e-06
11720,יפלה,1,2.1198836607846962e-06
11721,אףס,1,2.1198836607846962e-06
11722,תכסו,1,2.1198836607846962e-06
11723,פסחתי,1,2.1198836607846962e-06
11724,תשביתו,1,2.1198836607846962e-06
11725,מצותפ,1,2.1198836607846962e-06
11726,טבלתם,1,2.1198836607846962e-06
11727,הגעתם,1,2.1198836607846962e-06
11728,ברכתם,1,2.1198836607846962e-06
11729,יחמץ,1,2.1198836607846962e-06
11730,מלתה,1,2.1198836607846962e-06
11731,אפדה,1,2.1198836607846962e-06
11732,תחנו,1,2.1198836607846962e-06
11733,נבכים,1,2.1198836607846962e-06
11734,תסיפו,1,2.1198836607846962e-06
11735,תצעק,1,2.1198836607846962e-06
11736,אנוסה,1,2.1198836607846962e-06
11737,איתנ,1,2.1198836607846962e-06
11738,ארממ,1,2.1198836607846962e-06
11739,יכסי,1,2.1198836607846962e-06
11740,נאדרי,1,2.1198836607846962e-06
11741,תרעץ,1,2.1198836607846962e-06
11742,נערמו,1,2.1198836607846962e-06
11743,קפאו,1,2.1198836607846962e-06
11744,נשפת,1,2.1198836607846962e-06
11745,נאדר,1,2.1198836607846962e-06
11746,נטית,1,2.1198836607846962e-06
11747,נהלת,1,2.1198836607846962e-06
11748,יםפ,1,2.1198836607846962e-06
11749,תצאן,1,2.1198836607846962e-06
11750,האזנת,1,2.1198836607846962e-06
11751,רעבס,1,2.1198836607846962e-06
11752,ענןפ,1,2.1198836607846962e-06
11753,מחספס,1,2.1198836607846962e-06
11754,העדיף,1,2.1198836607846962e-06
11755,החסיר,1,2.1198836607846962e-06
11756,תולעים,1,2.1198836607846962e-06
11757,תאפו,1,2.1198836607846962e-06
11758,תבשלו,1,2.1198836607846962e-06
11759,מצאוס,1,2.1198836607846962e-06
11760,מאנתם,1,2.1198836607846962e-06
11761,צפיחת,1,2.1198836607846962e-06
11762,צנצנת,1,2.1198836607846962e-06
11763,איןפ,1,2.1198836607846962e-06
11764,כבדים,1,2.1198836607846962e-06
11765,דרפ,1,2.1198836607846962e-06
11766,שלוחי,1,2.1198836607846962e-06
11767,זדו,1,2.1198836607846962e-06
11768,הזהרתה,1,2.1198836607846962e-06
11769,תחזה,1,2.1198836607846962e-06
11770,ישפוטו,1,2.1198836607846962e-06
11771,הגבלת,1,2.1198836607846962e-06
11772,יירה,1,2.1198836607846962e-06
11773,העדתה,1,2.1198836607846962e-06
11774,הגבל,1,2.1198836607846962e-06
11775,שואפ,1,2.1198836607846962e-06
11776,קולת,1,2.1198836607846962e-06
11777,רצע,1,2.1198836607846962e-06
11778,הפד,1,2.1198836607846962e-06
11779,ייעד,1,2.1198836607846962e-06
11780,כסףס,1,2.1198836607846962e-06
11781,ינקם,1,2.1198836607846962e-06
11782,פללים,1,2.1198836607846962e-06
11783,חבורהס,1,2.1198836607846962e-06
11784,הועד,1,2.1198836607846962e-06
11785,פדין,1,2.1198836607846962e-06
11786,יסקלס,1,2.1198836607846962e-06
11787,חצו,1,2.1198836607846962e-06
11788,גנבה,1,2.1198836607846962e-06
11789,מבער,1,2.1198836607846962e-06
11790,בערהס,1,2.1198836607846962e-06
11791,ישלםפ,1,2.1198836607846962e-06
11792,בתולתס,1,2.1198836607846962e-06
11793,מכשפה,1,2.1198836607846962e-06
11794,תחיהס,1,2.1198836607846962e-06
11795,תונה,1,2.1198836607846962e-06
11796,תלחצ,1,2.1198836607846962e-06
11797,יתמיםפ,1,2.1198836607846962e-06
11798,אניס,1,2.1198836607846962e-06
11799,תשלכו,1,2.1198836607846962e-06
11800,חמסס,1,2.1198836607846962e-06
11801,חדלת,1,2.1198836607846962e-06
11802,פקחים,1,2.1198836607846962e-06
11803,אביני,1,2.1198836607846962e-06
11804,הכנתי,1,2.1198836607846962e-06
11805,איבתי,1,2.1198836607846962e-06
11806,הכחדתי,1,2.1198836607846962e-06
11807,מצבתי,1,2.1198836607846962e-06
11808,משכלה,1,2.1198836607846962e-06
11809,גרשה,1,2.1198836607846962e-06
11810,תפרה,1,2.1198836607846962e-06
11811,יחטיאו,1,2.1198836607846962e-06
11812,מוקשפ,1,2.1198836607846962e-06
11813,אגנת,1,2.1198836607846962e-06
11814,ישתוס,1,2.1198836607846962e-06
11815,לילהפ,1,2.1198836607846962e-06
11816,ידב,1,2.1198836607846962e-06
11817,מאר,1,2.1198836607846962e-06
11818,תצפ,1,2.1198836607846962e-06
11819,נועדתי,1,2.1198836607846962e-06
11820,קשותי,1,2.1198836607846962e-06
11821,כפלת,1,2.1198836607846962e-06
11822,עדפת,1,2.1198836607846962e-06
11823,תסרח,1,2.1198836607846962e-06
11824,סרוח,1,2.1198836607846962e-06
11825,תאמים,1,2.1198836607846962e-06
11826,תצפה,1,2.1198836607846962e-06
11827,מצפים,1,2.1198836607846962e-06
11828,הבדילה,1,2.1198836607846962e-06
11829,יעי,1,2.1198836607846962e-06
11830,מזרקתי,1,2.1198836607846962e-06
11831,מזלגתי,1,2.1198836607846962e-06
11832,יעשוס,1,2.1198836607846962e-06
11833,תשבץ,1,2.1198836607846962e-06
11834,ששפ,1,2.1198836607846962e-06
11835,זכרןס,1,2.1198836607846962e-06
11836,מגבלת,1,2.1198836607846962e-06
11837,משבצתס,1,2.1198836607846962e-06
11838,משבצים,1,2.1198836607846962e-06
11839,שרשת,1,2.1198836607846962e-06
11840,תמידס,1,2.1198836607846962e-06
11841,רמני,1,2.1198836607846962e-06
11842,שבצת,1,2.1198836607846962e-06
11843,אבנטים,1,2.1198836607846962e-06
11844,ירכים,1,2.1198836607846962e-06
11845,חבשת,1,2.1198836607846962e-06
11846,תשפך,1,2.1198836607846962e-06
11847,תנתח,1,2.1198836607846962e-06
11848,הזית,1,2.1198836607846962e-06
11849,הונף,1,2.1198836607846962e-06
11850,מקם,1,2.1198836607846962e-06
11851,יקדשס,1,2.1198836607846962e-06
11852,נעדתי,1,2.1198836607846962e-06
11853,תסכו,1,2.1198836607846962e-06
11854,קנמן,1,2.1198836607846962e-06
11855,ייסך,1,2.1198836607846962e-06
11856,ירקח,1,2.1198836607846962e-06
11857,נטף,1,2.1198836607846962e-06
11858,שחלת,1,2.1198836607846962e-06
11859,חלבנה,1,2.1198836607846962e-06
11860,ממלח,1,2.1198836607846962e-06
11861,שחקת,1,2.1198836607846962e-06
11862,יעשופ,1,2.1198836607846962e-06
11863,ינפשס,1,2.1198836607846962e-06
11864,פרקו,1,2.1198836607846962e-06
11865,יתפרקו,1,2.1198836607846962e-06
11866,צחקפ,1,2.1198836607846962e-06
11867,חלושה,1,2.1198836607846962e-06
11868,יטחן,1,2.1198836607846962e-06
11869,שמצה,1,2.1198836607846962e-06
11870,אמח,1,2.1198836607846962e-06
11871,אהרןס,1,2.1198836607846962e-06
11872,יתנצלו,1,2.1198836607846962e-06
11873,חורב,1,2.1198836607846962e-06
11874,נפלינו,1,2.1198836607846962e-06
11875,אחן,1,2.1198836607846962e-06
11876,נקרת,1,2.1198836607846962e-06
11877,שכתי,1,2.1198836607846962e-06
11878,יפסל,1,2.1198836607846962e-06
11879,הרחבתי,1,2.1198836607846962e-06
11880,יחמד,1,2.1198836607846962e-06
11881,תבערו,1,2.1198836607846962e-06
11882,מטוה,1,2.1198836607846962e-06
11883,נשאם,1,2.1198836607846962e-06
11884,הותרס,1,2.1198836607846962e-06
11885,ירעת,1,2.1198836607846962e-06
11886,תואמם,1,2.1198836607846962e-06
11887,כרביםפ,1,2.1198836607846962e-06
11888,טהורפ,1,2.1198836607846962e-06
11889,רקחפ,1,2.1198836607846962e-06
11890,ששס,1,2.1198836607846962e-06
11891,ווים,1,2.1198836607846962e-06
11892,פתילם,1,2.1198836607846962e-06
11893,מפתחת,1,2.1198836607846962e-06
11894,רמוני,1,2.1198836607846962e-06
11895,פעמנים,1,2.1198836607846962e-06
11896,ערכת,1,2.1198836607846962e-06
11897,מלאכהפ,1,2.1198836607846962e-06
11898,נמצה,1,2.1198836607846962e-06
11899,מאפה,1,2.1198836607846962e-06
11900,תמלח,1,2.1198836607846962e-06
11901,תשבית,1,2.1198836607846962e-06
11902,תאכלופ,1,2.1198836607846962e-06
11903,ישרףפ,1,2.1198836607846962e-06
11904,אשמו,1,2.1198836607846962e-06
11905,בטא,1,2.1198836607846962e-06
11906,כשבה,1,2.1198836607846962e-06
11907,תגיע,1,2.1198836607846962e-06
11908,ימצה,1,2.1198836607846962e-06
11909,מנחהס,1,2.1198836607846962e-06
11910,תשומת,1,2.1198836607846962e-06
11911,חמשתי,1,2.1198836607846962e-06
11912,מוקדה,1,2.1198836607846962e-06
11913,יקדשפ,1,2.1198836607846962e-06
11914,תפיני,1,2.1198836607846962e-06
11915,תקטר,1,2.1198836607846962e-06
11916,מחטא,1,2.1198836607846962e-06
11917,תשרףפ,1,2.1198836607846962e-06
11918,תביאינה,1,2.1198836607846962e-06
11919,קרבני,1,2.1198836607846962e-06
11920,יאפד,1,2.1198836607846962e-06
11921,מלאי,1,2.1198836607846962e-06
11922,המציאו,1,2.1198836607846962e-06
11923,תפרמו,1,2.1198836607846962e-06
11924,נותרם,1,2.1198836607846962e-06
11925,פרסת,1,2.1198836607846962e-06
11926,יפריס,1,2.1198836607846962e-06
11927,הפריסה,1,2.1198836607846962e-06
11928,דאה,1,2.1198836607846962e-06
11929,סלעם,1,2.1198836607846962e-06
11930,חרגל,1,2.1198836607846962e-06
11931,לטאה,1,2.1198836607846962e-06
11932,חמט,1,2.1198836607846962e-06
11933,כירים,1,2.1198836607846962e-06
11934,נטמתם,1,2.1198836607846962e-06
11935,שרצת,1,2.1198836607846962e-06
11936,נאכלת,1,2.1198836607846962e-06
11937,תזריע,1,2.1198836607846962e-06
11938,דות,1,2.1198836607846962e-06
11939,טהרהפ,1,2.1198836607846962e-06
11940,נושנת,1,2.1198836607846962e-06
11941,יפשה,1,2.1198836607846962e-06
11942,בהק,1,2.1198836607846962e-06
11943,גבח,1,2.1198836607846962e-06
11944,פרמים,1,2.1198836607846962e-06
11945,פרוע,1,2.1198836607846962e-06
11946,פחתת,1,2.1198836607846962e-06
11947,טהרס,1,2.1198836607846962e-06
11948,שקערורת,1,2.1198836607846962e-06
11949,ירקרקת,1,2.1198836607846962e-06
11950,יקצע,1,2.1198836607846962e-06
11951,הקצו,1,2.1198836607846962e-06
11952,הקצות,1,2.1198836607846962e-06
11953,הטוח,1,2.1198836607846962e-06
11954,הטח,1,2.1198836607846962e-06
11955,שחוטה,1,2.1198836607846962e-06
11956,צרעתס,1,2.1198836607846962e-06
11957,רר,1,2.1198836607846962e-06
11958,החתים,1,2.1198836607846962e-06
11959,נושא,1,2.1198836607846962e-06
11960,זבה,1,2.1198836607846962e-06
11961,יטמאפ,1,2.1198836607846962e-06
11962,יזוב,1,2.1198836607846962e-06
11963,תזוב,1,2.1198836607846962e-06
11964,ספרה,1,2.1198836607846962e-06
11965,הזרתם,1,2.1198836607846962e-06
11966,טמאהפ,1,2.1198836607846962e-06
11967,יצנף,1,2.1198836607846962e-06
11968,תטהרו,1,2.1198836607846962e-06
11969,דםס,1,2.1198836607846962e-06
11970,נטמאו,1,2.1198836607846962e-06
11971,תקא,1,2.1198836607846962e-06
11972,קאה,1,2.1198836607846962e-06
11973,פרט,1,2.1198836607846962e-06
11974,תגנבו,1,2.1198836607846962e-06
11975,תשקרו,1,2.1198836607846962e-06
11976,מכשל,1,2.1198836607846962e-06
11977,תטר,1,2.1198836607846962e-06
11978,תרביע,1,2.1198836607846962e-06
11979,נחרפת,1,2.1198836607846962e-06
11980,הפדה,1,2.1198836607846962e-06
11981,נפדתה,1,2.1198836607846962e-06
11982,חטאפ,1,2.1198836607846962e-06
11983,ערלתם,1,2.1198836607846962e-06
11984,תנחשו,1,2.1198836607846962e-06
11985,תעוננו,1,2.1198836607846962e-06
11986,תקפו,1,2.1198836607846962e-06
11987,שרט,1,2.1198836607846962e-06
11988,קעקע,1,2.1198836607846962e-06
11989,העלם,1,2.1198836607846962e-06
11990,יעלימו,1,2.1198836607846962e-06
11991,אקץ,1,2.1198836607846962e-06
11992,הבדלתם,1,2.1198836607846962e-06
11993,אבדל,1,2.1198836607846962e-06
11994,יקרחה,1,2.1198836607846962e-06
11995,יקרחו,1,2.1198836607846962e-06
11996,שרטת,1,2.1198836607846962e-06
11997,מקריבם,1,2.1198836607846962e-06
11998,מחללת,1,2.1198836607846962e-06
11999,תשרףס,1,2.1198836607846962e-06
12000,יפרם,1,2.1198836607846962e-06
12001,גבן,1,2.1198836607846962e-06
12002,תבלל,1,2.1198836607846962e-06
12003,מרוח,1,2.1198836607846962e-06
12004,אשך,1,2.1198836607846962e-06
12005,יבלת,1,2.1198836607846962e-06
12006,קלוט,1,2.1198836607846962e-06
12007,נתוק,1,2.1198836607846962e-06
12008,תשחטו,1,2.1198836607846962e-06
12009,תעשופ,1,2.1198836607846962e-06
12010,הניפ,1,2.1198836607846962e-06
12011,תמימת,1,2.1198836607846962e-06
12012,תאפינה,1,2.1198836607846962e-06
12013,תשבתו,1,2.1198836607846962e-06
12014,נדבותי,1,2.1198836607846962e-06
12015,אפית,1,2.1198836607846962e-06
12016,אכלס,1,2.1198836607846962e-06
12017,תקצרו,1,2.1198836607846962e-06
12018,תבצרו,1,2.1198836607846962e-06
12019,נזרי,1,2.1198836607846962e-06
12020,נזרע,1,2.1198836607846962e-06
12021,שמינת,1,2.1198836607846962e-06
12022,תשיעת,1,2.1198836607846962e-06
12023,צמיתת,1,2.1198836607846962e-06
12024,ממכרת,1,2.1198836607846962e-06
12025,פרךס,1,2.1198836607846962e-06
12026,נגאל,1,2.1198836607846962e-06
12027,המכר,1,2.1198836607846962e-06
12028,אלילם,1,2.1198836607846962e-06
12029,שכבתם,1,2.1198836607846962e-06
12030,רדפתם,1,2.1198836607846962e-06
12031,נושן,1,2.1198836607846962e-06
12032,קוממיותפ,1,2.1198836607846962e-06
12033,תמאסו,1,2.1198836607846962e-06
12034,מדיבת,1,2.1198836607846962e-06
12035,נגפתם,1,2.1198836607846962e-06
12036,נחשה,1,2.1198836607846962e-06
12037,הכריתה,1,2.1198836607846962e-06
12038,המעיטה,1,2.1198836607846962e-06
12039,תוסרו,1,2.1198836607846962e-06
12040,נאספתם,1,2.1198836607846962e-06
12041,תשבעוס,1,2.1198836607846962e-06
12042,הרצת,1,2.1198836607846962e-06
12043,מרך,1,2.1198836607846962e-06
12044,מנסת,1,2.1198836607846962e-06
12045,תקומה,1,2.1198836607846962e-06
12046,געלתי,1,2.1198836607846962e-06
12047,יעריכ,1,2.1198836607846962e-06
12048,יחליפ,1,2.1198836607846962e-06
12049,העריכ,1,2.1198836607846962e-06
12050,יעריך,1,2.1198836607846962e-06
12051,שקלס,1,2.1198836607846962e-06
12052,יתילדו,1,2.1198836607846962e-06
12053,חמשיםפ,1,2.1198836607846962e-06
12054,חונם,1,2.1198836607846962e-06
12055,שרתו,1,2.1198836607846962e-06
12056,יומתפ,1,2.1198836607846962e-06
12057,לאל,1,2.1198836607846962e-06
12058,צוריאל,1,2.1198836607846962e-06
12059,פדיום,1,2.1198836607846962e-06
12060,פדים,1,2.1198836607846962e-06
12061,מנקית,1,2.1198836607846962e-06
12062,דשנו,1,2.1198836607846962e-06
12063,תכריתו,1,2.1198836607846962e-06
12064,מתופ,1,2.1198836607846962e-06
12065,כהןפ,1,2.1198836607846962e-06
12066,יהיהפ,1,2.1198836607846962e-06
12067,מזכרת,1,2.1198836607846962e-06
12068,הנקי,1,2.1198836607846962e-06
12069,צבה,1,2.1198836607846962e-06
12070,צבות,1,2.1198836607846962e-06
12071,צבתה,1,2.1198836607846962e-06
12072,נזרעה,1,2.1198836607846962e-06
12073,יבשים,1,2.1198836607846962e-06
12074,חרצנים,1,2.1198836607846962e-06
12075,זג,1,2.1198836607846962e-06
12076,תברכו,1,2.1198836607846962e-06
12077,מזבחס,1,2.1198836607846962e-06
12078,עמינדבפ,1,2.1198836607846962e-06
12079,צוערפ,1,2.1198836607846962e-06
12080,חלןפ,1,2.1198836607846962e-06
12081,שדיאורפ,1,2.1198836607846962e-06
12082,צורישדיפ,1,2.1198836607846962e-06
12083,דעואלפ,1,2.1198836607846962e-06
12084,עמיהודפ,1,2.1198836607846962e-06
12085,גדעניפ,1,2.1198836607846962e-06
12086,עמישדיפ,1,2.1198836607846962e-06
12087,עכרןפ,1,2.1198836607846962e-06
12088,עינןפ,1,2.1198836607846962e-06
12089,קערה,1,2.1198836607846962e-06
12090,יאירו,1,2.1198836607846962e-06
12091,מנרהפ,1,2.1198836607846962e-06
12092,פטרת,1,2.1198836607846962e-06
12093,חצוצרת,1,2.1198836607846962e-06
12094,הקהיל,1,2.1198836607846962e-06
12095,תתקעו,1,2.1198836607846962e-06
12096,נזכרתם,1,2.1198836607846962e-06
12097,נושעתם,1,2.1198836607846962e-06
12098,חצצרת,1,2.1198836607846962e-06
12099,משכןס,1,2.1198836607846962e-06
12100,גדעוניס,1,2.1198836607846962e-06
12101,נסעים,1,2.1198836607846962e-06
12102,מחנהס,1,2.1198836607846962e-06
12103,מתאננים,1,2.1198836607846962e-06
12104,אספסף,1,2.1198836607846962e-06
12105,התאוו,1,2.1198836607846962e-06
12106,זכרנו,1,2.1198836607846962e-06
12107,קשאים,1,2.1198836607846962e-06
12108,אבטחים,1,2.1198836607846962e-06
12109,בצלים,1,2.1198836607846962e-06
12110,שומים,1,2.1198836607846962e-06
12111,שטו,1,2.1198836607846962e-06
12112,טחנו,1,2.1198836607846962e-06
12113,דכו,1,2.1198836607846962e-06
12114,מדכה,1,2.1198836607846962e-06
12115,הרעת,1,2.1198836607846962e-06
12116,מצתי,1,2.1198836607846962e-06
12117,הריתי,1,2.1198836607846962e-06
12118,בכיתם,1,2.1198836607846962e-06
12119,זרא,1,2.1198836607846962e-06
12120,יאצל,1,2.1198836607846962e-06
12121,מקנא,1,2.1198836607846962e-06
12122,שלוים,1,2.1198836607846962e-06
12123,ישטחו,1,2.1198836607846962e-06
12124,שטוח,1,2.1198836607846962e-06
12125,חצרותפ,1,2.1198836607846962e-06
12126,עניו,1,2.1198836607846962e-06
12127,אתודע,1,2.1198836607846962e-06
12128,נואלנו,1,2.1198836607846962e-06
12129,תכלם,1,2.1198836607846962e-06
12130,פארןפ,1,2.1198836607846962e-06
12131,גדיאל,1,2.1198836607846962e-06
12132,סודי,1,2.1198836607846962e-06
12133,סתור,1,2.1198836607846962e-06
12134,נחבי,1,2.1198836607846962e-06
12135,ופסי,1,2.1198836607846962e-06
12136,גאואל,1,2.1198836607846962e-06
12137,התחזקתם,1,2.1198836607846962e-06
12138,יהס,1,2.1198836607846962e-06
12139,תרו,1,2.1198836607846962e-06
12140,נפילים,1,2.1198836607846962e-06
12141,ינאצ,1,2.1198836607846962e-06
12142,נשאתה,1,2.1198836607846962e-06
12143,סוףפ,1,2.1198836607846962e-06
12144,הלינתם,1,2.1198836607846962e-06
12145,תרתם,1,2.1198836607846962e-06
12146,תנואת,1,2.1198836607846962e-06
12147,יעפלו,1,2.1198836607846962e-06
12148,משו,1,2.1198836607846962e-06
12149,ערסת,1,2.1198836607846962e-06
12150,ערסתי,1,2.1198836607846962e-06
12151,תשגו,1,2.1198836607846962e-06
12152,חטת,1,2.1198836607846962e-06
12153,שגגהס,1,2.1198836607846962e-06
12154,מצאים,1,2.1198836607846962e-06
12155,תתרו,1,2.1198836607846962e-06
12156,תתנשאו,1,2.1198836607846962e-06
12157,נעדים,1,2.1198836607846962e-06
12158,תשתרר,1,2.1198836607846962e-06
12159,השתרר,1,2.1198836607846962e-06
12160,תנקר,1,2.1198836607846962e-06
12161,תקצףפ,1,2.1198836607846962e-06
12162,בלעה,1,2.1198836607846962e-06
12163,מקריבי,1,2.1198836607846962e-06
12164,קטרתפ,1,2.1198836607846962e-06
12165,רקעי,1,2.1198836607846962e-06
12166,מועדפ,1,2.1198836607846962e-06
12167,הרמו,1,2.1198836607846962e-06
12168,נעצרהפ,1,2.1198836607846962e-06
12169,השכתי,1,2.1198836607846962e-06
12170,יצץ,1,2.1198836607846962e-06
12171,גועס,1,2.1198836607846962e-06
12172,ילוו,1,2.1198836607846962e-06
12173,פדוי,1,2.1198836607846962e-06
12174,נחלהפ,1,2.1198836607846962e-06
12175,הרמתם,1,2.1198836607846962e-06
12176,תמותופ,1,2.1198836607846962e-06
12177,נוציא,1,2.1198836607846962e-06
12178,הפשט,1,2.1198836607846962e-06
12179,אתרים,1,2.1198836607846962e-06
12180,ינשכו,1,2.1198836607846962e-06
12181,נשוך,1,2.1198836607846962e-06
12182,והב,1,2.1198836607846962e-06
12183,אשד,1,2.1198836607846962e-06
12184,ישימןפ,1,2.1198836607846962e-06
12185,פליטם,1,2.1198836607846962e-06
12186,לחך,1,2.1198836607846962e-06
12187,יואר,1,2.1198836607846962e-06
12188,נכבדים,1,2.1198836607846962e-06
12189,משעול,1,2.1198836607846962e-06
12190,תרבץ,1,2.1198836607846962e-06
12191,התעללת,1,2.1198836607846962e-06
12192,הסכנתי,1,2.1198836607846962e-06
12193,שלפה,1,2.1198836607846962e-06
12194,נטתה,1,2.1198836607846962e-06
12195,החייתי,1,2.1198836607846962e-06
12196,אקב,1,2.1198836607846962e-06
12197,אזעם,1,2.1198836607846962e-06
12198,יתחשב,1,2.1198836607846962e-06
12199,אקרה,1,2.1198836607846962e-06
12200,יתנשא,1,2.1198836607846962e-06
12201,תקב,1,2.1198836607846962e-06
12202,יזל,1,2.1198836607846962e-06
12203,תנשא,1,2.1198836607846962e-06
12204,יגרם,1,2.1198836607846962e-06
12205,יספק,1,2.1198836607846962e-06
12206,פאתי,1,2.1198836607846962e-06
12207,תקראן,1,2.1198836607846962e-06
12208,יצמד,1,2.1198836607846962e-06
12209,הוקע,1,2.1198836607846962e-06
12210,נצמדים,1,2.1198836607846962e-06
12211,צררים,1,2.1198836607846962e-06
12212,נכלי,1,2.1198836607846962e-06
12213,נכלו,1,2.1198836607846962e-06
12214,מגפהפ,1,2.1198836607846962e-06
12215,חנכי,1,2.1198836607846962e-06
12216,פלאי,1,2.1198836607846962e-06
12217,חצרוני,1,2.1198836607846962e-06
12218,הצו,1,2.1198836607846962e-06
12219,הצת,1,2.1198836607846962e-06
12220,מתוס,1,2.1198836607846962e-06
12221,נמואלי,1,2.1198836607846962e-06
12222,יכיני,1,2.1198836607846962e-06
12223,שאולי,1,2.1198836607846962e-06
12224,חצרני,1,2.1198836607846962e-06
12225,חמולי,1,2.1198836607846962e-06
12226,תולעי,1,2.1198836607846962e-06
12227,פוני,1,2.1198836607846962e-06
12228,ישובי,1,2.1198836607846962e-06
12229,שמרן,1,2.1198836607846962e-06
12230,שמרני,1,2.1198836607846962e-06
12231,סרדי,1,2.1198836607846962e-06
12232,יחלאלי,1,2.1198836607846962e-06
12233,מכירי,1,2.1198836607846962e-06
12234,איעזר,1,2.1198836607846962e-06
12235,איעזרי,1,2.1198836607846962e-06
12236,אשראלי,1,2.1198836607846962e-06
12237,שכמי,1,2.1198836607846962e-06
12238,שמידעי,1,2.1198836607846962e-06
12239,חפרי,1,2.1198836607846962e-06
12240,שתלחי,1,2.1198836607846962e-06
12241,תחני,1,2.1198836607846962e-06
12242,ערן,1,2.1198836607846962e-06
12243,ערני,1,2.1198836607846962e-06
12244,בלעי,1,2.1198836607846962e-06
12245,אשבלי,1,2.1198836607846962e-06
12246,אחירם,1,2.1198836607846962e-06
12247,אחירמי,1,2.1198836607846962e-06
12248,שפופם,1,2.1198836607846962e-06
12249,שופמי,1,2.1198836607846962e-06
12250,חופם,1,2.1198836607846962e-06
12251,חופמי,1,2.1198836607846962e-06
12252,שוחם,1,2.1198836607846962e-06
12253,בריעי,1,2.1198836607846962e-06
12254,מלכיאלי,1,2.1198836607846962e-06
12255,יחצאלי,1,2.1198836607846962e-06
12256,מעטס,1,2.1198836607846962e-06
12257,צןפ,1,2.1198836607846962e-06
12258,יניא,1,2.1198836607846962e-06
12259,נדרה,1,2.1198836607846962e-06
12260,החלצו,1,2.1198836607846962e-06
12261,ימסרו,1,2.1198836607846962e-06
12262,יצבאו,1,2.1198836607846962e-06
12263,החיו,1,2.1198836607846962e-06
12264,תתחטאו,1,2.1198836607846962e-06
12265,תתחטאוס,1,2.1198836607846962e-06
12266,כבסתם,1,2.1198836607846962e-06
12267,חצית,1,2.1198836607846962e-06
12268,הרמת,1,2.1198836607846962e-06
12269,חצה,1,2.1198836607846962e-06
12270,עגיל,1,2.1198836607846962e-06
12271,שבם,1,2.1198836607846962e-06
12272,בען,1,2.1198836607846962e-06
12273,מקנהס,1,2.1198836607846962e-06
12274,תנואו,1,2.1198836607846962e-06
12275,תניאו,1,2.1198836607846962e-06
12276,יניאו,1,2.1198836607846962e-06
12277,תרבות,1,2.1198836607846962e-06
12278,הביאנ,1,2.1198836607846962e-06
12279,התנחל,1,2.1198836607846962e-06
12280,ננחל,1,2.1198836607846962e-06
12281,תחלצו,1,2.1198836607846962e-06
12282,צנא,1,2.1198836607846962e-06
12283,שופן,1,2.1198836607846962e-06
12284,אלעלא,1,2.1198836607846962e-06
12285,חותי,1,2.1198836607846962e-06
12286,חירת,1,2.1198836607846962e-06
12287,הישמת,1,2.1198836607846962e-06
12288,השטים,1,2.1198836607846962e-06
12289,תורישו,1,2.1198836607846962e-06
12290,שכים,1,2.1198836607846962e-06
12291,צנינם,1,2.1198836607846962e-06
12292,עצמנ,1,2.1198836607846962e-06
12293,עצמון,1,2.1198836607846962e-06
12294,זפרנ,1,2.1198836607846962e-06
12295,התאויתם,1,2.1198836607846962e-06
12296,אלידד,1,2.1198836607846962e-06
12297,יגלי,1,2.1198836607846962e-06
12298,שפטן,1,2.1198836607846962e-06
12299,פרנך,1,2.1198836607846962e-06
12300,עזן,1,2.1198836607846962e-06
12301,אחיהוד,1,2.1198836607846962e-06
12302,פדהאל,1,2.1198836607846962e-06
12303,מדתם,1,2.1198836607846962e-06
12304,תמעיטו,1,2.1198836607846962e-06
12305,לויםפ,1,2.1198836607846962e-06
12306,הקריתם,1,2.1198836607846962e-06
12307,תחניפו,1,2.1198836607846962e-06
12308,נגרעה,1,2.1198836607846962e-06
12309,נוספה,1,2.1198836607846962e-06
12310,שפטתם,1,2.1198836607846962e-06
12311,תכירו,1,2.1198836607846962e-06
12312,תגורו,1,2.1198836607846962e-06
12313,תרגנו,1,2.1198836607846962e-06
12314,המסו,1,2.1198836607846962e-06
12315,בצורת,1,2.1198836607846962e-06
12316,מאמינם,1,2.1198836607846962e-06
12317,נלחמנו,1,2.1198836607846962e-06
12318,תחגרו,1,2.1198836607846962e-06
12319,תהינו,1,2.1198836607846962e-06
12320,תזדו,1,2.1198836607846962e-06
12321,תתגרו,1,2.1198836607846962e-06
12322,מדרך,1,2.1198836607846962e-06
12323,חסרת,1,2.1198836607846962e-06
12324,עצין,1,2.1198836607846962e-06
12325,מאבים,1,2.1198836607846962e-06
12326,זמזמים,1,2.1198836607846962e-06
12327,כפתרים,1,2.1198836607846962e-06
12328,התגר,1,2.1198836607846962e-06
12329,מואבים,1,2.1198836607846962e-06
12330,השארנו,1,2.1198836607846962e-06
12331,בזזנו,1,2.1198836607846962e-06
12332,לכדנו,1,2.1198836607846962e-06
12333,שגבה,1,2.1198836607846962e-06
12334,בזונו,1,2.1198836607846962e-06
12335,פעורפ,1,2.1198836607846962e-06
12336,קנאפ,1,2.1198836607846962e-06
12337,נושנתם,1,2.1198836607846962e-06
12338,השחתם,1,2.1198836607846962e-06
12339,תשמדו,1,2.1198836607846962e-06
12340,תאריך,1,2.1198836607846962e-06
12341,פסגהפ,1,2.1198836607846962e-06
12342,יאריכ,1,2.1198836607846962e-06
12343,תתאוה,1,2.1198836607846962e-06
12344,יספים,1,2.1198836607846962e-06
12345,תסרו,1,2.1198836607846962e-06
12346,הארכתם,1,2.1198836607846962e-06
12347,יארכ,1,2.1198836607846962e-06
12348,דבשפ,1,2.1198836607846962e-06
12349,שננת,1,2.1198836607846962e-06
12350,קשרת,1,2.1198836607846962e-06
12351,טטפת,1,2.1198836607846962e-06
12352,נסיתם,1,2.1198836607846962e-06
12353,תחרים,1,2.1198836607846962e-06
12354,תחנ,1,2.1198836607846962e-06
12355,נסתרים,1,2.1198836607846962e-06
12356,תוקש,1,2.1198836607846962e-06
12357,תשקצ,1,2.1198836607846962e-06
12358,תעב,1,2.1198836607846962e-06
12359,רביתם,1,2.1198836607846962e-06
12360,בצקה,1,2.1198836607846962e-06
12361,ייסר,1,2.1198836607846962e-06
12362,מיסר,1,2.1198836607846962e-06
12363,מסכנת,1,2.1198836607846962e-06
12364,תחצב,1,2.1198836607846962e-06
12365,ירבי,1,2.1198836607846962e-06
12366,עקרב,1,2.1198836607846962e-06
12367,מאביד,1,2.1198836607846962e-06
12368,הקצפת,1,2.1198836607846962e-06
12369,הקצפתם,1,2.1198836607846962e-06
12370,אתפש,1,2.1198836607846962e-06
12371,אשרף,1,2.1198836607846962e-06
12372,אכת,1,2.1198836607846962e-06
12373,אשלך,1,2.1198836607846962e-06
12374,מקצפים,1,2.1198836607846962e-06
12375,התנפלתי,1,2.1198836607846962e-06
12376,נטויהפ,1,2.1198836607846962e-06
12377,אפסל,1,2.1198836607846962e-06
12378,מוסרה,1,2.1198836607846962e-06
12379,מלתם,1,2.1198836607846962e-06
12380,נוראת,1,2.1198836607846962e-06
12381,אתתי,1,2.1198836607846962e-06
12382,הציף,1,2.1198836607846962e-06
12383,רשית,1,2.1198836607846962e-06
12384,תדרכו,1,2.1198836607846962e-06
12385,ידעתםס,1,2.1198836607846962e-06
12386,ירשים,1,2.1198836607846962e-06
12387,נתצתם,1,2.1198836607846962e-06
12388,שברתם,1,2.1198836607846962e-06
12389,מנחיל,1,2.1198836607846962e-06
12390,תדרו,1,2.1198836607846962e-06
12391,תנקש,1,2.1198836607846962e-06
12392,חולם,1,2.1198836607846962e-06
12393,מנסה,1,2.1198836607846962e-06
12394,תתגדדו,1,2.1198836607846962e-06
12395,אקו,1,2.1198836607846962e-06
12396,תאו,1,2.1198836607846962e-06
12397,שסועה,1,2.1198836607846962e-06
12398,הפריסו,1,2.1198836607846962e-06
12399,תגעוס,1,2.1198836607846962e-06
12400,דיה,1,2.1198836607846962e-06
12401,תתננ,1,2.1198836607846962e-06
12402,תעשהס,1,2.1198836607846962e-06
12403,שמוט,1,2.1198836607846962e-06
12404,העבטת,1,2.1198836607846962e-06
12405,תעבט,1,2.1198836607846962e-06
12406,ימשלוס,1,2.1198836607846962e-06
12407,תקפץ,1,2.1198836607846962e-06
12408,העבט,1,2.1198836607846962e-06
12409,תעביט,1,2.1198836607846962e-06
12410,העניק,1,2.1198836607846962e-06
12411,תעניק,1,2.1198836607846962e-06
12412,תעשהפ,1,2.1198836607846962e-06
12413,תקדיש,1,2.1198836607846962e-06
12414,תגז,1,2.1198836607846962e-06
12415,מיםפ,1,2.1198836607846962e-06
12416,תכיר,1,2.1198836607846962e-06
12417,ריבת,1,2.1198836607846962e-06
12418,יזידו,1,2.1198836607846962e-06
12419,ישבתה,1,2.1198836607846962e-06
12420,לחיים,1,2.1198836607846962e-06
12421,ממכרי,1,2.1198836607846962e-06
12422,אבותס,1,2.1198836607846962e-06
12423,מעונן,1,2.1198836607846962e-06
12424,מנחש,1,2.1198836607846962e-06
12425,מכשף,1,2.1198836607846962e-06
12426,מעננים,1,2.1198836607846962e-06
12427,יזיד,1,2.1198836607846962e-06
12428,תגור,1,2.1198836607846962e-06
12429,דמיםס,1,2.1198836607846962e-06
12430,תסיג,1,2.1198836607846962e-06
12431,גבלו,1,2.1198836607846962e-06
12432,רגלס,1,2.1198836607846962e-06
12433,תחפזו,1,2.1198836607846962e-06
12434,חנכ,1,2.1198836607846962e-06
12435,יחנכ,1,2.1198836607846962e-06
12436,ארש,1,2.1198836607846962e-06
12437,תשלים,1,2.1198836607846962e-06
12438,תחרימ,1,2.1198836607846962e-06
12439,תצור,1,2.1198836607846962e-06
12440,משכה,1,2.1198836607846962e-06
12441,ערפו,1,2.1198836607846962e-06
12442,ערופה,1,2.1198836607846962e-06
12443,נכפר,1,2.1198836607846962e-06
12444,גלחה,1,2.1198836607846962e-06
12445,צפרני,1,2.1198836607846962e-06
12446,הסירה,1,2.1198836607846962e-06
12447,בכתה,1,2.1198836607846962e-06
12448,תתעמר,1,2.1198836607846962e-06
12449,שניאה,1,2.1198836607846962e-06
12450,רגמ,1,2.1198836607846962e-06
12451,תלית,1,2.1198836607846962e-06
12452,התעלםס,1,2.1198836607846962e-06
12453,הארכת,1,2.1198836607846962e-06
12454,מעקה,1,2.1198836607846962e-06
12455,תקדש,1,2.1198836607846962e-06
12456,כרםס,1,2.1198836607846962e-06
12457,ענשו,1,2.1198836607846962e-06
12458,סקלתם,1,2.1198836607846962e-06
12459,פצוע,1,2.1198836607846962e-06
12460,נשמרת,1,2.1198836607846962e-06
12461,חפרתה,1,2.1198836607846962e-06
12462,תסגיר,1,2.1198836607846962e-06
12463,תונ,1,2.1198836607846962e-06
12464,תתןס,1,2.1198836607846962e-06
12465,קטפת,1,2.1198836607846962e-06
12466,מלילת,1,2.1198836607846962e-06
12467,הטמאה,1,2.1198836607846962e-06
12468,תחטיא,1,2.1198836607846962e-06
12469,לקחס,1,2.1198836607846962e-06
12470,חבלס,1,2.1198836607846962e-06
12471,התעמר,1,2.1198836607846962e-06
12472,תשה,1,2.1198836607846962e-06
12473,חטאס,1,2.1198836607846962e-06
12474,יומתוס,1,2.1198836607846962e-06
12475,תפאר,1,2.1198836607846962e-06
12476,תחסם,1,2.1198836607846962e-06
12477,מאין,1,2.1198836607846962e-06
12478,נגשה,1,2.1198836607846962e-06
12479,חלצה,1,2.1198836607846962e-06
12480,ירקה,1,2.1198836607846962e-06
12481,נעלס,1,2.1198836607846962e-06
12482,מבשי,1,2.1198836607846962e-06
12483,קצתה,1,2.1198836607846962e-06
12484,קטנהס,1,2.1198836607846962e-06
12485,עולפ,1,2.1198836607846962e-06
12486,יזנב,1,2.1198836607846962e-06
12487,נחשלים,1,2.1198836607846962e-06
12488,תשכחפ,1,2.1198836607846962e-06
12489,השקיפ,1,2.1198836607846962e-06
12490,האמרת,1,2.1198836607846962e-06
12491,האמיר,1,2.1198836607846962e-06
12492,היטבס,1,2.1198836607846962e-06
12493,הסכת,1,2.1198836607846962e-06
12494,נהיית,1,2.1198836607846962e-06
12495,רםס,1,2.1198836607846962e-06
12496,מקלה,1,2.1198836607846962e-06
12497,מסיג,1,2.1198836607846962e-06
12498,אמןפ,1,2.1198836607846962e-06
12499,הלוית,1,2.1198836607846962e-06
12500,מגערת,1,2.1198836607846962e-06
12501,ממשש,1,2.1198836607846962e-06
12502,תארש,1,2.1198836607846962e-06
12503,ישגל,1,2.1198836607846962e-06
12504,נתנות,1,2.1198836607846962e-06
12505,יחסל,1,2.1198836607846962e-06
12506,תאגר,1,2.1198836607846962e-06
12507,ישאיר,1,2.1198836607846962e-06
12508,יותיר,1,2.1198836607846962e-06
12509,שלית,1,2.1198836607846962e-06
12510,יוצת,1,2.1198836607846962e-06
12511,נאמנות,1,2.1198836607846962e-06
12512,חלים,1,2.1198836607846962e-06
12513,מדוה,1,2.1198836607846962e-06
12514,יגרת,1,2.1198836607846962e-06
12515,נסחתם,1,2.1198836607846962e-06
12516,תרגיע,1,2.1198836607846962e-06
12517,דאבון,1,2.1198836607846962e-06
12518,תלאים,1,2.1198836607846962e-06
12519,התמכרתם,1,2.1198836607846962e-06
12520,קנהס,1,2.1198836607846962e-06
12521,מסות,1,2.1198836607846962e-06
12522,התברך,1,2.1198836607846962e-06
12523,יתש,1,2.1198836607846962e-06
12524,נגלת,1,2.1198836607846962e-06
12525,תמצאן,1,2.1198836607846962e-06
12526,תזל,1,2.1198836607846962e-06
12527,פתלתל,1,2.1198836607846962e-06
12528,תגמלו,1,2.1198836607846962e-06
12529,יכננ,1,2.1198836607846962e-06
12530,הנחל,1,2.1198836607846962e-06
12531,ילל,1,2.1198836607846962e-06
12532,יבוננ,1,2.1198836607846962e-06
12533,גוזלי,1,2.1198836607846962e-06
12534,ירחף,1,2.1198836607846962e-06
12535,חמאת,1,2.1198836607846962e-06
12536,יבעט,1,2.1198836607846962e-06
12537,עבית,1,2.1198836607846962e-06
12538,ינבל,1,2.1198836607846962e-06
12539,יכעיס,1,2.1198836607846962e-06
12540,תשי,1,2.1198836607846962e-06
12541,אסתירה,1,2.1198836607846962e-06
12542,תהפכת,1,2.1198836607846962e-06
12543,קנאו,1,2.1198836607846962e-06
12544,כעסו,1,2.1198836607846962e-06
12545,אקניא,1,2.1198836607846962e-06
12546,אכעיס,1,2.1198836607846962e-06
12547,תיקד,1,2.1198836607846962e-06
12548,מרירי,1,2.1198836607846962e-06
12549,אפאי,1,2.1198836607846962e-06
12550,אשביתה,1,2.1198836607846962e-06
12551,שדמת,1,2.1198836607846962e-06
12552,רוש,1,2.1198836607846962e-06
12553,אשכלת,1,2.1198836607846962e-06
12554,כמס,1,2.1198836607846962e-06
12555,עתדת,1,2.1198836607846962e-06
12556,אזלת,1,2.1198836607846962e-06
12557,חסיו,1,2.1198836607846962e-06
12558,סתרה,1,2.1198836607846962e-06
12559,מחצתי,1,2.1198836607846962e-06
12560,אשכיר,1,2.1198836607846962e-06
12561,מעיד,1,2.1198836607846962e-06
12562,התאסף,1,2.1198836607846962e-06
12563,מספרס,1,2.1198836607846962e-06
12564,תמי,1,2.1198836607846962e-06
12565,נסית,1,2.1198836607846962e-06
12566,חפף,1,2.1198836607846962e-06
12567,כתיפי,1,2.1198836607846962e-06
12568,שכןס,1,2.1198836607846962e-06
12569,מברכת,1,2.1198836607846962e-06
12570,ינגח,1,2.1198836607846962e-06
12571,שפע,1,2.1198836607846962e-06
12572,יינקו,1,2.1198836607846962e-06
12573,שפוני,1,2.1198836607846962e-06
12574,טמוני,1,2.1198836607846962e-06
12575,חולס,1,2.1198836607846962e-06
12576,מרחיב,1,2.1198836607846962e-06
12577,יתא,1,2.1198836607846962e-06
12578,יזנק,1,2.1198836607846962e-06
12579,דבא,1,2.1198836607846962e-06
12580,יערפו,1,2.1198836607846962e-06
12581,תדרךס,1,2.1198836607846962e-06
12582,הגית,1,2.1198836607846962e-06
12583,תלךפ,1,2.1198836607846962e-06
12584,עזרתם,1,2.1198836607846962e-06
12585,אמץפ,1,2.1198836607846962e-06
12586,הוציאי,1,2.1198836607846962e-06
12587,תשיגו,1,2.1198836607846962e-06
12588,תטמנ,1,2.1198836607846962e-06
12589,פשתי,1,2.1198836607846962e-06
12590,ערכות,1,2.1198836607846962e-06
12591,נחבתם,1,2.1198836607846962e-06
12592,תאספי,1,2.1198836607846962e-06
12593,תגידי,1,2.1198836607846962e-06
12594,מצאות,1,2.1198836607846962e-06
12595,תסעו,1,2.1198836607846962e-06
12596,תעמדופ,1,2.1198836607846962e-06
12597,נטבלו,1,2.1198836607846962e-06
12598,ירדןפ,1,2.1198836607846962e-06
12599,לילהס,1,2.1198836607846962e-06
12600,הודעתם,1,2.1198836607846962e-06
12601,גלותי,1,2.1198836607846962e-06
12602,היאס,1,2.1198836607846962e-06
12603,סבתם,1,2.1198836607846962e-06
12604,תסבו,1,2.1198836607846962e-06
12605,תשמיעו,1,2.1198836607846962e-06
12606,הריעתם,1,2.1198836607846962e-06
12607,הקף,1,2.1198836607846962e-06
12608,יבלים,1,2.1198836607846962e-06
12609,החבאתה,1,2.1198836607846962e-06
12610,שפרות,1,2.1198836607846962e-06
12611,נשבעתם,1,2.1198836607846962e-06
12612,החביאה,1,2.1198836607846962e-06
12613,יריחופ,1,2.1198836607846962e-06
12614,ייסד,1,2.1198836607846962e-06
12615,הואלנו,1,2.1198836607846962e-06
12616,נקרבתם,1,2.1198836607846962e-06
12617,אחמד,1,2.1198836607846962e-06
12618,טמונים,1,2.1198836607846962e-06
12619,טמונה,1,2.1198836607846962e-06
12620,עכרת,1,2.1198836607846962e-06
12621,יעכר,1,2.1198836607846962e-06
12622,יסקלו,1,2.1198836607846962e-06
12623,תבזו,1,2.1198836607846962e-06
12624,התיק,1,2.1198836607846962e-06
12625,תקמו,1,2.1198836607846962e-06
12626,תציתו,1,2.1198836607846962e-06
12627,רודף,1,2.1198836607846962e-06
12628,יצטירו,1,2.1198836607846962e-06
12629,מבקעים,1,2.1198836607846962e-06
12630,מצררים,1,2.1198836607846962e-06
12631,מטלאות,1,2.1198836607846962e-06
12632,זקיני,1,2.1198836607846962e-06
12633,הצטידנו,1,2.1198836607846962e-06
12634,מלאנו,1,2.1198836607846962e-06
12635,התבקעו,1,2.1198836607846962e-06
12636,שלמותי,1,2.1198836607846962e-06
12637,רמיתם,1,2.1198836607846962e-06
12638,יבחרפ,1,2.1198836607846962e-06
12639,השלימו,1,2.1198836607846962e-06
12640,הוהם,1,2.1198836607846962e-06
12641,פראם,1,2.1198836607846962e-06
12642,חילפ,1,2.1198836607846962e-06
12643,נחבאים,1,2.1198836607846962e-06
12644,הפקידו,1,2.1198836607846962e-06
12645,זנבתם,1,2.1198836607846962e-06
12646,שרדו,1,2.1198836607846962e-06
12647,חרץ,1,2.1198836607846962e-06
12648,הלכוא,1,2.1198836607846962e-06
12649,יתל,1,2.1198836607846962e-06
12650,תלוים,1,2.1198836607846962e-06
12651,לבנהפ,1,2.1198836607846962e-06
12652,עגלנ,1,2.1198836607846962e-06
12653,לכישפ,1,2.1198836607846962e-06
12654,עגלונ,1,2.1198836607846962e-06
12655,נפות,1,2.1198836607846962e-06
12656,תעקר,1,2.1198836607846962e-06
12657,השאירו,1,2.1198836607846962e-06
12658,יבוסיפ,1,2.1198836607846962e-06
12659,מראון,1,2.1198836607846962e-06
12660,זקנתה,1,2.1198836607846962e-06
12661,עזתי,1,2.1198836607846962e-06
12662,אשדודי,1,2.1198836607846962e-06
12663,אשקלוני,1,2.1198836607846962e-06
12664,עקרוני,1,2.1198836607846962e-06
12665,גבלי,1,2.1198836607846962e-06
12666,משרפת,1,2.1198836607846962e-06
12667,הפל,1,2.1198836607846962e-06
12668,מעכת,1,2.1198836607846962e-06
12669,מפעת,1,2.1198836607846962e-06
12670,השחר,1,2.1198836607846962e-06
12671,קוסם,1,2.1198836607846962e-06
12672,לדבר,1,2.1198836607846962e-06
12673,אדותי,1,2.1198836607846962e-06
12674,המסיו,1,2.1198836607846962e-06
12675,דרכה,1,2.1198836607846962e-06
12676,הורשתי,1,2.1198836607846962e-06
12677,עצמונ,1,2.1198836607846962e-06
12678,שכרונ,1,2.1198836607846962e-06
12679,תחתיותפ,1,2.1198836607846962e-06
12680,דימונה,1,2.1198836607846962e-06
12681,עדעדה,1,2.1198836607846962e-06
12682,יתנן,1,2.1198836607846962e-06
12683,בעלות,1,2.1198836607846962e-06
12684,חדתה,1,2.1198836607846962e-06
12685,אמם,1,2.1198836607846962e-06
12686,גדה,1,2.1198836607846962e-06
12687,חשמון,1,2.1198836607846962e-06
12688,בזיותיה,1,2.1198836607846962e-06
12689,סנסנה,1,2.1198836607846962e-06
12690,עינם,1,2.1198836607846962e-06
12691,עדיתים,1,2.1198836607846962e-06
12692,גדרתים,1,2.1198836607846962e-06
12693,צנן,1,2.1198836607846962e-06
12694,דלען,1,2.1198836607846962e-06
12695,כבון,1,2.1198836607846962e-06
12696,לחמס,1,2.1198836607846962e-06
12697,כתליש,1,2.1198836607846962e-06
12698,מראשה,1,2.1198836607846962e-06
12699,גבולס,1,2.1198836607846962e-06
12700,אשתמה,1,2.1198836607846962e-06
12701,ינים,1,2.1198836607846962e-06
12702,אפקה,1,2.1198836607846962e-06
12703,חמטה,1,2.1198836607846962e-06
12704,ציער,1,2.1198836607846962e-06
12705,יוטה,1,2.1198836607846962e-06
12706,יקדעם,1,2.1198836607846962e-06
12707,חלחול,1,2.1198836607846962e-06
12708,אלתקן,1,2.1198836607846962e-06
12709,סככה,1,2.1198836607846962e-06
12710,נבשן,1,2.1198836607846962e-06
12711,יפלטי,1,2.1198836607846962e-06
12712,תצאת,1,2.1198836607846962e-06
12713,מבדלות,1,2.1198836607846962e-06
12714,עבדפ,1,2.1198836607846962e-06
12715,ישכינו,1,2.1198836607846962e-06
12716,מתרפים,1,2.1198836607846962e-06
12717,התחלקו,1,2.1198836607846962e-06
12718,תכתבו,1,2.1198836607846962e-06
12719,תצאותי,1,2.1198836607846962e-06
12720,יגבל,1,2.1198836607846962e-06
12721,קציץ,1,2.1198836607846962e-06
12722,העמני,1,2.1198836607846962e-06
12723,העמנה,1,2.1198836607846962e-06
12724,עפני,1,2.1198836607846962e-06
12725,ירפאל,1,2.1198836607846962e-06
12726,תראלה,1,2.1198836607846962e-06
12727,האלף,1,2.1198836607846962e-06
12728,המרכבות,1,2.1198836607846962e-06
12729,סוסה,1,2.1198836607846962e-06
12730,שרוחן,1,2.1198836607846962e-06
12731,מרעלה,1,2.1198836607846962e-06
12732,מתאר,1,2.1198836607846962e-06
12733,חנתן,1,2.1198836607846962e-06
12734,קטת,1,2.1198836607846962e-06
12735,ידאלה,1,2.1198836607846962e-06
12736,כסולת,1,2.1198836607846962e-06
12737,חפרים,1,2.1198836607846962e-06
12738,אנחרת,1,2.1198836607846962e-06
12739,אבץ,1,2.1198836607846962e-06
12740,שחצומ,1,2.1198836607846962e-06
12741,שחצימ,1,2.1198836607846962e-06
12742,אלמלך,1,2.1198836607846962e-06
12743,עמעד,1,2.1198836607846962e-06
12744,נעיאל,1,2.1198836607846962e-06
12745,עברן,1,2.1198836607846962e-06
12746,עמה,1,2.1198836607846962e-06
12747,הנקב,1,2.1198836607846962e-06
12748,לקום,1,2.1198836607846962e-06
12749,אזנות,1,2.1198836607846962e-06
12750,יראון,1,2.1198836607846962e-06
12751,שעלבין,1,2.1198836607846962e-06
12752,יתלה,1,2.1198836607846962e-06
12753,אלתקה,1,2.1198836607846962e-06
12754,יהד,1,2.1198836607846962e-06
12755,הירקון,1,2.1198836607846962e-06
12756,רקון,1,2.1198836607846962e-06
12757,מועדה,1,2.1198836607846962e-06
12758,גורלפ,1,2.1198836607846962e-06
12759,ריאשנה,1,2.1198836607846962e-06
12760,ענוק,1,2.1198836607846962e-06
12761,עלמון,1,2.1198836607846962e-06
12762,קבצים,1,2.1198836607846962e-06
12763,אלתקא,1,2.1198836607846962e-06
12764,נותריםס,1,2.1198836607846962e-06
12765,בעשתרה,1,2.1198836607846962e-06
12766,שתיםס,1,2.1198836607846962e-06
12767,קרתן,1,2.1198836607846962e-06
12768,קרתה,1,2.1198836607846962e-06
12769,דמנה,1,2.1198836607846962e-06
12770,באפ,1,2.1198836607846962e-06
12771,צבאפ,1,2.1198836607846962e-06
12772,הטהרנו,1,2.1198836607846962e-06
12773,דרותי,1,2.1198836607846962e-06
12774,תשביעו,1,2.1198836607846962e-06
12775,דבקתם,1,2.1198836607846962e-06
12776,התחתנתם,1,2.1198836607846962e-06
12777,שטט,1,2.1198836607846962e-06
12778,צננים,1,2.1198836607846962e-06
12779,אגף,1,2.1198836607846962e-06
12780,מאפל,1,2.1198836607846962e-06
12781,מקצצים,1,2.1198836607846962e-06
12782,תחתיתפ,1,2.1198836607846962e-06
12783,יתירו,1,2.1198836607846962e-06
12784,קטרון,1,2.1198836607846962e-06
12785,עכו,1,2.1198836607846962e-06
12786,אחלב,1,2.1198836607846962e-06
12787,חלבה,1,2.1198836607846962e-06
12788,בכיםפ,1,2.1198836607846962e-06
12789,יכעסו,1,2.1198836607846962e-06
12790,דחקי,1,2.1198836607846962e-06
12791,יהושעפ,1,2.1198836607846962e-06
12792,צידני,1,2.1198836607846962e-06
12793,קנזפ,1,2.1198836607846962e-06
12794,גמד,1,2.1198836607846962e-06
12795,פרשדנ,1,2.1198836607846962e-06
12796,מסדרונ,1,2.1198836607846962e-06
12797,מסיך,1,2.1198836607846962e-06
12798,לפידות,1,2.1198836607846962e-06
12799,שפטה,1,2.1198836607846962e-06
12800,צענים,1,2.1198836607846962e-06
12801,תבורס,1,2.1198836607846962e-06
12802,שמיכה,1,2.1198836607846962e-06
12803,צמאתי,1,2.1198836607846962e-06
12804,נאוד,1,2.1198836607846962e-06
12805,תשר,1,2.1198836607846962e-06
12806,פרזון,1,2.1198836607846962e-06
12807,חוקקי,1,2.1198836607846962e-06
12808,צחרות,1,2.1198836607846962e-06
12809,מחצצים,1,2.1198836607846962e-06
12810,משאבים,1,2.1198836607846962e-06
12811,פרזנ,1,2.1198836607846962e-06
12812,מחקקים,1,2.1198836607846962e-06
12813,שרקות,1,2.1198836607846962e-06
12814,חקרי,1,2.1198836607846962e-06
12815,מפרצי,1,2.1198836607846962e-06
12816,גרפ,1,2.1198836607846962e-06
12817,קדומים,1,2.1198836607846962e-06
12818,תדרכי,1,2.1198836607846962e-06
12819,אורו,1,2.1198836607846962e-06
12820,מרוז,1,2.1198836607846962e-06
12821,הלמות,1,2.1198836607846962e-06
12822,עמלים,1,2.1198836607846962e-06
12823,הלמה,1,2.1198836607846962e-06
12824,חלפה,1,2.1198836607846962e-06
12825,תיבב,1,2.1198836607846962e-06
12826,אחרו,1,2.1198836607846962e-06
12827,רחמתים,1,2.1198836607846962e-06
12828,צבע,1,2.1198836607846962e-06
12829,רקמתים,1,2.1198836607846962e-06
12830,מנהרות,1,2.1198836607846962e-06
12831,אציא,1,2.1198836607846962e-06
12832,העזרי,1,2.1198836607846962e-06
12833,חבט,1,2.1198836607846962e-06
12834,תמש,1,2.1198836607846962e-06
12835,יגשס,1,2.1198836607846962e-06
12836,הרסת,1,2.1198836607846962e-06
12837,כרתה,1,2.1198836607846962e-06
12838,תושיעו,1,2.1198836607846962e-06
12839,מציג,1,2.1198836607846962e-06
12840,גזת,1,2.1198836607846962e-06
12841,ימץ,1,2.1198836607846962e-06
12842,טלפ,1,2.1198836607846962e-06
12843,יצפר,1,2.1198836607846962e-06
12844,נשארוס,1,2.1198836607846962e-06
12845,אצרפ,1,2.1198836607846962e-06
12846,תציג,1,2.1198836607846962e-06
12847,שופרתי,1,2.1198836607846962e-06
12848,עמקפ,1,2.1198836607846962e-06
12849,צלול,1,2.1198836607846962e-06
12850,צליל,1,2.1198836607846962e-06
12851,יהפכ,1,2.1198836607846962e-06
12852,השטה,1,2.1198836607846962e-06
12853,קראות,1,2.1198836607846962e-06
12854,דשתי,1,2.1198836607846962e-06
12855,אתץ,1,2.1198836607846962e-06
12856,שכוני,1,2.1198836607846962e-06
12857,חרפתם,1,2.1198836607846962e-06
12858,יעפים,1,2.1198836607846962e-06
12859,הרגתם,1,2.1198836607846962e-06
12860,אמשל,1,2.1198836607846962e-06
12861,אשאלה,1,2.1198836607846962e-06
12862,ענקות,1,2.1198836607846962e-06
12863,נחבאס,1,2.1198836607846962e-06
12864,מלוכ,1,2.1198836607846962e-06
12865,משמח,1,2.1198836607846962e-06
12866,אבימלךפ,1,2.1198836607846962e-06
12867,יבצרו,1,2.1198836607846962e-06
12868,תרמה,1,2.1198836607846962e-06
12869,תשכים,1,2.1198836607846962e-06
12870,פשטת,1,2.1198836607846962e-06
12871,ארומה,1,2.1198836607846962e-06
12872,יחצ,1,2.1198836607846962e-06
12873,מלחפ,1,2.1198836607846962e-06
12874,שוכת,1,2.1198836607846962e-06
12875,שוכ,1,2.1198836607846962e-06
12876,ירבעלפ,1,2.1198836607846962e-06
12877,שמירפ,1,2.1198836607846962e-06
12878,קמוןפ,1,2.1198836607846962e-06
12879,ירעצו,1,2.1198836607846962e-06
12880,ירצצו,1,2.1198836607846962e-06
12881,בעליםפ,1,2.1198836607846962e-06
12882,צידונים,1,2.1198836607846962e-06
12883,יתלקטו,1,2.1198836607846962e-06
12884,משיבים,1,2.1198836607846962e-06
12885,מצפהפ,1,2.1198836607846962e-06
12886,נירש,1,2.1198836607846962e-06
12887,ערעור,1,2.1198836607846962e-06
12888,עולהפ,1,2.1198836607846962e-06
12889,יחידה,1,2.1198836607846962e-06
12890,הכרע,1,2.1198836607846962e-06
12891,הכרעת,1,2.1198836607846962e-06
12892,פציתי,1,2.1198836607846962e-06
12893,פציתה,1,2.1198836607846962e-06
12894,הושעתם,1,2.1198836607846962e-06
12895,לחםפ,1,2.1198836607846962e-06
12896,זבולןפ,1,2.1198836607846962e-06
12897,פרעתון,1,2.1198836607846962e-06
12898,עמלקיפ,1,2.1198836607846962e-06
12899,הרית,1,2.1198836607846962e-06
12900,השמרי,1,2.1198836607846962e-06
12901,אדונ,1,2.1198836607846962e-06
12902,נעצרה,1,2.1198836607846962e-06
12903,כבדנו,1,2.1198836607846962e-06
12904,פלאיס,1,2.1198836607846962e-06
12905,מפלא,1,2.1198836607846962e-06
12906,אשתאלפ,1,2.1198836607846962e-06
12907,אחודה,1,2.1198836607846962e-06
12908,הגדתה,1,2.1198836607846962e-06
12909,חליצות,1,2.1198836607846962e-06
12910,מגידי,1,2.1198836607846962e-06
12911,אבאה,1,2.1198836607846962e-06
12912,קמות,1,2.1198836607846962e-06
12913,עיטםס,1,2.1198836607846962e-06
12914,תפגעו,1,2.1198836607846962e-06
12915,נאסר,1,2.1198836607846962e-06
12916,זרועותי,1,2.1198836607846962e-06
12917,ימסו,1,2.1198836607846962e-06
12918,חמרתים,1,2.1198836607846962e-06
12919,הקורא,1,2.1198836607846962e-06
12920,עזתים,1,2.1198836607846962e-06
12921,יתחרשו,1,2.1198836607846962e-06
12922,הרגנ,1,2.1198836607846962e-06
12923,אסרנ,1,2.1198836607846962e-06
12924,תארגי,1,2.1198836607846962e-06
12925,הציקה,1,2.1198836607846962e-06
12926,תאלצ,1,2.1198836607846962e-06
12927,גלחתי,1,2.1198836607846962e-06
12928,תישנ,1,2.1198836607846962e-06
12929,תגלח,1,2.1198836607846962e-06
12930,אנער,1,2.1198836607846962e-06
12931,ינקרו,1,2.1198836607846962e-06
12932,טוחן,1,2.1198836607846962e-06
12933,גלחפ,1,2.1198836607846962e-06
12934,מחריב,1,2.1198836607846962e-06
12935,הימש,1,2.1198836607846962e-06
12936,המש,1,2.1198836607846962e-06
12937,אלית,1,2.1198836607846962e-06
12938,חקרו,1,2.1198836607846962e-06
12939,מכלים,1,2.1198836607846962e-06
12940,תעצלו,1,2.1198836607846962e-06
12941,חגורים,1,2.1198836607846962e-06
12942,נזעקו,1,2.1198836607846962e-06
12943,נזעקת,1,2.1198836607846962e-06
12944,אספתה,1,2.1198836607846962e-06
12945,חבושים,1,2.1198836607846962e-06
12946,נסורה,1,2.1198836607846962e-06
12947,לנו,1,2.1198836607846962e-06
12948,מיטיבים,1,2.1198836607846962e-06
12949,מתדפקים,1,2.1198836607846962e-06
12950,יתעללו,1,2.1198836607846962e-06
12951,דברופ,1,2.1198836607846962e-06
12952,נרצחה,1,2.1198836607846962e-06
12953,אנתח,1,2.1198836607846962e-06
12954,חבריםפ,1,2.1198836607846962e-06
12955,יתפקדו,1,2.1198836607846962e-06
12956,יחטאפ,1,2.1198836607846962e-06
12957,גבעהפ,1,2.1198836607846962e-06
12958,שלפי,1,2.1198836607846962e-06
12959,הנתקו,1,2.1198836607846962e-06
12960,ננוסה,1,2.1198836607846962e-06
12961,נתקנ,1,2.1198836607846962e-06
12962,מגיח,1,2.1198836607846962e-06
12963,החישו,1,2.1198836607846962e-06
12964,ימשך,1,2.1198836607846962e-06
12965,נגוף,1,2.1198836607846962e-06
12966,החלה,1,2.1198836607846962e-06
12967,הדביקת,1,2.1198836607846962e-06
12968,הרדיפ,1,2.1198836607846962e-06
12969,יעלל,1,2.1198836607846962e-06
12970,גדעם,1,2.1198836607846962e-06
12971,נמצאות,1,2.1198836607846962e-06
12972,שלמיםפ,1,2.1198836607846962e-06
12973,יתפקד,1,2.1198836607846962e-06
12974,כנעןס,1,2.1198836607846962e-06
12975,נשמדה,1,2.1198836607846962e-06
12976,ארבתם,1,2.1198836607846962e-06
12977,חטפתם,1,2.1198836607846962e-06
12978,תאשמוס,1,2.1198836607846962e-06
12979,מחללות,1,2.1198836607846962e-06
12980,א‍לימלך,1,2.1198836607846962e-06
12981,אפרתים,1,2.1198836607846962e-06
12982,מאביות,1,2.1198836607846962e-06
12983,לכנה,1,2.1198836607846962e-06
12984,מצאן,1,2.1198836607846962e-06
12985,לכן,1,2.1198836607846962e-06
12986,תעגנה,1,2.1198836607846962e-06
12987,תפגעי,1,2.1198836607846962e-06
12988,תליני,1,2.1198836607846962e-06
12989,תמותי,1,2.1198836607846962e-06
12990,מתאמצת,1,2.1198836607846962e-06
12991,מודע,1,2.1198836607846962e-06
12992,תעמוד,1,2.1198836607846962e-06
12993,תעבורי,1,2.1198836607846962e-06
12994,תעזבי,1,2.1198836607846962e-06
12995,גשי,1,2.1198836607846962e-06
12996,טבלת,1,2.1198836607846962e-06
12997,יצבט,1,2.1198836607846962e-06
12998,תתר,1,2.1198836607846962e-06
12999,צבתים,1,2.1198836607846962e-06
13000,תגערו,1,2.1198836607846962e-06
13001,הותרה,1,2.1198836607846962e-06
13002,לקטת,1,2.1198836607846962e-06
13003,מדעת,1,2.1198836607846962e-06
13004,תודעי,1,2.1198836607846962e-06
13005,ליני,1,2.1198836607846962e-06
13006,מרגלת,1,2.1198836607846962e-06
13007,מרגלותי,1,2.1198836607846962e-06
13008,טרום,1,2.1198836607846962e-06
13009,הבי,1,2.1198836607846962e-06
13010,מטפחת,1,2.1198836607846962e-06
13011,תגאל,1,2.1198836607846962e-06
13012,קניתה,1,2.1198836607846962e-06
13013,גאולה,1,2.1198836607846962e-06
13014,תמורה,1,2.1198836607846962e-06
13015,ישלף,1,2.1198836607846962e-06
13016,מאביה,1,2.1198836607846962e-06
13017,שכנות,1,2.1198836607846962e-06
13018,שלמון,1,2.1198836607846962e-06
13019,רמתים,1,2.1198836607846962e-06
13020,תחו,1,2.1198836607846962e-06
13021,פנחס,1,2.1198836607846962e-06
13022,כעסת,1,2.1198836607846962e-06
13023,הרעמ,1,2.1198836607846962e-06
13024,תכעס,1,2.1198836607846962e-06
13025,תבכי,1,2.1198836607846962e-06
13026,הרבתה,1,2.1198836607846962e-06
13027,שכרה,1,2.1198836607846962e-06
13028,תשתכרי,1,2.1198836607846962e-06
13029,הסירי,1,2.1198836607846962e-06
13030,שלת,1,2.1198836607846962e-06
13031,תקפות,1,2.1198836607846962e-06
13032,התפללתי,1,2.1198836607846962e-06
13033,השאלת,1,2.1198836607846962e-06
13034,נתכנו,1,2.1198836607846962e-06
13035,נכשלים,1,2.1198836607846962e-06
13036,אזרו,1,2.1198836607846962e-06
13037,נשכרו,1,2.1198836607846962e-06
13038,ממית,1,2.1198836607846962e-06
13039,מעשיר,1,2.1198836607846962e-06
13040,מצקי,1,2.1198836607846962e-06
13041,צלות,1,2.1198836607846962e-06
13042,מעברים,1,2.1198836607846962e-06
13043,נגליתי,1,2.1198836607846962e-06
13044,תבעטו,1,2.1198836607846962e-06
13045,הבריא,1,2.1198836607846962e-06
13046,גדעתי,1,2.1198836607846962e-06
13047,הבטת,1,2.1198836607846962e-06
13048,אדיב,1,2.1198836607846962e-06
13049,אגורת,1,2.1198836607846962e-06
13050,ספח,1,2.1198836607846962e-06
13051,כהנות,1,2.1198836607846962e-06
13052,נפרץס,1,2.1198836607846962e-06
13053,ישכבס,1,2.1198836607846962e-06
13054,תצלינה,1,2.1198836607846962e-06
13055,מקללים,1,2.1198836607846962e-06
13056,יתכפר,1,2.1198836607846962e-06
13057,כחד,1,2.1198836607846962e-06
13058,התחזקו,1,2.1198836607846962e-06
13059,נלחמתם,1,2.1198836607846962e-06
13060,נסתי,1,2.1198836607846962e-06
13061,נלקחהפ,1,2.1198836607846962e-06
13062,מפרקת,1,2.1198836607846962e-06
13063,לת,1,2.1198836607846962e-06
13064,נצבות,1,2.1198836607846962e-06
13065,ישתרו,1,2.1198836607846962e-06
13066,עקרנים,1,2.1198836607846962e-06
13067,תרפאו,1,2.1198836607846962e-06
13068,יקל,1,2.1198836607846962e-06
13069,תכבדו,1,2.1198836607846962e-06
13070,התעלל,1,2.1198836607846962e-06
13071,אסרתם,1,2.1198836607846962e-06
13072,השיבתם,1,2.1198836607846962e-06
13073,ישרנה,1,2.1198836607846962e-06
13074,געו,1,2.1198836607846962e-06
13075,ינהו,1,2.1198836607846962e-06
13076,שאלים,1,2.1198836607846962e-06
13077,רקחות,1,2.1198836607846962e-06
13078,טבחות,1,2.1198836607846962e-06
13079,אפות,1,2.1198836607846962e-06
13080,שפחותי,1,2.1198836607846962e-06
13081,זעקתם,1,2.1198836607846962e-06
13082,בכורת,1,2.1198836607846962e-06
13083,תאבדנה,1,2.1198836607846962e-06
13084,תשורה,1,2.1198836607846962e-06
13085,במהס,1,2.1198836607846962e-06
13086,צערה,1,2.1198836607846962e-06
13087,צלצח,1,2.1198836607846962e-06
13088,גדיים,1,2.1198836607846962e-06
13089,נצבי,1,2.1198836607846962e-06
13090,התנבית,1,2.1198836607846962e-06
13091,תוחל,1,2.1198836607846962e-06
13092,הפנת,1,2.1198836607846962e-06
13093,התנבות,1,2.1198836607846962e-06
13094,שמואלפ,1,2.1198836607846962e-06
13095,מטרי,1,2.1198836607846962e-06
13096,מחרישפ,1,2.1198836607846962e-06
13097,נקור,1,2.1198836607846962e-06
13098,נחדש,1,2.1198836607846962e-06
13099,אמליך,1,2.1198836607846962e-06
13100,עשקתי,1,2.1198836607846962e-06
13101,רצותי,1,2.1198836607846962e-06
13102,עשקת,1,2.1198836607846962e-06
13103,אשפטה,1,2.1198836607846962e-06
13104,יספנו,1,2.1198836607846962e-06
13105,הגדל,1,2.1198836607846962e-06
13106,תספופ,1,2.1198836607846962e-06
13107,נבאש,1,2.1198836607846962e-06
13108,צרחים,1,2.1198836607846962e-06
13109,עלהס,1,2.1198836607846962e-06
13110,הצבעים,1,2.1198836607846962e-06
13111,לטוש,1,2.1198836607846962e-06
13112,קרדמ,1,2.1198836607846962e-06
13113,פצירה,1,2.1198836607846962e-06
13114,פים,1,2.1198836607846962e-06
13115,קלשון,1,2.1198836607846962e-06
13116,קרדמים,1,2.1198836607846962e-06
13117,דרבן,1,2.1198836607846962e-06
13118,מכמשס,1,2.1198836607846962e-06
13119,איכבוד,1,2.1198836607846962e-06
13120,בוצץ,1,2.1198836607846962e-06
13121,גבעס,1,2.1198836607846962e-06
13122,מעצור,1,2.1198836607846962e-06
13123,נגלינו,1,2.1198836607846962e-06
13124,עמדנו,1,2.1198836607846962e-06
13125,התחבאו,1,2.1198836607846962e-06
13126,נודיעה,1,2.1198836607846962e-06
13127,ממותת,1,2.1198836607846962e-06
13128,הלםפ,1,2.1198836607846962e-06
13129,רבפ,1,2.1198836607846962e-06
13130,יערת,1,2.1198836607846962e-06
13131,תראנה,1,2.1198836607846962e-06
13132,תארנה,1,2.1198836607846962e-06
13133,שחטתם,1,2.1198836607846962e-06
13134,יפדו,1,2.1198836607846962e-06
13135,אבינר,1,2.1198836607846962e-06
13136,אביאלס,1,2.1198836607846962e-06
13137,עלל,1,2.1198836607846962e-06
13138,נמבזה,1,2.1198836607846962e-06
13139,החרימופ,1,2.1198836607846962e-06
13140,מציב,1,2.1198836607846962e-06
13141,החרמנוס,1,2.1198836607846962e-06
13142,החרמתה,1,2.1198836607846962e-06
13143,תעט,1,2.1198836607846962e-06
13144,הפצר,1,2.1198836607846962e-06
13145,ישקר,1,2.1198836607846962e-06
13146,מעדנת,1,2.1198836607846962e-06
13147,ישסף,1,2.1198836607846962e-06
13148,גלגלס,1,2.1198836607846962e-06
13149,התאבל,1,2.1198836607846962e-06
13150,ראיפ,1,2.1198836607846962e-06
13151,מבעת,1,2.1198836607846962e-06
13152,מיטיב,1,2.1198836607846962e-06
13153,הביאותם,1,2.1198836607846962e-06
13154,קשקשים,1,2.1198836607846962e-06
13155,מצחת,1,2.1198836607846962e-06
13156,ברו,1,2.1198836607846962e-06
13157,חרפתי,1,2.1198836607846962e-06
13158,הערב,1,2.1198836607846962e-06
13159,קליא,1,2.1198836607846962e-06
13160,הרץ,1,2.1198836607846962e-06
13161,זדנ,1,2.1198836607846962e-06
13162,המיתי,1,2.1198836607846962e-06
13163,ילקוט,1,2.1198836607846962e-06
13164,אדמני,1,2.1198836607846962e-06
13165,תטבע,1,2.1198836607846962e-06
13166,ישלפ,1,2.1198836607846962e-06
13167,ימתת,1,2.1198836607846962e-06
13168,נקשרה,1,2.1198836607846962e-06
13169,יתפשט,1,2.1198836607846962e-06
13170,שאולפ,1,2.1198836607846962e-06
13171,משחקות,1,2.1198836607846962e-06
13172,עוין,1,2.1198836607846962e-06
13173,הלאהס,1,2.1198836607846962e-06
13174,ערלתי,1,2.1198836607846962e-06
13175,יפטר,1,2.1198836607846962e-06
13176,ממלט,1,2.1198836607846962e-06
13177,מומת,1,2.1198836607846962e-06
13178,בגדס,1,2.1198836607846962e-06
13179,להקת,1,2.1198836607846962e-06
13180,שכו,1,2.1198836607846962e-06
13181,נביאםפ,1,2.1198836607846962e-06
13182,נוות,1,2.1198836607846962e-06
13183,יסתיר,1,2.1198836607846962e-06
13184,נסתרתי,1,2.1198836607846962e-06
13185,קשהס,1,2.1198836607846962e-06
13186,נפקדת,1,2.1198836607846962e-06
13187,טהורס,1,2.1198836607846962e-06
13188,מרדות,1,2.1198836607846962e-06
13189,הכלמ,1,2.1198836607846962e-06
13190,יודעתי,1,2.1198836607846962e-06
13191,אלמוני,1,2.1198836607846962e-06
13192,מוסרים,1,2.1198836607846962e-06
13193,נחוץס,1,2.1198836607846962e-06
13194,לוטה,1,2.1198836607846962e-06
13195,יתו,1,2.1198836607846962e-06
13196,יתיו,1,2.1198836607846962e-06
13197,משתגע,1,2.1198836607846962e-06
13198,משגעים,1,2.1198836607846962e-06
13199,השתגע,1,2.1198836607846962e-06
13200,מצודהס,1,2.1198836607846962e-06
13201,חרתס,1,2.1198836607846962e-06
13202,סבתי,1,2.1198836607846962e-06
13203,נסגר,1,2.1198836607846962e-06
13204,אפודס,1,2.1198836607846962e-06
13205,יסגירוס,1,2.1198836607846962e-06
13206,חרשהס,1,2.1198836607846962e-06
13207,חמלתם,1,2.1198836607846962e-06
13208,מחבאים,1,2.1198836607846962e-06
13209,חפשתי,1,2.1198836607846962e-06
13210,זיפ,1,2.1198836607846962e-06
13211,נחפז,1,2.1198836607846962e-06
13212,עטרים,1,2.1198836607846962e-06
13213,המחלקות,1,2.1198836607846962e-06
13214,נקמ,1,2.1198836607846962e-06
13215,תמלוך,1,2.1198836607846962e-06
13216,מצודהפ,1,2.1198836607846962e-06
13217,פארןס,1,2.1198836607846962e-06
13218,אבגיל,1,2.1198836607846962e-06
13219,מעללים,1,2.1198836607846962e-06
13220,מתפרצים,1,2.1198836607846962e-06
13221,טבחתי,1,2.1198836607846962e-06
13222,פקדנו,1,2.1198836607846962e-06
13223,אבוגיל,1,2.1198836607846962e-06
13224,עשוות,1,2.1198836607846962e-06
13225,עשוית,1,2.1198836607846962e-06
13226,תפגש,1,2.1198836607846962e-06
13227,מתהלכים,1,2.1198836607846962e-06
13228,צרורה,1,2.1198836607846962e-06
13229,פוקה,1,2.1198836607846962e-06
13230,תבאתי,1,2.1198836607846962e-06
13231,תבאת,1,2.1198836607846962e-06
13232,נשיםס,1,2.1198836607846962e-06
13233,מעוכה,1,2.1198836607846962e-06
13234,נקהפ,1,2.1198836607846962e-06
13235,מקיץ,1,2.1198836607846962e-06
13236,תרדמת,1,2.1198836607846962e-06
13237,הסתפח,1,2.1198836607846962e-06
13238,הסכלתי,1,2.1198836607846962e-06
13239,אשגה,1,2.1198836607846962e-06
13240,צרהפ,1,2.1198836607846962e-06
13241,גרזי,1,2.1198836607846962e-06
13242,פשטתם,1,2.1198836607846962e-06
13243,הבאש,1,2.1198836607846962e-06
13244,אדרשה,1,2.1198836607846962e-06
13245,קסומי,1,2.1198836607846962e-06
13246,מתנקש,1,2.1198836607846962e-06
13247,הרגזת,1,2.1198836607846962e-06
13248,אעשהס,1,2.1198836607846962e-06
13249,תפ,1,2.1198836607846962e-06
13250,הפקדת,1,2.1198836607846962e-06
13251,יתרצה,1,2.1198836607846962e-06
13252,יזרעאלס,1,2.1198836607846962e-06
13253,שרופה,1,2.1198836607846962e-06
13254,אשג,1,2.1198836607846962e-06
13255,דבלה,1,2.1198836607846962e-06
13256,פשטנו,1,2.1198836607846962e-06
13257,שרפנו,1,2.1198836607846962e-06
13258,אורד,1,2.1198836607846962e-06
13259,נטשים,1,2.1198836607846962e-06
13260,חגגים,1,2.1198836607846962e-06
13261,רכבו,1,2.1198836607846962e-06
13262,נהגו,1,2.1198836607846962e-06
13263,הצלנו,1,2.1198836607846962e-06
13264,ילכוס,1,2.1198836607846962e-06
13265,יחלקוס,1,2.1198836607846962e-06
13266,שפמות,1,2.1198836607846962e-06
13267,אשתמעס,1,2.1198836607846962e-06
13268,רכל,1,2.1198836607846962e-06
13269,עתך,1,2.1198836607846962e-06
13270,נקריתי,1,2.1198836607846962e-06
13271,הדבק,1,2.1198836607846962e-06
13272,שבץ,1,2.1198836607846962e-06
13273,אמתת,1,2.1198836607846962e-06
13274,מתתי,1,2.1198836607846962e-06
13275,תבשרו,1,2.1198836607846962e-06
13276,חוצת,1,2.1198836607846962e-06
13277,תשמחנה,1,2.1198836607846962e-06
13278,נגעל,1,2.1198836607846962e-06
13279,נשוג,1,2.1198836607846962e-06
13280,נאהבים,1,2.1198836607846962e-06
13281,נעימם,1,2.1198836607846962e-06
13282,בכינה,1,2.1198836607846962e-06
13283,מלבש,1,2.1198836607846962e-06
13284,עדנים,1,2.1198836607846962e-06
13285,נפלאתה,1,2.1198836607846962e-06
13286,חברנ,1,2.1198836607846962e-06
13287,תקברו,1,2.1198836607846962e-06
13288,ימלכ,1,2.1198836607846962e-06
13289,אשורי,1,2.1198836607846962e-06
13290,חדשיםס,1,2.1198836607846962e-06
13291,גבעונ,1,2.1198836607846962e-06
13292,הצרים,1,2.1198836607846962e-06
13293,אגדה,1,2.1198836607846962e-06
13294,אחרונה,1,2.1198836607846962e-06
13295,בתרון,1,2.1198836607846962e-06
13296,דליםס,1,2.1198836607846962e-06
13297,יזרעאלת,1,2.1198836607846962e-06
13298,כלאב,1,2.1198836607846962e-06
13299,באתה,1,2.1198836607846962e-06
13300,המצית,1,2.1198836607846962e-06
13301,פתת,1,2.1198836607846962e-06
13302,הסרה,1,2.1198836607846962e-06
13303,שלי,1,2.1198836607846962e-06
13304,אסרות,1,2.1198836607846962e-06
13305,הברות,1,2.1198836607846962e-06
13306,אטעם,1,2.1198836607846962e-06
13307,נרפ,1,2.1198836607846962e-06
13308,קשים,1,2.1198836607846962e-06
13309,בארתים,1,2.1198836607846962e-06
13310,גתימ,1,2.1198836607846962e-06
13311,תנס,1,2.1198836607846962e-06
13312,יפסח,1,2.1198836607846962e-06
13313,צנור,1,2.1198836607846962e-06
13314,מצדה,1,2.1198836607846962e-06
13315,אליפלטפ,1,2.1198836607846962e-06
13316,תחרץ,1,2.1198836607846962e-06
13317,מנענעים,1,2.1198836607846962e-06
13318,צלצלים,1,2.1198836607846962e-06
13319,צעדו,1,2.1198836607846962e-06
13320,צעדים,1,2.1198836607846962e-06
13321,מפזז,1,2.1198836607846962e-06
13322,יצגו,1,2.1198836607846962e-06
13323,נגלות,1,2.1198836607846962e-06
13324,שחקתי,1,2.1198836607846962e-06
13325,נקלתי,1,2.1198836607846962e-06
13326,הניחתי,1,2.1198836607846962e-06
13327,הכינתי,1,2.1198836607846962e-06
13328,העות,1,2.1198836607846962e-06
13329,הכחתי,1,2.1198836607846962e-06
13330,נגעי,1,2.1198836607846962e-06
13331,גליתה,1,2.1198836607846962e-06
13332,נושאי,1,2.1198836607846962e-06
13333,חקור,1,2.1198836607846962e-06
13334,שתותי,1,2.1198836607846962e-06
13335,נבאשו,1,2.1198836607846962e-06
13336,נתחזק,1,2.1198836607846962e-06
13337,חילם,1,2.1198836607846962e-06
13338,חלאמ,1,2.1198836607846962e-06
13339,עמוןפ,1,2.1198836607846962e-06
13340,ישחתו,1,2.1198836607846962e-06
13341,מתקדשת,1,2.1198836607846962e-06
13342,ירבשת,1,2.1198836607846962e-06
13343,השליכה,1,2.1198836607846962e-06
13344,ארבעתים,1,2.1198836607846962e-06
13345,בזת,1,2.1198836607846962e-06
13346,שמשס,1,2.1198836607846962e-06
13347,נאצת,1,2.1198836607846962e-06
13348,יאנש,1,2.1198836607846962e-06
13349,יצם,1,2.1198836607846962e-06
13350,מתלחשים,1,2.1198836607846962e-06
13351,צמתי,1,2.1198836607846962e-06
13352,ידידיה,1,2.1198836607846962e-06
13353,לכדתי,1,2.1198836607846962e-06
13354,אלכד,1,2.1198836607846962e-06
13355,מגזרת,1,2.1198836607846962e-06
13356,מלכן,1,2.1198836607846962e-06
13357,התחלות,1,2.1198836607846962e-06
13358,התחל,1,2.1198836607846962e-06
13359,יתחל,1,2.1198836607846962e-06
13360,תלוש,1,2.1198836607846962e-06
13361,תצק,1,2.1198836607846962e-06
13362,תלבשן,1,2.1198836607846962e-06
13363,מעילים,1,2.1198836607846962e-06
13364,קרעה,1,2.1198836607846962e-06
13365,אמינון,1,2.1198836607846962e-06
13366,החרישי,1,2.1198836607846962e-06
13367,תשיתי,1,2.1198836607846962e-06
13368,בגדיםס,1,2.1198836607846962e-06
13369,שומה,1,2.1198836607846962e-06
13370,מתפ,1,2.1198836607846962e-06
13371,עמיחור,1,2.1198836607846962e-06
13372,התאבלי,1,2.1198836607846962e-06
13373,תסוכי,1,2.1198836607846962e-06
13374,מתאבלת,1,2.1198836607846962e-06
13375,תקעית,1,2.1198836607846962e-06
13376,נמת,1,2.1198836607846962e-06
13377,נשמידה,1,2.1198836607846962e-06
13378,תקועית,1,2.1198836607846962e-06
13379,נקיס,1,2.1198836607846962e-06
13380,הרבת,1,2.1198836607846962e-06
13381,דבריס,1,2.1198836607846962e-06
13382,חשבתה,1,2.1198836607846962e-06
13383,נגרים,1,2.1198836607846962e-06
13384,תכחדי,1,2.1198836607846962e-06
13385,המין,1,2.1198836607846962e-06
13386,השמיל,1,2.1198836607846962e-06
13387,מראהפ,1,2.1198836607846962e-06
13388,הוצתי,1,2.1198836607846962e-06
13389,אבשלוםפ,1,2.1198836607846962e-06
13390,ססים,1,2.1198836607846962e-06
13391,הצדקתי,1,2.1198836607846962e-06
13392,גילני,1,2.1198836607846962e-06
13393,נברחה,1,2.1198836607846962e-06
13394,אנוע,1,2.1198836607846962e-06
13395,אניע,1,2.1198836607846962e-06
13396,רואה,1,2.1198836607846962e-06
13397,מתמהמה,1,2.1198836607846962e-06
13398,בוכה,1,2.1198836607846962e-06
13399,הפרתה,1,2.1198836607846962e-06
13400,הנחו,1,2.1198836607846962e-06
13401,עפרפ,1,2.1198836607846962e-06
13402,נבאשת,1,2.1198836607846962e-06
13403,אבשלםס,1,2.1198836607846962e-06
13404,החרדתי,1,2.1198836607846962e-06
13405,פחתים,1,2.1198836607846962e-06
13406,סחבנו,1,2.1198836607846962e-06
13407,צרורפ,1,2.1198836607846962e-06
13408,תעבור,1,2.1198836607846962e-06
13409,תשטח,1,2.1198836607846962e-06
13410,יחנק,1,2.1198836607846962e-06
13411,יתרא,1,2.1198836607846962e-06
13412,גלעדס,1,2.1198836607846962e-06
13413,גתיס,1,2.1198836607846962e-06
13414,עזיר,1,2.1198836607846962e-06
13415,עזורס,1,2.1198836607846962e-06
13416,נפצית,1,2.1198836607846962e-06
13417,נפצת,1,2.1198836607846962e-06
13418,תתיצב,1,2.1198836607846962e-06
13419,אחילה,1,2.1198836607846962e-06
13420,אבשרה,1,2.1198836607846962e-06
13421,בשרת,1,2.1198836607846962e-06
13422,מרצת,1,2.1198836607846962e-06
13423,יתבשר,1,2.1198836607846962e-06
13424,הבשת,1,2.1198836607846962e-06
13425,ממלטים,1,2.1198836607846962e-06
13426,עתהס,1,2.1198836607846962e-06
13427,נדון,1,2.1198836607846962e-06
13428,משחנו,1,2.1198836607846962e-06
13429,מחרשים,1,2.1198836607846962e-06
13430,צלחו,1,2.1198836607846962e-06
13431,עביר,1,2.1198836607846962e-06
13432,רמ,1,2.1198836607846962e-06
13433,אחבשה,1,2.1198836607846962e-06
13434,ארכב,1,2.1198836607846962e-06
13435,ירגל,1,2.1198836607846962e-06
13436,תחלקו,1,2.1198836607846962e-06
13437,גמולה,1,2.1198836607846962e-06
13438,כמהן,1,2.1198836607846962e-06
13439,אכלנו,1,2.1198836607846962e-06
13440,הקלת,1,2.1198836607846962e-06
13441,חיותס,1,2.1198836607846962e-06
13442,הזעק,1,2.1198836607846962e-06
13443,הזעיק,1,2.1198836607846962e-06
13444,ייחר,1,2.1198836607846962e-06
13445,יוחר,1,2.1198836607846962e-06
13446,מצמדת,1,2.1198836607846962e-06
13447,מתגלל,1,2.1198836607846962e-06
13448,בריםס,1,2.1198836607846962e-06
13449,יקלהו,1,2.1198836607846962e-06
13450,המעכה,1,2.1198836607846962e-06
13451,התמו,1,2.1198836607846962e-06
13452,אמוני,1,2.1198836607846962e-06
13453,משלך,1,2.1198836607846962e-06
13454,אכפר,1,2.1198836607846962e-06
13455,נשמדנו,1,2.1198836607846962e-06
13456,הוקענו,1,2.1198836607846962e-06
13457,ארמני,1,2.1198836607846962e-06
13458,יקיע,1,2.1198836607846962e-06
13459,המתו,1,2.1198836607846962e-06
13460,מוקעים,1,2.1198836607846962e-06
13461,בנב,1,2.1198836607846962e-06
13462,קינ,1,2.1198836607846962e-06
13463,רפהפ,1,2.1198836607846962e-06
13464,יערי,1,2.1198836607846962e-06
13465,ארגיםס,1,2.1198836607846962e-06
13466,משע,1,2.1198836607846962e-06
13467,אפפ,1,2.1198836607846962e-06
13468,יתגעש,1,2.1198836607846962e-06
13469,חשרת,1,2.1198836607846962e-06
13470,אפקי,1,2.1198836607846962e-06
13471,מסדות,1,2.1198836607846962e-06
13472,תתבר,1,2.1198836607846962e-06
13473,תתפל,1,2.1198836607846962e-06
13474,תתה,1,2.1198836607846962e-06
13475,משיע,1,2.1198836607846962e-06
13476,אדק,1,2.1198836607846962e-06
13477,ארקע,1,2.1198836607846962e-06
13478,יתכחשו,1,2.1198836607846962e-06
13479,ערוכה,1,2.1198836607846962e-06
13480,מנד,1,2.1198836607846962e-06
13481,שרוף,1,2.1198836607846962e-06
13482,בשבת,1,2.1198836607846962e-06
13483,תחכמני,1,2.1198836607846962e-06
13484,עדינ,1,2.1198836607846962e-06
13485,עצנ,1,2.1198836607846962e-06
13486,עצני,1,2.1198836607846962e-06
13487,פשטס,1,2.1198836607846962e-06
13488,אגא,1,2.1198836607846962e-06
13489,אראל,1,2.1198836607846962e-06
13490,חרדי,1,2.1198836607846962e-06
13491,אליקא,1,2.1198836607846962e-06
13492,חרדיס,1,2.1198836607846962e-06
13493,תקועיס,1,2.1198836607846962e-06
13494,מבני,1,2.1198836607846962e-06
13495,חשתיס,1,2.1198836607846962e-06
13496,הדי,1,2.1198836607846962e-06
13497,עלבון,1,2.1198836607846962e-06
13498,ערבתי,1,2.1198836607846962e-06
13499,ברחמיס,1,2.1198836607846962e-06
13500,שעלבני,1,2.1198836607846962e-06
13501,יהונתןס,1,2.1198836607846962e-06
13502,הארריס,1,2.1198836607846962e-06
13503,אחסבי,1,2.1198836607846962e-06
13504,מעכתיס,1,2.1198836607846962e-06
13505,גלניס,1,2.1198836607846962e-06
13506,פערי,1,2.1198836607846962e-06
13507,ארביס,1,2.1198836607846962e-06
13508,צבהס,1,2.1198836607846962e-06
13509,עמניס,1,2.1198836607846962e-06
13510,צריהס,1,2.1198836607846962e-06
13511,ישטו,1,2.1198836607846962e-06
13512,בקרפ,1,2.1198836607846962e-06
13513,נוטל,1,2.1198836607846962e-06
13514,אורנה,1,2.1198836607846962e-06
13515,יבסיס,1,2.1198836607846962e-06
13516,ארניה,1,2.1198836607846962e-06
13517,מרגים,1,2.1198836607846962e-06
13518,קנו,1,2.1198836607846962e-06
13519,תשרת,1,2.1198836607846962e-06
13520,אמלך,1,2.1198836607846962e-06
13521,הזחלת,1,2.1198836607846962e-06
13522,מלטי,1,2.1198836607846962e-06
13523,יאב,1,2.1198836607846962e-06
13524,עלםפ,1,2.1198836607846962e-06
13525,הרכבתם,1,2.1198836607846962e-06
13526,פרדה,1,2.1198836607846962e-06
13527,הומה,1,2.1198836607846962e-06
13528,שאלס,1,2.1198836607846962e-06
13529,נמרצת,1,2.1198836607846962e-06
13530,צרויהפ,1,2.1198836607846962e-06
13531,יושיבי,1,2.1198836607846962e-06
13532,יושיב,1,2.1198836607846962e-06
13533,ענתת,1,2.1198836607846962e-06
13534,התענית,1,2.1198836607846962e-06
13535,התענה,1,2.1198836607846962e-06
13536,הסירת,1,2.1198836607846962e-06
13537,גבענ,1,2.1198836607846962e-06
13538,הארכתי,1,2.1198836607846962e-06
13539,תשכיב,1,2.1198836607846962e-06
13540,השכיבה,1,2.1198836607846962e-06
13541,היניק,1,2.1198836607846962e-06
13542,חיפ,1,2.1198836607846962e-06
13543,אליחרף,1,2.1198836607846962e-06
13544,שישא,1,2.1198836607846962e-06
13545,אחישר,1,2.1198836607846962e-06
13546,כלכלס,1,2.1198836607846962e-06
13547,מקץ,1,2.1198836607846962e-06
13548,חנןס,1,2.1198836607846962e-06
13549,חפרס,1,2.1198836607846962e-06
13550,טפת,1,2.1198836607846962e-06
13551,צרתנ,1,2.1198836607846962e-06
13552,יקמעםס,1,2.1198836607846962e-06
13553,אחינדב,1,2.1198836607846962e-06
13554,עדא,1,2.1198836607846962e-06
13555,בעלותס,1,2.1198836607846962e-06
13556,יששכרס,1,2.1198836607846962e-06
13557,אלא,1,2.1198836607846962e-06
13558,עג,1,2.1198836607846962e-06
13559,בראים,1,2.1198836607846962e-06
13560,ברברים,1,2.1198836607846962e-06
13561,אבוסים,1,2.1198836607846962e-06
13562,שלמהס,1,2.1198836607846962e-06
13563,דרדע,1,2.1198836607846962e-06
13564,מכלת,1,2.1198836607846962e-06
13565,לבנונ,1,2.1198836607846962e-06
13566,יפסלו,1,2.1198836607846962e-06
13567,גבלים,1,2.1198836607846962e-06
13568,אטמים,1,2.1198836607846962e-06
13569,תחתנה,1,2.1198836607846962e-06
13570,מגרעות,1,2.1198836607846962e-06
13571,לולים,1,2.1198836607846962e-06
13572,יספן,1,2.1198836607846962e-06
13573,ארזיםפ,1,2.1198836607846962e-06
13574,ירכותי,1,2.1198836607846962e-06
13575,מקלעת,1,2.1198836607846962e-06
13576,רתיקות,1,2.1198836607846962e-06
13577,רתוקות,1,2.1198836607846962e-06
13578,צלעים,1,2.1198836607846962e-06
13579,פטרי,1,2.1198836607846962e-06
13580,שקף,1,2.1198836607846962e-06
13581,מגררות,1,2.1198836607846962e-06
13582,מסד,1,2.1198836607846962e-06
13583,מיסד,1,2.1198836607846962e-06
13584,שבכים,1,2.1198836607846962e-06
13585,טרים,1,2.1198836607846962e-06
13586,מקפים,1,2.1198836607846962e-06
13587,יצקים,1,2.1198836607846962e-06
13588,יכילפ,1,2.1198836607846962e-06
13589,יצקות,1,2.1198836607846962e-06
13590,מרבעות,1,2.1198836607846962e-06
13591,חשרי,1,2.1198836607846962e-06
13592,נגבס,1,2.1198836607846962e-06
13593,כירת,1,2.1198836607846962e-06
13594,ממרט,1,2.1198836607846962e-06
13595,מעבה,1,2.1198836607846962e-06
13596,זהבפ,1,2.1198836607846962e-06
13597,הנגף,1,2.1198836607846962e-06
13598,רחמו,1,2.1198836607846962e-06
13599,פרשות,1,2.1198836607846962e-06
13600,התחננתי,1,2.1198836607846962e-06
13601,התחננתה,1,2.1198836607846962e-06
13602,נתרו,1,2.1198836607846962e-06
13603,מלבשי,1,2.1198836607846962e-06
13604,מסעד,1,2.1198836607846962e-06
13605,מסחר,1,2.1198836607846962e-06
13606,מופז,1,2.1198836607846962e-06
13607,אריים,1,2.1198836607846962e-06
13608,קפים,1,2.1198836607846962e-06
13609,תכיים,1,2.1198836607846962e-06
13610,יצאופ,1,2.1198836607846962e-06
13611,אדמית,1,2.1198836607846962e-06
13612,צדנית,1,2.1198836607846962e-06
13613,מקטירות,1,2.1198836607846962e-06
13614,אדמיים,1,2.1198836607846962e-06
13615,ארםפ,1,2.1198836607846962e-06
13616,צרדה,1,2.1198836607846962e-06
13617,צרועה,1,2.1198836607846962e-06
13618,מתכסה,1,2.1198836607846962e-06
13619,צדנין,1,2.1198836607846962e-06
13620,סבה,1,2.1198836607846962e-06
13621,בדא,1,2.1198836607846962e-06
13622,הקטירפ,1,2.1198836607846962e-06
13623,שלחןפ,1,2.1198836607846962e-06
13624,מרית,1,2.1198836607846962e-06
13625,קברתם,1,2.1198836607846962e-06
13626,הכחיד,1,2.1198836607846962e-06
13627,השתנית,1,2.1198836607846962e-06
13628,שיב,1,2.1198836607846962e-06
13629,תרצת,1,2.1198836607846962e-06
13630,שושק,1,2.1198836607846962e-06
13631,טברמן,1,2.1198836607846962e-06
13632,מבעיר,1,2.1198836607846962e-06
13633,ארצא,1,2.1198836607846962e-06
13634,עמריפ,1,2.1198836607846962e-06
13635,אתבעל,1,2.1198836607846962e-06
13636,חיאל,1,2.1198836607846962e-06
13637,האלי,1,2.1198836607846962e-06
13638,יריחה,1,2.1198836607846962e-06
13639,שגיב,1,2.1198836607846962e-06
13640,אכלנ,1,2.1198836607846962e-06
13641,אחרנהס,1,2.1198836607846962e-06
13642,הרעות,1,2.1198836607846962e-06
13643,יתמדד,1,2.1198836607846962e-06
13644,אמתפ,1,2.1198836607846962e-06
13645,יחביא,1,2.1198836607846962e-06
13646,עכרתי,1,2.1198836607846962e-06
13647,יבחרו,1,2.1198836607846962e-06
13648,יפסחו,1,2.1198836607846962e-06
13649,יהתל,1,2.1198836607846962e-06
13650,שיג,1,2.1198836607846962e-06
13651,שלשו,1,2.1198836607846962e-06
13652,ישלשו,1,2.1198836607846962e-06
13653,הסבת,1,2.1198836607846962e-06
13654,לחכה,1,2.1198836607846962e-06
13655,התקדרו,1,2.1198836607846962e-06
13656,ישנס,1,2.1198836607846962e-06
13657,רצפים,1,2.1198836607846962e-06
13658,אכילה,1,2.1198836607846962e-06
13659,מפרק,1,2.1198836607846962e-06
13660,ילט,1,2.1198836607846962e-06
13661,חדרס,1,2.1198836607846962e-06
13662,יחלטו,1,2.1198836607846962e-06
13663,תשקול,1,2.1198836607846962e-06
13664,חרצת,1,2.1198836607846962e-06
13665,תחתם,1,2.1198836607846962e-06
13666,רצחת,1,2.1198836607846962e-06
13667,לקקו,1,2.1198836607846962e-06
13668,הכעסת,1,2.1198836607846962e-06
13669,הסתה,1,2.1198836607846962e-06
13670,יצום,1,2.1198836607846962e-06
13671,אטס,1,2.1198836607846962e-06
13672,נחדל,1,2.1198836607846962e-06
13673,משבע,1,2.1198836607846962e-06
13674,נפצים,1,2.1198836607846962e-06
13675,האכיל,1,2.1198836607846962e-06
13676,יגלם,1,2.1198836607846962e-06
13677,אלקח,1,2.1198836607846962e-06
13678,הקשית,1,2.1198836607846962e-06
13679,מצעק,1,2.1198836607846962e-06
13680,גיאות,1,2.1198836607846962e-06
13681,צלחית,1,2.1198836607846962e-06
13682,תבקענה,1,2.1198836607846962e-06
13683,תסתמו,1,2.1198836607846962e-06
13684,תכאבו,1,2.1198836607846962e-06
13685,החרב,1,2.1198836607846962e-06
13686,נחרבו,1,2.1198836607846962e-06
13687,הבקיע,1,2.1198836607846962e-06
13688,אסוך,1,2.1198836607846962e-06
13689,תמעיטי,1,2.1198836607846962e-06
13690,תסיעי,1,2.1198836607846962e-06
13691,מיצקת,1,2.1198836607846962e-06
13692,מוצקת,1,2.1198836607846962e-06
13693,נותרפ,1,2.1198836607846962e-06
13694,חבקת,1,2.1198836607846962e-06
13695,תכזב,1,2.1198836607846962e-06
13696,תחבש,1,2.1198836607846962e-06
13697,העלים,1,2.1198836607846962e-06
13698,תשלה,1,2.1198836607846962e-06
13699,יזורר,1,2.1198836607846962e-06
13700,תצאפ,1,2.1198836607846962e-06
13701,ארת,1,2.1198836607846962e-06
13702,פקעת,1,2.1198836607846962e-06
13703,צק,1,2.1198836607846962e-06
13704,סירס,1,2.1198836607846962e-06
13705,צקלנ,1,2.1198836607846962e-06
13706,מתאנה,1,2.1198836607846962e-06
13707,פרפר,1,2.1198836607846962e-06
13708,רצתי,1,2.1198836607846962e-06
13709,חרטים,1,2.1198836607846962e-06
13710,שלגס,1,2.1198836607846962e-06
13711,יגזרו,1,2.1198836607846962e-06
13712,יקצב,1,2.1198836607846962e-06
13713,נחתים,1,2.1198836607846962e-06
13714,יקפו,1,2.1198836607846962e-06
13715,אוליכה,1,2.1198836607846962e-06
13716,דביונים,1,2.1198836607846962e-06
13717,נבשל,1,2.1198836607846962e-06
13718,מרצח,1,2.1198836607846962e-06
13719,לחצתם,1,2.1198836607846962e-06
13720,תאכלס,1,2.1198836607846962e-06
13721,חכינו,1,2.1198836607846962e-06
13722,נבאה,1,2.1198836607846962e-06
13723,נגידה,1,2.1198836607846962e-06
13724,החפז,1,2.1198836607846962e-06
13725,ירמסו,1,2.1198836607846962e-06
13726,תגורי,1,2.1198836607846962e-06
13727,עתהפ,1,2.1198836607846962e-06
13728,תרטש,1,2.1198836607846962e-06
13729,תחכה,1,2.1198836607846962e-06
13730,יתקשר,1,2.1198836607846962e-06
13731,בדקר,1,2.1198836607846962e-06
13732,הגן,1,2.1198836607846962e-06
13733,תשקף,1,2.1198836607846962e-06
13734,ישקיפו,1,2.1198836607846962e-06
13735,שמט,1,2.1198836607846962e-06
13736,ישמטו,1,2.1198836607846962e-06
13737,איזבלפ,1,2.1198836607846962e-06
13738,נעמד,1,2.1198836607846962e-06
13739,צברים,1,2.1198836607846962e-06
13740,קשרתי,1,2.1198836607846962e-06
13741,מידעי,1,2.1198836607846962e-06
13742,מלתחה,1,2.1198836607846962e-06
13743,מחראות,1,2.1198836607846962e-06
13744,דןס,1,2.1198836607846962e-06
13745,יהושבע,1,2.1198836607846962e-06
13746,ממותתים,1,2.1198836607846962e-06
13747,מסח,1,2.1198836607846962e-06
13748,הקפתם,1,2.1198836607846962e-06
13749,מיאות,1,2.1198836607846962e-06
13750,בדקפ,1,2.1198836607846962e-06
13751,מחזקים,1,2.1198836607846962e-06
13752,מתכן,1,2.1198836607846962e-06
13753,יהיופ,1,2.1198836607846962e-06
13754,הרכב,1,2.1198836607846962e-06
13755,ארםס,1,2.1198836607846962e-06
13756,יהועדין,1,2.1198836607846962e-06
13757,נפלתה,1,2.1198836607846962e-06
13758,החפר,1,2.1198836607846962e-06
13759,יכליהו,1,2.1198836607846962e-06
13760,רביעים,1,2.1198836607846962e-06
13761,הרותי,1,2.1198836607846962e-06
13762,בקעפ,1,2.1198836607846962e-06
13763,גלעדים,1,2.1198836607846962e-06
13764,ירושא,1,2.1198836607846962e-06
13765,השליח,1,2.1198836607846962e-06
13766,ינשל,1,2.1198836607846962e-06
13767,פלסר,1,2.1198836607846962e-06
13768,קומים,1,2.1198836607846962e-06
13769,דומשק,1,2.1198836607846962e-06
13770,הקטר,1,2.1198836607846962e-06
13771,מרצפת,1,2.1198836607846962e-06
13772,מיסך,1,2.1198836607846962e-06
13773,מוסך,1,2.1198836607846962e-06
13774,חיצונ,1,2.1198836607846962e-06
13775,סוא,1,2.1198836607846962e-06
13776,מדיפ,1,2.1198836607846962e-06
13777,יחפאו,1,2.1198836607846962e-06
13778,יתמכרו,1,2.1198836607846962e-06
13779,עוא,1,2.1198836607846962e-06
13780,הגלית,1,2.1198836607846962e-06
13781,ממיתים,1,2.1198836607846962e-06
13782,הליכו,1,2.1198836607846962e-06
13783,הגליתם,1,2.1198836607846962e-06
13784,שמרנים,1,2.1198836607846962e-06
13785,אשימא,1,2.1198836607846962e-06
13786,נבחז,1,2.1198836607846962e-06
13787,תרתק,1,2.1198836607846962e-06
13788,ענמלך,1,2.1198836607846962e-06
13789,נחשתן,1,2.1198836607846962e-06
13790,אמנות,1,2.1198836607846962e-06
13791,תלאשר,1,2.1198836607846962e-06
13792,סנחרב,1,2.1198836607846962e-06
13793,השות,1,2.1198836607846962e-06
13794,שדפה,1,2.1198836607846962e-06
13795,סחיש,1,2.1198836607846962e-06
13796,הספתי,1,2.1198836607846962e-06
13797,מעלותפ,1,2.1198836607846962e-06
13798,בראדך,1,2.1198836607846962e-06
13799,אצרת,1,2.1198836607846962e-06
13800,הניד,1,2.1198836607846962e-06
13801,משלמת,1,2.1198836607846962e-06
13802,יטבה,1,2.1198836607846962e-06
13803,ידידה,1,2.1198836607846962e-06
13804,שמאולפ,1,2.1198836607846962e-06
13805,התיכו,1,2.1198836607846962e-06
13806,חרחס,1,2.1198836607846962e-06
13807,מסבי,1,2.1198836607846962e-06
13808,מזלות,1,2.1198836607846962e-06
13809,ארגות,1,2.1198836607846962e-06
13810,פרורים,1,2.1198836607846962e-06
13811,כעסים,1,2.1198836607846962e-06
13812,נכהס,1,2.1198836607846962e-06
13813,זבידה,1,2.1198836607846962e-06
13814,זבודה,1,2.1198836607846962e-06
13815,נחשתא,1,2.1198836607846962e-06
13816,הוליך,1,2.1198836607846962e-06
13817,צדקיהופ,1,2.1198836607846962e-06
13818,שפןפ,1,2.1198836607846962e-06
13819,כשדיםפ,1,2.1198836607846962e-06
13820,יפתס,1,2.1198836607846962e-06
13821,תירסס,1,2.1198836607846962e-06
13822,דיפת,1,2.1198836607846962e-06
13823,רודניםס,1,2.1198836607846962e-06
13824,סבתא,1,2.1198836607846962e-06
13825,נמרוד,1,2.1198836607846962e-06
13826,לודיים,1,2.1198836607846962e-06
13827,חמתיס,1,2.1198836607846962e-06
13828,משךס,1,2.1198836607846962e-06
13829,יקטןס,1,2.1198836607846962e-06
13830,קטורהס,1,2.1198836607846962e-06
13831,יצחקס,1,2.1198836607846962e-06
13832,קרחס,1,2.1198836607846962e-06
13833,עמלקס,1,2.1198836607846962e-06
13834,מזהס,1,2.1198836607846962e-06
13835,הומם,1,2.1198836607846962e-06
13836,תמנעס,1,2.1198836607846962e-06
13837,דישוןס,1,2.1198836607846962e-06
13838,חמרן,1,2.1198836607846962e-06
13839,כרןס,1,2.1198836607846962e-06
13840,ארןפ,1,2.1198836607846962e-06
13841,עיות,1,2.1198836607846962e-06
13842,פעי,1,2.1198836607846962e-06
13843,אשרס,1,2.1198836607846962e-06
13844,חמולס,1,2.1198836607846962e-06
13845,דרע,1,2.1198836607846962e-06
13846,חרםס,1,2.1198836607846962e-06
13847,כלובי,1,2.1198836607846962e-06
13848,אישי,1,2.1198836607846962e-06
13849,ישמעאלי,1,2.1198836607846962e-06
13850,ארדון,1,2.1198836607846962e-06
13851,בצלאלס,1,2.1198836607846962e-06
13852,מעץ,1,2.1198836607846962e-06
13853,אחבן,1,2.1198836607846962e-06
13854,זזא,1,2.1198836607846962e-06
13855,תפח,1,2.1198836607846962e-06
13856,ירקעם,1,2.1198836607846962e-06
13857,גזזס,1,2.1198836607846962e-06
13858,יהדי,1,2.1198836607846962e-06
13859,גישן,1,2.1198836607846962e-06
13860,תרחנה,1,2.1198836607846962e-06
13861,מכבנה,1,2.1198836607846962e-06
13862,גבעא,1,2.1198836607846962e-06
13863,עכסהס,1,2.1198836607846962e-06
13864,פותי,1,2.1198836607846962e-06
13865,משרעי,1,2.1198836607846962e-06
13866,צרעתי,1,2.1198836607846962e-06
13867,אשתאליס,1,2.1198836607846962e-06
13868,צרעי,1,2.1198836607846962e-06
13869,תרעתים,1,2.1198836607846962e-06
13870,שמעתים,1,2.1198836607846962e-06
13871,שוכתים,1,2.1198836607846962e-06
13872,קינים,1,2.1198836607846962e-06
13873,רכבס,1,2.1198836607846962e-06
13874,אמנן,1,2.1198836607846962e-06
13875,מלכירם,1,2.1198836607846962e-06
13876,שנאצר,1,2.1198836607846962e-06
13877,הושמע,1,2.1198836607846962e-06
13878,נדביה,1,2.1198836607846962e-06
13879,חסדיה,1,2.1198836607846962e-06
13880,הדיוהו,1,2.1198836607846962e-06
13881,הודויהו,1,2.1198836607846962e-06
13882,פליה,1,2.1198836607846962e-06
13883,אחומי,1,2.1198836607846962e-06
13884,להד,1,2.1198836607846962e-06
13885,צרעתיס,1,2.1198836607846962e-06
13886,ישמא,1,2.1198836607846962e-06
13887,ידבש,1,2.1198836607846962e-06
13888,הצללפוני,1,2.1198836607846962e-06
13889,חושה,1,2.1198836607846962e-06
13890,אחזם,1,2.1198836607846962e-06
13891,אחשתרי,1,2.1198836607846962e-06
13892,יצחר,1,2.1198836607846962e-06
13893,ענוב,1,2.1198836607846962e-06
13894,צבבה,1,2.1198836607846962e-06
13895,אחרחל,1,2.1198836607846962e-06
13896,הרום,1,2.1198836607846962e-06
13897,רכהס,1,2.1198836607846962e-06
13898,עירו,1,2.1198836607846962e-06
13899,זיפה,1,2.1198836607846962e-06
13900,תיריא,1,2.1198836607846962e-06
13901,אשראל,1,2.1198836607846962e-06
13902,ילון,1,2.1198836607846962e-06
13903,יהדיה,1,2.1198836607846962e-06
13904,יקותיאל,1,2.1198836607846962e-06
13905,בתיה,1,2.1198836607846962e-06
13906,מרדס,1,2.1198836607846962e-06
13907,שימון,1,2.1198836607846962e-06
13908,תולון,1,2.1198836607846962e-06
13909,תילון,1,2.1198836607846962e-06
13910,לכה,1,2.1198836607846962e-06
13911,לעדה,1,2.1198836607846962e-06
13912,יוקים,1,2.1198836607846962e-06
13913,כזבא,1,2.1198836607846962e-06
13914,עתיקים,1,2.1198836607846962e-06
13915,חמואל,1,2.1198836607846962e-06
13916,בראי,1,2.1198836607846962e-06
13917,משובב,1,2.1198836607846962e-06
13918,יושה,1,2.1198836607846962e-06
13919,יושביה,1,2.1198836607846962e-06
13920,עשיאל,1,2.1198836607846962e-06
13921,יעקבה,1,2.1198836607846962e-06
13922,ישוחיה,1,2.1198836607846962e-06
13923,ישימאל,1,2.1198836607846962e-06
13924,שפעי,1,2.1198836607846962e-06
13925,יצועי,1,2.1198836607846962e-06
13926,בארה,1,2.1198836607846962e-06
13927,עזז,1,2.1198836607846962e-06
13928,הגראים,1,2.1198836607846962e-06
13929,יעני,1,2.1198836607846962e-06
13930,יורי,1,2.1198836607846962e-06
13931,יעכן,1,2.1198836607846962e-06
13932,זיע,1,2.1198836607846962e-06
13933,ישישי,1,2.1198836607846962e-06
13934,עבדיאל,1,2.1198836607846962e-06
13935,נודב,1,2.1198836607846962e-06
13936,נעתור,1,2.1198836607846962e-06
13937,גלהפ,1,2.1198836607846962e-06
13938,יחדיאל,1,2.1198836607846962e-06
13939,פלנסר,1,2.1198836607846962e-06
13940,עזיאלס,1,2.1198836607846962e-06
13941,מריםס,1,2.1198836607846962e-06
13942,נבכדנאצרס,1,2.1198836607846962e-06
13943,יאתרי,1,2.1198836607846962e-06
13944,אחימות,1,2.1198836607846962e-06
13945,צופי,1,2.1198836607846962e-06
13946,ושני,1,2.1198836607846962e-06
13947,אביהס,1,2.1198836607846962e-06
13948,חגיה,1,2.1198836607846962e-06
13949,תוח,1,2.1198836607846962e-06
13950,ציף,1,2.1198836607846962e-06
13951,בעשיה,1,2.1198836607846962e-06
13952,אתני,1,2.1198836607846962e-06
13953,קישי,1,2.1198836607846962e-06
13954,מקטירים,1,2.1198836607846962e-06
13955,מושבות,1,2.1198836607846962e-06
13956,יפנהס,1,2.1198836607846962e-06
13957,חילז,1,2.1198836607846962e-06
13958,שמותס,1,2.1198836607846962e-06
13959,נותריםפ,1,2.1198836607846962e-06
13960,ענם,1,2.1198836607846962e-06
13961,רמונו,1,2.1198836607846962e-06
13962,יריאל,1,2.1198836607846962e-06
13963,יחמי,1,2.1198836607846962e-06
13964,יבשם,1,2.1198836607846962e-06
13965,אצבון,1,2.1198836607846962e-06
13966,עירי,1,2.1198836607846962e-06
13967,זמירה,1,2.1198836607846962e-06
13968,יועש,1,2.1198836607846962e-06
13969,זיתן,1,2.1198836607846962e-06
13970,אחישחר,1,2.1198836607846962e-06
13971,חפם,1,2.1198836607846962e-06
13972,יחציאל,1,2.1198836607846962e-06
13973,בלההפ,1,2.1198836607846962e-06
13974,ארמיה,1,2.1198836607846962e-06
13975,אישהוד,1,2.1198836607846962e-06
13976,אחין,1,2.1198836607846962e-06
13977,אניעםפ,1,2.1198836607846962e-06
13978,אלעדה,1,2.1198836607846962e-06
13979,אלעד,1,2.1198836607846962e-06
13980,רפח,1,2.1198836607846962e-06
13981,תלח,1,2.1198836607846962e-06
13982,משבות,1,2.1198836607846962e-06
13983,נערן,1,2.1198836607846962e-06
13984,ברזות,1,2.1198836607846962e-06
13985,ברזית,1,2.1198836607846962e-06
13986,שועא,1,2.1198836607846962e-06
13987,פסך,1,2.1198836607846962e-06
13988,במהל,1,2.1198836607846962e-06
13989,רוהגה,1,2.1198836607846962e-06
13990,רהגה,1,2.1198836607846962e-06
13991,יחבה,1,2.1198836607846962e-06
13992,חבה,1,2.1198836607846962e-06
13993,סוח,1,2.1198836607846962e-06
13994,חרנפר,1,2.1198836607846962e-06
13995,בארא,1,2.1198836607846962e-06
13996,פספה,1,2.1198836607846962e-06
13997,רציא,1,2.1198836607846962e-06
13998,אחרח,1,2.1198836607846962e-06
13999,נוחה,1,2.1198836607846962e-06
14000,אביהוד,1,2.1198836607846962e-06
14001,אחוח,1,2.1198836607846962e-06
14002,שפופן,1,2.1198836607846962e-06
14003,אחוד,1,2.1198836607846962e-06
14004,אחיחד,1,2.1198836607846962e-06
14005,חושים,1,2.1198836607846962e-06
14006,בערא,1,2.1198836607846962e-06
14007,צביא,1,2.1198836607846962e-06
14008,מישא,1,2.1198836607846962e-06
14009,יעוץ,1,2.1198836607846962e-06
14010,שכיה,1,2.1198836607846962e-06
14011,אביטוב,1,2.1198836607846962e-06
14012,משעם,1,2.1198836607846962e-06
14013,ברעה,1,2.1198836607846962e-06
14014,הבריחו,1,2.1198836607846962e-06
14015,יוחא,1,2.1198836607846962e-06
14016,ישמרי,1,2.1198836607846962e-06
14017,יזליאה,1,2.1198836607846962e-06
14018,אליעני,1,2.1198836607846962e-06
14019,בראיה,1,2.1198836607846962e-06
14020,ישפן,1,2.1198836607846962e-06
14021,ענתתיה,1,2.1198836607846962e-06
14022,יפדיה,1,2.1198836607846962e-06
14023,שמשרי,1,2.1198836607846962e-06
14024,שחריה,1,2.1198836607846962e-06
14025,יערשיה,1,2.1198836607846962e-06
14026,שמאה,1,2.1198836607846962e-06
14027,מיכהס,1,2.1198836607846962e-06
14028,תארע,1,2.1198836607846962e-06
14029,בנימןפ,1,2.1198836607846962e-06
14030,יחזרה,1,2.1198836607846962e-06
14031,משלמית,1,2.1198836607846962e-06
14032,בקבקר,1,2.1198836607846962e-06
14033,משלמיה,1,2.1198836607846962e-06
14034,ממנים,1,2.1198836607846962e-06
14035,חבתים,1,2.1198836607846962e-06
14036,פטירים,1,2.1198836607846962e-06
14037,פטורים,1,2.1198836607846962e-06
14038,שמאם,1,2.1198836607846962e-06
14039,תחרע,1,2.1198836607846962e-06
14040,אצלפ,1,2.1198836607846962e-06
14041,יורים,1,2.1198836607846962e-06
14042,יפשיט,1,2.1198836607846962e-06
14043,דגוןס,1,2.1198836607846962e-06
14044,ישיפ,1,2.1198836607846962e-06
14045,שמואלס,1,2.1198836607846962e-06
14046,מתחזקים,1,2.1198836607846962e-06
14047,יתאיו,1,2.1198836607846962e-06
14048,ינסך,1,2.1198836607846962e-06
14049,הרורי,1,2.1198836607846962e-06
14050,פלוניס,1,2.1198836607846962e-06
14051,ענתותיס,1,2.1198836607846962e-06
14052,עילי,1,2.1198836607846962e-06
14053,אחוחיס,1,2.1198836607846962e-06
14054,נטופתיס,1,2.1198836607846962e-06
14055,ערבתיס,1,2.1198836607846962e-06
14056,בחרומי,1,2.1198836607846962e-06
14057,שעלבניס,1,2.1198836607846962e-06
14058,השם,1,2.1198836607846962e-06
14059,גזוני,1,2.1198836607846962e-06
14060,הרריס,1,2.1198836607846962e-06
14061,אליפל,1,2.1198836607846962e-06
14062,אורס,1,2.1198836607846962e-06
14063,פלניס,1,2.1198836607846962e-06
14064,אזביס,1,2.1198836607846962e-06
14065,הגריס,1,2.1198836607846962e-06
14066,צרויהס,1,2.1198836607846962e-06
14067,אחליס,1,2.1198836607846962e-06
14068,עדינא,1,2.1198836607846962e-06
14069,שיזא,1,2.1198836607846962e-06
14070,שלושיםס,1,2.1198836607846962e-06
14071,מתניס,1,2.1198836607846962e-06
14072,עזיא,1,2.1198836607846962e-06
14073,עשתרתי,1,2.1198836607846962e-06
14074,יעיאלס,1,2.1198836607846962e-06
14075,ערעריס,1,2.1198836607846962e-06
14076,יחא,1,2.1198836607846962e-06
14077,תיציס,1,2.1198836607846962e-06
14078,מחוים,1,2.1198836607846962e-06
14079,יריבי,1,2.1198836607846962e-06
14080,יושויה,1,2.1198836607846962e-06
14081,אלנעם,1,2.1198836607846962e-06
14082,יתמה,1,2.1198836607846962e-06
14083,מצביהפ,1,2.1198836607846962e-06
14084,מימינים,1,2.1198836607846962e-06
14085,משמאלים,1,2.1198836607846962e-06
14086,גבעתי,1,2.1198836607846962e-06
14087,יזואל,1,2.1198836607846962e-06
14088,יזיאל,1,2.1198836607846962e-06
14089,ישמעיה,1,2.1198836607846962e-06
14090,גבעוני,1,2.1198836607846962e-06
14091,אלעוזי,1,2.1198836607846962e-06
14092,בעליה,1,2.1198836607846962e-06
14093,שמריהו,1,2.1198836607846962e-06
14094,חריפי,1,2.1198836607846962e-06
14095,חרופי,1,2.1198836607846962e-06
14096,ישיהו,1,2.1198836607846962e-06
14097,יועזר,1,2.1198836607846962e-06
14098,יועאלה,1,2.1198836607846962e-06
14099,מהרס,1,2.1198836607846962e-06
14100,משמנה,1,2.1198836607846962e-06
14101,עשיריס,1,2.1198836607846962e-06
14102,מכבני,1,2.1198836607846962e-06
14103,יבריחו,1,2.1198836607846962e-06
14104,מערבס,1,2.1198836607846962e-06
14105,יוכחס,1,2.1198836607846962e-06
14106,יקבל,1,2.1198836607846962e-06
14107,גדודפ,1,2.1198836607846962e-06
14108,עדנח,1,2.1198836607846962e-06
14109,מספרי,1,2.1198836607846962e-06
14110,שותים,1,2.1198836607846962e-06
14111,נפרצה,1,2.1198836607846962e-06
14112,ירכיבו,1,2.1198836607846962e-06
14113,אלפלט,1,2.1198836607846962e-06
14114,בעלידע,1,2.1198836607846962e-06
14115,נמשח,1,2.1198836607846962e-06
14116,שמוניםס,1,2.1198836607846962e-06
14117,שמחהפ,1,2.1198836607846962e-06
14118,ברכיהוס,1,2.1198836607846962e-06
14119,קושיהו,1,2.1198836607846962e-06
14120,יעזיאל,1,2.1198836607846962e-06
14121,שבניהו,1,2.1198836607846962e-06
14122,שמחהס,1,2.1198836607846962e-06
14123,מכרבל,1,2.1198836607846962e-06
14124,כנניה,1,2.1198836607846962e-06
14125,משמעים,1,2.1198836607846962e-06
14126,מרקד,1,2.1198836607846962e-06
14127,תרעופ,1,2.1198836607846962e-06
14128,יעלץ,1,2.1198836607846962e-06
14129,הכנעתי,1,2.1198836607846962e-06
14130,הואלת,1,2.1198836607846962e-06
14131,שושא,1,2.1198836607846962e-06
14132,מפשעה,1,2.1198836607846962e-06
14133,התבאשו,1,2.1198836607846962e-06
14134,תשועהס,1,2.1198836607846962e-06
14135,נתחזקה,1,2.1198836607846962e-06
14136,ישלימו,1,2.1198836607846962e-06
14137,חריצי,1,2.1198836607846962e-06
14138,מגרות,1,2.1198836607846962e-06
14139,ספי,1,2.1198836607846962e-06
14140,מכסים,1,2.1198836607846962e-06
14141,הרעותי,1,2.1198836607846962e-06
14142,מגפהס,1,2.1198836607846962e-06
14143,מורגים,1,2.1198836607846962e-06
14144,שקלי,1,2.1198836607846962e-06
14145,נדנ,1,2.1198836607846962e-06
14146,חצוב,1,2.1198836607846962e-06
14147,אכינה,1,2.1198836607846962e-06
14148,הצלחת,1,2.1198836607846962e-06
14149,מחלקותס,1,2.1198836607846962e-06
14150,מרריס,1,2.1198836607846962e-06
14151,חזיאל,1,2.1198836607846962e-06
14152,לעדןס,1,2.1198836607846962e-06
14153,זינא,1,2.1198836607846962e-06
14154,זיזה,1,2.1198836607846962e-06
14155,ראשס,1,2.1198836607846962e-06
14156,יכהנו,1,2.1198836607846962e-06
14157,איתמרפ,1,2.1198836607846962e-06
14158,ישבאב,1,2.1198836607846962e-06
14159,מעזיהו,1,2.1198836607846962e-06
14160,קטןס,1,2.1198836607846962e-06
14161,אשראלה,1,2.1198836607846962e-06
14162,אליאתה,1,2.1198836607846962e-06
14163,רממתי,1,2.1198836607846962e-06
14164,תלמידפ,1,2.1198836607846962e-06
14165,ישראלה,1,2.1198836607846962e-06
14166,אליתה,1,2.1198836607846962e-06
14167,יתניאל,1,2.1198836607846962e-06
14168,ממשלים,1,2.1198836607846962e-06
14169,עתני,1,2.1198836607846962e-06
14170,רפאל,1,2.1198836607846962e-06
14171,סמכיהו,1,2.1198836607846962e-06
14172,טבליהו,1,2.1198836607846962e-06
14173,שערפ,1,2.1198836607846962e-06
14174,שבאל,1,2.1198836607846962e-06
14175,יריה,1,2.1198836607846962e-06
14176,תלדתי,1,2.1198836607846962e-06
14177,נדרשו,1,2.1198836607846962e-06
14178,דודי,1,2.1198836607846962e-06
14179,עמיזבד,1,2.1198836607846962e-06
14180,שמהות,1,2.1198836607846962e-06
14181,פלוני,1,2.1198836607846962e-06
14182,בנימיני,1,2.1198836607846962e-06
14183,זכריס,1,2.1198836607846962e-06
14184,שמעוני,1,2.1198836607846962e-06
14185,צדוקס,1,2.1198836607846962e-06
14186,מיכאלס,1,2.1198836607846962e-06
14187,ישמעיהו,1,2.1198836607846962e-06
14188,עזריאלס,1,2.1198836607846962e-06
14189,פדיהוס,1,2.1198836607846962e-06
14190,זכריהוס,1,2.1198836607846962e-06
14191,אבנרס,1,2.1198836607846962e-06
14192,עדיאלס,1,2.1198836607846962e-06
14193,עזיהוס,1,2.1198836607846962e-06
14194,שפמיס,1,2.1198836607846962e-06
14195,גדריס,1,2.1198836607846962e-06
14196,יועשס,1,2.1198836607846962e-06
14197,שרטי,1,2.1198836607846962e-06
14198,שרוני,1,2.1198836607846962e-06
14199,עדליס,1,2.1198836607846962e-06
14200,ישמעלי,1,2.1198836607846962e-06
14201,מרנתיס,1,2.1198836607846962e-06
14202,יזיז,1,2.1198836607846962e-06
14203,הגרי,1,2.1198836607846962e-06
14204,יואבפ,1,2.1198836607846962e-06
14205,הנחלתם,1,2.1198836607846962e-06
14206,יזניח,1,2.1198836607846962e-06
14207,גנזכי,1,2.1198836607846962e-06
14208,פנימים,1,2.1198836607846962e-06
14209,תבניתפ,1,2.1198836607846962e-06
14210,שיש,1,2.1198836607846962e-06
14211,טוח,1,2.1198836607846962e-06
14212,יתנדבו,1,2.1198836607846962e-06
14213,שמונת,1,2.1198836607846962e-06
14214,גדולהפ,1,2.1198836607846962e-06
14215,מודים,1,2.1198836607846962e-06
14216,הכיננו,1,2.1198836607846962e-06
14217,התנדבתי,1,2.1198836607846962e-06
14218,הכינותיפ,1,2.1198836607846962e-06
14219,אצאה,1,2.1198836607846962e-06
14220,ארגון,1,2.1198836607846962e-06
14221,פתוחים,1,2.1198836607846962e-06
14222,חטבים,1,2.1198836607846962e-06
14223,צרכ,1,2.1198836607846962e-06
14224,רפסדות,1,2.1198836607846962e-06
14225,גירים,1,2.1198836607846962e-06
14226,מוריה,1,2.1198836607846962e-06
14227,פרוים,1,2.1198836607846962e-06
14228,קירותס,1,2.1198836607846962e-06
14229,צעצעים,1,2.1198836607846962e-06
14230,יצפו,1,2.1198836607846962e-06
14231,מגעת,1,2.1198836607846962e-06
14232,ביתס,1,2.1198836607846962e-06
14233,כרוביםס,1,2.1198836607846962e-06
14234,חמשס,1,2.1198836607846962e-06
14235,בעזס,1,2.1198836607846962e-06
14236,עגול,1,2.1198836607846962e-06
14237,סובבים,1,2.1198836607846962e-06
14238,מקיפים,1,2.1198836607846962e-06
14239,יצוקים,1,2.1198836607846962e-06
14240,מצקת,1,2.1198836607846962e-06
14241,יכילס,1,2.1198836607846962e-06
14242,כיורים,1,2.1198836607846962e-06
14243,שמאולס,1,2.1198836607846962e-06
14244,מזרקותס,1,2.1198836607846962e-06
14245,אביו,1,2.1198836607846962e-06
14246,מרוק,1,2.1198836607846962e-06
14247,צרדת,1,2.1198836607846962e-06
14248,פנימיות,1,2.1198836607846962e-06
14249,מחצררים,1,2.1198836607846962e-06
14250,שכון,1,2.1198836607846962e-06
14251,ה‍טיבות,1,2.1198836607846962e-06
14252,תחנתי,1,2.1198836607846962e-06
14253,משיחי,1,2.1198836607846962e-06
14254,עמדיםס,1,2.1198836607846962e-06
14255,אעצר,1,2.1198836607846962e-06
14256,נותרו,1,2.1198836607846962e-06
14257,מועדות,1,2.1198836607846962e-06
14258,אוניות,1,2.1198836607846962e-06
14259,מאחזים,1,2.1198836607846962e-06
14260,קופים,1,2.1198836607846962e-06
14261,תוכייםפ,1,2.1198836607846962e-06
14262,יעדי,1,2.1198836607846962e-06
14263,יעדו,1,2.1198836607846962e-06
14264,עקרביםס,1,2.1198836607846962e-06
14265,אכביד,1,2.1198836607846962e-06
14266,שלוני,1,2.1198836607846962e-06
14267,הדרם,1,2.1198836607846962e-06
14268,ירבעםפ,1,2.1198836607846962e-06
14269,אדורים,1,2.1198836607846962e-06
14270,זבוח,1,2.1198836607846962e-06
14271,זהם,1,2.1198836607846962e-06
14272,פילגשי,1,2.1198836607846962e-06
14273,סכיים,1,2.1198836607846962e-06
14274,ארצותס,1,2.1198836607846962e-06
14275,טוביםס,1,2.1198836607846962e-06
14276,בחורס,1,2.1198836607846962e-06
14277,יתאמצו,1,2.1198836607846962e-06
14278,הדחתם,1,2.1198836607846962e-06
14279,עזבנ,1,2.1198836607846962e-06
14280,עפרין,1,2.1198836607846962e-06
14281,יגדע,1,2.1198836607846962e-06
14282,מצורה,1,2.1198836607846962e-06
14283,בריחים,1,2.1198836607846962e-06
14284,יצליחופ,1,2.1198836607846962e-06
14285,צפתה,1,2.1198836607846962e-06
14286,עודד,1,2.1198836607846962e-06
14287,יחדש,1,2.1198836607846962e-06
14288,אסאס,1,2.1198836607846962e-06
14289,מצפהס,1,2.1198836607846962e-06
14290,נשענת,1,2.1198836607846962e-06
14291,משטטות,1,2.1198836607846962e-06
14292,ירצץ,1,2.1198836607846962e-06
14293,ראשונים,1,2.1198836607846962e-06
14294,יחלא,1,2.1198836607846962e-06
14295,שמרימות,1,2.1198836607846962e-06
14296,טוביהו,1,2.1198836607846962e-06
14297,אדוניה,1,2.1198836607846962e-06
14298,ערביאים,1,2.1198836607846962e-06
14299,עמסיה,1,2.1198836607846962e-06
14300,מיכהו,1,2.1198836607846962e-06
14301,נפוצים,1,2.1198836607846962e-06
14302,מעמיד,1,2.1198836607846962e-06
14303,מקח,1,2.1198836607846962e-06
14304,הזהרתם,1,2.1198836607846962e-06
14305,תאשמו,1,2.1198836607846962e-06
14306,טובפ,1,2.1198836607846962e-06
14307,חצצון,1,2.1198836607846962e-06
14308,נזעק,1,2.1198836607846962e-06
14309,ירואל,1,2.1198836607846962e-06
14310,תאמנו,1,2.1198836607846962e-06
14311,אתחבר,1,2.1198836607846962e-06
14312,דדוהו,1,2.1198836607846962e-06
14313,התחבר,1,2.1198836607846962e-06
14314,בכורפ,1,2.1198836607846962e-06
14315,יזן,1,2.1198836607846962e-06
14316,חליים,1,2.1198836607846962e-06
14317,יועצת,1,2.1198836607846962e-06
14318,תבוסת,1,2.1198836607846962e-06
14319,המיתת,1,2.1198836607846962e-06
14320,עדיהו,1,2.1198836607846962e-06
14321,אלישפט,1,2.1198836607846962e-06
14322,חניתים,1,2.1198836607846962e-06
14323,מגנות,1,2.1198836607846962e-06
14324,משוררים,1,2.1198836607846962e-06
14325,מודיעים,1,2.1198836607846962e-06
14326,תמיתו,1,2.1198836607846962e-06
14327,מושלים,1,2.1198836607846962e-06
14328,תמהרו,1,2.1198836607846962e-06
14329,מרשעת,1,2.1198836607846962e-06
14330,שכרים,1,2.1198836607846962e-06
14331,יאמצ,1,2.1198836607846962e-06
14332,יהוידעפ,1,2.1198836607846962e-06
14333,יזקן,1,2.1198836607846962e-06
14334,יעידו,1,2.1198836607846962e-06
14335,האזינוס,1,2.1198836607846962e-06
14336,ידרשפ,1,2.1198836607846962e-06
14337,מחליים,1,2.1198836607846962e-06
14338,מחלוים,1,2.1198836607846962e-06
14339,התקשרו,1,2.1198836607846962e-06
14340,מלכיםס,1,2.1198836607846962e-06
14341,מתקשרים,1,2.1198836607846962e-06
14342,עמונית,1,2.1198836607846962e-06
14343,שמרית,1,2.1198836607846962e-06
14344,מואבית,1,2.1198836607846962e-06
14345,ימותופ,1,2.1198836607846962e-06
14346,יכשיל,1,2.1198836607846962e-06
14347,אףפ,1,2.1198836607846962e-06
14348,נבקעוס,1,2.1198836607846962e-06
14349,רבהס,1,2.1198836607846962e-06
14350,יכיליה,1,2.1198836607846962e-06
14351,יכליה,1,2.1198836607846962e-06
14352,ערביים,1,2.1198836607846962e-06
14353,יחצב,1,2.1198836607846962e-06
14354,היהס,1,2.1198836607846962e-06
14355,שוטר,1,2.1198836607846962e-06
14356,שרינות,1,2.1198836607846962e-06
14357,חושב,1,2.1198836607846962e-06
14358,ירוא,1,2.1198836607846962e-06
14359,חפשות,1,2.1198836607846962e-06
14360,מצורע,1,2.1198836607846962e-06
14361,ירושה,1,2.1198836607846962e-06
14362,מלחמתי,1,2.1198836607846962e-06
14363,הריש,1,2.1198836607846962e-06
14364,שמרוןס,1,2.1198836607846962e-06
14365,שביתם,1,2.1198836607846962e-06
14366,חדלי,1,2.1198836607846962e-06
14367,מערמי,1,2.1198836607846962e-06
14368,ינעלו,1,2.1198836607846962e-06
14369,ינהלו,1,2.1198836607846962e-06
14370,גמזו,1,2.1198836607846962e-06
14371,הפריע,1,2.1198836607846962e-06
14372,מעזרים,1,2.1198836607846962e-06
14373,יכבו,1,2.1198836607846962e-06
14374,מקטריםס,1,2.1198836607846962e-06
14375,מתניהוס,1,2.1198836607846962e-06
14376,יחואל,1,2.1198836607846962e-06
14377,טהרנו,1,2.1198836607846962e-06
14378,הכנו,1,2.1198836607846962e-06
14379,הקדשנו,1,2.1198836607846962e-06
14380,חצצרותס,1,2.1198836607846962e-06
14381,ישתחוופ,1,2.1198836607846962e-06
14382,משחיקים,1,2.1198836607846962e-06
14383,מלעגים,1,2.1198836607846962e-06
14384,זרקים,1,2.1198836607846962e-06
14385,שחיטת,1,2.1198836607846962e-06
14386,צאןס,1,2.1198836607846962e-06
14387,יגדעו,1,2.1198836607846962e-06
14388,ערמותס,1,2.1198836607846962e-06
14389,יסמכיהו,1,2.1198836607846962e-06
14390,שוער,1,2.1198836607846962e-06
14391,מנימן,1,2.1198836607846962e-06
14392,משמרותי,1,2.1198836607846962e-06
14393,ירושלימ,1,2.1198836607846962e-06
14394,יציא,1,2.1198836607846962e-06
14395,יציאי,1,2.1198836607846962e-06
14396,אורות,1,2.1198836607846962e-06
14397,כשף,1,2.1198836607846962e-06
14398,ידעוני,1,2.1198836607846962e-06
14399,עילום,1,2.1198836607846962e-06
14400,העתר,1,2.1198836607846962e-06
14401,חוזי,1,2.1198836607846962e-06
14402,מזבחותים,1,2.1198836607846962e-06
14403,ינתץ,1,2.1198836607846962e-06
14404,בדוק,1,2.1198836607846962e-06
14405,סבלים,1,2.1198836607846962e-06
14406,סופרים,1,2.1198836607846962e-06
14407,יתיכו,1,2.1198836607846962e-06
14408,תוקהת,1,2.1198836607846962e-06
14409,תקהת,1,2.1198836607846962e-06
14410,חסרה,1,2.1198836607846962e-06
14411,כתובות,1,2.1198836607846962e-06
14412,מבונים,1,2.1198836607846962e-06
14413,הכונו,1,2.1198836607846962e-06
14414,נגידי,1,2.1198836607846962e-06
14415,מפשיטים,1,2.1198836607846962e-06
14416,מפלגות,1,2.1198836607846962e-06
14417,צלחות,1,2.1198836607846962e-06
14418,יריצו,1,2.1198836607846962e-06
14419,חוזה,1,2.1198836607846962e-06
14420,יאשיהופ,1,2.1198836607846962e-06
14421,יקונן,1,2.1198836607846962e-06
14422,קינותי,1,2.1198836607846962e-06
14423,קינות,1,2.1198836607846962e-06
14424,תעבתי,1,2.1198836607846962e-06
14425,מלעבים,1,2.1198836607846962e-06
14426,בוזים,1,2.1198836607846962e-06
14427,מתעתעים,1,2.1198836607846962e-06
14428,ישש,1,2.1198836607846962e-06
14429,השחיתס,1,2.1198836607846962e-06
14430,שבתותי,1,2.1198836607846962e-06
14431,התנדבס,1,2.1198836607846962e-06
14432,גזבר,1,2.1198836607846962e-06
14433,מחלפים,1,2.1198836607846962e-06
14434,נבוכדנצור,1,2.1198836607846962e-06
14435,רעליה,1,2.1198836607846962e-06
14436,שבעיםס,1,2.1198836607846962e-06
14437,מגביש,1,2.1198836607846962e-06
14438,שמנהפ,1,2.1198836607846962e-06
14439,תשעהפ,1,2.1198836607846962e-06
14440,חשופא,1,2.1198836607846962e-06
14441,סיעהא,1,2.1198836607846962e-06
14442,שמלי,1,2.1198836607846962e-06
14443,אסנה,1,2.1198836607846962e-06
14444,נפיסים,1,2.1198836607846962e-06
14445,נפוסים,1,2.1198836607846962e-06
14446,בצלות,1,2.1198836607846962e-06
14447,סטי,1,2.1198836607846962e-06
14448,פרודא,1,2.1198836607846962e-06
14449,פרדי,1,2.1198836607846962e-06
14450,עריםס,1,2.1198836607846962e-06
14451,מכונתי,1,2.1198836607846962e-06
14452,יפוא,1,2.1198836607846962e-06
14453,רשיון,1,2.1198836607846962e-06
14454,הודת,1,2.1198836607846962e-06
14455,מריעים,1,2.1198836607846962e-06
14456,רחוקפ,1,2.1198836607846962e-06
14457,נדרוש,1,2.1198836607846962e-06
14458,מרפים,1,2.1198836607846962e-06
14459,מבלהים,1,2.1198836607846962e-06
14460,סכרים,1,2.1198836607846962e-06
14461,בשלם,1,2.1198836607846962e-06
14462,טבאל,1,2.1198836607846962e-06
14463,כנותי,1,2.1198836607846962e-06
14464,מתרגם,1,2.1198836607846962e-06
14465,ארמיתפ,1,2.1198836607846962e-06
14466,דיניא,1,2.1198836607846962e-06
14467,אפרסתכי,1,2.1198836607846962e-06
14468,טרפלי,1,2.1198836607846962e-06
14469,אפרסי,1,2.1198836607846962e-06
14470,בבלי,1,2.1198836607846962e-06
14471,שושנכי,1,2.1198836607846962e-06
14472,ד,1,2.1198836607846962e-06
14473,דהי,1,2.1198836607846962e-06
14474,אסנפר,1,2.1198836607846962e-06
14475,הותב,1,2.1198836607846962e-06
14476,כענתפ,1,2.1198836607846962e-06
14477,לות,1,2.1198836607846962e-06
14478,באישת,1,2.1198836607846962e-06
14479,אשכללו,1,2.1198836607846962e-06
14480,יחיטו,1,2.1198836607846962e-06
14481,ינתנון,1,2.1198836607846962e-06
14482,אפתם,1,2.1198836607846962e-06
14483,תהנזק,1,2.1198836607846962e-06
14484,מלחנא,1,2.1198836607846962e-06
14485,א‍ריך,1,2.1198836607846962e-06
14486,מחזא,1,2.1198836607846962e-06
14487,שלחנא,1,2.1198836607846962e-06
14488,הודענא,1,2.1198836607846962e-06
14489,קריא,1,2.1198836607846962e-06
14490,מרדא,1,2.1198836607846962e-06
14491,מהנזקת,1,2.1198836607846962e-06
14492,מדנן,1,2.1198836607846962e-06
14493,עבדין,1,2.1198836607846962e-06
14494,החרבת,1,2.1198836607846962e-06
14495,יתבין,1,2.1198836607846962e-06
14496,כעתס,1,2.1198836607846962e-06
14497,שלחתון,1,2.1198836607846962e-06
14498,מתנשאה,1,2.1198836607846962e-06
14499,שליטין,1,2.1198836607846962e-06
14500,יתשם,1,2.1198836607846962e-06
14501,זהירין,1,2.1198836607846962e-06
14502,הנזקת,1,2.1198836607846962e-06
14503,מלכיןס,1,2.1198836607846962e-06
14504,בהילו,1,2.1198836607846962e-06
14505,אדרע,1,2.1198836607846962e-06
14506,בטלת,1,2.1198836607846962e-06
14507,פרספ,1,2.1198836607846962e-06
14508,התנבי,1,2.1198836607846962e-06
14509,הוןס,1,2.1198836607846962e-06
14510,שריו,1,2.1198836607846962e-06
14511,מסעדין,1,2.1198836607846962e-06
14512,הוןפ,1,2.1198836607846962e-06
14513,שכללהס,1,2.1198836607846962e-06
14514,בנינ,1,2.1198836607846962e-06
14515,יתיבון,1,2.1198836607846962e-06
14516,דנהפ,1,2.1198836607846962e-06
14517,אזלנא,1,2.1198836607846962e-06
14518,מתשם,1,2.1198836607846962e-06
14519,כתלי,1,2.1198836607846962e-06
14520,מתעבדא,1,2.1198836607846962e-06
14521,מצלח,1,2.1198836607846962e-06
14522,מבניה,1,2.1198836607846962e-06
14523,שכללה,1,2.1198836607846962e-06
14524,הודעות,1,2.1198836607846962e-06
14525,התיבו,1,2.1198836607846962e-06
14526,שכלל,1,2.1198836607846962e-06
14527,הרגזו,1,2.1198836607846962e-06
14528,כסדי,1,2.1198836607846962e-06
14529,כסדא,1,2.1198836607846962e-06
14530,יהיבו,1,2.1198836607846962e-06
14531,יתבקר,1,2.1198836607846962e-06
14532,נאס,1,2.1198836607846962e-06
14533,מהחתין,1,2.1198836607846962e-06
14534,אחמתא,1,2.1198836607846962e-06
14535,בירת,1,2.1198836607846962e-06
14536,דכרונ,1,2.1198836607846962e-06
14537,אשו,1,2.1198836607846962e-06
14538,מסובלין,1,2.1198836607846962e-06
14539,נדבכין,1,2.1198836607846962e-06
14540,נדבך,1,2.1198836607846962e-06
14541,תתיהב,1,2.1198836607846962e-06
14542,יהתיבון,1,2.1198836607846962e-06
14543,רחיקין,1,2.1198836607846962e-06
14544,יבנון,1,2.1198836607846962e-06
14545,מא,1,2.1198836607846962e-06
14546,נכסי,1,2.1198836607846962e-06
14547,מתיהבא,1,2.1198836607846962e-06
14548,חשחן,1,2.1198836607846962e-06
14549,מהקרבין,1,2.1198836607846962e-06
14550,ניחוחין,1,2.1198836607846962e-06
14551,מצלין,1,2.1198836607846962e-06
14552,יהשנא,1,2.1198836607846962e-06
14553,יתנסח,1,2.1198836607846962e-06
14554,זקיף,1,2.1198836607846962e-06
14555,יתמחא,1,2.1198836607846962e-06
14556,נולו,1,2.1198836607846962e-06
14557,ימגר,1,2.1198836607846962e-06
14558,יתעבדפ,1,2.1198836607846962e-06
14559,מצלחין,1,2.1198836607846962e-06
14560,שיציא,1,2.1198836607846962e-06
14561,מאתין,1,2.1198836607846962e-06
14562,עזין,1,2.1198836607846962e-06
14563,מנין,1,2.1198836607846962e-06
14564,פלגת,1,2.1198836607846962e-06
14565,גמיר,1,2.1198836607846962e-06
14566,מהך,1,2.1198836607846962e-06
14567,בקרא,1,2.1198836607846962e-06
14568,היבלה,1,2.1198836607846962e-06
14569,התנדבות,1,2.1198836607846962e-06
14570,מתנדבין,1,2.1198836607846962e-06
14571,מדבח,1,2.1198836607846962e-06
14572,מתיהבין,1,2.1198836607846962e-06
14573,פלחן,1,2.1198836607846962e-06
14574,השלם,1,2.1198836607846962e-06
14575,חשחות,1,2.1198836607846962e-06
14576,מנתן,1,2.1198836607846962e-06
14577,גזברי,1,2.1198836607846962e-06
14578,ישאלנ,1,2.1198836607846962e-06
14579,ככרין,1,2.1198836607846962e-06
14580,כרין,1,2.1198836607846962e-06
14581,אדרזדא,1,2.1198836607846962e-06
14582,תרעי,1,2.1198836607846962e-06
14583,נתיני,1,2.1198836607846962e-06
14584,פלחי,1,2.1198836607846962e-06
14585,שפטין,1,2.1198836607846962e-06
14586,דינין,1,2.1198836607846962e-06
14587,דאנין,1,2.1198836607846962e-06
14588,דאינין,1,2.1198836607846962e-06
14589,תהודעון,1,2.1198836607846962e-06
14590,נכסין,1,2.1198836607846962e-06
14591,אסוריןפ,1,2.1198836607846962e-06
14592,יועצי,1,2.1198836607846962e-06
14593,גרשםס,1,2.1198836607846962e-06
14594,דניאלס,1,2.1198836607846962e-06
14595,חטושס,1,2.1198836607846962e-06
14596,חמשיםס,1,2.1198836607846962e-06
14597,יוספיה,1,2.1198836607846962e-06
14598,זכריםפ,1,2.1198836607846962e-06
14599,נחנה,1,2.1198836607846962e-06
14600,נצומ,1,2.1198836607846962e-06
14601,אבדיל,1,2.1198836607846962e-06
14602,מצהב,1,2.1198836607846962e-06
14603,חמודת,1,2.1198836607846962e-06
14604,שקדו,1,2.1198836607846962e-06
14605,נשקל,1,2.1198836607846962e-06
14606,היאפ,1,2.1198836607846962e-06
14607,התערבו,1,2.1198836607846962e-06
14608,ראשונהס,1,2.1198836607846962e-06
14609,תענית,1,2.1198836607846962e-06
14610,אכרע,1,2.1198836607846962e-06
14611,פליטהפ,1,2.1198836607846962e-06
14612,התודת,1,2.1198836607846962e-06
14613,מתנפל,1,2.1198836607846962e-06
14614,בכהס,1,2.1198836607846962e-06
14615,מעלנו,1,2.1198836607846962e-06
14616,מרעידים,1,2.1198836607846962e-06
14617,גשמיםפ,1,2.1198836607846962e-06
14618,גשמים,1,2.1198836607846962e-06
14619,הרבינו,1,2.1198836607846962e-06
14620,יחזיה,1,2.1198836607846962e-06
14621,ראשוןפ,1,2.1198836607846962e-06
14622,זבדיהס,1,2.1198836607846962e-06
14623,אלעשהס,1,2.1198836607846962e-06
14624,קליה,1,2.1198836607846962e-06
14625,אליעזרס,1,2.1198836607846962e-06
14626,אוריס,1,2.1198836607846962e-06
14627,יזיה,1,2.1198836607846962e-06
14628,בניהס,1,2.1198836607846962e-06
14629,אליהס,1,2.1198836607846962e-06
14630,אליועני,1,2.1198836607846962e-06
14631,עזיזאס,1,2.1198836607846962e-06
14632,עתליס,1,2.1198836607846962e-06
14633,רמותס,1,2.1198836607846962e-06
14634,כלל,1,2.1198836607846962e-06
14635,שמריהס,1,2.1198836607846962e-06
14636,מתתה,1,2.1198836607846962e-06
14637,ירמי,1,2.1198836607846962e-06
14638,אואלס,1,2.1198836607846962e-06
14639,בדיה,1,2.1198836607846962e-06
14640,כלהי,1,2.1198836607846962e-06
14641,כלוהו,1,2.1198836607846962e-06
14642,וניה,1,2.1198836607846962e-06
14643,יעשי,1,2.1198836607846962e-06
14644,מכנדבי,1,2.1198836607846962e-06
14645,זבינא,1,2.1198836607846962e-06
14646,בניםפ,1,2.1198836607846962e-06
14647,כסליו,1,2.1198836607846962e-06
14648,מפרצת,1,2.1198836607846962e-06
14649,אתאבל,1,2.1198836607846962e-06
14650,פתוחות,1,2.1198836607846962e-06
14651,חבלנו,1,2.1198836607846962e-06
14652,תמעלו,1,2.1198836607846962e-06
14653,הבואתי,1,2.1198836607846962e-06
14654,מהלכ,1,2.1198836607846962e-06
14655,פרשיםפ,1,2.1198836607846962e-06
14656,התנין,1,2.1198836607846962e-06
14657,מפרוצים,1,2.1198836607846962e-06
14658,טובהפ,1,2.1198836607846962e-06
14659,טביה,1,2.1198836607846962e-06
14660,חננאלס,1,2.1198836607846962e-06
14661,אמריס,1,2.1198836607846962e-06
14662,מנעולי,1,2.1198836607846962e-06
14663,הקוץס,1,2.1198836607846962e-06
14664,משיזבאלס,1,2.1198836607846962e-06
14665,בענאס,1,2.1198836607846962e-06
14666,תקועים,1,2.1198836607846962e-06
14667,בסודיה,1,2.1198836607846962e-06
14668,מלטיה,1,2.1198836607846962e-06
14669,גבעני,1,2.1198836607846962e-06
14670,מרנתי,1,2.1198836607846962e-06
14671,נהרס,1,2.1198836607846962e-06
14672,חרהיה,1,2.1198836607846962e-06
14673,צורפיםס,1,2.1198836607846962e-06
14674,רקחים,1,2.1198836607846962e-06
14675,רחבהס,1,2.1198836607846962e-06
14676,חרומף,1,2.1198836607846962e-06
14677,תנוריםס,1,2.1198836607846962e-06
14678,אשפות,1,2.1198836607846962e-06
14679,שלון,1,2.1198836607846962e-06
14680,יטלל,1,2.1198836607846962e-06
14681,יורדות,1,2.1198836607846962e-06
14682,עזבוק,1,2.1198836607846962e-06
14683,פלכ,1,2.1198836607846962e-06
14684,בוי,1,2.1198836607846962e-06
14685,מקצעס,1,2.1198836607846962e-06
14686,החרה,1,2.1198836607846962e-06
14687,אלישיבס,1,2.1198836607846962e-06
14688,אוזי,1,2.1198836607846962e-06
14689,פרעשס,1,2.1198836607846962e-06
14690,יוצאס,1,2.1198836607846962e-06
14691,מזרחס,1,2.1198836607846962e-06
14692,צלף,1,2.1198836607846962e-06
14693,נשכת,1,2.1198836607846962e-06
14694,צרפי,1,2.1198836607846962e-06
14695,צרפים,1,2.1198836607846962e-06
14696,רכליםפ,1,2.1198836607846962e-06
14697,אמללים,1,2.1198836607846962e-06
14698,שרופות,1,2.1198836607846962e-06
14699,הכעיסו,1,2.1198836607846962e-06
14700,הסתם,1,2.1198836607846962e-06
14701,נתפלל,1,2.1198836607846962e-06
14702,נעמיד,1,2.1198836607846962e-06
14703,השבתנו,1,2.1198836607846962e-06
14704,צחחיים,1,2.1198836607846962e-06
14705,צחיחים,1,2.1198836607846962e-06
14706,רמחי,1,2.1198836607846962e-06
14707,שרינים,1,2.1198836607846962e-06
14708,עמשים,1,2.1198836607846962e-06
14709,מחזקת,1,2.1198836607846962e-06
14710,נפרדים,1,2.1198836607846962e-06
14711,פשטים,1,2.1198836607846962e-06
14712,לוינו,1,2.1198836607846962e-06
14713,נכבשות,1,2.1198836607846962e-06
14714,קהלה,1,2.1198836607846962e-06
14715,נמכרים,1,2.1198836607846962e-06
14716,נמכרו,1,2.1198836607846962e-06
14717,נעזבה,1,2.1198836607846962e-06
14718,קבוצים,1,2.1198836607846962e-06
14719,בררות,1,2.1198836607846962e-06
14720,נועדה,1,2.1198836607846962e-06
14721,גשמו,1,2.1198836607846962e-06
14722,נועצה,1,2.1198836607846962e-06
14723,בודא,1,2.1198836607846962e-06
14724,נועד,1,2.1198836607846962e-06
14725,נסגרה,1,2.1198836607846962e-06
14726,יחרפו,1,2.1198836607846962e-06
14727,אגרתי,1,2.1198836607846962e-06
14728,הולכות,1,2.1198836607846962e-06
14729,טובתי,1,2.1198836607846962e-06
14730,יגיפו,1,2.1198836607846962e-06
14731,בנוים,1,2.1198836607846962e-06
14732,יחש,1,2.1198836607846962e-06
14733,רעמיה,1,2.1198836607846962e-06
14734,נחמני,1,2.1198836607846962e-06
14735,מספרת,1,2.1198836607846962e-06
14736,הודוה,1,2.1198836607846962e-06
14737,צחא,1,2.1198836607846962e-06
14738,חשפא,1,2.1198836607846962e-06
14739,קירס,1,2.1198836607846962e-06
14740,סיעא,1,2.1198836607846962e-06
14741,נפושסים,1,2.1198836607846962e-06
14742,נפישסים,1,2.1198836607846962e-06
14743,בצלית,1,2.1198836607846962e-06
14744,סוטי,1,2.1198836607846962e-06
14745,סופרת,1,2.1198836607846962e-06
14746,פרידא,1,2.1198836607846962e-06
14747,יעלא,1,2.1198836607846962e-06
14748,תומים,1,2.1198836607846962e-06
14749,דרכמנים,1,2.1198836607846962e-06
14750,חשבדנה,1,2.1198836607846962e-06
14751,משלםפ,1,2.1198836607846962e-06
14752,מקראס,1,2.1198836607846962e-06
14753,תתאבלו,1,2.1198836607846962e-06
14754,משמנים,1,2.1198836607846962e-06
14755,חדות,1,2.1198836607846962e-06
14756,הסו,1,2.1198836607846962e-06
14757,כתובפ,1,2.1198836607846962e-06
14758,יתודו,1,2.1198836607846962e-06
14759,כנני,1,2.1198836607846962e-06
14760,הנחית,1,2.1198836607846962e-06
14761,תורות,1,2.1198836607846962e-06
14762,מצוות,1,2.1198836607846962e-06
14763,סליחות,1,2.1198836607846962e-06
14764,כלכלת,1,2.1198836607846962e-06
14765,חסרו,1,2.1198836607846962e-06
14766,בצקו,1,2.1198836607846962e-06
14767,עממים,1,2.1198836607846962e-06
14768,ישמינו,1,2.1198836607846962e-06
14769,יתעדנו,1,2.1198836607846962e-06
14770,ימרדו,1,2.1198836607846962e-06
14771,מושיעים,1,2.1198836607846962e-06
14772,סוררת,1,2.1198836607846962e-06
14773,העידת,1,2.1198836607846962e-06
14774,אנחנופ,1,2.1198836607846962e-06
14775,חתומים,1,2.1198836607846962e-06
14776,מעזיה,1,2.1198836607846962e-06
14777,בלגי,1,2.1198836607846962e-06
14778,אזניה,1,2.1198836607846962e-06
14779,בנינוס,1,2.1198836607846962e-06
14780,נובי,1,2.1198836607846962e-06
14781,ניבי,1,2.1198836607846962e-06
14782,מגפיעש,1,2.1198836607846962e-06
14783,פלחא,1,2.1198836607846962e-06
14784,שובק,1,2.1198836607846962e-06
14785,חשבנה,1,2.1198836607846962e-06
14786,מקחות,1,2.1198836607846962e-06
14787,מכור,1,2.1198836607846962e-06
14788,העמדנו,1,2.1198836607846962e-06
14789,הפלנו,1,2.1198836607846962e-06
14790,בהמתי,1,2.1198836607846962e-06
14791,בקרי,1,2.1198836607846962e-06
14792,צאני,1,2.1198836607846962e-06
14793,עריסתי,1,2.1198836607846962e-06
14794,מעשרים,1,2.1198836607846962e-06
14795,עתיה,1,2.1198836607846962e-06
14796,חזיה,1,2.1198836607846962e-06
14797,סנואה,1,2.1198836607846962e-06
14798,משנהפ,1,2.1198836607846962e-06
14799,פלליה,1,2.1198836607846962e-06
14800,עמשסי,1,2.1198836607846962e-06
14801,גדוליםס,1,2.1198836607846962e-06
14802,ארבעהפ,1,2.1198836607846962e-06
14803,גשפא,1,2.1198836607846962e-06
14804,נתיניםפ,1,2.1198836607846962e-06
14805,יקבצאל,1,2.1198836607846962e-06
14806,נבלט,1,2.1198836607846962e-06
14807,החרשים,1,2.1198836607846962e-06
14808,בנימיןפ,1,2.1198836607846962e-06
14809,מרמת,1,2.1198836607846962e-06
14810,גנתוי,1,2.1198836607846962e-06
14811,מימין,1,2.1198836607846962e-06
14812,מעדיה,1,2.1198836607846962e-06
14813,ישועפ,1,2.1198836607846962e-06
14814,הידות,1,2.1198836607846962e-06
14815,מליכו,1,2.1198836607846962e-06
14816,עדיא,1,2.1198836607846962e-06
14817,מועדיה,1,2.1198836607846962e-06
14818,פרסיפ,1,2.1198836607846962e-06
14819,סופרפ,1,2.1198836607846962e-06
14820,חנכה,1,2.1198836607846962e-06
14821,הגלגל,1,2.1198836607846962e-06
14822,תהלכת,1,2.1198836607846962e-06
14823,ירמיהס,1,2.1198836607846962e-06
14824,מללי,1,2.1198836607846962e-06
14825,הולכת,1,2.1198836607846962e-06
14826,מואל,1,2.1198836607846962e-06
14827,תנורים,1,2.1198836607846962e-06
14828,נשכות,1,2.1198836607846962e-06
14829,מעשרות,1,2.1198836607846962e-06
14830,מנאות,1,2.1198836607846962e-06
14831,אהרןפ,1,2.1198836607846962e-06
14832,נשאלתי,1,2.1198836607846962e-06
14833,נשכה,1,2.1198836607846962e-06
14834,אשליכ,1,2.1198836607846962e-06
14835,לבונהפ,1,2.1198836607846962e-06
14836,משמרי,1,2.1198836607846962e-06
14837,גתות,1,2.1198836607846962e-06
14838,מכרים,1,2.1198836607846962e-06
14839,מוסיפים,1,2.1198836607846962e-06
14840,לנים,1,2.1198836607846962e-06
14841,תשנו,1,2.1198836607846962e-06
14842,אשדודיות,1,2.1198836607846962e-06
14843,אשדדיות,1,2.1198836607846962e-06
14844,עמוניות,1,2.1198836607846962e-06
14845,אשדודית,1,2.1198836607846962e-06
14846,אקלל,1,2.1198836607846962e-06
14847,אהוב,1,2.1198836607846962e-06
14848,אבריח,1,2.1198836607846962e-06
14849,מזמנות,1,2.1198836607846962e-06
14850,כרפס,1,2.1198836607846962e-06
14851,אחוז,1,2.1198836607846962e-06
14852,רצפת,1,2.1198836607846962e-06
14853,בהט,1,2.1198836607846962e-06
14854,שתיה,1,2.1198836607846962e-06
14855,אחשורושס,1,2.1198836607846962e-06
14856,מהומן,1,2.1198836607846962e-06
14857,בזתא,1,2.1198836607846962e-06
14858,חרבונא,1,2.1198836607846962e-06
14859,בגתא,1,2.1198836607846962e-06
14860,אבגתא,1,2.1198836607846962e-06
14861,זתר,1,2.1198836607846962e-06
14862,כרכס,1,2.1198836607846962e-06
14863,כרשנא,1,2.1198836607846962e-06
14864,אדמתא,1,2.1198836607846962e-06
14865,מרסנא,1,2.1198836607846962e-06
14866,סריסיםס,1,2.1198836607846962e-06
14867,מומכן,1,2.1198836607846962e-06
14868,עותה,1,2.1198836607846962e-06
14869,הבזות,1,2.1198836607846962e-06
14870,בזיון,1,2.1198836607846962e-06
14871,טובות,1,2.1198836607846962e-06
14872,הגא,1,2.1198836607846962e-06
14873,הגלתה,1,2.1198836607846962e-06
14874,הדסה,1,2.1198836607846962e-06
14875,השמע,1,2.1198836607846962e-06
14876,ראיות,1,2.1198836607846962e-06
14877,מרוקי,1,2.1198836607846962e-06
14878,שעשגז,1,2.1198836607846962e-06
14879,הנחה,1,2.1198836607846962e-06
14880,מגדת,1,2.1198836607846962e-06
14881,בגתן,1,2.1198836607846962e-06
14882,אדרס,1,2.1198836607846962e-06
14883,מפרד,1,2.1198836607846962e-06
14884,נחתם,1,2.1198836607846962e-06
14885,נשלוח,1,2.1198836607846962e-06
14886,נבוכהפ,1,2.1198836607846962e-06
14887,תתחלחל,1,2.1198836607846962e-06
14888,צוות,1,2.1198836607846962e-06
14889,התחנן,1,2.1198836607846962e-06
14890,יושיט,1,2.1198836607846962e-06
14891,נקראתי,1,2.1198836607846962e-06
14892,אסתרפ,1,2.1198836607846962e-06
14893,תחרישי,1,2.1198836607846962e-06
14894,הגעת,1,2.1198836607846962e-06
14895,צומו,1,2.1198836607846962e-06
14896,אצום,1,2.1198836607846962e-06
14897,צותה,1,2.1198836607846962e-06
14898,אסתרס,1,2.1198836607846962e-06
14899,שרביטס,1,2.1198836607846962e-06
14900,זע,1,2.1198836607846962e-06
14901,עץפ,1,2.1198836607846962e-06
14902,זכרנות,1,2.1198836607846962e-06
14903,בגתנא,1,2.1198836607846962e-06
14904,הרכיב,1,2.1198836607846962e-06
14905,כבוש,1,2.1198836607846962e-06
14906,חפוס,1,2.1198836607846962e-06
14907,חרבונה,1,2.1198836607846962e-06
14908,שככהפ,1,2.1198836607846962e-06
14909,המןפ,1,2.1198836607846962e-06
14910,שרבט,1,2.1198836607846962e-06
14911,כשר,1,2.1198836607846962e-06
14912,נחתום,1,2.1198836607846962e-06
14913,סיון,1,2.1198836607846962e-06
14914,רמכים,1,2.1198836607846962e-06
14915,בירהפ,1,2.1198836607846962e-06
14916,תכריך,1,2.1198836607846962e-06
14917,צהלה,1,2.1198836607846962e-06
14918,מתיהדים,1,2.1198836607846962e-06
14919,שלוט,1,2.1198836607846962e-06
14920,נהפוך,1,2.1198836607846962e-06
14921,ישלטו,1,2.1198836607846962e-06
14922,גדולפ,1,2.1198836607846962e-06
14923,פרשנדתא,1,2.1198836607846962e-06
14924,דלפון,1,2.1198836607846962e-06
14925,אספתא,1,2.1198836607846962e-06
14926,פורתא,1,2.1198836607846962e-06
14927,אדליא,1,2.1198836607846962e-06
14928,ארידתא,1,2.1198836607846962e-06
14929,פרמשתא,1,2.1198836607846962e-06
14930,אריסי,1,2.1198836607846962e-06
14931,ויזתא,1,2.1198836607846962e-06
14932,פרוזים,1,2.1198836607846962e-06
14933,פרזים,1,2.1198836607846962e-06
14934,נזכרים,1,2.1198836607846962e-06
14935,יסוף,1,2.1198836607846962e-06
14936,צמות,1,2.1198836607846962e-06
14937,ספרפ,1,2.1198836607846962e-06
14938,אחשרש,1,2.1198836607846962e-06
14939,שכת,1,2.1198836607846962e-06
14940,חרשות,1,2.1198836607846962e-06
14941,יצתי,1,2.1198836607846962e-06
14942,שט,1,2.1198836607846962e-06
14943,התגרד,1,2.1198836607846962e-06
14944,נבלות,1,2.1198836607846962e-06
14945,צופר,1,2.1198836607846962e-06
14946,אולד,1,2.1198836607846962e-06
14947,תופע,1,2.1198836607846962e-06
14948,נהרה,1,2.1198836607846962e-06
14949,כמרירי,1,2.1198836607846962e-06
14950,ערר,1,2.1198836607846962e-06
14951,יחשכו,1,2.1198836607846962e-06
14952,נשפ,1,2.1198836607846962e-06
14953,אינק,1,2.1198836607846962e-06
14954,ישנתי,1,2.1198836607846962e-06
14955,עללים,1,2.1198836607846962e-06
14956,יגיעי,1,2.1198836607846962e-06
14957,שאננו,1,2.1198836607846962e-06
14958,מחכים,1,2.1198836607846962e-06
14959,יתכו,1,2.1198836607846962e-06
14960,פחדתי,1,2.1198836607846962e-06
14961,יאתי,1,2.1198836607846962e-06
14962,נחתי,1,2.1198836607846962e-06
14963,רגזפ,1,2.1198836607846962e-06
14964,כרעות,1,2.1198836607846962e-06
14965,תלא,1,2.1198836607846962e-06
14966,נתעו,1,2.1198836607846962e-06
14967,שעפים,1,2.1198836607846962e-06
14968,הפחיד,1,2.1198836607846962e-06
14969,תסמר,1,2.1198836607846962e-06
14970,משים,1,2.1198836607846962e-06
14971,משריש,1,2.1198836607846962e-06
14972,אקוב,1,2.1198836607846962e-06
14973,יגביהו,1,2.1198836607846962e-06
14974,שגבו,1,2.1198836607846962e-06
14975,ערמ,1,2.1198836607846962e-06
14976,נפתלים,1,2.1198836607846962e-06
14977,נמהרה,1,2.1198836607846962e-06
14978,יכאיב,1,2.1198836607846962e-06
14979,השלמה,1,2.1198836607846962e-06
14980,חקרנו,1,2.1198836607846962e-06
14981,ינהק,1,2.1198836607846962e-06
14982,אסלדה,1,2.1198836607846962e-06
14983,חילה,1,2.1198836607846962e-06
14984,נחוש,1,2.1198836607846962e-06
14985,יעזוב,1,2.1198836607846962e-06
14986,יתעלם,1,2.1198836607846962e-06
14987,יזרבו,1,2.1198836607846962e-06
14988,נצמתו,1,2.1198836607846962e-06
14989,נדעכו,1,2.1198836607846962e-06
14990,ילפתו,1,2.1198836607846962e-06
14991,תמא,1,2.1198836607846962e-06
14992,שחדו,1,2.1198836607846962e-06
14993,תפדו,1,2.1198836607846962e-06
14994,הורו,1,2.1198836607846962e-06
14995,נמרצו,1,2.1198836607846962e-06
14996,נאש,1,2.1198836607846962e-06
14997,ריע,1,2.1198836607846962e-06
14998,הואילו,1,2.1198836607846962e-06
14999,ישאף,1,2.1198836607846962e-06
15000,מנו,1,2.1198836607846962e-06
15001,גיש,1,2.1198836607846962e-06
15002,גוש,1,2.1198836607846962e-06
15003,א‍דברה,1,2.1198836607846962e-06
15004,תבחנ,1,2.1198836607846962e-06
15005,תרפ,1,2.1198836607846962e-06
15006,מפגע,1,2.1198836607846962e-06
15007,תעביר,1,2.1198836607846962e-06
15008,אשכב,1,2.1198836607846962e-06
15009,שחרת,1,2.1198836607846962e-06
15010,תמלל,1,2.1198836607846962e-06
15011,תשחר,1,2.1198836607846962e-06
15012,רישון,1,2.1198836607846962e-06
15013,יוצאו,1,2.1198836607846962e-06
15014,יקטף,1,2.1198836607846962e-06
15015,יקוט,1,2.1198836607846962e-06
15016,רטב,1,2.1198836607846962e-06
15017,יסבכו,1,2.1198836607846962e-06
15018,יצמחו,1,2.1198836607846962e-06
15019,מעתיק,1,2.1198836607846962e-06
15020,יתפלצו,1,2.1198836607846962e-06
15021,דורך,1,2.1198836607846962e-06
15022,תמן,1,2.1198836607846962e-06
15023,יחתף,1,2.1198836607846962e-06
15024,שחחו,1,2.1198836607846962e-06
15025,אאמין,1,2.1198836607846962e-06
15026,ממררים,1,2.1198836607846962e-06
15027,יועיד,1,2.1198836607846962e-06
15028,יעקש,1,2.1198836607846962e-06
15029,אשכחה,1,2.1198836607846962e-06
15030,איגע,1,2.1198836607846962e-06
15031,התרחצתי,1,2.1198836607846962e-06
15032,הזכותי,1,2.1198836607846962e-06
15033,תטבל,1,2.1198836607846962e-06
15034,נקטה,1,2.1198836607846962e-06
15035,הופעת,1,2.1198836607846962e-06
15036,תתיכ,1,2.1198836607846962e-06
15037,גבנה,1,2.1198836607846962e-06
15038,תקפיא,1,2.1198836607846962e-06
15039,גידים,1,2.1198836607846962e-06
15040,תסככ,1,2.1198836607846962e-06
15041,תתפלא,1,2.1198836607846962e-06
15042,עיפת,1,2.1198836607846962e-06
15043,סדרים,1,2.1198836607846962e-06
15044,תפע,1,2.1198836607846962e-06
15045,אפלפ,1,2.1198836607846962e-06
15046,מכלם,1,2.1198836607846962e-06
15047,גבהי,1,2.1198836607846962e-06
15048,יתבונן,1,2.1198836607846962e-06
15049,ילבב,1,2.1198836607846962e-06
15050,תעפ,1,2.1198836607846962e-06
15051,חפרת,1,2.1198836607846962e-06
15052,נפשפ,1,2.1198836607846962e-06
15053,עשתות,1,2.1198836607846962e-06
15054,מרגיזי,1,2.1198836607846962e-06
15055,יהרוס,1,2.1198836607846962e-06
15056,מזיח,1,2.1198836607846962e-06
15057,עמקות,1,2.1198836607846962e-06
15058,משגיא,1,2.1198836607846962e-06
15059,שטח,1,2.1198836607846962e-06
15060,טפלי,1,2.1198836607846962e-06
15061,רפאי,1,2.1198836607846962e-06
15062,אלל,1,2.1198836607846962e-06
15063,תהתלו,1,2.1198836607846962e-06
15064,זכרני,1,2.1198836607846962e-06
15065,תערוץ,1,2.1198836607846962e-06
15066,מררות,1,2.1198836607846962e-06
15067,תתחקה,1,2.1198836607846962e-06
15068,יבלה,1,2.1198836607846962e-06
15069,פקחת,1,2.1198836607846962e-06
15070,יחליף,1,2.1198836607846962e-06
15071,חליפת,1,2.1198836607846962e-06
15072,תכסף,1,2.1198836607846962e-06
15073,תספור,1,2.1198836607846962e-06
15074,תטפל,1,2.1198836607846962e-06
15075,נופל,1,2.1198836607846962e-06
15076,תשטף,1,2.1198836607846962e-06
15077,תאבלפ,1,2.1198836607846962e-06
15078,יסכון,1,2.1198836607846962e-06
15079,יאלף,1,2.1198836607846962e-06
15080,ראישון,1,2.1198836607846962e-06
15081,חוללת,1,2.1198836607846962e-06
15082,תנחמות,1,2.1198836607846962e-06
15083,ירזמו,1,2.1198836607846962e-06
15084,נאלח,1,2.1198836607846962e-06
15085,פחדים,1,2.1198836607846962e-06
15086,עתיד,1,2.1198836607846962e-06
15087,כידור,1,2.1198836607846962e-06
15088,יתגבר,1,2.1198836607846962e-06
15089,פימה,1,2.1198836607846962e-06
15090,התעתדו,1,2.1198836607846962e-06
15091,מנל,1,2.1198836607846962e-06
15092,שו,1,2.1198836607846962e-06
15093,שיו,1,2.1198836607846962e-06
15094,נתעה,1,2.1198836607846962e-06
15095,מנחמי,1,2.1198836607846962e-06
15096,ימריצ,1,2.1198836607846962e-06
15097,אחבירה,1,2.1198836607846962e-06
15098,אניעה,1,2.1198836607846962e-06
15099,אאמצ,1,2.1198836607846962e-06
15100,ניד,1,2.1198836607846962e-06
15101,אחדלה,1,2.1198836607846962e-06
15102,הלא,1,2.1198836607846962e-06
15103,השמות,1,2.1198836607846962e-06
15104,תקמט,1,2.1198836607846962e-06
15105,יתמלאו,1,2.1198836607846962e-06
15106,עויל,1,2.1198836607846962e-06
15107,יפרפר,1,2.1198836607846962e-06
15108,יפצפצ,1,2.1198836607846962e-06
15109,יפרצ,1,2.1198836607846962e-06
15110,תפרתי,1,2.1198836607846962e-06
15111,גלד,1,2.1198836607846962e-06
15112,עללתי,1,2.1198836607846962e-06
15113,חמרמרה,1,2.1198836607846962e-06
15114,שהד,1,2.1198836607846962e-06
15115,מליצ,1,2.1198836607846962e-06
15116,נזעכו,1,2.1198836607846962e-06
15117,התלים,1,2.1198836607846962e-06
15118,המרות,1,2.1198836607846962e-06
15119,תרמם,1,2.1198836607846962e-06
15120,תכלנה,1,2.1198836607846962e-06
15121,יתערר,1,2.1198836607846962e-06
15122,רפדתי,1,2.1198836607846962e-06
15123,נחתס,1,2.1198836607846962e-06
15124,קנצי,1,2.1198836607846962e-06
15125,נטמינו,1,2.1198836607846962e-06
15126,מלכדת,1,2.1198836607846962e-06
15127,בעת,1,2.1198836607846962e-06
15128,יזרה,1,2.1198836607846962e-06
15129,ינד,1,2.1198836607846962e-06
15130,קדמנים,1,2.1198836607846962e-06
15131,תוגיו,1,2.1198836607846962e-06
15132,תהכרו,1,2.1198836607846962e-06
15133,משוגת,1,2.1198836607846962e-06
15134,תוכיחו,1,2.1198836607846962e-06
15135,אצעק,1,2.1198836607846962e-06
15136,עוילים,1,2.1198836607846962e-06
15137,אתמלט,1,2.1198836607846962e-06
15138,יחקו,1,2.1198836607846962e-06
15139,יחצבו,1,2.1198836607846962e-06
15140,נקפו,1,2.1198836607846962e-06
15141,דוןס,1,2.1198836607846962e-06
15142,שעפ,1,2.1198836607846962e-06
15143,רננת,1,2.1198836607846962e-06
15144,ידד,1,2.1198836607846962e-06
15145,עלומ,1,2.1198836607846962e-06
15146,תמתיק,1,2.1198836607846962e-06
15147,יכחיד,1,2.1198836607846962e-06
15148,מרורת,1,2.1198836607846962e-06
15149,יינק,1,2.1198836607846962e-06
15150,יעלס,1,2.1198836607846962e-06
15151,רצץ,1,2.1198836607846962e-06
15152,שפק,1,2.1198836607846962e-06
15153,לחומ,1,2.1198836607846962e-06
15154,תחלפ,1,2.1198836607846962e-06
15155,מתקוממה,1,2.1198836607846962e-06
15156,נגרות,1,2.1198836607846962e-06
15157,תנחומתי,1,2.1198836607846962e-06
15158,תלעיג,1,2.1198836607846962e-06
15159,עתקו,1,2.1198836607846962e-06
15160,יגעל,1,2.1198836607846962e-06
15161,עוילי,1,2.1198836607846962e-06
15162,חפצנו,1,2.1198836607846962e-06
15163,נועיל,1,2.1198836607846962e-06
15164,נפגע,1,2.1198836607846962e-06
15165,כיד,1,2.1198836607846962e-06
15166,חצצו,1,2.1198836607846962e-06
15167,שלאנן,1,2.1198836607846962e-06
15168,עטיני,1,2.1198836607846962e-06
15169,עוברי,1,2.1198836607846962e-06
15170,תנכרו,1,2.1198836607846962e-06
15171,ישקוד,1,2.1198836607846962e-06
15172,מתקו,1,2.1198836607846962e-06
15173,רגבי,1,2.1198836607846962e-06
15174,ימשוך,1,2.1198836607846962e-06
15175,תשובתי,1,2.1198836607846962e-06
15176,מעלס,1,2.1198836607846962e-06
15177,יכיח,1,2.1198836607846962e-06
15178,תפשיט,1,2.1198836607846962e-06
15179,תשקה,1,2.1198836607846962e-06
15180,יתמים,1,2.1198836607846962e-06
15181,קמטו,1,2.1198836607846962e-06
15182,תרחיק,1,2.1198836607846962e-06
15183,בצרי,1,2.1198836607846962e-06
15184,תעתיר,1,2.1198836607846962e-06
15185,תגזר,1,2.1198836607846962e-06
15186,נוכח,1,2.1198836607846962e-06
15187,אפלטה,1,2.1198836607846962e-06
15188,אמיש,1,2.1198836607846962e-06
15189,אבהל,1,2.1198836607846962e-06
15190,הרך,1,2.1198836607846962e-06
15191,הבהיל,1,2.1198836607846962e-06
15192,נצמתי,1,2.1198836607846962e-06
15193,גבלות,1,2.1198836607846962e-06
15194,חבאו,1,2.1198836607846962e-06
15195,משחרי,1,2.1198836607846962e-06
15196,יקצירו,1,2.1198836607846962e-06
15197,יקצורו,1,2.1198836607846962e-06
15198,ילקשו,1,2.1198836607846962e-06
15199,ירטבו,1,2.1198836607846962e-06
15200,שורת,1,2.1198836607846962e-06
15201,יצהירו,1,2.1198836607846962e-06
15202,ינאקו,1,2.1198836607846962e-06
15203,מרדי,1,2.1198836607846962e-06
15204,נתיבתי,1,2.1198836607846962e-06
15205,רומו,1,2.1198836607846962e-06
15206,המכו,1,2.1198836607846962e-06
15207,יכזיב,1,2.1198836607846962e-06
15208,המשל,1,2.1198836607846962e-06
15209,יאהיל,1,2.1198836607846962e-06
15210,תולעהפ,1,2.1198836607846962e-06
15211,יחוללו,1,2.1198836607846962e-06
15212,מאחז,1,2.1198836607846962e-06
15213,פרשז,1,2.1198836607846962e-06
15214,ירופפו,1,2.1198836607846962e-06
15215,תובנת,1,2.1198836607846962e-06
15216,גבורותי,1,2.1198836607846962e-06
15217,יתבונןס,1,2.1198836607846962e-06
15218,יתענג,1,2.1198836607846962e-06
15219,ברוח,1,2.1198836607846962e-06
15220,חוקר,1,2.1198836607846962e-06
15221,נשכחים,1,2.1198836607846962e-06
15222,שחץ,1,2.1198836607846962e-06
15223,צורות,1,2.1198836607846962e-06
15224,תעלמה,1,2.1198836607846962e-06
15225,אורפ,1,2.1198836607846962e-06
15226,תסלה,1,2.1198836607846962e-06
15227,זכוכית,1,2.1198836607846962e-06
15228,גביש,1,2.1198836607846962e-06
15229,פטדת,1,2.1198836607846962e-06
15230,תסלהפ,1,2.1198836607846962e-06
15231,בינהס,1,2.1198836607846962e-06
15232,הל,1,2.1198836607846962e-06
15233,לבשתי,1,2.1198836607846962e-06
15234,תחליף,1,2.1198836607846962e-06
15235,תטף,1,2.1198836607846962e-06
15236,צעירים,1,2.1198836607846962e-06
15237,ערקים,1,2.1198836607846962e-06
15238,קטפים,1,2.1198836607846962e-06
15239,מלוח,1,2.1198836607846962e-06
15240,ערוץ,1,2.1198836607846962e-06
15241,שיחים,1,2.1198836607846962e-06
15242,ינהקו,1,2.1198836607846962e-06
15243,יספחו,1,2.1198836607846962e-06
15244,נכאו,1,2.1198836607846962e-06
15245,פרחח,1,2.1198836607846962e-06
15246,נתסו,1,2.1198836607846962e-06
15247,יעילו,1,2.1198836607846962e-06
15248,התגלגלו,1,2.1198836607846962e-06
15249,ההפך,1,2.1198836607846962e-06
15250,תשתפך,1,2.1198836607846962e-06
15251,נקר,1,2.1198836607846962e-06
15252,ערק,1,2.1198836607846962e-06
15253,יאזר,1,2.1198836607846962e-06
15254,אתמשל,1,2.1198836607846962e-06
15255,תתבנן,1,2.1198836607846962e-06
15256,תשטמ,1,2.1198836607846962e-06
15257,תרכיב,1,2.1198836607846962e-06
15258,בכיתי,1,2.1198836607846962e-06
15259,עגמה,1,2.1198836607846962e-06
15260,איחלה,1,2.1198836607846962e-06
15261,רתחו,1,2.1198836607846962e-06
15262,כנר,1,2.1198836607846962e-06
15263,עגב,1,2.1198836607846962e-06
15264,מרמים,1,2.1198836607846962e-06
15265,יספור,1,2.1198836607846962e-06
15266,מאוםפ,1,2.1198836607846962e-06
15267,אזרעה,1,2.1198836607846962e-06
15268,צאצא,1,2.1198836607846962e-06
15269,ישרשו,1,2.1198836607846962e-06
15270,נפתה,1,2.1198836607846962e-06
15271,תטחן,1,2.1198836607846962e-06
15272,יכנ,1,2.1198836607846962e-06
15273,יתחמם,1,2.1198836607846962e-06
15274,הניפותי,1,2.1198836607846962e-06
15275,פלילי,1,2.1198836607846962e-06
15276,התעררתי,1,2.1198836607846962e-06
15277,חב,1,2.1198836607846962e-06
15278,אערוץ,1,2.1198836607846962e-06
15279,אענד,1,2.1198836607846962e-06
15280,הפחתי,1,2.1198836607846962e-06
15281,באשה,1,2.1198836607846962e-06
15282,איובפ,1,2.1198836607846962e-06
15283,זחלתי,1,2.1198836607846962e-06
15284,ידיעו,1,2.1198836607846962e-06
15285,תבינ,1,2.1198836607846962e-06
15286,יחכמו,1,2.1198836607846962e-06
15287,אזין,1,2.1198836607846962e-06
15288,תבונתי,1,2.1198836607846962e-06
15289,תחקרו,1,2.1198836607846962e-06
15290,ידפ,1,2.1198836607846962e-06
15291,מלתי,1,2.1198836607846962e-06
15292,מללו,1,2.1198836607846962e-06
15293,קרצתי,1,2.1198836607846962e-06
15294,אכפ,1,2.1198836607846962e-06
15295,חף,1,2.1198836607846962e-06
15296,תנואות,1,2.1198836607846962e-06
15297,ריבות,1,2.1198836607846962e-06
15298,זהמת,1,2.1198836607846962e-06
15299,פדע,1,2.1198836607846962e-06
15300,רטפש,1,2.1198836607846962e-06
15301,הקשב,1,2.1198836607846962e-06
15302,אאלפ,1,2.1198836607846962e-06
15303,חכמהס,1,2.1198836607846962e-06
15304,נבחרה,1,2.1198836607846962e-06
15305,רצת,1,2.1198836607846962e-06
15306,יחבוש,1,2.1198836607846962e-06
15307,יגעשו,1,2.1198836607846962e-06
15308,מעבדי,1,2.1198836607846962e-06
15309,ירשע,1,2.1198836607846962e-06
15310,אחבל,1,2.1198836607846962e-06
15311,יספוק,1,2.1198836607846962e-06
15312,אעיל,1,2.1198836607846962e-06
15313,יזעיקו,1,2.1198836607846962e-06
15314,מלפ,1,2.1198836607846962e-06
15315,יחכמ,1,2.1198836607846962e-06
15316,פש,1,2.1198836607846962e-06
15317,יפצה,1,2.1198836607846962e-06
15318,יכברפ,1,2.1198836607846962e-06
15319,יתגברו,1,2.1198836607846962e-06
15320,יחלץ,1,2.1198836607846962e-06
15321,מאמצי,1,2.1198836607846962e-06
15322,תשאף,1,2.1198836607846962e-06
15323,ישגיב,1,2.1198836607846962e-06
15324,תשגיא,1,2.1198836607846962e-06
15325,שררו,1,2.1198836607846962e-06
15326,נטפי,1,2.1198836607846962e-06
15327,מפרשי,1,2.1198836607846962e-06
15328,מכביר,1,2.1198836607846962e-06
15329,מטרות,1,2.1198836607846962e-06
15330,יחתום,1,2.1198836607846962e-06
15331,מזרים,1,2.1198836607846962e-06
15332,רי,1,2.1198836607846962e-06
15333,יטריח,1,2.1198836607846962e-06
15334,יפיץ,1,2.1198836607846962e-06
15335,מסבות,1,2.1198836607846962e-06
15336,תחבולת,1,2.1198836607846962e-06
15337,תחבולתי,1,2.1198836607846962e-06
15338,מפלשי,1,2.1198836607846962e-06
15339,מפלאות,1,2.1198836607846962e-06
15340,דעים,1,2.1198836607846962e-06
15341,חמים,1,2.1198836607846962e-06
15342,תרקיע,1,2.1198836607846962e-06
15343,נערך,1,2.1198836607846962e-06
15344,בהיר,1,2.1198836607846962e-06
15345,מצאנ,1,2.1198836607846962e-06
15346,מחשיך,1,2.1198836607846962e-06
15347,ממדי,1,2.1198836607846962e-06
15348,רן,1,2.1198836607846962e-06
15349,פא,1,2.1198836607846962e-06
15350,ינערו,1,2.1198836607846962e-06
15351,תתהפך,1,2.1198836607846962e-06
15352,נבכי,1,2.1198836607846962e-06
15353,התבננת,1,2.1198836607846962e-06
15354,חשכתי,1,2.1198836607846962e-06
15355,אגלי,1,2.1198836607846962e-06
15356,מעדנות,1,2.1198836607846962e-06
15357,משכות,1,2.1198836607846962e-06
15358,תציא,1,2.1198836607846962e-06
15359,מזרות,1,2.1198836607846962e-06
15360,עיש,1,2.1198836607846962e-06
15361,משטר,1,2.1198836607846962e-06
15362,שכוי,1,2.1198836607846962e-06
15363,רגבים,1,2.1198836607846962e-06
15364,מעונות,1,2.1198836607846962e-06
15365,יעלי,1,2.1198836607846962e-06
15366,תכרענה,1,2.1198836607846962e-06
15367,תפלחנה,1,2.1198836607846962e-06
15368,ערוד,1,2.1198836607846962e-06
15369,יתור,1,2.1198836607846962e-06
15370,ירוק,1,2.1198836607846962e-06
15371,ידרוש,1,2.1198836607846962e-06
15372,תלם,1,2.1198836607846962e-06
15373,רננים,1,2.1198836607846962e-06
15374,נעלסה,1,2.1198836607846962e-06
15375,תחמם,1,2.1198836607846962e-06
15376,תזור,1,2.1198836607846962e-06
15377,הקשיח,1,2.1198836607846962e-06
15378,הש,1,2.1198836607846962e-06
15379,תמריא,1,2.1198836607846962e-06
15380,תרעיש,1,2.1198836607846962e-06
15381,יגמא,1,2.1198836607846962e-06
15382,יאבר,1,2.1198836607846962e-06
15383,יתלנן,1,2.1198836607846962e-06
15384,אפרח,1,2.1198836607846962e-06
15385,יעלעו,1,2.1198836607846962e-06
15386,קלתי,1,2.1198836607846962e-06
15387,אוסיףפ,1,2.1198836607846962e-06
15388,תרעם,1,2.1198836607846962e-06
15389,הפץ,1,2.1198836607846962e-06
15390,הדך,1,2.1198836607846962e-06
15391,שרירי,1,2.1198836607846962e-06
15392,גידי,1,2.1198836607846962e-06
15393,פחדי,1,2.1198836607846962e-06
15394,ישרגו,1,2.1198836607846962e-06
15395,מטיל,1,2.1198836607846962e-06
15396,יסכ,1,2.1198836607846962e-06
15397,צלל,1,2.1198836607846962e-06
15398,יחפוז,1,2.1198836607846962e-06
15399,יגיח,1,2.1198836607846962e-06
15400,ינקב,1,2.1198836607846962e-06
15401,תשקיע,1,2.1198836607846962e-06
15402,תקוב,1,2.1198836607846962e-06
15403,שכות,1,2.1198836607846962e-06
15404,נכזבה,1,2.1198836607846962e-06
15405,הקדימ,1,2.1198836607846962e-06
15406,חין,1,2.1198836607846962e-06
15407,כפל,1,2.1198836607846962e-06
15408,רסנ,1,2.1198836607846962e-06
15409,ע‍טישתי,1,2.1198836607846962e-06
15410,תהל,1,2.1198836607846962e-06
15411,כידודי,1,2.1198836607846962e-06
15412,יתמלטו,1,2.1198836607846962e-06
15413,נחירי,1,2.1198836607846962e-06
15414,תדוץ,1,2.1198836607846962e-06
15415,מפלי,1,2.1198836607846962e-06
15416,רקבון,1,2.1198836607846962e-06
15417,תותח,1,2.1198836607846962e-06
15418,חדודי,1,2.1198836607846962e-06
15419,ירפד,1,2.1198836607846962e-06
15420,ירתיח,1,2.1198836607846962e-06
15421,שחץס,1,2.1198836607846962e-06
15422,אפרפ,1,2.1198836607846962e-06
15423,ינדו,1,2.1198836607846962e-06
15424,ראשת,1,2.1198836607846962e-06
15425,שבענה,1,2.1198836607846962e-06
15426,ימימה,1,2.1198836607846962e-06
15427,קציעה,1,2.1198836607846962e-06
15428,תדפ,1,2.1198836607846962e-06
15429,רגשו,1,2.1198836607846962e-06
15430,נוסדו,1,2.1198836607846962e-06
15431,ננתקה,1,2.1198836607846962e-06
15432,נשליכה,1,2.1198836607846962e-06
15433,עבתי,1,2.1198836607846962e-06
15434,תנפצ,1,2.1198836607846962e-06
15435,הוסרו,1,2.1198836607846962e-06
15436,יאנף,1,2.1198836607846962e-06
15437,אישנ,1,2.1198836607846962e-06
15438,הקיצותי,1,2.1198836607846962e-06
15439,יסמכ,1,2.1198836607846962e-06
15440,תושיב,1,2.1198836607846962e-06
15441,נחילות,1,2.1198836607846962e-06
15442,אערך,1,2.1198836607846962e-06
15443,הושר,1,2.1198836607846962e-06
15444,הישר,1,2.1198836607846962e-06
15445,יחליקו,1,2.1198836607846962e-06
15446,האשימ,1,2.1198836607846962e-06
15447,תסך,1,2.1198836607846962e-06
15448,יודה,1,2.1198836607846962e-06
15449,אשחה,1,2.1198836607846962e-06
15450,אמסה,1,2.1198836607846962e-06
15451,עתקה,1,2.1198836607846962e-06
15452,שגיון,1,2.1198836607846962e-06
15453,שולמ,1,2.1198836607846962e-06
15454,ינקים,1,2.1198836607846962e-06
15455,כוננתה,1,2.1198836607846962e-06
15456,תמשיל,1,2.1198836607846962e-06
15457,אעלצה,1,2.1198836607846962e-06
15458,נתשת,1,2.1198836607846962e-06
15459,מרוממ,1,2.1198836607846962e-06
15460,תהלתי,1,2.1198836607846962e-06
15461,נוקש,1,2.1198836607846962e-06
15462,תעלים,1,2.1198836607846962e-06
15463,ידלק,1,2.1198836607846962e-06
15464,מזמותי,1,2.1198836607846962e-06
15465,חטוף,1,2.1198836607846962e-06
15466,יחטף,1,2.1198836607846962e-06
15467,דכה,1,2.1198836607846962e-06
15468,ידכה,1,2.1198836607846962e-06
15469,עצומי,1,2.1198836607846962e-06
15470,חלכאים,1,2.1198836607846962e-06
15471,תקשיב,1,2.1198836607846962e-06
15472,נודו,1,2.1198836607846962e-06
15473,נודי,1,2.1198836607846962e-06
15474,פסו,1,2.1198836607846962e-06
15475,נגביר,1,2.1198836607846962e-06
15476,עליל,1,2.1198836607846962e-06
15477,זלות,1,2.1198836607846962e-06
15478,תבישו,1,2.1198836607846962e-06
15479,אסיך,1,2.1198836607846962e-06
15480,תומיך,1,2.1198836607846962e-06
15481,נעמים,1,2.1198836607846962e-06
15482,שמחות,1,2.1198836607846962e-06
15483,נעמות,1,2.1198836607846962e-06
15484,פעלות,1,2.1198836607846962e-06
15485,מעגלותי,1,2.1198836607846962e-06
15486,נמוטו,1,2.1198836607846962e-06
15487,חוסים,1,2.1198836607846962e-06
15488,מתקוממים,1,2.1198836607846962e-06
15489,שדו,1,2.1198836607846962e-06
15490,יקיפו,1,2.1198836607846962e-06
15491,דמינ,1,2.1198836607846962e-06
15492,יכסוף,1,2.1198836607846962e-06
15493,טרוף,1,2.1198836607846962e-06
15494,צפינ,1,2.1198836607846962e-06
15495,אשבעה,1,2.1198836607846962e-06
15496,ארחמ,1,2.1198836607846962e-06
15497,יבעתו,1,2.1198836607846962e-06
15498,מוקשי,1,2.1198836607846962e-06
15499,תתברר,1,2.1198836607846962e-06
15500,תתפתל,1,2.1198836607846962e-06
15501,מאזר,1,2.1198836607846962e-06
15502,נחתה,1,2.1198836607846962e-06
15503,תסעד,1,2.1198836607846962e-06
15504,ארדוף,1,2.1198836607846962e-06
15505,יחרגו,1,2.1198836607846962e-06
15506,מסגרותי,1,2.1198836607846962e-06
15507,אלוהי,1,2.1198836607846962e-06
15508,יחוה,1,2.1198836607846962e-06
15509,משיבת,1,2.1198836607846962e-06
15510,מחכימת,1,2.1198836607846962e-06
15511,משמחי,1,2.1198836607846962e-06
15512,מאירת,1,2.1198836607846962e-06
15513,עומדת,1,2.1198836607846962e-06
15514,צדקו,1,2.1198836607846962e-06
15515,נחמדים,1,2.1198836607846962e-06
15516,מתוקים,1,2.1198836607846962e-06
15517,שגיאות,1,2.1198836607846962e-06
15518,נסתרות,1,2.1198836607846962e-06
15519,נק,1,2.1198836607846962e-06
15520,איתם,1,2.1198836607846962e-06
15521,ידשנ,1,2.1198836607846962e-06
15522,נדגל,1,2.1198836607846962e-06
15523,משאלותי,1,2.1198836607846962e-06
15524,קמנו,1,2.1198836607846962e-06
15525,נתעודד,1,2.1198836607846962e-06
15526,ארשת,1,2.1198836607846962e-06
15527,נשירה,1,2.1198836607846962e-06
15528,נזמרה,1,2.1198836607846962e-06
15529,יפטירו,1,2.1198836607846962e-06
15530,מבטיח,1,2.1198836607846962e-06
15531,נשפכתי,1,2.1198836607846962e-06
15532,התפרדו,1,2.1198836607846962e-06
15533,מדבק,1,2.1198836607846962e-06
15534,דשני,1,2.1198836607846962e-06
15535,אחסר,1,2.1198836607846962e-06
15536,ירביצ,1,2.1198836607846962e-06
15537,ישובב,1,2.1198836607846962e-06
15538,דשנת,1,2.1198836607846962e-06
15539,הנשאו,1,2.1198836607846962e-06
15540,ארחותי,1,2.1198836607846962e-06
15541,הרחיבו,1,2.1198836607846962e-06
15542,מצוקות,1,2.1198836607846962e-06
15543,אמעד,1,2.1198836607846962e-06
15544,צרופ,1,2.1198836607846962e-06
15545,צרפ,1,2.1198836607846962e-06
15546,נעלמים,1,2.1198836607846962e-06
15547,אסבבה,1,2.1198836607846962e-06
15548,מקהלים,1,2.1198836607846962e-06
15549,יצפנ,1,2.1198836607846962e-06
15550,תמשכ,1,2.1198836607846962e-06
15551,נעזרתי,1,2.1198836607846962e-06
15552,ירקיד,1,2.1198836607846962e-06
15553,יחולל,1,2.1198836607846962e-06
15554,יחשף,1,2.1198836607846962e-06
15555,יערות,1,2.1198836607846962e-06
15556,דלית,1,2.1198836607846962e-06
15557,העמדתה,1,2.1198836607846962e-06
15558,ה‍יה,1,2.1198836607846962e-06
15559,מצודות,1,2.1198836607846962e-06
15560,תנהל,1,2.1198836607846962e-06
15561,אפקיד,1,2.1198836607846962e-06
15562,פדיתה,1,2.1198836607846962e-06
15563,הסגרת,1,2.1198836607846962e-06
15564,אנחה,1,2.1198836607846962e-06
15565,עששו,1,2.1198836607846962e-06
15566,נשכחתי,1,2.1198836607846962e-06
15567,זממו,1,2.1198836607846962e-06
15568,עתת,1,2.1198836607846962e-06
15569,תאלמנה,1,2.1198836607846962e-06
15570,רכסי,1,2.1198836607846962e-06
15571,נגרזתי,1,2.1198836607846962e-06
15572,נשוי,1,2.1198836607846962e-06
15573,חרבני,1,2.1198836607846962e-06
15574,אשכיל,1,2.1198836607846962e-06
15575,איעצה,1,2.1198836607846962e-06
15576,בלום,1,2.1198836607846962e-06
15577,מכאובים,1,2.1198836607846962e-06
15578,כנס,1,2.1198836607846962e-06
15579,השגיח,1,2.1198836607846962e-06
15580,חכתה,1,2.1198836607846962e-06
15581,יחלנו,1,2.1198836607846962e-06
15582,נרוממה,1,2.1198836607846962e-06
15583,מגורות,1,2.1198836607846962e-06
15584,טעמו,1,2.1198836607846962e-06
15585,יחסה,1,2.1198836607846962e-06
15586,רעבו,1,2.1198836607846962e-06
15587,דכאי,1,2.1198836607846962e-06
15588,תמותת,1,2.1198836607846962e-06
15589,פודה,1,2.1198836607846962e-06
15590,הרק,1,2.1198836607846962e-06
15591,דוחה,1,2.1198836607846962e-06
15592,תשיש,1,2.1198836607846962e-06
15593,שחותי,1,2.1198836607846962e-06
15594,נכים,1,2.1198836607846962e-06
15595,יקרצו,1,2.1198836607846962e-06
15596,רגעי,1,2.1198836607846962e-06
15597,ירחיבו,1,2.1198836607846962e-06
15598,מגדילים,1,2.1198836607846962e-06
15599,החליק,1,2.1198836607846962e-06
15600,יחסיו,1,2.1198836607846962e-06
15601,ירוי,1,2.1198836607846962e-06
15602,דחו,1,2.1198836607846962e-06
15603,יבולו,1,2.1198836607846962e-06
15604,משאלת,1,2.1198836607846962e-06
15605,התחולל,1,2.1198836607846962e-06
15606,התבוננת,1,2.1198836607846962e-06
15607,התענגו,1,2.1198836607846962e-06
15608,זרועות,1,2.1198836607846962e-06
15609,מקללי,1,2.1198836607846962e-06
15610,תמעד,1,2.1198836607846962e-06
15611,מתערה,1,2.1198836607846962e-06
15612,נחתו,1,2.1198836607846962e-06
15613,תנחת,1,2.1198836607846962e-06
15614,הבאישו,1,2.1198836607846962e-06
15615,חבורת,1,2.1198836607846962e-06
15616,שחתי,1,2.1198836607846962e-06
15617,נפוגותי,1,2.1198836607846962e-06
15618,נדכיתי,1,2.1198836607846962e-06
15619,שאגתי,1,2.1198836607846962e-06
15620,סחרחר,1,2.1198836607846962e-06
15621,ינקשו,1,2.1198836607846962e-06
15622,הגדילו,1,2.1198836607846962e-06
15623,אדאג,1,2.1198836607846962e-06
15624,משלמי,1,2.1198836607846962e-06
15625,רדופ,1,2.1198836607846962e-06
15626,חטוא,1,2.1198836607846962e-06
15627,מחסום,1,2.1198836607846962e-06
15628,נעכר,1,2.1198836607846962e-06
15629,תגרת,1,2.1198836607846962e-06
15630,רהבים,1,2.1198836607846962e-06
15631,שטי,1,2.1198836607846962e-06
15632,בשרתי,1,2.1198836607846962e-06
15633,אכלא,1,2.1198836607846962e-06
15634,תכלא,1,2.1198836607846962e-06
15635,יאשר,1,2.1198836607846962e-06
15636,יתלחשו,1,2.1198836607846962e-06
15637,תמכת,1,2.1198836607846962e-06
15638,תציב,1,2.1198836607846962e-06
15639,אשפכה,1,2.1198836607846962e-06
15640,סך,1,2.1198836607846962e-06
15641,חוגג,1,2.1198836607846962e-06
15642,תשתוחח,1,2.1198836607846962e-06
15643,חרמונים,1,2.1198836607846962e-06
15644,צנורי,1,2.1198836607846962e-06
15645,אומרה,1,2.1198836607846962e-06
15646,ננגח,1,2.1198836607846962e-06
15647,נבוס,1,2.1198836607846962e-06
15648,הבישות,1,2.1198836607846962e-06
15649,הללנו,1,2.1198836607846962e-06
15650,תכלימ,1,2.1198836607846962e-06
15651,שסו,1,2.1198836607846962e-06
15652,מחירי,1,2.1198836607846962e-06
15653,מנוד,1,2.1198836607846962e-06
15654,מחרף,1,2.1198836607846962e-06
15655,שקרנו,1,2.1198836607846962e-06
15656,נפרש,1,2.1198836607846962e-06
15657,תישן,1,2.1198836607846962e-06
15658,ידידת,1,2.1198836607846962e-06
15659,רחש,1,2.1198836607846962e-06
15660,יפיפית,1,2.1198836607846962e-06
15661,הוצק,1,2.1198836607846962e-06
15662,צלח,1,2.1198836607846962e-06
15663,קציעות,1,2.1198836607846962e-06
15664,יקרותי,1,2.1198836607846962e-06
15665,השתחוי,1,2.1198836607846962e-06
15666,רקמות,1,2.1198836607846962e-06
15667,מובאות,1,2.1198836607846962e-06
15668,תובלנה,1,2.1198836607846962e-06
15669,אזכירה,1,2.1198836607846962e-06
15670,יחמרו,1,2.1198836607846962e-06
15671,הרפו,1,2.1198836607846962e-06
15672,נוף,1,2.1198836607846962e-06
15673,נחפזו,1,2.1198836607846962e-06
15674,דמינו,1,2.1198836607846962e-06
15675,שיתו,1,2.1198836607846962e-06
15676,פסגו,1,2.1198836607846962e-06
15677,הגות,1,2.1198836607846962e-06
15678,פדיון,1,2.1198836607846962e-06
15679,משכנת,1,2.1198836607846962e-06
15680,אדמות,1,2.1198836607846962e-06
15681,מבא,1,2.1198836607846962e-06
15682,מכלל,1,2.1198836607846962e-06
15683,נשערה,1,2.1198836607846962e-06
15684,מכלאתי,1,2.1198836607846962e-06
15685,ארעב,1,2.1198836607846962e-06
15686,תצמיד,1,2.1198836607846962e-06
15687,דפי,1,2.1198836607846962e-06
15688,נני,1,2.1198836607846962e-06
15689,תזכה,1,2.1198836607846962e-06
15690,יחמת,1,2.1198836607846962e-06
15691,אלבין,1,2.1198836607846962e-06
15692,תשמיע,1,2.1198836607846962e-06
15693,נדיבה,1,2.1198836607846962e-06
15694,תסמכ,1,2.1198836607846962e-06
15695,תרנן,1,2.1198836607846962e-06
15696,נדכה,1,2.1198836607846962e-06
15697,מלטש,1,2.1198836607846962e-06
15698,סג,1,2.1198836607846962e-06
15699,הבשתה,1,2.1198836607846962e-06
15700,ישעות,1,2.1198836607846962e-06
15701,זיפים,1,2.1198836607846962e-06
15702,תדינ,1,2.1198836607846962e-06
15703,הצמית,1,2.1198836607846962e-06
15704,אריד,1,2.1198836607846962e-06
15705,אהימה,1,2.1198836607846962e-06
15706,עקת,1,2.1198836607846962e-06
15707,ישטמו,1,2.1198836607846962e-06
15708,אימות,1,2.1198836607846962e-06
15709,אעופה,1,2.1198836607846962e-06
15710,אחישה,1,2.1198836607846962e-06
15711,סעה,1,2.1198836607846962e-06
15712,יחרפ,1,2.1198836607846962e-06
15713,אלופ,1,2.1198836607846962e-06
15714,נמתיק,1,2.1198836607846962e-06
15715,רגש,1,2.1198836607846962e-06
15716,ישימות,1,2.1198836607846962e-06
15717,אהמה,1,2.1198836607846962e-06
15718,מחמאת,1,2.1198836607846962e-06
15719,רכו,1,2.1198836607846962e-06
15720,ילחצ,1,2.1198836607846962e-06
15721,לחמים,1,2.1198836607846962e-06
15722,יעצבו,1,2.1198836607846962e-06
15723,יצפינו,1,2.1198836607846962e-06
15724,יצפונו,1,2.1198836607846962e-06
15725,ספרתה,1,2.1198836607846962e-06
15726,חסיה,1,2.1198836607846962e-06
15727,לבאם,1,2.1198836607846962e-06
15728,להטים,1,2.1198836607846962e-06
15729,כפף,1,2.1198836607846962e-06
15730,תפעלו,1,2.1198836607846962e-06
15731,תפלסו,1,2.1198836607846962e-06
15732,יאטם,1,2.1198836607846962e-06
15733,מלחשים,1,2.1198836607846962e-06
15734,חובר,1,2.1198836607846962e-06
15735,מחכם,1,2.1198836607846962e-06
15736,מלתעות,1,2.1198836607846962e-06
15737,יתמללו,1,2.1198836607846962e-06
15738,שבלול,1,2.1198836607846962e-06
15739,הניע,1,2.1198836607846962e-06
15740,הצות,1,2.1198836607846962e-06
15741,תשובב,1,2.1198836607846962e-06
15742,הרעשתה,1,2.1198836607846962e-06
15743,פצמת,1,2.1198836607846962e-06
15744,רפ,1,2.1198836607846962e-06
15745,שברי,1,2.1198836607846962e-06
15746,הראיתה,1,2.1198836607846962e-06
15747,התנוסס,1,2.1198836607846962e-06
15748,התרעעי,1,2.1198836607846962e-06
15749,אגורה,1,2.1198836607846962e-06
15750,ינצר,1,2.1198836607846962e-06
15751,תהותתו,1,2.1198836607846962e-06
15752,תרצחו,1,2.1198836607846962e-06
15753,דחויה,1,2.1198836607846962e-06
15754,יעצו,1,2.1198836607846962e-06
15755,דומי,1,2.1198836607846962e-06
15756,תשיתו,1,2.1198836607846962e-06
15757,א‍שחר,1,2.1198836607846962e-06
15758,כמה,1,2.1198836607846962e-06
15759,ישבחו,1,2.1198836607846962e-06
15760,רננות,1,2.1198836607846962e-06
15761,תמכה,1,2.1198836607846962e-06
15762,יגיר,1,2.1198836607846962e-06
15763,יסכר,1,2.1198836607846962e-06
15764,דוברי,1,2.1198836607846962e-06
15765,רגשת,1,2.1198836607846962e-06
15766,יחפשו,1,2.1198836607846962e-06
15767,מחפש,1,2.1198836607846962e-06
15768,פתאום,1,2.1198836607846962e-06
15769,יתנדדו,1,2.1198836607846962e-06
15770,נשבעה,1,2.1198836607846962e-06
15771,נאזר,1,2.1198836607846962e-06
15772,משביח,1,2.1198836607846962e-06
15773,תרנין,1,2.1198836607846962e-06
15774,תשקק,1,2.1198836607846962e-06
15775,תכינ,1,2.1198836607846962e-06
15776,תחגרנה,1,2.1198836607846962e-06
15777,יעטפו,1,2.1198836607846962e-06
15778,יתרועעו,1,2.1198836607846962e-06
15779,תצפינה,1,2.1198836607846962e-06
15780,מועקה,1,2.1198836607846962e-06
15781,הרכבת,1,2.1198836607846962e-06
15782,הנדף,1,2.1198836607846962e-06
15783,תנדף,1,2.1198836607846962e-06
15784,עלזו,1,2.1198836607846962e-06
15785,מושיב,1,2.1198836607846962e-06
15786,יחידים,1,2.1198836607846962e-06
15787,כושרות,1,2.1198836607846962e-06
15788,צחיחה,1,2.1198836607846962e-06
15789,מבשרות,1,2.1198836607846962e-06
15790,נחפה,1,2.1198836607846962e-06
15791,אברותי,1,2.1198836607846962e-06
15792,תשלג,1,2.1198836607846962e-06
15793,תרצדו,1,2.1198836607846962e-06
15794,רבתים,1,2.1198836607846962e-06
15795,שנאן,1,2.1198836607846962e-06
15796,מושעות,1,2.1198836607846962e-06
15797,אשמי,1,2.1198836607846962e-06
15798,תמחץ,1,2.1198836607846962e-06
15799,איבים,1,2.1198836607846962e-06
15800,הליכותי,1,2.1198836607846962e-06
15801,נגנים,1,2.1198836607846962e-06
15802,תופפות,1,2.1198836607846962e-06
15803,מקהלות,1,2.1198836607846962e-06
15804,רגמת,1,2.1198836607846962e-06
15805,מתרפס,1,2.1198836607846962e-06
15806,רצי,1,2.1198836607846962e-06
15807,בזר,1,2.1198836607846962e-06
15808,חשמנים,1,2.1198836607846962e-06
15809,תריץ,1,2.1198836607846962e-06
15810,תעצמות,1,2.1198836607846962e-06
15811,שטפת,1,2.1198836607846962e-06
15812,מיחל,1,2.1198836607846962e-06
15813,מצמית,1,2.1198836607846962e-06
15814,גזלתי,1,2.1198836607846962e-06
15815,מוזר,1,2.1198836607846962e-06
15816,חורפי,1,2.1198836607846962e-06
15817,ישיחו,1,2.1198836607846962e-06
15818,שותי,1,2.1198836607846962e-06
15819,אטבעה,1,2.1198836607846962e-06
15820,אנצלה,1,2.1198836607846962e-06
15821,תשטפ,1,2.1198836607846962e-06
15822,תאטר,1,2.1198836607846962e-06
15823,שברה,1,2.1198836607846962e-06
15824,תחשכנה,1,2.1198836607846962e-06
15825,המעד,1,2.1198836607846962e-06
15826,כואב,1,2.1198836607846962e-06
15827,מקרן,1,2.1198836607846962e-06
15828,חומץ,1,2.1198836607846962e-06
15829,נסמכתי,1,2.1198836607846962e-06
15830,גוז,1,2.1198836607846962e-06
15831,שטני,1,2.1198836607846962e-06
15832,ספרות,1,2.1198836607846962e-06
15833,תרננה,1,2.1198836607846962e-06
15834,ע‍ניי,1,2.1198836607846962e-06
15835,זרזיף,1,2.1198836607846962e-06
15836,יחס,1,2.1198836607846962e-06
15837,פסת,1,2.1198836607846962e-06
15838,ירעש,1,2.1198836607846962e-06
15839,ינין,1,2.1198836607846962e-06
15840,ינון,1,2.1198836607846962e-06
15841,יתברכו,1,2.1198836607846962e-06
15842,תפלות,1,2.1198836607846962e-06
15843,אול,1,2.1198836607846962e-06
15844,ענקת,1,2.1198836607846962e-06
15845,ימיקו,1,2.1198836607846962e-06
15846,שלוי,1,2.1198836607846962e-06
15847,השגו,1,2.1198836607846962e-06
15848,אחשב,1,2.1198836607846962e-06
15849,הפלת,1,2.1198836607846962e-06
15850,משואות,1,2.1198836607846962e-06
15851,יתחמץ,1,2.1198836607846962e-06
15852,אשתונן,1,2.1198836607846962e-06
15853,הצמתה,1,2.1198836607846962e-06
15854,מלאכותי,1,2.1198836607846962e-06
15855,שאגו,1,2.1198836607846962e-06
15856,כשיל,1,2.1198836607846962e-06
15857,כילפת,1,2.1198836607846962e-06
15858,יהלמו,1,2.1198836607846962e-06
15859,פוררת,1,2.1198836607846962e-06
15860,רצצת,1,2.1198836607846962e-06
15861,הובשת,1,2.1198836607846962e-06
15862,גבולות,1,2.1198836607846962e-06
15863,מחשכי,1,2.1198836607846962e-06
15864,נכלם,1,2.1198836607846962e-06
15865,נמגים,1,2.1198836607846962e-06
15866,תכנתי,1,2.1198836607846962e-06
15867,תהלו,1,2.1198836607846962e-06
15868,תרוממנה,1,2.1198836607846962e-06
15869,נאור,1,2.1198836607846962e-06
15870,אשתוללו,1,2.1198836607846962e-06
15871,השמעת,1,2.1198836607846962e-06
15872,תחגר,1,2.1198836607846962e-06
15873,אצעקה,1,2.1198836607846962e-06
15874,אהמיה,1,2.1198836607846962e-06
15875,שמרות,1,2.1198836607846962e-06
15876,נפעמתי,1,2.1198836607846962e-06
15877,קפץ,1,2.1198836607846962e-06
15878,אזכור,1,2.1198836607846962e-06
15879,זרמו,1,2.1198836607846962e-06
15880,חצצי,1,2.1198836607846962e-06
15881,שביל,1,2.1198836607846962e-06
15882,עקבותי,1,2.1198836607846962e-06
15883,נדעו,1,2.1198836607846962e-06
15884,אפתחה,1,2.1198836607846962e-06
15885,נושקי,1,2.1198836607846962e-06
15886,רומי,1,2.1198836607846962e-06
15887,הפכו,1,2.1198836607846962e-06
15888,שחרו,1,2.1198836607846962e-06
15889,יעציבו,1,2.1198836607846962e-06
15890,התוו,1,2.1198836607846962e-06
15891,מופתי,1,2.1198836607846962e-06
15892,נזלי,1,2.1198836607846962e-06
15893,ישתיו,1,2.1198836607846962e-06
15894,שקמות,1,2.1198836607846962e-06
15895,חנמל,1,2.1198836607846962e-06
15896,רשפים,1,2.1198836607846962e-06
15897,יפלס,1,2.1198836607846962e-06
15898,קנתה,1,2.1198836607846962e-06
15899,יקניאו,1,2.1198836607846962e-06
15900,התעבר,1,2.1198836607846962e-06
15901,הוללו,1,2.1198836607846962e-06
15902,מתרונן,1,2.1198836607846962e-06
15903,מכלאת,1,2.1198836607846962e-06
15904,קובר,1,2.1198836607846962e-06
15905,דלונו,1,2.1198836607846962e-06
15906,עשנת,1,2.1198836607846962e-06
15907,האכלת,1,2.1198836607846962e-06
15908,תסיע,1,2.1198836607846962e-06
15909,ענפי,1,2.1198836607846962e-06
15910,יונקותי,1,2.1198836607846962e-06
15911,יכרסמ,1,2.1198836607846962e-06
15912,אמצתה,1,2.1198836607846962e-06
15913,כסוחה,1,2.1198836607846962e-06
15914,אמצת,1,2.1198836607846962e-06
15915,יהוסף,1,2.1198836607846962e-06
15916,אבחנ,1,2.1198836607846962e-06
15917,מועצותי,1,2.1198836607846962e-06
15918,אכניע,1,2.1198836607846962e-06
15919,יאכיל,1,2.1198836607846962e-06
15920,יערימו,1,2.1198836607846962e-06
15921,יתיעצו,1,2.1198836607846962e-06
15922,נכחיד,1,2.1198836607846962e-06
15923,הגרים,1,2.1198836607846962e-06
15924,נירשה,1,2.1198836607846962e-06
15925,ידידות,1,2.1198836607846962e-06
15926,נכספה,1,2.1198836607846962e-06
15927,בכא,1,2.1198836607846962e-06
15928,הסתופף,1,2.1198836607846962e-06
15929,כסלה,1,2.1198836607846962e-06
15930,תחנונות,1,2.1198836607846962e-06
15931,תחתיה,1,2.1198836607846962e-06
15932,יסודת,1,2.1198836607846962e-06
15933,נכבדות,1,2.1198836607846962e-06
15934,צעקתי,1,2.1198836607846962e-06
15935,נחשבתי,1,2.1198836607846962e-06
15936,נגזרו,1,2.1198836607846962e-06
15937,סמכה,1,2.1198836607846962e-06
15938,שטחתי,1,2.1198836607846962e-06
15939,נשיה,1,2.1198836607846962e-06
15940,אפונה,1,2.1198836607846962e-06
15941,חרוני,1,2.1198836607846962e-06
15942,צמתות,1,2.1198836607846962e-06
15943,נערץ,1,2.1198836607846962e-06
15944,חסין,1,2.1198836607846962e-06
15945,תשבח,1,2.1198836607846962e-06
15946,דכאת,1,2.1198836607846962e-06
15947,פזרת,1,2.1198836607846962e-06
15948,הרימותי,1,2.1198836607846962e-06
15949,תאמצ,1,2.1198836607846962e-06
15950,כתותי,1,2.1198836607846962e-06
15951,אגוף,1,2.1198836607846962e-06
15952,אשמור,1,2.1198836607846962e-06
15953,נאמנת,1,2.1198836607846962e-06
15954,אשקר,1,2.1198836607846962e-06
15955,התעברת,1,2.1198836607846962e-06
15956,נארתה,1,2.1198836607846962e-06
15957,השמחת,1,2.1198836607846962e-06
15958,מגרתה,1,2.1198836607846962e-06
15959,הקצרת,1,2.1198836607846962e-06
15960,העטית,1,2.1198836607846962e-06
15961,עקבות,1,2.1198836607846962e-06
15962,אשמורה,1,2.1198836607846962e-06
15963,ימולל,1,2.1198836607846962e-06
15964,נבהלנו,1,2.1198836607846962e-06
15965,נעפ,1,2.1198836607846962e-06
15966,יתלונן,1,2.1198836607846962e-06
15967,תחסה,1,2.1198836607846962e-06
15968,סחרה,1,2.1198836607846962e-06
15969,ישוד,1,2.1198836607846962e-06
15970,תגף,1,2.1198836607846962e-06
15971,אפלט,1,2.1198836607846962e-06
15972,אשגב,1,2.1198836607846962e-06
15973,ע‍לי,1,2.1198836607846962e-06
15974,עמקו,1,2.1198836607846962e-06
15975,שתולים,1,2.1198836607846962e-06
15976,יפריחו,1,2.1198836607846962e-06
15977,ינובו,1,2.1198836607846962e-06
15978,דשנים,1,2.1198836607846962e-06
15979,רעננים,1,2.1198836607846962e-06
15980,התאזר,1,2.1198836607846962e-06
15981,יתאמרו,1,2.1198836607846962e-06
15982,השקיט,1,2.1198836607846962e-06
15983,תנחומי,1,2.1198836607846962e-06
15984,ישעשעו,1,2.1198836607846962e-06
15985,יגודו,1,2.1198836607846962e-06
15986,נריעה,1,2.1198836607846962e-06
15987,נקדמה,1,2.1198836607846962e-06
15988,נריע,1,2.1198836607846962e-06
15989,מחקרי,1,2.1198836607846962e-06
15990,נכרעה,1,2.1198836607846962e-06
15991,נברכה,1,2.1198836607846962e-06
15992,אקוט,1,2.1198836607846962e-06
15993,חצרותי,1,2.1198836607846962e-06
15994,ברקי,1,2.1198836607846962e-06
15995,מתהללים,1,2.1198836607846962e-06
15996,נעלית,1,2.1198836607846962e-06
15997,תנוט,1,2.1198836607846962e-06
15998,אשכילה,1,2.1198836607846962e-06
15999,סטים,1,2.1198836607846962e-06
16000,מלושני,1,2.1198836607846962e-06
16001,מלשני,1,2.1198836607846962e-06
16002,נאמני,1,2.1198836607846962e-06
16003,קד,1,2.1198836607846962e-06
16004,הוכה,1,2.1198836607846962e-06
16005,איבש,1,2.1198836607846962e-06
16006,יחננו,1,2.1198836607846962e-06
16007,נברא,1,2.1198836607846962e-06
16008,תחליפ,1,2.1198836607846962e-06
16009,יחלפו,1,2.1198836607846962e-06
16010,ישכונו,1,2.1198836607846962e-06
16011,מעטר,1,2.1198836607846962e-06
16012,תתחדש,1,2.1198836607846962e-06
16013,לבשת,1,2.1198836607846962e-06
16014,ע‍ליותי,1,2.1198836607846962e-06
16015,רכוב,1,2.1198836607846962e-06
16016,מכוני,1,2.1198836607846962e-06
16017,יחפזו,1,2.1198836607846962e-06
16018,עפאים,1,2.1198836607846962e-06
16019,הצהיל,1,2.1198836607846962e-06
16020,יקננו,1,2.1198836607846962e-06
16021,תזרח,1,2.1198836607846962e-06
16022,יבראו,1,2.1198836607846962e-06
16023,מביט,1,2.1198836607846962e-06
16024,תרעד,1,2.1198836607846962e-06
16025,יערב,1,2.1198836607846962e-06
16026,כבל,1,2.1198836607846962e-06
16027,יעצמ,1,2.1198836607846962e-06
16028,התנכל,1,2.1198836607846962e-06
16029,ציות,1,2.1198836607846962e-06
16030,התהלל,1,2.1198836607846962e-06
16031,יתאוו,1,2.1198836607846962e-06
16032,ימירו,1,2.1198836607846962e-06
16033,ירגנו,1,2.1198836607846962e-06
16034,יצמדו,1,2.1198836607846962e-06
16035,תפרץ,1,2.1198836607846962e-06
16036,יפלל,1,2.1198836607846962e-06
16037,יקציפו,1,2.1198836607846962e-06
16038,יתערבו,1,2.1198836607846962e-06
16039,ימכו,1,2.1198836607846962e-06
16040,צמאים,1,2.1198836607846962e-06
16041,מצוקותי,1,2.1198836607846962e-06
16042,ידריכ,1,2.1198836607846962e-06
16043,שקקה,1,2.1198836607846962e-06
16044,יתענו,1,2.1198836607846962e-06
16045,תתמוגג,1,2.1198836607846962e-06
16046,יחוגו,1,2.1198836607846962e-06
16047,תתבלע,1,2.1198836607846962e-06
16048,מצוקתי,1,2.1198836607846962e-06
16049,ישתקו,1,2.1198836607846962e-06
16050,מחוז,1,2.1198836607846962e-06
16051,ירממו,1,2.1198836607846962e-06
16052,אתרועע,1,2.1198836607846962e-06
16053,צבאתי,1,2.1198836607846962e-06
16054,ינקש,1,2.1198836607846962e-06
16055,נושה,1,2.1198836607846962e-06
16056,יתומי,1,2.1198836607846962e-06
16057,ע‍שה,1,2.1198836607846962e-06
16058,נהלכתי,1,2.1198836607846962e-06
16059,ננערתי,1,2.1198836607846962e-06
16060,שוטנ,1,2.1198836607846962e-06
16061,הדרי,1,2.1198836607846962e-06
16062,גויות,1,2.1198836607846962e-06
16063,דרושים,1,2.1198836607846962e-06
16064,סמוכים,1,2.1198836607846962e-06
16065,יחרק,1,2.1198836607846962e-06
16066,מגביהי,1,2.1198836607846962e-06
16067,משפילי,1,2.1198836607846962e-06
16068,מקימי,1,2.1198836607846962e-06
16069,הושיבי,1,2.1198836607846962e-06
16070,מושיבי,1,2.1198836607846962e-06
16071,עקרת,1,2.1198836607846962e-06
16072,לעז,1,2.1198836607846962e-06
16073,ממשלותי,1,2.1198836607846962e-06
16074,רקדו,1,2.1198836607846962e-06
16075,תרקדו,1,2.1198836607846962e-06
16076,הפכי,1,2.1198836607846962e-06
16077,ע‍צבי,1,2.1198836607846962e-06
16078,ימישו,1,2.1198836607846962e-06
16079,נברך,1,2.1198836607846962e-06
16080,מרחם,1,2.1198836607846962e-06
16081,מנוחי,1,2.1198836607846962e-06
16082,תגמולו,1,2.1198836607846962e-06
16083,מצר,1,2.1198836607846962e-06
16084,דחה,1,2.1198836607846962e-06
16085,דחית,1,2.1198836607846962e-06
16086,רוממה,1,2.1198836607846962e-06
16087,תשג,1,2.1198836607846962e-06
16088,אחטא,1,2.1198836607846962e-06
16089,גרסה,1,2.1198836607846962e-06
16090,שגים,1,2.1198836607846962e-06
16091,ישיח,1,2.1198836607846962e-06
16092,דבקתי,1,2.1198836607846962e-06
16093,תצל,1,2.1198836607846962e-06
16094,אתהלכה,1,2.1198836607846962e-06
16095,יחלת,1,2.1198836607846962e-06
16096,הליצ,1,2.1198836607846962e-06
16097,אתנחם,1,2.1198836607846962e-06
16098,זלעפה,1,2.1198836607846962e-06
16099,התמהמהתי,1,2.1198836607846962e-06
16100,מטיב,1,2.1198836607846962e-06
16101,טפלו,1,2.1198836607846962e-06
16102,טפש,1,2.1198836607846962e-06
16103,שעשעתי,1,2.1198836607846962e-06
16104,עותו,1,2.1198836607846962e-06
16105,אשיח,1,2.1198836607846962e-06
16106,שיחות,1,2.1198836607846962e-06
16107,שיחת,1,2.1198836607846962e-06
16108,תחכמ,1,2.1198836607846962e-06
16109,השכלתי,1,2.1198836607846962e-06
16110,כלאתי,1,2.1198836607846962e-06
16111,סרתי,1,2.1198836607846962e-06
16112,נמלצו,1,2.1198836607846962e-06
16113,נחלתי,1,2.1198836607846962e-06
16114,סמכ,1,2.1198836607846962e-06
16115,אשעה,1,2.1198836607846962e-06
16116,סלית,1,2.1198836607846962e-06
16117,שוגים,1,2.1198836607846962e-06
16118,ישרתי,1,2.1198836607846962e-06
16119,פערתי,1,2.1198836607846962e-06
16120,אשאפ,1,2.1198836607846962e-06
16121,יאבתי,1,2.1198836607846962e-06
16122,אתעבה,1,2.1198836607846962e-06
16123,הללתי,1,2.1198836607846962e-06
16124,תבענה,1,2.1198836607846962e-06
16125,אויה,1,2.1198836607846962e-06
16126,בנויה,1,2.1198836607846962e-06
16127,א‍דוני,1,2.1198836607846962e-06
16128,שבענו,1,2.1198836607846962e-06
16129,גאיונים,1,2.1198836607846962e-06
16130,בלעו,1,2.1198836607846962e-06
16131,שטפו,1,2.1198836607846962e-06
16132,זידונים,1,2.1198836607846962e-06
16133,נמלטנו,1,2.1198836607846962e-06
16134,חלמים,1,2.1198836607846962e-06
16135,עמלו,1,2.1198836607846962e-06
16136,שתלי,1,2.1198836607846962e-06
16137,חרשו,1,2.1198836607846962e-06
16138,מענית,1,2.1198836607846962e-06
16139,קוצר,1,2.1198836607846962e-06
16140,מעמר,1,2.1198836607846962e-06
16141,מעמקים,1,2.1198836607846962e-06
16142,סליחה,1,2.1198836607846962e-06
16143,תורא,1,2.1198836607846962e-06
16144,קותה,1,2.1198836607846962e-06
16145,דוממתי,1,2.1198836607846962e-06
16146,אותי,1,2.1198836607846962e-06
16147,יאזינו,1,2.1198836607846962e-06
16148,ממשלות,1,2.1198836607846962e-06
16149,יפרק,1,2.1198836607846962e-06
16150,בכינו,1,2.1198836607846962e-06
16151,כנרותי,1,2.1198836607846962e-06
16152,תוללי,1,2.1198836607846962e-06
16153,נשיר,1,2.1198836607846962e-06
16154,שדודה,1,2.1198836607846962e-06
16155,תרהב,1,2.1198836607846962e-06
16156,יידע,1,2.1198836607846962e-06
16157,הסכנתה,1,2.1198836607846962e-06
16158,פליאה,1,2.1198836607846962e-06
16159,אברח,1,2.1198836607846962e-06
16160,אסק,1,2.1198836607846962e-06
16161,אציעה,1,2.1198836607846962e-06
16162,יחשיך,1,2.1198836607846962e-06
16163,חשיכה,1,2.1198836607846962e-06
16164,תסכ,1,2.1198836607846962e-06
16165,נפליתי,1,2.1198836607846962e-06
16166,נפלאים,1,2.1198836607846962e-06
16167,רקמתי,1,2.1198836607846962e-06
16168,גלמ,1,2.1198836607846962e-06
16169,תקטל,1,2.1198836607846962e-06
16170,אשנא,1,2.1198836607846962e-06
16171,תקוממי,1,2.1198836607846962e-06
16172,עכשוב,1,2.1198836607846962e-06
16173,דחות,1,2.1198836607846962e-06
16174,מקשים,1,2.1198836607846962e-06
16175,מאויי,1,2.1198836607846962e-06
16176,זממ,1,2.1198836607846962e-06
16177,מהמרות,1,2.1198836607846962e-06
16178,מדחפת,1,2.1198836607846962e-06
16179,אבינים,1,2.1198836607846962e-06
16180,התעולל,1,2.1198836607846962e-06
16181,אלחם,1,2.1198836607846962e-06
16182,מנעמי,1,2.1198836607846962e-06
16183,יהלמ,1,2.1198836607846962e-06
16184,יני,1,2.1198836607846962e-06
16185,נשמטו,1,2.1198836607846962e-06
16186,נעמו,1,2.1198836607846962e-06
16187,נפזרו,1,2.1198836607846962e-06
16188,מקשות,1,2.1198836607846962e-06
16189,מכמרי,1,2.1198836607846962e-06
16190,זעקתי,1,2.1198836607846962e-06
16191,אשוחח,1,2.1198836607846962e-06
16192,תצמית,1,2.1198836607846962e-06
16193,רודד,1,2.1198836607846962e-06
16194,ברוק,1,2.1198836607846962e-06
16195,תפיצ,1,2.1198836607846962e-06
16196,תהמ,1,2.1198836607846962e-06
16197,פוצה,1,2.1198836607846962e-06
16198,זוית,1,2.1198836607846962e-06
16199,מחטבות,1,2.1198836607846962e-06
16200,מזוי,1,2.1198836607846962e-06
16201,מפיקים,1,2.1198836607846962e-06
16202,צאונ,1,2.1198836607846962e-06
16203,מאליפות,1,2.1198836607846962e-06
16204,מרבבות,1,2.1198836607846962e-06
16205,מסבלים,1,2.1198836607846962e-06
16206,נוראתי,1,2.1198836607846962e-06
16207,גדולתי,1,2.1198836607846962e-06
16208,זוקף,1,2.1198836607846962e-06
16209,פותח,1,2.1198836607846962e-06
16210,עשתנתי,1,2.1198836607846962e-06
16211,מתיר,1,2.1198836607846962e-06
16212,זקף,1,2.1198836607846962e-06
16213,יעודד,1,2.1198836607846962e-06
16214,יכנס,1,2.1198836607846962e-06
16215,שבורי,1,2.1198836607846962e-06
16216,מחבש,1,2.1198836607846962e-06
16217,מעודד,1,2.1198836607846962e-06
16218,שבחי,1,2.1198836607846962e-06
16219,יפזר,1,2.1198836607846962e-06
16220,יפאר,1,2.1198836607846962e-06
16221,רוממות,1,2.1198836607846962e-06
16222,כבלי,1,2.1198836607846962e-06
16223,בזופ,1,2.1198836607846962e-06
16224,נארבה,1,2.1198836607846962e-06
16225,נצפנה,1,2.1198836607846962e-06
16226,יקחפ,1,2.1198836607846962e-06
16227,המיות,1,2.1198836607846962e-06
16228,אלעג,1,2.1198836607846962e-06
16229,שאוה,1,2.1198836607846962e-06
16230,מעצתי,1,2.1198836607846962e-06
16231,תחפש,1,2.1198836607846962e-06
16232,עזבים,1,2.1198836607846962e-06
16233,עקשים,1,2.1198836607846962e-06
16234,נלוזים,1,2.1198836607846962e-06
16235,יסחו,1,2.1198836607846962e-06
16236,גרגרותי,1,2.1198836607846962e-06
16237,תשען,1,2.1198836607846962e-06
16238,יפרצופ,1,2.1198836607846962e-06
16239,תקץ,1,2.1198836607846962e-06
16240,פניים,1,2.1198836607846962e-06
16241,תמכי,1,2.1198836607846962e-06
16242,מאשרפ,1,2.1198836607846962e-06
16243,ילזו,1,2.1198836607846962e-06
16244,תגוף,1,2.1198836607846962e-06
16245,תרוב,1,2.1198836607846962e-06
16246,קלוןפ,1,2.1198836607846962e-06
16247,סלסל,1,2.1198836607846962e-06
16248,תמגנ,1,2.1198836607846962e-06
16249,הדרכתי,1,2.1198836607846962e-06
16250,תכשל,1,2.1198836607846962e-06
16251,נגזלה,1,2.1198836607846962e-06
16252,יכשולו,1,2.1198836607846962e-06
16253,יכשלופ,1,2.1198836607846962e-06
16254,יליזו,1,2.1198836607846962e-06
16255,לזות,1,2.1198836607846962e-06
16256,יישרו,1,2.1198836607846962e-06
16257,תדעפ,1,2.1198836607846962e-06
16258,שנתי,1,2.1198836607846962e-06
16259,הטיתי,1,2.1198836607846962e-06
16260,מעינתי,1,2.1198836607846962e-06
16261,יעלת,1,2.1198836607846962e-06
16262,מפלס,1,2.1198836607846962e-06
16263,עוונותי,1,2.1198836607846962e-06
16264,ישגהפ,1,2.1198836607846962e-06
16265,תקעת,1,2.1198836607846962e-06
16266,נוקשת,1,2.1198836607846962e-06
16267,התרפס,1,2.1198836607846962e-06
16268,יקושפ,1,2.1198836607846962e-06
16269,נמלה,1,2.1198836607846962e-06
16270,מרפאפ,1,2.1198836607846962e-06
16271,ממהרות,1,2.1198836607846962e-06
16272,אחיםפ,1,2.1198836607846962e-06
16273,ענד,1,2.1198836607846962e-06
16274,גרגרת,1,2.1198836607846962e-06
16275,התהלכ,1,2.1198836607846962e-06
16276,תנחה,1,2.1198836607846962e-06
16277,הקיצות,1,2.1198836607846962e-06
16278,תצודפ,1,2.1198836607846962e-06
16279,יחתה,1,2.1198836607846962e-06
16280,תשרפנה,1,2.1198836607846962e-06
16281,תכוינה,1,2.1198836607846962e-06
16282,יגנוב,1,2.1198836607846962e-06
16283,שחדפ,1,2.1198836607846962e-06
16284,נשקפתי,1,2.1198836607846962e-06
16285,יצעד,1,2.1198836607846962e-06
16286,העזה,1,2.1198836607846962e-06
16287,רבדתי,1,2.1198836607846962e-06
16288,חטבות,1,2.1198836607846962e-06
16289,אטון,1,2.1198836607846962e-06
16290,נפתי,1,2.1198836607846962e-06
16291,נרוה,1,2.1198836607846962e-06
16292,נתעלסה,1,2.1198836607846962e-06
16293,תדיח,1,2.1198836607846962e-06
16294,עכס,1,2.1198836607846962e-06
16295,ישט,1,2.1198836607846962e-06
16296,הפילה,1,2.1198836607846962e-06
16297,נפתל,1,2.1198836607846962e-06
16298,יחקקו,1,2.1198836607846962e-06
16299,אמלאפ,1,2.1198836607846962e-06
16300,מפעלי,1,2.1198836607846962e-06
16301,עפרות,1,2.1198836607846962e-06
16302,דלתת,1,2.1198836607846962e-06
16303,חצבה,1,2.1198836607846962e-06
16304,ערכה,1,2.1198836607846962e-06
16305,לקחפ,1,2.1198836607846962e-06
16306,לצת,1,2.1198836607846962e-06
16307,כסילות,1,2.1198836607846962e-06
16308,פתיות,1,2.1198836607846962e-06
16309,גנובים,1,2.1198836607846962e-06
16310,סתרים,1,2.1198836607846962e-06
16311,תוגת,1,2.1198836607846962e-06
16312,ירעיב,1,2.1198836607846962e-06
16313,יהדף,1,2.1198836607846962e-06
16314,אגר,1,2.1198836607846962e-06
16315,מעקש,1,2.1198836607846962e-06
16316,תעורר,1,2.1198836607846962e-06
16317,עוזב,1,2.1198836607846962e-06
16318,תקצרנה,1,2.1198836607846962e-06
16319,צנועים,1,2.1198836607846962e-06
16320,ישד,1,2.1198836607846962e-06
16321,תעלץ,1,2.1198836607846962e-06
16322,תתמך,1,2.1198836607846962e-06
16323,עקשי,1,2.1198836607846962e-06
16324,סרת,1,2.1198836607846962e-06
16325,מרוה,1,2.1198836607846962e-06
16326,יורא,1,2.1198836607846962e-06
16327,לאום,1,2.1198836607846962e-06
16328,מבישה,1,2.1198836607846962e-06
16329,נעוה,1,2.1198836607846962e-06
16330,מתכבד,1,2.1198836607846962e-06
16331,בוטה,1,2.1198836607846962e-06
16332,מדקרות,1,2.1198836607846962e-06
16333,יאנה,1,2.1198836607846962e-06
16334,תמשול,1,2.1198836607846962e-06
16335,יחרך,1,2.1198836607846962e-06
16336,פשק,1,2.1198836607846962e-06
16337,מתאוה,1,2.1198836607846962e-06
16338,חרצים,1,2.1198836607846962e-06
16339,יחפיר,1,2.1198836607846962e-06
16340,מתעשר,1,2.1198836607846962e-06
16341,מתרושש,1,2.1198836607846962e-06
16342,ממשכה,1,2.1198836607846962e-06
16343,תערב,1,2.1198836607846962e-06
16344,תחסרפ,1,2.1198836607846962e-06
16345,יתערב,1,2.1198836607846962e-06
16346,יפריח,1,2.1198836607846962e-06
16347,מחונן,1,2.1198836607846962e-06
16348,בשרים,1,2.1198836607846962e-06
16349,ידחה,1,2.1198836607846962e-06
16350,תודע,1,2.1198836607846962e-06
16351,צפות,1,2.1198836607846962e-06
16352,נעכרת,1,2.1198836607846962e-06
16353,ישקיט,1,2.1198836607846962e-06
16354,טהרים,1,2.1198836607846962e-06
16355,מואס,1,2.1198836607846962e-06
16356,מערכי,1,2.1198836607846962e-06
16357,מענ,1,2.1198836607846962e-06
16358,כשלון,1,2.1198836607846962e-06
16359,עמלה,1,2.1198836607846962e-06
16360,נרג,1,2.1198836607846962e-06
16361,מזין,1,2.1198836607846962e-06
16362,פגוש,1,2.1198836607846962e-06
16363,תמיש,1,2.1198836607846962e-06
16364,פוטר,1,2.1198836607846962e-06
16365,התגלע,1,2.1198836607846962e-06
16366,נטוש,1,2.1198836607846962e-06
16367,מרשיע,1,2.1198836607846962e-06
16368,מגביה,1,2.1198836607846962e-06
16369,גהה,1,2.1198836607846962e-06
16370,התגלות,1,2.1198836607846962e-06
16371,נבע,1,2.1198836607846962e-06
16372,מתרפה,1,2.1198836607846962e-06
16373,נפשע,1,2.1198836607846962e-06
16374,עזות,1,2.1198836607846962e-06
16375,התרעע,1,2.1198836607846962e-06
16376,יאבדפ,1,2.1198836607846962e-06
16377,תענוג,1,2.1198836607846962e-06
16378,טרד,1,2.1198836607846962e-06
16379,עצלה,1,2.1198836607846962e-06
16380,תחכם,1,2.1198836607846962e-06
16381,משדד,1,2.1198836607846962e-06
16382,מחפיר,1,2.1198836607846962e-06
16383,שגות,1,2.1198836607846962e-06
16384,נכונו,1,2.1198836607846962e-06
16385,אשון,1,2.1198836607846962e-06
16386,מבחלת,1,2.1198836607846962e-06
16387,מבהלת,1,2.1198836607846962e-06
16388,ילע,1,2.1198836607846962e-06
16389,תמריק,1,2.1198836607846962e-06
16390,תמרוק,1,2.1198836607846962e-06
16391,הפכפך,1,2.1198836607846962e-06
16392,וזר,1,2.1198836607846962e-06
16393,מסלף,1,2.1198836607846962e-06
16394,יכפה,1,2.1198836607846962e-06
16395,זד,1,2.1198836607846962e-06
16396,מוכן,1,2.1198836607846962e-06
16397,ימשול,1,2.1198836607846962e-06
16398,נצרו,1,2.1198836607846962e-06
16399,ארצח,1,2.1198836607846962e-06
16400,זעום,1,2.1198836607846962e-06
16401,ירחיק,1,2.1198836607846962e-06
16402,מועצת,1,2.1198836607846962e-06
16403,תדכא,1,2.1198836607846962e-06
16404,קבע,1,2.1198836607846962e-06
16405,קבעי,1,2.1198836607846962e-06
16406,תתרע,1,2.1198836607846962e-06
16407,תאלף,1,2.1198836607846962e-06
16408,חשכיםפ,1,2.1198836607846962e-06
16409,לחום,1,2.1198836607846962e-06
16410,שכין,1,2.1198836607846962e-06
16411,לע,1,2.1198836607846962e-06
16412,מטעמותי,1,2.1198836607846962e-06
16413,תעיף,1,2.1198836607846962e-06
16414,מטעמתי,1,2.1198836607846962e-06
16415,יבוז,1,2.1198836607846962e-06
16416,סבאי,1,2.1198836607846962e-06
16417,זללי,1,2.1198836607846962e-06
16418,נומה,1,2.1198836607846962e-06
16419,יגול,1,2.1198836607846962e-06
16420,תרצנה,1,2.1198836607846962e-06
16421,תצרנה,1,2.1198836607846962e-06
16422,חתף,1,2.1198836607846962e-06
16423,אבוי,1,2.1198836607846962e-06
16424,פצעים,1,2.1198836607846962e-06
16425,חכללות,1,2.1198836607846962e-06
16426,מאחרים,1,2.1198836607846962e-06
16427,יתאדם,1,2.1198836607846962e-06
16428,צפעני,1,2.1198836607846962e-06
16429,אקיץ,1,2.1198836607846962e-06
16430,יתכונן,1,2.1198836607846962e-06
16431,מאמץ,1,2.1198836607846962e-06
16432,מחשב,1,2.1198836607846962e-06
16433,התרפית,1,2.1198836607846962e-06
16434,תחשוך,1,2.1198836607846962e-06
16435,תכרתפ,1,2.1198836607846962e-06
16436,תשדד,1,2.1198836607846962e-06
16437,יודעס,1,2.1198836607846962e-06
16438,יזעמו,1,2.1198836607846962e-06
16439,מוכיחים,1,2.1198836607846962e-06
16440,עתד,1,2.1198836607846962e-06
16441,קמשנים,1,2.1198836607846962e-06
16442,חרלים,1,2.1198836607846962e-06
16443,נהרסה,1,2.1198836607846962e-06
16444,מחסרי,1,2.1198836607846962e-06
16445,תתהדר,1,2.1198836607846962e-06
16446,ע‍לה,1,2.1198836607846962e-06
16447,יחסד,1,2.1198836607846962e-06
16448,תפוחי,1,2.1198836607846962e-06
16449,אפני,1,2.1198836607846962e-06
16450,צנת,1,2.1198836607846962e-06
16451,ישיבפ,1,2.1198836607846962e-06
16452,הקאת,1,2.1198836607846962e-06
16453,הקר,1,2.1198836607846962e-06
16454,שנון,1,2.1198836607846962e-06
16455,מועדת,1,2.1198836607846962e-06
16456,מעדה,1,2.1198836607846962e-06
16457,נזעמים,1,2.1198836607846962e-06
16458,נרפש,1,2.1198836607846962e-06
16459,מעצר,1,2.1198836607846962e-06
16460,מקצה,1,2.1198836607846962e-06
16461,דליו,1,2.1198836607846962e-06
16462,מרגמה,1,2.1198836607846962e-06
16463,מחולל,1,2.1198836607846962e-06
16464,קא,1,2.1198836607846962e-06
16465,שונה,1,2.1198836607846962e-06
16466,מתלהלה,1,2.1198836607846962e-06
16467,ינכר,1,2.1198836607846962e-06
16468,משאון,1,2.1198836607846962e-06
16469,מדחה,1,2.1198836607846962e-06
16470,אכזריות,1,2.1198836607846962e-06
16471,פצעי,1,2.1198836607846962e-06
16472,אוהב,1,2.1198836607846962e-06
16473,נעתרות,1,2.1198836607846962e-06
16474,תבוס,1,2.1198836607846962e-06
16475,נודדת,1,2.1198836607846962e-06
16476,טורד,1,2.1198836607846962e-06
16477,סגריר,1,2.1198836607846962e-06
16478,נשתוה,1,2.1198836607846962e-06
16479,צפני,1,2.1198836607846962e-06
16480,תכתוש,1,2.1198836607846962e-06
16481,ריפות,1,2.1198836607846962e-06
16482,עשבות,1,2.1198836607846962e-06
16483,סחף,1,2.1198836607846962e-06
16484,זוללים,1,2.1198836607846962e-06
16485,יכלים,1,2.1198836607846962e-06
16486,מודה,1,2.1198836607846962e-06
16487,מפחד,1,2.1198836607846962e-06
16488,נעקש,1,2.1198836607846962e-06
16489,אמונות,1,2.1198836607846962e-06
16490,מארות,1,2.1198836607846962e-06
16491,יאנח,1,2.1198836607846962e-06
16492,זונות,1,2.1198836607846962e-06
16493,פורש,1,2.1198836607846962e-06
16494,ירון,1,2.1198836607846962e-06
16495,יפיחו,1,2.1198836607846962e-06
16496,תככים,1,2.1198836607846962e-06
16497,מאיר,1,2.1198836607846962e-06
16498,מפנק,1,2.1198836607846962e-06
16499,מנון,1,2.1198836607846962e-06
16500,חולק,1,2.1198836607846962e-06
16501,דרךפ,1,2.1198836607846962e-06
16502,יקה,1,2.1198836607846962e-06
16503,נכזבתפ,1,2.1198836607846962e-06
16504,הטריפ,1,2.1198836607846962e-06
16505,תפשתי,1,2.1198836607846962e-06
16506,תלשן,1,2.1198836607846962e-06
16507,מאכלות,1,2.1198836607846962e-06
16508,מתלעתי,1,2.1198836607846962e-06
16509,עלוקה,1,2.1198836607846962e-06
16510,נשרפ,1,2.1198836607846962e-06
16511,נפלאו,1,2.1198836607846962e-06
16512,אוןפ,1,2.1198836607846962e-06
16513,ימלוך,1,2.1198836607846962e-06
16514,מחכמים,1,2.1198836607846962e-06
16515,שממית,1,2.1198836607846962e-06
16516,מיטיבי,1,2.1198836607846962e-06
16517,מיטבי,1,2.1198836607846962e-06
16518,זרזיר,1,2.1198836607846962e-06
16519,תיש,1,2.1198836607846962e-06
16520,אלקום,1,2.1198836607846962e-06
16521,חלוף,1,2.1198836607846962e-06
16522,אביוןפ,1,2.1198836607846962e-06
16523,דרשה,1,2.1198836607846962e-06
16524,סוחר,1,2.1198836607846962e-06
16525,זממה,1,2.1198836607846962e-06
16526,זרעותי,1,2.1198836607846962e-06
16527,טעמה,1,2.1198836607846962e-06
16528,כישור,1,2.1198836607846962e-06
16529,סדין,1,2.1198836607846962e-06
16530,צופיה,1,2.1198836607846962e-06
16531,עצלות,1,2.1198836607846962e-06
16532,שואף,1,2.1198836607846962e-06
16533,זורח,1,2.1198836607846962e-06
16534,יגעים,1,2.1198836607846962e-06
16535,אחרנהפ,1,2.1198836607846962e-06
16536,מעות,1,2.1198836607846962e-06
16537,חסרון,1,2.1198836607846962e-06
16538,המנות,1,2.1198836607846962e-06
16539,משוך,1,2.1198836607846962e-06
16540,פרדסים,1,2.1198836607846962e-06
16541,צומח,1,2.1198836607846962e-06
16542,תענוגת,1,2.1198836607846962e-06
16543,אניח,1,2.1198836607846962e-06
16544,ישלט,1,2.1198836607846962e-06
16545,מכאבים,1,2.1198836607846962e-06
16546,ענינ,1,2.1198836607846962e-06
16547,יחוש,1,2.1198836607846962e-06
16548,אסוף,1,2.1198836607846962e-06
16549,שמיםס,1,2.1198836607846962e-06
16550,טעת,1,2.1198836607846962e-06
16551,עקור,1,2.1198836607846962e-06
16552,פרוץ,1,2.1198836607846962e-06
16553,רקוד,1,2.1198836607846962e-06
16554,חבוק,1,2.1198836607846962e-06
16555,תפור,1,2.1198836607846962e-06
16556,חשות,1,2.1198836607846962e-06
16557,גרע,1,2.1198836607846962e-06
16558,שבח,1,2.1198836607846962e-06
16559,חפנים,1,2.1198836607846962e-06
16560,יתקפ,1,2.1198836607846962e-06
16561,סורים,1,2.1198836607846962e-06
16562,תתמה,1,2.1198836607846962e-06
16563,אוכלי,1,2.1198836607846962e-06
16564,מתוקה,1,2.1198836607846962e-06
16565,ישון,1,2.1198836607846962e-06
16566,השליט,1,2.1198836607846962e-06
16567,ישליט,1,2.1198836607846962e-06
16568,התקיף,1,2.1198836607846962e-06
16569,תקיף,1,2.1198836607846962e-06
16570,כעוס,1,2.1198836607846962e-06
16571,תתחכם,1,2.1198836607846962e-06
16572,תשומם,1,2.1198836607846962e-06
16573,תרשע,1,2.1198836607846962e-06
16574,שליטים,1,2.1198836607846962e-06
16575,אחכמה,1,2.1198836607846962e-06
16576,ישתכחו,1,2.1198836607846962e-06
16577,שבחתי,1,2.1198836607846962e-06
16578,מרוץ,1,2.1198836607846962e-06
16579,נאחזים,1,2.1198836607846962e-06
16580,אחזות,1,2.1198836607846962e-06
16581,בזויה,1,2.1198836607846962e-06
16582,זבובי,1,2.1198836607846962e-06
16583,עשירים,1,2.1198836607846962e-06
16584,גומץ,1,2.1198836607846962e-06
16585,ישכ,1,2.1198836607846962e-06
16586,מסיע,1,2.1198836607846962e-06
16587,קהה,1,2.1198836607846962e-06
16588,הכשיר,1,2.1198836607846962e-06
16589,שפתות,1,2.1198836607846962e-06
16590,עצלתים,1,2.1198836607846962e-06
16591,ימך,1,2.1198836607846962e-06
16592,שפלות,1,2.1198836607846962e-06
16593,יוליך,1,2.1198836607846962e-06
16594,יכשר,1,2.1198836607846962e-06
16595,ילדותי,1,2.1198836607846962e-06
16596,יטיב,1,2.1198836607846962e-06
16597,בחורות,1,2.1198836607846962e-06
16598,בוראי,1,2.1198836607846962e-06
16599,בחורתי,1,2.1198836607846962e-06
16600,יזעו,1,2.1198836607846962e-06
16601,התעותו,1,2.1198836607846962e-06
16602,טחנות,1,2.1198836607846962e-06
16603,מעטו,1,2.1198836607846962e-06
16604,טחנה,1,2.1198836607846962e-06
16605,חתחתים,1,2.1198836607846962e-06
16606,יסתבל,1,2.1198836607846962e-06
16607,אביונה,1,2.1198836607846962e-06
16608,עולמ,1,2.1198836607846962e-06
16609,ירתק,1,2.1198836607846962e-06
16610,מבוע,1,2.1198836607846962e-06
16611,נרץ,1,2.1198836607846962e-06
16612,קוהלת,1,2.1198836607846962e-06
16613,דרבנות,1,2.1198836607846962e-06
16614,נטועים,1,2.1198836607846962e-06
16615,אספות,1,2.1198836607846962e-06
16616,להג,1,2.1198836607846962e-06
16617,תורק,1,2.1198836607846962e-06
16618,נרוצה,1,2.1198836607846962e-06
16619,נזכירה,1,2.1198836607846962e-06
16620,שחורה,1,2.1198836607846962e-06
16621,שחרחרת,1,2.1198836607846962e-06
16622,נטרה,1,2.1198836607846962e-06
16623,נטרתי,1,2.1198836607846962e-06
16624,תרביץ,1,2.1198836607846962e-06
16625,עטיה,1,2.1198836607846962e-06
16626,צאי,1,2.1198836607846962e-06
16627,רעיםס,1,2.1198836607846962e-06
16628,ססת,1,2.1198836607846962e-06
16629,חרוזים,1,2.1198836607846962e-06
16630,תורי,1,2.1198836607846962e-06
16631,רחיט,1,2.1198836607846962e-06
16632,רהיט,1,2.1198836607846962e-06
16633,ברותים,1,2.1198836607846962e-06
16634,שושנת,1,2.1198836607846962e-06
16635,חמדתי,1,2.1198836607846962e-06
16636,אשישות,1,2.1198836607846962e-06
16637,רפדו,1,2.1198836607846962e-06
16638,מדלג,1,2.1198836607846962e-06
16639,מקפץ,1,2.1198836607846962e-06
16640,משגיח,1,2.1198836607846962e-06
16641,מציץ,1,2.1198836607846962e-06
16642,חרכים,1,2.1198836607846962e-06
16643,סתו,1,2.1198836607846962e-06
16644,סתיו,1,2.1198836607846962e-06
16645,נצנים,1,2.1198836607846962e-06
16646,חנטה,1,2.1198836607846962e-06
16647,פגי,1,2.1198836607846962e-06
16648,מדרגה,1,2.1198836607846962e-06
16649,הראי,1,2.1198836607846962e-06
16650,נאוהס,1,2.1198836607846962e-06
16651,מחבלים,1,2.1198836607846962e-06
16652,בתרס,1,2.1198836607846962e-06
16653,אסובבה,1,2.1198836607846962e-06
16654,שוקים,1,2.1198836607846962e-06
16655,אחזתי,1,2.1198836607846962e-06
16656,אבקת,1,2.1198836607846962e-06
16657,רוכל,1,2.1198836607846962e-06
16658,אפריון,1,2.1198836607846962e-06
16659,רפידת,1,2.1198836607846962e-06
16660,רצוף,1,2.1198836607846962e-06
16661,צאינה,1,2.1198836607846962e-06
16662,ראינה,1,2.1198836607846962e-06
16663,קצובות,1,2.1198836607846962e-06
16664,שפתתי,1,2.1198836607846962e-06
16665,מדברי,1,2.1198836607846962e-06
16666,תלפיות,1,2.1198836607846962e-06
16667,תאומי,1,2.1198836607846962e-06
16668,רועים,1,2.1198836607846962e-06
16669,תשורי,1,2.1198836607846962e-06
16670,לבבת,1,2.1198836607846962e-06
16671,לבבתי,1,2.1198836607846962e-06
16672,צורני,1,2.1198836607846962e-06
16673,נרדים,1,2.1198836607846962e-06
16674,כרכם,1,2.1198836607846962e-06
16675,הפיחי,1,2.1198836607846962e-06
16676,בשמי,1,2.1198836607846962e-06
16677,מגדי,1,2.1198836607846962e-06
16678,אריתי,1,2.1198836607846962e-06
16679,בשמ,1,2.1198836607846962e-06
16680,דודיםס,1,2.1198836607846962e-06
16681,דופק,1,2.1198836607846962e-06
16682,קוצות,1,2.1198836607846962e-06
16683,רסיסי,1,2.1198836607846962e-06
16684,פשטתי,1,2.1198836607846962e-06
16685,אלבש,1,2.1198836607846962e-06
16686,רחצתי,1,2.1198836607846962e-06
16687,אטנפ,1,2.1198836607846962e-06
16688,מנעול,1,2.1198836607846962e-06
16689,חמק,1,2.1198836607846962e-06
16690,פצעו,1,2.1198836607846962e-06
16691,רדיד,1,2.1198836607846962e-06
16692,דגול,1,2.1198836607846962e-06
16693,קוצותי,1,2.1198836607846962e-06
16694,תלתלים,1,2.1198836607846962e-06
16695,רחצות,1,2.1198836607846962e-06
16696,ערוגת,1,2.1198836607846962e-06
16697,מעלפת,1,2.1198836607846962e-06
16698,מיסדים,1,2.1198836607846962e-06
16699,מחמדים,1,2.1198836607846962e-06
16700,ערוגות,1,2.1198836607846962e-06
16701,שושניםס,1,2.1198836607846962e-06
16702,נדגלות,1,2.1198836607846962e-06
16703,הסבי,1,2.1198836607846962e-06
16704,הרהיב,1,2.1198836607846962e-06
16705,נדגלותס,1,2.1198836607846962e-06
16706,אגוז,1,2.1198836607846962e-06
16707,נחזה,1,2.1198836607846962e-06
16708,חמוקי,1,2.1198836607846962e-06
16709,ירכי,1,2.1198836607846962e-06
16710,חלאים,1,2.1198836607846962e-06
16711,אגן,1,2.1198836607846962e-06
16712,מזג,1,2.1198836607846962e-06
16713,סוגה,1,2.1198836607846962e-06
16714,תאמי,1,2.1198836607846962e-06
16715,יפית,1,2.1198836607846962e-06
16716,תענוגים,1,2.1198836607846962e-06
16717,דמתה,1,2.1198836607846962e-06
16718,סנסני,1,2.1198836607846962e-06
16719,דובב,1,2.1198836607846962e-06
16720,נלינה,1,2.1198836607846962e-06
16721,נשכימה,1,2.1198836607846962e-06
16722,אנהג,1,2.1198836607846962e-06
16723,רמנ,1,2.1198836607846962e-06
16724,תעררו,1,2.1198836607846962e-06
16725,מתרפקת,1,2.1198836607846962e-06
16726,שלהבתיה,1,2.1198836607846962e-06
16727,מקשיבים,1,2.1198836607846962e-06
16728,האזיני,1,2.1198836607846962e-06
16729,רככה,1,2.1198836607846962e-06
16730,שרפות,1,2.1198836607846962e-06
16731,נצורה,1,2.1198836607846962e-06
16732,דמינוס,1,2.1198836607846962e-06
16733,מריאים,1,2.1198836607846962e-06
16734,הזכו,1,2.1198836607846962e-06
16735,אלמנהס,1,2.1198836607846962e-06
16736,נוכחה,1,2.1198836607846962e-06
16737,ילבינו,1,2.1198836607846962e-06
16738,יאדימו,1,2.1198836607846962e-06
16739,מרצחים,1,2.1198836607846962e-06
16740,מהול,1,2.1198836607846962e-06
16741,שלמנים,1,2.1198836607846962e-06
16742,אצרף,1,2.1198836607846962e-06
16743,סיגי,1,2.1198836607846962e-06
16744,בדילי,1,2.1198836607846962e-06
16745,חמדתם,1,2.1198836607846962e-06
16746,תחפרו,1,2.1198836607846962e-06
16747,ניצוץ,1,2.1198836607846962e-06
16748,מכבהס,1,2.1198836607846962e-06
16749,חניתותי,1,2.1198836607846962e-06
16750,נטשתה,1,2.1198836607846962e-06
16751,ישפיקו,1,2.1198836607846962e-06
16752,הטמן,1,2.1198836607846962e-06
16753,גאנ,1,2.1198836607846962e-06
16754,שכיות,1,2.1198836607846962e-06
16755,ישליך,1,2.1198836607846962e-06
16756,עטלפים,1,2.1198836607846962e-06
16757,נקרות,1,2.1198836607846962e-06
16758,משענה,1,2.1198836607846962e-06
16759,תעלולים,1,2.1198836607846962e-06
16760,ירהבו,1,2.1198836607846962e-06
16761,מכשלה,1,2.1198836607846962e-06
16762,מעולל,1,2.1198836607846962e-06
16763,בלעוס,1,2.1198836607846962e-06
16764,גזלת,1,2.1198836607846962e-06
16765,תטחנו,1,2.1198836607846962e-06
16766,נטוות,1,2.1198836607846962e-06
16767,נטויות,1,2.1198836607846962e-06
16768,משקרות,1,2.1198836607846962e-06
16769,טפף,1,2.1198836607846962e-06
16770,תעכסנה,1,2.1198836607846962e-06
16771,שפח,1,2.1198836607846962e-06
16772,יערהס,1,2.1198836607846962e-06
16773,עכסים,1,2.1198836607846962e-06
16774,שביסים,1,2.1198836607846962e-06
16775,נטיפות,1,2.1198836607846962e-06
16776,רעלות,1,2.1198836607846962e-06
16777,פארים,1,2.1198836607846962e-06
16778,צעדות,1,2.1198836607846962e-06
16779,לחשים,1,2.1198836607846962e-06
16780,מעטפות,1,2.1198836607846962e-06
16781,מטפחות,1,2.1198836607846962e-06
16782,חריטים,1,2.1198836607846962e-06
16783,גלינים,1,2.1198836607846962e-06
16784,צניפות,1,2.1198836607846962e-06
16785,רדידים,1,2.1198836607846962e-06
16786,נקפה,1,2.1198836607846962e-06
16787,פתיגיל,1,2.1198836607846962e-06
16788,מחגרת,1,2.1198836607846962e-06
16789,נלבש,1,2.1198836607846962e-06
16790,ידיח,1,2.1198836607846962e-06
16791,מסתור,1,2.1198836607846962e-06
16792,מטרפ,1,2.1198836607846962e-06
16793,יעזק,1,2.1198836607846962e-06
16794,משוכת,1,2.1198836607846962e-06
16795,בתה,1,2.1198836607846962e-06
16796,יעדר,1,2.1198836607846962e-06
16797,שעשועי,1,2.1198836607846962e-06
16798,משפח,1,2.1198836607846962e-06
16799,צעקהס,1,2.1198836607846962e-06
16800,מגיעי,1,2.1198836607846962e-06
16801,הושבתם,1,2.1198836607846962e-06
16802,צמדי,1,2.1198836607846962e-06
16803,איפהפ,1,2.1198836607846962e-06
16804,ידליק,1,2.1198836607846962e-06
16805,צחה,1,2.1198836607846962e-06
16806,הרחיבה,1,2.1198836607846962e-06
16807,פערה,1,2.1198836607846962e-06
16808,שאונ,1,2.1198836607846962e-06
16809,עלז,1,2.1198836607846962e-06
16810,תשפלנה,1,2.1198836607846962e-06
16811,נדעהס,1,2.1198836607846962e-06
16812,ירפה,1,2.1198836607846962e-06
16813,סוחה,1,2.1198836607846962e-06
16814,דרכות,1,2.1198836607846962e-06
16815,שאגה,1,2.1198836607846962e-06
16816,יפליט,1,2.1198836607846962e-06
16817,עריפי,1,2.1198836607846962e-06
16818,נדמיתי,1,2.1198836607846962e-06
16819,השמן,1,2.1198836607846962e-06
16820,תשאה,1,2.1198836607846962e-06
16821,עשריה,1,2.1198836607846962e-06
16822,אודים,1,2.1198836607846962e-06
16823,עשנים,1,2.1198836607846962e-06
16824,נקיצ,1,2.1198836607846962e-06
16825,טבאלס,1,2.1198836607846962e-06
16826,תאמנוס,1,2.1198836607846962e-06
16827,הלאות,1,2.1198836607846962e-06
16828,בתות,1,2.1198836607846962e-06
16829,נעצוצים,1,2.1198836607846962e-06
16830,נהללים,1,2.1198836607846962e-06
16831,שכירה,1,2.1198836607846962e-06
16832,תספהס,1,2.1198836607846962e-06
16833,מעדר,1,2.1198836607846962e-06
16834,שהפ,1,2.1198836607846962e-06
16835,גליון,1,2.1198836607846962e-06
16836,יברכיהו,1,2.1198836607846962e-06
16837,מרחקי,1,2.1198836607846962e-06
16838,תעריצו,1,2.1198836607846962e-06
16839,תקדישו,1,2.1198836607846962e-06
16840,מערצ,1,2.1198836607846962e-06
16841,נלכדוס,1,2.1198836607846962e-06
16842,חכיתי,1,2.1198836607846962e-06
16843,מסתיר,1,2.1198836607846962e-06
16844,מצפצפים,1,2.1198836607846962e-06
16845,מהגים,1,2.1198836607846962e-06
16846,נקשה,1,2.1198836607846962e-06
16847,התקצף,1,2.1198836607846962e-06
16848,מעוף,1,2.1198836607846962e-06
16849,מנדח,1,2.1198836607846962e-06
16850,מועף,1,2.1198836607846962e-06
16851,החתת,1,2.1198836607846962e-06
16852,סאון,1,2.1198836607846962e-06
16853,סאן,1,2.1198836607846962e-06
16854,מגוללה,1,2.1198836607846962e-06
16855,םרבה,1,2.1198836607846962e-06
16856,גדעו,1,2.1198836607846962e-06
16857,נחליף,1,2.1198836607846962e-06
16858,יסכסך,1,2.1198836607846962e-06
16859,דרשוס,1,2.1198836607846962e-06
16860,מבלעים,1,2.1198836607846962e-06
16861,תצת,1,2.1198836607846962e-06
16862,יתאבכו,1,2.1198836607846962e-06
16863,נעתם,1,2.1198836607846962e-06
16864,יחמלו,1,2.1198836607846962e-06
16865,יגזר,1,2.1198836607846962e-06
16866,מכתבים,1,2.1198836607846962e-06
16867,כלנו,1,2.1198836607846962e-06
16868,נבנותי,1,2.1198836607846962e-06
16869,גבולת,1,2.1198836607846962e-06
16870,עתידתי,1,2.1198836607846962e-06
16871,עתודותי,1,2.1198836607846962e-06
16872,שושתי,1,2.1198836607846962e-06
16873,מצפצף,1,2.1198836607846962e-06
16874,משור,1,2.1198836607846962e-06
16875,מניפ,1,2.1198836607846962e-06
16876,נסס,1,2.1198836607846962e-06
16877,השען,1,2.1198836607846962e-06
16878,תבלית,1,2.1198836607846962e-06
16879,עית,1,2.1198836607846962e-06
16880,מעברה,1,2.1198836607846962e-06
16881,לישה,1,2.1198836607846962e-06
16882,ינפף,1,2.1198836607846962e-06
16883,מסעף,1,2.1198836607846962e-06
16884,פארה,1,2.1198836607846962e-06
16885,מערצה,1,2.1198836607846962e-06
16886,רמי,1,2.1198836607846962e-06
16887,גדועים,1,2.1198836607846962e-06
16888,יפולס,1,2.1198836607846962e-06
16889,יפרה,1,2.1198836607846962e-06
16890,הדה,1,2.1198836607846962e-06
16891,מכסיםפ,1,2.1198836607846962e-06
16892,נפצות,1,2.1198836607846962e-06
16893,עפו,1,2.1198836607846962e-06
16894,עים,1,2.1198836607846962e-06
16895,הדריך,1,2.1198836607846962e-06
16896,שאבתם,1,2.1198836607846962e-06
16897,מידעת,1,2.1198836607846962e-06
16898,מודעת,1,2.1198836607846962e-06
16899,נשפה,1,2.1198836607846962e-06
16900,הניפו,1,2.1198836607846962e-06
16901,כסילי,1,2.1198836607846962e-06
16902,יהלו,1,2.1198836607846962e-06
16903,אשפיל,1,2.1198836607846962e-06
16904,אוקיר,1,2.1198836607846962e-06
16905,ארגיז,1,2.1198836607846962e-06
16906,מדח,1,2.1198836607846962e-06
16907,תרטשנה,1,2.1198836607846962e-06
16908,נספחו,1,2.1198836607846962e-06
16909,התנחלו,1,2.1198836607846962e-06
16910,מדהבה,1,2.1198836607846962e-06
16911,עתודי,1,2.1198836607846962e-06
16912,נמשלת,1,2.1198836607846962e-06
16913,מכסי,1,2.1198836607846962e-06
16914,תולעה,1,2.1198836607846962e-06
16915,נגדעת,1,2.1198836607846962e-06
16916,חולש,1,2.1198836607846962e-06
16917,ישגיחו,1,2.1198836607846962e-06
16918,מטעני,1,2.1198836607846962e-06
16919,מובס,1,2.1198836607846962e-06
16920,מטבח,1,2.1198836607846962e-06
16921,מורש,1,2.1198836607846962e-06
16922,טאטאתי,1,2.1198836607846962e-06
16923,מטאטא,1,2.1198836607846962e-06
16924,יעוצה,1,2.1198836607846962e-06
16925,צפע,1,2.1198836607846962e-06
16926,יחסו,1,2.1198836607846962e-06
16927,גרועה,1,2.1198836607846962e-06
16928,יעערו,1,2.1198836607846962e-06
16929,יתרה,1,2.1198836607846962e-06
16930,הקיפה,1,2.1198836607846962e-06
16931,אגלים,1,2.1198836607846962e-06
16932,נוספות,1,2.1198836607846962e-06
16933,מעברת,1,2.1198836607846962e-06
16934,פלילה,1,2.1198836607846962e-06
16935,שיתי,1,2.1198836607846962e-06
16936,תגלי,1,2.1198836607846962e-06
16937,גא,1,2.1198836607846962e-06
16938,תהגו,1,2.1198836607846962e-06
16939,נכאים,1,2.1198836607846962e-06
16940,שרוקי,1,2.1198836607846962e-06
16941,שלחותי,1,2.1198836607846962e-06
16942,אריו,1,2.1198836607846962e-06
16943,ירנן,1,2.1198836607846962e-06
16944,ירעע,1,2.1198836607846962e-06
16945,כבירס,1,2.1198836607846962e-06
16946,משמן,1,2.1198836607846962e-06
16947,ירזה,1,2.1198836607846962e-06
16948,מלקט,1,2.1198836607846962e-06
16949,גרגרים,1,2.1198836607846962e-06
16950,עזובת,1,2.1198836607846962e-06
16951,נטעי,1,2.1198836607846962e-06
16952,נעמנים,1,2.1198836607846962e-06
16953,תשגשגי,1,2.1198836607846962e-06
16954,תפריחי,1,2.1198836607846962e-06
16955,שוסי,1,2.1198836607846962e-06
16956,תשמעוס,1,2.1198836607846962e-06
16957,אשקוטה,1,2.1198836607846962e-06
16958,אשקטה,1,2.1198836607846962e-06
16959,זלזלים,1,2.1198836607846962e-06
16960,נטישות,1,2.1198836607846962e-06
16961,התז,1,2.1198836607846962e-06
16962,תחרף,1,2.1198836607846962e-06
16963,סכסכתי,1,2.1198836607846962e-06
16964,נבקה,1,2.1198836607846962e-06
16965,אטים,1,2.1198836607846962e-06
16966,סכרתי,1,2.1198836607846962e-06
16967,נשתו,1,2.1198836607846962e-06
16968,האזניחו,1,2.1198836607846962e-06
16969,דללו,1,2.1198836607846962e-06
16970,קמלו,1,2.1198836607846962e-06
16971,מזרע,1,2.1198836607846962e-06
16972,משליכי,1,2.1198836607846962e-06
16973,שתתי,1,2.1198836607846962e-06
16974,מדכאים,1,2.1198836607846962e-06
16975,עועים,1,2.1198836607846962e-06
16976,התעות,1,2.1198836607846962e-06
16977,אגמוןס,1,2.1198836607846962e-06
16978,חגא,1,2.1198836607846962e-06
16979,יזכיר,1,2.1198836607846962e-06
16980,יפחד,1,2.1198836607846962e-06
16981,מדברות,1,2.1198836607846962e-06
16982,נשבעות,1,2.1198836607846962e-06
16983,נעתר,1,2.1198836607846962e-06
16984,שלישיה,1,2.1198836607846962e-06
16985,סרגון,1,2.1198836607846962e-06
16986,תחלץ,1,2.1198836607846962e-06
16987,יחףס,1,2.1198836607846962e-06
16988,חשופי,1,2.1198836607846962e-06
16989,אנחנוס,1,2.1198836607846962e-06
16990,סופות,1,2.1198836607846962e-06
16991,נוראה,1,2.1198836607846962e-06
16992,צירי,1,2.1198836607846962e-06
16993,מדשת,1,2.1198836607846962e-06
16994,תבעיו,1,2.1198836607846962e-06
16995,בעיו,1,2.1198836607846962e-06
16996,אתיוס,1,2.1198836607846962e-06
16997,נטושה,1,2.1198836607846962e-06
16998,דרוכה,1,2.1198836607846962e-06
16999,מלחמהס,1,2.1198836607846962e-06
17000,הומיה,1,2.1198836607846962e-06
17001,נמצאי,1,2.1198836607846962e-06
17002,אמרר,1,2.1198836607846962e-06
17003,תאיצו,1,2.1198836607846962e-06
17004,מבוכה,1,2.1198836607846962e-06
17005,מקרקר,1,2.1198836607846962e-06
17006,בקיעי,1,2.1198836607846962e-06
17007,הבטתם,1,2.1198836607846962e-06
17008,סכן,1,2.1198836607846962e-06
17009,מטלטל,1,2.1198836607846962e-06
17010,טלטלה,1,2.1198836607846962e-06
17011,יצנפ,1,2.1198836607846962e-06
17012,צנפה,1,2.1198836607846962e-06
17013,כדור,1,2.1198836607846962e-06
17014,הדפתי,1,2.1198836607846962e-06
17015,הלבשתי,1,2.1198836607846962e-06
17016,צאצאים,1,2.1198836607846962e-06
17017,צפעות,1,2.1198836607846962e-06
17018,אגנות,1,2.1198836607846962e-06
17019,תקועה,1,2.1198836607846962e-06
17020,חלתי,1,2.1198836607846962e-06
17021,מעטירה,1,2.1198836607846962e-06
17022,מעזני,1,2.1198836607846962e-06
17023,עלוז,1,2.1198836607846962e-06
17024,מעשקה,1,2.1198836607846962e-06
17025,בחיני,1,2.1198836607846962e-06
17026,בחוני,1,2.1198836607846962e-06
17027,עררו,1,2.1198836607846962e-06
17028,נשכחת,1,2.1198836607846962e-06
17029,סבי,1,2.1198836607846962e-06
17030,נשכחה,1,2.1198836607846962e-06
17031,היטיבי,1,2.1198836607846962e-06
17032,הרבי,1,2.1198836607846962e-06
17033,יאצר,1,2.1198836607846962e-06
17034,יחסן,1,2.1198836607846962e-06
17035,עתיקפ,1,2.1198836607846962e-06
17036,בולק,1,2.1198836607846962e-06
17037,הבוק,1,2.1198836607846962e-06
17038,תבוק,1,2.1198836607846962e-06
17039,הבוז,1,2.1198836607846962e-06
17040,חרו,1,2.1198836607846962e-06
17041,נאנחו,1,2.1198836607846962e-06
17042,עליזים,1,2.1198836607846962e-06
17043,שאיה,1,2.1198836607846962e-06
17044,יכת,1,2.1198836607846962e-06
17045,התרעעה,1,2.1198836607846962e-06
17046,התפוררה,1,2.1198836607846962e-06
17047,התמוטטה,1,2.1198836607846962e-06
17048,תנוע,1,2.1198836607846962e-06
17049,התנודדה,1,2.1198836607846962e-06
17050,תכניע,1,2.1198836607846962e-06
17051,יענהפ,1,2.1198836607846962e-06
17052,ממחים,1,2.1198836607846962e-06
17053,מזקקים,1,2.1198836607846962e-06
17054,נסוכה,1,2.1198836607846962e-06
17055,נדוש,1,2.1198836607846962e-06
17056,הדוש,1,2.1198836607846962e-06
17057,מתבן,1,2.1198836607846962e-06
17058,עפרס,1,2.1198836607846962e-06
17059,יושר,1,2.1198836607846962e-06
17060,אויתי,1,2.1198836607846962e-06
17061,אשחר,1,2.1198836607846962e-06
17062,יעול,1,2.1198836607846962e-06
17063,יחזיו,1,2.1198836607846962e-06
17064,צקו,1,2.1198836607846962e-06
17065,הרינו,1,2.1198836607846962e-06
17066,חלנו,1,2.1198836607846962e-06
17067,ילדנו,1,2.1198836607846962e-06
17068,אורת,1,2.1198836607846962e-06
17069,תפילס,1,2.1198836607846962e-06
17070,חבי,1,2.1198836607846962e-06
17071,הרוגי,1,2.1198836607846962e-06
17072,עקלתון,1,2.1198836607846962e-06
17073,אפשעה,1,2.1198836607846962e-06
17074,אצית,1,2.1198836607846962e-06
17075,ישרש,1,2.1198836607846962e-06
17076,תנובהס,1,2.1198836607846962e-06
17077,סאסאה,1,2.1198836607846962e-06
17078,מנפצות,1,2.1198836607846962e-06
17079,מאירות,1,2.1198836607846962e-06
17080,תלקטו,1,2.1198836607846962e-06
17081,אבדים,1,2.1198836607846962e-06
17082,הלומי,1,2.1198836607846962e-06
17083,שטפים,1,2.1198836607846962e-06
17084,תרמסנה,1,2.1198836607846962e-06
17085,שכורי,1,2.1198836607846962e-06
17086,צפירת,1,2.1198836607846962e-06
17087,נבלעו,1,2.1198836607846962e-06
17088,פליליה,1,2.1198836607846962e-06
17089,צאה,1,2.1198836607846962e-06
17090,מקוםס,1,2.1198836607846962e-06
17091,עתיקי,1,2.1198836607846962e-06
17092,מרגעה,1,2.1198836607846962e-06
17093,נלכדופ,1,2.1198836607846962e-06
17094,כרתנו,1,2.1198836607846962e-06
17095,נסתרנוס,1,2.1198836607846962e-06
17096,מאמין,1,2.1198836607846962e-06
17097,יעה,1,2.1198836607846962e-06
17098,מצע,1,2.1198836607846962e-06
17099,השתרע,1,2.1198836607846962e-06
17100,התכנס,1,2.1198836607846962e-06
17101,תתלוצצו,1,2.1198836607846962e-06
17102,שורה,1,2.1198836607846962e-06
17103,נסמן,1,2.1198836607846962e-06
17104,יודש,1,2.1198836607846962e-06
17105,יוסב,1,2.1198836607846962e-06
17106,יודק,1,2.1198836607846962e-06
17107,אדוש,1,2.1198836607846962e-06
17108,ידוש,1,2.1198836607846962e-06
17109,המם,1,2.1198836607846962e-06
17110,תושיהס,1,2.1198836607846962e-06
17111,ינקפו,1,2.1198836607846962e-06
17112,הציקותי,1,2.1198836607846962e-06
17113,מצרת,1,2.1198836607846962e-06
17114,תשח,1,2.1198836607846962e-06
17115,תצפצף,1,2.1198836607846962e-06
17116,זרי,1,2.1198836607846962e-06
17117,מציקים,1,2.1198836607846962e-06
17118,ריקה,1,2.1198836607846962e-06
17119,שוקקה,1,2.1198836607846962e-06
17120,השתעשעו,1,2.1198836607846962e-06
17121,יעצם,1,2.1198836607846962e-06
17122,ספרס,1,2.1198836607846962e-06
17123,נבני,1,2.1198836607846962e-06
17124,תסתתרס,1,2.1198836607846962e-06
17125,מעמיקים,1,2.1198836607846962e-06
17126,שקדי,1,2.1198836607846962e-06
17127,מחטיאי,1,2.1198836607846962e-06
17128,צדיקס,1,2.1198836607846962e-06
17129,יחורו,1,2.1198836607846962e-06
17130,יעריצו,1,2.1198836607846962e-06
17131,רוגנים,1,2.1198836607846962e-06
17132,חנס,1,2.1198836607846962e-06
17133,כחשים,1,2.1198836607846962e-06
17134,מהתלות,1,2.1198836607846962e-06
17135,תשענו,1,2.1198836607846962e-06
17136,נבעה,1,2.1198836607846962e-06
17137,מכתת,1,2.1198836607846962e-06
17138,חתות,1,2.1198836607846962e-06
17139,גבאפ,1,2.1198836607846962e-06
17140,שובה,1,2.1198836607846962e-06
17141,תושעו,1,2.1198836607846962e-06
17142,נותרתם,1,2.1198836607846962e-06
17143,יחכה,1,2.1198836607846962e-06
17144,חוכי,1,2.1198836607846962e-06
17145,יכנף,1,2.1198836607846962e-06
17146,תשמאילו,1,2.1198836607846962e-06
17147,נרחב,1,2.1198836607846962e-06
17148,חמיץ,1,2.1198836607846962e-06
17149,רחת,1,2.1198836607846962e-06
17150,פלגים,1,2.1198836607846962e-06
17151,יחצה,1,2.1198836607846962e-06
17152,הנפה,1,2.1198836607846962e-06
17153,מוסדה,1,2.1198836607846962e-06
17154,העמיק,1,2.1198836607846962e-06
17155,מדרת,1,2.1198836607846962e-06
17156,יכליו,1,2.1198836607846962e-06
17157,עפות,1,2.1198836607846962e-06
17158,גנון,1,2.1198836607846962e-06
17159,המליט,1,2.1198836607846962e-06
17160,מחבא,1,2.1198836607846962e-06
17161,תשעינה,1,2.1198836607846962e-06
17162,תקשבנה,1,2.1198836607846962e-06
17163,נמהרים,1,2.1198836607846962e-06
17164,עלגים,1,2.1198836607846962e-06
17165,צחות,1,2.1198836607846962e-06
17166,כילי,1,2.1198836607846962e-06
17167,הריק,1,2.1198836607846962e-06
17168,יחסיר,1,2.1198836607846962e-06
17169,יקוםפ,1,2.1198836607846962e-06
17170,קמנה,1,2.1198836607846962e-06
17171,תרגזנה,1,2.1198836607846962e-06
17172,פשטה,1,2.1198836607846962e-06
17173,חלצים,1,2.1198836607846962e-06
17174,מבטחים,1,2.1198836607846962e-06
17175,תשפל,1,2.1198836607846962e-06
17176,משלחי,1,2.1198836607846962e-06
17177,התמ,1,2.1198836607846962e-06
17178,תושד,1,2.1198836607846962e-06
17179,נלת,1,2.1198836607846962e-06
17180,רוממת,1,2.1198836607846962e-06
17181,אראלם,1,2.1198836607846962e-06
17182,החפיר,1,2.1198836607846962e-06
17183,קמל,1,2.1198836607846962e-06
17184,ארומם,1,2.1198836607846962e-06
17185,אנשא,1,2.1198836607846962e-06
17186,תהרו,1,2.1198836607846962e-06
17187,תלדו,1,2.1198836607846962e-06
17188,כסוחים,1,2.1198836607846962e-06
17189,יצתוס,1,2.1198836607846962e-06
17190,חנפים,1,2.1198836607846962e-06
17191,מוקדי,1,2.1198836607846962e-06
17192,נועז,1,2.1198836607846962e-06
17193,נלעג,1,2.1198836607846962e-06
17194,יצען,1,2.1198836607846962e-06
17195,צי,1,2.1198836607846962e-06
17196,תרנ,1,2.1198836607846962e-06
17197,הדשנה,1,2.1198836607846962e-06
17198,נצחים,1,2.1198836607846962e-06
17199,קפוד,1,2.1198836607846962e-06
17200,פגשו,1,2.1198836607846962e-06
17201,הרגיעה,1,2.1198836607846962e-06
17202,לילית,1,2.1198836607846962e-06
17203,קננה,1,2.1198836607846962e-06
17204,קפוז,1,2.1198836607846962e-06
17205,דגרה,1,2.1198836607846962e-06
17206,דיות,1,2.1198836607846962e-06
17207,נעדרה,1,2.1198836607846962e-06
17208,יששו,1,2.1198836607846962e-06
17209,גילת,1,2.1198836607846962e-06
17210,כשלות,1,2.1198836607846962e-06
17211,נמהרי,1,2.1198836607846962e-06
17212,תפתחנה,1,2.1198836607846962e-06
17213,ידלג,1,2.1198836607846962e-06
17214,מסלול,1,2.1198836607846962e-06
17215,אנחהפ,1,2.1198836607846962e-06
17216,חראי,1,2.1198836607846962e-06
17217,חזקיהוס,1,2.1198836607846962e-06
17218,שקהס,1,2.1198836607846962e-06
17219,תלשר,1,2.1198836607846962e-06
17220,הרימותה,1,2.1198836607846962e-06
17221,השאות,1,2.1198836607846962e-06
17222,שדמה,1,2.1198836607846962e-06
17223,שחיס,1,2.1198836607846962e-06
17224,ירדהס,1,2.1198836607846962e-06
17225,קפדתי,1,2.1198836607846962e-06
17226,אצפצף,1,2.1198836607846962e-06
17227,עשקה,1,2.1198836607846962e-06
17228,אדדה,1,2.1198836607846962e-06
17229,תחלימ,1,2.1198836607846962e-06
17230,החי,1,2.1198836607846962e-06
17231,נגנותי,1,2.1198836607846962e-06
17232,ננגן,1,2.1198836607846962e-06
17233,ימרחו,1,2.1198836607846962e-06
17234,רכסים,1,2.1198836607846962e-06
17235,ינהלס,1,2.1198836607846962e-06
17236,שעל,1,2.1198836607846962e-06
17237,נועץ,1,2.1198836607846962e-06
17238,יבינ,1,2.1198836607846962e-06
17239,יטול,1,2.1198836607846962e-06
17240,עולהס,1,2.1198836607846962e-06
17241,תערכו,1,2.1198836607846962e-06
17242,ירקע,1,2.1198836607846962e-06
17243,רתקות,1,2.1198836607846962e-06
17244,הבינתם,1,2.1198836607846962e-06
17245,ימתח,1,2.1198836607846962e-06
17246,נעדרס,1,2.1198836607846962e-06
17247,ייגע,1,2.1198836607846962e-06
17248,עצמה,1,2.1198836607846962e-06
17249,כשול,1,2.1198836607846962e-06
17250,ייעפופ,1,2.1198836607846962e-06
17251,הולם,1,2.1198836607846962e-06
17252,ימוטס,1,2.1198836607846962e-06
17253,תשתע,1,2.1198836607846962e-06
17254,אמצתי,1,2.1198836607846962e-06
17255,תמכתי,1,2.1198836607846962e-06
17256,מורג,1,2.1198836607846962e-06
17257,תפיץ,1,2.1198836607846962e-06
17258,תתהללפ,1,2.1198836607846962e-06
17259,תקרינה,1,2.1198836607846962e-06
17260,נשתעה,1,2.1198836607846962e-06
17261,אפע,1,2.1198836607846962e-06
17262,העירותי,1,2.1198836607846962e-06
17263,יאת,1,2.1198836607846962e-06
17264,אתמך,1,2.1198836607846962e-06
17265,ישבור,1,2.1198836607846962e-06
17266,יכב,1,2.1198836607846962e-06
17267,יכהה,1,2.1198836607846962e-06
17268,ייחילופ,1,2.1198836607846962e-06
17269,נוטי,1,2.1198836607846962e-06
17270,עורות,1,2.1198836607846962e-06
17271,תצמחנה,1,2.1198836607846962e-06
17272,יצוחו,1,2.1198836607846962e-06
17273,יצריח,1,2.1198836607846962e-06
17274,יתגברס,1,2.1198836607846962e-06
17275,אשאף,1,2.1198836607846962e-06
17276,אדריכ,1,2.1198836607846962e-06
17277,מעקשים,1,2.1198836607846962e-06
17278,פקוח,1,2.1198836607846962e-06
17279,יאדיר,1,2.1198836607846962e-06
17280,בזוז,1,2.1198836607846962e-06
17281,שסוי,1,2.1198836607846962e-06
17282,הפח,1,2.1198836607846962e-06
17283,החבאו,1,2.1198836607846962e-06
17284,משוסה,1,2.1198836607846962e-06
17285,תכוה,1,2.1198836607846962e-06
17286,תכלאי,1,2.1198836607846962e-06
17287,ריחים,1,2.1198836607846962e-06
17288,תתבננו,1,2.1198836607846962e-06
17289,ישמון,1,2.1198836607846962e-06
17290,יספרוס,1,2.1198836607846962e-06
17291,הוגעתי,1,2.1198836607846962e-06
17292,הרוית,1,2.1198836607846962e-06
17293,העבדת,1,2.1198836607846962e-06
17294,הוגעת,1,2.1198836607846962e-06
17295,נשפטה,1,2.1198836607846962e-06
17296,גדופיםס,1,2.1198836607846962e-06
17297,צמחו,1,2.1198836607846962e-06
17298,יכנהפ,1,2.1198836607846962e-06
17299,תפחדו,1,2.1198836607846962e-06
17300,תרהו,1,2.1198836607846962e-06
17301,חמודי,1,2.1198836607846962e-06
17302,מחוגה,1,2.1198836607846962e-06
17303,תרזה,1,2.1198836607846962e-06
17304,ישיק,1,2.1198836607846962e-06
17305,יצלה,1,2.1198836607846962e-06
17306,יסגוד,1,2.1198836607846962e-06
17307,שרפתי,1,2.1198836607846962e-06
17308,אפיתי,1,2.1198836607846962e-06
17309,אצלה,1,2.1198836607846962e-06
17310,אסגוד,1,2.1198836607846962e-06
17311,הותל,1,2.1198836607846962e-06
17312,תנש,1,2.1198836607846962e-06
17313,יתפארפ,1,2.1198836607846962e-06
17314,ישכל,1,2.1198836607846962e-06
17315,אקומם,1,2.1198836607846962e-06
17316,צולה,1,2.1198836607846962e-06
17317,חרבי,1,2.1198836607846962e-06
17318,תוסדס,1,2.1198836607846962e-06
17319,הדורים,1,2.1198836607846962e-06
17320,אושר,1,2.1198836607846962e-06
17321,מטמני,1,2.1198836607846962e-06
17322,אכנ,1,2.1198836607846962e-06
17323,אאזר,1,2.1198836607846962e-06
17324,הרעיפו,1,2.1198836607846962e-06
17325,תחילי,1,2.1198836607846962e-06
17326,העירת,1,2.1198836607846962e-06
17327,תכלמו,1,2.1198836607846962e-06
17328,עולמי,1,2.1198836607846962e-06
17329,התנגשו,1,2.1198836607846962e-06
17330,מתפללים,1,2.1198836607846962e-06
17331,הושעו,1,2.1198836607846962e-06
17332,עמוסות,1,2.1198836607846962e-06
17333,קרסו,1,2.1198836607846962e-06
17334,הלכהס,1,2.1198836607846962e-06
17335,אמלטס,1,2.1198836607846962e-06
17336,תשוו,1,2.1198836607846962e-06
17337,תמשלו,1,2.1198836607846962e-06
17338,זלים,1,2.1198836607846962e-06
17339,יסגדו,1,2.1198836607846962e-06
17340,התאששו,1,2.1198836607846962e-06
17341,טחני,1,2.1198836607846962e-06
17342,שבל,1,2.1198836607846962e-06
17343,אפגע,1,2.1198836607846962e-06
17344,חללתי,1,2.1198836607846962e-06
17345,הכבדת,1,2.1198836607846962e-06
17346,עדינה,1,2.1198836607846962e-06
17347,שובבת,1,2.1198836607846962e-06
17348,תערוצי,1,2.1198836607846962e-06
17349,נלאית,1,2.1198836607846962e-06
17350,עצתי,1,2.1198836607846962e-06
17351,הברי,1,2.1198836607846962e-06
17352,מודיעם,1,2.1198836607846962e-06
17353,חמם,1,2.1198836607846962e-06
17354,יזכירו,1,2.1198836607846962e-06
17355,נקראו,1,2.1198836607846962e-06
17356,נסמכו,1,2.1198836607846962e-06
17357,נצרות,1,2.1198836607846962e-06
17358,תבגוד,1,2.1198836607846962e-06
17359,אחטם,1,2.1198836607846962e-06
17360,אתןס,1,2.1198836607846962e-06
17361,יסדה,1,2.1198836607846962e-06
17362,טפחה,1,2.1198836607846962e-06
17363,מדריכ,1,2.1198836607846962e-06
17364,הקשבת,1,2.1198836607846962e-06
17365,מעתי,1,2.1198836607846962e-06
17366,צמאו,1,2.1198836607846962e-06
17367,הזיל,1,2.1198836607846962e-06
17368,יזבו,1,2.1198836607846962e-06
17369,החביא,1,2.1198836607846962e-06
17370,אתפאר,1,2.1198836607846962e-06
17371,נצירי,1,2.1198836607846962e-06
17372,נצורי,1,2.1198836607846962e-06
17373,מתעב,1,2.1198836607846962e-06
17374,ירעבו,1,2.1198836607846962e-06
17375,סינים,1,2.1198836607846962e-06
17376,ירחםס,1,2.1198836607846962e-06
17377,תשכחנה,1,2.1198836607846962e-06
17378,מהרסי,1,2.1198836607846962e-06
17379,מחרבי,1,2.1198836607846962e-06
17380,תצרי,1,2.1198836607846962e-06
17381,מבלעי,1,2.1198836607846962e-06
17382,שכלי,1,2.1198836607846962e-06
17383,שכולה,1,2.1198836607846962e-06
17384,גלמודה,1,2.1198836607846962e-06
17385,סורה,1,2.1198836607846962e-06
17386,חצן,1,2.1198836607846962e-06
17387,תנשאנה,1,2.1198836607846962e-06
17388,אמני,1,2.1198836607846962e-06
17389,מיניקתי,1,2.1198836607846962e-06
17390,מוני,1,2.1198836607846962e-06
17391,יעקבס,1,2.1198836607846962e-06
17392,כריתות,1,2.1198836607846962e-06
17393,נוש,1,2.1198836607846962e-06
17394,קצור,1,2.1198836607846962e-06
17395,קדרות,1,2.1198836607846962e-06
17396,נסוגתי,1,2.1198836607846962e-06
17397,מרטים,1,2.1198836607846962e-06
17398,חשכים,1,2.1198836607846962e-06
17399,קדחי,1,2.1198836607846962e-06
17400,מאזרי,1,2.1198836607846962e-06
17401,מעצבה,1,2.1198836607846962e-06
17402,חצבתם,1,2.1198836607846962e-06
17403,נקרתם,1,2.1198836607846962e-06
17404,זמרהס,1,2.1198836607846962e-06
17405,לאומ,1,2.1198836607846962e-06
17406,ארגיע,1,2.1198836607846962e-06
17407,ייחלו,1,2.1198836607846962e-06
17408,נמלחו,1,2.1198836607846962e-06
17409,תבלה,1,2.1198836607846962e-06
17410,תחתס,1,2.1198836607846962e-06
17411,סס,1,2.1198836607846962e-06
17412,דוריםס,1,2.1198836607846962e-06
17413,מחצבת,1,2.1198836607846962e-06
17414,מחוללת,1,2.1198836607846962e-06
17415,מחרבת,1,2.1198836607846962e-06
17416,אנחהס,1,2.1198836607846962e-06
17417,מנחמ,1,2.1198836607846962e-06
17418,הפתח,1,2.1198836607846962e-06
17419,אתהס,1,2.1198836607846962e-06
17420,מנהל,1,2.1198836607846962e-06
17421,עלפו,1,2.1198836607846962e-06
17422,תוא,1,2.1198836607846962e-06
17423,מכמר,1,2.1198836607846962e-06
17424,שכרת,1,2.1198836607846962e-06
17425,ייןס,1,2.1198836607846962e-06
17426,מוגי,1,2.1198836607846962e-06
17427,תשימי,1,2.1198836607846962e-06
17428,עבריםס,1,2.1198836607846962e-06
17429,התנערי,1,2.1198836607846962e-06
17430,התפתחו,1,2.1198836607846962e-06
17431,התפתחי,1,2.1198836607846962e-06
17432,תגאלו,1,2.1198836607846962e-06
17433,יהילילו,1,2.1198836607846962e-06
17434,מנוסה,1,2.1198836607846962e-06
17435,מאספ,1,2.1198836607846962e-06
17436,נגלתה,1,2.1198836607846962e-06
17437,מכאבות,1,2.1198836607846962e-06
17438,מדכא,1,2.1198836607846962e-06
17439,תעינו,1,2.1198836607846962e-06
17440,פנינו,1,2.1198836607846962e-06
17441,הפגיע,1,2.1198836607846962e-06
17442,נאלמה,1,2.1198836607846962e-06
17443,ישוחח,1,2.1198836607846962e-06
17444,החלי,1,2.1198836607846962e-06
17445,יצדיק,1,2.1198836607846962e-06
17446,נמנה,1,2.1198836607846962e-06
17447,יפגיעס,1,2.1198836607846962e-06
17448,פצחי,1,2.1198836607846962e-06
17449,שוממה,1,2.1198836607846962e-06
17450,הרחיבי,1,2.1198836607846962e-06
17451,תחשכי,1,2.1198836607846962e-06
17452,האריכי,1,2.1198836607846962e-06
17453,תפרצי,1,2.1198836607846962e-06
17454,תכלמי,1,2.1198836607846962e-06
17455,תחפירי,1,2.1198836607846962e-06
17456,עצובת,1,2.1198836607846962e-06
17457,שצף,1,2.1198836607846962e-06
17458,תמוטנה,1,2.1198836607846962e-06
17459,נחמה,1,2.1198836607846962e-06
17460,מרביץ,1,2.1198836607846962e-06
17461,יסדתי,1,2.1198836607846962e-06
17462,שמשתי,1,2.1198836607846962e-06
17463,אקדח,1,2.1198836607846962e-06
17464,תכונני,1,2.1198836607846962e-06
17465,תרשיעי,1,2.1198836607846962e-06
17466,אכרתה,1,2.1198836607846962e-06
17467,לאומים,1,2.1198836607846962e-06
17468,סלוח,1,2.1198836607846962e-06
17469,הרוה,1,2.1198836607846962e-06
17470,תובלו,1,2.1198836607846962e-06
17471,נעצוץ,1,2.1198836607846962e-06
17472,סרפד,1,2.1198836607846962e-06
17473,הבדל,1,2.1198836607846962e-06
17474,יבשס,1,2.1198836607846962e-06
17475,נקבצי,1,2.1198836607846962e-06
17476,יערס,1,2.1198836607846962e-06
17477,הזים,1,2.1198836607846962e-06
17478,נום,1,2.1198836607846962e-06
17479,נסבאה,1,2.1198836607846962e-06
17480,מנאף,1,2.1198836607846962e-06
17481,תתענגו,1,2.1198836607846962e-06
17482,תרחיבו,1,2.1198836607846962e-06
17483,שחטי,1,2.1198836607846962e-06
17484,זכרונ,1,2.1198836607846962e-06
17485,תעלי,1,2.1198836607846962e-06
17486,תשרי,1,2.1198836607846962e-06
17487,תשפילי,1,2.1198836607846962e-06
17488,דאגת,1,2.1198836607846962e-06
17489,תכזבי,1,2.1198836607846962e-06
17490,מחשה,1,2.1198836607846962e-06
17491,קבוצי,1,2.1198836607846962e-06
17492,חוסה,1,2.1198836607846962e-06
17493,נדכאים,1,2.1198836607846962e-06
17494,אקצוף,1,2.1198836607846962e-06
17495,יעטוף,1,2.1198836607846962e-06
17496,אקצף,1,2.1198836607846962e-06
17497,נוב,1,2.1198836607846962e-06
17498,נגרש,1,2.1198836607846962e-06
17499,רפש,1,2.1198836607846962e-06
17500,צמנו,1,2.1198836607846962e-06
17501,ענינו,1,2.1198836607846962e-06
17502,צמ,1,2.1198836607846962e-06
17503,תנגשו,1,2.1198836607846962e-06
17504,התר,1,2.1198836607846962e-06
17505,אגדות,1,2.1198836607846962e-06
17506,רצוצים,1,2.1198836607846962e-06
17507,תנתקו,1,2.1198836607846962e-06
17508,מרודים,1,2.1198836607846962e-06
17509,תשביע,1,2.1198836607846962e-06
17510,אפלת,1,2.1198836607846962e-06
17511,צחצחות,1,2.1198836607846962e-06
17512,יחליץ,1,2.1198836607846962e-06
17513,תקומם,1,2.1198836607846962e-06
17514,משבב,1,2.1198836607846962e-06
17515,הרכבתי,1,2.1198836607846962e-06
17516,מבדלים,1,2.1198836607846962e-06
17517,הסתירו,1,2.1198836607846962e-06
17518,אצבעותי,1,2.1198836607846962e-06
17519,בקעו,1,2.1198836607846962e-06
17520,יארגו,1,2.1198836607846962e-06
17521,זורה,1,2.1198836607846962e-06
17522,עקשו,1,2.1198836607846962e-06
17523,נגהות,1,2.1198836607846962e-06
17524,אפלות,1,2.1198836607846962e-06
17525,כשלנו,1,2.1198836607846962e-06
17526,אשמנים,1,2.1198836607846962e-06
17527,נהמה,1,2.1198836607846962e-06
17528,נהגה,1,2.1198836607846962e-06
17529,הסג,1,2.1198836607846962e-06
17530,נעדרת,1,2.1198836607846962e-06
17531,משתולל,1,2.1198836607846962e-06
17532,תלבשת,1,2.1198836607846962e-06
17533,נססה,1,2.1198836607846962e-06
17534,תאמנה,1,2.1198836607846962e-06
17535,תראי,1,2.1198836607846962e-06
17536,יבשרו,1,2.1198836607846962e-06
17537,אפאר,1,2.1198836607846962e-06
17538,תעופינה,1,2.1198836607846962e-06
17539,נהוגים,1,2.1198836607846962e-06
17540,שחוח,1,2.1198836607846962e-06
17541,מנאצי,1,2.1198836607846962e-06
17542,תינקי,1,2.1198836607846962e-06
17543,אחיש,1,2.1198836607846962e-06
17544,שבוים,1,2.1198836607846962e-06
17545,קוח,1,2.1198836607846962e-06
17546,יקוממו,1,2.1198836607846962e-06
17547,חדשו,1,2.1198836607846962e-06
17548,אכרי,1,2.1198836607846962e-06
17549,תתימרו,1,2.1198836607846962e-06
17550,יכירו,1,2.1198836607846962e-06
17551,אשיש,1,2.1198836607846962e-06
17552,תעדה,1,2.1198836607846962e-06
17553,זרועי,1,2.1198836607846962e-06
17554,יבעל,1,2.1198836607846962e-06
17555,יבעלו,1,2.1198836607846962e-06
17556,מזכרים,1,2.1198836607846962e-06
17557,יכונן,1,2.1198836607846962e-06
17558,מאספי,1,2.1198836607846962e-06
17559,מקבצי,1,2.1198836607846962e-06
17560,דרושה,1,2.1198836607846962e-06
17561,נעזבהס,1,2.1198836607846962e-06
17562,הדור,1,2.1198836607846962e-06
17563,אדרכ,1,2.1198836607846962e-06
17564,ארמס,1,2.1198836607846962e-06
17565,אגאלתי,1,2.1198836607846962e-06
17566,ישקרו,1,2.1198836607846962e-06
17567,ינטל,1,2.1198836607846962e-06
17568,נהגת,1,2.1198836607846962e-06
17569,התאפקו,1,2.1198836607846962e-06
17570,תקשיח,1,2.1198836607846962e-06
17571,בוססו,1,2.1198836607846962e-06
17572,קדח,1,2.1198836607846962e-06
17573,המסים,1,2.1198836607846962e-06
17574,תבעה,1,2.1198836607846962e-06
17575,נחטא,1,2.1198836607846962e-06
17576,מתעורר,1,2.1198836607846962e-06
17577,תקצף,1,2.1198836607846962e-06
17578,תתאפק,1,2.1198836607846962e-06
17579,נדרשתי,1,2.1198836607846962e-06
17580,נצורים,1,2.1198836607846962e-06
17581,פגלים,1,2.1198836607846962e-06
17582,מדתי,1,2.1198836607846962e-06
17583,שכחים,1,2.1198836607846962e-06
17584,ערכים,1,2.1198836607846962e-06
17585,מניתי,1,2.1198836607846962e-06
17586,תכרעו,1,2.1198836607846962e-06
17587,בחרתםפ,1,2.1198836607846962e-06
17588,תרעבו,1,2.1198836607846962e-06
17589,תצמאו,1,2.1198836607846962e-06
17590,תילילו,1,2.1198836607846962e-06
17591,מתברך,1,2.1198836607846962e-06
17592,יתברך,1,2.1198836607846962e-06
17593,נשכחו,1,2.1198836607846962e-06
17594,תעלינה,1,2.1198836607846962e-06
17595,גילה,1,2.1198836607846962e-06
17596,גלתי,1,2.1198836607846962e-06
17597,ברוכי,1,2.1198836607846962e-06
17598,זובח,1,2.1198836607846962e-06
17599,תעללי,1,2.1198836607846962e-06
17600,בחרוס,1,2.1198836607846962e-06
17601,מנדי,1,2.1198836607846962e-06
17602,המליטה,1,2.1198836607846962e-06
17603,אשביר,1,2.1198836607846962e-06
17604,אוליד,1,2.1198836607846962e-06
17605,תינקו,1,2.1198836607846962e-06
17606,תנחמי,1,2.1198836607846962e-06
17607,תמצו,1,2.1198836607846962e-06
17608,התענגתם,1,2.1198836607846962e-06
17609,ינקתם,1,2.1198836607846962e-06
17610,תנשאו,1,2.1198836607846962e-06
17611,תשעשעו,1,2.1198836607846962e-06
17612,תפרחנה,1,2.1198836607846962e-06
17613,להבי,1,2.1198836607846962e-06
17614,מתקדשים,1,2.1198836607846962e-06
17615,פליטים,1,2.1198836607846962e-06
17616,כרכרות,1,2.1198836607846962e-06
17617,אצור,1,2.1198836607846962e-06
17618,אנכיפ,1,2.1198836607846962e-06
17619,נטועפ,1,2.1198836607846962e-06
17620,כלולתי,1,2.1198836607846962e-06
17621,זרועה,1,2.1198836607846962e-06
17622,הימיר,1,2.1198836607846962e-06
17623,נשברים,1,2.1198836607846962e-06
17624,נתקתי,1,2.1198836607846962e-06
17625,סורי,1,2.1198836607846962e-06
17626,תכבסי,1,2.1198836607846962e-06
17627,נכתם,1,2.1198836607846962e-06
17628,נטמאתי,1,2.1198836607846962e-06
17629,קלה,1,2.1198836607846962e-06
17630,משרכת,1,2.1198836607846962e-06
17631,שאפה,1,2.1198836607846962e-06
17632,ייעפו,1,2.1198836607846962e-06
17633,גורנ,1,2.1198836607846962e-06
17634,מאפליה,1,2.1198836607846962e-06
17635,רדנו,1,2.1198836607846962e-06
17636,קשרי,1,2.1198836607846962e-06
17637,תזלי,1,2.1198836607846962e-06
17638,מבטחי,1,2.1198836607846962e-06
17639,תצליחי,1,2.1198836607846962e-06
17640,חנוף,1,2.1198836607846962e-06
17641,תחניפי,1,2.1198836607846962e-06
17642,ימנעו,1,2.1198836607846962e-06
17643,ינטר,1,2.1198836607846962e-06
17644,תוכלפ,1,2.1198836607846962e-06
17645,נאפה,1,2.1198836607846962e-06
17646,כריתתי,1,2.1198836607846962e-06
17647,תנאף,1,2.1198836607846962e-06
17648,אטור,1,2.1198836607846962e-06
17649,תפזרי,1,2.1198836607846962e-06
17650,פריתם,1,2.1198836607846962e-06
17651,נקוו,1,2.1198836607846962e-06
17652,תשובי,1,2.1198836607846962e-06
17653,העוו,1,2.1198836607846962e-06
17654,ארפה,1,2.1198836607846962e-06
17655,אתנו,1,2.1198836607846962e-06
17656,תנוד,1,2.1198836607846962e-06
17657,יתהללוס,1,2.1198836607846962e-06
17658,המלו,1,2.1198836607846962e-06
17659,ציונ,1,2.1198836607846962e-06
17660,סבכ,1,2.1198836607846962e-06
17661,תצינה,1,2.1198836607846962e-06
17662,השא,1,2.1198836607846962e-06
17663,השאת,1,2.1198836607846962e-06
17664,הבר,1,2.1198836607846962e-06
17665,כבסי,1,2.1198836607846962e-06
17666,תושעי,1,2.1198836607846962e-06
17667,אחולה,1,2.1198836607846962e-06
17668,שופרס,1,2.1198836607846962e-06
17669,סכלים,1,2.1198836607846962e-06
17670,נבונים,1,2.1198836607846962e-06
17671,רעשים,1,2.1198836607846962e-06
17672,התקלקלו,1,2.1198836607846962e-06
17673,תקרעי,1,2.1198836607846962e-06
17674,תתיפי,1,2.1198836607846962e-06
17675,מבכירה,1,2.1198836607846962e-06
17676,תתיפח,1,2.1198836607846962e-06
17677,הרגיםפ,1,2.1198836607846962e-06
17678,שוטטו,1,2.1198836607846962e-06
17679,רחובותי,1,2.1198836607846962e-06
17680,משובותי,1,2.1198836607846962e-06
17681,אסלוח,1,2.1198836607846962e-06
17682,מיזנים,1,2.1198836607846962e-06
17683,יצהלו,1,2.1198836607846962e-06
17684,נטישותי,1,2.1198836607846962e-06
17685,ירשש,1,2.1198836607846962e-06
17686,תחילו,1,2.1198836607846962e-06
17687,מנעו,1,2.1198836607846962e-06
17688,יקושים,1,2.1198836607846962e-06
17689,הציבו,1,2.1198836607846962e-06
17690,יעשירו,1,2.1198836607846962e-06
17691,עשתו,1,2.1198836607846962e-06
17692,דנו,1,2.1198836607846962e-06
17693,יצליחו,1,2.1198836607846962e-06
17694,העזו,1,2.1198836607846962e-06
17695,מענגה,1,2.1198836607846962e-06
17696,ינטו,1,2.1198836607846962e-06
17697,צללי,1,2.1198836607846962e-06
17698,הקיר,1,2.1198836607846962e-06
17699,ביר,1,2.1198836607846962e-06
17700,הוסרי,1,2.1198836607846962e-06
17701,נושבהפ,1,2.1198836607846962e-06
17702,יעוללו,1,2.1198836607846962e-06
17703,בוצר,1,2.1198836607846962e-06
17704,סלסלות,1,2.1198836607846962e-06
17705,יבושו,1,2.1198836607846962e-06
17706,נתבות,1,2.1198836607846962e-06
17707,מרגוע,1,2.1198836607846962e-06
17708,נקשיב,1,2.1198836607846962e-06
17709,ערבו,1,2.1198836607846962e-06
17710,אבדופ,1,2.1198836607846962e-06
17711,חגרי,1,2.1198836607846962e-06
17712,בחון,1,2.1198836607846962e-06
17713,סרי,1,2.1198836607846962e-06
17714,נצלנו,1,2.1198836607846962e-06
17715,מבערים,1,2.1198836607846962e-06
17716,לשות,1,2.1198836607846962e-06
17717,נתכת,1,2.1198836607846962e-06
17718,השליכי,1,2.1198836607846962e-06
17719,נאום,1,2.1198836607846962e-06
17720,שטחו,1,2.1198836607846962e-06
17721,נצחת,1,2.1198836607846962e-06
17722,הקשבתי,1,2.1198836607846962e-06
17723,מרצות,1,2.1198836607846962e-06
17724,סיס,1,2.1198836607846962e-06
17725,יורשים,1,2.1198836607846962e-06
17726,הבשו,1,2.1198836607846962e-06
17727,אסיפ,1,2.1198836607846962e-06
17728,הדמ,1,2.1198836607846962e-06
17729,מרפה,1,2.1198836607846962e-06
17730,נחרת,1,2.1198836607846962e-06
17731,מצהלות,1,2.1198836607846962e-06
17732,צפענים,1,2.1198836607846962e-06
17733,נשכו,1,2.1198836607846962e-06
17734,מבליגית,1,2.1198836607846962e-06
17735,פסלי,1,2.1198836607846962e-06
17736,נושענו,1,2.1198836607846962e-06
17737,השברתי,1,2.1198836607846962e-06
17738,קדרתי,1,2.1198836607846962e-06
17739,ארחים,1,2.1198836607846962e-06
17740,יהתלו,1,2.1198836607846962e-06
17741,עברס,1,2.1198836607846962e-06
17742,מקוננות,1,2.1198836607846962e-06
17743,תמהרנה,1,2.1198836607846962e-06
17744,למדנה,1,2.1198836607846962e-06
17745,מאסףס,1,2.1198836607846962e-06
17746,תלמדו,1,2.1198836607846962e-06
17747,ייפ,1,2.1198836607846962e-06
17748,ינשוא,1,2.1198836607846962e-06
17749,יצעדו,1,2.1198836607846962e-06
17750,יכסלו,1,2.1198836607846962e-06
17751,מרקע,1,2.1198836607846962e-06
17752,תאמרון,1,2.1198836607846962e-06
17753,הום,1,2.1198836607846962e-06
17754,ארק,1,2.1198836607846962e-06
17755,כנעת,1,2.1198836607846962e-06
17756,מצורס,1,2.1198836607846962e-06
17757,קולע,1,2.1198836607846962e-06
17758,הצרותי,1,2.1198836607846962e-06
17759,ימצאוס,1,2.1198836607846962e-06
17760,מיתר,1,2.1198836607846962e-06
17761,נבערו,1,2.1198836607846962e-06
17762,נפוצהס,1,2.1198836607846962e-06
17763,תניםס,1,2.1198836607846962e-06
17764,תמעט,1,2.1198836607846962e-06
17765,השמופ,1,2.1198836607846962e-06
17766,המולה,1,2.1198836607846962e-06
17767,הצית,1,2.1198836607846962e-06
17768,נוטע,1,2.1198836607846962e-06
17769,כליותי,1,2.1198836607846962e-06
17770,התק,1,2.1198836607846962e-06
17771,הרגהס,1,2.1198836607846962e-06
17772,ספתה,1,2.1198836607846962e-06
17773,תתחרה,1,2.1198836607846962e-06
17774,טובותס,1,2.1198836607846962e-06
17775,ידדות,1,2.1198836607846962e-06
17776,צבוע,1,2.1198836607846962e-06
17777,בססו,1,2.1198836607846962e-06
17778,בשרס,1,2.1198836607846962e-06
17779,תבואתי,1,2.1198836607846962e-06
17780,נקיק,1,2.1198836607846962e-06
17781,אטמנ,1,2.1198836607846962e-06
17782,אחפר,1,2.1198836607846962e-06
17783,מאנים,1,2.1198836607846962e-06
17784,תגבהו,1,2.1198836607846962e-06
17785,יתנגפו,1,2.1198836607846962e-06
17786,קויתם,1,2.1198836607846962e-06
17787,תדמע,1,2.1198836607846962e-06
17788,מראשותי,1,2.1198836607846962e-06
17789,שלומיםס,1,2.1198836607846962e-06
17790,נחמסו,1,2.1198836607846962e-06
17791,חברברתי,1,2.1198836607846962e-06
17792,למדי,1,2.1198836607846962e-06
17793,נאפי,1,2.1198836607846962e-06
17794,מצהלותי,1,2.1198836607846962e-06
17795,נדהם,1,2.1198836607846962e-06
17796,תרמות,1,2.1198836607846962e-06
17797,משלכים,1,2.1198836607846962e-06
17798,מקבר,1,2.1198836607846962e-06
17799,תדמינה,1,2.1198836607846962e-06
17800,תחלואי,1,2.1198836607846962e-06
17801,ידעוס,1,2.1198836607846962e-06
17802,תנאץ,1,2.1198836607846962e-06
17803,תנבל,1,2.1198836607846962e-06
17804,מגשמים,1,2.1198836607846962e-06
17805,סחב,1,2.1198836607846962e-06
17806,אלמנת,1,2.1198836607846962e-06
17807,בהלות,1,2.1198836607846962e-06
17808,נפחה,1,2.1198836607846962e-06
17809,מקללו,1,2.1198836607846962e-06
17810,שריתי,1,2.1198836607846962e-06
17811,הפגעתי,1,2.1198836607846962e-06
17812,אעלז,1,2.1198836607846962e-06
17813,נאמנוס,1,2.1198836607846962e-06
17814,פדתי,1,2.1198836607846962e-06
17815,ערציםפ,1,2.1198836607846962e-06
17816,מולדים,1,2.1198836607846962e-06
17817,יתגדד,1,2.1198836607846962e-06
17818,יקרח,1,2.1198836607846962e-06
17819,יפרסו,1,2.1198836607846962e-06
17820,תנחומים,1,2.1198836607846962e-06
17821,שתותס,1,2.1198836607846962e-06
17822,חנינהס,1,2.1198836607846962e-06
17823,דיגו,1,2.1198836607846962e-06
17824,צידים,1,2.1198836607846962e-06
17825,נצפן,1,2.1198836607846962e-06
17826,מועיל,1,2.1198836607846962e-06
17827,צפרן,1,2.1198836607846962e-06
17828,חרושה,1,2.1198836607846962e-06
17829,שמטתה,1,2.1198836607846962e-06
17830,קדחתם,1,2.1198836607846962e-06
17831,חררים,1,2.1198836607846962e-06
17832,תשבס,1,2.1198836607846962e-06
17833,ידאג,1,2.1198836607846962e-06
17834,דגר,1,2.1198836607846962e-06
17835,אצתי,1,2.1198836607846962e-06
17836,התאויתי,1,2.1198836607846962e-06
17837,אבשה,1,2.1198836607846962e-06
17838,אחתה,1,2.1198836607846962e-06
17839,מבאי,1,2.1198836607846962e-06
17840,תכבהפ,1,2.1198836607846962e-06
17841,נעשהס,1,2.1198836607846962e-06
17842,שעררת,1,2.1198836607846962e-06
17843,סלולה,1,2.1198836607846962e-06
17844,שרוקת,1,2.1198836607846962e-06
17845,יניד,1,2.1198836607846962e-06
17846,נחשבה,1,2.1198836607846962e-06
17847,נקשיבה,1,2.1198836607846962e-06
17848,תמחי,1,2.1198836607846962e-06
17849,חרסות,1,2.1198836607846962e-06
17850,חרסית,1,2.1198836607846962e-06
17851,בקתי,1,2.1198836607846962e-06
17852,יציקו,1,2.1198836607846962e-06
17853,גגתי,1,2.1198836607846962e-06
17854,אחריםפ,1,2.1198836607846962e-06
17855,נוכלה,1,2.1198836607846962e-06
17856,מרעיםס,1,2.1198836607846962e-06
17857,הרת,1,2.1198836607846962e-06
17858,יחוס,1,2.1198836607846962e-06
17859,דינו,1,2.1198836607846962e-06
17860,מעונותי,1,2.1198836607846962e-06
17861,נושבה,1,2.1198836607846962e-06
17862,תנדו,1,2.1198836607846962e-06
17863,מרוחים,1,2.1198836607846962e-06
17864,מתחרה,1,2.1198836607846962e-06
17865,מרוצה,1,2.1198836607846962e-06
17866,קבורת,1,2.1198836607846962e-06
17867,סחוב,1,2.1198836607846962e-06
17868,תבשי,1,2.1198836607846962e-06
17869,מקננתי,1,2.1198836607846962e-06
17870,מקננת,1,2.1198836607846962e-06
17871,נחנת,1,2.1198836607846962e-06
17872,אתק,1,2.1198836607846962e-06
17873,ילדתם,1,2.1198836607846962e-06
17874,ישובוס,1,2.1198836607846962e-06
17875,הוטלו,1,2.1198836607846962e-06
17876,השלכו,1,2.1198836607846962e-06
17877,מאבדים,1,2.1198836607846962e-06
17878,מפצים,1,2.1198836607846962e-06
17879,הפצתם,1,2.1198836607846962e-06
17880,תדחו,1,2.1198836607846962e-06
17881,רחפו,1,2.1198836607846962e-06
17882,חנפו,1,2.1198836607846962e-06
17883,ידחו,1,2.1198836607846962e-06
17884,הנבאו,1,2.1198836607846962e-06
17885,נאוף,1,2.1198836607846962e-06
17886,עמרהס,1,2.1198836607846962e-06
17887,השקתי,1,2.1198836607846962e-06
17888,מהבלים,1,2.1198836607846962e-06
17889,ישמעס,1,2.1198836607846962e-06
17890,השכיח,1,2.1198836607846962e-06
17891,חלומת,1,2.1198836607846962e-06
17892,יפצץ,1,2.1198836607846962e-06
17893,סלעס,1,2.1198836607846962e-06
17894,מגנבי,1,2.1198836607846962e-06
17895,ינאמו,1,2.1198836607846962e-06
17896,שקרי,1,2.1198836607846962e-06
17897,פחזות,1,2.1198836607846962e-06
17898,יכניהו,1,2.1198836607846962e-06
17899,ראשנית,1,2.1198836607846962e-06
17900,אשכים,1,2.1198836607846962e-06
17901,תכעיסו,1,2.1198836607846962e-06
17902,הבאיתי,1,2.1198836607846962e-06
17903,השקיתה,1,2.1198836607846962e-06
17904,התגעשו,1,2.1198836607846962e-06
17905,שכנים,1,2.1198836607846962e-06
17906,קיו,1,2.1198836607846962e-06
17907,תקומו,1,2.1198836607846962e-06
17908,הנקה,1,2.1198836607846962e-06
17909,התפלשו,1,2.1198836607846962e-06
17910,תפוצותי,1,2.1198836607846962e-06
17911,זאתה,1,2.1198836607846962e-06
17912,חדשס,1,2.1198836607846962e-06
17913,מורשתי,1,2.1198836607846962e-06
17914,היערים,1,2.1198836607846962e-06
17915,יהויקם,1,2.1198836607846962e-06
17916,יאושיהו,1,2.1198836607846962e-06
17917,מושבים,1,2.1198836607846962e-06
17918,יכוניה,1,2.1198836607846962e-06
17919,יובאו,1,2.1198836607846962e-06
17920,ינבאו,1,2.1198836607846962e-06
17921,מוטת,1,2.1198836607846962e-06
17922,הבטחת,1,2.1198836607846962e-06
17923,שביעיפ,1,2.1198836607846962e-06
17924,גמריה,1,2.1198836607846962e-06
17925,תמעטו,1,2.1198836607846962e-06
17926,ישיאו,1,2.1198836607846962e-06
17927,מחלמים,1,2.1198836607846962e-06
17928,התפללתם,1,2.1198836607846962e-06
17929,רדפתי,1,2.1198836607846962e-06
17930,אחב,1,2.1198836607846962e-06
17931,צינק,1,2.1198836607846962e-06
17932,נביאפ,1,2.1198836607846962e-06
17933,שאסי,1,2.1198836607846962e-06
17934,הרבתי,1,2.1198836607846962e-06
17935,הקרבתי,1,2.1198836607846962e-06
17936,נבנית,1,2.1198836607846962e-06
17937,אוליכ,1,2.1198836607846962e-06
17938,דאב,1,2.1198836607846962e-06
17939,יגונ,1,2.1198836607846962e-06
17940,רויתי,1,2.1198836607846962e-06
17941,מבכה,1,2.1198836607846962e-06
17942,מתנודד,1,2.1198836607846962e-06
17943,אוסר,1,2.1198836607846962e-06
17944,ספקתי,1,2.1198836607846962e-06
17945,א‍רחמ,1,2.1198836607846962e-06
17946,הציבי,1,2.1198836607846962e-06
17947,צינים,1,2.1198836607846962e-06
17948,תתחמקי,1,2.1198836607846962e-06
17949,הרויתי,1,2.1198836607846962e-06
17950,אשקד,1,2.1198836607846962e-06
17951,ימשו,1,2.1198836607846962e-06
17952,שרמות,1,2.1198836607846962e-06
17953,ינתש,1,2.1198836607846962e-06
17954,תצליחופ,1,2.1198836607846962e-06
17955,אחתם,1,2.1198836607846962e-06
17956,עליליה,1,2.1198836607846962e-06
17957,פקחות,1,2.1198836607846962e-06
17958,אזרוע,1,2.1198836607846962e-06
17959,תרות,1,2.1198836607846962e-06
17960,הסכו,1,2.1198836607846962e-06
17961,מקבצ,1,2.1198836607846962e-06
17962,הטיב,1,2.1198836607846962e-06
17963,נקנה,1,2.1198836607846962e-06
17964,נתצים,1,2.1198836607846962e-06
17965,עתרת,1,2.1198836607846962e-06
17966,מרבצים,1,2.1198836607846962e-06
17967,תפרו,1,2.1198836607846962e-06
17968,ינאצו,1,2.1198836607846962e-06
17969,נותרות,1,2.1198836607846962e-06
17970,יכבישו,1,2.1198836607846962e-06
17971,יכבשו,1,2.1198836607846962e-06
17972,תכבשו,1,2.1198836607846962e-06
17973,חבצניה,1,2.1198836607846962e-06
17974,יגדליהו,1,2.1198836607846962e-06
17975,תטעו,1,2.1198836607846962e-06
17976,דיופ,1,2.1198836607846962e-06
17977,הפקדו,1,2.1198836607846962e-06
17978,מבערת,1,2.1198836607846962e-06
17979,הפגעו,1,2.1198836607846962e-06
17980,שריהו,1,2.1198836607846962e-06
17981,עבדאל,1,2.1198836607846962e-06
17982,בהמהס,1,2.1198836607846962e-06
17983,יהוכל,1,2.1198836607846962e-06
17984,פרעהס,1,2.1198836607846962e-06
17985,חניות,1,2.1198836607846962e-06
17986,תנתןס,1,2.1198836607846962e-06
17987,חיס,1,2.1198836607846962e-06
17988,מלכיהו,1,2.1198836607846962e-06
17989,יטבע,1,2.1198836607846962e-06
17990,טיטס,1,2.1198836607846962e-06
17991,בלואי,1,2.1198836607846962e-06
17992,אצלות,1,2.1198836607846962e-06
17993,מטרהס,1,2.1198836607846962e-06
17994,הסיתו,1,2.1198836607846962e-06
17995,יחרשו,1,2.1198836607846962e-06
17996,הבקעה,1,2.1198836607846962e-06
17997,סמגר,1,2.1198836607846962e-06
17998,סכים,1,2.1198836607846962e-06
17999,נבוזר,1,2.1198836607846962e-06
18000,נבושזב,1,2.1198836607846962e-06
18001,מגלים,1,2.1198836607846962e-06
18002,ארחה,1,2.1198836607846962e-06
18003,עופי,1,2.1198836607846962e-06
18004,עיפי,1,2.1198836607846962e-06
18005,יזניהו,1,2.1198836607846962e-06
18006,תפשתם,1,2.1198836607846962e-06
18007,בעליס,1,2.1198836607846962e-06
18008,נקבצים,1,2.1198836607846962e-06
18009,מגלחי,1,2.1198836607846962e-06
18010,מתגדדים,1,2.1198836607846962e-06
18011,פגש,1,2.1198836607846962e-06
18012,אחיקםס,1,2.1198836607846962e-06
18013,מטמנים,1,2.1198836607846962e-06
18014,גרות,1,2.1198836607846962e-06
18015,כמוהם,1,2.1198836607846962e-06
18016,יזניה,1,2.1198836607846962e-06
18017,נרעב,1,2.1198836607846962e-06
18018,תשמו,1,2.1198836607846962e-06
18019,דאגים,1,2.1198836607846962e-06
18020,התעתי,1,2.1198836607846962e-06
18021,התעיתם,1,2.1198836607846962e-06
18022,חפצתם,1,2.1198836607846962e-06
18023,תחפנחסס,1,2.1198836607846962e-06
18024,טמנת,1,2.1198836607846962e-06
18025,שפרור,1,2.1198836607846962e-06
18026,שפריר,1,2.1198836607846962e-06
18027,תעבה,1,2.1198836607846962e-06
18028,שכחתם,1,2.1198836607846962e-06
18029,דכאו,1,2.1198836607846962e-06
18030,פלטיםס,1,2.1198836607846962e-06
18031,הסיך,1,2.1198836607846962e-06
18032,חדלנו,1,2.1198836607846962e-06
18033,חסרנו,1,2.1198836607846962e-06
18034,העצב,1,2.1198836607846962e-06
18035,נסכיםפ,1,2.1198836607846962e-06
18036,תרת,1,2.1198836607846962e-06
18037,נדרנו,1,2.1198836607846962e-06
18038,תקימנה,1,2.1198836607846962e-06
18039,חפרע,1,2.1198836607846962e-06
18040,מצאתיס,1,2.1198836607846962e-06
18041,כרכמש,1,2.1198836607846962e-06
18042,מרקו,1,2.1198836607846962e-06
18043,סרינת,1,2.1198836607846962e-06
18044,נסגים,1,2.1198836607846962e-06
18045,אבידה,1,2.1198836607846962e-06
18046,נסחף,1,2.1198836607846962e-06
18047,פיה,1,2.1198836607846962e-06
18048,פוקד,1,2.1198836607846962e-06
18049,מושע,1,2.1198836607846962e-06
18050,עזהס,1,2.1198836607846962e-06
18051,שעטת,1,2.1198836607846962e-06
18052,רפיון,1,2.1198836607846962e-06
18053,נדמתה,1,2.1198836607846962e-06
18054,תתגודדיס,1,2.1198836607846962e-06
18055,האספי,1,2.1198836607846962e-06
18056,הרגעי,1,2.1198836607846962e-06
18057,מדמן,1,2.1198836607846962e-06
18058,חרונים,1,2.1198836607846962e-06
18059,תלכדי,1,2.1198836607846962e-06
18060,כמיש,1,2.1198836607846962e-06
18061,הורק,1,2.1198836607846962e-06
18062,נמרס,1,2.1198836607846962e-06
18063,צעים,1,2.1198836607846962e-06
18064,צע,1,2.1198836607846962e-06
18065,ינפצו,1,2.1198836607846962e-06
18066,מופעת,1,2.1198836607846962e-06
18067,דבלתים,1,2.1198836607846962e-06
18068,השכיר,1,2.1198836607846962e-06
18069,תתנודד,1,2.1198836607846962e-06
18070,תקנן,1,2.1198836607846962e-06
18071,איליל,1,2.1198836607846962e-06
18072,נטישתי,1,2.1198836607846962e-06
18073,נאספה,1,2.1198836607846962e-06
18074,חרנים,1,2.1198836607846962e-06
18075,חלילים,1,2.1198836607846962e-06
18076,גרעה,1,2.1198836607846962e-06
18077,גדדת,1,2.1198836607846962e-06
18078,הפנה,1,2.1198836607846962e-06
18079,הנס,1,2.1198836607846962e-06
18080,תצתנה,1,2.1198836607846962e-06
18081,ירשי,1,2.1198836607846962e-06
18082,צעקנה,1,2.1198836607846962e-06
18083,חגרנה,1,2.1198836607846962e-06
18084,ספדנה,1,2.1198836607846962e-06
18085,התשוטטנה,1,2.1198836607846962e-06
18086,תתהללי,1,2.1198836607846962e-06
18087,נדחתם,1,2.1198836607846962e-06
18088,נסרחה,1,2.1198836607846962e-06
18089,עוללות,1,2.1198836607846962e-06
18090,מסתרי,1,2.1198836607846962e-06
18091,נחבה,1,2.1198836607846962e-06
18092,תבטחוס,1,2.1198836607846962e-06
18093,תפלצת,1,2.1198836607846962e-06
18094,יעיד,1,2.1198836607846962e-06
18095,מצרהס,1,2.1198836607846962e-06
18096,הפנתה,1,2.1198836607846962e-06
18097,רטט,1,2.1198836607846962e-06
18098,נבוכדראצור,1,2.1198836607846962e-06
18099,יריעותי,1,2.1198836607846962e-06
18100,החתתי,1,2.1198836607846962e-06
18101,תכחדו,1,2.1198836607846962e-06
18102,שובבו,1,2.1198836607846962e-06
18103,נאשם,1,2.1198836607846962e-06
18104,תשמחו,1,2.1198836607846962e-06
18105,תעלזו,1,2.1198836607846962e-06
18106,תפושי,1,2.1198836607846962e-06
18107,תפושו,1,2.1198836607846962e-06
18108,דשה,1,2.1198836607846962e-06
18109,תצהלי,1,2.1198836607846962e-06
18110,תצהלו,1,2.1198836607846962e-06
18111,אברים,1,2.1198836607846962e-06
18112,אשויתי,1,2.1198836607846962e-06
18113,אשיותי,1,2.1198836607846962e-06
18114,הנקמו,1,2.1198836607846962e-06
18115,ינסוס,1,2.1198836607846962e-06
18116,פזורה,1,2.1198836607846962e-06
18117,הדיחו,1,2.1198836607846962e-06
18118,תמצאינה,1,2.1198836607846962e-06
18119,מרתים,1,2.1198836607846962e-06
18120,יקשתי,1,2.1198836607846962e-06
18121,נתפשת,1,2.1198836607846962e-06
18122,התגרית,1,2.1198836607846962e-06
18123,מאבסי,1,2.1198836607846962e-06
18124,ערמים,1,2.1198836607846962e-06
18125,זדה,1,2.1198836607846962e-06
18126,נאלו,1,2.1198836607846962e-06
18127,ארגעה,1,2.1198836607846962e-06
18128,ארוצ,1,2.1198836607846962e-06
18129,נרעשה,1,2.1198836607846962e-06
18130,נשמעס,1,2.1198836607846962e-06
18131,יבקקו,1,2.1198836607846962e-06
18132,יתעל,1,2.1198836607846962e-06
18133,סרינ,1,2.1198836607846962e-06
18134,תדמו,1,2.1198836607846962e-06
18135,רפאנו,1,2.1198836607846962e-06
18136,רפינו,1,2.1198836607846962e-06
18137,נרפתה,1,2.1198836607846962e-06
18138,נספרה,1,2.1198836607846962e-06
18139,הידדס,1,2.1198836607846962e-06
18140,מפץ,1,2.1198836607846962e-06
18141,השחתי,1,2.1198836607846962e-06
18142,גלגלתי,1,2.1198836607846962e-06
18143,טפסר,1,2.1198836607846962e-06
18144,נתפשו,1,2.1198836607846962e-06
18145,נבהלוס,1,2.1198836607846962e-06
18146,הבשתי,1,2.1198836607846962e-06
18147,נערו,1,2.1198836607846962e-06
18148,נכסתה,1,2.1198836607846962e-06
18149,ינהרו,1,2.1198836607846962e-06
18150,נשמעת,1,2.1198836607846962e-06
18151,תבוש,1,2.1198836607846962e-06
18152,שודדים,1,2.1198836607846962e-06
18153,יאנק,1,2.1198836607846962e-06
18154,נלכדו,1,2.1198836607846962e-06
18155,חתתה,1,2.1198836607846962e-06
18156,תתערער,1,2.1198836607846962e-06
18157,יעפוס,1,2.1198836607846962e-06
18158,ירמיהוס,1,2.1198836607846962e-06
18159,סרות,1,2.1198836607846962e-06
18160,מנקיות,1,2.1198836607846962e-06
18161,כותרת,1,2.1198836607846962e-06
18162,יהויכן,1,2.1198836607846962e-06
18163,שרתי,1,2.1198836607846962e-06
18164,איביםס,1,2.1198836607846962e-06
18165,אבלות,1,2.1198836607846962e-06
18166,שוממין,1,2.1198836607846962e-06
18167,נוגות,1,2.1198836607846962e-06
18168,הוג,1,2.1198836607846962e-06
18169,צרס,1,2.1198836607846962e-06
18170,רודףס,1,2.1198836607846962e-06
18171,מרודי,1,2.1198836607846962e-06
18172,נידה,1,2.1198836607846962e-06
18173,מכבדי,1,2.1198836607846962e-06
18174,הזילו,1,2.1198836607846962e-06
18175,אחורס,1,2.1198836607846962e-06
18176,פלאים,1,2.1198836607846962e-06
18177,מחמודי,1,2.1198836607846962e-06
18178,זוללהס,1,2.1198836607846962e-06
18179,דוהס,1,2.1198836607846962e-06
18180,נשקד,1,2.1198836607846962e-06
18181,ישתרגו,1,2.1198836607846962e-06
18182,בוכיה,1,2.1198836607846962e-06
18183,שוממים,1,2.1198836607846962e-06
18184,שביס,1,2.1198836607846962e-06
18185,גועו,1,2.1198836607846962e-06
18186,ששו,1,2.1198836607846962e-06
18187,דויפ,1,2.1198836607846962e-06
18188,יעיב,1,2.1198836607846962e-06
18189,אניהס,1,2.1198836607846962e-06
18190,שכ,1,2.1198836607846962e-06
18191,נאר,1,2.1198836607846962e-06
18192,יאבל,1,2.1198836607846962e-06
18193,אמללוס,1,2.1198836607846962e-06
18194,קריהס,1,2.1198836607846962e-06
18195,התעטפ,1,2.1198836607846962e-06
18196,השתפך,1,2.1198836607846962e-06
18197,מדוחיםס,1,2.1198836607846962e-06
18198,ספקו,1,2.1198836607846962e-06
18199,יחרקו,1,2.1198836607846962e-06
18200,קוינ,1,2.1198836607846962e-06
18201,ראינוס,1,2.1198836607846962e-06
18202,הורידי,1,2.1198836607846962e-06
18203,פוגת,1,2.1198836607846962e-06
18204,תדם,1,2.1198836607846962e-06
18205,שפכי,1,2.1198836607846962e-06
18206,עטופים,1,2.1198836607846962e-06
18207,טפחים,1,2.1198836607846962e-06
18208,נביאס,1,2.1198836607846962e-06
18209,חמלתס,1,2.1198836607846962e-06
18210,טפחתי,1,2.1198836607846962e-06
18211,רביתי,1,2.1198836607846962e-06
18212,יקף,1,2.1198836607846962e-06
18213,עוהס,1,2.1198836607846962e-06
18214,יפשח,1,2.1198836607846962e-06
18215,מטרא,1,2.1198836607846962e-06
18216,חץס,1,2.1198836607846962e-06
18217,מרורים,1,2.1198836607846962e-06
18218,לענהס,1,2.1198836607846962e-06
18219,יגרס,1,2.1198836607846962e-06
18220,הכפיש,1,2.1198836607846962e-06
18221,תשוח,1,2.1198836607846962e-06
18222,אוחילס,1,2.1198836607846962e-06
18223,יתאונן,1,2.1198836607846962e-06
18224,נחפשה,1,2.1198836607846962e-06
18225,נחקרה,1,2.1198836607846962e-06
18226,פשענו,1,2.1198836607846962e-06
18227,מרינו,1,2.1198836607846962e-06
18228,סלחתס,1,2.1198836607846962e-06
18229,סכותה,1,2.1198836607846962e-06
18230,סחי,1,2.1198836607846962e-06
18231,עמיםס,1,2.1198836607846962e-06
18232,תדמה,1,2.1198836607846962e-06
18233,הפגות,1,2.1198836607846962e-06
18234,ישקיף,1,2.1198836607846962e-06
18235,עוללה,1,2.1198836607846962e-06
18236,צמתו,1,2.1198836607846962e-06
18237,נגזרתיס,1,2.1198836607846962e-06
18238,תעלם,1,2.1198836607846962e-06
18239,תיראס,1,2.1198836607846962e-06
18240,עותת,1,2.1198836607846962e-06
18241,הגיונ,1,2.1198836607846962e-06
18242,קימת,1,2.1198836607846962e-06
18243,מנגינת,1,2.1198836607846962e-06
18244,מגנת,1,2.1198836607846962e-06
18245,תאלת,1,2.1198836607846962e-06
18246,יועם,1,2.1198836607846962e-06
18247,תשתפכנה,1,2.1198836607846962e-06
18248,יקרים,1,2.1198836607846962e-06
18249,מסלאים,1,2.1198836607846962e-06
18250,יוצרס,1,2.1198836607846962e-06
18251,היניקו,1,2.1198836607846962e-06
18252,יענים,1,2.1198836607846962e-06
18253,אשפתותס,1,2.1198836607846962e-06
18254,ידיםס,1,2.1198836607846962e-06
18255,נזירי,1,2.1198836607846962e-06
18256,צחו,1,2.1198836607846962e-06
18257,אדמו,1,2.1198836607846962e-06
18258,נכרו,1,2.1198836607846962e-06
18259,צפד,1,2.1198836607846962e-06
18260,עץס,1,2.1198836607846962e-06
18261,שדיס,1,2.1198836607846962e-06
18262,רחמניות,1,2.1198836607846962e-06
18263,יצת,1,2.1198836607846962e-06
18264,שפכים,1,2.1198836607846962e-06
18265,צדיקיםס,1,2.1198836607846962e-06
18266,נצו,1,2.1198836607846962e-06
18267,גורס,1,2.1198836607846962e-06
18268,חננוס,1,2.1198836607846962e-06
18269,ינה,1,2.1198836607846962e-06
18270,עודי,1,2.1198836607846962e-06
18271,צפינו,1,2.1198836607846962e-06
18272,יושעס,1,2.1198836607846962e-06
18273,נשרי,1,2.1198836607846962e-06
18274,שישי,1,2.1198836607846962e-06
18275,יושבתי,1,2.1198836607846962e-06
18276,תתעריס,1,2.1198836607846962e-06
18277,נהפכה,1,2.1198836607846962e-06
18278,שתינו,1,2.1198836607846962e-06
18279,נרדפנו,1,2.1198836607846962e-06
18280,יגענו,1,2.1198836607846962e-06
18281,הונח,1,2.1198836607846962e-06
18282,סבלנו,1,2.1198836607846962e-06
18283,בתלת,1,2.1198836607846962e-06
18284,נתלו,1,2.1198836607846962e-06
18285,נהדרו,1,2.1198836607846962e-06
18286,שבתו,1,2.1198836607846962e-06
18287,יויכין,1,2.1198836607846962e-06
18288,נצצים,1,2.1198836607846962e-06
18289,בערות,1,2.1198836607846962e-06
18290,מתהלכת,1,2.1198836607846962e-06
18291,רצוא,1,2.1198836607846962e-06
18292,ישרות,1,2.1198836607846962e-06
18293,המלה,1,2.1198836607846962e-06
18294,מורדים,1,2.1198836607846962e-06
18295,סרבים,1,2.1198836607846962e-06
18296,סלונים,1,2.1198836607846962e-06
18297,היס,1,2.1198836607846962e-06
18298,מתוקפ,1,2.1198836607846962e-06
18299,יאבו,1,2.1198836607846962e-06
18300,משיקות,1,2.1198836607846962e-06
18301,משמים,1,2.1198836607846962e-06
18302,תזכרן,1,2.1198836607846962e-06
18303,הסגר,1,2.1198836607846962e-06
18304,אדביק,1,2.1198836607846962e-06
18305,נאלמת,1,2.1198836607846962e-06
18306,הכינתה,1,2.1198836607846962e-06
18307,ימוני,1,2.1198836607846962e-06
18308,חשופה,1,2.1198836607846962e-06
18309,חטין,1,2.1198836607846962e-06
18310,דחן,1,2.1198836607846962e-06
18311,כסמים,1,2.1198836607846962e-06
18312,שוכב,1,2.1198836607846962e-06
18313,משקול,1,2.1198836607846962e-06
18314,תעג,1,2.1198836607846962e-06
18315,מטמאה,1,2.1198836607846962e-06
18316,פגולס,1,2.1198836607846962e-06
18317,צפועי,1,2.1198836607846962e-06
18318,צפיעי,1,2.1198836607846962e-06
18319,גלבים,1,2.1198836607846962e-06
18320,תבעיר,1,2.1198836607846962e-06
18321,תזרה,1,2.1198836607846962e-06
18322,עשיתםס,1,2.1198836607846962e-06
18323,רוחפ,1,2.1198836607846962e-06
18324,הנחמתי,1,2.1198836607846962e-06
18325,גדופה,1,2.1198836607846962e-06
18326,תכחות,1,2.1198836607846962e-06
18327,גאית,1,2.1198836607846962e-06
18328,תישמנה,1,2.1198836607846962e-06
18329,נשבתו,1,2.1198836607846962e-06
18330,נמחו,1,2.1198836607846962e-06
18331,הזרותי,1,2.1198836607846962e-06
18332,נשברתי,1,2.1198836607846962e-06
18333,נקטו,1,2.1198836607846962e-06
18334,עבתה,1,2.1198836607846962e-06
18335,צפירה,1,2.1198836607846962e-06
18336,צץ,1,2.1198836607846962e-06
18337,יתחזקו,1,2.1198836607846962e-06
18338,יוני,1,2.1198836607846962e-06
18339,הסבותי,1,2.1198836607846962e-06
18340,פריצים,1,2.1198836607846962e-06
18341,רתוק,1,2.1198836607846962e-06
18342,קפדה,1,2.1198836607846962e-06
18343,תבהלנה,1,2.1198836607846962e-06
18344,גדלותס,1,2.1198836607846962e-06
18345,אחתר,1,2.1198836607846962e-06
18346,מבכות,1,2.1198836607846962e-06
18347,תמוזס,1,2.1198836607846962e-06
18348,משתחויתם,1,2.1198836607846962e-06
18349,מפצ,1,2.1198836607846962e-06
18350,התוית,1,2.1198836607846962e-06
18351,מצחות,1,2.1198836607846962e-06
18352,נאנקים,1,2.1198836607846962e-06
18353,נעשות,1,2.1198836607846962e-06
18354,תחלו,1,2.1198836607846962e-06
18355,נאשאר,1,2.1198836607846962e-06
18356,יעצים,1,2.1198836607846962e-06
18357,הרביתם,1,2.1198836607846962e-06
18358,חללפ,1,2.1198836607846962e-06
18359,הרחקתי,1,2.1198836607846962e-06
18360,נפצותם,1,2.1198836607846962e-06
18361,חתרתי,1,2.1198836607846962e-06
18362,נושבות,1,2.1198836607846962e-06
18363,רחוקות,1,2.1198836607846962e-06
18364,פרצות,1,2.1198836607846962e-06
18365,תגדרו,1,2.1198836607846962e-06
18366,הטעו,1,2.1198836607846962e-06
18367,חיץ,1,2.1198836607846962e-06
18368,טחי,1,2.1198836607846962e-06
18369,טיח,1,2.1198836607846962e-06
18370,טחתםס,1,2.1198836607846962e-06
18371,בקעתי,1,2.1198836607846962e-06
18372,טחתם,1,2.1198836607846962e-06
18373,הגעתי,1,2.1198836607846962e-06
18374,מתנבאות,1,2.1198836607846962e-06
18375,מתפרות,1,2.1198836607846962e-06
18376,כסתות,1,2.1198836607846962e-06
18377,מספחות,1,2.1198836607846962e-06
18378,צודד,1,2.1198836607846962e-06
18379,תצודדנה,1,2.1198836607846962e-06
18380,תחללנה,1,2.1198836607846962e-06
18381,שעלי,1,2.1198836607846962e-06
18382,פתותי,1,2.1198836607846962e-06
18383,תמותנה,1,2.1198836607846962e-06
18384,כזבס,1,2.1198836607846962e-06
18385,כסתותי,1,2.1198836607846962e-06
18386,פרחות,1,2.1198836607846962e-06
18387,נפשים,1,2.1198836607846962e-06
18388,מספחתי,1,2.1198836607846962e-06
18389,הכאות,1,2.1198836607846962e-06
18390,הכאבתי,1,2.1198836607846962e-06
18391,תקסמנה,1,2.1198836607846962e-06
18392,ינזר,1,2.1198836607846962e-06
18393,פתיתי,1,2.1198836607846962e-06
18394,שכלת,1,2.1198836607846962e-06
18395,נחמתם,1,2.1198836607846962e-06
18396,מלדתי,1,2.1198836607846962e-06
18397,מולדותי,1,2.1198836607846962e-06
18398,משעי,1,2.1198836607846962e-06
18399,המלחת,1,2.1198836607846962e-06
18400,החתל,1,2.1198836607846962e-06
18401,חמלה,1,2.1198836607846962e-06
18402,תשלכי,1,2.1198836607846962e-06
18403,תגדלי,1,2.1198836607846962e-06
18404,תבאי,1,2.1198836607846962e-06
18405,עדיים,1,2.1198836607846962e-06
18406,נכנו,1,2.1198836607846962e-06
18407,ארחצ,1,2.1198836607846962e-06
18408,אשטף,1,2.1198836607846962e-06
18409,אסכ,1,2.1198836607846962e-06
18410,אנעל,1,2.1198836607846962e-06
18411,רביד,1,2.1198836607846962e-06
18412,עגילים,1,2.1198836607846962e-06
18413,תיפי,1,2.1198836607846962e-06
18414,תצלחי,1,2.1198836607846962e-06
18415,תשפכי,1,2.1198836607846962e-06
18416,טלאות,1,2.1198836607846962e-06
18417,תזבחי,1,2.1198836607846962e-06
18418,תשחטי,1,2.1198836607846962e-06
18419,תזנתי,1,2.1198836607846962e-06
18420,תתעבי,1,2.1198836607846962e-06
18421,תפשקי,1,2.1198836607846962e-06
18422,שנאותי,1,2.1198836607846962e-06
18423,נכלמות,1,2.1198836607846962e-06
18424,אמלה,1,2.1198836607846962e-06
18425,שלטת,1,2.1198836607846962e-06
18426,נדני,1,2.1198836607846962e-06
18427,תשחדי,1,2.1198836607846962e-06
18428,השפך,1,2.1198836607846962e-06
18429,בתקו,1,2.1198836607846962e-06
18430,אכעס,1,2.1198836607846962e-06
18431,תרגזי,1,2.1198836607846962e-06
18432,געלת,1,2.1198836607846962e-06
18433,געלו,1,2.1198836607846962e-06
18434,קט,1,2.1198836607846962e-06
18435,תשחתי,1,2.1198836607846962e-06
18436,תגבהינה,1,2.1198836607846962e-06
18437,ראיתיס,1,2.1198836607846962e-06
18438,תצדקי,1,2.1198836607846962e-06
18439,פללת,1,2.1198836607846962e-06
18440,התעבת,1,2.1198836607846962e-06
18441,תצדקנה,1,2.1198836607846962e-06
18442,שביתי,1,2.1198836607846962e-06
18443,תשבינה,1,2.1198836607846962e-06
18444,גאוני,1,2.1198836607846962e-06
18445,שאטות,1,2.1198836607846962e-06
18446,הקמותי,1,2.1198836607846962e-06
18447,יניקותי,1,2.1198836607846962e-06
18448,קטף,1,2.1198836607846962e-06
18449,צפצפה,1,2.1198836607846962e-06
18450,סרחת,1,2.1198836607846962e-06
18451,פארות,1,2.1198836607846962e-06
18452,כפנה,1,2.1198836607846962e-06
18453,ערגות,1,2.1198836607846962e-06
18454,אדרתס,1,2.1198836607846962e-06
18455,יקוסס,1,2.1198836607846962e-06
18456,ערגת,1,2.1198836607846962e-06
18457,תיבשפ,1,2.1198836607846962e-06
18458,ממליך,1,2.1198836607846962e-06
18459,ימלטס,1,2.1198836607846962e-06
18460,מברחי,1,2.1198836607846962e-06
18461,אקטף,1,2.1198836607846962e-06
18462,שתלתי,1,2.1198836607846962e-06
18463,תלול,1,2.1198836607846962e-06
18464,אשתל,1,2.1198836607846962e-06
18465,תשכנה,1,2.1198836607846962e-06
18466,השפלתי,1,2.1198836607846962e-06
18467,הגבהתי,1,2.1198836607846962e-06
18468,הובשתי,1,2.1198836607846962e-06
18469,הפרחתי,1,2.1198836607846962e-06
18470,עשיתיפ,1,2.1198836607846962e-06
18471,תמותס,1,2.1198836607846962e-06
18472,חוב,1,2.1198836607846962e-06
18473,גזלות,1,2.1198836607846962e-06
18474,חיהס,1,2.1198836607846962e-06
18475,חיופ,1,2.1198836607846962e-06
18476,נוחלה,1,2.1198836607846962e-06
18477,סוגר,1,2.1198836607846962e-06
18478,ענפה,1,2.1198836607846962e-06
18479,תגבה,1,2.1198836607846962e-06
18480,דליתי,1,2.1198836607846962e-06
18481,תתש,1,2.1198836607846962e-06
18482,השלכה,1,2.1198836607846962e-06
18483,קינהפ,1,2.1198836607846962e-06
18484,אודע,1,2.1198836607846962e-06
18485,חוקי,1,2.1198836607846962e-06
18486,אטמא,1,2.1198836607846962e-06
18487,ניחוחי,1,2.1198836607846962e-06
18488,יסיכו,1,2.1198836607846962e-06
18489,אמלוך,1,2.1198836607846962e-06
18490,נפוצתם,1,2.1198836607846962e-06
18491,מסרת,1,2.1198836607846962e-06
18492,ברותי,1,2.1198836607846962e-06
18493,אדרוש,1,2.1198836607846962e-06
18494,משאותי,1,2.1198836607846962e-06
18495,נפצתם,1,2.1198836607846962e-06
18496,נטמאתם,1,2.1198836607846962e-06
18497,נשחתות,1,2.1198836607846962e-06
18498,נצרבו,1,2.1198836607846962e-06
18499,האנח,1,2.1198836607846962e-06
18500,מרירות,1,2.1198836607846962e-06
18501,תאנח,1,2.1198836607846962e-06
18502,נאנח,1,2.1198836607846962e-06
18503,נשיש,1,2.1198836607846962e-06
18504,מרט,1,2.1198836607846962e-06
18505,הורג,1,2.1198836607846962e-06
18506,תכפל,1,2.1198836607846962e-06
18507,חדרת,1,2.1198836607846962e-06
18508,מוג,1,2.1198836607846962e-06
18509,אבחת,1,2.1198836607846962e-06
18510,התאחדי,1,2.1198836607846962e-06
18511,הימני,1,2.1198836607846962e-06
18512,השימי,1,2.1198836607846962e-06
18513,השמילי,1,2.1198836607846962e-06
18514,מעדות,1,2.1198836607846962e-06
18515,קסום,1,2.1198836607846962e-06
18516,התפשפ,1,2.1198836607846962e-06
18517,תתפשופ,1,2.1198836607846962e-06
18518,קץס,1,2.1198836607846962e-06
18519,נבראת,1,2.1198836607846962e-06
18520,מכרותי,1,2.1198836607846962e-06
18521,תקריבי,1,2.1198836607846962e-06
18522,קלסה,1,2.1198836607846962e-06
18523,הקלו,1,2.1198836607846962e-06
18524,תבצעי,1,2.1198836607846962e-06
18525,התמתי,1,2.1198836607846962e-06
18526,סיג,1,2.1198836607846962e-06
18527,היוס,1,2.1198836607846962e-06
18528,קבצת,1,2.1198836607846962e-06
18529,הנתיך,1,2.1198836607846962e-06
18530,התכתי,1,2.1198836607846962e-06
18531,נתכתם,1,2.1198836607846962e-06
18532,התוך,1,2.1198836607846962e-06
18533,תתכו,1,2.1198836607846962e-06
18534,מטהרה,1,2.1198836607846962e-06
18535,שואג,1,2.1198836607846962e-06
18536,הבדילו,1,2.1198836607846962e-06
18537,העלימו,1,2.1198836607846962e-06
18538,זאבים,1,2.1198836607846962e-06
18539,טחו,1,2.1198836607846962e-06
18540,מעכו,1,2.1198836607846962e-06
18541,שפוטים,1,2.1198836607846962e-06
18542,עגבת,1,2.1198836607846962e-06
18543,חגורי,1,2.1198836607846962e-06
18544,סרוחי,1,2.1198836607846962e-06
18545,טבולים,1,2.1198836607846962e-06
18546,תפקדי,1,2.1198836607846962e-06
18547,קוע,1,2.1198836607846962e-06
18548,הצן,1,2.1198836607846962e-06
18549,תגרמי,1,2.1198836607846962e-06
18550,תנתקי,1,2.1198836607846962e-06
18551,תשליכי,1,2.1198836607846962e-06
18552,כחלת,1,2.1198836607846962e-06
18553,עדית,1,2.1198836607846962e-06
18554,סובאים,1,2.1198836607846962e-06
18555,נאופים,1,2.1198836607846962e-06
18556,יזנה,1,2.1198836607846962e-06
18557,נוסרו,1,2.1198836607846962e-06
18558,תשאינה,1,2.1198836607846962e-06
18559,רתח,1,2.1198836607846962e-06
18560,רתחי,1,2.1198836607846962e-06
18561,הכסותפ,1,2.1198836607846962e-06
18562,אגדיל,1,2.1198836607846962e-06
18563,מדורה,1,2.1198836607846962e-06
18564,הדלק,1,2.1198836607846962e-06
18565,הרקח,1,2.1198836607846962e-06
18566,יחרו,1,2.1198836607846962e-06
18567,רקה,1,2.1198836607846962e-06
18568,תחם,1,2.1198836607846962e-06
18569,הלאת,1,2.1198836607846962e-06
18570,אפרע,1,2.1198836607846962e-06
18571,האנק,1,2.1198836607846962e-06
18572,תעטה,1,2.1198836607846962e-06
18573,מחמל,1,2.1198836607846962e-06
18574,תעטו,1,2.1198836607846962e-06
18575,תספדו,1,2.1198836607846962e-06
18576,נמקתם,1,2.1198836607846962e-06
18577,נהמתם,1,2.1198836607846962e-06
18578,השמעות,1,2.1198836607846962e-06
18579,תאלם,1,2.1198836607846962e-06
18580,טירותי,1,2.1198836607846962e-06
18581,הישימת,1,2.1198836607846962e-06
18582,קריתמ,1,2.1198836607846962e-06
18583,קריתימ,1,2.1198836607846962e-06
18584,אשום,1,2.1198836607846962e-06
18585,נקמו,1,2.1198836607846962e-06
18586,נטתי,1,2.1198836607846962e-06
18587,דדנ,1,2.1198836607846962e-06
18588,ינקמו,1,2.1198836607846962e-06
18589,אמלאה,1,2.1198836607846962e-06
18590,החרבה,1,2.1198836607846962e-06
18591,סחיתי,1,2.1198836607846962e-06
18592,תהרגנה,1,2.1198836607846962e-06
18593,מחי,1,2.1198836607846962e-06
18594,מגדלתי,1,2.1198836607846962e-06
18595,תרעשנה,1,2.1198836607846962e-06
18596,מבואי,1,2.1198836607846962e-06
18597,מבקעה,1,2.1198836607846962e-06
18598,כנורי,1,2.1198836607846962e-06
18599,מעילי,1,2.1198836607846962e-06
18600,חרדות,1,2.1198836607846962e-06
18601,הללה,1,2.1198836607846962e-06
18602,נחרבת,1,2.1198836607846962e-06
18603,תמצאי,1,2.1198836607846962e-06
18604,מבואת,1,2.1198836607846962e-06
18605,לחתים,1,2.1198836607846962e-06
18606,משוטי,1,2.1198836607846962e-06
18607,חילך,1,2.1198836607846962e-06
18608,גמדים,1,2.1198836607846962e-06
18609,מגדלותי,1,2.1198836607846962e-06
18610,הובנים,1,2.1198836607846962e-06
18611,הבנים,1,2.1198836607846962e-06
18612,פנג,1,2.1198836607846962e-06
18613,חלבון,1,2.1198836607846962e-06
18614,ודן,1,2.1198836607846962e-06
18615,רכבה,1,2.1198836607846962e-06
18616,כלמד,1,2.1198836607846962e-06
18617,מכללים,1,2.1198836607846962e-06
18618,גלומי,1,2.1198836607846962e-06
18619,ברמים,1,2.1198836607846962e-06
18620,מרכלת,1,2.1198836607846962e-06
18621,תכבדי,1,2.1198836607846962e-06
18622,מגרשות,1,2.1198836607846962e-06
18623,אניותי,1,2.1198836607846962e-06
18624,משוט,1,2.1198836607846962e-06
18625,יתפלשו,1,2.1198836607846962e-06
18626,הקריחו,1,2.1198836607846962e-06
18627,הוני,1,2.1198836607846962e-06
18628,מערבי,1,2.1198836607846962e-06
18629,העשרת,1,2.1198836607846962e-06
18630,רעמו,1,2.1198836607846962e-06
18631,עממו,1,2.1198836607846962e-06
18632,מותי,1,2.1198836607846962e-06
18633,ממשח,1,2.1198836607846962e-06
18634,סוכך,1,2.1198836607846962e-06
18635,ראוה,1,2.1198836607846962e-06
18636,נכבדתי,1,2.1198836607846962e-06
18637,נפלל,1,2.1198836607846962e-06
18638,סלון,1,2.1198836607846962e-06
18639,ממאיר,1,2.1198836607846962e-06
18640,חחיים,1,2.1198836607846962e-06
18641,מתניםס,1,2.1198836607846962e-06
18642,מחרבות,1,2.1198836607846962e-06
18643,הפצתי,1,2.1198836607846962e-06
18644,מכורת,1,2.1198836607846962e-06
18645,תתנשא,1,2.1198836607846962e-06
18646,המעטתי,1,2.1198836607846962e-06
18647,רדות,1,2.1198836607846962e-06
18648,מקרח,1,2.1198836607846962e-06
18649,בזז,1,2.1198836607846962e-06
18650,הה,1,2.1198836607846962e-06
18651,כוב,1,2.1198836607846962e-06
18652,יפלופ,1,2.1198836607846962e-06
18653,נחרבות,1,2.1198836607846962e-06
18654,באהס,1,2.1198836607846962e-06
18655,תחול,1,2.1198836607846962e-06
18656,הבקע,1,2.1198836607846962e-06
18657,בסת,1,2.1198836607846962e-06
18658,חבשה,1,2.1198836607846962e-06
18659,חתול,1,2.1198836607846962e-06
18660,נאק,1,2.1198836607846962e-06
18661,נאקות,1,2.1198836607846962e-06
18662,רממת,1,2.1198836607846962e-06
18663,תעלתי,1,2.1198836607846962e-06
18664,גבהא,1,2.1198836607846962e-06
18665,תרבינה,1,2.1198836607846962e-06
18666,סרעפתי,1,2.1198836607846962e-06
18667,תארכנה,1,2.1198836607846962e-06
18668,פארת,1,2.1198836607846962e-06
18669,קננו,1,2.1198836607846962e-06
18670,ייף,1,2.1198836607846962e-06
18671,עממ,1,2.1198836607846962e-06
18672,ערמנים,1,2.1198836607846962e-06
18673,גבהת,1,2.1198836607846962e-06
18674,בורס,1,2.1198836607846962e-06
18675,האבלתי,1,2.1198836607846962e-06
18676,יכלאו,1,2.1198836607846962e-06
18677,אקדר,1,2.1198836607846962e-06
18678,עלפה,1,2.1198836607846962e-06
18679,נדמית,1,2.1198836607846962e-06
18680,תגח,1,2.1198836607846962e-06
18681,תרפס,1,2.1198836607846962e-06
18682,אטיל,1,2.1198836607846962e-06
18683,השכנתי,1,2.1198836607846962e-06
18684,אפקים,1,2.1198836607846962e-06
18685,הקדרתי,1,2.1198836607846962e-06
18686,מאורי,1,2.1198836607846962e-06
18687,אקדיר,1,2.1198836607846962e-06
18688,הכעסתי,1,2.1198836607846962e-06
18689,ישערו,1,2.1198836607846962e-06
18690,עופפ,1,2.1198836607846962e-06
18691,אשקיע,1,2.1198836607846962e-06
18692,המוני,1,2.1198836607846962e-06
18693,צדני,1,2.1198836607846962e-06
18694,בושים,1,2.1198836607846962e-06
18695,אדרשס,1,2.1198836607846962e-06
18696,נמקים,1,2.1198836607846962e-06
18697,יכשל,1,2.1198836607846962e-06
18698,תירשוס,1,2.1198836607846962e-06
18699,נדברים,1,2.1198836607846962e-06
18700,מטב,1,2.1198836607846962e-06
18701,רועי,1,2.1198836607846962e-06
18702,תלבשו,1,2.1198836607846962e-06
18703,רפאתם,1,2.1198836607846962e-06
18704,חבשתם,1,2.1198836607846962e-06
18705,רדיתם,1,2.1198836607846962e-06
18706,רעוס,1,2.1198836607846962e-06
18707,אכלהס,1,2.1198836607846962e-06
18708,בקרתי,1,2.1198836607846962e-06
18709,נפרשות,1,2.1198836607846962e-06
18710,אבקר,1,2.1198836607846962e-06
18711,רעיתי,1,2.1198836607846962e-06
18712,מושבי,1,2.1198836607846962e-06
18713,תרבצנה,1,2.1198836607846962e-06
18714,ארביצ,1,2.1198836607846962e-06
18715,מרעי,1,2.1198836607846962e-06
18716,תרמסו,1,2.1198836607846962e-06
18717,משקע,1,2.1198836607846962e-06
18718,תרפשו,1,2.1198836607846962e-06
18719,מרפש,1,2.1198836607846962e-06
18720,תשתינהס,1,2.1198836607846962e-06
18721,תהדפו,1,2.1198836607846962e-06
18722,תנגחו,1,2.1198836607846962e-06
18723,הפיצותם,1,2.1198836607846962e-06
18724,גבעותי,1,2.1198836607846962e-06
18725,גאותי,1,2.1198836607846962e-06
18726,תישבנה,1,2.1198836607846962e-06
18727,נאצותי,1,2.1198836607846962e-06
18728,העתרתם,1,2.1198836607846962e-06
18729,שמעתיס,1,2.1198836607846962e-06
18730,נעזבות,1,2.1198836607846962e-06
18731,ענפ,1,2.1198836607846962e-06
18732,נעבדתם,1,2.1198836607846962e-06
18733,נזרעתם,1,2.1198836607846962e-06
18734,קדמותי,1,2.1198836607846962e-06
18735,הטבתי,1,2.1198836607846962e-06
18736,ראשתי,1,2.1198836607846962e-06
18737,תשכלי,1,2.1198836607846962e-06
18738,זרקתי,1,2.1198836607846962e-06
18739,הלזו,1,2.1198836607846962e-06
18740,בצורות,1,2.1198836607846962e-06
18741,עשיתיס,1,2.1198836607846962e-06
18742,קרמתי,1,2.1198836607846962e-06
18743,נבאתי,1,2.1198836607846962e-06
18744,יקרם,1,2.1198836607846962e-06
18745,הנבאתי,1,2.1198836607846962e-06
18746,נגזרנו,1,2.1198836607846962e-06
18747,רועה,1,2.1198836607846962e-06
18748,שובבתי,1,2.1198836607846962e-06
18749,נקהלים,1,2.1198836607846962e-06
18750,משובבת,1,2.1198836607846962e-06
18751,מקבצת,1,2.1198836607846962e-06
18752,הוצאה,1,2.1198836607846962e-06
18753,שקטים,1,2.1198836607846962e-06
18754,הבאותי,1,2.1198836607846962e-06
18755,גוגס,1,2.1198836607846962e-06
18756,קדמונים,1,2.1198836607846962e-06
18757,מדרגות,1,2.1198836607846962e-06
18758,התגדלתי,1,2.1198836607846962e-06
18759,התקדשתי,1,2.1198836607846962e-06
18760,ששאתי,1,2.1198836607846962e-06
18761,יחטבו,1,2.1198836607846962e-06
18762,חסמת,1,2.1198836607846962e-06
18763,המונה,1,2.1198836607846962e-06
18764,זבחתי,1,2.1198836607846962e-06
18765,אותיר,1,2.1198836607846962e-06
18766,מבנה,1,2.1198836607846962e-06
18767,הבאתה,1,2.1198836607846962e-06
18768,יאתון,1,2.1198836607846962e-06
18769,איתון,1,2.1198836607846962e-06
18770,תחתונ,1,2.1198836607846962e-06
18771,תמרי,1,2.1198836607846962e-06
18772,מוכנים,1,2.1198836607846962e-06
18773,מרבעת,1,2.1198836607846962e-06
18774,מוסב,1,2.1198836607846962e-06
18775,מיסדות,1,2.1198836607846962e-06
18776,אצילה,1,2.1198836607846962e-06
18777,אתוקי,1,2.1198836607846962e-06
18778,אתיקי,1,2.1198836607846962e-06
18779,שחיף,1,2.1198836607846962e-06
18780,רבעה,1,2.1198836607846962e-06
18781,מקצעותי,1,2.1198836607846962e-06
18782,מוסבות,1,2.1198836607846962e-06
18783,עליונת,1,2.1198836607846962e-06
18784,קצרות,1,2.1198836607846962e-06
18785,תחתנות,1,2.1198836607846962e-06
18786,תכנות,1,2.1198836607846962e-06
18787,משלשות,1,2.1198836607846962e-06
18788,נאצל,1,2.1198836607846962e-06
18789,תחתונות,1,2.1198836607846962e-06
18790,תיכנות,1,2.1198836607846962e-06
18791,חצנה,1,2.1198836607846962e-06
18792,הגינה,1,2.1198836607846962e-06
18793,האירה,1,2.1198836607846962e-06
18794,אשכן,1,2.1198836607846962e-06
18795,מובאי,1,2.1198836607846962e-06
18796,צורתי,1,2.1198836607846962e-06
18797,הראל,1,2.1198836607846962e-06
18798,יכפרו,1,2.1198836607846962e-06
18799,עולותי,1,2.1198836607846962e-06
18800,רצאתי,1,2.1198836607846962e-06
18801,יזע,1,2.1198836607846962e-06
18802,משרתם,1,2.1198836607846962e-06
18803,כסום,1,2.1198836607846962e-06
18804,יכסמו,1,2.1198836607846962e-06
18805,תרומותי,1,2.1198836607846962e-06
18806,ערסותי,1,2.1198836607846962e-06
18807,כהניםפ,1,2.1198836607846962e-06
18808,מרבע,1,2.1198836607846962e-06
18809,תמוד,1,2.1198836607846962e-06
18810,עמות,1,2.1198836607846962e-06
18811,יונו,1,2.1198836607846962e-06
18812,ששיתם,1,2.1198836607846962e-06
18813,כפרתם,1,2.1198836607846962e-06
18814,השתחוה,1,2.1198836607846962e-06
18815,כבשם,1,2.1198836607846962e-06
18816,איפהס,1,2.1198836607846962e-06
18817,רס,1,2.1198836607846962e-06
18818,הונת,1,2.1198836607846962e-06
18819,ירכתם,1,2.1198836607846962e-06
18820,מקצועי,1,2.1198836607846962e-06
18821,קטרות,1,2.1198836607846962e-06
18822,מהקצעות,1,2.1198836607846962e-06
18823,מבשלות,1,2.1198836607846962e-06
18824,מבשלים,1,2.1198836607846962e-06
18825,מפכים,1,2.1198836607846962e-06
18826,אפסים,1,2.1198836607846962e-06
18827,גאו,1,2.1198836607846962e-06
18828,גלילה,1,2.1198836607846962e-06
18829,קדמונה,1,2.1198836607846962e-06
18830,נרפאו,1,2.1198836607846962e-06
18831,נרפו,1,2.1198836607846962e-06
18832,ישרץ,1,2.1198836607846962e-06
18833,משטוח,1,2.1198836607846962e-06
18834,בצאת,1,2.1198836607846962e-06
18835,בצאתי,1,2.1198836607846962e-06
18836,גבאי,1,2.1198836607846962e-06
18837,תרופהס,1,2.1198836607846962e-06
18838,גה,1,2.1198836607846962e-06
18839,נחלתם,1,2.1198836607846962e-06
18840,ברותה,1,2.1198836607846962e-06
18841,סברים,1,2.1198836607846962e-06
18842,התיכון,1,2.1198836607846962e-06
18843,עינון,1,2.1198836607846962e-06
18844,תמדו,1,2.1198836607846962e-06
18845,מריבות,1,2.1198836607846962e-06
18846,חלקתם,1,2.1198836607846962e-06
18847,הולדו,1,2.1198836607846962e-06
18848,לויםס,1,2.1198836607846962e-06
18849,תרומיה,1,2.1198836607846962e-06
18850,אשפנז,1,2.1198836607846962e-06
18851,מאום,1,2.1198836607846962e-06
18852,מביני,1,2.1198836607846962e-06
18853,חיבתם,1,2.1198836607846962e-06
18854,בריאי,1,2.1198836607846962e-06
18855,זרענים,1,2.1198836607846962e-06
18856,תתפעם,1,2.1198836607846962e-06
18857,נחוא,1,2.1198836607846962e-06
18858,תהודעונ,1,2.1198836607846962e-06
18859,תתעבדון,1,2.1198836607846962e-06
18860,יתשמון,1,2.1198836607846962e-06
18861,תהחון,1,2.1198836607846962e-06
18862,נבזבה,1,2.1198836607846962e-06
18863,תקבלון,1,2.1198836607846962e-06
18864,החו,1,2.1198836607846962e-06
18865,תנינות,1,2.1198836607846962e-06
18866,נהחוה,1,2.1198836607846962e-06
18867,אנתון,1,2.1198836607846962e-06
18868,זבנין,1,2.1198836607846962e-06
18869,חזיתון,1,2.1198836607846962e-06
18870,תהודענ,1,2.1198836607846962e-06
18871,כדבה,1,2.1198836607846962e-06
18872,הזמנתון,1,2.1198836607846962e-06
18873,הזדמנתון,1,2.1198836607846962e-06
18874,ישתנא,1,2.1198836607846962e-06
18875,אנדע,1,2.1198836607846962e-06
18876,תהחונ,1,2.1198836607846962e-06
18877,חרטם,1,2.1198836607846962e-06
18878,אשף,1,2.1198836607846962e-06
18879,יקירה,1,2.1198836607846962e-06
18880,איתו,1,2.1198836607846962e-06
18881,בנס,1,2.1198836607846962e-06
18882,מתקטלין,1,2.1198836607846962e-06
18883,התקטלהפ,1,2.1198836607846962e-06
18884,התיב,1,2.1198836607846962e-06
18885,עטא,1,2.1198836607846962e-06
18886,טבחי,1,2.1198836607846962e-06
18887,קטלה,1,2.1198836607846962e-06
18888,מהחצפה,1,2.1198836607846962e-06
18889,בעה,1,2.1198836607846962e-06
18890,רחמין,1,2.1198836607846962e-06
18891,מבעא,1,2.1198836607846962e-06
18892,יהבדון,1,2.1198836607846962e-06
18893,מהשנא,1,2.1198836607846962e-06
18894,מהעדה,1,2.1198836607846962e-06
18895,מהקים,1,2.1198836607846962e-06
18896,עמיקת,1,2.1198836607846962e-06
18897,חשוכ,1,2.1198836607846962e-06
18898,נהיר,1,2.1198836607846962e-06
18899,נהור,1,2.1198836607846962e-06
18900,שרא,1,2.1198836607846962e-06
18901,מהודא,1,2.1198836607846962e-06
18902,יהבת,1,2.1198836607846962e-06
18903,בעינא,1,2.1198836607846962e-06
18904,תהובד,1,2.1198836607846962e-06
18905,אחואס,1,2.1198836607846962e-06
18906,השכחת,1,2.1198836607846962e-06
18907,יהודע,1,2.1198836607846962e-06
18908,יהודעון,1,2.1198836607846962e-06
18909,רעיוני,1,2.1198836607846962e-06
18910,דחיל,1,2.1198836607846962e-06
18911,דרעו,1,2.1198836607846962e-06
18912,מעו,1,2.1198836607846962e-06
18913,התגזרת,1,2.1198836607846962e-06
18914,דקו,1,2.1198836607846962e-06
18915,קיט,1,2.1198836607846962e-06
18916,ארעא,1,2.1198836607846962e-06
18917,תליתיא,1,2.1198836607846962e-06
18918,תליתאה,1,2.1198836607846962e-06
18919,מהדק,1,2.1198836607846962e-06
18920,חשל,1,2.1198836607846962e-06
18921,מרעע,1,2.1198836607846962e-06
18922,פחר,1,2.1198836607846962e-06
18923,פליגה,1,2.1198836607846962e-06
18924,תבירה,1,2.1198836607846962e-06
18925,מתערבין,1,2.1198836607846962e-06
18926,דבקין,1,2.1198836607846962e-06
18927,מתערב,1,2.1198836607846962e-06
18928,תשתבק,1,2.1198836607846962e-06
18929,אתגזרת,1,2.1198836607846962e-06
18930,סגד,1,2.1198836607846962e-06
18931,ניחחין,1,2.1198836607846962e-06
18932,נסכה,1,2.1198836607846962e-06
18933,מגלא,1,2.1198836607846962e-06
18934,סגנין,1,2.1198836607846962e-06
18935,דורא,1,2.1198836607846962e-06
18936,מכנש,1,2.1198836607846962e-06
18937,מתא,1,2.1198836607846962e-06
18938,קאמין,1,2.1198836607846962e-06
18939,קימין,1,2.1198836607846962e-06
18940,כרוז,1,2.1198836607846962e-06
18941,קיתרוס,1,2.1198836607846962e-06
18942,סבכא,1,2.1198836607846962e-06
18943,פסנטרין,1,2.1198836607846962e-06
18944,נפלין,1,2.1198836607846962e-06
18945,קרצי,1,2.1198836607846962e-06
18946,משרקית,1,2.1198836607846962e-06
18947,סיפניה,1,2.1198836607846962e-06
18948,סופניה,1,2.1198836607846962e-06
18949,יהודאין,1,2.1198836607846962e-06
18950,ית,1,2.1198836607846962e-06
18951,סגדיןס,1,2.1198836607846962e-06
18952,צדא,1,2.1198836607846962e-06
18953,עתידין,1,2.1198836607846962e-06
18954,תתרמון,1,2.1198836607846962e-06
18955,חשחין,1,2.1198836607846962e-06
18956,התבות,1,2.1198836607846962e-06
18957,ישיזב,1,2.1198836607846962e-06
18958,נסגדס,1,2.1198836607846962e-06
18959,התמלי,1,2.1198836607846962e-06
18960,אשתנו,1,2.1198836607846962e-06
18961,אשתני,1,2.1198836607846962e-06
18962,מזא,1,2.1198836607846962e-06
18963,כפתה,1,2.1198836607846962e-06
18964,כפתו,1,2.1198836607846962e-06
18965,פטישי,1,2.1198836607846962e-06
18966,פטשי,1,2.1198836607846962e-06
18967,כרבלת,1,2.1198836607846962e-06
18968,מחצפה,1,2.1198836607846962e-06
18969,אזה,1,2.1198836607846962e-06
18970,הסקו,1,2.1198836607846962e-06
18971,מכפתיןפ,1,2.1198836607846962e-06
18972,תוה,1,2.1198836607846962e-06
18973,הדברו,1,2.1198836607846962e-06
18974,רמינא,1,2.1198836607846962e-06
18975,מכפתין,1,2.1198836607846962e-06
18976,אלהיןס,1,2.1198836607846962e-06
18977,נפקין,1,2.1198836607846962e-06
18978,התחרך,1,2.1198836607846962e-06
18979,בריך,1,2.1198836607846962e-06
18980,שיזב,1,2.1198836607846962e-06
18981,התרחצו,1,2.1198836607846962e-06
18982,שניו,1,2.1198836607846962e-06
18983,יהבו,1,2.1198836607846962e-06
18984,יסגדון,1,2.1198836607846962e-06
18985,נגוא,1,2.1198836607846962e-06
18986,ישתוה,1,2.1198836607846962e-06
18987,בבלפ,1,2.1198836607846962e-06
18988,תמהי,1,2.1198836607846962e-06
18989,רברבין,1,2.1198836607846962e-06
18990,ידחלנ,1,2.1198836607846962e-06
18991,הרהרין,1,2.1198836607846962e-06
18992,הנעלה,1,2.1198836607846962e-06
18993,תטלל,1,2.1198836607846962e-06
18994,ידרון,1,2.1198836607846962e-06
18995,ידורן,1,2.1198836607846962e-06
18996,יתזין,1,2.1198836607846962e-06
18997,קצצו,1,2.1198836607846962e-06
18998,אתרו,1,2.1198836607846962e-06
18999,בדרו,1,2.1198836607846962e-06
19000,ישנון,1,2.1198836607846962e-06
19001,יתיהב,1,2.1198836607846962e-06
19002,עירין,1,2.1198836607846962e-06
19003,ינדעון,1,2.1198836607846962e-06
19004,ישכנן,1,2.1198836607846962e-06
19005,להוה,1,2.1198836607846962e-06
19006,מצבעין,1,2.1198836607846962e-06
19007,משבק,1,2.1198836607846962e-06
19008,ישפר,1,2.1198836607846962e-06
19009,מחן,1,2.1198836607846962e-06
19010,מטא,1,2.1198836607846962e-06
19011,ירחין,1,2.1198836607846962e-06
19012,ספת,1,2.1198836607846962e-06
19013,נשרין,1,2.1198836607846962e-06
19014,טפרו,1,2.1198836607846962e-06
19015,צפרין,1,2.1198836607846962e-06
19016,נטלת,1,2.1198836607846962e-06
19017,חשיבין,1,2.1198836607846962e-06
19018,מצבי,1,2.1198836607846962e-06
19019,ימחא,1,2.1198836607846962e-06
19020,הדבר,1,2.1198836607846962e-06
19021,יבעון,1,2.1198836607846962e-06
19022,התקנת,1,2.1198836607846962e-06
19023,מהדר,1,2.1198836607846962e-06
19024,מעבדו,1,2.1198836607846962e-06
19025,השפלהפ,1,2.1198836607846962e-06
19026,והי,1,2.1198836607846962e-06
19027,ישתון,1,2.1198836607846962e-06
19028,הנפקו,1,2.1198836607846962e-06
19029,נפקו,1,2.1198836607846962e-06
19030,נפקה,1,2.1198836607846962e-06
19031,אצבען,1,2.1198836607846962e-06
19032,כתבן,1,2.1198836607846962e-06
19033,נברשת,1,2.1198836607846962e-06
19034,גיר,1,2.1198836607846962e-06
19035,כתבה,1,2.1198836607846962e-06
19036,יבהלונ,1,2.1198836607846962e-06
19037,קטרי,1,2.1198836607846962e-06
19038,חרצ,1,2.1198836607846962e-06
19039,משתרין,1,2.1198836607846962e-06
19040,ארכבת,1,2.1198836607846962e-06
19041,נקשן,1,2.1198836607846962e-06
19042,תלתי,1,2.1198836607846962e-06
19043,ישלטס,1,2.1198836607846962e-06
19044,הודעה,1,2.1198836607846962e-06
19045,מתבהל,1,2.1198836607846962e-06
19046,משתבשין,1,2.1198836607846962e-06
19047,זיוי,1,2.1198836607846962e-06
19048,ישתנו,1,2.1198836607846962e-06
19049,חלמין,1,2.1198836607846962e-06
19050,אחוית,1,2.1198836607846962e-06
19051,אחידן,1,2.1198836607846962e-06
19052,יתקרי,1,2.1198836607846962e-06
19053,יהחוהפ,1,2.1198836607846962e-06
19054,היתי,1,2.1198836607846962e-06
19055,יקרון,1,2.1198836607846962e-06
19056,תיכול,1,2.1198836607846962e-06
19057,פשרין,1,2.1198836607846962e-06
19058,תכול,1,2.1198836607846962e-06
19059,תשלטפ,1,2.1198836607846962e-06
19060,להוין,1,2.1198836607846962e-06
19061,נבזבית,1,2.1198836607846962e-06
19062,אהודענ,1,2.1198836607846962e-06
19063,הזדה,1,2.1198836607846962e-06
19064,כרסא,1,2.1198836607846962e-06
19065,שוי,1,2.1198836607846962e-06
19066,שויו,1,2.1198836607846962e-06
19067,ערדי,1,2.1198836607846962e-06
19068,מדור,1,2.1198836607846962e-06
19069,יטעמונ,1,2.1198836607846962e-06
19070,יצבה,1,2.1198836607846962e-06
19071,השפלת,1,2.1198836607846962e-06
19072,התרוממת,1,2.1198836607846962e-06
19073,רברבני,1,2.1198836607846962e-06
19074,ידעין,1,2.1198836607846962e-06
19075,פרסין,1,2.1198836607846962e-06
19076,השלמ,1,2.1198836607846962e-06
19077,תקילתה,1,2.1198836607846962e-06
19078,חסיר,1,2.1198836607846962e-06
19079,פריסת,1,2.1198836607846962e-06
19080,הכרזו,1,2.1198836607846962e-06
19081,קטיל,1,2.1198836607846962e-06
19082,מדא,1,2.1198836607846962e-06
19083,עשרין,1,2.1198836607846962e-06
19084,סרכין,1,2.1198836607846962e-06
19085,יהבין,1,2.1198836607846962e-06
19086,מתנצח,1,2.1198836607846962e-06
19087,הקמות,1,2.1198836607846962e-06
19088,בעין,1,2.1198836607846962e-06
19089,נהשכח,1,2.1198836607846962e-06
19090,השכחנה,1,2.1198836607846962e-06
19091,אלן,1,2.1198836607846962e-06
19092,אתיעטו,1,2.1198836607846962e-06
19093,תקפה,1,2.1198836607846962e-06
19094,תרשם,1,2.1198836607846962e-06
19095,רשם,1,2.1198836607846962e-06
19096,כוין,1,2.1198836607846962e-06
19097,פתיחן,1,2.1198836607846962e-06
19098,מצלא,1,2.1198836607846962e-06
19099,מודא,1,2.1198836607846962e-06
19100,דנהס,1,2.1198836607846962e-06
19101,מתחנן,1,2.1198836607846962e-06
19102,קריבו,1,2.1198836607846962e-06
19103,בעות,1,2.1198836607846962e-06
19104,משתדר,1,2.1198836607846962e-06
19105,הצלות,1,2.1198836607846962e-06
19106,היתית,1,2.1198836607846962e-06
19107,צבו,1,2.1198836607846962e-06
19108,טות,1,2.1198836607846962e-06
19109,דחון,1,2.1198836607846962e-06
19110,שפרפר,1,2.1198836607846962e-06
19111,מקרב,1,2.1198836607846962e-06
19112,עציב,1,2.1198836607846962e-06
19113,חבולה,1,2.1198836607846962e-06
19114,טאב,1,2.1198836607846962e-06
19115,הנסקה,1,2.1198836607846962e-06
19116,הסק,1,2.1198836607846962e-06
19117,קרצו,1,2.1198836607846962e-06
19118,ארעית,1,2.1198836607846962e-06
19119,הדקו,1,2.1198836607846962e-06
19120,משיזב,1,2.1198836607846962e-06
19121,אתין,1,2.1198836607846962e-06
19122,תמהין,1,2.1198836607846962e-06
19123,שיזיב,1,2.1198836607846962e-06
19124,פרסא,1,2.1198836607846962e-06
19125,רוחי,1,2.1198836607846962e-06
19126,מגיחן,1,2.1198836607846962e-06
19127,חיון,1,2.1198836607846962e-06
19128,סלקן,1,2.1198836607846962e-06
19129,מריטו,1,2.1198836607846962e-06
19130,נטילת,1,2.1198836607846962e-06
19131,רגלין,1,2.1198836607846962e-06
19132,תנינה,1,2.1198836607846962e-06
19133,עלעין,1,2.1198836607846962e-06
19134,פמ,1,2.1198836607846962e-06
19135,ראשין,1,2.1198836607846962e-06
19136,אימתני,1,2.1198836607846962e-06
19137,תקיפא,1,2.1198836607846962e-06
19138,משניה,1,2.1198836607846962e-06
19139,קרנין,1,2.1198836607846962e-06
19140,משתכל,1,2.1198836607846962e-06
19141,זעירה,1,2.1198836607846962e-06
19142,אתעקרו,1,2.1198836607846962e-06
19143,אתעקרה,1,2.1198836607846962e-06
19144,כרסון,1,2.1198836607846962e-06
19145,תלג,1,2.1198836607846962e-06
19146,נקא,1,2.1198836607846962e-06
19147,כרסי,1,2.1198836607846962e-06
19148,שביבין,1,2.1198836607846962e-06
19149,גלגלו,1,2.1198836607846962e-06
19150,אלפין,1,2.1198836607846962e-06
19151,ישמשונ,1,2.1198836607846962e-06
19152,רבון,1,2.1198836607846962e-06
19153,רבבן,1,2.1198836607846962e-06
19154,ספרין,1,2.1198836607846962e-06
19155,פתיחו,1,2.1198836607846962e-06
19156,ממללה,1,2.1198836607846962e-06
19157,קטילת,1,2.1198836607846962e-06
19158,הובד,1,2.1198836607846962e-06
19159,יעדה,1,2.1198836607846962e-06
19160,תתחבלפ,1,2.1198836607846962e-06
19161,אתכרית,1,2.1198836607846962e-06
19162,נדנה,1,2.1198836607846962e-06
19163,קאמי,1,2.1198836607846962e-06
19164,אבעא,1,2.1198836607846962e-06
19165,אנין,1,2.1198836607846962e-06
19166,יקבלון,1,2.1198836607846962e-06
19167,יחסנון,1,2.1198836607846962e-06
19168,צבית,1,2.1198836607846962e-06
19169,שניה,1,2.1198836607846962e-06
19170,טפרי,1,2.1198836607846962e-06
19171,החסנו,1,2.1198836607846962e-06
19172,תדושנ,1,2.1198836607846962e-06
19173,תדקנ,1,2.1198836607846962e-06
19174,יקמון,1,2.1198836607846962e-06
19175,יהשפל,1,2.1198836607846962e-06
19176,יבלא,1,2.1198836607846962e-06
19177,יסבר,1,2.1198836607846962e-06
19178,יתיהבון,1,2.1198836607846962e-06
19179,יהעדון,1,2.1198836607846962e-06
19180,השמדה,1,2.1198836607846962e-06
19181,ישתמעון,1,2.1198836607846962e-06
19182,ישתנון,1,2.1198836607846962e-06
19183,נטרתפ,1,2.1198836607846962e-06
19184,מנגח,1,2.1198836607846962e-06
19185,תעלנה,1,2.1198836607846962e-06
19186,הצליחה,1,2.1198836607846962e-06
19187,פלמוני,1,2.1198836607846962e-06
19188,נצדק,1,2.1198836607846962e-06
19189,נבעתי,1,2.1198836607846962e-06
19190,נרדמתי,1,2.1198836607846962e-06
19191,מלכיות,1,2.1198836607846962e-06
19192,יעמדנה,1,2.1198836607846962e-06
19193,נהייתי,1,2.1198836607846962e-06
19194,נחליתי,1,2.1198836607846962e-06
19195,מביןפ,1,2.1198836607846962e-06
19196,המלך,1,2.1198836607846962e-06
19197,אתודה,1,2.1198836607846962e-06
19198,עוינו,1,2.1198836607846962e-06
19199,הדחת,1,2.1198836607846962e-06
19200,סלחות,1,2.1198836607846962e-06
19201,חלינו,1,2.1198836607846962e-06
19202,ישקד,1,2.1198836607846962e-06
19203,מפילים,1,2.1198836607846962e-06
19204,מעף,1,2.1198836607846962e-06
19205,חמודות,1,2.1198836607846962e-06
19206,נחתך,1,2.1198836607846962e-06
19207,צוק,1,2.1198836607846962e-06
19208,נחרצת,1,2.1198836607846962e-06
19209,הגביר,1,2.1198836607846962e-06
19210,משמם,1,2.1198836607846962e-06
19211,שמםפ,1,2.1198836607846962e-06
19212,סוך,1,2.1198836607846962e-06
19213,סכתי,1,2.1198836607846962e-06
19214,לפידי,1,2.1198836607846962e-06
19215,תניע,1,2.1198836607846962e-06
19216,מרעיד,1,2.1198836607846962e-06
19217,נשמעו,1,2.1198836607846962e-06
19218,רשום,1,2.1198836607846962e-06
19219,תחץ,1,2.1198836607846962e-06
19220,תנתש,1,2.1198836607846962e-06
19221,יתחברו,1,2.1198836607846962e-06
19222,כוח,1,2.1198836607846962e-06
19223,מביאי,1,2.1198836607846962e-06
19224,יעוז,1,2.1198836607846962e-06
19225,פריצי,1,2.1198836607846962e-06
19226,סוללה,1,2.1198836607846962e-06
19227,מבצרות,1,2.1198836607846962e-06
19228,מבחרי,1,2.1198836607846962e-06
19229,מעוזי,1,2.1198836607846962e-06
19230,התחברות,1,2.1198836607846962e-06
19231,יבזור,1,2.1198836607846962e-06
19232,ישטוף,1,2.1198836607846962e-06
19233,קודש,1,2.1198836607846962e-06
19234,מרשיעי,1,2.1198836607846962e-06
19235,משכילי,1,2.1198836607846962e-06
19236,הכשל,1,2.1198836607846962e-06
19237,ברר,1,2.1198836607846962e-06
19238,יתרומם,1,2.1198836607846962e-06
19239,המשיל,1,2.1198836607846962e-06
19240,יתנגח,1,2.1198836607846962e-06
19241,ישתער,1,2.1198836607846962e-06
19242,מכמני,1,2.1198836607846962e-06
19243,לבים,1,2.1198836607846962e-06
19244,כשים,1,2.1198836607846962e-06
19245,שמעות,1,2.1198836607846962e-06
19246,אפדנ,1,2.1198836607846962e-06
19247,ישני,1,2.1198836607846962e-06
19248,יזהרו,1,2.1198836607846962e-06
19249,ישטטו,1,2.1198836607846962e-06
19250,סתמים,1,2.1198836607846962e-06
19251,חתמים,1,2.1198836607846962e-06
19252,יתבררו,1,2.1198836607846962e-06
19253,יתלבנו,1,2.1198836607846962e-06
19254,יצרפו,1,2.1198836607846962e-06
19255,הושעפ,1,2.1198836607846962e-06
19256,נאפופי,1,2.1198836607846962e-06
19257,אפשיט,1,2.1198836607846962e-06
19258,נתני,1,2.1198836607846962e-06
19259,רדפה,1,2.1198836607846962e-06
19260,נזמ,1,2.1198836607846962e-06
19261,אשבור,1,2.1198836607846962e-06
19262,השכבתי,1,2.1198836607846962e-06
19263,א‍הב,1,2.1198836607846962e-06
19264,לתך,1,2.1198836607846962e-06
19265,אמאסא,1,2.1198836607846962e-06
19266,התעה,1,2.1198836607846962e-06
19267,קדשות,1,2.1198836607846962e-06
19268,סררה,1,2.1198836607846962e-06
19269,סרר,1,2.1198836607846962e-06
19270,הזנה,1,2.1198836607846962e-06
19271,זבחות,1,2.1198836607846962e-06
19272,פרושה,1,2.1198836607846962e-06
19273,הזנית,1,2.1198836607846962e-06
19274,חצצרה,1,2.1198836607846962e-06
19275,מסיגי,1,2.1198836607846962e-06
19276,מזר,1,2.1198836607846962e-06
19277,יגהה,1,2.1198836607846962e-06
19278,יקמ,1,2.1198836607846962e-06
19279,נרדפה,1,2.1198836607846962e-06
19280,חצבתי,1,2.1198836607846962e-06
19281,חכי,1,2.1198836607846962e-06
19282,שעריריה,1,2.1198836607846962e-06
19283,שערוריה,1,2.1198836607846962e-06
19284,כחשי,1,2.1198836607846962e-06
19285,חמצת,1,2.1198836607846962e-06
19286,לצצים,1,2.1198836607846962e-06
19287,יתבולל,1,2.1198836607846962e-06
19288,זרקה,1,2.1198836607846962e-06
19289,פותה,1,2.1198836607846962e-06
19290,אפרוש,1,2.1198836607846962e-06
19291,יילילו,1,2.1198836607846962e-06
19292,יתגוררו,1,2.1198836607846962e-06
19293,המליכו,1,2.1198836607846962e-06
19294,השירו,1,2.1198836607846962e-06
19295,שבבים,1,2.1198836607846962e-06
19296,התנו,1,2.1198836607846962e-06
19297,אכתוב,1,2.1198836607846962e-06
19298,הבהב,1,2.1198836607846962e-06
19299,היכלות,1,2.1198836607846962e-06
19300,יכחש,1,2.1198836607846962e-06
19301,יערבו,1,2.1198836607846962e-06
19302,תקבצ,1,2.1198836607846962e-06
19303,מף,1,2.1198836607846962e-06
19304,יזכור,1,2.1198836607846962e-06
19305,יפקוד,1,2.1198836607846962e-06
19306,יתעופף,1,2.1198836607846962e-06
19307,סררים,1,2.1198836607846962e-06
19308,יראנו,1,2.1198836607846962e-06
19309,כמרי,1,2.1198836607846962e-06
19310,בשנה,1,2.1198836607846962e-06
19311,ארכיב,1,2.1198836607846962e-06
19312,יושד,1,2.1198836607846962e-06
19313,שלמן,1,2.1198836607846962e-06
19314,ארבאל,1,2.1198836607846962e-06
19315,רטשה,1,2.1198836607846962e-06
19316,תרגלתי,1,2.1198836607846962e-06
19317,אמשכ,1,2.1198836607846962e-06
19318,עבתות,1,2.1198836607846962e-06
19319,אוכיל,1,2.1198836607846962e-06
19320,תלואים,1,2.1198836607846962e-06
19321,ירומם,1,2.1198836607846962e-06
19322,אמגנ,1,2.1198836607846962e-06
19323,נחומ,1,2.1198836607846962e-06
19324,עשרתי,1,2.1198836607846962e-06
19325,אושיב,1,2.1198836607846962e-06
19326,שורים,1,2.1198836607846962e-06
19327,רתת,1,2.1198836607846962e-06
19328,תבונ,1,2.1198836607846962e-06
19329,תלאבות,1,2.1198836607846962e-06
19330,אפגש,1,2.1198836607846962e-06
19331,צפונה,1,2.1198836607846962e-06
19332,יפריא,1,2.1198836607846962e-06
19333,ישסה,1,2.1198836607846962e-06
19334,תאשם,1,2.1198836607846962e-06
19335,הריותי,1,2.1198836607846962e-06
19336,יבקעופ,1,2.1198836607846962e-06
19337,נשלמה,1,2.1198836607846962e-06
19338,פתואל,1,2.1198836607846962e-06
19339,שכורים,1,2.1198836607846962e-06
19340,היללו,1,2.1198836607846962e-06
19341,קצפה,1,2.1198836607846962e-06
19342,חשפ,1,2.1198836607846962e-06
19343,הלבינו,1,2.1198836607846962e-06
19344,שריגי,1,2.1198836607846962e-06
19345,הובישה,1,2.1198836607846962e-06
19346,נמנע,1,2.1198836607846962e-06
19347,עבשו,1,2.1198836607846962e-06
19348,מגרפתי,1,2.1198836607846962e-06
19349,ממגרות,1,2.1198836607846962e-06
19350,נבכו,1,2.1198836607846962e-06
19351,נאשמו,1,2.1198836607846962e-06
19352,להטה,1,2.1198836607846962e-06
19353,תערוג,1,2.1198836607846962e-06
19354,מדברפ,1,2.1198836607846962e-06
19355,יעבטו,1,2.1198836607846962e-06
19356,ידחקו,1,2.1198836607846962e-06
19357,יבצעו,1,2.1198836607846962e-06
19358,ינקי,1,2.1198836607846962e-06
19359,צחנת,1,2.1198836607846962e-06
19360,דשאו,1,2.1198836607846962e-06
19361,הללתם,1,2.1198836607846962e-06
19362,פזרו,1,2.1198836607846962e-06
19363,משלמים,1,2.1198836607846962e-06
19364,שבאים,1,2.1198836607846962e-06
19365,העירו,1,2.1198836607846962e-06
19366,כתו,1,2.1198836607846962e-06
19367,מזמרתי,1,2.1198836607846962e-06
19368,חלש,1,2.1198836607846962e-06
19369,עושו,1,2.1198836607846962e-06
19370,יעורו,1,2.1198836607846962e-06
19371,כרמלפ,1,2.1198836607846962e-06
19372,חרצות,1,2.1198836607846962e-06
19373,בצרהפ,1,2.1198836607846962e-06
19374,הרות,1,2.1198836607846962e-06
19375,אהרוג,1,2.1198836607846962e-06
19376,ענושים,1,2.1198836607846962e-06
19377,תשקו,1,2.1198836607846962e-06
19378,צויתם,1,2.1198836607846962e-06
19379,תנבאו,1,2.1198836607846962e-06
19380,מעיק,1,2.1198836607846962e-06
19381,תעיק,1,2.1198836607846962e-06
19382,מענת,1,2.1198836607846962e-06
19383,לכוד,1,2.1198836607846962e-06
19384,ילכוד,1,2.1198836607846962e-06
19385,אוצרים,1,2.1198836607846962e-06
19386,נבזו,1,2.1198836607846962e-06
19387,בדל,1,2.1198836607846962e-06
19388,עשקות,1,2.1198836607846962e-06
19389,רצצות,1,2.1198836607846962e-06
19390,דוגה,1,2.1198836607846962e-06
19391,השלכתנה,1,2.1198836607846962e-06
19392,הרמונ,1,2.1198836607846962e-06
19393,מקומתי,1,2.1198836607846962e-06
19394,המטרתי,1,2.1198836607846962e-06
19395,תמטר,1,2.1198836607846962e-06
19396,תמטיר,1,2.1198836607846962e-06
19397,הכון,1,2.1198836607846962e-06
19398,נטשה,1,2.1198836607846962e-06
19399,מקימ,1,2.1198836607846962e-06
19400,הפכים,1,2.1198836607846962e-06
19401,החשיך,1,2.1198836607846962e-06
19402,מבליג,1,2.1198836607846962e-06
19403,יתעבו,1,2.1198836607846962e-06
19404,בושס,1,2.1198836607846962e-06
19405,הציגו,1,2.1198836607846962e-06
19406,הגשתם,1,2.1198836607846962e-06
19407,כיון,1,2.1198836607846962e-06
19408,מנדים,1,2.1198836607846962e-06
19409,סרחים,1,2.1198836607846962e-06
19410,ערשות,1,2.1198836607846962e-06
19411,פרטים,1,2.1198836607846962e-06
19412,סרוחיםפ,1,2.1198836607846962e-06
19413,מתאב,1,2.1198836607846962e-06
19414,הסגרתי,1,2.1198836607846962e-06
19415,מסרפ,1,2.1198836607846962e-06
19416,רסיסים,1,2.1198836607846962e-06
19417,בקעים,1,2.1198836607846962e-06
19418,ערבהס,1,2.1198836607846962e-06
19419,בוקר,1,2.1198836607846962e-06
19420,בולס,1,2.1198836607846962e-06
19421,תטיף,1,2.1198836607846962e-06
19422,הספ,1,2.1198836607846962e-06
19423,נשבירה,1,2.1198836607846962e-06
19424,נפתחה,1,2.1198836607846962e-06
19425,הקטין,1,2.1198836607846962e-06
19426,מפל,1,2.1198836607846962e-06
19427,נשביר,1,2.1198836607846962e-06
19428,נגרשה,1,2.1198836607846962e-06
19429,נשקעה,1,2.1198836607846962e-06
19430,החשכתי,1,2.1198836607846962e-06
19431,ישוטטו,1,2.1198836607846962e-06
19432,תתעלפנה,1,2.1198836607846962e-06
19433,שקעה,1,2.1198836607846962e-06
19434,כשיים,1,2.1198836607846962e-06
19435,הנעותי,1,2.1198836607846962e-06
19436,ינוע,1,2.1198836607846962e-06
19437,כברה,1,2.1198836607846962e-06
19438,תגיש,1,2.1198836607846962e-06
19439,תקדים,1,2.1198836607846962e-06
19440,בעדי,1,2.1198836607846962e-06
19441,חורש,1,2.1198836607846962e-06
19442,הטיפו,1,2.1198836607846962e-06
19443,תתמוגגנה,1,2.1198836607846962e-06
19444,שודדי,1,2.1198836607846962e-06
19445,נדמיתה,1,2.1198836607846962e-06
19446,יגנבו,1,2.1198836607846962e-06
19447,נחפשו,1,2.1198836607846962e-06
19448,נבעו,1,2.1198836607846962e-06
19449,מצפני,1,2.1198836607846962e-06
19450,דלקו,1,2.1198836607846962e-06
19451,ספרד,1,2.1198836607846962e-06
19452,מושעים,1,2.1198836607846962e-06
19453,השבר,1,2.1198836607846962e-06
19454,יטלו,1,2.1198836607846962e-06
19455,ספינה,1,2.1198836607846962e-06
19456,ירדם,1,2.1198836607846962e-06
19457,יתעשת,1,2.1198836607846962e-06
19458,נפילה,1,2.1198836607846962e-06
19459,נאבדה,1,2.1198836607846962e-06
19460,ידרו,1,2.1198836607846962e-06
19461,נגרשתי,1,2.1198836607846962e-06
19462,קצבי,1,2.1198836607846962e-06
19463,ברחי,1,2.1198836607846962e-06
19464,משמרים,1,2.1198836607846962e-06
19465,יבשהפ,1,2.1198836607846962e-06
19466,קריאה,1,2.1198836607846962e-06
19467,יטעמו,1,2.1198836607846962e-06
19468,חרישית,1,2.1198836607846962e-06
19469,יתעלף,1,2.1198836607846962e-06
19470,חסת,1,2.1198836607846962e-06
19471,עמלת,1,2.1198836607846962e-06
19472,מרשתי,1,2.1198836607846962e-06
19473,יתבקעו,1,2.1198836607846962e-06
19474,מגרים,1,2.1198836607846962e-06
19475,מטעי,1,2.1198836607846962e-06
19476,הגרתי,1,2.1198836607846962e-06
19477,יסדי,1,2.1198836607846962e-06
19478,אתנני,1,2.1198836607846962e-06
19479,קבצה,1,2.1198836607846962e-06
19480,אספדה,1,2.1198836607846962e-06
19481,אילילה,1,2.1198836607846962e-06
19482,אילכה,1,2.1198836607846962e-06
19483,שילל,1,2.1198836607846962e-06
19484,לעפרה,1,2.1198836607846962e-06
19485,התפלשתי,1,2.1198836607846962e-06
19486,צאנן,1,2.1198836607846962e-06
19487,האצל,1,2.1198836607846962e-06
19488,שלוחים,1,2.1198836607846962e-06
19489,מורשת,1,2.1198836607846962e-06
19490,תענוגי,1,2.1198836607846962e-06
19491,הרחבי,1,2.1198836607846962e-06
19492,תמישו,1,2.1198836607846962e-06
19493,צוארתי,1,2.1198836607846962e-06
19494,נשדנו,1,2.1198836607846962e-06
19495,תטפו,1,2.1198836607846962e-06
19496,יטיפו,1,2.1198836607846962e-06
19497,יסג,1,2.1198836607846962e-06
19498,ייטיבו,1,2.1198836607846962e-06
19499,יקומם,1,2.1198836607846962e-06
19500,תפשטו,1,2.1198836607846962e-06
19501,תענגי,1,2.1198836607846962e-06
19502,נמרץ,1,2.1198836607846962e-06
19503,אטף,1,2.1198836607846962e-06
19504,מטיף,1,2.1198836607846962e-06
19505,אאסף,1,2.1198836607846962e-06
19506,תהימנה,1,2.1198836607846962e-06
19507,גזלי,1,2.1198836607846962e-06
19508,נשכים,1,2.1198836607846962e-06
19509,עטו,1,2.1198836607846962e-06
19510,מתעבים,1,2.1198836607846962e-06
19511,יעקשו,1,2.1198836607846962e-06
19512,עיין,1,2.1198836607846962e-06
19513,יערפ,1,2.1198836607846962e-06
19514,חניתתי,1,2.1198836607846962e-06
19515,נהלאה,1,2.1198836607846962e-06
19516,תאתה,1,2.1198836607846962e-06
19517,ממשלה,1,2.1198836607846962e-06
19518,תריעי,1,2.1198836607846962e-06
19519,יועצ,1,2.1198836607846962e-06
19520,גחי,1,2.1198836607846962e-06
19521,תנצלי,1,2.1198836607846962e-06
19522,דושי,1,2.1198836607846962e-06
19523,פרסתי,1,2.1198836607846962e-06
19524,הדקות,1,2.1198836607846962e-06
19525,תתגדדי,1,2.1198836607846962e-06
19526,מוצאתי,1,2.1198836607846962e-06
19527,הקמנו,1,2.1198836607846962e-06
19528,יכרתופ,1,2.1198836607846962e-06
19529,מצבותי,1,2.1198836607846962e-06
19530,אשירי,1,2.1198836607846962e-06
19531,מסדי,1,2.1198836607846962e-06
19532,יתוכח,1,2.1198836607846962e-06
19533,הלאתי,1,2.1198836607846962e-06
19534,אקדם,1,2.1198836607846962e-06
19535,אקדמ,1,2.1198836607846962e-06
19536,הצנע,1,2.1198836607846962e-06
19537,זעומה,1,2.1198836607846962e-06
19538,אזכה,1,2.1198836607846962e-06
19539,השמם,1,2.1198836607846962e-06
19540,תפליט,1,2.1198836607846962e-06
19541,ישתמר,1,2.1198836607846962e-06
19542,תשאופ,1,2.1198836607846962e-06
19543,יצודו,1,2.1198836607846962e-06
19544,יעבתו,1,2.1198836607846962e-06
19545,מסוכה,1,2.1198836607846962e-06
19546,מצפי,1,2.1198836607846962e-06
19547,מבוכת,1,2.1198836607846962e-06
19548,מנבל,1,2.1198836607846962e-06
19549,תחרשנה,1,2.1198836607846962e-06
19550,יכבש,1,2.1198836607846962e-06
19551,תשליך,1,2.1198836607846962e-06
19552,אלקשי,1,2.1198836607846962e-06
19553,נוטר,1,2.1198836607846962e-06
19554,גוער,1,2.1198836607846962e-06
19555,התמגגו,1,2.1198836607846962e-06
19556,חסי,1,2.1198836607846962e-06
19557,סבכים,1,2.1198836607846962e-06
19558,סבואים,1,2.1198836607846962e-06
19559,בליעלס,1,2.1198836607846962e-06
19560,נגזו,1,2.1198836607846962e-06
19561,קלותפ,1,2.1198836607846962e-06
19562,בקקו,1,2.1198836607846962e-06
19563,בקקים,1,2.1198836607846962e-06
19564,מאדם,1,2.1198836607846962e-06
19565,מתלעים,1,2.1198836607846962e-06
19566,פלדות,1,2.1198836607846962e-06
19567,ברשים,1,2.1198836607846962e-06
19568,הרעלו,1,2.1198836607846962e-06
19569,יתהוללו,1,2.1198836607846962e-06
19570,ישתקשקו,1,2.1198836607846962e-06
19571,ירוצצו,1,2.1198836607846962e-06
19572,הצב,1,2.1198836607846962e-06
19573,מנהגות,1,2.1198836607846962e-06
19574,מתפפת,1,2.1198836607846962e-06
19575,תכונה,1,2.1198836607846962e-06
19576,בוקה,1,2.1198836607846962e-06
19577,מבוקה,1,2.1198836607846962e-06
19578,מבלקה,1,2.1198836607846962e-06
19579,פק,1,2.1198836607846962e-06
19580,גרותי,1,2.1198836607846962e-06
19581,לבאתי,1,2.1198836607846962e-06
19582,מענתי,1,2.1198836607846962e-06
19583,הבערתי,1,2.1198836607846962e-06
19584,כפירי,1,2.1198836607846962e-06
19585,כהס,1,2.1198836607846962e-06
19586,דהר,1,2.1198836607846962e-06
19587,מרקדה,1,2.1198836607846962e-06
19588,גויה,1,2.1198836607846962e-06
19589,מכרת,1,2.1198836607846962e-06
19590,נבלתי,1,2.1198836607846962e-06
19591,ידוד,1,2.1198836607846962e-06
19592,גדולי,1,2.1198836607846962e-06
19593,רתקו,1,2.1198836607846962e-06
19594,רמסי,1,2.1198836607846962e-06
19595,התכבד,1,2.1198836607846962e-06
19596,התכבדי,1,2.1198836607846962e-06
19597,מנזרי,1,2.1198836607846962e-06
19598,טפסרי,1,2.1198836607846962e-06
19599,חונים,1,2.1198836607846962e-06
19600,נפשו,1,2.1198836607846962e-06
19601,מכתיר,1,2.1198836607846962e-06
19602,מעקל,1,2.1198836607846962e-06
19603,התמהו,1,2.1198836607846962e-06
19604,נמהר,1,2.1198836607846962e-06
19605,מרחבי,1,2.1198836607846962e-06
19606,אים,1,2.1198836607846962e-06
19607,פשו,1,2.1198836607846962e-06
19608,מגמת,1,2.1198836607846962e-06
19609,יתקלס,1,2.1198836607846962e-06
19610,תחריש,1,2.1198836607846962e-06
19611,בראה,1,2.1198836607846962e-06
19612,יריק,1,2.1198836607846962e-06
19613,יחמולס,1,2.1198836607846962e-06
19614,אעמדה,1,2.1198836607846962e-06
19615,אתיצבה,1,2.1198836607846962e-06
19616,עפלה,1,2.1198836607846962e-06
19617,ינוה,1,2.1198836607846962e-06
19618,מכביד,1,2.1198836607846962e-06
19619,עבטיט,1,2.1198836607846962e-06
19620,נשכי,1,2.1198836607846962e-06
19621,מזעזעי,1,2.1198836607846962e-06
19622,משסות,1,2.1198836607846962e-06
19623,ישלו,1,2.1198836607846962e-06
19624,כפיס,1,2.1198836607846962e-06
19625,מספח,1,2.1198836607846962e-06
19626,מעורי,1,2.1198836607846962e-06
19627,הערל,1,2.1198836607846962e-06
19628,קיקלון,1,2.1198836607846962e-06
19629,יחית,1,2.1198836607846962e-06
19630,אלמיםס,1,2.1198836607846962e-06
19631,תפוש,1,2.1198836607846962e-06
19632,שגינות,1,2.1198836607846962e-06
19633,חביון,1,2.1198836607846962e-06
19634,יתפצצו,1,2.1198836607846962e-06
19635,מדיןס,1,2.1198836607846962e-06
19636,תעור,1,2.1198836607846962e-06
19637,סלהפ,1,2.1198836607846962e-06
19638,נקבת,1,2.1198836607846962e-06
19639,פרז,1,2.1198836607846962e-06
19640,יסערו,1,2.1198836607846962e-06
19641,עליצת,1,2.1198836607846962e-06
19642,דרכת,1,2.1198836607846962e-06
19643,אנוח,1,2.1198836607846962e-06
19644,רפתים,1,2.1198836607846962e-06
19645,אעלוזה,1,2.1198836607846962e-06
19646,ידרכ,1,2.1198836607846962e-06
19647,נגינותי,1,2.1198836607846962e-06
19648,מכשלות,1,2.1198836607846962e-06
19649,נסוגים,1,2.1198836607846962e-06
19650,לבשים,1,2.1198836607846962e-06
19651,דולג,1,2.1198836607846962e-06
19652,יללה,1,2.1198836607846962e-06
19653,נטילי,1,2.1198836607846962e-06
19654,קפאים,1,2.1198836607846962e-06
19655,צרח,1,2.1198836607846962e-06
19656,משואה,1,2.1198836607846962e-06
19657,הצרתי,1,2.1198836607846962e-06
19658,התקוששו,1,2.1198836607846962e-06
19659,קושו,1,2.1198836607846962e-06
19660,תסתרו,1,2.1198836607846962e-06
19661,תעקרס,1,2.1198836607846962e-06
19662,גדופי,1,2.1198836607846962e-06
19663,יגדילו,1,2.1198836607846962e-06
19664,ממשק,1,2.1198836607846962e-06
19665,ישורר,1,2.1198836607846962e-06
19666,ארזה,1,2.1198836607846962e-06
19667,יניע,1,2.1198836607846962e-06
19668,נגאלה,1,2.1198836607846962e-06
19669,גרמו,1,2.1198836607846962e-06
19670,בגדות,1,2.1198836607846962e-06
19671,נצדו,1,2.1198836607846962e-06
19672,השכימו,1,2.1198836607846962e-06
19673,אהפך,1,2.1198836607846962e-06
19674,ברורה,1,2.1198836607846962e-06
19675,פוצ,1,2.1198836607846962e-06
19676,תוספי,1,2.1198836607846962e-06
19677,עלזי,1,2.1198836607846962e-06
19678,נוגי,1,2.1198836607846962e-06
19679,שבותי,1,2.1198836607846962e-06
19680,הבנותפ,1,2.1198836607846962e-06
19681,ספונים,1,2.1198836607846962e-06
19682,נקובפ,1,2.1198836607846962e-06
19683,כלאו,1,2.1198836607846962e-06
19684,כלאה,1,2.1198836607846962e-06
19685,כפיםס,1,2.1198836607846962e-06
19686,תיראוס,1,2.1198836607846962e-06
19687,מגורה,1,2.1198836607846962e-06
19688,אברךס,1,2.1198836607846962e-06
19689,מעלילי,1,2.1198836607846962e-06
19690,מצלה,1,2.1198836607846962e-06
19691,שרקים,1,2.1198836607846962e-06
19692,זעמתה,1,2.1198836607846962e-06
19693,ינטה,1,2.1198836607846962e-06
19694,המלטי,1,2.1198836607846962e-06
19695,שללים,1,2.1198836607846962e-06
19696,בבת,1,2.1198836607846962e-06
19697,צואים,1,2.1198836607846962e-06
19698,צאים,1,2.1198836607846962e-06
19699,הלבש,1,2.1198836607846962e-06
19700,תדין,1,2.1198836607846962e-06
19701,מוצקות,1,2.1198836607846962e-06
19702,ראשה,1,2.1198836607846962e-06
19703,תבצענה,1,2.1198836607846962e-06
19704,משוטטים,1,2.1198836607846962e-06
19705,שבלי,1,2.1198836607846962e-06
19706,צנתרות,1,2.1198836607846962e-06
19707,לנה,1,2.1198836607846962e-06
19708,מולכות,1,2.1198836607846962e-06
19709,הניחה,1,2.1198836607846962e-06
19710,מכנת,1,2.1198836607846962e-06
19711,תתהלכנה,1,2.1198836607846962e-06
19712,צפוןס,1,2.1198836607846962e-06
19713,יאשיה,1,2.1198836607846962e-06
19714,הנזר,1,2.1198836607846962e-06
19715,צמתם,1,2.1198836607846962e-06
19716,אסער,1,2.1198836607846962e-06
19717,שמהפ,1,2.1198836607846962e-06
19718,זקנות,1,2.1198836607846962e-06
19719,צדקהס,1,2.1198836607846962e-06
19720,הבנות,1,2.1198836607846962e-06
19721,הקציף,1,2.1198836607846962e-06
19722,אהבופ,1,2.1198836607846962e-06
19723,חדרך,1,2.1198836607846962e-06
19724,תגבל,1,2.1198836607846962e-06
19725,תצבר,1,2.1198836607846962e-06
19726,שקצי,1,2.1198836607846962e-06
19727,הריעי,1,2.1198836607846962e-06
19728,בצרון,1,2.1198836607846962e-06
19729,כבשו,1,2.1198836607846962e-06
19730,זויות,1,2.1198836607846962e-06
19731,מתנוססות,1,2.1198836607846962e-06
19732,ינובב,1,2.1198836607846962e-06
19733,בתלות,1,2.1198836607846962e-06
19734,חזיזים,1,2.1198836607846962e-06
19735,קוסמים,1,2.1198836607846962e-06
19736,בוסים,1,2.1198836607846962e-06
19737,הושבותי,1,2.1198836607846962e-06
19738,זנחתי,1,2.1198836607846962e-06
19739,אשרקה,1,2.1198836607846962e-06
19740,מצולות,1,2.1198836607846962e-06
19741,אדרים,1,2.1198836607846962e-06
19742,בצור,1,2.1198836607846962e-06
19743,ירדןס,1,2.1198836607846962e-06
19744,ממציא,1,2.1198836607846962e-06
19745,בחלה,1,2.1198836607846962e-06
19746,נכחדת,1,2.1198836607846962e-06
19747,יקרתי,1,2.1198836607846962e-06
19748,יפרקס,1,2.1198836607846962e-06
19749,תכההס,1,2.1198836607846962e-06
19750,רעל,1,2.1198836607846962e-06
19751,מעמסה,1,2.1198836607846962e-06
19752,עמסי,1,2.1198836607846962e-06
19753,שרוט,1,2.1198836607846962e-06
19754,אפקח,1,2.1198836607846962e-06
19755,אמצה,1,2.1198836607846962e-06
19756,דקרו,1,2.1198836607846962e-06
19757,מגדון,1,2.1198836607846962e-06
19758,ספדה,1,2.1198836607846962e-06
19759,בדס,1,2.1198836607846962e-06
19760,חזינ,1,2.1198836607846962e-06
19761,הנבאת,1,2.1198836607846962e-06
19762,הקנ,1,2.1198836607846962e-06
19763,תפוצין,1,2.1198836607846962e-06
19764,צערים,1,2.1198836607846962e-06
19765,נשסו,1,2.1198836607846962e-06
19766,זתים,1,2.1198836607846962e-06
19767,יקפאו,1,2.1198836607846962e-06
19768,קפאון,1,2.1198836607846962e-06
19769,ראמה,1,2.1198836607846962e-06
19770,המק,1,2.1198836607846962e-06
19771,תמקנה,1,2.1198836607846962e-06
19772,תמק,1,2.1198836607846962e-06
19773,מזרקים,1,2.1198836607846962e-06
19774,רששנו,1,2.1198836607846962e-06
19775,אהרוס,1,2.1198836607846962e-06
19776,אדונים,1,2.1198836607846962e-06
19777,בזינו,1,2.1198836607846962e-06
19778,מגישים,1,2.1198836607846962e-06
19779,גאלנו,1,2.1198836607846962e-06
19780,תאירו,1,2.1198836607846962e-06
19781,מגש,1,2.1198836607846962e-06
19782,הפחתם,1,2.1198836607846962e-06
19783,ברכותי,1,2.1198836607846962e-06
19784,הכשלתם,1,2.1198836607846962e-06
19785,נבזים,1,2.1198836607846962e-06
19786,תורהפ,1,2.1198836607846962e-06
19787,נבגד,1,2.1198836607846962e-06
19788,מגיש,1,2.1198836607846962e-06
19789,בגדתה,1,2.1198836607846962e-06
19790,יבגד,1,2.1198836607846962e-06
19791,תבגדוס,1,2.1198836607846962e-06
19792,הוגעתם,1,2.1198836607846962e-06
19793,הוגענו,1,2.1198836607846962e-06
19794,מכלכל,1,2.1198836607846962e-06
19795,מכבסים,1,2.1198836607846962e-06
19796,זקק,1,2.1198836607846962e-06
19797,מגישי,1,2.1198836607846962e-06
19798,שניתי,1,2.1198836607846962e-06
19799,יקבע,1,2.1198836607846962e-06
19800,קבענו,1,2.1198836607846962e-06
19801,נארים,1,2.1198836607846962e-06
19802,גערתי,1,2.1198836607846962e-06
19803,נדברנו,1,2.1198836607846962e-06
19804,קדרנית,1,2.1198836607846962e-06
19805,מאשרים,1,2.1198836607846962e-06
19806,חמלתי,1,2.1198836607846962e-06
19807,פשתם,1,2.1198836607846962e-06
19808,עסותם,1,2.1198836607846962e-06
