rank,word,frequency,relative_frequency
1,من,2763,0.03568430433041884
2,ٱلله,2153,0.027806119154322025
3,في,1099,0.014193648374639992
4,إن,966,0.012475945705097573
5,ما,873,0.011274845342184453
6,ٱلذين,811,0.01047411176690904
7,لا,749,0.009673378191633625
8,أن,638,0.00823980679073732
9,ولا,605,0.007813609887768148
10,على,589,0.007606968965116429
11,إلا,562,0.007258262408141652
12,وما,510,0.006586679409523563
13,قال,412,0.005321003758281781
14,لهم,373,0.004817316509318214
15,إلى,351,0.0045331852406721
16,ومن,342,0.004416949721680507
17,ثم,340,0.004391119606349043
18,لكم,337,0.004352374433351845
19,كان,323,0.00417156362603159
20,قل,298,0.0038486871843882785
21,به,288,0.0037195366077309535
22,ٱلأرض,287,0.003706621550065221
23,ذلك,280,0.0036162161464050936
24,أو,280,0.0036162161464050936
25,هو,265,0.0034224902814191066
26,هم,261,0.0033708300507561766
27,وإن,254,0.003280424647096049
28,بما,253,0.0032675095894303167
29,له,250,0.003228764416433119
30,وٱلله,240,0.0030996138397757947
31,كل,223,0.0028800578594583423
32,عن,223,0.0028800578594583423
33,ءامنوا,222,0.00286714280179261
34,ربك,220,0.0028413126864611452
35,ٱلذي,216,0.0027896524557982152
36,عليهم,215,0.0027767373981324828
37,فيها,212,0.0027379922251352853
38,كانوا,210,0.0027121621098038203
39,يوم,199,0.002570096475480763
40,كنتم,188,0.002428030841157706
41,ٱلناس,182,0.002350540495163311
42,ٱلسموت,182,0.002350540495163311
43,لم,178,0.002298880264500381
44,قالوا,173,0.0022343049761717184
45,إذا,172,0.002221389918505986
46,وهو,171,0.0022084748608402534
47,فإن,168,0.0021697296878430564
48,كفروا,166,0.0021438995725115914
49,إذ,165,0.002130984514845859
50,وٱلذين,164,0.0021180694571801264
51,عليكم,164,0.0021180694571801264
52,ٱلكتب,163,0.002105154399514394
53,وٱلأرض,157,0.002027664053519999
54,هذا,156,0.0020147489958542665
55,منهم,153,0.001976003822857069
56,بعد,150,0.0019372586498598717
57,عليه,146,0.0018855984191969417
58,فلا,145,0.0018726833615312093
59,إنه,143,0.0018468532461997443
60,يٓأيها,142,0.0018339381885340118
61,بٱلله,139,0.0017951930155368143
62,وهم,137,0.0017693629002053495
63,مآ,137,0.0017693629002053495
64,ومآ,134,0.001730617727208152
65,أولٓئك,133,0.0017177026695424195
66,أم,130,0.001678957496545222
67,ولقد,129,0.0016660424388794896
68,رب,127,0.0016402123235480246
69,فيه,127,0.0016402123235480246
70,بل,127,0.0016402123235480246
71,قد,126,0.001627297265882292
72,وإذا,121,0.0015627219775536298
73,عند,119,0.0015368918622221648
74,عذاب,117,0.0015110617468906999
75,شيءٖ,117,0.0015110617468906999
76,قبل,117,0.0015110617468906999
77,لله,116,0.0014981466892249674
78,يشآء,116,0.0014981466892249674
79,إنا,115,0.0014852316315592349
80,ولكن,112,0.0014464864585620374
81,ربهم,111,0.001433571400896305
82,ولو,111,0.001433571400896305
83,ٱلدنيا,110,0.0014206563432305726
84,ٱلسمآء,109,0.0014077412855648401
85,ٱلحق,109,0.0014077412855648401
86,منكم,107,0.0013819111702333751
87,ربكم,102,0.0013173358819047127
88,ٱلنار,102,0.0013173358819047127
89,مما,101,0.0013044208242389802
90,إلآ,100,0.0012915057665732477
91,أنزل,95,0.0012269304782445854
92,حتى,95,0.0012269304782445854
93,لمن,94,0.001214015420578853
94,دون,91,0.0011752702475816554
95,فمن,90,0.001162355189915923
96,منه,88,0.001136525074584458
97,يؤمنون,86,0.001110694959252993
98,فيٓ,86,0.001110694959252993
99,كذلك,86,0.001110694959252993
100,إنما,85,0.0010977799015872607
101,خلق,85,0.0010977799015872607
102,ٱلعذاب,85,0.0010977799015872607
103,وقال,85,0.0010977799015872607
104,وكان,84,0.0010848648439215282
105,تعملون,83,0.0010719497862557957
106,سبيل,83,0.0010719497862557957
107,يعلمون,82,0.0010590347285900632
108,إني,81,0.0010461196709243307
109,علىٓ,81,0.0010461196709243307
110,للذين,80,0.0010332046132585982
111,بين,79,0.0010202895555928657
112,فلما,79,0.0010202895555928657
113,ألم,78,0.0010073744979271332
114,موسى,78,0.0010073744979271332
115,لو,78,0.0010073744979271332
116,ٱلمؤمنين,78,0.0010073744979271332
117,إليك,77,0.0009944594402614007
118,قالوٓا,77,0.0009944594402614007
119,منها,76,0.0009815443825956682
120,إليه,76,0.0009815443825956682
121,أنتم,76,0.0009815443825956682
122,فإذا,76,0.0009815443825956682
123,عنهم,75,0.0009686293249299359
124,ألا,75,0.0009686293249299359
125,ربي,75,0.0009686293249299359
126,بٱلحق,74,0.0009557142672642034
127,أنفسهم,72,0.0009298841519327384
128,وإذ,72,0.0009298841519327384
129,ربنا,72,0.0009298841519327384
130,جهنم,72,0.0009298841519327384
131,فما,71,0.0009169690942670059
132,لك,71,0.0009169690942670059
133,يعلم,71,0.0009169690942670059
134,ٱلقيمة,71,0.0009169690942670059
135,ٱلأٓخرة,71,0.0009169690942670059
136,غير,69,0.0008911389789355409
137,لما,69,0.0008911389789355409
138,وأن,68,0.0008782239212698085
139,لنا,67,0.000865308863604076
140,هل,67,0.000865308863604076
141,خيرٞ,66,0.0008523938059383435
142,قلوبهم,65,0.000839478748272611
143,نحن,65,0.000839478748272611
144,شيء,65,0.000839478748272611
145,فرعون,65,0.000839478748272611
146,بها,65,0.000839478748272611
147,ٱلظلمين,64,0.0008265636906068785
148,ٱلعزيز,64,0.0008265636906068785
149,إنهم,63,0.000813648632941146
150,ٱلشيطن,63,0.000813648632941146
151,ٱلحيوة,63,0.000813648632941146
152,لآ,63,0.000813648632941146
153,كيف,62,0.0008007335752754137
154,ٱلقوم,62,0.0008007335752754137
155,أنا,62,0.0008007335752754137
156,كنا,62,0.0008007335752754137
157,ٱلعلمين,61,0.0007878185176096812
158,ٱلصلحت,61,0.0007878185176096812
159,أصحب,61,0.0007878185176096812
160,عليم,61,0.0007878185176096812
161,لعلكم,59,0.0007619884022782162
162,لن,59,0.0007619884022782162
163,إله,59,0.0007619884022782162
164,ٱليل,59,0.0007619884022782162
165,ٱلصلوة,58,0.0007490733446124837
166,ربه,58,0.0007490733446124837
167,مع,58,0.0007490733446124837
168,بينهم,58,0.0007490733446124837
169,ٱلإنسن,58,0.0007490733446124837
170,شئٗا,57,0.0007361582869467512
171,فقد,57,0.0007361582869467512
172,عليك,57,0.0007361582869467512
173,جآء,57,0.0007361582869467512
174,شآء,56,0.0007232432292810187
175,تعلمون,56,0.0007232432292810187
176,ٱلجنة,56,0.0007232432292810187
177,يعملون,56,0.0007232432292810187
178,أعلم,55,0.0007103281716152863
179,أنت,55,0.0007103281716152863
180,ورسوله,55,0.0007103281716152863
181,إلىٓ,54,0.0006974131139495538
182,لقد,54,0.0006974131139495538
183,وعملوا,53,0.0006844980562838213
184,علم,53,0.0006844980562838213
185,لي,53,0.0006844980562838213
186,ولآ,53,0.0006844980562838213
187,ٱلكفرين,52,0.0006715829986180888
188,قبلهم,52,0.0006715829986180888
189,ٱلذيٓ,52,0.0006715829986180888
190,يقولون,51,0.0006586679409523563
191,للناس,51,0.0006586679409523563
192,كنت,51,0.0006586679409523563
193,إنيٓ,50,0.0006457528832866238
194,إنك,50,0.0006457528832866238
195,وقالوا,50,0.0006457528832866238
196,ٱلتي,49,0.0006328378256208914
197,لقومٖ,49,0.0006328378256208914
198,تجري,48,0.000619922767955159
199,ٱلدين,47,0.0006070077102894265
200,هي,47,0.0006070077102894265
201,ليس,47,0.0006070077102894265
202,ولم,47,0.0006070077102894265
203,حتىٓ,47,0.0006070077102894265
204,يومئذٖ,47,0.0006070077102894265
205,فأولٓئك,46,0.000594092652623694
206,رحيمٞ,46,0.000594092652623694
207,غفورٞ,46,0.000594092652623694
208,قوم,46,0.000594092652623694
209,ٱلرحمن,45,0.0005811775949579615
210,جعل,45,0.0005811775949579615
211,وأنتم,45,0.0005811775949579615
212,أفلا,45,0.0005811775949579615
213,ٱلرسول,45,0.0005811775949579615
214,كثيرٗا,44,0.000568262537292229
215,قليلٗا,44,0.000568262537292229
216,ذلكم,44,0.000568262537292229
217,عما,44,0.000568262537292229
218,ويوم,44,0.000568262537292229
219,كما,44,0.000568262537292229
220,عليها,44,0.000568262537292229
221,خلدين,44,0.000568262537292229
222,بمآ,43,0.0005553474796264965
223,ولهم,43,0.0005553474796264965
224,ٱلأنهر,43,0.0005553474796264965
225,يقوم,43,0.0005553474796264965
226,وقد,43,0.0005553474796264965
227,ءايت,43,0.0005553474796264965
228,كتب,43,0.0005553474796264965
229,أهل,43,0.0005553474796264965
230,ٱلقرءان,43,0.0005553474796264965
231,كذبوا,43,0.0005553474796264965
232,إبرهيم,43,0.0005553474796264965
233,ٱلحكيم,42,0.0005424324219607641
234,إسرٓءيل,42,0.0005424324219607641
235,وٱتقوا,42,0.0005424324219607641
236,مثل,42,0.0005424324219607641
237,بهم,41,0.0005295173642950316
238,فهم,41,0.0005295173642950316
239,هٓؤلآء,41,0.0005295173642950316
240,أنهم,41,0.0005295173642950316
241,بغير,41,0.0005295173642950316
242,علينا,41,0.0005295173642950316
243,جآءهم,41,0.0005295173642950316
244,إنآ,41,0.0005295173642950316
245,أرسلنا,41,0.0005295173642950316
246,ءامنوٓا,41,0.0005295173642950316
247,لعلهم,41,0.0005295173642950316
248,ٱليوم,41,0.0005295173642950316
249,بٔايتنا,41,0.0005295173642950316
250,عليمٞ,40,0.0005166023066292991
251,لها,40,0.0005166023066292991
252,إليهم,40,0.0005166023066292991
253,يقول,39,0.0005036872489635666
254,بهٓ,39,0.0005036872489635666
255,هذه,39,0.0005036872489635666
256,يحب,39,0.0005036872489635666
257,ٱلملٓئكة,38,0.0004907721912978341
258,أنفسكم,38,0.0004907721912978341
259,أكثرهم,38,0.0004907721912978341
260,يهدي,38,0.0004907721912978341
261,وكذلك,38,0.0004907721912978341
262,يريد,38,0.0004907721912978341
263,وعد,38,0.0004907721912978341
264,بكم,37,0.0004778571336321017
265,جنتٖ,37,0.0004778571336321017
266,عنه,37,0.0004778571336321017
267,جميعٗا,36,0.0004649420759663692
268,خير,36,0.0004649420759663692
269,ٱلعظيم,36,0.0004649420759663692
270,وجعلنا,36,0.0004649420759663692
271,وعلى,35,0.0004520270183006367
272,ٱلموت,35,0.0004520270183006367
273,تحتها,35,0.0004520270183006367
274,رسول,35,0.0004520270183006367
275,يكون,35,0.0004520270183006367
276,أولم,35,0.0004520270183006367
277,ٱلساعة,35,0.0004520270183006367
278,فبأي,35,0.0004520270183006367
279,ٱلرحيم,34,0.00043911196063490426
280,قيل,34,0.00043911196063490426
281,أمر,34,0.00043911196063490426
282,بٔايت,34,0.00043911196063490426
283,مؤمنين,34,0.00043911196063490426
284,خيرٗا,34,0.00043911196063490426
285,ربنآ,34,0.00043911196063490426
286,أوليآء,34,0.00043911196063490426
287,هذآ,34,0.00043911196063490426
288,ءالآء,34,0.00043911196063490426
289,قبلك,33,0.00042619690296917176
290,بكل,33,0.00042619690296917176
291,وكانوا,33,0.00042619690296917176
292,بعضهم,33,0.00042619690296917176
293,أيديهم,33,0.00042619690296917176
294,ولئن,33,0.00042619690296917176
295,مبينٞ,33,0.00042619690296917176
296,ربكما,33,0.00042619690296917176
297,ٱلعليم,32,0.00041328184530343927
298,صلحٗا,32,0.00041328184530343927
299,أحسن,32,0.00041328184530343927
300,يكن,32,0.00041328184530343927
301,ٱلأمر,32,0.00041328184530343927
302,إليكم,32,0.00041328184530343927
303,ٱلأولين,32,0.00041328184530343927
304,ءامنا,31,0.00040036678763770683
305,صدقين,31,0.00040036678763770683
306,إنكم,31,0.00040036678763770683
307,ظلموا,31,0.00040036678763770683
308,بعضٖ,31,0.00040036678763770683
309,بنيٓ,31,0.00040036678763770683
310,ولما,31,0.00040036678763770683
311,أوتوا,31,0.00040036678763770683
312,ممن,31,0.00040036678763770683
313,ٱلأٓيت,31,0.00040036678763770683
314,ءايتنا,31,0.00040036678763770683
315,تر,31,0.00040036678763770683
316,أكثر,31,0.00040036678763770683
317,تكذبان,31,0.00040036678763770683
318,ٱلمحسنين,30,0.00038745172997197433
319,بعض,30,0.00038745172997197433
320,ٱلنبي,30,0.00038745172997197433
321,ٱلأٓخر,29,0.00037453667230624184
322,فيهآ,29,0.00037453667230624184
323,حيث,29,0.00037453667230624184
324,عذابٞ,29,0.00037453667230624184
325,لفي,29,0.00037453667230624184
326,بينكم,29,0.00037453667230624184
327,ٱتقوا,29,0.00037453667230624184
328,قالت,29,0.00037453667230624184
329,وجعل,29,0.00037453667230624184
330,يظلمون,28,0.00036162161464050935
331,فضل,28,0.00036162161464050935
332,أشد,28,0.00036162161464050935
333,ٱبن,28,0.00036162161464050935
334,مريم,28,0.00036162161464050935
335,كانت,28,0.00036162161464050935
336,أليمٞ,28,0.00036162161464050935
337,ٱلسبيل,28,0.00036162161464050935
338,تلك,28,0.00036162161464050935
339,فإنما,28,0.00036162161464050935
340,ٱلعلم,28,0.00036162161464050935
341,جعلنا,28,0.00036162161464050935
342,لأٓيتٖ,28,0.00036162161464050935
343,منا,28,0.00036162161464050935
344,فهو,28,0.00036162161464050935
345,ٱلملك,28,0.00036162161464050935
346,ٱلغيب,28,0.00036162161464050935
347,ويقولون,28,0.00036162161464050935
348,ٱلقول,28,0.00036162161464050935
349,لئن,28,0.00036162161464050935
350,وإنا,28,0.00036162161464050935
351,إنمآ,28,0.00036162161464050935
352,ملك,27,0.0003487065569747769
353,ءامن,27,0.0003487065569747769
354,فقال,27,0.0003487065569747769
355,موسىٓ,27,0.0003487065569747769
356,ولله,27,0.0003487065569747769
357,أعملهم,27,0.0003487065569747769
358,يؤمن,27,0.0003487065569747769
359,يدعون,27,0.0003487065569747769
360,أجر,27,0.0003487065569747769
361,عقبة,27,0.0003487065569747769
362,يروا,27,0.0003487065569747769
363,قومه,27,0.0003487065569747769
364,ٱلحمد,26,0.0003357914993090444
365,هدٗى,26,0.0003357914993090444
366,معكم,26,0.0003357914993090444
367,قديرٞ,26,0.0003357914993090444
368,ٱلزكوة,26,0.0003357914993090444
369,وفي,26,0.0003357914993090444
370,بأنهم,26,0.0003357914993090444
371,ومنهم,26,0.0003357914993090444
372,نفسه,26,0.0003357914993090444
373,وأنا,26,0.0003357914993090444
374,وٱلنهار,26,0.0003357914993090444
375,وإلى,26,0.0003357914993090444
376,معه,26,0.0003357914993090444
377,ذكر,26,0.0003357914993090444
378,فسوف,26,0.0003357914993090444
379,مبينٖ,26,0.0003357914993090444
380,وأولٓئك,25,0.0003228764416433119
381,وأما,25,0.0003228764416433119
382,جآءكم,25,0.0003228764416433119
383,ذو,25,0.0003228764416433119
384,إذآ,25,0.0003228764416433119
385,ينظرون,25,0.0003228764416433119
386,مبين,25,0.0003228764416433119
387,تكون,25,0.0003228764416433119
388,لهٓ,25,0.0003228764416433119
389,ٱلنهار,25,0.0003228764416433119
390,إلي,25,0.0003228764416433119
391,قومٗا,25,0.0003228764416433119
392,لكل,25,0.0003228764416433119
393,ألآ,24,0.0003099613839775795
394,خلدون,24,0.0003099613839775795
395,تعقلون,24,0.0003099613839775795
396,عنكم,24,0.0003099613839775795
397,ءايته,24,0.0003099613839775795
398,بٱلبينت,24,0.0003099613839775795
399,ٱلمشركين,24,0.0003099613839775795
400,وإنه,24,0.0003099613839775795
401,إذٗا,24,0.0003099613839775795
402,جناح,24,0.0003099613839775795
403,ٱلنسآء,24,0.0003099613839775795
404,ٱلظلمون,24,0.0003099613839775795
405,ٱلمرسلين,24,0.0003099613839775795
406,كذب,24,0.0003099613839775795
407,بينهما,24,0.0003099613839775795
408,دونه,24,0.0003099613839775795
409,ٱلجبال,24,0.0003099613839775795
410,عظيمٞ,23,0.000297046326311847
411,للكفرين,23,0.000297046326311847
412,أنه,23,0.000297046326311847
413,نفسٖ,23,0.000297046326311847
414,ٱلبحر,23,0.000297046326311847
415,وٱليوم,23,0.000297046326311847
416,عباده,23,0.000297046326311847
417,بإذن,23,0.000297046326311847
418,تولوا,23,0.000297046326311847
419,ٱلجحيم,23,0.000297046326311847
420,ٱلمصير,23,0.000297046326311847
421,ٱلحرام,23,0.000297046326311847
422,أجمعين,23,0.000297046326311847
423,ٱلمتقين,23,0.000297046326311847
424,كفروٓا,23,0.000297046326311847
425,عذابٗا,23,0.000297046326311847
426,ضللٖ,23,0.000297046326311847
427,فهل,23,0.000297046326311847
428,فلمآ,22,0.0002841312686461145
429,يرجعون,22,0.0002841312686461145
430,مآءٗ,22,0.0002841312686461145
431,ولن,22,0.0002841312686461145
432,عنها,22,0.0002841312686461145
433,ءال,22,0.0002841312686461145
434,فلن,22,0.0002841312686461145
435,فضله,22,0.0002841312686461145
436,يعقلون,22,0.0002841312686461145
437,شديد,22,0.0002841312686461145
438,نزل,22,0.0002841312686461145
439,وإليه,22,0.0002841312686461145
440,ٱلمؤمنون,22,0.0002841312686461145
441,لولآ,22,0.0002841312686461145
442,قومٞ,22,0.0002841312686461145
443,ٱلمبين,22,0.0002841312686461145
444,كلا,22,0.0002841312686461145
445,يشعرون,21,0.00027121621098038205
446,فأما,21,0.00027121621098038205
447,بٱلأٓخرة,21,0.00027121621098038205
448,يأتي,21,0.00027121621098038205
449,حكيمٞ,21,0.00027121621098038205
450,وقل,21,0.00027121621098038205
451,تكن,21,0.00027121621098038205
452,وكفى,21,0.00027121621098038205
453,أبدٗا,21,0.00027121621098038205
454,ٱلفلك,21,0.00027121621098038205
455,نذيرٞ,21,0.00027121621098038205
456,يوسف,21,0.00027121621098038205
457,ينفقون,20,0.00025830115331464956
458,بعضكم,20,0.00025830115331464956
459,أول,20,0.00025830115331464956
460,سوٓء,20,0.00025830115331464956
461,يسمعون,20,0.00025830115331464956
462,تعبدون,20,0.00025830115331464956
463,كفر,20,0.00025830115331464956
464,رسولٗا,20,0.00025830115331464956
465,بٱلمعروف,20,0.00025830115331464956
466,سميع,20,0.00025830115331464956
467,شئا,20,0.00025830115331464956
468,لأٓيةٗ,20,0.00025830115331464956
469,ءايةٗ,20,0.00025830115331464956
470,أمولهم,20,0.00025830115331464956
471,أخاف,20,0.00025830115331464956
472,جنت,20,0.00025830115331464956
473,تدعون,20,0.00025830115331464956
474,ٱلشمس,20,0.00025830115331464956
475,وٱلقمر,20,0.00025830115331464956
476,ٱلعرش,20,0.00025830115331464956
477,رحمةٗ,20,0.00025830115331464956
478,سوآء,19,0.00024538609564891706
479,تتقون,19,0.00024538609564891706
480,ترجعون,19,0.00024538609564891706
481,ولكم,19,0.00024538609564891706
482,تشكرون,19,0.00024538609564891706
483,كانوٓا,19,0.00024538609564891706
484,جزآء,19,0.00024538609564891706
485,فيما,19,0.00024538609564891706
486,كلٞ,19,0.00024538609564891706
487,ٱلسميع,19,0.00024538609564891706
488,ٱلصلحين,19,0.00024538609564891706
489,صرطٖ,19,0.00024538609564891706
490,مستقيمٖ,19,0.00024538609564891706
491,تكونوا,19,0.00024538609564891706
492,حرم,19,0.00024538609564891706
493,ٱلبر,19,0.00024538609564891706
494,أكبر,19,0.00024538609564891706
495,وٱلأٓخرة,19,0.00024538609564891706
496,وله,19,0.00024538609564891706
497,ٱلذكر,19,0.00024538609564891706
498,سبيلٗا,19,0.00024538609564891706
499,غفورٗا,19,0.00024538609564891706
500,ذي,19,0.00024538609564891706
501,ٱلمجرمين,19,0.00024538609564891706
502,نجزي,19,0.00024538609564891706
503,ٱلجن,19,0.00024538609564891706
504,ربيٓ,19,0.00024538609564891706
505,يشركون,19,0.00024538609564891706
506,للمتقين,18,0.0002324710379831846
507,خلقكم,18,0.0002324710379831846
508,قبلكم,18,0.0002324710379831846
509,أراد,18,0.0002324710379831846
510,عدوٞ,18,0.0002324710379831846
511,بعده,18,0.0002324710379831846
512,يحي,18,0.0002324710379831846
513,بلى,18,0.0002324710379831846
514,ضل,18,0.0002324710379831846
515,يتقون,18,0.0002324710379831846
516,وٱعلموٓا,18,0.0002324710379831846
517,حكيم,18,0.0002324710379831846
518,وحدةٗ,18,0.0002324710379831846
519,جآءتهم,18,0.0002324710379831846
520,ٱلرسل,18,0.0002324710379831846
521,فقل,18,0.0002324710379831846
522,يفترون,18,0.0002324710379831846
523,لهو,18,0.0002324710379831846
524,يغفر,18,0.0002324710379831846
525,يومئذ,18,0.0002324710379831846
526,نوحٖ,18,0.0002324710379831846
527,نشآء,18,0.0002324710379831846
528,عملوا,18,0.0002324710379831846
529,خلقنا,18,0.0002324710379831846
530,أظلم,17,0.00021955598031745213
531,ٱعبدوا,17,0.00021955598031745213
532,فٱتقوا,17,0.00021955598031745213
533,يضل,17,0.00021955598031745213
534,ءاتينا,17,0.00021955598031745213
535,يخرج,17,0.00021955598031745213
536,يبين,17,0.00021955598031745213
537,ٱلمآء,17,0.00021955598031745213
538,حسنٗا,17,0.00021955598031745213
539,يفعل,17,0.00021955598031745213
540,ينزل,17,0.00021955598031745213
541,يديه,17,0.00021955598031745213
542,يحكم,17,0.00021955598031745213
543,ٱلهدى,17,0.00021955598031745213
544,ٱلمسجد,17,0.00021955598031745213
545,ٱلريح,17,0.00021955598031745213
546,بأن,17,0.00021955598031745213
547,عزيز,17,0.00021955598031745213
548,ولولا,17,0.00021955598031745213
549,بعدهم,17,0.00021955598031745213
550,مسمٗى,17,0.00021955598031745213
551,تجد,17,0.00021955598031745213
552,وجوههم,17,0.00021955598031745213
553,أفمن,17,0.00021955598031745213
554,عظيمٗا,17,0.00021955598031745213
555,ٱلكفرون,17,0.00021955598031745213
556,ٱتخذوا,17,0.00021955598031745213
557,ٱلصدقين,17,0.00021955598031745213
558,تذكرون,17,0.00021955598031745213
559,ٱلخلق,17,0.00021955598031745213
560,ذات,17,0.00021955598031745213
561,نارٗا,16,0.00020664092265171963
562,لنآ,16,0.00020664092265171963
563,بٔايتنآ,16,0.00020664092265171963
564,ٱلتيٓ,16,0.00020664092265171963
565,فلم,16,0.00020664092265171963
566,سمعنا,16,0.00020664092265171963
567,قدمت,16,0.00020664092265171963
568,لولا,16,0.00020664092265171963
569,ءاتينهم,16,0.00020664092265171963
570,حق,16,0.00020664092265171963
571,فيهم,16,0.00020664092265171963
572,كسبت,16,0.00020664092265171963
573,إلينا,16,0.00020664092265171963
574,عنده,16,0.00020664092265171963
575,أنزلنا,16,0.00020664092265171963
576,ٱلألبب,16,0.00020664092265171963
577,ٱلعقاب,16,0.00020664092265171963
578,ٱلحساب,16,0.00020664092265171963
579,ذا,16,0.00020664092265171963
580,فكيف,16,0.00020664092265171963
581,بيننا,16,0.00020664092265171963
582,تتلى,16,0.00020664092265171963
583,ٱلصدور,16,0.00020664092265171963
584,ٱلفوز,16,0.00020664092265171963
585,رحيمٗا,16,0.00020664092265171963
586,علي,16,0.00020664092265171963
587,حين,16,0.00020664092265171963
588,تأتيهم,16,0.00020664092265171963
589,كذبت,16,0.00020664092265171963
590,قرية,16,0.00020664092265171963
591,وكنا,16,0.00020664092265171963
592,ريب,15,0.00019372586498598717
593,أليم,15,0.00019372586498598717
594,كمآ,15,0.00019372586498598717
595,ونحن,15,0.00019372586498598717
596,ءادم,15,0.00019372586498598717
597,خوف,15,0.00019372586498598717
598,وءاتوا,15,0.00019372586498598717
599,نفس,15,0.00019372586498598717
600,كلوا,15,0.00019372586498598717
601,ٱلموتى,15,0.00019372586498598717
602,وهدٗى,15,0.00019372586498598717
603,للمؤمنين,15,0.00019372586498598717
604,بينتٖ,15,0.00019372586498598717
605,يكفر,15,0.00019372586498598717
606,ٱتخذ,15,0.00019372586498598717
607,إبرهم,15,0.00019372586498598717
608,وبئس,15,0.00019372586498598717
609,ربهٓ,15,0.00019372586498598717
610,خلت,15,0.00019372586498598717
611,فمآ,15,0.00019372586498598717
612,قبله,15,0.00019372586498598717
613,يأتيهم,15,0.00019372586498598717
614,ماذا,15,0.00019372586498598717
615,أنى,15,0.00019372586498598717
616,أيمنكم,15,0.00019372586498598717
617,قولٗا,15,0.00019372586498598717
618,يستطيعون,15,0.00019372586498598717
619,أجلٖ,15,0.00019372586498598717
620,ٱلتورىة,15,0.00019372586498598717
621,وٱذكر,15,0.00019372586498598717
622,بشرٞ,15,0.00019372586498598717
623,فوق,15,0.00019372586498598717
624,أمرنا,15,0.00019372586498598717
625,وقيل,15,0.00019372586498598717
626,يجعل,15,0.00019372586498598717
627,كبيرٗا,15,0.00019372586498598717
628,ملكت,15,0.00019372586498598717
629,عذابا,15,0.00019372586498598717
630,أجرا,15,0.00019372586498598717
631,ٱلمنفقين,15,0.00019372586498598717
632,ليقولن,15,0.00019372586498598717
633,أحدٗا,15,0.00019372586498598717
634,أيمنهم,15,0.00019372586498598717
635,أهلكنا,15,0.00019372586498598717
636,علمٖ,15,0.00019372586498598717
637,كفرون,15,0.00019372586498598717
638,قوما,15,0.00019372586498598717
639,مثلٗا,14,0.00018081080732025467
640,إنها,14,0.00018081080732025467
641,قلوبكم,14,0.00018081080732025467
642,يكسبون,14,0.00018081080732025467
643,معرضون,14,0.00018081080732025467
644,معهم,14,0.00018081080732025467
645,بصير,14,0.00018081080732025467
646,فإنه,14,0.00018081080732025467
647,بهآ,14,0.00018081080732025467
648,خيرٖ,14,0.00018081080732025467
649,ٱلفضل,14,0.00018081080732025467
650,أمرٗا,14,0.00018081080732025467
651,أمةٗ,14,0.00018081080732025467
652,مسلمون,14,0.00018081080732025467
653,أوتي,14,0.00018081080732025467
654,أين,14,0.00018081080732025467
655,وٱلملٓئكة,14,0.00018081080732025467
656,إلهٞ,14,0.00018081080732025467
657,أنكم,14,0.00018081080732025467
658,أيامٖ,14,0.00018081080732025467
659,كسبوا,14,0.00018081080732025467
660,ٱلظلمت,14,0.00018081080732025467
661,بٱلقسط,14,0.00018081080732025467
662,يخلق,14,0.00018081080732025467
663,وهذا,14,0.00018081080732025467
664,ٱلكذب,14,0.00018081080732025467
665,كتبٖ,14,0.00018081080732025467
666,يرد,14,0.00018081080732025467
667,عمل,14,0.00018081080732025467
668,عليما,14,0.00018081080732025467
669,حكيمٗا,14,0.00018081080732025467
670,ٱلسئات,14,0.00018081080732025467
671,أخرى,14,0.00018081080732025467
672,دونهٓ,14,0.00018081080732025467
673,ٱلأنعم,14,0.00018081080732025467
674,شكٖ,14,0.00018081080732025467
675,أوحينآ,14,0.00018081080732025467
676,ٱسم,14,0.00018081080732025467
677,سحرٞ,14,0.00018081080732025467
678,وأنت,14,0.00018081080732025467
679,يستهزءون,14,0.00018081080732025467
680,عظيمٖ,14,0.00018081080732025467
681,أرءيتم,14,0.00018081080732025467
682,سلم,14,0.00018081080732025467
683,أنزلنه,14,0.00018081080732025467
684,رحمته,14,0.00018081080732025467
685,ٱلمدينة,14,0.00018081080732025467
686,أمةٖ,14,0.00018081080732025467
687,ويلٞ,14,0.00018081080732025467
688,كمثل,13,0.0001678957496545222
689,سبع,13,0.0001678957496545222
690,قلنا,13,0.0001678957496545222
691,يحزنون,13,0.0001678957496545222
692,ينصرون,13,0.0001678957496545222
693,يموسى,13,0.0001678957496545222
694,ٱلخسرين,13,0.0001678957496545222
695,يفعلون,13,0.0001678957496545222
696,ٱلدار,13,0.0001678957496545222
697,رسولٞ,13,0.0001678957496545222
698,ٱلشيطين,13,0.0001678957496545222
699,تقولوا,13,0.0001678957496545222
700,بصيرٞ,13,0.0001678957496545222
701,وقالت,13,0.0001678957496545222
702,أهله,13,0.0001678957496545222
703,جميعا,13,0.0001678957496545222
704,رحيم,13,0.0001678957496545222
705,لهن,13,0.0001678957496545222
706,ٱلأمور,13,0.0001678957496545222
707,فوقهم,13,0.0001678957496545222
708,أزوجٗا,13,0.0001678957496545222
709,داود,13,0.0001678957496545222
710,فٱنظر,13,0.0001678957496545222
711,أولوا,13,0.0001678957496545222
712,يٓأهل,13,0.0001678957496545222
713,حقٞ,13,0.0001678957496545222
714,ٱفترى,13,0.0001678957496545222
715,للعلمين,13,0.0001678957496545222
716,رسوله,13,0.0001678957496545222
717,وأطيعوا,13,0.0001678957496545222
718,قتل,13,0.0001678957496545222
719,عندنا,13,0.0001678957496545222
720,وذلك,13,0.0001678957496545222
721,وليٗا,13,0.0001678957496545222
722,يريدون,13,0.0001678957496545222
723,يفقهون,13,0.0001678957496545222
724,فيقول,13,0.0001678957496545222
725,أليس,13,0.0001678957496545222
726,يوحىٓ,13,0.0001678957496545222
727,أعبد,13,0.0001678957496545222
728,توعدون,13,0.0001678957496545222
729,ٱلرزق,13,0.0001678957496545222
730,ٱلملأ,13,0.0001678957496545222
731,ٱلمجرمون,13,0.0001678957496545222
732,ٱلأولى,13,0.0001678957496545222
733,كلآ,13,0.0001678957496545222
734,ٱلأٓخرين,13,0.0001678957496545222
735,أدرىك,13,0.0001678957496545222
736,بٱلغيب,12,0.00015498069198878974
737,ٱلمفلحون,12,0.00015498069198878974
738,وأنزل,12,0.00015498069198878974
739,بهذا,12,0.00015498069198878974
740,تكفرون,12,0.00015498069198878974
741,حينٖ,12,0.00015498069198878974
742,يكفرون,12,0.00015498069198878974
743,أجرهم,12,0.00015498069198878974
744,فريقٞ,12,0.00015498069198878974
745,ٱلقربى,12,0.00015498069198878974
746,عيسى,12,0.00015498069198878974
747,ٱلكفر,12,0.00015498069198878974
748,وسع,12,0.00015498069198878974
749,ولدٗا,12,0.00015498069198878974
750,سبحنه,12,0.00015498069198878974
751,أرسلنك,12,0.00015498069198878974
752,هدى,12,0.00015498069198878974
753,أهوآءهم,12,0.00015498069198878974
754,ٱلبيت,12,0.00015498069198878974
755,شهدآء,12,0.00015498069198878974
756,وحدٞ,12,0.00015498069198878974
757,ٱتبعوا,12,0.00015498069198878974
758,ترك,12,0.00015498069198878974
759,حدود,12,0.00015498069198878974
760,كم,12,0.00015498069198878974
761,خبيرٞ,12,0.00015498069198878974
762,ٱلحي,12,0.00015498069198878974
763,خلفهم,12,0.00015498069198878974
764,يومٖ,12,0.00015498069198878974
765,أمن,12,0.00015498069198878974
766,ويعلم,12,0.00015498069198878974
767,وإني,12,0.00015498069198878974
768,ولدٞ,12,0.00015498069198878974
769,أخذ,12,0.00015498069198878974
770,أمة,12,0.00015498069198878974
771,بذات,12,0.00015498069198878974
772,قلوب,12,0.00015498069198878974
773,خبير,12,0.00015498069198878974
774,عظيم,12,0.00015498069198878974
775,أنما,12,0.00015498069198878974
776,يضلل,12,0.00015498069198878974
777,ٱلحسنى,12,0.00015498069198878974
778,رسلنا,12,0.00015498069198878974
779,سبيله,12,0.00015498069198878974
780,تاب,12,0.00015498069198878974
781,وترى,12,0.00015498069198878974
782,بلغ,12,0.00015498069198878974
783,أمرهم,12,0.00015498069198878974
784,ثمود,12,0.00015498069198878974
785,يكونوا,12,0.00015498069198878974
786,نار,12,0.00015498069198878974
787,ٱلكفار,12,0.00015498069198878974
788,تسمع,12,0.00015498069198878974
789,أفلم,12,0.00015498069198878974
790,ٱليمين,12,0.00015498069198878974
791,سبحن,12,0.00015498069198878974
792,للمكذبين,12,0.00015498069198878974
793,يوقنون,11,0.00014206563432305724
794,يبصرون,11,0.00014206563432305724
795,ٱلثمرت,11,0.00014206563432305724
796,رزقٗا,11,0.00014206563432305724
797,وبشر,11,0.00014206563432305724
798,ٱلفسقين,11,0.00014206563432305724
799,ٱلخسرون,11,0.00014206563432305724
800,يبنيٓ,11,0.00014206563432305724
801,وأقيموا,11,0.00014206563432305724
802,ٱدخلوا,11,0.00014206563432305724
803,سجدٗا,11,0.00014206563432305724
804,وعمل,11,0.00014206563432305724
805,وٱلمسكين,11,0.00014206563432305724
806,ببعضٖ,11,0.00014206563432305724
807,ٱلبينت,11,0.00014206563432305724
808,ورسله,11,0.00014206563432305724
809,ورآء,11,0.00014206563432305724
810,كأنهم,11,0.00014206563432305724
811,قدير,11,0.00014206563432305724
812,وليٖ,11,0.00014206563432305724
813,كن,11,0.00014206563432305724
814,جآءك,11,0.00014206563432305724
815,وٱلحكمة,11,0.00014206563432305724
816,ويعقوب,11,0.00014206563432305724
817,أحدٖ,11,0.00014206563432305724
818,فيكم,11,0.00014206563432305724
819,يتخذ,11,0.00014206563432305724
820,ظلموٓا,11,0.00014206563432305724
821,فلآ,11,0.00014206563432305724
822,قليلا,11,0.00014206563432305724
823,بي,11,0.00014206563432305724
824,أمولكم,11,0.00014206563432305724
825,تفلحون,11,0.00014206563432305724
826,ٱبتغآء,11,0.00014206563432305724
827,ٱلسلم,11,0.00014206563432305724
828,زين,11,0.00014206563432305724
829,يرجون,11,0.00014206563432305724
830,أحق,11,0.00014206563432305724
831,عليهن,11,0.00014206563432305724
832,وتلك,11,0.00014206563432305724
833,هرون,11,0.00014206563432305724
834,فمنهم,11,0.00014206563432305724
835,أنفقوا,11,0.00014206563432305724
836,جنة,11,0.00014206563432305724
837,للظلمين,11,0.00014206563432305724
838,عنا,11,0.00014206563432305724
839,ٱلبلغ,11,0.00014206563432305724
840,أني,11,0.00014206563432305724
841,تأكلون,11,0.00014206563432305724
842,وأطيعون,11,0.00014206563432305724
843,مرجعكم,11,0.00014206563432305724
844,طآئفةٞ,11,0.00014206563432305724
845,فذوقوا,11,0.00014206563432305724
846,قومٖ,11,0.00014206563432305724
847,تقول,11,0.00014206563432305724
848,كتبٗا,11,0.00014206563432305724
849,سلطنٗا,11,0.00014206563432305724
850,يذكرون,11,0.00014206563432305724
851,شركآء,11,0.00014206563432305724
852,أليمٗا,11,0.00014206563432305724
853,مبينٗا,11,0.00014206563432305724
854,أهلها,11,0.00014206563432305724
855,بصيرٗا,11,0.00014206563432305724
856,وربك,11,0.00014206563432305724
857,يقتلون,11,0.00014206563432305724
858,عسى,11,0.00014206563432305724
859,أضل,11,0.00014206563432305724
860,يستوي,11,0.00014206563432305724
861,ورحمةٗ,11,0.00014206563432305724
862,معك,11,0.00014206563432305724
863,حقٗا,11,0.00014206563432305724
864,يموسىٓ,11,0.00014206563432305724
865,ويقول,11,0.00014206563432305724
866,سآء,11,0.00014206563432305724
867,ترى,11,0.00014206563432305724
868,بيني,11,0.00014206563432305724
869,فقالوا,11,0.00014206563432305724
870,وإنهم,11,0.00014206563432305724
871,وقالوٓا,11,0.00014206563432305724
872,بغتةٗ,11,0.00014206563432305724
873,أسٔلكم,11,0.00014206563432305724
874,ٱلقرى,11,0.00014206563432305724
875,فأنى,11,0.00014206563432305724
876,ٱلمسلمين,11,0.00014206563432305724
877,رسلهم,11,0.00014206563432305724
878,معي,11,0.00014206563432305724
879,صبروا,11,0.00014206563432305724
880,ورسولهٓ,11,0.00014206563432305724
881,وأصحب,11,0.00014206563432305724
882,وٱلمؤمنت,11,0.00014206563432305724
883,تقوم,11,0.00014206563432305724
884,ٱلسمع,11,0.00014206563432305724
885,ٱلغفور,11,0.00014206563432305724
886,فٱصبر,11,0.00014206563432305724
887,وسخر,11,0.00014206563432305724
888,أءذا,11,0.00014206563432305724
889,وأنه,11,0.00014206563432305724
890,ومما,10,0.00012915057665732478
891,رزقنهم,10,0.00012915057665732478
892,فأتوا,10,0.00012915057665732478
893,مثله,10,0.00012915057665732478
894,وكذبوا,10,0.00012915057665732478
895,مصدقٗا,10,0.00012915057665732478
896,ثمنٗا,10,0.00012915057665732478
897,يومٗا,10,0.00012915057665732478
898,نؤمن,10,0.00012915057665732478
899,ٱلقرية,10,0.00012915057665732478
900,يؤمنوا,10,0.00012915057665732478
901,كتبٞ,10,0.00012915057665732478
902,سليمن,10,0.00012915057665732478
903,أحد,10,0.00012915057665732478
904,ءاية,10,0.00012915057665732478
905,منهآ,10,0.00012915057665732478
906,تبين,10,0.00012915057665732478
907,يختلفون,10,0.00012915057665732478
908,وجه,10,0.00012915057665732478
909,فيكون,10,0.00012915057665732478
910,علينآ,10,0.00012915057665732478
911,حنيفٗا,10,0.00012915057665732478
912,وربكم,10,0.00012915057665732478
913,شهيدٗا,10,0.00012915057665732478
914,يأت,10,0.00012915057665732478
915,ٱلصبرين,10,0.00012915057665732478
916,ورحمةٞ,10,0.00012915057665732478
917,تابوا,10,0.00012915057665732478
918,دآبةٖ,10,0.00012915057665732478
919,يهتدون,10,0.00012915057665732478
920,بعيدٖ,10,0.00012915057665732478
921,أخيه,10,0.00012915057665732478
922,فإذآ,10,0.00012915057665732478
923,دينكم,10,0.00012915057665732478
924,وجهدوا,10,0.00012915057665732478
925,ممآ,10,0.00012915057665732478
926,ٱلنور,10,0.00012915057665732478
927,وهي,10,0.00012915057665732478
928,ٱلطير,10,0.00012915057665732478
929,دينهم,10,0.00012915057665732478
930,ويغفر,10,0.00012915057665732478
931,بك,10,0.00012915057665732478
932,ٱلمسيح,10,0.00012915057665732478
933,يدي,10,0.00012915057665732478
934,ٱلكذبين,10,0.00012915057665732478
935,وبينكم,10,0.00012915057665732478
936,ٱلمنكر,10,0.00012915057665732478
937,صدورهم,10,0.00012915057665732478
938,فإنهم,10,0.00012915057665732478
939,مغفرةٞ,10,0.00012915057665732478
940,ٱتبع,10,0.00012915057665732478
941,قول,10,0.00012915057665732478
942,أيديكم,10,0.00012915057665732478
943,فٱلذين,10,0.00012915057665732478
944,سبيلا,10,0.00012915057665732478
945,شهيدا,10,0.00012915057665732478
946,ٱنظر,10,0.00012915057665732478
947,كأن,10,0.00012915057665732478
948,يقولوا,10,0.00012915057665732478
949,أولي,10,0.00012915057665732478
950,وأنفسهم,10,0.00012915057665732478
951,يعمل,10,0.00012915057665732478
952,يجدون,10,0.00012915057665732478
953,حديث,10,0.00012915057665732478
954,فأخذتهم,10,0.00012915057665732478
955,ٱلظن,10,0.00012915057665732478
956,ٱلطيبت,10,0.00012915057665732478
957,ٱلمفسدين,10,0.00012915057665732478
958,ٱلنعيم,10,0.00012915057665732478
959,أرسلنآ,10,0.00012915057665732478
960,وإما,10,0.00012915057665732478
961,ٱلصور,10,0.00012915057665732478
962,وٱلشهدة,10,0.00012915057665732478
963,جآءت,10,0.00012915057665732478
964,ءايتي,10,0.00012915057665732478
965,ٱثنين,10,0.00012915057665732478
966,كذبٗا,10,0.00012915057665732478
967,أرسل,10,0.00012915057665732478
968,أخرج,10,0.00012915057665732478
969,يرسل,10,0.00012915057665732478
970,وٱلذي,10,0.00012915057665732478
971,وجآء,10,0.00012915057665732478
972,مجرمين,10,0.00012915057665732478
973,يتفكرون,10,0.00012915057665732478
974,عسىٓ,10,0.00012915057665732478
975,كريمٞ,10,0.00012915057665732478
976,ٱلبطل,10,0.00012915057665732478
977,كلمة,10,0.00012915057665732478
978,ٱلأعراب,10,0.00012915057665732478
979,ٱلقرون,10,0.00012915057665732478
980,يغني,10,0.00012915057665732478
981,رأوا,10,0.00012915057665732478
982,سلطن,10,0.00012915057665732478
983,ٱلأحزاب,10,0.00012915057665732478
984,تخف,10,0.00012915057665732478
985,وكل,10,0.00012915057665732478
986,يملكون,10,0.00012915057665732478
987,ٱلحميد,10,0.00012915057665732478
988,إلها,10,0.00012915057665732478
989,ءاخر,10,0.00012915057665732478
990,بحمد,10,0.00012915057665732478
991,بمن,10,0.00012915057665732478
992,يوعدون,10,0.00012915057665732478
993,تكذبون,10,0.00012915057665732478
994,بيوت,10,0.00012915057665732478
995,أبصرهم,9,0.0001162355189915923
996,مرضٞ,9,0.0001162355189915923
997,وإذآ,9,0.0001162355189915923
998,وٱلسمآء,9,0.0001162355189915923
999,عهد,9,0.0001162355189915923
1000,للملٓئكة,9,0.0001162355189915923
1001,سبحنك,9,0.0001162355189915923
1002,إبليس,9,0.0001162355189915923
1003,ٱذكروا,9,0.0001162355189915923
1004,أنزلت,9,0.0001162355189915923
1005,بٱلبطل,9,0.0001162355189915923
1006,قلتم,9,0.0001162355189915923
1007,وأنزلنا,9,0.0001162355189915923
1008,ٱلنبين,9,0.0001162355189915923
1009,هادوا,9,0.0001162355189915923
1010,أخذنا,9,0.0001162355189915923
1011,وٱذكروا,9,0.0001162355189915923
1012,أكون,9,0.0001162355189915923
1013,بغفل,9,0.0001162355189915923
1014,فويلٞ,9,0.0001162355189915923
1015,فريقٗا,9,0.0001162355189915923
1016,ديرهم,9,0.0001162355189915923
1017,مهينٞ,9,0.0001162355189915923
1018,أشركوا,9,0.0001162355189915923
1019,أنزلنآ,9,0.0001162355189915923
1020,ٱلفسقون,9,0.0001162355189915923
1021,فتنةٞ,9,0.0001162355189915923
1022,منهما,9,0.0001162355189915923
1023,تعلم,9,0.0001162355189915923
1024,وجهه,9,0.0001162355189915923
1025,يذكر,9,0.0001162355189915923
1026,ءايةٞ,9,0.0001162355189915923
1027,وإسمعيل,9,0.0001162355189915923
1028,مسلمين,9,0.0001162355189915923
1029,ملة,9,0.0001162355189915923
1030,يبني,9,0.0001162355189915923
1031,وإسحق,9,0.0001162355189915923
1032,أمةٞ,9,0.0001162355189915923
1033,أعملكم,9,0.0001162355189915923
1034,تكونن,9,0.0001162355189915923
1035,ولعلكم,9,0.0001162355189915923
1036,طعام,9,0.0001162355189915923
1037,يسٔلونك,9,0.0001162355189915923
1038,فيهن,9,0.0001162355189915923
1039,فضلٗا,9,0.0001162355189915923
1040,سريع,9,0.0001162355189915923
1041,بينةٖ,9,0.0001162355189915923
1042,نعمة,9,0.0001162355189915923
1043,متى,9,0.0001162355189915923
1044,أقرب,9,0.0001162355189915923
1045,متع,9,0.0001162355189915923
1046,يشكرون,9,0.0001162355189915923
1047,ولي,9,0.0001162355189915923
1048,ويميت,9,0.0001162355189915923
1049,يتبعون,9,0.0001162355189915923
1050,نفسا,9,0.0001162355189915923
1051,فأخذهم,9,0.0001162355189915923
1052,لأولي,9,0.0001162355189915923
1053,ٱلأبصر,9,0.0001162355189915923
1054,بعذاب,9,0.0001162355189915923
1055,تشآء,9,0.0001162355189915923
1056,ٱلخير,9,0.0001162355189915923
1057,وٱلرسول,9,0.0001162355189915923
1058,هنالك,9,0.0001162355189915923
1059,بٔايةٖ,9,0.0001162355189915923
1060,شديدٗا,9,0.0001162355189915923
1061,علمٞ,9,0.0001162355189915923
1062,أحدٞ,9,0.0001162355189915923
1063,تتخذوا,9,0.0001162355189915923
1064,دين,9,0.0001162355189915923
1065,كٱلذين,9,0.0001162355189915923
1066,فليتوكل,9,0.0001162355189915923
1067,يتوب,9,0.0001162355189915923
1068,كمن,9,0.0001162355189915923
1069,ٱلبلد,9,0.0001162355189915923
1070,حكمٗا,9,0.0001162355189915923
1071,يشرك,9,0.0001162355189915923
1072,عندك,9,0.0001162355189915923
1073,نفسك,9,0.0001162355189915923
1074,مؤمنٞ,9,0.0001162355189915923
1075,وٱتبع,9,0.0001162355189915923
1076,نورٗا,9,0.0001162355189915923
1077,يملك,9,0.0001162355189915923
1078,فإنا,9,0.0001162355189915923
1079,وبين,9,0.0001162355189915923
1080,وءاتينه,9,0.0001162355189915923
1081,فأصبحوا,9,0.0001162355189915923
1082,دخلوا,9,0.0001162355189915923
1083,تخرج,9,0.0001162355189915923
1084,أقول,9,0.0001162355189915923
1085,فإنك,9,0.0001162355189915923
1086,بربهم,9,0.0001162355189915923
1087,بريٓءٞ,9,0.0001162355189915923
1088,يفلح,9,0.0001162355189915923
1089,أسطير,9,0.0001162355189915923
1090,لكذبون,9,0.0001162355189915923
1091,سلمٗا,9,0.0001162355189915923
1092,وٱلبحر,9,0.0001162355189915923
1093,قومك,9,0.0001162355189915923
1094,لأبيه,9,0.0001162355189915923
1095,رءا,9,0.0001162355189915923
1096,أوحي,9,0.0001162355189915923
1097,تجزون,9,0.0001162355189915923
1098,مرةٖ,9,0.0001162355189915923
1099,وٱلشمس,9,0.0001162355189915923
1100,وٱلإنس,9,0.0001162355189915923
1101,حرجٞ,9,0.0001162355189915923
1102,وكم,9,0.0001162355189915923
1103,ظلمين,9,0.0001162355189915923
1104,لهما,9,0.0001162355189915923
1105,نعم,9,0.0001162355189915923
1106,أغنى,9,0.0001162355189915923
1107,قومهٓ,9,0.0001162355189915923
1108,ذكرٞ,9,0.0001162355189915923
1109,مدين,9,0.0001162355189915923
1110,فعل,9,0.0001162355189915923
1111,عباد,9,0.0001162355189915923
1112,شر,9,0.0001162355189915923
1113,فتنةٗ,9,0.0001162355189915923
1114,أليمٖ,9,0.0001162355189915923
1115,قوةٗ,9,0.0001162355189915923
1116,وثمود,9,0.0001162355189915923
1117,عدنٖ,9,0.0001162355189915923
1118,ٱلوعد,9,0.0001162355189915923
1119,أجري,9,0.0001162355189915923
1120,لنفسه,9,0.0001162355189915923
1121,ويقوم,9,0.0001162355189915923
1122,يعبدون,9,0.0001162355189915923
1123,عبادنا,9,0.0001162355189915923
1124,سنين,9,0.0001162355189915923
1125,روسي,9,0.0001162355189915923
1126,أءنا,9,0.0001162355189915923
1127,يبسط,9,0.0001162355189915923
1128,ويقدر,9,0.0001162355189915923
1129,ءالهةٗ,9,0.0001162355189915923
1130,نجعل,9,0.0001162355189915923
1131,للرحمن,9,0.0001162355189915923
1132,تبصرون,9,0.0001162355189915923
1133,نفسٞ,9,0.0001162355189915923
1134,صرط,8,0.00010332046132585982
1135,تفعلوا,8,0.00010332046132585982
1136,وكنتم,8,0.00010332046132585982
1137,مني,8,0.00010332046132585982
1138,لقومه,8,0.00010332046132585982
1139,توليتم,8,0.00010332046132585982
1140,فلولا,8,0.00010332046132585982
1141,كونوا,8,0.00010332046132585982
1142,عدوٗا,8,0.00010332046132585982
1143,خلقٖ,8,0.00010332046132585982
1144,يدخل,8,0.00010332046132585982
1145,ٱليهود,8,0.00010332046132585982
1146,قولهم,8,0.00010332046132585982
1147,ٱلمشرق,8,0.00010332046132585982
1148,ونذيرٗا,8,0.00010332046132585982
1149,عنك,8,0.00010332046132585982
1150,تتبع,8,0.00010332046132585982
1151,ءامنتم,8,0.00010332046132585982
1152,ءايةٖ,8,0.00010332046132585982
1153,ٱلخيرت,8,0.00010332046132585982
1154,ينفع,8,0.00010332046132585982
1155,موتها,8,0.00010332046132585982
1156,يرون,8,0.00010332046132585982
1157,إياه,8,0.00010332046132585982
1158,ٱختلفوا,8,0.00010332046132585982
1159,وٱلكتب,8,0.00010332046132585982
1160,وٱبن,8,0.00010332046132585982
1161,شيءٞ,8,0.00010332046132585982
1162,فله,8,0.00010332046132585982
1163,عبادي,8,0.00010332046132585982
1164,وأنفقوا,8,0.00010332046132585982
1165,يجد,8,0.00010332046132585982
1166,ثلثة,8,0.00010332046132585982
1167,حسنةٗ,8,0.00010332046132585982
1168,نصيبٞ,8,0.00010332046132585982
1169,تحشرون,8,0.00010332046132585982
1170,تولى,8,0.00010332046132585982
1171,ٱلعزة,8,0.00010332046132585982
1172,بإذنه,8,0.00010332046132585982
1173,ٱلقتال,8,0.00010332046132585982
1174,وتتقوا,8,0.00010332046132585982
1175,حليمٞ,8,0.00010332046132585982
1176,نعمت,8,0.00010332046132585982
1177,لذو,8,0.00010332046132585982
1178,يأتيكم,8,0.00010332046132585982
1179,درجتٖ,8,0.00010332046132585982
1180,تنفقوا,8,0.00010332046132585982
1181,عاد,8,0.00010332046132585982
1182,وأقاموا,8,0.00010332046132585982
1183,دعوا,8,0.00010332046132585982
1184,وٱلإنجيل,8,0.00010332046132585982
1185,شديدٞ,8,0.00010332046132585982
1186,رحمة,8,0.00010332046132585982
1187,نصيبٗا,8,0.00010332046132585982
1188,ٱلميت,8,0.00010332046132585982
1189,أنثى,8,0.00010332046132585982
1190,ليٓ,8,0.00010332046132585982
1191,أولى,8,0.00010332046132585982
1192,شهيد,8,0.00010332046132585982
1193,كفرين,8,0.00010332046132585982
1194,حسنةٞ,8,0.00010332046132585982
1195,ترحمون,8,0.00010332046132585982
1196,ذكروا,8,0.00010332046132585982
1197,ظن,8,0.00010332046132585982
1198,ءاتىهم,8,0.00010332046132585982
1199,ذوقوا,8,0.00010332046132585982
1200,رجالٗا,8,0.00010332046132585982
1201,ٱلسوٓء,8,0.00010332046132585982
1202,ويجعل,8,0.00010332046132585982
1203,مكان,8,0.00010332046132585982
1204,عليمٗا,8,0.00010332046132585982
1205,مثقال,8,0.00010332046132585982
1206,نصيرٗا,8,0.00010332046132585982
1207,ءاخرين,8,0.00010332046132585982
1208,بأمولهم,8,0.00010332046132585982
1209,وكلٗا,8,0.00010332046132585982
1210,وكيلٗا,8,0.00010332046132585982
1211,يشأ,8,0.00010332046132585982
1212,وأوحينآ,8,0.00010332046132585982
1213,وهرون,8,0.00010332046132585982
1214,ضلوا,8,0.00010332046132585982
1215,ٱلإثم,8,0.00010332046132585982
1216,يخافون,8,0.00010332046132585982
1217,أريد,8,0.00010332046132585982
1218,وأصلح,8,0.00010332046132585982
1219,أعرض,8,0.00010332046132585982
1220,جهد,8,0.00010332046132585982
1221,مكانٗا,8,0.00010332046132585982
1222,ترىٓ,8,0.00010332046132585982
1223,رزقكم,8,0.00010332046132585982
1224,أمره,8,0.00010332046132585982
1225,وجدنا,8,0.00010332046132585982
1226,طينٖ,8,0.00010332046132585982
1227,لقضي,8,0.00010332046132585982
1228,خسروٓا,8,0.00010332046132585982
1229,كذبا,8,0.00010332046132585982
1230,نقول,8,0.00010332046132585982
1231,وضل,8,0.00010332046132585982
1232,بأسنا,8,0.00010332046132585982
1233,ظلمت,8,0.00010332046132585982
1234,ووهبنا,8,0.00010332046132585982
1235,خلقنكم,8,0.00010332046132585982
1236,تطع,8,0.00010332046132585982
1237,دار,8,0.00010332046132585982
1238,لقآء,8,0.00010332046132585982
1239,ٱلغني,8,0.00010332046132585982
1240,لغفورٞ,8,0.00010332046132585982
1241,يبعثون,8,0.00010332046132585982
1242,ومنها,8,0.00010332046132585982
1243,فٱليوم,8,0.00010332046132585982
1244,ٱدعوا,8,0.00010332046132585982
1245,فكذبوه,8,0.00010332046132585982
1246,أخاهم,8,0.00010332046132585982
1247,ونذر,8,0.00010332046132585982
1248,يعبد,8,0.00010332046132585982
1249,يهد,8,0.00010332046132585982
1250,ٱلسحرة,8,0.00010332046132585982
1251,ألقوا,8,0.00010332046132585982
1252,برب,8,0.00010332046132585982
1253,معهٓ,8,0.00010332046132585982
1254,ٱليم,8,0.00010332046132585982
1255,فكان,8,0.00010332046132585982
1256,كره,8,0.00010332046132585982
1257,يك,8,0.00010332046132585982
1258,بأمره,8,0.00010332046132585982
1259,أذن,8,0.00010332046132585982
1260,وقوم,8,0.00010332046132585982
1261,بشرٗا,8,0.00010332046132585982
1262,لوطٖ,8,0.00010332046132585982
1263,علمت,8,0.00010332046132585982
1264,يٓأبت,8,0.00010332046132585982
1265,ٱلمخلصين,8,0.00010332046132585982
1266,أمينٞ,8,0.00010332046132585982
1267,تٱلله,8,0.00010332046132585982
1268,ٱلكبير,8,0.00010332046132585982
1269,عذابي,8,0.00010332046132585982
1270,ضرب,8,0.00010332046132585982
1271,ٱلأعلى,8,0.00010332046132585982
1272,لبثتم,8,0.00010332046132585982
1273,ٱلسعير,8,0.00010332046132585982
1274,ورب,8,0.00010332046132585982
1275,أقسم,8,0.00010332046132585982
1276,أنعمت,7,9.040540366012734e-05
1277,خلوا,7,9.040540366012734e-05
1278,يعمهون,7,9.040540366012734e-05
1279,بٱلهدى,7,9.040540366012734e-05
1280,ذهب,7,9.040540366012734e-05
1281,ءاذانهم,7,9.040540366012734e-05
1282,كلما,7,9.040540366012734e-05
1283,ماذآ,7,9.040540366012734e-05
1284,ٱلشجرة,7,9.040540366012734e-05
1285,فإما,7,9.040540366012734e-05
1286,تنظرون,7,9.040540366012734e-05
1287,ظلمون,7,9.040540366012734e-05
1288,طيبت,7,9.040540366012734e-05
1289,رزقنكم,7,9.040540366012734e-05
1290,فكلوا,7,9.040540366012734e-05
1291,وقولوا,7,9.040540366012734e-05
1292,ٱلطور,7,9.040540366012734e-05
1293,ورحمته,7,9.040540366012734e-05
1294,ميثق,7,9.040540366012734e-05
1295,وٱليتمى,7,9.040540366012734e-05
1296,يخفف,7,9.040540366012734e-05
1297,وءاتينا,7,9.040540366012734e-05
1298,أبدا,7,9.040540366012734e-05
1299,أحدهم,7,9.040540366012734e-05
1300,ألف,7,9.040540366012734e-05
1301,أسلم,7,9.040540366012734e-05
1302,يتلوا,7,9.040540366012734e-05
1303,ءأنتم,7,9.040540366012734e-05
1304,وجهك,7,9.040540366012734e-05
1305,للحق,7,9.040540366012734e-05
1306,تتبعوا,7,9.040540366012734e-05
1307,أولو,7,9.040540366012734e-05
1308,يسمع,7,9.040540366012734e-05
1309,يأكلون,7,9.040540366012734e-05
1310,أحدكم,7,9.040540366012734e-05
1311,أحل,7,9.040540366012734e-05
1312,هن,7,9.040540366012734e-05
1313,وقتلوا,7,9.040540366012734e-05
1314,ٱلحج,7,9.040540366012734e-05
1315,أذٗى,7,9.040540366012734e-05
1316,ذكرٗا,7,9.040540366012734e-05
1317,قريبٞ,7,9.040540366012734e-05
1318,كبيرٞ,7,9.040540366012734e-05
1319,يتذكرون,7,9.040540366012734e-05
1320,خفتم,7,9.040540366012734e-05
1321,غيره,7,9.040540366012734e-05
1322,أولدكم,7,9.040540366012734e-05
1323,فليس,7,9.040540366012734e-05
1324,وجنوده,7,9.040540366012734e-05
1325,صبرٗا,7,9.040540366012734e-05
1326,عندهٓ,7,9.040540366012734e-05
1327,منهن,7,9.040540366012734e-05
1328,ٱلكبر,7,9.040540366012734e-05
1329,ٱلخبيث,7,9.040540366012734e-05
1330,تجدوا,7,9.040540366012734e-05
1331,وٱلمؤمنون,7,9.040540366012734e-05
1332,لدنك,7,9.040540366012734e-05
1333,بذنوبهم,7,9.040540366012734e-05
1334,نصرين,7,9.040540366012734e-05
1335,ربها,7,9.040540366012734e-05
1336,لديهم,7,9.040540366012734e-05
1337,تعالوا,7,9.040540366012734e-05
1338,تنزل,7,9.040540366012734e-05
1339,صدق,7,9.040540366012734e-05
1340,كله,7,9.040540366012734e-05
1341,مس,7,9.040540366012734e-05
1342,ٱلشكرين,7,9.040540366012734e-05
1343,ثواب,7,9.040540366012734e-05
1344,ٱغفر,7,9.040540366012734e-05
1345,قتلوا,7,9.040540366012734e-05
1346,وٱستغفر,7,9.040540366012734e-05
1347,إيمنٗا,7,9.040540366012734e-05
1348,تؤمنوا,7,9.040540366012734e-05
1349,رسلٞ,7,9.040540366012734e-05
1350,فبئس,7,9.040540366012734e-05
1351,سئاتهم,7,9.040540366012734e-05
1352,قليلٞ,7,9.040540366012734e-05
1353,رشدٗا,7,9.040540366012734e-05
1354,نفعٗا,7,9.040540366012734e-05
1355,ٱلمؤمنت,7,9.040540366012734e-05
1356,ٱلرجال,7,9.040540366012734e-05
1357,بينهمآ,7,9.040540366012734e-05
1358,وأعتدنا,7,9.040540366012734e-05
1359,تك,7,9.040540366012734e-05
1360,سوف,7,9.040540366012734e-05
1361,فأعرض,7,9.040540366012734e-05
1362,يليتني,7,9.040540366012734e-05
1363,وتوكل,7,9.040540366012734e-05
1364,قومهم,7,9.040540366012734e-05
1365,وأعد,7,9.040540366012734e-05
1366,أعد,7,9.040540366012734e-05
1367,كثيرٖ,7,9.040540366012734e-05
1368,عبادك,7,9.040540366012734e-05
1369,يتلى,7,9.040540366012734e-05
1370,أيها,7,9.040540366012734e-05
1371,عندهم,7,9.040540366012734e-05
1372,فقالوٓا,7,9.040540366012734e-05
1373,نفسي,7,9.040540366012734e-05
1374,فتكون,7,9.040540366012734e-05
1375,ٱلنفس,7,9.040540366012734e-05
1376,فينبئكم,7,9.040540366012734e-05
1377,حزب,7,9.040540366012734e-05
1378,فسقون,7,9.040540366012734e-05
1379,تحت,7,9.040540366012734e-05
1380,ضرٗا,7,9.040540366012734e-05
1381,يستكبرون,7,9.040540366012734e-05
1382,جعلنه,7,9.040540366012734e-05
1383,أمرت,7,9.040540366012734e-05
1384,تشركون,7,9.040540366012734e-05
1385,وفيٓ,7,9.040540366012734e-05
1386,يجحدون,7,9.040540366012734e-05
1387,نسوا,7,9.040540366012734e-05
1388,خزآئن,7,9.040540366012734e-05
1389,أتبع,7,9.040540366012734e-05
1390,ٱلأعمى,7,9.040540366012734e-05
1391,تستعجلون,7,9.040540366012734e-05
1392,ٱلحكم,7,9.040540366012734e-05
1393,يبعث,7,9.040540366012734e-05
1394,وجعلوا,7,9.040540366012734e-05
1395,وتعلى,7,9.040540366012734e-05
1396,يصفون,7,9.040540366012734e-05
1397,كلمت,7,9.040540366012734e-05
1398,بظلمٖ,7,9.040540366012734e-05
1399,بمعجزين,7,9.040540366012734e-05
1400,هذهٓ,7,9.040540366012734e-05
1401,ٱلمسرفين,7,9.040540366012734e-05
1402,أما,7,9.040540366012734e-05
1403,بٱلتي,7,9.040540366012734e-05
1404,ٱلكيل,7,9.040540366012734e-05
1405,ءامنت,7,9.040540366012734e-05
1406,وذكرى,7,9.040540366012734e-05
1407,ءابآءنا,7,9.040540366012734e-05
1408,مخلصين,7,9.040540366012734e-05
1409,ستة,7,9.040540366012734e-05
1410,ٱستوى,7,9.040540366012734e-05
1411,ٱستكبروا,7,9.040540366012734e-05
1412,ٱلغبرين,7,9.040540366012734e-05
1413,أنمآ,7,9.040540366012734e-05
1414,ٱلمنفقون,7,9.040540366012734e-05
1415,ٱلإيمن,7,9.040540366012734e-05
1416,تحزن,7,9.040540366012734e-05
1417,قريبٗا,7,9.040540366012734e-05
1418,سألتهم,7,9.040540366012734e-05
1419,عملٗا,7,9.040540366012734e-05
1420,توكلت,7,9.040540366012734e-05
1421,ليجزي,7,9.040540366012734e-05
1422,سلمٞ,7,9.040540366012734e-05
1423,ٱلضر,7,9.040540366012734e-05
1424,سبقت,7,9.040540366012734e-05
1425,وٱلأبصر,7,9.040540366012734e-05
1426,ٱفترىه,7,9.040540366012734e-05
1427,نوح,7,9.040540366012734e-05
1428,ٱلمنذرين,7,9.040540366012734e-05
1429,ٱهتدى,7,9.040540366012734e-05
1430,وٱصبر,7,9.040540366012734e-05
1431,وحاق,7,9.040540366012734e-05
1432,ٱلصيحة,7,9.040540366012734e-05
1433,عربيٗا,7,9.040540366012734e-05
1434,وتركنا,7,9.040540366012734e-05
1435,علمنا,7,9.040540366012734e-05
1436,يسيرٞ,7,9.040540366012734e-05
1437,ءامنين,7,9.040540366012734e-05
1438,يسيروا,7,9.040540366012734e-05
1439,يتذكر,7,9.040540366012734e-05
1440,مثلكم,7,9.040540366012734e-05
1441,سنة,7,9.040540366012734e-05
1442,ٱلمرسلون,7,9.040540366012734e-05
1443,إلهكم,7,9.040540366012734e-05
1444,أجرٗا,7,9.040540366012734e-05
1445,جزآءٗ,7,9.040540366012734e-05
1446,ولولآ,7,9.040540366012734e-05
1447,متكٔين,7,9.040540366012734e-05
1448,صفٗا,7,9.040540366012734e-05
1449,أمري,7,9.040540366012734e-05
1450,نادى,7,9.040540366012734e-05
1451,نبيٗا,7,9.040540366012734e-05
1452,يسبحون,7,9.040540366012734e-05
1453,مآء,7,9.040540366012734e-05
1454,يتسآءلون,7,9.040540366012734e-05
1455,أفرءيتم,7,9.040540366012734e-05
1456,ءايتهٓ,7,9.040540366012734e-05
1457,ٱلفصل,7,9.040540366012734e-05
1458,حمٓ,7,9.040540366012734e-05
1459,وٱليل,7,9.040540366012734e-05
1460,نعبد,6,7.749034599439487e-05
1461,ٱلصرط,6,7.749034599439487e-05
1462,ٱلضآلين,6,7.749034599439487e-05
1463,الٓمٓ,6,7.749034599439487e-05
1464,بمؤمنين,6,7.749034599439487e-05
1465,يكذبون,6,7.749034599439487e-05
1466,ٱشتروا,6,7.749034599439487e-05
1467,ٱلضللة,6,7.749034599439487e-05
1468,يكاد,6,7.749034599439487e-05
1469,أندادٗا,6,7.749034599439487e-05
1470,ويهدي,6,7.749034599439487e-05
1471,أقل,6,7.749034599439487e-05
1472,غيب,6,7.749034599439487e-05
1473,ٱسجدوا,6,7.749034599439487e-05
1474,وقلنا,6,7.749034599439487e-05
1475,لبعض,6,7.749034599439487e-05
1476,ٱلتواب,6,7.749034599439487e-05
1477,نعمتي,6,7.749034599439487e-05
1478,وءامنوا,6,7.749034599439487e-05
1479,يقبل,6,7.749034599439487e-05
1480,وعدنا,6,7.749034599439487e-05
1481,ٱلعجل,6,7.749034599439487e-05
1482,تهتدون,6,7.749034599439487e-05
1483,نرى,6,7.749034599439487e-05
1484,ٱلباب,6,7.749034599439487e-05
1485,فقلنا,6,7.749034599439487e-05
1486,عينٗا,6,7.749034599439487e-05
1487,وٱشربوا,6,7.749034599439487e-05
1488,وحدٖ,6,7.749034599439487e-05
1489,فلهم,6,7.749034599439487e-05
1490,فوقكم,6,7.749034599439487e-05
1491,علمتم,6,7.749034599439487e-05
1492,هزوٗا,6,7.749034599439487e-05
1493,أعوذ,6,7.749034599439487e-05
1494,ٱلجهلين,6,7.749034599439487e-05
1495,ٱدع,6,7.749034599439487e-05
1496,جئت,6,7.749034599439487e-05
1497,يعلنون,6,7.749034599439487e-05
1498,يخلف,6,7.749034599439487e-05
1499,تقولون,6,7.749034599439487e-05
1500,تقتلون,6,7.749034599439487e-05
1501,قلوبنا,6,7.749034599439487e-05
1502,لعنهم,6,7.749034599439487e-05
1503,إيمنكم,6,7.749034599439487e-05
1504,وٱتبعوا,6,7.749034599439487e-05
1505,ٱلسحر,6,7.749034599439487e-05
1506,لأنفسكم,6,7.749034599439487e-05
1507,فٱلله,6,7.749034599439487e-05
1508,وٱلمغرب,6,7.749034599439487e-05
1509,مقام,6,7.749034599439487e-05
1510,ٱلسجود,6,7.749034599439487e-05
1511,ٱجعل,6,7.749034599439487e-05
1512,ءامنٗا,6,7.749034599439487e-05
1513,إلهٗا,6,7.749034599439487e-05
1514,وعيسى,6,7.749034599439487e-05
1515,بمثل,6,7.749034599439487e-05
1516,وجوهكم,6,7.749034599439487e-05
1517,مآءٖ,6,7.749034599439487e-05
1518,حبٗا,6,7.749034599439487e-05
1519,طيبٗا,6,7.749034599439487e-05
1520,ٱلمتقون,6,7.749034599439487e-05
1521,حقا,6,7.749034599439487e-05
1522,إثمٗا,6,7.749034599439487e-05
1523,أيام,6,7.749034599439487e-05
1524,ٱلتقوى,6,7.749034599439487e-05
1525,ٱلفساد,6,7.749034599439487e-05
1526,فٱعلموٓا,6,7.749034599439487e-05
1527,ترجع,6,7.749034599439487e-05
1528,حسابٖ,6,7.749034599439487e-05
1529,تدخلوا,6,7.749034599439487e-05
1530,يأتكم,6,7.749034599439487e-05
1531,شرٞ,6,7.749034599439487e-05
1532,حبطت,6,7.749034599439487e-05
1533,رحمت,6,7.749034599439487e-05
1534,ويسٔلونك,6,7.749034599439487e-05
1535,عليهما,6,7.749034599439487e-05
1536,ظلم,6,7.749034599439487e-05
1537,معروفٗا,6,7.749034599439487e-05
1538,قرضا,6,7.749034599439487e-05
1539,ملكٗا,6,7.749034599439487e-05
1540,تقتلوا,6,7.749034599439487e-05
1541,أخرجنا,6,7.749034599439487e-05
1542,وإنك,6,7.749034599439487e-05
1543,يومٞ,6,7.749034599439487e-05
1544,ٱلعلي,6,7.749034599439487e-05
1545,ٱلطغوت,6,7.749034599439487e-05
1546,قريةٖ,6,7.749034599439487e-05
1547,يوما,6,7.749034599439487e-05
1548,غني,6,7.749034599439487e-05
1549,ٱلصدقت,6,7.749034599439487e-05
1550,بٱليل,6,7.749034599439487e-05
1551,بٱلعدل,6,7.749034599439487e-05
1552,ويعذب,6,7.749034599439487e-05
1553,وأطعنا,6,7.749034599439487e-05
1554,تحمل,6,7.749034599439487e-05
1555,عزيزٞ,6,7.749034599439487e-05
1556,ٱلأرحام,6,7.749034599439487e-05
1557,ءايتٞ,6,7.749034599439487e-05
1558,ٱلفتنة,6,7.749034599439487e-05
1559,تغني,6,7.749034599439487e-05
1560,أولدهم,6,7.749034599439487e-05
1561,وٱلأنعم,6,7.749034599439487e-05
1562,فٱغفر,6,7.749034599439487e-05
1563,سوٓءٖ,6,7.749034599439487e-05
1564,تحبون,6,7.749034599439487e-05
1565,ذنوبكم,6,7.749034599439487e-05
1566,ٱمرأت,6,7.749034599439487e-05
1567,وسبح,6,7.749034599439487e-05
1568,أنبآء,6,7.749034599439487e-05
1569,أيهم,6,7.749034599439487e-05
1570,بيوتكم,6,7.749034599439487e-05
1571,ٱلشهدين,6,7.749034599439487e-05
1572,تختلفون,6,7.749034599439487e-05
1573,خلقه,6,7.749034599439487e-05
1574,ترابٖ,6,7.749034599439487e-05
1575,بٱلذيٓ,6,7.749034599439487e-05
1576,يؤتيه,6,7.749034599439487e-05
1577,إيمنهم,6,7.749034599439487e-05
1578,ٱلطعام,6,7.749034599439487e-05
1579,وجوهٞ,6,7.749034599439487e-05
1580,ظلمٗا,6,7.749034599439487e-05
1581,لكان,6,7.749034599439487e-05
1582,وأكثرهم,6,7.749034599439487e-05
1583,يعذبهم,6,7.749034599439487e-05
1584,ٱلمكذبين,6,7.749034599439487e-05
1585,وليعلم,6,7.749034599439487e-05
1586,وكأين,6,7.749034599439487e-05
1587,ومأوىهم,6,7.749034599439487e-05
1588,ومنكم,6,7.749034599439487e-05
1589,عفا,6,7.749034599439487e-05
1590,يغشى,6,7.749034599439487e-05
1591,نعلم,6,7.749034599439487e-05
1592,بأفوههم,6,7.749034599439487e-05
1593,بٱلذين,6,7.749034599439487e-05
1594,يسرعون,6,7.749034599439487e-05
1595,فٔامنوا,6,7.749034599439487e-05
1596,جآءو,6,7.749034599439487e-05
1597,قيمٗا,6,7.749034599439487e-05
1598,خلقت,6,7.749034599439487e-05
1599,متعٞ,6,7.749034599439487e-05
1600,لكن,6,7.749034599439487e-05
1601,وخلق,6,7.749034599439487e-05
1602,ٱلأنثيين,6,7.749034599439487e-05
1603,أزوجكم,6,7.749034599439487e-05
1604,رجلٞ,6,7.749034599439487e-05
1605,يطع,6,7.749034599439487e-05
1606,قريبٖ,6,7.749034599439487e-05
1607,أعتدنا,6,7.749034599439487e-05
1608,أمهتكم,6,7.749034599439487e-05
1609,وبنات,6,7.749034599439487e-05
1610,أجورهن,6,7.749034599439487e-05
1611,فضلهٓ,6,7.749034599439487e-05
1612,خبيرٗا,6,7.749034599439487e-05
1613,رزقهم,6,7.749034599439487e-05
1614,عزيزا,6,7.749034599439487e-05
1615,وأحسن,6,7.749034599439487e-05
1616,رأيت,6,7.749034599439487e-05
1617,يصدون,6,7.749034599439487e-05
1618,مستقيمٗا,6,7.749034599439487e-05
1619,كيد,6,7.749034599439487e-05
1620,يخشون,6,7.749034599439487e-05
1621,وبينهم,6,7.749034599439487e-05
1622,خسر,6,7.749034599439487e-05
1623,يدخلون,6,7.749034599439487e-05
1624,غيرهٓ,6,7.749034599439487e-05
1625,حرمنا,6,7.749034599439487e-05
1626,وصدوا,6,7.749034599439487e-05
1627,يسيرٗا,6,7.749034599439487e-05
1628,يبتغون,6,7.749034599439487e-05
1629,جآءنا,6,7.749034599439487e-05
1630,يخرجوا,6,7.749034599439487e-05
1631,بٱلمؤمنين,6,7.749034599439487e-05
1632,ءاثرهم,6,7.749034599439487e-05
1633,ءاتىكم,6,7.749034599439487e-05
1634,أمرٖ,6,7.749034599439487e-05
1635,يؤفكون,6,7.749034599439487e-05
1636,سمعوا,6,7.749034599439487e-05
1637,أعينهم,6,7.749034599439487e-05
1638,مؤمنون,6,7.749034599439487e-05
1639,منك,6,7.749034599439487e-05
1640,رجلٗا,6,7.749034599439487e-05
1641,ٱلرحمة,6,7.749034599439487e-05
1642,فاطر,6,7.749034599439487e-05
1643,ٱلخبير,6,7.749034599439487e-05
1644,أي,6,7.749034599439487e-05
1645,بلقآء,6,7.749034599439487e-05
1646,أممٖ,6,7.749034599439487e-05
1647,أبوب,6,7.749034599439487e-05
1648,ذكرى,6,7.749034599439487e-05
1649,وذكر,6,7.749034599439487e-05
1650,حميمٖ,6,7.749034599439487e-05
1651,إسحق,6,7.749034599439487e-05
1652,صلاتهم,6,7.749034599439487e-05
1653,زعمتم,6,7.749034599439487e-05
1654,ٱلنجوم,6,7.749034599439487e-05
1655,فأخرجنا,6,7.749034599439487e-05
1656,ٱلإنس,6,7.749034599439487e-05
1657,فذرهم,6,7.749034599439487e-05
1658,يمشي,6,7.749034599439487e-05
1659,يمكرون,6,7.749034599439487e-05
1660,غفلون,6,7.749034599439487e-05
1661,ٱعملوا,6,7.749034599439487e-05
1662,ءابآؤنا,6,7.749034599439487e-05
1663,فلله,6,7.749034599439487e-05
1664,وٱلميزان,6,7.749034599439487e-05
1665,وزر,6,7.749034599439487e-05
1666,جعلكم,6,7.749034599439487e-05
1667,موزينه,6,7.749034599439487e-05
1668,أجلهم,6,7.749034599439487e-05
1669,ساعةٗ,6,7.749034599439487e-05
1670,إما,6,7.749034599439487e-05
1671,رجالٞ,6,7.749034599439487e-05
1672,فأنجينه,6,7.749034599439487e-05
1673,تأكل,6,7.749034599439487e-05
1674,بيوتٗا,6,7.749034599439487e-05
1675,شعيبٗا,6,7.749034599439487e-05
1676,أرسلت,6,7.749034599439487e-05
1677,ٱلحسنة,6,7.749034599439487e-05
1678,ٱلقرىٓ,6,7.749034599439487e-05
1679,بعثنا,6,7.749034599439487e-05
1680,بيضآء,6,7.749034599439487e-05
1681,فأرسلنا,6,7.749034599439487e-05
1682,ٱلرحمين,6,7.749034599439487e-05
1683,بعدها,6,7.749034599439487e-05
1684,وظنوٓا,6,7.749034599439487e-05
1685,هوىه,6,7.749034599439487e-05
1686,مثلا,6,7.749034599439487e-05
1687,أيان,6,7.749034599439487e-05
1688,حسنا,6,7.749034599439487e-05
1689,ٱلصم,6,7.749034599439487e-05
1690,مدبرين,6,7.749034599439487e-05
1691,فسقين,6,7.749034599439487e-05
1692,كفرتم,6,7.749034599439487e-05
1693,سخر,6,7.749034599439487e-05
1694,ٱلسوء,6,7.749034599439487e-05
1695,ٱلأولون,6,7.749034599439487e-05
1696,يبدؤا,6,7.749034599439487e-05
1697,يعيده,6,7.749034599439487e-05
1698,مسه,6,7.749034599439487e-05
1699,مكانٖ,6,7.749034599439487e-05
1700,يستمعون,6,7.749034599439487e-05
1701,أفأنت,6,7.749034599439487e-05
1702,قضي,6,7.749034599439487e-05
1703,ٱلخلد,6,7.749034599439487e-05
1704,وأمرت,6,7.749034599439487e-05
1705,ٱلأليم,6,7.749034599439487e-05
1706,تعبدوٓا,6,7.749034599439487e-05
1707,مثلنا,6,7.749034599439487e-05
1708,قوة,6,7.749034599439487e-05
1709,لوط,6,7.749034599439487e-05
1710,للإنسن,6,7.749034599439487e-05
1711,فعلين,6,7.749034599439487e-05
1712,ٱلسجن,6,7.749034599439487e-05
1713,ٱلوحد,6,7.749034599439487e-05
1714,لعليٓ,6,7.749034599439487e-05
1715,فينظروا,6,7.749034599439487e-05
1716,ٱلقلوب,6,7.749034599439487e-05
1717,بسلطنٖ,6,7.749034599439487e-05
1718,رءوسهم,6,7.749034599439487e-05
1719,وعده,6,7.749034599439487e-05
1720,فسبح,6,7.749034599439487e-05
1721,ٱليقين,6,7.749034599439487e-05
1722,نطفةٖ,6,7.749034599439487e-05
1723,سئات,6,7.749034599439487e-05
1724,ٱلبصر,6,7.749034599439487e-05
1725,تفعلون,6,7.749034599439487e-05
1726,وبنين,6,7.749034599439487e-05
1727,خبيرا,6,7.749034599439487e-05
1728,بعباده,6,7.749034599439487e-05
1729,يسبح,6,7.749034599439487e-05
1730,ٱلحديث,6,7.749034599439487e-05
1731,ٱلشمال,6,7.749034599439487e-05
1732,مالٗا,6,7.749034599439487e-05
1733,أرءيت,6,7.749034599439487e-05
1734,بكرةٗ,6,7.749034599439487e-05
1735,ينبغي,6,7.749034599439487e-05
1736,أتىك,6,7.749034599439487e-05
1737,قرءانا,6,7.749034599439487e-05
1738,مسكنهم,6,7.749034599439487e-05
1739,وٱلجبال,6,7.749034599439487e-05
1740,بٱلعذاب,6,7.749034599439487e-05
1741,ترابٗا,6,7.749034599439487e-05
1742,كريم,6,7.749034599439487e-05
1743,يسعى,6,7.749034599439487e-05
1744,تنزيل,6,7.749034599439487e-05
1745,فيهما,6,7.749034599439487e-05
1746,مدكرٖ,6,7.749034599439487e-05
1747,ٱلمستقيم,5,6.457528832866239e-05
1748,ٱلسفهآء,5,6.457528832866239e-05
1749,طغينهم,5,6.457528832866239e-05
1750,مثلهم,5,6.457528832866239e-05
1751,كلمآ,5,6.457528832866239e-05
1752,وأبصرهم,5,6.457528832866239e-05
1753,تجعلوا,5,6.457528832866239e-05
1754,نزلنا,5,6.457528832866239e-05
1755,عبدنا,5,6.457528832866239e-05
1756,يحييكم,5,6.457528832866239e-05
1757,ٱلأسمآء,5,6.457528832866239e-05
1758,كلها,5,6.457528832866239e-05
1759,تكتمون,5,6.457528832866239e-05
1760,لأٓدم,5,6.457528832866239e-05
1761,فسجدوٓا,5,6.457528832866239e-05
1762,مستقرٞ,5,6.457528832866239e-05
1763,فتاب,5,6.457528832866239e-05
1764,وأوفوا,5,6.457528832866239e-05
1765,يظنون,5,6.457528832866239e-05
1766,وأنهم,5,6.457528832866239e-05
1767,شئتم,5,6.457528832866239e-05
1768,يفسقون,5,6.457528832866239e-05
1769,تعثوا,5,6.457528832866239e-05
1770,مفسدين,5,6.457528832866239e-05
1771,أدنى,5,6.457528832866239e-05
1772,بٱلذي,5,6.457528832866239e-05
1773,ويقتلون,5,6.457528832866239e-05
1774,ورفعنا,5,6.457528832866239e-05
1775,خذوا,5,6.457528832866239e-05
1776,بقوةٖ,5,6.457528832866239e-05
1777,ٱلسبت,5,6.457528832866239e-05
1778,لقومهٓ,5,6.457528832866239e-05
1779,يأمركم,5,6.457528832866239e-05
1780,وإنآ,5,6.457528832866239e-05
1781,نفسٗا,5,6.457528832866239e-05
1782,فهي,5,6.457528832866239e-05
1783,خشية,5,6.457528832866239e-05
1784,كلم,5,6.457528832866239e-05
1785,يكتبون,5,6.457528832866239e-05
1786,تخرجون,5,6.457528832866239e-05
1787,بٱلإثم,5,6.457528832866239e-05
1788,وٱلعدون,5,6.457528832866239e-05
1789,خزيٞ,5,6.457528832866239e-05
1790,بغيا,5,6.457528832866239e-05
1791,وللكفرين,5,6.457528832866239e-05
1792,بٱلظلمين,5,6.457528832866239e-05
1793,يود,5,6.457528832866239e-05
1794,وبشرى,5,6.457528832866239e-05
1795,وملٓئكته,5,6.457528832866239e-05
1796,ظهورهم,5,6.457528832866239e-05
1797,بخيرٖ,5,6.457528832866239e-05
1798,تريدون,5,6.457528832866239e-05
1799,بٱلإيمن,5,6.457528832866239e-05
1800,يتلون,5,6.457528832866239e-05
1801,قضىٓ,5,6.457528832866239e-05
1802,ءايتك,5,6.457528832866239e-05
1803,حضر,5,6.457528832866239e-05
1804,يعقوب,5,6.457528832866239e-05
1805,تسٔلون,5,6.457528832866239e-05
1806,يتبع,5,6.457528832866239e-05
1807,لرءوفٞ,5,6.457528832866239e-05
1808,أبنآءهم,5,6.457528832866239e-05
1809,وٱشكروا,5,6.457528832866239e-05
1810,يكتمون,5,6.457528832866239e-05
1811,وأصلحوا,5,6.457528832866239e-05
1812,وٱلناس,5,6.457528832866239e-05
1813,يرى,5,6.457528832866239e-05
1814,خطوت,5,6.457528832866239e-05
1815,عادٖ,5,6.457528832866239e-05
1816,وٱلضرآء,5,6.457528832866239e-05
1817,وحين,5,6.457528832866239e-05
1818,صدقوا,5,6.457528832866239e-05
1819,يٓأولي,5,6.457528832866239e-05
1820,خاف,5,6.457528832866239e-05
1821,عني,5,6.457528832866239e-05
1822,نسآئكم,5,6.457528832866239e-05
1823,وكلوا,5,6.457528832866239e-05
1824,ٱلفجر,5,6.457528832866239e-05
1825,أمول,5,6.457528832866239e-05
1826,وليس,5,6.457528832866239e-05
1827,ٱلقتل,5,6.457528832866239e-05
1828,يقتلوكم,5,6.457528832866239e-05
1829,يبلغ,5,6.457528832866239e-05
1830,يعلمه,5,6.457528832866239e-05
1831,فٱذكروا,5,6.457528832866239e-05
1832,قلبه,5,6.457528832866239e-05
1833,ٱلمهاد,5,6.457528832866239e-05
1834,بٱلعباد,5,6.457528832866239e-05
1835,كآفةٗ,5,6.457528832866239e-05
1836,جآءتكم,5,6.457528832866239e-05
1837,وقضي,5,6.457528832866239e-05
1838,ليحكم,5,6.457528832866239e-05
1839,نصر,5,6.457528832866239e-05
1840,هاجروا,5,6.457528832866239e-05
1841,غفور,5,6.457528832866239e-05
1842,أربعة,5,6.457528832866239e-05
1843,يحل,5,6.457528832866239e-05
1844,أجلهن,5,6.457528832866239e-05
1845,فريضةٗ,5,6.457528832866239e-05
1846,بيده,5,6.457528832866239e-05
1847,خرجوا,5,6.457528832866239e-05
1848,فضلنا,5,6.457528832866239e-05
1849,كٱلذي,5,6.457528832866239e-05
1850,مائة,5,6.457528832866239e-05
1851,يضعف,5,6.457528832866239e-05
1852,ينفق,5,6.457528832866239e-05
1853,يعدكم,5,6.457528832866239e-05
1854,ٱلحكمة,5,6.457528832866239e-05
1855,سئاتكم,5,6.457528832866239e-05
1856,تظلمون,5,6.457528832866239e-05
1857,سرٗا,5,6.457528832866239e-05
1858,ٱلربوا,5,6.457528832866239e-05
1859,جآءه,5,6.457528832866239e-05
1860,سلف,5,6.457528832866239e-05
1861,رجلين,5,6.457528832866239e-05
1862,إحدىهما,5,6.457528832866239e-05
1863,بعضٗا,5,6.457528832866239e-05
1864,لعبرةٗ,5,6.457528832866239e-05
1865,جنتٞ,5,6.457528832866239e-05
1866,وٱلمنفقين,5,6.457528832866239e-05
1867,حقٖ,5,6.457528832866239e-05
1868,ٱللهم,5,6.457528832866239e-05
1869,عملت,5,6.457528832866239e-05
1870,أطيعوا,5,6.457528832866239e-05
1871,ذرية,5,6.457528832866239e-05
1872,يمريم,5,6.457528832866239e-05
1873,ٱلدعآء,5,6.457528832866239e-05
1874,فٱعبدوه,5,6.457528832866239e-05
1875,صرطٞ,5,6.457528832866239e-05
1876,مستقيمٞ,5,6.457528832866239e-05
1877,أوتيتم,5,6.457528832866239e-05
1878,ٱلأمين,5,6.457528832866239e-05
1879,جزآؤهم,5,6.457528832866239e-05
1880,لبنيٓ,5,6.457528832866239e-05
1881,عوجٗا,5,6.457528832866239e-05
1882,وكيف,5,6.457528832866239e-05
1883,تصبروا,5,6.457528832866239e-05
1884,أهلك,5,6.457528832866239e-05
1885,جعله,5,6.457528832866239e-05
1886,تأكلوا,5,6.457528832866239e-05
1887,فٱنظروا,5,6.457528832866239e-05
1888,جهدوا,5,6.457528832866239e-05
1889,أصابهم,5,6.457528832866239e-05
1890,وحسن,5,6.457528832866239e-05
1891,خسرين,5,6.457528832866239e-05
1892,مولىكم,5,6.457528832866239e-05
1893,فبما,5,6.457528832866239e-05
1894,رحمةٖ,5,6.457528832866239e-05
1895,تحسبن,5,6.457528832866239e-05
1896,يستبشرون,5,6.457528832866239e-05
1897,أحسنوا,5,6.457528832866239e-05
1898,يحزنك,5,6.457528832866239e-05
1899,ٱلطيب,5,6.457528832866239e-05
1900,ٱلحريق,5,6.457528832866239e-05
1901,للعبيد,5,6.457528832866239e-05
1902,ٱلدنيآ,5,6.457528832866239e-05
1903,ٱلغرور,5,6.457528832866239e-05
1904,بربكم,5,6.457528832866239e-05
1905,ٱلأبرار,5,6.457528832866239e-05
1906,مأوىهم,5,6.457528832866239e-05
1907,وحدةٖ,5,6.457528832866239e-05
1908,للذكر,5,6.457528832866239e-05
1909,ءابآؤكم,5,6.457528832866239e-05
1910,يأتين,5,6.457528832866239e-05
1911,ٱلفحشة,5,6.457528832866239e-05
1912,كرهٗا,5,6.457528832866239e-05
1913,أهلهآ,5,6.457528832866239e-05
1914,يظلم,5,6.457528832866239e-05
1915,ذرةٖ,5,6.457528832866239e-05
1916,حديثٗا,5,6.457528832866239e-05
1917,تقربوا,5,6.457528832866239e-05
1918,عظيما,5,6.457528832866239e-05
1919,أهدى,5,6.457528832866239e-05
1920,تؤمنون,5,6.457528832866239e-05
1921,جآءوك,5,6.457528832866239e-05
1922,يحلفون,5,6.457528832866239e-05
1923,يجدوا,5,6.457528832866239e-05
1924,فعلوه,5,6.457528832866239e-05
1925,صرطٗا,5,6.457528832866239e-05
1926,أنعم,5,6.457528832866239e-05
1927,وٱجعل,5,6.457528832866239e-05
1928,تصبهم,5,6.457528832866239e-05
1929,وكيلا,5,6.457528832866239e-05
1930,رقبةٖ,5,6.457528832866239e-05
1931,مؤمنٗا,5,6.457528832866239e-05
1932,لست,5,6.457528832866239e-05
1933,عرض,5,6.457528832866239e-05
1934,وقع,5,6.457528832866239e-05
1935,يجدل,5,6.457528832866239e-05
1936,ٱلأنفس,5,6.457528832866239e-05
1937,قديرٗا,5,6.457528832866239e-05
1938,ليغفر,5,6.457528832866239e-05
1939,وسوف,5,6.457528832866239e-05
1940,نهوا,5,6.457528832866239e-05
1941,رسلٗا,5,6.457528832866239e-05
1942,يشهد,5,6.457528832866239e-05
1943,عبدٗا,5,6.457528832866239e-05
1944,ويزيدهم,5,6.457528832866239e-05
1945,عشر,5,6.457528832866239e-05
1946,يصنعون,5,6.457528832866239e-05
1947,أملك,5,6.457528832866239e-05
1948,وٱتل,5,6.457528832866239e-05
1949,نبأ,5,6.457528832866239e-05
1950,يدك,5,6.457528832866239e-05
1951,فأصبح,5,6.457528832866239e-05
1952,أجل,5,6.457528832866239e-05
1953,فٱحكم,5,6.457528832866239e-05
1954,فترى,5,6.457528832866239e-05
1955,ويؤتون,5,6.457528832866239e-05
1956,ٱلغلبون,5,6.457528832866239e-05
1957,وأضل,5,6.457528832866239e-05
1958,لبئس,5,6.457528832866239e-05
1959,وكثيرٞ,5,6.457528832866239e-05
1960,بلغت,5,6.457528832866239e-05
1961,لسان,5,6.457528832866239e-05
1962,ٱلأيمن,5,6.457528832866239e-05
1963,وعن,5,6.457528832866239e-05
1964,ليعلم,5,6.457528832866239e-05
1965,ٱلرزقين,5,6.457528832866239e-05
1966,قلت,5,6.457528832866239e-05
1967,رضي,5,6.457528832866239e-05
1968,ورضوا,5,6.457528832866239e-05
1969,يعدلون,5,6.457528832866239e-05
1970,معرضين,5,6.457528832866239e-05
1971,تحتهم,5,6.457528832866239e-05
1972,ملكٞ,5,6.457528832866239e-05
1973,سيروا,5,6.457528832866239e-05
1974,ءالهة,5,6.457528832866239e-05
1975,وقرٗا,5,6.457528832866239e-05
1976,أتىهم,5,6.457528832866239e-05
1977,كبر,5,6.457528832866239e-05
1978,فلولآ,5,6.457528832866239e-05
1979,عندي,5,6.457528832866239e-05
1980,وٱلبصير,5,6.457528832866239e-05
1981,حسابهم,5,6.457528832866239e-05
1982,فتنا,5,6.457528832866239e-05
1983,نفصل,5,6.457528832866239e-05
1984,لنكونن,5,6.457528832866239e-05
1985,وكذب,5,6.457528832866239e-05
1986,ٱلذكرى,5,6.457528832866239e-05
1987,هدىنا,5,6.457528832866239e-05
1988,ٱلقمر,5,6.457528832866239e-05
1989,مهتدون,5,6.457528832866239e-05
1990,وموسى,5,6.457528832866239e-05
1991,يلعبون,5,6.457528832866239e-05
1992,أنشأكم,5,6.457528832866239e-05
1993,وغير,5,6.457528832866239e-05
1994,مرجعهم,5,6.457528832866239e-05
1995,نبي,5,6.457528832866239e-05
1996,ظهر,5,6.457528832866239e-05
1997,ميتٗا,5,6.457528832866239e-05
1998,بأنفسهم,5,6.457528832866239e-05
1999,يحشرهم,5,6.457528832866239e-05
2000,يومكم,5,6.457528832866239e-05
2001,ليضل,5,6.457528832866239e-05
2002,مال,5,6.457528832866239e-05
2003,ٱليتيم,5,6.457528832866239e-05
2004,بٱلحسنة,5,6.457528832866239e-05
2005,بٱلسيئة,5,6.457528832866239e-05
2006,إنني,5,6.457528832866239e-05
2007,تزر,5,6.457528832866239e-05
2008,وازرةٞ,5,6.457528832866239e-05
2009,لتنذر,5,6.457528832866239e-05
2010,خفت,5,6.457528832866239e-05
2011,ٱلسجدين,5,6.457528832866239e-05
2012,نارٖ,5,6.457528832866239e-05
2013,لكما,5,6.457528832866239e-05
2014,يأمر,5,6.457528832866239e-05
2015,يومهم,5,6.457528832866239e-05
2016,نعمل,5,6.457528832866239e-05
2017,نوحا,5,6.457528832866239e-05
2018,رسلت,5,6.457528832866239e-05
2019,رجلٖ,5,6.457528832866239e-05
2020,أجئتنا,5,6.457528832866239e-05
2021,وحده,5,6.457528832866239e-05
2022,وءابآؤكم,5,6.457528832866239e-05
2023,برحمةٖ,5,6.457528832866239e-05
2024,جثمين,5,6.457528832866239e-05
2025,ولوطا,5,6.457528832866239e-05
2026,وأهلهٓ,5,6.457528832866239e-05
2027,ٱمرأته,5,6.457528832866239e-05
2028,وأمطرنا,5,6.457528832866239e-05
2029,ٱلحكمين,5,6.457528832866239e-05
2030,ٱلسيئة,5,6.457528832866239e-05
2031,مكر,5,6.457528832866239e-05
2032,نقص,5,6.457528832866239e-05
2033,وجدنآ,5,6.457528832866239e-05
2034,وملإيه,5,6.457528832866239e-05
2035,فأرسل,5,6.457528832866239e-05
2036,عليمٖ,5,6.457528832866239e-05
2037,سجدين,5,6.457528832866239e-05
2038,وقومه,5,6.457528832866239e-05
2039,فٱستكبروا,5,6.457528832866239e-05
2040,بركنا,5,6.457528832866239e-05
2041,قومي,5,6.457528832866239e-05
2042,وأمر,5,6.457528832866239e-05
2043,لربهم,5,6.457528832866239e-05
2044,كأنه,5,6.457528832866239e-05
2045,أشرك,5,6.457528832866239e-05
2046,ءاتينه,5,6.457528832866239e-05
2047,شئنا,5,6.457528832866239e-05
2048,وممن,5,6.457528832866239e-05
2049,فيمآ,5,6.457528832866239e-05
2050,يخلقون,5,6.457528832866239e-05
2051,يمشون,5,6.457528832866239e-05
2052,يتوكلون,5,6.457528832866239e-05
2053,ورزقٞ,5,6.457528832866239e-05
2054,وينزل,5,6.457528832866239e-05
2055,أرى,5,6.457528832866239e-05
2056,ٱستطعتم,5,6.457528832866239e-05
2057,مقيم,5,6.457528832866239e-05
2058,نور,5,6.457528832866239e-05
2059,معنا,5,6.457528832866239e-05
2060,كرهون,5,6.457528832866239e-05
2061,ٱلخزي,5,6.457528832866239e-05
2062,سورةٞ,5,6.457528832866239e-05
2063,وٱلمنفقت,5,6.457528832866239e-05
2064,طيبةٗ,5,6.457528832866239e-05
2065,نصيرٖ,5,6.457528832866239e-05
2066,مرتين,5,6.457528832866239e-05
2067,وعدا,5,6.457528832866239e-05
2068,وٱلقرءان,5,6.457528832866239e-05
2069,الٓر,5,6.457528832866239e-05
2070,يفصل,5,6.457528832866239e-05
2071,ٱلشر,5,6.457528832866239e-05
2072,كلمةٞ,5,6.457528832866239e-05
2073,يأكل,5,6.457528832866239e-05
2074,يرزقكم,5,6.457528832866239e-05
2075,حقت,5,6.457528832866239e-05
2076,يهديٓ,5,6.457528832866239e-05
2077,نعدهم,5,6.457528832866239e-05
2078,وأسروا,5,6.457528832866239e-05
2079,وجعلنهم,5,6.457528832866239e-05
2080,ٱئتوني,5,6.457528832866239e-05
2081,توبوٓا,5,6.457528832866239e-05
2082,يستجيبوا,5,6.457528832866239e-05
2083,مريةٖ,5,6.457528832866239e-05
2084,معجزين,5,6.457528832866239e-05
2085,جرم,5,6.457528832866239e-05
2086,ءالهتنا,5,6.457528832866239e-05
2087,وٱتبعوٓا,5,6.457528832866239e-05
2088,فينا,5,6.457528832866239e-05
2089,مريبٖ,5,6.457528832866239e-05
2090,شديدٖ,5,6.457528832866239e-05
2091,أصاب,5,6.457528832866239e-05
2092,بئس,5,6.457528832866239e-05
2093,يرجع,5,6.457528832866239e-05
2094,رأيتهم,5,6.457528832866239e-05
2095,تأويل,5,6.457528832866239e-05
2096,متعنا,5,6.457528832866239e-05
2097,قميصه,5,6.457528832866239e-05
2098,وعلمٗا,5,6.457528832866239e-05
2099,ٱلقهار,5,6.457528832866239e-05
2100,منكرون,5,6.457528832866239e-05
2101,ولمن,5,6.457528832866239e-05
2102,وتولى,5,6.457528832866239e-05
2103,وٱلذيٓ,5,6.457528832866239e-05
2104,يجدلون,5,6.457528832866239e-05
2105,دعآء,5,6.457528832866239e-05
2106,خلقوا,5,6.457528832866239e-05
2107,ٱلأمثال,5,6.457528832866239e-05
2108,فنعم,5,6.457528832866239e-05
2109,مٔابٖ,5,6.457528832866239e-05
2110,مكرهم,5,6.457528832866239e-05
2111,ولعذاب,5,6.457528832866239e-05
2112,كفى,5,6.457528832866239e-05
2113,بٱلقول,5,6.457528832866239e-05
2114,بقدرٖ,5,6.457528832866239e-05
2115,معلومٖ,5,6.457528832866239e-05
2116,لنحن,5,6.457528832866239e-05
2117,مصبحين,5,6.457528832866239e-05
2118,فكانوا,5,6.457528832866239e-05
2119,شركآءي,5,6.457528832866239e-05
2120,يشآءون,5,6.457528832866239e-05
2121,يموت,5,6.457528832866239e-05
2122,يشتهون,5,6.457528832866239e-05
2123,بربك,5,6.457528832866239e-05
2124,تجعل,5,6.457528832866239e-05
2125,كفورٗا,5,6.457528832866239e-05
2126,لمبعوثون,5,6.457528832866239e-05
2127,ٱذهب,5,6.457528832866239e-05
2128,كتبه,5,6.457528832866239e-05
2129,ٱلروح,5,6.457528832866239e-05
2130,ٱلهدىٓ,5,6.457528832866239e-05
2131,عبده,5,6.457528832866239e-05
2132,أحدا,5,6.457528832866239e-05
2133,ثلث,5,6.457528832866239e-05
2134,ٱلأرآئك,5,6.457528832866239e-05
2135,علمٗا,5,6.457528832866239e-05
2136,وبينك,5,6.457528832866239e-05
2137,فكانت,5,6.457528832866239e-05
2138,يسرٗا,5,6.457528832866239e-05
2139,ونفخ,5,6.457528832866239e-05
2140,ذكري,5,6.457528832866239e-05
2141,هزوا,5,6.457528832866239e-05
2142,غفلةٖ,5,6.457528832866239e-05
2143,ٱلشفعة,5,6.457528832866239e-05
2144,يخشى,5,6.457528832866239e-05
2145,طغى,5,6.457528832866239e-05
2146,أتى,5,6.457528832866239e-05
2147,ألقى,5,6.457528832866239e-05
2148,يخاف,5,6.457528832866239e-05
2149,يسٔل,5,6.457528832866239e-05
2150,مشفقون,5,6.457528832866239e-05
2151,ليوم,5,6.457528832866239e-05
2152,كيدٗا,5,6.457528832866239e-05
2153,فجعلنهم,5,6.457528832866239e-05
2154,وٱلطير,5,6.457528832866239e-05
2155,ٱلقبور,5,6.457528832866239e-05
2156,يدعوا,5,6.457528832866239e-05
2157,ٱلحميم,5,6.457528832866239e-05
2158,منفع,5,6.457528832866239e-05
2159,أزوجهم,5,6.457528832866239e-05
2160,وعظما,5,6.457528832866239e-05
2161,صلحا,5,6.457528832866239e-05
2162,متنا,5,6.457528832866239e-05
2163,ٱلأمثل,5,6.457528832866239e-05
2164,وعيونٖ,5,6.457528832866239e-05
2165,جآنٞ,5,6.457528832866239e-05
2166,أءلهٞ,5,6.457528832866239e-05
2167,يكذب,5,6.457528832866239e-05
2168,وفرعون,5,6.457528832866239e-05
2169,قضى,5,6.457528832866239e-05
2170,مثوٗى,5,6.457528832866239e-05
2171,محضرون,5,6.457528832866239e-05
2172,وصدق,5,6.457528832866239e-05
2173,صيحةٗ,5,6.457528832866239e-05
2174,وحدةٞ,5,6.457528832866239e-05
2175,بيوم,5,6.457528832866239e-05
2176,ظننتم,5,6.457528832866239e-05
2177,يخرجون,5,6.457528832866239e-05
2178,قدر,5,6.457528832866239e-05
2179,وعلىٓ,4,5.166023066292991e-05
2180,تفسدوا,4,5.166023066292991e-05
2181,وٱدعوا,4,5.166023066292991e-05
2182,أعدت,4,5.166023066292991e-05
2183,يضرب,4,5.166023066292991e-05
2184,ينقضون,4,5.166023066292991e-05
2185,يميتكم,4,5.166023066292991e-05
2186,سموتٖ,4,5.166023066292991e-05
2187,يٓٔادم,4,5.166023066292991e-05
2188,ٱهبطوا,4,5.166023066292991e-05
2189,بٔايتي,4,5.166023066292991e-05
2190,فٱتقون,4,5.166023066292991e-05
2191,بٱلصبر,4,5.166023066292991e-05
2192,رجعون,4,5.166023066292991e-05
2193,يؤخذ,4,5.166023066292991e-05
2194,أبنآءكم,4,5.166023066292991e-05
2195,أربعين,4,5.166023066292991e-05
2196,ٱتخذتم,4,5.166023066292991e-05
2197,قولا,4,5.166023066292991e-05
2198,عشرة,4,5.166023066292991e-05
2199,وٱلنصرى,4,5.166023066292991e-05
2200,ميثقكم,4,5.166023066292991e-05
2201,ٱلحرث,4,5.166023066292991e-05
2202,ٱلٔن,4,5.166023066292991e-05
2203,كادوا,4,5.166023066292991e-05
2204,يسرون,4,5.166023066292991e-05
2205,عهدٗا,4,5.166023066292991e-05
2206,وبٱلولدين,4,5.166023066292991e-05
2207,ديركم,4,5.166023066292991e-05
2208,ببعض,4,5.166023066292991e-05
2209,ٱلقدس,4,5.166023066292991e-05
2210,بكفرهم,4,5.166023066292991e-05
2211,مصدقٞ,4,5.166023066292991e-05
2212,وٱسمعوا,4,5.166023066292991e-05
2213,يعمر,4,5.166023066292991e-05
2214,سنةٖ,4,5.166023066292991e-05
2215,عهدوا,4,5.166023066292991e-05
2216,تتلوا,4,5.166023066292991e-05
2217,ٱلمرء,4,5.166023066292991e-05
2218,ينفعهم,4,5.166023066292991e-05
2219,ولبئس,4,5.166023066292991e-05
2220,نصير,4,5.166023066292991e-05
2221,بأمرهٓ,4,5.166023066292991e-05
2222,تقدموا,4,5.166023066292991e-05
2223,نصرى,4,5.166023066292991e-05
2224,هاتوا,4,5.166023066292991e-05
2225,برهنكم,4,5.166023066292991e-05
2226,محسنٞ,4,5.166023066292991e-05
2227,ٱلنصرى,4,5.166023066292991e-05
2228,منع,4,5.166023066292991e-05
2229,ٱسمه,4,5.166023066292991e-05
2230,بشيرٗا,4,5.166023066292991e-05
2231,وٱتخذوا,4,5.166023066292991e-05
2232,تقبل,4,5.166023066292991e-05
2233,منآ,4,5.166023066292991e-05
2234,لرب,4,5.166023066292991e-05
2235,وحدٗا,4,5.166023066292991e-05
2236,وٱلأسباط,4,5.166023066292991e-05
2237,ٱهتدوا,4,5.166023066292991e-05
2238,عبدون,4,5.166023066292991e-05
2239,شهدة,4,5.166023066292991e-05
2240,سيقول,4,5.166023066292991e-05
2241,عليهآ,4,5.166023066292991e-05
2242,لنعلم,4,5.166023066292991e-05
2243,ينقلب,4,5.166023066292991e-05
2244,يعرفون,4,5.166023066292991e-05
2245,ٱلممترين,4,5.166023066292991e-05
2246,ولكلٖ,4,5.166023066292991e-05
2247,يقتل,4,5.166023066292991e-05
2248,تشعرون,4,5.166023066292991e-05
2249,بشيءٖ,4,5.166023066292991e-05
2250,ٱلخوف,4,5.166023066292991e-05
2251,مصيبةٞ,4,5.166023066292991e-05
2252,وماتوا,4,5.166023066292991e-05
2253,كفار,4,5.166023066292991e-05
2254,لعنة,4,5.166023066292991e-05
2255,وٱختلف,4,5.166023066292991e-05
2256,فأحيا,4,5.166023066292991e-05
2257,حللٗا,4,5.166023066292991e-05
2258,بٱلسوٓء,4,5.166023066292991e-05
2259,نتبع,4,5.166023066292991e-05
2260,ءابآؤهم,4,5.166023066292991e-05
2261,ٱلميتة,4,5.166023066292991e-05
2262,وٱلدم,4,5.166023066292991e-05
2263,ولحم,4,5.166023066292991e-05
2264,لغير,4,5.166023066292991e-05
2265,ٱضطر,4,5.166023066292991e-05
2266,إثم,4,5.166023066292991e-05
2267,شقاق,4,5.166023066292991e-05
2268,ٱلمال,4,5.166023066292991e-05
2269,وٱلصبرين,4,5.166023066292991e-05
2270,ٱعتدى,4,5.166023066292991e-05
2271,شهد,4,5.166023066292991e-05
2272,ٱلشهر,4,5.166023066292991e-05
2273,هدىكم,4,5.166023066292991e-05
2274,فإني,4,5.166023066292991e-05
2275,ليلة,4,5.166023066292991e-05
2276,ٱلبيوت,4,5.166023066292991e-05
2277,ٱتقى,4,5.166023066292991e-05
2278,يقتلونكم,4,5.166023066292991e-05
2279,ٱلمعتدين,4,5.166023066292991e-05
2280,ٱنتهوا,4,5.166023066292991e-05
2281,ٱلهدي,4,5.166023066292991e-05
2282,أمنتم,4,5.166023066292991e-05
2283,فصيام,4,5.166023066292991e-05
2284,فرض,4,5.166023066292991e-05
2285,ءاتنا,4,5.166023066292991e-05
2286,مرضات,4,5.166023066292991e-05
2287,يبدل,4,5.166023066292991e-05
2288,يرزق,4,5.166023066292991e-05
2289,مبشرين,4,5.166023066292991e-05
2290,ومنذرين,4,5.166023066292991e-05
2291,ٱختلف,4,5.166023066292991e-05
2292,أنفقتم,4,5.166023066292991e-05
2293,ٱستطعوا,4,5.166023066292991e-05
2294,ٱليتمى,4,5.166023066292991e-05
2295,أمركم,4,5.166023066292991e-05
2296,يؤاخذكم,4,5.166023066292991e-05
2297,أشهرٖ,4,5.166023066292991e-05
2298,ءاتيتموهن,4,5.166023066292991e-05
2299,طلقتم,4,5.166023066292991e-05
2300,تتخذوٓا,4,5.166023066292991e-05
2301,يعظكم,4,5.166023066292991e-05
2302,أزكى,4,5.166023066292991e-05
2303,وسعها,4,5.166023066292991e-05
2304,للتقوى,4,5.166023066292991e-05
2305,علمكم,4,5.166023066292991e-05
2306,بعث,4,5.166023066292991e-05
2307,يؤت,4,5.166023066292991e-05
2308,فأت,4,5.166023066292991e-05
2309,مر,4,5.166023066292991e-05
2310,خاوية,4,5.166023066292991e-05
2311,لبثت,4,5.166023066292991e-05
2312,لحمٗا,4,5.166023066292991e-05
2313,حبةٖ,4,5.166023066292991e-05
2314,ماله,4,5.166023066292991e-05
2315,أكلها,4,5.166023066292991e-05
2316,جنةٞ,4,5.166023066292991e-05
2317,نخيلٖ,4,5.166023066292991e-05
2318,أنصار,4,5.166023066292991e-05
2319,تبدوا,4,5.166023066292991e-05
2320,هدىهم,4,5.166023066292991e-05
2321,يسٔلون,4,5.166023066292991e-05
2322,وعلانيةٗ,4,5.166023066292991e-05
2323,وحرم,4,5.166023066292991e-05
2324,وذروا,4,5.166023066292991e-05
2325,رسله,4,5.166023066292991e-05
2326,وٱغفر,4,5.166023066292991e-05
2327,ٱلفرقان,4,5.166023066292991e-05
2328,يخفى,4,5.166023066292991e-05
2329,وأخر,4,5.166023066292991e-05
2330,تأويله,4,5.166023066292991e-05
2331,ٱلميعاد,4,5.166023066292991e-05
2332,وأولوا,4,5.166023066292991e-05
2333,ٱلإسلم,4,5.166023066292991e-05
2334,أسلموا,4,5.166023066292991e-05
2335,صدوركم,4,5.166023066292991e-05
2336,ٱلمحراب,4,5.166023066292991e-05
2337,وجد,4,5.166023066292991e-05
2338,هب,4,5.166023066292991e-05
2339,غلمٞ,4,5.166023066292991e-05
2340,تكلم,4,5.166023066292991e-05
2341,بٱلعشي,4,5.166023066292991e-05
2342,يختصمون,4,5.166023066292991e-05
2343,ٱلمقربين,4,5.166023066292991e-05
2344,جئتكم,4,5.166023066292991e-05
2345,أنيٓ,4,5.166023066292991e-05
2346,أجورهم,4,5.166023066292991e-05
2347,وأنفسكم,4,5.166023066292991e-05
2348,ٱلقصص,4,5.166023066292991e-05
2349,بعضا,4,5.166023066292991e-05
2350,هٓأنتم,4,5.166023066292991e-05
2351,يشترون,4,5.166023066292991e-05
2352,بعهد,4,5.166023066292991e-05
2353,ينظر,4,5.166023066292991e-05
2354,بٱلكتب,4,5.166023066292991e-05
2355,وبما,4,5.166023066292991e-05
2356,بٱلكفر,4,5.166023066292991e-05
2357,لمآ,4,5.166023066292991e-05
2358,أفغير,4,5.166023066292991e-05
2359,يبغون,4,5.166023066292991e-05
2360,ولهٓ,4,5.166023066292991e-05
2361,دينٗا,4,5.166023066292991e-05
2362,كفرٗا,4,5.166023066292991e-05
2363,كفارٞ,4,5.166023066292991e-05
2364,تطيعوا,4,5.166023066292991e-05
2365,وٱعتصموا,4,5.166023066292991e-05
2366,ويأمرون,4,5.166023066292991e-05
2367,وينهون,4,5.166023066292991e-05
2368,سوآءٗ,4,5.166023066292991e-05
2369,يسجدون,4,5.166023066292991e-05
2370,أفوههم,4,5.166023066292991e-05
2371,سيئةٞ,4,5.166023066292991e-05
2372,بلىٓ,4,5.166023066292991e-05
2373,مغفرةٖ,4,5.166023066292991e-05
2374,فعلوا,4,5.166023066292991e-05
2375,ونعم,4,5.166023066292991e-05
2376,ٱلرعب,4,5.166023066292991e-05
2377,مثوى,4,5.166023066292991e-05
2378,أرىكم,4,5.166023066292991e-05
2379,يدعوكم,4,5.166023066292991e-05
2380,لكيلا,4,5.166023066292991e-05
2381,أصبكم,4,5.166023066292991e-05
2382,ٱلجهلية,4,5.166023066292991e-05
2383,ٱلجمعان,4,5.166023066292991e-05
2384,لإخونهم,4,5.166023066292991e-05
2385,متم,4,5.166023066292991e-05
2386,ينصركم,4,5.166023066292991e-05
2387,يضيع,4,5.166023066292991e-05
2388,ٱستجابوا,4,5.166023066292991e-05
2389,لرسول,4,5.166023066292991e-05
2390,عزم,4,5.166023066292991e-05
2391,إننا,4,5.166023066292991e-05
2392,ثوابٗا,4,5.166023066292991e-05
2393,زوجها,4,5.166023066292991e-05
2394,تعدلوا,4,5.166023066292991e-05
2395,أدنىٓ,4,5.166023066292991e-05
2396,حظ,4,5.166023066292991e-05
2397,ٱثنتين,4,5.166023066292991e-05
2398,وصيةٖ,4,5.166023066292991e-05
2399,يدخله,4,5.166023066292991e-05
2400,رحيما,4,5.166023066292991e-05
2401,ٱلتوبة,4,5.166023066292991e-05
2402,بجهلةٖ,4,5.166023066292991e-05
2403,تبت,4,5.166023066292991e-05
2404,بفحشةٖ,4,5.166023066292991e-05
2405,زوجٖ,4,5.166023066292991e-05
2406,حرمت,4,5.166023066292991e-05
2407,ٱلمحصنت,4,5.166023066292991e-05
2408,كريمٗا,4,5.166023066292991e-05
2409,تخافون,4,5.166023066292991e-05
2410,مهينٗا,4,5.166023066292991e-05
2411,فسآء,4,5.166023066292991e-05
2412,جئنا,4,5.166023066292991e-05
2413,صعيدٗا,4,5.166023066292991e-05
2414,وأيديكم,4,5.166023066292991e-05
2415,ٱلكلم,4,5.166023066292991e-05
2416,نصيرا,4,5.166023066292991e-05
2417,يؤتون,4,5.166023066292991e-05
2418,وءاتينهم,4,5.166023066292991e-05
2419,سعيرا,4,5.166023066292991e-05
2420,سميعا,4,5.166023066292991e-05
2421,ضللا,4,5.166023066292991e-05
2422,مصيبة,4,5.166023066292991e-05
2423,أردنآ,4,5.166023066292991e-05
2424,كتبنا,4,5.166023066292991e-05
2425,وإذٗا,4,5.166023066292991e-05
2426,أكن,4,5.166023066292991e-05
2427,بأحسن,4,5.166023066292991e-05
2428,يصلون,4,5.166023066292991e-05
2429,وغضب,4,5.166023066292991e-05
2430,كثيرةٞ,4,5.166023066292991e-05
2431,ٱلقعدين,4,5.166023066292991e-05
2432,وسآءت,4,5.166023066292991e-05
2433,مطر,4,5.166023066292991e-05
2434,يرضى,4,5.166023066292991e-05
2435,سوٓءا,4,5.166023066292991e-05
2436,وٱتخذ,4,5.166023066292991e-05
2437,وإياكم,4,5.166023066292991e-05
2438,يذهبكم,4,5.166023066292991e-05
2439,بشر,4,5.166023066292991e-05
2440,يخوضوا,4,5.166023066292991e-05
2441,نكن,4,5.166023066292991e-05
2442,ٱلجهر,4,5.166023066292991e-05
2443,ميثقهم,4,5.166023066292991e-05
2444,وسليمن,4,5.166023066292991e-05
2445,بعلمه,4,5.166023066292991e-05
2446,يشهدون,4,5.166023066292991e-05
2447,ٱلمقربون,4,5.166023066292991e-05
2448,وٱستكبروا,4,5.166023066292991e-05
2449,هلك,4,5.166023066292991e-05
2450,أوفوا,4,5.166023066292991e-05
2451,عمله,4,5.166023066292991e-05
2452,وأرجلكم,4,5.166023066292991e-05
2453,نعمته,4,5.166023066292991e-05
2454,وٱلبغضآء,4,5.166023066292991e-05
2455,رسولنا,4,5.166023066292991e-05
2456,يهلك,4,5.166023066292991e-05
2457,يعذبكم,4,5.166023066292991e-05
2458,نذيرٖ,4,5.166023066292991e-05
2459,أخي,4,5.166023066292991e-05
2460,سمعون,4,5.166023066292991e-05
2461,يأتوك,4,5.166023066292991e-05
2462,ٱلإنجيل,4,5.166023066292991e-05
2463,ليبلوكم,4,5.166023066292991e-05
2464,ندمين,4,5.166023066292991e-05
2465,أهٓؤلآء,4,5.166023066292991e-05
2466,يقيمون,4,5.166023066292991e-05
2467,يتول,4,5.166023066292991e-05
2468,طغينٗا,4,5.166023066292991e-05
2469,وكفرٗا,4,5.166023066292991e-05
2470,وألقينا,4,5.166023066292991e-05
2471,عدلٖ,4,5.166023066292991e-05
2472,وبال,4,5.166023066292991e-05
2473,متعٗا,4,5.166023066292991e-05
2474,غيركم,4,5.166023066292991e-05
2475,يأتوا,4,5.166023066292991e-05
2476,ٱلغيوب,4,5.166023066292991e-05
2477,بإذني,4,5.166023066292991e-05
2478,نريد,4,5.166023066292991e-05
2479,وكنت,4,5.166023066292991e-05
2480,مسمى,4,5.166023066292991e-05
2481,تكسبون,4,5.166023066292991e-05
2482,أغير,4,5.166023066292991e-05
2483,عصيت,4,5.166023066292991e-05
2484,أئنكم,4,5.166023066292991e-05
2485,تزعمون,4,5.166023066292991e-05
2486,مشركين,4,5.166023066292991e-05
2487,فأخذنهم,4,5.166023066292991e-05
2488,وزين,4,5.166023066292991e-05
2489,فتحنا,4,5.166023066292991e-05
2490,دابر,4,5.166023066292991e-05
2491,نصرف,4,5.166023066292991e-05
2492,نرسل,4,5.166023066292991e-05
2493,يمسهم,4,5.166023066292991e-05
2494,يتوفىكم,4,5.166023066292991e-05
2495,ويرسل,4,5.166023066292991e-05
2496,شيعٗا,4,5.166023066292991e-05
2497,بوكيلٖ,4,5.166023066292991e-05
2498,شرابٞ,4,5.166023066292991e-05
2499,ٱئتنا,4,5.166023066292991e-05
2500,وٱتقوه,4,5.166023066292991e-05
2501,ينفخ,4,5.166023066292991e-05
2502,ملكوت,4,5.166023066292991e-05
2503,أحب,4,5.166023066292991e-05
2504,علما,4,5.166023066292991e-05
2505,تؤفكون,4,5.166023066292991e-05
2506,وٱلزيتون,4,5.166023066292991e-05
2507,وكيلٞ,4,5.166023066292991e-05
2508,بصآئر,4,5.166023066292991e-05
2509,فلنفسه,4,5.166023066292991e-05
2510,وأعرض,4,5.166023066292991e-05
2511,زينا,4,5.166023066292991e-05
2512,وأقسموا,4,5.166023066292991e-05
2513,بٱلمهتدين,4,5.166023066292991e-05
2514,رسل,4,5.166023066292991e-05
2515,ٱلرجس,4,5.166023066292991e-05
2516,وأهلها,4,5.166023066292991e-05
2517,مكانتكم,4,5.166023066292991e-05
2518,يحكمون,4,5.166023066292991e-05
2519,بطون,4,5.166023066292991e-05
2520,مختلفا,4,5.166023066292991e-05
2521,وصىكم,4,5.166023066292991e-05
2522,أجد,4,5.166023066292991e-05
2523,لصدقون,4,5.166023066292991e-05
2524,أشده,4,5.166023066292991e-05
2525,أنآ,4,5.166023066292991e-05
2526,مثلها,4,5.166023066292991e-05
2527,خلٓئف,4,5.166023066292991e-05
2528,صدرك,4,5.166023066292991e-05
2529,دعوىهم,4,5.166023066292991e-05
2530,ثقلت,4,5.166023066292991e-05
2531,فٱخرج,4,5.166023066292991e-05
2532,لأملأن,4,5.166023066292991e-05
2533,زينة,4,5.166023066292991e-05
2534,ولكل,4,5.166023066292991e-05
2535,ضعفٗا,4,5.166023066292991e-05
2536,تبارك,4,5.166023066292991e-05
2537,خوفٗا,4,5.166023066292991e-05
2538,بشرا,4,5.166023066292991e-05
2539,سحابٗا,4,5.166023066292991e-05
2540,وٱذكروٓا,4,5.166023066292991e-05
2541,تعدنآ,4,5.166023066292991e-05
2542,بسوٓءٖ,4,5.166023066292991e-05
2543,ٱستضعفوا,4,5.166023066292991e-05
2544,ٱستكبروٓا,4,5.166023066292991e-05
2545,يصلح,4,5.166023066292991e-05
2546,ٱلرجفة,4,5.166023066292991e-05
2547,دارهم,4,5.166023066292991e-05
2548,فتولى,4,5.166023066292991e-05
2549,لتأتون,4,5.166023066292991e-05
2550,جواب,4,5.166023066292991e-05
2551,توكلنا,4,5.166023066292991e-05
2552,يغنوا,4,5.166023066292991e-05
2553,ٱلغلبين,4,5.166023066292991e-05
2554,كشفنا,4,5.166023066292991e-05
2555,فٱنتقمنا,4,5.166023066292991e-05
2556,غفلين,4,5.166023066292991e-05
2557,تجهلون,4,5.166023066292991e-05
2558,جسدٗا,4,5.166023066292991e-05
2559,أرحم,4,5.166023066292991e-05
2560,غضبٞ,4,5.166023066292991e-05
2561,يهدون,4,5.166023066292991e-05
2562,ذريتهم,4,5.166023066292991e-05
2563,ٱلمبطلون,4,5.166023066292991e-05
2564,علمها,4,5.166023066292991e-05
2565,لنفسي,4,5.166023066292991e-05
2566,مسني,4,5.166023066292991e-05
2567,إليها,4,5.166023066292991e-05
2568,فتعلى,4,5.166023066292991e-05
2569,تدعوهم,4,5.166023066292991e-05
2570,فٱستعذ,4,5.166023066292991e-05
2571,إحدى,4,5.166023066292991e-05
2572,قتلهم,4,5.166023066292991e-05
2573,ٱلفتح,4,5.166023066292991e-05
2574,حجارةٗ,4,5.166023066292991e-05
2575,مفعولٗا,4,5.166023066292991e-05
2576,ويصدون,4,5.166023066292991e-05
2577,يتوفى,4,5.166023066292991e-05
2578,وكلٞ,4,5.166023066292991e-05
2579,قوةٖ,4,5.166023066292991e-05
2580,دونهم,4,5.166023066292991e-05
2581,ٱتبعك,4,5.166023066292991e-05
2582,سبق,4,5.166023066292991e-05
2583,يؤتكم,4,5.166023066292991e-05
2584,وهاجروا,4,5.166023066292991e-05
2585,عهدتم,4,5.166023066292991e-05
2586,ٱلأكبر,4,5.166023066292991e-05
2587,يظهروا,4,5.166023066292991e-05
2588,للمشركين,4,5.166023066292991e-05
2589,ٱستقموا,4,5.166023066292991e-05
2590,مرة,4,5.166023066292991e-05
2591,صدور,4,5.166023066292991e-05
2592,ٱلفآئزون,4,5.166023066292991e-05
2593,تغن,4,5.166023066292991e-05
2594,ٱتخذوٓا,4,5.166023066292991e-05
2595,ٱلقيم,4,5.166023066292991e-05
2596,بعذابٖ,4,5.166023066292991e-05
2597,يأتون,4,5.166023066292991e-05
2598,رضوا,4,5.166023066292991e-05
2599,يؤذون,4,5.166023066292991e-05
2600,يعلموٓا,4,5.166023066292991e-05
2601,وءاخرون,4,5.166023066292991e-05
2602,يحبون,4,5.166023066292991e-05
2603,رءوفٞ,4,5.166023066292991e-05
2604,صلح,4,5.166023066292991e-05
2605,أيكم,4,5.166023066292991e-05
2606,أنذر,4,5.166023066292991e-05
2607,قدم,4,5.166023066292991e-05
2608,يدبر,4,5.166023066292991e-05
2609,لقآءنا,4,5.166023066292991e-05
2610,ويعبدون,4,5.166023066292991e-05
2611,أذقنا,4,5.166023066292991e-05
2612,بٱلأمس,4,5.166023066292991e-05
2613,فسيقولون,4,5.166023066292991e-05
2614,تحكمون,4,5.166023066292991e-05
2615,أعمل,4,5.166023066292991e-05
2616,ٱلعمي,4,5.166023066292991e-05
2617,نرينك,4,5.166023066292991e-05
2618,يستٔخرون,4,5.166023066292991e-05
2619,فعليه,4,5.166023066292991e-05
2620,وأخيه,4,5.166023066292991e-05
2621,صدقٖ,4,5.166023066292991e-05
2622,يقضي,4,5.166023066292991e-05
2623,فسٔل,4,5.166023066292991e-05
2624,تدع,4,5.166023066292991e-05
2625,فصلت,4,5.166023066292991e-05
2626,نرىك,4,5.166023066292991e-05
2627,ينوح,4,5.166023066292991e-05
2628,ينفعكم,4,5.166023066292991e-05
2629,بأعيننا,4,5.166023066292991e-05
2630,يأتيه,4,5.166023066292991e-05
2631,زوجين,4,5.166023066292991e-05
2632,رحم,4,5.166023066292991e-05
2633,بعدٗا,4,5.166023066292991e-05
2634,نوحٞ,4,5.166023066292991e-05
2635,تتولوا,4,5.166023066292991e-05
2636,نجينا,4,5.166023066292991e-05
2637,عادٞ,4,5.166023066292991e-05
2638,يٓإبرهيم,4,5.166023066292991e-05
2639,لوطٗا,4,5.166023066292991e-05
2640,رزقا,4,5.166023066292991e-05
2641,بعزيزٖ,4,5.166023066292991e-05
2642,لأجلٖ,4,5.166023066292991e-05
2643,عطآء,4,5.166023066292991e-05
2644,فٱختلف,4,5.166023066292991e-05
2645,خلقهم,4,5.166023066292991e-05
2646,ليوسف,4,5.166023066292991e-05
2647,أبيكم,4,5.166023066292991e-05
2648,صلحين,4,5.166023066292991e-05
2649,يٓأبانا,4,5.166023066292991e-05
2650,تصفون,4,5.166023066292991e-05
2651,لدينا,4,5.166023066292991e-05
2652,أخاه,4,5.166023066292991e-05
2653,حمل,4,5.166023066292991e-05
2654,يتق,4,5.166023066292991e-05
2655,تسٔلهم,4,5.166023066292991e-05
2656,نوحيٓ,4,5.166023066292991e-05
2657,بمآءٖ,4,5.166023066292991e-05
2658,منذرٞ,4,5.166023066292991e-05
2659,أسر,4,5.166023066292991e-05
2660,بحمده,4,5.166023066292991e-05
2661,عقبى,4,5.166023066292991e-05
2662,وأزوجهم,4,5.166023066292991e-05
2663,عقاب,4,5.166023066292991e-05
2664,عذابٖ,4,5.166023066292991e-05
2665,ضلل,4,5.166023066292991e-05
2666,صبارٖ,4,5.166023066292991e-05
2667,نبؤا,4,5.166023066292991e-05
2668,أرسلتم,4,5.166023066292991e-05
2669,قرارٖ,4,5.166023066292991e-05
2670,يصلونها,4,5.166023066292991e-05
2671,وللمؤمنين,4,5.166023066292991e-05
2672,مقرنين,4,5.166023066292991e-05
2673,معلومٞ,4,5.166023066292991e-05
2674,شيطنٖ,4,5.166023066292991e-05
2675,صلصلٖ,4,5.166023066292991e-05
2676,خلقنه,4,5.166023066292991e-05
2677,سررٖ,4,5.166023066292991e-05
2678,متقبلين,4,5.166023066292991e-05
2679,بغلم,4,5.166023066292991e-05
2680,جناحك,4,5.166023066292991e-05
2681,ولتبتغوا,4,5.166023066292991e-05
2682,ٱلعمر,4,5.166023066292991e-05
2683,يقدر,4,5.166023066292991e-05
2684,وضرب,4,5.166023066292991e-05
2685,وٱلأفٔدة,4,5.166023066292991e-05
2686,يؤذن,4,5.166023066292991e-05
2687,ندعوا,4,5.166023066292991e-05
2688,ٱلبصير,4,5.166023066292991e-05
2689,لتبتغوا,4,5.166023066292991e-05
2690,فحق,4,5.166023066292991e-05
2691,مسٔولٗا,4,5.166023066292991e-05
2692,ولوا,4,5.166023066292991e-05
2693,عظمٗا,4,5.166023066292991e-05
2694,خلقٗا,4,5.166023066292991e-05
2695,أحاط,4,5.166023066292991e-05
2696,جانب,4,5.166023066292991e-05
2697,بيمينه,4,5.166023066292991e-05
2698,أعمى,4,5.166023066292991e-05
2699,يزيد,4,5.166023066292991e-05
2700,ظهيرٗا,4,5.166023066292991e-05
2701,مثلٖ,4,5.166023066292991e-05
2702,تدعوا,4,5.166023066292991e-05
2703,لينذر,4,5.166023066292991e-05
2704,ٱلكهف,4,5.166023066292991e-05
2705,فلينظر,4,5.166023066292991e-05
2706,سيقولون,4,5.166023066292991e-05
2707,يحلون,4,5.166023066292991e-05
2708,أساور,4,5.166023066292991e-05
2709,ذهبٖ,4,5.166023066292991e-05
2710,تستطيع,4,5.166023066292991e-05
2711,موعدٗا,4,5.166023066292991e-05
2712,أهلكنهم,4,5.166023066292991e-05
2713,ٱلبحرين,4,5.166023066292991e-05
2714,لدنا,4,5.166023066292991e-05
2715,عين,4,5.166023066292991e-05
2716,يحسبون,4,5.166023066292991e-05
2717,يرجوا,4,5.166023066292991e-05
2718,وكانت,4,5.166023066292991e-05
2719,يحيى,4,5.166023066292991e-05
2720,وعشيٗا,4,5.166023066292991e-05
2721,بولديه,4,5.166023066292991e-05
2722,حيٗا,4,5.166023066292991e-05
2723,عبد,4,5.166023066292991e-05
2724,وجعلني,4,5.166023066292991e-05
2725,مخلصٗا,4,5.166023066292991e-05
2726,وءامن,4,5.166023066292991e-05
2727,أفرءيت,4,5.166023066292991e-05
2728,ءاتيكم,4,5.166023066292991e-05
2729,نودي,4,5.166023066292991e-05
2730,ٱلكبرى,4,5.166023066292991e-05
2731,كي,4,5.166023066292991e-05
2732,سبلٗا,4,5.166023066292991e-05
2733,ٱلنجوى,4,5.166023066292991e-05
2734,أفلح,4,5.166023066292991e-05
2735,وأبقىٓ,4,5.166023066292991e-05
2736,تزكى,4,5.166023066292991e-05
2737,ءالهتكم,4,5.166023066292991e-05
2738,عبدين,4,5.166023066292991e-05
2739,ينطقون,4,5.166023066292991e-05
2740,ونجينه,4,5.166023066292991e-05
2741,أئمةٗ,4,5.166023066292991e-05
2742,فٱستجبنا,4,5.166023066292991e-05
2743,فتنة,4,5.166023066292991e-05
2744,نكير,4,5.166023066292991e-05
2745,رسولٖ,4,5.166023066292991e-05
2746,يولج,4,5.166023066292991e-05
2747,ويولج,4,5.166023066292991e-05
2748,ٱلملؤا,4,5.166023066292991e-05
2749,ملٓئكةٗ,4,5.166023066292991e-05
2750,كذبون,4,5.166023066292991e-05
2751,ءابآءهم,4,5.166023066292991e-05
2752,ٱمريٕٖ,4,5.166023066292991e-05
2753,أبنآء,4,5.166023066292991e-05
2754,إخونهن,4,5.166023066292991e-05
2755,ءابآئكم,4,5.166023066292991e-05
2756,ثبورٗا,4,5.166023066292991e-05
2757,كريمٖ,4,5.166023066292991e-05
2758,أغرقنا,4,5.166023066292991e-05
2759,أخوهم,4,5.166023066292991e-05
2760,فتحٗا,4,5.166023066292991e-05
2761,كسفٗا,4,5.166023066292991e-05
2762,إنهٓ,4,5.166023066292991e-05
2763,لدي,4,5.166023066292991e-05
2764,رءاه,4,5.166023066292991e-05
2765,فأنبتنا,4,5.166023066292991e-05
2766,وهمن,4,5.166023066292991e-05
2767,يناديهم,4,5.166023066292991e-05
2768,وإبرهيم,4,5.166023066292991e-05
2769,ريحٗا,4,5.166023066292991e-05
2770,فيومئذٖ,4,5.166023066292991e-05
2771,تدري,4,5.166023066292991e-05
2772,بصيرا,4,5.166023066292991e-05
2773,تبديلٗا,4,5.166023066292991e-05
2774,منكن,4,5.166023066292991e-05
2775,وٱلمشركين,4,5.166023066292991e-05
2776,نذير,4,5.166023066292991e-05
2777,شكور,4,5.166023066292991e-05
2778,فكهةٞ,4,5.166023066292991e-05
2779,جندٞ,4,5.166023066292991e-05
2780,مجنون,4,5.166023066292991e-05
2781,ليقولون,4,5.166023066292991e-05
2782,وبدا,4,5.166023066292991e-05
2783,تنزيلٞ,4,5.166023066292991e-05
2784,فضةٖ,4,5.166023066292991e-05
2785,ٱلنذر,4,5.166023066292991e-05
2786,فذكر,4,5.166023066292991e-05
2787,يسرنا,4,5.166023066292991e-05
2788,بٱلنذر,4,5.166023066292991e-05
2789,سقر,4,5.166023066292991e-05
2790,بٱسم,4,5.166023066292991e-05
2791,سبح,4,5.166023066292991e-05
2792,رزقه,4,5.166023066292991e-05
2793,حسابٗا,4,5.166023066292991e-05
2794,ٱلمسكين,4,5.166023066292991e-05
2795,أدبر,4,5.166023066292991e-05
2796,تذكرةٞ,4,5.166023066292991e-05
2797,أيحسب,4,5.166023066292991e-05
2798,وتواصوا,4,5.166023066292991e-05
2799,بسم,3,3.8745172997197435e-05
2800,سمعهم,3,3.8745172997197435e-05
2801,يخدعون,3,3.8745172997197435e-05
2802,أنؤمن,3,3.8745172997197435e-05
2803,مهتدين,3,3.8745172997197435e-05
2804,حوله,3,3.8745172997197435e-05
2805,محيط,3,3.8745172997197435e-05
2806,بٱلكفرين,3,3.8745172997197435e-05
2807,ٱلبرق,3,3.8745172997197435e-05
2808,قاموا,3,3.8745172997197435e-05
2809,فأخرج,3,3.8745172997197435e-05
2810,متشبهٗا,3,3.8745172997197435e-05
2811,مطهرةٞ,3,3.8745172997197435e-05
2812,فوقها,3,3.8745172997197435e-05
2813,يوصل,3,3.8745172997197435e-05
2814,وأعلم,3,3.8745172997197435e-05
2815,تبدون,3,3.8745172997197435e-05
2816,وٱستكبر,3,3.8745172997197435e-05
2817,ومتع,3,3.8745172997197435e-05
2818,يأتينكم,3,3.8745172997197435e-05
2819,وإيي,3,3.8745172997197435e-05
2820,تشتروا,3,3.8745172997197435e-05
2821,وٱلصلوة,3,3.8745172997197435e-05
2822,ملقوا,3,3.8745172997197435e-05
2823,شفعةٞ,3,3.8745172997197435e-05
2824,يسومونكم,3,3.8745172997197435e-05
2825,ويستحيون,3,3.8745172997197435e-05
2826,نسآءكم,3,3.8745172997197435e-05
2827,بلآءٞ,3,3.8745172997197435e-05
2828,ليلةٗ,3,3.8745172997197435e-05
2829,ٱلصعقة,3,3.8745172997197435e-05
2830,ٱلمن,3,3.8745172997197435e-05
2831,وٱلسلوى,3,3.8745172997197435e-05
2832,وٱدخلوا,3,3.8745172997197435e-05
2833,فأنزلنا,3,3.8745172997197435e-05
2834,رجزٗا,3,3.8745172997197435e-05
2835,ٱضرب,3,3.8745172997197435e-05
2836,بعصاك,3,3.8745172997197435e-05
2837,ٱلحجر,3,3.8745172997197435e-05
2838,تنبت,3,3.8745172997197435e-05
2839,بغضبٖ,3,3.8745172997197435e-05
2840,عصوا,3,3.8745172997197435e-05
2841,يعتدون,3,3.8745172997197435e-05
2842,ءاتينكم,3,3.8745172997197435e-05
2843,وموعظةٗ,3,3.8745172997197435e-05
2844,بقرةٞ,3,3.8745172997197435e-05
2845,ٱلبقر,3,3.8745172997197435e-05
2846,قتلتم,3,3.8745172997197435e-05
2847,أولا,3,3.8745172997197435e-05
2848,بأيديهم,3,3.8745172997197435e-05
2849,وويلٞ,3,3.8745172997197435e-05
2850,أيامٗا,3,3.8745172997197435e-05
2851,كسب,3,3.8745172997197435e-05
2852,سيئةٗ,3,3.8745172997197435e-05
2853,تشهدون,3,3.8745172997197435e-05
2854,تظهرون,3,3.8745172997197435e-05
2855,أسرى,3,3.8745172997197435e-05
2856,وقفينا,3,3.8745172997197435e-05
2857,بروح,3,3.8745172997197435e-05
2858,بئسما,3,3.8745172997197435e-05
2859,يكفروا,3,3.8745172997197435e-05
2860,خالصةٗ,3,3.8745172997197435e-05
2861,قلبك,3,3.8745172997197435e-05
2862,يضرهم,3,3.8745172997197435e-05
2863,تسٔلوا,3,3.8745172997197435e-05
2864,كثيرٞ,3,3.8745172997197435e-05
2865,هودا,3,3.8745172997197435e-05
2866,أجره,3,3.8745172997197435e-05
2867,مسجد,3,3.8745172997197435e-05
2868,بينا,3,3.8745172997197435e-05
2869,ٱتبعت,3,3.8745172997197435e-05
2870,إمامٗا,3,3.8745172997197435e-05
2871,ذريتي,3,3.8745172997197435e-05
2872,بيتي,3,3.8745172997197435e-05
2873,ويعلمهم,3,3.8745172997197435e-05
2874,ويزكيهم,3,3.8745172997197435e-05
2875,كسبتم,3,3.8745172997197435e-05
2876,نفرق,3,3.8745172997197435e-05
2877,أعملنا,3,3.8745172997197435e-05
2878,ويكون,3,3.8745172997197435e-05
2879,عقبيه,3,3.8745172997197435e-05
2880,بٱلناس,3,3.8745172997197435e-05
2881,تقلب,3,3.8745172997197435e-05
2882,فول,3,3.8745172997197435e-05
2883,شطر,3,3.8745172997197435e-05
2884,فٱستبقوا,3,3.8745172997197435e-05
2885,لئلا,3,3.8745172997197435e-05
2886,حجة,3,3.8745172997197435e-05
2887,ويعلمكم,3,3.8745172997197435e-05
2888,أموت,3,3.8745172997197435e-05
2889,ٱلأمول,3,3.8745172997197435e-05
2890,بهما,3,3.8745172997197435e-05
2891,بينه,3,3.8745172997197435e-05
2892,وبث,3,3.8745172997197435e-05
2893,ٱلقوة,3,3.8745172997197435e-05
2894,ورأوا,3,3.8745172997197435e-05
2895,كرةٗ,3,3.8745172997197435e-05
2896,ءابآءنآ,3,3.8745172997197435e-05
2897,ومثل,3,3.8745172997197435e-05
2898,ٱلخنزير,3,3.8745172997197435e-05
2899,باغٖ,3,3.8745172997197435e-05
2900,بطونهم,3,3.8745172997197435e-05
2901,يكلمهم,3,3.8745172997197435e-05
2902,وٱلنبين,3,3.8745172997197435e-05
2903,وءاتى,3,3.8745172997197435e-05
2904,ٱلرقاب,3,3.8745172997197435e-05
2905,ٱلحر,3,3.8745172997197435e-05
2906,بإحسنٖ,3,3.8745172997197435e-05
2907,خيرا,3,3.8745172997197435e-05
2908,وٱلأقربين,3,3.8745172997197435e-05
2909,ٱلصيام,3,3.8745172997197435e-05
2910,معدودتٖ,3,3.8745172997197435e-05
2911,مريضا,3,3.8745172997197435e-05
2912,سفرٖ,3,3.8745172997197435e-05
2913,فديةٞ,3,3.8745172997197435e-05
2914,ٱلعسر,3,3.8745172997197435e-05
2915,ٱلداع,3,3.8745172997197435e-05
2916,يتبين,3,3.8745172997197435e-05
2917,تأكلوٓا,3,3.8745172997197435e-05
2918,أبوبها,3,3.8745172997197435e-05
2919,وٱقتلوهم,3,3.8745172997197435e-05
2920,رأسه,3,3.8745172997197435e-05
2921,وٱستغفروا,3,3.8745172997197435e-05
2922,ءابآءكم,3,3.8745172997197435e-05
2923,تعجل,3,3.8745172997197435e-05
2924,يومين,3,3.8745172997197435e-05
2925,سعى,3,3.8745172997197435e-05
2926,فهدى,3,3.8745172997197435e-05
2927,حسبتم,3,3.8745172997197435e-05
2928,مستهم,3,3.8745172997197435e-05
2929,تكرهوا,3,3.8745172997197435e-05
2930,وكفر,3,3.8745172997197435e-05
2931,يردوكم,3,3.8745172997197435e-05
2932,ٱلخمر,3,3.8745172997197435e-05
2933,وٱلميسر,3,3.8745172997197435e-05
2934,ومنفع,3,3.8745172997197435e-05
2935,تتفكرون,3,3.8745172997197435e-05
2936,فإخونكم,3,3.8745172997197435e-05
2937,تنكحوا,3,3.8745172997197435e-05
2938,مؤمنة,3,3.8745172997197435e-05
2939,يدعوٓا,3,3.8745172997197435e-05
2940,ٱلمحيض,3,3.8745172997197435e-05
2941,بٱللغو,3,3.8745172997197435e-05
2942,نسآئهم,3,3.8745172997197435e-05
2943,أرادوٓا,3,3.8745172997197435e-05
2944,بمعروف,3,3.8745172997197435e-05
2945,يقيما,3,3.8745172997197435e-05
2946,فأمسكوهن,3,3.8745172997197435e-05
2947,بمعروفٖ,3,3.8745172997197435e-05
2948,يتم,3,3.8745172997197435e-05
2949,أردتم,3,3.8745172997197435e-05
2950,ءاتيتم,3,3.8745172997197435e-05
2951,ويذرون,3,3.8745172997197435e-05
2952,ٱلنكاح,3,3.8745172997197435e-05
2953,تمسوهن,3,3.8745172997197435e-05
2954,قدره,3,3.8745172997197435e-05
2955,متعا,3,3.8745172997197435e-05
2956,كثيرةٗ,3,3.8745172997197435e-05
2957,يؤتي,3,3.8745172997197435e-05
2958,وءال,3,3.8745172997197435e-05
2959,فصل,3,3.8745172997197435e-05
2960,شرب,3,3.8745172997197435e-05
2961,فئةٖ,3,3.8745172997197435e-05
2962,غلبت,3,3.8745172997197435e-05
2963,أفرغ,3,3.8745172997197435e-05
2964,أقدامنا,3,3.8745172997197435e-05
2965,نتلوها,3,3.8745172997197435e-05
2966,ورفع,3,3.8745172997197435e-05
2967,وٱلكفرون,3,3.8745172997197435e-05
2968,ٱلقيوم,3,3.8745172997197435e-05
2969,يشفع,3,3.8745172997197435e-05
2970,ٱلرشد,3,3.8745172997197435e-05
2971,ٱلغي,3,3.8745172997197435e-05
2972,عروشها,3,3.8745172997197435e-05
2973,عامٖ,3,3.8745172997197435e-05
2974,وٱنظر,3,3.8745172997197435e-05
2975,تؤمن,3,3.8745172997197435e-05
2976,فخذ,3,3.8745172997197435e-05
2977,جبلٖ,3,3.8745172997197435e-05
2978,وابلٞ,3,3.8745172997197435e-05
2979,يقدرون,3,3.8745172997197435e-05
2980,ضعفين,3,3.8745172997197435e-05
2981,نارٞ,3,3.8745172997197435e-05
2982,بٱلفحشآء,3,3.8745172997197435e-05
2983,مغفرةٗ,3,3.8745172997197435e-05
2984,ٱلفقرآء,3,3.8745172997197435e-05
2985,ويكفر,3,3.8745172997197435e-05
2986,للفقرآء,3,3.8745172997197435e-05
2987,أغنيآء,3,3.8745172997197435e-05
2988,بسيمهم,3,3.8745172997197435e-05
2989,ٱلبيع,3,3.8745172997197435e-05
2990,أثيم,3,3.8745172997197435e-05
2991,فلكم,3,3.8745172997197435e-05
2992,علمه,3,3.8745172997197435e-05
2993,ٱلأخرى,3,3.8745172997197435e-05
2994,وأقوم,3,3.8745172997197435e-05
2995,تجرة,3,3.8745172997197435e-05
2996,شهيدٞ,3,3.8745172997197435e-05
2997,تخفوه,3,3.8745172997197435e-05
2998,وكتبه,3,3.8745172997197435e-05
2999,وإليك,3,3.8745172997197435e-05
3000,وعليها,3,3.8745172997197435e-05
3001,حملته,3,3.8745172997197435e-05
3002,وهب,3,3.8745172997197435e-05
3003,ٱلوهاب,3,3.8745172997197435e-05
3004,ليومٖ,3,3.8745172997197435e-05
3005,كدأب,3,3.8745172997197435e-05
3006,وأخرى,3,3.8745172997197435e-05
3007,بنصره,3,3.8745172997197435e-05
3008,ٱلشهوت,3,3.8745172997197435e-05
3009,ورضونٞ,3,3.8745172997197435e-05
3010,ذنوبنا,3,3.8745172997197435e-05
3011,يأمرون,3,3.8745172997197435e-05
3012,فبشرهم,3,3.8745172997197435e-05
3013,يتولى,3,3.8745172997197435e-05
3014,بعيدٗا,3,3.8745172997197435e-05
3015,عمرن,3,3.8745172997197435e-05
3016,بعضها,3,3.8745172997197435e-05
3017,زكريا,3,3.8745172997197435e-05
3018,عندها,3,3.8745172997197435e-05
3019,دعا,3,3.8745172997197435e-05
3020,ذريةٗ,3,3.8745172997197435e-05
3021,يلقون,3,3.8745172997197435e-05
3022,ٱلمهد,3,3.8745172997197435e-05
3023,ٱلطين,3,3.8745172997197435e-05
3024,طيرا,3,3.8745172997197435e-05
3025,ٱلحواريون,3,3.8745172997197435e-05
3026,ومكروا,3,3.8745172997197435e-05
3027,ومكر,3,3.8745172997197435e-05
3028,لعنت,3,3.8745172997197435e-05
3029,نشرك,3,3.8745172997197435e-05
3030,بعضنا,3,3.8745172997197435e-05
3031,بعدهٓ,3,3.8745172997197435e-05
3032,ٱتبعوه,3,3.8745172997197435e-05
3033,يضلون,3,3.8745172997197435e-05
3034,دمت,3,3.8745172997197435e-05
3035,قآئمٗا,3,3.8745172997197435e-05
3036,أوفى,3,3.8745172997197435e-05
3037,ألسنتهم,3,3.8745172997197435e-05
3038,لبشر,3,3.8745172997197435e-05
3039,وٱلحكم,3,3.8745172997197435e-05
3040,وٱلنبوة,3,3.8745172997197435e-05
3041,وجآءهم,3,3.8745172997197435e-05
3042,ٱلضآلون,3,3.8745172997197435e-05
3043,بيتٖ,3,3.8745172997197435e-05
3044,للذي,3,3.8745172997197435e-05
3045,أعدآءٗ,3,3.8745172997197435e-05
3046,ففي,3,3.8745172997197435e-05
3047,تأمرون,3,3.8745172997197435e-05
3048,ٱلأنبيآء,3,3.8745172997197435e-05
3049,حرث,3,3.8745172997197435e-05
3050,ظلمهم,3,3.8745172997197435e-05
3051,ودوا,3,3.8745172997197435e-05
3052,ٱلغيظ,3,3.8745172997197435e-05
3053,يضركم,3,3.8745172997197435e-05
3054,كيدهم,3,3.8745172997197435e-05
3055,محيطٞ,3,3.8745172997197435e-05
3056,مقعد,3,3.8745172997197435e-05
3057,نصركم,3,3.8745172997197435e-05
3058,ألن,3,3.8745172997197435e-05
3059,بشرى,3,3.8745172997197435e-05
3060,ٱلنصر,3,3.8745172997197435e-05
3061,ٱلعملين,3,3.8745172997197435e-05
3062,تهنوا,3,3.8745172997197435e-05
3063,تحزنوا,3,3.8745172997197435e-05
3064,أعقبكم,3,3.8745172997197435e-05
3065,نؤته,3,3.8745172997197435e-05
3066,فاتكم,3,3.8745172997197435e-05
3067,ٱلغم,3,3.8745172997197435e-05
3068,وطآئفةٞ,3,3.8745172997197435e-05
3069,يخفون,3,3.8745172997197435e-05
3070,ههنا,3,3.8745172997197435e-05
3071,ٱلتقى,3,3.8745172997197435e-05
3072,ضربوا,3,3.8745172997197435e-05
3073,ماتوا,3,3.8745172997197435e-05
3074,ليجعل,3,3.8745172997197435e-05
3075,ورحمة,3,3.8745172997197435e-05
3076,يجمعون,3,3.8745172997197435e-05
3077,غالب,3,3.8745172997197435e-05
3078,رضون,3,3.8745172997197435e-05
3079,ومأوىه,3,3.8745172997197435e-05
3080,للإيمن,3,3.8745172997197435e-05
3081,وفضلٖ,3,3.8745172997197435e-05
3082,حسبنا,3,3.8745172997197435e-05
3083,يضروا,3,3.8745172997197435e-05
3084,حظٗا,3,3.8745172997197435e-05
3085,يحسبن,3,3.8745172997197435e-05
3086,لأنفسهم,3,3.8745172997197435e-05
3087,يبخلون,3,3.8745172997197435e-05
3088,إلينآ,3,3.8745172997197435e-05
3089,قبلي,3,3.8745172997197435e-05
3090,كذبوك,3,3.8745172997197435e-05
3091,ذآئقة,3,3.8745172997197435e-05
3092,وأدخل,3,3.8745172997197435e-05
3093,أشركوٓا,3,3.8745172997197435e-05
3094,أتوا,3,3.8745172997197435e-05
3095,فٱستجاب,3,3.8745172997197435e-05
3096,نزلٗا,3,3.8745172997197435e-05
3097,خشعين,3,3.8745172997197435e-05
3098,مثنى,3,3.8745172997197435e-05
3099,حسيبٗا,3,3.8745172997197435e-05
3100,ٱلولدان,3,3.8745172997197435e-05
3101,وٱلأقربون,3,3.8745172997197435e-05
3102,سعيرٗا,3,3.8745172997197435e-05
3103,فلها,3,3.8745172997197435e-05
3104,ٱلسدس,3,3.8745172997197435e-05
3105,نصف,3,3.8745172997197435e-05
3106,يعص,3,3.8745172997197435e-05
3107,نارا,3,3.8745172997197435e-05
3108,خلدٗا,3,3.8745172997197435e-05
3109,وٱلتي,3,3.8745172997197435e-05
3110,فأعرضوا,3,3.8745172997197435e-05
3111,يتوبون,3,3.8745172997197435e-05
3112,مبينةٖ,3,3.8745172997197435e-05
3113,فعسىٓ,3,3.8745172997197435e-05
3114,بهتنٗا,3,3.8745172997197435e-05
3115,وإثمٗا,3,3.8745172997197435e-05
3116,ميثقا,3,3.8745172997197435e-05
3117,غليظٗا,3,3.8745172997197435e-05
3118,فحشةٗ,3,3.8745172997197435e-05
3119,وسآء,3,3.8745172997197435e-05
3120,دخلتم,3,3.8745172997197435e-05
3121,بهن,3,3.8745172997197435e-05
3122,وٱلمحصنت,3,3.8745172997197435e-05
3123,بأمولكم,3,3.8745172997197435e-05
3124,خشي,3,3.8745172997197435e-05
3125,ليبين,3,3.8745172997197435e-05
3126,ويتوب,3,3.8745172997197435e-05
3127,ويريد,3,3.8745172997197435e-05
3128,تقتلوٓا,3,3.8745172997197435e-05
3129,مدخلٗا,3,3.8745172997197435e-05
3130,نصيبهم,3,3.8745172997197435e-05
3131,وٱعبدوا,3,3.8745172997197435e-05
3132,تشركوا,3,3.8745172997197435e-05
3133,إحسنٗا,3,3.8745172997197435e-05
3134,وجئنا,3,3.8745172997197435e-05
3135,مرضىٓ,3,3.8745172997197435e-05
3136,عفوا,3,3.8745172997197435e-05
3137,ويريدون,3,3.8745172997197435e-05
3138,يحرفون,3,3.8745172997197435e-05
3139,مواضعه,3,3.8745172997197435e-05
3140,أمروٓا,3,3.8745172997197435e-05
3141,قضيت,3,3.8745172997197435e-05
3142,وأشد,3,3.8745172997197435e-05
3143,وٱلشهدآء,3,3.8745172997197435e-05
3144,ٱنفروا,3,3.8745172997197435e-05
3145,فوزا,3,3.8745172997197435e-05
3146,أينما,3,3.8745172997197435e-05
3147,يكادون,3,3.8745172997197435e-05
3148,أصابك,3,3.8745172997197435e-05
3149,طاعةٞ,3,3.8745172997197435e-05
3150,يبيتون,3,3.8745172997197435e-05
3151,بأس,3,3.8745172997197435e-05
3152,يهاجروا,3,3.8745172997197435e-05
3153,جآءوكم,3,3.8745172997197435e-05
3154,خطٔٗا,3,3.8745172997197435e-05
3155,فتحرير,3,3.8745172997197435e-05
3156,مؤمنةٖ,3,3.8745172997197435e-05
3157,ضربتم,3,3.8745172997197435e-05
3158,مغانم,3,3.8745172997197435e-05
3159,ٱلمجهدين,3,3.8745172997197435e-05
3160,أرض,3,3.8745172997197435e-05
3161,فأقيموا,3,3.8745172997197435e-05
3162,بعيدا,3,3.8745172997197435e-05
3163,إنثٗا,3,3.8745172997197435e-05
3164,يعدهم,3,3.8745172997197435e-05
3165,غرورا,3,3.8745172997197435e-05
3166,خليلٗا,3,3.8745172997197435e-05
3167,كلٗا,3,3.8745172997197435e-05
3168,تكفروا,3,3.8745172997197435e-05
3169,ويأت,3,3.8745172997197435e-05
3170,أليما,3,3.8745172997197435e-05
3171,يتخذوا,3,3.8745172997197435e-05
3172,تعدوا,3,3.8745172997197435e-05
3173,وأخذنا,3,3.8745172997197435e-05
3174,وقولهم,3,3.8745172997197435e-05
3175,طبع,3,3.8745172997197435e-05
3176,وأكلهم,3,3.8745172997197435e-05
3177,وأيوب,3,3.8745172997197435e-05
3178,عبادته,3,3.8745172997197435e-05
3179,وأنزلنآ,3,3.8745172997197435e-05
3180,كانتا,3,3.8745172997197435e-05
3181,بهيمة,3,3.8745172997197435e-05
3182,ٱلصيد,3,3.8745172997197435e-05
3183,شعٓئر,3,3.8745172997197435e-05
3184,ورضونٗا,3,3.8745172997197435e-05
3185,يجرمنكم,3,3.8745172997197435e-05
3186,ٱلسبع,3,3.8745172997197435e-05
3187,حلٞ,3,3.8745172997197435e-05
3188,حرجٖ,3,3.8745172997197435e-05
3189,تطلع,3,3.8745172997197435e-05
3190,ينبئهم,3,3.8745172997197435e-05
3191,ويعفوا,3,3.8745172997197435e-05
3192,وأمه,3,3.8745172997197435e-05
3193,فإنها,3,3.8745172997197435e-05
3194,يتقبل,3,3.8745172997197435e-05
3195,جزٓؤا,3,3.8745172997197435e-05
3196,تقطع,3,3.8745172997197435e-05
3197,خلف,3,3.8745172997197435e-05
3198,ومثله,3,3.8745172997197435e-05
3199,يعذب,3,3.8745172997197435e-05
3200,ٱلمقسطين,3,3.8745172997197435e-05
3201,وعندهم,3,3.8745172997197435e-05
3202,حكم,3,3.8745172997197435e-05
3203,فٱعلم,3,3.8745172997197435e-05
3204,يصيبهم,3,3.8745172997197435e-05
3205,يتولهم,3,3.8745172997197435e-05
3206,يرتد,3,3.8745172997197435e-05
3207,ولعبٗا,3,3.8745172997197435e-05
3208,أنبئكم,3,3.8745172997197435e-05
3209,بشرٖ,3,3.8745172997197435e-05
3210,يداه,3,3.8745172997197435e-05
3211,ٱلعدوة,3,3.8745172997197435e-05
3212,أرجلهم,3,3.8745172997197435e-05
3213,أهوآء,3,3.8745172997197435e-05
3214,مودةٗ,3,3.8745172997197435e-05
3215,رجسٞ,3,3.8745172997197435e-05
3216,ٱعلموٓا,3,3.8745172997197435e-05
3217,قربى,3,3.8745172997197435e-05
3218,أيمن,3,3.8745172997197435e-05
3219,يجمع,3,3.8745172997197435e-05
3220,يعيسى,3,3.8745172997197435e-05
3221,ونكون,3,3.8745172997197435e-05
3222,تغفر,3,3.8745172997197435e-05
3223,وٱلنور,3,3.8745172997197435e-05
3224,أجلٗا,3,3.8745172997197435e-05
3225,مكنهم,3,3.8745172997197435e-05
3226,مدرارٗا,3,3.8745172997197435e-05
3227,فأهلكنهم,3,3.8745172997197435e-05
3228,ٱستهزئ,3,3.8745172997197435e-05
3229,برسلٖ,3,3.8745172997197435e-05
3230,سخروا,3,3.8745172997197435e-05
3231,يمسسك,3,3.8745172997197435e-05
3232,بضرٖ,3,3.8745172997197435e-05
3233,بٔايتهٓ,3,3.8745172997197435e-05
3234,يستمع,3,3.8745172997197435e-05
3235,أكنة,3,3.8745172997197435e-05
3236,يفقهوه,3,3.8745172997197435e-05
3237,ينهون,3,3.8745172997197435e-05
3238,حياتنا,3,3.8745172997197435e-05
3239,وربنا,3,3.8745172997197435e-05
3240,لعبٞ,3,3.8745172997197435e-05
3241,ولهوٞ,3,3.8745172997197435e-05
3242,مبدل,3,3.8745172997197435e-05
3243,لكلمت,3,3.8745172997197435e-05
3244,ٱستطعت,3,3.8745172997197435e-05
3245,يبعثهم,3,3.8745172997197435e-05
3246,يحشرون,3,3.8745172997197435e-05
3247,يجعله,3,3.8745172997197435e-05
3248,أتىكم,3,3.8745172997197435e-05
3249,فرحوا,3,3.8745172997197435e-05
3250,مبلسون,3,3.8745172997197435e-05
3251,يصدفون,3,3.8745172997197435e-05
3252,وأنذر,3,3.8745172997197435e-05
3253,وليٞ,3,3.8745172997197435e-05
3254,تسقط,3,3.8745172997197435e-05
3255,أجلٞ,3,3.8745172997197435e-05
3256,تضرعٗا,3,3.8745172997197435e-05
3257,وغرتهم,3,3.8745172997197435e-05
3258,وعذاب,3,3.8745172997197435e-05
3259,تتذكرون,3,3.8745172997197435e-05
3260,ٱلفريقين,3,3.8745172997197435e-05
3261,هدينا,3,3.8745172997197435e-05
3262,ذريته,3,3.8745172997197435e-05
3263,ءابآئهم,3,3.8745172997197435e-05
3264,وذريتهم,3,3.8745172997197435e-05
3265,قدروا,3,3.8745172997197435e-05
3266,تعلموٓا,3,3.8745172997197435e-05
3267,حولها,3,3.8745172997197435e-05
3268,يحافظون,3,3.8745172997197435e-05
3269,ٱلهون,3,3.8745172997197435e-05
3270,تستكبرون,3,3.8745172997197435e-05
3271,تقدير,3,3.8745172997197435e-05
3272,فصلنا,3,3.8745172997197435e-05
3273,نبات,3,3.8745172997197435e-05
3274,طلعها,3,3.8745172997197435e-05
3275,وجنتٖ,3,3.8745172997197435e-05
3276,أبصر,3,3.8745172997197435e-05
3277,فعليها,3,3.8745172997197435e-05
3278,جعلنك,3,3.8745172997197435e-05
3279,عدوا,3,3.8745172997197435e-05
3280,فينبئهم,3,3.8745172997197435e-05
3281,وٱلجن,3,3.8745172997197435e-05
3282,وتمت,3,3.8745172997197435e-05
3283,يخرصون,3,3.8745172997197435e-05
3284,أجرموا,3,3.8745172997197435e-05
3285,صدره,3,3.8745172997197435e-05
3286,يمعشر,3,3.8745172997197435e-05
3287,مهلك,3,3.8745172997197435e-05
3288,قتلوٓا,3,3.8745172997197435e-05
3289,وٱلنخل,3,3.8745172997197435e-05
3290,حقه,3,3.8745172997197435e-05
3291,أزوجٖ,3,3.8745172997197435e-05
3292,عندكم,3,3.8745172997197435e-05
3293,تتبعون,3,3.8745172997197435e-05
3294,فلو,3,3.8745172997197435e-05
3295,تشهد,3,3.8745172997197435e-05
3296,نكلف,3,3.8745172997197435e-05
3297,فٱتبعوه,3,3.8745172997197435e-05
3298,بينةٞ,3,3.8745172997197435e-05
3299,منتظرون,3,3.8745172997197435e-05
3300,تكسب,3,3.8745172997197435e-05
3301,منعك,3,3.8745172997197435e-05
3302,ٱلمنظرين,3,3.8745172997197435e-05
3303,تبعك,3,3.8745172997197435e-05
3304,عنهما,3,3.8745172997197435e-05
3305,سوءتهما,3,3.8745172997197435e-05
3306,ٱلنصحين,3,3.8745172997197435e-05
3307,وفيها,3,3.8745172997197435e-05
3308,لباسٗا,3,3.8745172997197435e-05
3309,أتقولون,3,3.8745172997197435e-05
3310,ويحسبون,3,3.8745172997197435e-05
3311,لعباده,3,3.8745172997197435e-05
3312,يستقدمون,3,3.8745172997197435e-05
3313,دخلت,3,3.8745172997197435e-05
3314,يلج,3,3.8745172997197435e-05
3315,ونزعنا,3,3.8745172997197435e-05
3316,ونادىٓ,3,3.8745172997197435e-05
3317,ويبغونها,3,3.8745172997197435e-05
3318,تجعلنا,3,3.8745172997197435e-05
3319,بكتبٖ,3,3.8745172997197435e-05
3320,وٱلنجوم,3,3.8745172997197435e-05
3321,وٱلأمر,3,3.8745172997197435e-05
3322,لنرىك,3,3.8745172997197435e-05
3323,هودٗا,3,3.8745172997197435e-05
3324,خلفآء,3,3.8745172997197435e-05
3325,فأتنا,3,3.8745172997197435e-05
3326,سميتموهآ,3,3.8745172997197435e-05
3327,فٱنتظروٓا,3,3.8745172997197435e-05
3328,ٱلمنتظرين,3,3.8745172997197435e-05
3329,ناقة,3,3.8745172997197435e-05
3330,تمسوها,3,3.8745172997197435e-05
3331,فيأخذكم,3,3.8745172997197435e-05
3332,تتخذون,3,3.8745172997197435e-05
3333,ٱلناقة,3,3.8745172997197435e-05
3334,أبلغتكم,3,3.8745172997197435e-05
3335,أتأتون,3,3.8745172997197435e-05
3336,مطرٗا,3,3.8745172997197435e-05
3337,تبخسوا,3,3.8745172997197435e-05
3338,أشيآءهم,3,3.8745172997197435e-05
3339,يشعيب,3,3.8745172997197435e-05
3340,عدنا,3,3.8745172997197435e-05
3341,لخسرون,3,3.8745172997197435e-05
3342,أخذنآ,3,3.8745172997197435e-05
3343,بيتٗا,3,3.8745172997197435e-05
3344,ليؤمنوا,3,3.8745172997197435e-05
3345,يطبع,3,3.8745172997197435e-05
3346,فألقى,3,3.8745172997197435e-05
3347,عصاه,3,3.8745172997197435e-05
3348,يده,3,3.8745172997197435e-05
3349,للنظرين,3,3.8745172997197435e-05
3350,يخرجكم,3,3.8745172997197435e-05
3351,أرضكم,3,3.8745172997197435e-05
3352,فماذا,3,3.8745172997197435e-05
3353,وأخاه,3,3.8745172997197435e-05
3354,ٱلمدآئن,3,3.8745172997197435e-05
3355,حشرين,3,3.8745172997197435e-05
3356,سحر,3,3.8745172997197435e-05
3357,لأجرا,3,3.8745172997197435e-05
3358,وإنكم,3,3.8745172997197435e-05
3359,إمآ,3,3.8745172997197435e-05
3360,وإمآ,3,3.8745172997197435e-05
3361,عصاك,3,3.8745172997197435e-05
3362,تلقف,3,3.8745172997197435e-05
3363,ءاذن,3,3.8745172997197435e-05
3364,خلفٖ,3,3.8745172997197435e-05
3365,نسآءهم,3,3.8745172997197435e-05
3366,وٱلعقبة,3,3.8745172997197435e-05
3367,تأتينا,3,3.8745172997197435e-05
3368,ءايتٖ,3,3.8745172997197435e-05
3369,ٱلرجز,3,3.8745172997197435e-05
3370,فأغرقنهم,3,3.8745172997197435e-05
3371,وأورثنا,3,3.8745172997197435e-05
3372,ءالهةٞ,3,3.8745172997197435e-05
3373,دكٗا,3,3.8745172997197435e-05
3374,وكن,3,3.8745172997197435e-05
3375,ٱلألواح,3,3.8745172997197435e-05
3376,يجزون,3,3.8745172997197435e-05
3377,يهديهم,3,3.8745172997197435e-05
3378,وألقى,3,3.8745172997197435e-05
3379,أخذتهم,3,3.8745172997197435e-05
3380,شئت,3,3.8745172997197435e-05
3381,ويحل,3,3.8745172997197435e-05
3382,ولعلهم,3,3.8745172997197435e-05
3383,ٱلصلحون,3,3.8745172997197435e-05
3384,يأتهم,3,3.8745172997197435e-05
3385,نضيع,3,3.8745172997197435e-05
3386,فأتبعه,3,3.8745172997197435e-05
3387,لجهنم,3,3.8745172997197435e-05
3388,قلوبٞ,3,3.8745172997197435e-05
3389,ءاذانٞ,3,3.8745172997197435e-05
3390,يلحدون,3,3.8745172997197435e-05
3391,خلقنآ,3,3.8745172997197435e-05
3392,شركآءكم,3,3.8745172997197435e-05
3393,خذ,3,3.8745172997197435e-05
3394,بٱلغدو,3,3.8745172997197435e-05
3395,وٱلأٓصال,3,3.8745172997197435e-05
3396,ومغفرةٞ,3,3.8745172997197435e-05
3397,أنها,3,3.8745172997197435e-05
3398,رجز,3,3.8745172997197435e-05
3399,ويثبت,3,3.8745172997197435e-05
3400,لقيتم,3,3.8745172997197435e-05
3401,وللرسول,3,3.8745172997197435e-05
3402,وقلبه,3,3.8745172997197435e-05
3403,ورزقكم,3,3.8745172997197435e-05
3404,وأولدكم,3,3.8745172997197435e-05
3405,بعضه,3,3.8745172997197435e-05
3406,سنت,3,3.8745172997197435e-05
3407,ٱلمولى,3,3.8745172997197435e-05
3408,أسفل,3,3.8745172997197435e-05
3409,مرض,3,3.8745172997197435e-05
3410,يتوكل,3,3.8745172997197435e-05
3411,يضربون,3,3.8745172997197435e-05
3412,وذوقوا,3,3.8745172997197435e-05
3413,عهدهم,3,3.8745172997197435e-05
3414,عدو,3,3.8745172997197435e-05
3415,وءاخرين,3,3.8745172997197435e-05
3416,يعلمهم,3,3.8745172997197435e-05
3417,وعند,3,3.8745172997197435e-05
3418,فصدوا,3,3.8745172997197435e-05
3419,يستون,3,3.8745172997197435e-05
3420,ومسكن,3,3.8745172997197435e-05
3421,فتربصوا,3,3.8745172997197435e-05
3422,كثيرةٖ,3,3.8745172997197435e-05
3423,سكينته,3,3.8745172997197435e-05
3424,تروها,3,3.8745172997197435e-05
3425,ٱلمشركون,3,3.8745172997197435e-05
3426,نوره,3,3.8745172997197435e-05
3427,ودين,3,3.8745172997197435e-05
3428,ليظهره,3,3.8745172997197435e-05
3429,عامٗا,3,3.8745172997197435e-05
3430,بٱلحيوة,3,3.8745172997197435e-05
3431,فأنزل,3,3.8745172997197435e-05
3432,ٱلخروج,3,3.8745172997197435e-05
3433,فرحون,3,3.8745172997197435e-05
3434,تعجبك,3,3.8745172997197435e-05
3435,تعتذروا,3,3.8745172997197435e-05
3436,وعادٖ,3,3.8745172997197435e-05
3437,ليظلمهم,3,3.8745172997197435e-05
3438,تستغفر,3,3.8745172997197435e-05
3439,ٱلمخلفون,3,3.8745172997197435e-05
3440,سبيلٖ,3,3.8745172997197435e-05
3441,عملكم,3,3.8745172997197435e-05
3442,وءاخر,3,3.8745172997197435e-05
3443,أسس,3,3.8745172997197435e-05
3444,يزال,3,3.8745172997197435e-05
3445,وأمولهم,3,3.8745172997197435e-05
3446,وٱلمهجرين,3,3.8745172997197435e-05
3447,نصبٞ,3,3.8745172997197435e-05
3448,عملٞ,3,3.8745172997197435e-05
3449,يفتنون,3,3.8745172997197435e-05
3450,نظر,3,3.8745172997197435e-05
3451,عدد,3,3.8745172997197435e-05
3452,ضرٖ,3,3.8745172997197435e-05
3453,ضرآء,3,3.8745172997197435e-05
3454,وظن,3,3.8745172997197435e-05
3455,سيئة,3,3.8745172997197435e-05
3456,ذلةٞ,3,3.8745172997197435e-05
3457,ويخرج,3,3.8745172997197435e-05
3458,ٱلضلل,3,3.8745172997197435e-05
3459,شركآئكم,3,3.8745172997197435e-05
3460,تهدي,3,3.8745172997197435e-05
3461,يلبثوٓا,3,3.8745172997197435e-05
3462,نتوفينك,3,3.8745172997197435e-05
3463,لحقٞ,3,3.8745172997197435e-05
3464,رزقٖ,3,3.8745172997197435e-05
3465,ٱلبشرى,3,3.8745172997197435e-05
3466,لتسكنوا,3,3.8745172997197435e-05
3467,مبصرا,3,3.8745172997197435e-05
3468,فنجينه,3,3.8745172997197435e-05
3469,رسلا,3,3.8745172997197435e-05
3470,وتكون,3,3.8745172997197435e-05
3471,ويحق,3,3.8745172997197435e-05
3472,للقوم,3,3.8745172997197435e-05
3473,بغيٗا,3,3.8745172997197435e-05
3474,لتكون,3,3.8745172997197435e-05
3475,ورزقنهم,3,3.8745172997197435e-05
3476,كلهم,3,3.8745172997197435e-05
3477,أقم,3,3.8745172997197435e-05
3478,للدين,3,3.8745172997197435e-05
3479,فعلت,3,3.8745172997197435e-05
3480,يهتدي,3,3.8745172997197435e-05
3481,ٱستغفروا,3,3.8745172997197435e-05
3482,رزقها,3,3.8745172997197435e-05
3483,وأجرٞ,3,3.8745172997197435e-05
3484,وزينتها,3,3.8745172997197435e-05
3485,صنعوا,3,3.8745172997197435e-05
3486,شاهدٞ,3,3.8745172997197435e-05
3487,يعرضون,3,3.8745172997197435e-05
3488,كذبين,3,3.8745172997197435e-05
3489,مغرقون,3,3.8745172997197435e-05
3490,يخزيه,3,3.8745172997197435e-05
3491,كلٖ,3,3.8745172997197435e-05
3492,وأهلك,3,3.8745172997197435e-05
3493,ونادى,3,3.8745172997197435e-05
3494,ٱلعقبة,3,3.8745172997197435e-05
3495,دآبة,3,3.8745172997197435e-05
3496,غليظٖ,3,3.8745172997197435e-05
3497,عنيدٖ,3,3.8745172997197435e-05
3498,لعنةٗ,3,3.8745172997197435e-05
3499,فعقروها,3,3.8745172997197435e-05
3500,تمتعوا,3,3.8745172997197435e-05
3501,ٱلقوي,3,3.8745172997197435e-05
3502,رسلنآ,3,3.8745172997197435e-05
3503,خيفةٗ,3,3.8745172997197435e-05
3504,لشيء,3,3.8745172997197435e-05
3505,حميدٞ,3,3.8745172997197435e-05
3506,فأسر,3,3.8745172997197435e-05
3507,بأهلك,3,3.8745172997197435e-05
3508,نفعل,3,3.8745172997197435e-05
3509,وسلطنٖ,3,3.8745172997197435e-05
3510,ظلمنهم,3,3.8745172997197435e-05
3511,تطغوا,3,3.8745172997197435e-05
3512,تنصرون,3,3.8745172997197435e-05
3513,وأقم,3,3.8745172997197435e-05
3514,عملون,3,3.8745172997197435e-05
3515,ٱلأحاديث,3,3.8745172997197435e-05
3516,قآئلٞ,3,3.8745172997197435e-05
3517,غدٗا,3,3.8745172997197435e-05
3518,لحفظون,3,3.8745172997197435e-05
3519,ٱلذئب,3,3.8745172997197435e-05
3520,سولت,3,3.8745172997197435e-05
3521,وجآءت,3,3.8745172997197435e-05
3522,مصر,3,3.8745172997197435e-05
3523,مكنا,3,3.8745172997197435e-05
3524,دبرٖ,3,3.8745172997197435e-05
3525,لذنبك,3,3.8745172997197435e-05
3526,أيديهن,3,3.8745172997197435e-05
3527,ودخل,3,3.8745172997197435e-05
3528,أحدهمآ,3,3.8745172997197435e-05
3529,خضرٖ,3,3.8745172997197435e-05
3530,ٱرجع,3,3.8745172997197435e-05
3531,حفيظ,3,3.8745172997197435e-05
3532,أهلهم,3,3.8745172997197435e-05
3533,بابٖ,3,3.8745172997197435e-05
3534,ٱلمتوكلون,3,3.8745172997197435e-05
3535,حاجةٗ,3,3.8745172997197435e-05
3536,يأذن,3,3.8745172997197435e-05
3537,حفظين,3,3.8745172997197435e-05
3538,روح,3,3.8745172997197435e-05
3539,يجزي,3,3.8745172997197435e-05
3540,أبي,3,3.8745172997197435e-05
3541,عمدٖ,3,3.8745172997197435e-05
3542,ترونها,3,3.8745172997197435e-05
3543,يجري,3,3.8745172997197435e-05
3544,جديد,3,3.8745172997197435e-05
3545,ٱلأغلل,3,3.8745172997197435e-05
3546,ويستعجلونك,3,3.8745172997197435e-05
3547,لشديد,3,3.8745172997197435e-05
3548,خلفه,3,3.8745172997197435e-05
3549,مرد,3,3.8745172997197435e-05
3550,يريكم,3,3.8745172997197435e-05
3551,وطمعٗا,3,3.8745172997197435e-05
3552,يسجد,3,3.8745172997197435e-05
3553,ويخافون,3,3.8745172997197435e-05
3554,يدخلونها,3,3.8745172997197435e-05
3555,ٱللعنة,3,3.8745172997197435e-05
3556,ويهديٓ,3,3.8745172997197435e-05
3557,أناب,3,3.8745172997197435e-05
3558,بذكر,3,3.8745172997197435e-05
3559,بٱلرحمن,3,3.8745172997197435e-05
3560,تصيبهم,3,3.8745172997197435e-05
3561,هادٖ,3,3.8745172997197435e-05
3562,واقٖ,3,3.8745172997197435e-05
3563,بٔاية,3,3.8745172997197435e-05
3564,شكورٖ,3,3.8745172997197435e-05
3565,فأوحىٓ,3,3.8745172997197435e-05
3566,وعيد,3,3.8745172997197435e-05
3567,ٱلبعيد,3,3.8745172997197435e-05
3568,جديدٖ,3,3.8745172997197435e-05
3569,محيصٖ,3,3.8745172997197435e-05
3570,ٱلقرار,3,3.8745172997197435e-05
3571,فٱجعل,3,3.8745172997197435e-05
3572,إسمعيل,3,3.8745172997197435e-05
3573,يؤخرهم,3,3.8745172997197435e-05
3574,مهطعين,3,3.8745172997197435e-05
3575,مكروا,3,3.8745172997197435e-05
3576,وٱلسموت,3,3.8745172997197435e-05
3577,أجلها,3,3.8745172997197435e-05
3578,لمجنونٞ,3,3.8745172997197435e-05
3579,وأنبتنا,3,3.8745172997197435e-05
3580,نحي,3,3.8745172997197435e-05
3581,حمإٖ,3,3.8745172997197435e-05
3582,مسنونٖ,3,3.8745172997197435e-05
3583,أجمعون,3,3.8745172997197435e-05
3584,وعيون,3,3.8745172997197435e-05
3585,جئنك,3,3.8745172997197435e-05
3586,أدبرهم,3,3.8745172997197435e-05
3587,بيوتا,3,3.8745172997197435e-05
3588,وٱخفض,3,3.8745172997197435e-05
3589,أنك,3,3.8745172997197435e-05
3590,تعلى,3,3.8745172997197435e-05
3591,تميد,3,3.8745172997197435e-05
3592,تسرون,3,3.8745172997197435e-05
3593,تعلنون,3,3.8745172997197435e-05
3594,فألقوا,3,3.8745172997197435e-05
3595,ٱلمتكبرين,3,3.8745172997197435e-05
3596,رسولا,3,3.8745172997197435e-05
3597,يخسف,3,3.8745172997197435e-05
3598,ليكفروا,3,3.8745172997197435e-05
3599,ويجعلون,3,3.8745172997197435e-05
3600,موتهآ,3,3.8745172997197435e-05
3601,للشربين,3,3.8745172997197435e-05
3602,مختلف,3,3.8745172997197435e-05
3603,ألونه,3,3.8745172997197435e-05
3604,فضلوا,3,3.8745172997197435e-05
3605,نبعث,3,3.8745172997197435e-05
3606,يستعتبون,3,3.8745172997197435e-05
3607,يفسدون,3,3.8745172997197435e-05
3608,ونزلنا,3,3.8745172997197435e-05
3609,وٱلمنكر,3,3.8745172997197435e-05
3610,ولنجزينهم,3,3.8745172997197435e-05
3611,ٱلكذبون,3,3.8745172997197435e-05
3612,تأتي,3,3.8745172997197435e-05
3613,ليلٗا,3,3.8745172997197435e-05
3614,وجعلنه,3,3.8745172997197435e-05
3615,حملنا,3,3.8745172997197435e-05
3616,علوٗا,3,3.8745172997197435e-05
3617,بأسٖ,3,3.8745172997197435e-05
3618,مبصرةٗ,3,3.8745172997197435e-05
3619,ٱقرأ,3,3.8745172997197435e-05
3620,ٱلعاجلة,3,3.8745172997197435e-05
3621,أفٖ,3,3.8745172997197435e-05
3622,ٱلذل,3,3.8745172997197435e-05
3623,صرفنا,3,3.8745172997197435e-05
3624,ليذكروا,3,3.8745172997197435e-05
3625,نفورٗا,3,3.8745172997197435e-05
3626,تحويلا,3,3.8745172997197435e-05
3627,حاصبٗا,3,3.8745172997197435e-05
3628,خسارٗا,3,3.8745172997197435e-05
3629,أنعمنا,3,3.8745172997197435e-05
3630,لبعضٖ,3,3.8745172997197435e-05
3631,تنزيلٗا,3,3.8745172997197435e-05
3632,فرارٗا,3,3.8745172997197435e-05
3633,كلبهم,3,3.8745172997197435e-05
3634,نسيت,3,3.8745172997197435e-05
3635,لبثوا,3,3.8745172997197435e-05
3636,تريد,3,3.8745172997197435e-05
3637,كٱلمهل,3,3.8745172997197435e-05
3638,وٱضرب,3,3.8745172997197435e-05
3639,زرعٗا,3,3.8745172997197435e-05
3640,تظلم,3,3.8745172997197435e-05
3641,وفجرنا,3,3.8745172997197435e-05
3642,أظن,3,3.8745172997197435e-05
3643,لكنا,3,3.8745172997197435e-05
3644,ووضع,3,3.8745172997197435e-05
3645,مشفقين,3,3.8745172997197435e-05
3646,ٱلحوت,3,3.8745172997197435e-05
3647,ستجدنيٓ,3,3.8745172997197435e-05
3648,فٱنطلقا,3,3.8745172997197435e-05
3649,ٱلسفينة,3,3.8745172997197435e-05
3650,نكرٗا,3,3.8745172997197435e-05
3651,ٱلقرنين,3,3.8745172997197435e-05
3652,ذكرا,3,3.8745172997197435e-05
3653,سببا,3,3.8745172997197435e-05
3654,ووجد,3,3.8745172997197435e-05
3655,سدٗا,3,3.8745172997197435e-05
3656,ٱلحديد,3,3.8745172997197435e-05
3657,نزلا,3,3.8745172997197435e-05
3658,ٱلعظم,3,3.8745172997197435e-05
3659,شقيٗا,3,3.8745172997197435e-05
3660,سويٗا,3,3.8745172997197435e-05
3661,فخرج,3,3.8745172997197435e-05
3662,تقيٗا,3,3.8745172997197435e-05
3663,وسلم,3,3.8745172997197435e-05
3664,ولد,3,3.8745172997197435e-05
3665,روحنا,3,3.8745172997197435e-05
3666,مت,3,3.8745172997197435e-05
3667,سوءٖ,3,3.8745172997197435e-05
3668,أمك,3,3.8745172997197435e-05
3669,بٱلصلوة,3,3.8745172997197435e-05
3670,وإلينا,3,3.8745172997197435e-05
3671,تعبد,3,3.8745172997197435e-05
3672,جآءني,3,3.8745172997197435e-05
3673,يمسك,3,3.8745172997197435e-05
3674,تنته,3,3.8745172997197435e-05
3675,رحمتنآ,3,3.8745172997197435e-05
3676,وٱصطبر,3,3.8745172997197435e-05
3677,قرن,3,3.8745172997197435e-05
3678,تكاد,3,3.8745172997197435e-05
3679,تذكرةٗ,3,3.8745172997197435e-05
3680,وهل,3,3.8745172997197435e-05
3681,ءانست,3,3.8745172997197435e-05
3682,بٱلواد,3,3.8745172997197435e-05
3683,تسعى,3,3.8745172997197435e-05
3684,بنا,3,3.8745172997197435e-05
3685,أدلكم,3,3.8745172997197435e-05
3686,تقر,3,3.8745172997197435e-05
3687,لعله,3,3.8745172997197435e-05
3688,مهدٗا,3,3.8745172997197435e-05
3689,خاب,3,3.8745172997197435e-05
3690,يمينك,3,3.8745172997197435e-05
3691,وأبقى,3,3.8745172997197435e-05
3692,يحمل,3,3.8745172997197435e-05
3693,أمثلهم,3,3.8745172997197435e-05
3694,تنفع,3,3.8745172997197435e-05
3695,شجرة,3,3.8745172997197435e-05
3696,ٱلصحف,3,3.8745172997197435e-05
3697,فستعلمون,3,3.8745172997197435e-05
3698,ذكرٖ,3,3.8745172997197435e-05
3699,يويلنآ,3,3.8745172997197435e-05
3700,فسبحن,3,3.8745172997197435e-05
3701,فٱعبدون,3,3.8745172997197435e-05
3702,مكرمون,3,3.8745172997197435e-05
3703,ٱرتضى,3,3.8745172997197435e-05
3704,فذلك,3,3.8745172997197435e-05
3705,وءابآءهم,3,3.8745172997197435e-05
3706,يقال,3,3.8745172997197435e-05
3707,وأهله,3,3.8745172997197435e-05
3708,ٱلكرب,3,3.8745172997197435e-05
3709,ومثلهم,3,3.8745172997197435e-05
3710,وذا,3,3.8745172997197435e-05
3711,ٱلورثين,3,3.8745172997197435e-05
3712,يويلنا,3,3.8745172997197435e-05
3713,عمآ,3,3.8745172997197435e-05
3714,ٱلبعث,3,3.8745172997197435e-05
3715,نذقه,3,3.8745172997197435e-05
3716,تشرك,3,3.8745172997197435e-05
3717,جعلنها,3,3.8745172997197435e-05
3718,نصرهم,3,3.8745172997197435e-05
3719,أخرجوا,3,3.8745172997197435e-05
3720,لقوي,3,3.8745172997197435e-05
3721,يكذبوك,3,3.8745172997197435e-05
3722,وعادٞ,3,3.8745172997197435e-05
3723,يلقي,3,3.8745172997197435e-05
3724,لطيف,3,3.8745172997197435e-05
3725,لعلى,3,3.8745172997197435e-05
3726,ليكون,3,3.8745172997197435e-05
3727,خلقا,3,3.8745172997197435e-05
3728,لقدرون,3,3.8745172997197435e-05
3729,ٱنصرني,3,3.8745172997197435e-05
3730,أنشأنا,3,3.8745172997197435e-05
3731,وقلوبهم,3,3.8745172997197435e-05
3732,ينطق,3,3.8745172997197435e-05
3733,ورآئهم,3,3.8745172997197435e-05
3734,نفخ,3,3.8745172997197435e-05
3735,ٱلكريم,3,3.8745172997197435e-05
3736,يدع,3,3.8745172997197435e-05
3737,يرمون,3,3.8745172997197435e-05
3738,غضب,3,3.8745172997197435e-05
3739,إفكٞ,3,3.8745172997197435e-05
3740,زينتهن,3,3.8745172997197435e-05
3741,مبينتٖ,3,3.8745172997197435e-05
3742,كأنها,3,3.8745172997197435e-05
3743,موجٞ,3,3.8745172997197435e-05
3744,يضعن,3,3.8745172997197435e-05
3745,نشورٗا,3,3.8745172997197435e-05
3746,فجعلنه,3,3.8745172997197435e-05
3747,مستقرٗا,3,3.8745172997197435e-05
3748,ٱتخذت,3,3.8745172997197435e-05
3749,وثمودا,3,3.8745172997197435e-05
3750,ضربنا,3,3.8745172997197435e-05
3751,ٱلظل,3,3.8745172997197435e-05
3752,بلدةٗ,3,3.8745172997197435e-05
3753,فجعله,3,3.8745172997197435e-05
3754,مروا,3,3.8745172997197435e-05
3755,نشأ,3,3.8745172997197435e-05
3756,أعنقهم,3,3.8745172997197435e-05
3757,سيهدين,3,3.8745172997197435e-05
3758,بقلبٖ,3,3.8745172997197435e-05
3759,ونجني,3,3.8745172997197435e-05
3760,ٱلمشحون,3,3.8745172997197435e-05
3761,بمعذبين,3,3.8745172997197435e-05
3762,وتذرون,3,3.8745172997197435e-05
3763,يستعجلون,3,3.8745172997197435e-05
3764,ولى,3,3.8745172997197435e-05
3765,يوزعون,3,3.8745172997197435e-05
3766,ألقي,3,3.8745172997197435e-05
3767,أمرا,3,3.8745172997197435e-05
3768,يشكر,3,3.8745172997197435e-05
3769,مكرٗا,3,3.8745172997197435e-05
3770,عينٖ,3,3.8745172997197435e-05
3771,أمه,3,3.8745172997197435e-05
3772,شيعته,3,3.8745172997197435e-05
3773,قتلت,3,3.8745172997197435e-05
3774,فأخذنه,3,3.8745172997197435e-05
3775,أعرضوا,3,3.8745172997197435e-05
3776,يليت,3,3.8745172997197435e-05
3777,يلقىهآ,3,3.8745172997197435e-05
3778,وليعلمن,3,3.8745172997197435e-05
3779,حسب,3,3.8745172997197435e-05
3780,ووصينا,3,3.8745172997197435e-05
3781,يبدئ,3,3.8745172997197435e-05
3782,ٱلنشأة,3,3.8745172997197435e-05
3783,يجحد,3,3.8745172997197435e-05
3784,ضرٞ,3,3.8745172997197435e-05
3785,مصفرٗا,3,3.8745172997197435e-05
3786,فبشره,3,3.8745172997197435e-05
3787,يعرج,3,3.8745172997197435e-05
3788,ٱلمأوى,3,3.8745172997197435e-05
3789,منتقمون,3,3.8745172997197435e-05
3790,أمهتهم,3,3.8745172997197435e-05
3791,ٱلأدبر,3,3.8745172997197435e-05
3792,فأحبط,3,3.8745172997197435e-05
3793,أسوة,3,3.8745172997197435e-05
3794,زادهم,3,3.8745172997197435e-05
3795,جميلٗا,3,3.8745172997197435e-05
3796,أمسك,3,3.8745172997197435e-05
3797,أفآء,3,3.8745172997197435e-05
3798,يدريك,3,3.8745172997197435e-05
3799,لعل,3,3.8745172997197435e-05
3800,وقدر,3,3.8745172997197435e-05
3801,وقليلٞ,3,3.8745172997197435e-05
3802,جنتان,3,3.8745172997197435e-05
3803,أروني,3,3.8745172997197435e-05
3804,تضع,3,3.8745172997197435e-05
3805,جميعٞ,3,3.8745172997197435e-05
3806,وءايةٞ,3,3.8745172997197435e-05
3807,ٱلأجداث,3,3.8745172997197435e-05
3808,بقدر,3,3.8745172997197435e-05
3809,أهم,3,3.8745172997197435e-05
3810,خلقنهم,3,3.8745172997197435e-05
3811,قصرت,3,3.8745172997197435e-05
3812,ٱلطرف,3,3.8745172997197435e-05
3813,عينٞ,3,3.8745172997197435e-05
3814,ٱلبطون,3,3.8745172997197435e-05
3815,منذرين,3,3.8745172997197435e-05
3816,فراغ,3,3.8745172997197435e-05
3817,فكفروا,3,3.8745172997197435e-05
3818,فتول,3,3.8745172997197435e-05
3819,أواب,3,3.8745172997197435e-05
3820,حميمٞ,3,3.8745172997197435e-05
3821,ٱلغفر,3,3.8745172997197435e-05
3822,نعمةٗ,3,3.8745172997197435e-05
3823,يعباد,3,3.8745172997197435e-05
3824,جآءوها,3,3.8745172997197435e-05
3825,ممنونٖ,3,3.8745172997197435e-05
3826,أمرها,3,3.8745172997197435e-05
3827,ٱلجمع,3,3.8745172997197435e-05
3828,ٱلجوار,3,3.8745172997197435e-05
3829,بذلك,3,3.8745172997197435e-05
3830,يظهرون,3,3.8745172997197435e-05
3831,يضحكون,3,3.8745172997197435e-05
3832,يلقوا,3,3.8745172997197435e-05
3833,فكهين,3,3.8745172997197435e-05
3834,مولى,3,3.8745172997197435e-05
3835,يعرض,3,3.8745172997197435e-05
3836,وأنهرٞ,3,3.8745172997197435e-05
3837,حميمٗا,3,3.8745172997197435e-05
3838,يبخل,3,3.8745172997197435e-05
3839,جنود,3,3.8745172997197435e-05
3840,لتؤمنوا,3,3.8745172997197435e-05
3841,فأصلحوا,3,3.8745172997197435e-05
3842,لوقعٞ,3,3.8745172997197435e-05
3843,تذر,3,3.8745172997197435e-05
3844,هنيٓٔا,3,3.8745172997197435e-05
3845,لحكم,3,3.8745172997197435e-05
3846,بٱلحسنى,3,3.8745172997197435e-05
3847,نطفة,3,3.8745172997197435e-05
3848,سيعلمون,3,3.8745172997197435e-05
3849,ٱلميزان,3,3.8745172997197435e-05
3850,إنسٞ,3,3.8745172997197435e-05
3851,ٱلميمنة,3,3.8745172997197435e-05
3852,ٱلمشٔمة,3,3.8745172997197435e-05
3853,نعيمٖ,3,3.8745172997197435e-05
3854,وأمآ,3,3.8745172997197435e-05
3855,أجرٞ,3,3.8745172997197435e-05
3856,مسكينٗا,3,3.8745172997197435e-05
3857,جنةٗ,3,3.8745172997197435e-05
3858,خشعة,3,3.8745172997197435e-05
3859,ٱلحآقة,3,3.8745172997197435e-05
3860,بقول,3,3.8745172997197435e-05
3861,للبشر,3,3.8745172997197435e-05
3862,بٱلدين,3,3.8745172997197435e-05
3863,ٱلقدر,3,3.8745172997197435e-05
3864,ٱلقارعة,3,3.8745172997197435e-05
3865,ويقيمون,2,2.5830115331464954e-05
3866,ءأنذرتهم,2,2.5830115331464954e-05
3867,تنذرهم,2,2.5830115331464954e-05
3868,فزادهم,2,2.5830115331464954e-05
3869,مصلحون,2,2.5830115331464954e-05
3870,لقوا,2,2.5830115331464954e-05
3871,ظلمتٖ,2,2.5830115331464954e-05
3872,صم,2,2.5830115331464954e-05
3873,عميٞ,2,2.5830115331464954e-05
3874,يجعلون,2,2.5830115331464954e-05
3875,أصبعهم,2,2.5830115331464954e-05
3876,ٱلصوعق,2,2.5830115331464954e-05
3877,حذر,2,2.5830115331464954e-05
3878,لذهب,2,2.5830115331464954e-05
3879,بنآءٗ,2,2.5830115331464954e-05
3880,ريبٖ,2,2.5830115331464954e-05
3881,بسورةٖ,2,2.5830115331464954e-05
3882,شهدآءكم,2,2.5830115331464954e-05
3883,وقودها,2,2.5830115331464954e-05
3884,وٱلحجارة,2,2.5830115331464954e-05
3885,وأتوا,2,2.5830115331464954e-05
3886,أزوجٞ,2,2.5830115331464954e-05
3887,ميثقه,2,2.5830115331464954e-05
3888,ويقطعون,2,2.5830115331464954e-05
3889,ويفسدون,2,2.5830115331464954e-05
3890,ٱستوىٓ,2,2.5830115331464954e-05
3891,خليفةٗ,2,2.5830115331464954e-05
3892,وعلم,2,2.5830115331464954e-05
3893,بأسمآئهم,2,2.5830115331464954e-05
3894,أبى,2,2.5830115331464954e-05
3895,ٱسكن,2,2.5830115331464954e-05
3896,وزوجك,2,2.5830115331464954e-05
3897,وكلا,2,2.5830115331464954e-05
3898,شئتما,2,2.5830115331464954e-05
3899,تقربا,2,2.5830115331464954e-05
3900,فتكونا,2,2.5830115331464954e-05
3901,كانا,2,2.5830115331464954e-05
3902,تبع,2,2.5830115331464954e-05
3903,هداي,2,2.5830115331464954e-05
3904,فٱرهبون,2,2.5830115331464954e-05
3905,تكونوٓا,2,2.5830115331464954e-05
3906,ٱلركعين,2,2.5830115331464954e-05
3907,بٱلبر,2,2.5830115331464954e-05
3908,وتنسون,2,2.5830115331464954e-05
3909,وإنها,2,2.5830115331464954e-05
3910,لكبيرة,2,2.5830115331464954e-05
3911,وأني,2,2.5830115331464954e-05
3912,فضلتكم,2,2.5830115331464954e-05
3913,تجزي,2,2.5830115331464954e-05
3914,عدلٞ,2,2.5830115331464954e-05
3915,وأغرقنآ,2,2.5830115331464954e-05
3916,وٱلفرقان,2,2.5830115331464954e-05
3917,ظلمتم,2,2.5830115331464954e-05
3918,بارئكم,2,2.5830115331464954e-05
3919,جهرةٗ,2,2.5830115331464954e-05
3920,وظللنا,2,2.5830115331464954e-05
3921,ٱلغمام,2,2.5830115331464954e-05
3922,ظلمونا,2,2.5830115331464954e-05
3923,رغدٗا,2,2.5830115331464954e-05
3924,حطةٞ,2,2.5830115331464954e-05
3925,نغفر,2,2.5830115331464954e-05
3926,خطيكم,2,2.5830115331464954e-05
3927,فبدل,2,2.5830115331464954e-05
3928,ٱثنتا,2,2.5830115331464954e-05
3929,أناسٖ,2,2.5830115331464954e-05
3930,مشربهم,2,2.5830115331464954e-05
3931,رزق,2,2.5830115331464954e-05
3932,فٱدع,2,2.5830115331464954e-05
3933,وضربت,2,2.5830115331464954e-05
3934,ٱلذلة,2,2.5830115331464954e-05
3935,وبآءو,2,2.5830115331464954e-05
3936,وٱلصبٔين,2,2.5830115331464954e-05
3937,قردة,2,2.5830115331464954e-05
3938,خسٔين,2,2.5830115331464954e-05
3939,فجعلنها,2,2.5830115331464954e-05
3940,نكلٗا,2,2.5830115331464954e-05
3941,تؤمرون,2,2.5830115331464954e-05
3942,لونها,2,2.5830115331464954e-05
3943,تشبه,2,2.5830115331464954e-05
3944,لمهتدون,2,2.5830115331464954e-05
3945,مخرجٞ,2,2.5830115331464954e-05
3946,ويريكم,2,2.5830115331464954e-05
3947,قست,2,2.5830115331464954e-05
3948,خلا,2,2.5830115331464954e-05
3949,أماني,2,2.5830115331464954e-05
3950,كتبت,2,2.5830115331464954e-05
3951,تمسنا,2,2.5830115331464954e-05
3952,يردون,2,2.5830115331464954e-05
3953,وأيدنه,2,2.5830115331464954e-05
3954,تهوىٓ,2,2.5830115331464954e-05
3955,كذبتم,2,2.5830115331464954e-05
3956,وفريقٗا,2,2.5830115331464954e-05
3957,غلف,2,2.5830115331464954e-05
3958,عرفوا,2,2.5830115331464954e-05
3959,أنبيآء,2,2.5830115331464954e-05
3960,وعصينا,2,2.5830115331464954e-05
3961,فتمنوا,2,2.5830115331464954e-05
3962,نزله,2,2.5830115331464954e-05
3963,وجبريل,2,2.5830115331464954e-05
3964,يفرقون,2,2.5830115331464954e-05
3965,ٱشترىه,2,2.5830115331464954e-05
3966,يختص,2,2.5830115331464954e-05
3967,برحمته,2,2.5830115331464954e-05
3968,رسولكم,2,2.5830115331464954e-05
3969,ود,2,2.5830115331464954e-05
3970,تجدوه,2,2.5830115331464954e-05
3971,فلهٓ,2,2.5830115331464954e-05
3972,ليست,2,2.5830115331464954e-05
3973,وسعى,2,2.5830115331464954e-05
3974,قنتون,2,2.5830115331464954e-05
3975,بديع,2,2.5830115331464954e-05
3976,ترضى,2,2.5830115331464954e-05
3977,ملتهم,2,2.5830115331464954e-05
3978,ينال,2,2.5830115331464954e-05
3979,للطآئفين,2,2.5830115331464954e-05
3980,وٱلركع,2,2.5830115331464954e-05
3981,يرفع,2,2.5830115331464954e-05
3982,ٱلقواعد,2,2.5830115331464954e-05
3983,وٱجعلنا,2,2.5830115331464954e-05
3984,وتب,2,2.5830115331464954e-05
3985,وٱبعث,2,2.5830115331464954e-05
3986,أسلمت,2,2.5830115331464954e-05
3987,تموتن,2,2.5830115331464954e-05
3988,بعدي,2,2.5830115331464954e-05
3989,إلهك,2,2.5830115331464954e-05
3990,وإله,2,2.5830115331464954e-05
3991,تهتدوا,2,2.5830115331464954e-05
3992,قولوٓا,2,2.5830115331464954e-05
3993,ٱلنبيون,2,2.5830115331464954e-05
3994,قبلتهم,2,2.5830115331464954e-05
3995,جعلنكم,2,2.5830115331464954e-05
3996,لتكونوا,2,2.5830115331464954e-05
3997,قبلةٗ,2,2.5830115331464954e-05
3998,وحيث,2,2.5830115331464954e-05
3999,فولوا,2,2.5830115331464954e-05
4000,شطره,2,2.5830115331464954e-05
4001,بتابعٖ,2,2.5830115331464954e-05
4002,يعرفونه,2,2.5830115331464954e-05
4003,خرجت,2,2.5830115331464954e-05
4004,تخشوهم,2,2.5830115331464954e-05
4005,ٱستعينوا,2,2.5830115331464954e-05
4006,ولنبلونكم,2,2.5830115331464954e-05
4007,ونقصٖ,2,2.5830115331464954e-05
4008,أصبتهم,2,2.5830115331464954e-05
4009,حج,2,2.5830115331464954e-05
4010,يطوف,2,2.5830115331464954e-05
4011,تطوع,2,2.5830115331464954e-05
4012,وإلهكم,2,2.5830115331464954e-05
4013,وٱلفلك,2,2.5830115331464954e-05
4014,وتصريف,2,2.5830115331464954e-05
4015,تبرأ,2,2.5830115331464954e-05
4016,حسرت,2,2.5830115331464954e-05
4017,بخرجين,2,2.5830115331464954e-05
4018,وٱلفحشآء,2,2.5830115331464954e-05
4019,يزكيهم,2,2.5830115331464954e-05
4020,حبه,2,2.5830115331464954e-05
4021,ذوي,2,2.5830115331464954e-05
4022,وأقام,2,2.5830115331464954e-05
4023,ٱلبأسآء,2,2.5830115331464954e-05
4024,ٱلبأس,2,2.5830115331464954e-05
4025,ٱلقصاص,2,2.5830115331464954e-05
4026,وٱلأنثى,2,2.5830115331464954e-05
4027,بٱلأنثى,2,2.5830115331464954e-05
4028,ٱلوصية,2,2.5830115331464954e-05
4029,بدله,2,2.5830115331464954e-05
4030,سمعه,2,2.5830115331464954e-05
4031,فإنمآ,2,2.5830115331464954e-05
4032,فعدةٞ,2,2.5830115331464954e-05
4033,أخر,2,2.5830115331464954e-05
4034,ٱلعدة,2,2.5830115331464954e-05
4035,دعوة,2,2.5830115331464954e-05
4036,فليستجيبوا,2,2.5830115331464954e-05
4037,لباسٞ,2,2.5830115331464954e-05
4038,وٱبتغوا,2,2.5830115331464954e-05
4039,ٱلخيط,2,2.5830115331464954e-05
4040,عكفون,2,2.5830115331464954e-05
4041,لتأكلوا,2,2.5830115331464954e-05
4042,ظهورها,2,2.5830115331464954e-05
4043,تعتدوٓا,2,2.5830115331464954e-05
4044,ثقفتموهم,2,2.5830115331464954e-05
4045,وٱلفتنة,2,2.5830115331464954e-05
4046,تقتلوهم,2,2.5830115331464954e-05
4047,قتلوكم,2,2.5830115331464954e-05
4048,وقتلوهم,2,2.5830115331464954e-05
4049,عدون,2,2.5830115331464954e-05
4050,قصاصٞ,2,2.5830115331464954e-05
4051,بأيديكم,2,2.5830115331464954e-05
4052,ٱستيسر,2,2.5830115331464954e-05
4053,رءوسكم,2,2.5830115331464954e-05
4054,محله,2,2.5830115331464954e-05
4055,تمتع,2,2.5830115331464954e-05
4056,رجعتم,2,2.5830115331464954e-05
4057,فسوق,2,2.5830115331464954e-05
4058,تبتغوا,2,2.5830115331464954e-05
4059,أفضتم,2,2.5830115331464954e-05
4060,أفيضوا,2,2.5830115331464954e-05
4061,قضيتم,2,2.5830115331464954e-05
4062,وقنا,2,2.5830115331464954e-05
4063,تأخر,2,2.5830115331464954e-05
4064,قوله,2,2.5830115331464954e-05
4065,ٱلخصام,2,2.5830115331464954e-05
4066,ٱتق,2,2.5830115331464954e-05
4067,أخذته,2,2.5830115331464954e-05
4068,رءوف,2,2.5830115331464954e-05
4069,ظللٖ,2,2.5830115331464954e-05
4070,ويسخرون,2,2.5830115331464954e-05
4071,فبعث,2,2.5830115331464954e-05
4072,مستقيم,2,2.5830115331464954e-05
4073,وزلزلوا,2,2.5830115331464954e-05
4074,وعسىٓ,2,2.5830115331464954e-05
4075,وصد,2,2.5830115331464954e-05
4076,وٱلمسجد,2,2.5830115331464954e-05
4077,يزالون,2,2.5830115331464954e-05
4078,دينه,2,2.5830115331464954e-05
4079,كافرٞ,2,2.5830115331464954e-05
4080,فيهمآ,2,2.5830115331464954e-05
4081,إثمٞ,2,2.5830115331464954e-05
4082,ٱلعفو,2,2.5830115331464954e-05
4083,أعجبتكم,2,2.5830115331464954e-05
4084,مؤمن,2,2.5830115331464954e-05
4085,ويبين,2,2.5830115331464954e-05
4086,حرثكم,2,2.5830115331464954e-05
4087,ٱلطلق,2,2.5830115331464954e-05
4088,يتربصن,2,2.5830115331464954e-05
4089,بأنفسهن,2,2.5830115331464954e-05
4090,إصلحٗا,2,2.5830115331464954e-05
4091,ولهن,2,2.5830115331464954e-05
4092,تأخذوا,2,2.5830115331464954e-05
4093,يتعد,2,2.5830115331464954e-05
4094,طلقها,2,2.5830115331464954e-05
4095,تحل,2,2.5830115331464954e-05
4096,عليهمآ,2,2.5830115331464954e-05
4097,فبلغن,2,2.5830115331464954e-05
4098,ضرارٗا,2,2.5830115331464954e-05
4099,تعضلوهن,2,2.5830115331464954e-05
4100,ترضوا,2,2.5830115331464954e-05
4101,يوعظ,2,2.5830115331464954e-05
4102,وأطهر,2,2.5830115331464954e-05
4103,أولدهن,2,2.5830115331464954e-05
4104,تكلف,2,2.5830115331464954e-05
4105,تراضٖ,2,2.5830115331464954e-05
4106,يتوفون,2,2.5830115331464954e-05
4107,بلغن,2,2.5830115331464954e-05
4108,فعلن,2,2.5830115331464954e-05
4109,أنفسهن,2,2.5830115331464954e-05
4110,عقدة,2,2.5830115331464954e-05
4111,أجله,2,2.5830115331464954e-05
4112,طلقتموهن,2,2.5830115331464954e-05
4113,فرضتم,2,2.5830115331464954e-05
4114,وصيةٗ,2,2.5830115331464954e-05
4115,معروفٖ,2,2.5830115331464954e-05
4116,موتوا,2,2.5830115331464954e-05
4117,يقرض,2,2.5830115331464954e-05
4118,فيضعفه,2,2.5830115331464954e-05
4119,ٱلملإ,2,2.5830115331464954e-05
4120,نقتل,2,2.5830115331464954e-05
4121,عسيتم,2,2.5830115331464954e-05
4122,نبيهم,2,2.5830115331464954e-05
4123,طالوت,2,2.5830115331464954e-05
4124,ملكه,2,2.5830115331464954e-05
4125,ٱلتابوت,2,2.5830115331464954e-05
4126,تحمله,2,2.5830115331464954e-05
4127,منيٓ,2,2.5830115331464954e-05
4128,طاقة,2,2.5830115331464954e-05
4129,فئةٗ,2,2.5830115331464954e-05
4130,برزوا,2,2.5830115331464954e-05
4131,وثبت,2,2.5830115331464954e-05
4132,وٱنصرنا,2,2.5830115331464954e-05
4133,وقتل,2,2.5830115331464954e-05
4134,دفع,2,2.5830115331464954e-05
4135,لفسدت,2,2.5830115331464954e-05
4136,ٱقتتلوا,2,2.5830115331464954e-05
4137,بيعٞ,2,2.5830115331464954e-05
4138,يحيطون,2,2.5830115331464954e-05
4139,كرسيه,2,2.5830115331464954e-05
4140,ويؤمن,2,2.5830115331464954e-05
4141,ٱستمسك,2,2.5830115331464954e-05
4142,بٱلعروة,2,2.5830115331464954e-05
4143,ٱلوثقى,2,2.5830115331464954e-05
4144,أوليآؤهم,2,2.5830115331464954e-05
4145,ءاتىه,2,2.5830115331464954e-05
4146,أربعةٗ,2,2.5830115331464954e-05
4147,معروفٞ,2,2.5830115331464954e-05
4148,رئآء,2,2.5830115331464954e-05
4149,فمثله,2,2.5830115331464954e-05
4150,ذريةٞ,2,2.5830115331464954e-05
4151,تنفقون,2,2.5830115331464954e-05
4152,حميد,2,2.5830115331464954e-05
4153,يوف,2,2.5830115331464954e-05
4154,وأحل,2,2.5830115331464954e-05
4155,موعظةٞ,2,2.5830115331464954e-05
4156,ٱلربوٓا,2,2.5830115331464954e-05
4157,تبتم,2,2.5830115331464954e-05
4158,رءوس,2,2.5830115331464954e-05
4159,توفى,2,2.5830115331464954e-05
4160,كاتب,2,2.5830115331464954e-05
4161,يأب,2,2.5830115331464954e-05
4162,يكتب,2,2.5830115331464954e-05
4163,وليتق,2,2.5830115331464954e-05
4164,ضعيفا,2,2.5830115331464954e-05
4165,يستطيع,2,2.5830115331464954e-05
4166,رجالكم,2,2.5830115331464954e-05
4167,ٱلشهدآء,2,2.5830115331464954e-05
4168,تضل,2,2.5830115331464954e-05
4169,كبيرا,2,2.5830115331464954e-05
4170,أقسط,2,2.5830115331464954e-05
4171,ٱلشهدة,2,2.5830115331464954e-05
4172,يكلف,2,2.5830115331464954e-05
4173,قبلنا,2,2.5830115331464954e-05
4174,مولىنا,2,2.5830115331464954e-05
4175,ٱنتقام,2,2.5830115331464954e-05
4176,فيتبعون,2,2.5830115331464954e-05
4177,وٱبتغآء,2,2.5830115331464954e-05
4178,جامع,2,2.5830115331464954e-05
4179,فئتين,2,2.5830115331464954e-05
4180,فئةٞ,2,2.5830115331464954e-05
4181,حب,2,2.5830115331464954e-05
4182,ٱلذهب,2,2.5830115331464954e-05
4183,وٱلفضة,2,2.5830115331464954e-05
4184,وٱلخيل,2,2.5830115331464954e-05
4185,حسن,2,2.5830115331464954e-05
4186,وٱلصدقين,2,2.5830115331464954e-05
4187,وٱلقنتين,2,2.5830115331464954e-05
4188,وجهي,2,2.5830115331464954e-05
4189,ووفيت,2,2.5830115331464954e-05
4190,بيدك,2,2.5830115331464954e-05
4191,وتخرج,2,2.5830115331464954e-05
4192,تتقوا,2,2.5830115331464954e-05
4193,ويحذركم,2,2.5830115331464954e-05
4194,بينها,2,2.5830115331464954e-05
4195,أمدا,2,2.5830115331464954e-05
4196,فٱتبعوني,2,2.5830115331464954e-05
4197,ٱصطفىٓ,2,2.5830115331464954e-05
4198,نذرت,2,2.5830115331464954e-05
4199,فتقبل,2,2.5830115331464954e-05
4200,وإنيٓ,2,2.5830115331464954e-05
4201,ٱلرجيم,2,2.5830115331464954e-05
4202,دخل,2,2.5830115331464954e-05
4203,طيبة,2,2.5830115331464954e-05
4204,قآئمٞ,2,2.5830115331464954e-05
4205,يصلي,2,2.5830115331464954e-05
4206,يبشرك,2,2.5830115331464954e-05
4207,بكلمةٖ,2,2.5830115331464954e-05
4208,وٱلإبكر,2,2.5830115331464954e-05
4209,نسآء,2,2.5830115331464954e-05
4210,لربك,2,2.5830115331464954e-05
4211,نوحيه,2,2.5830115331464954e-05
4212,وجيهٗا,2,2.5830115331464954e-05
4213,وكهلٗا,2,2.5830115331464954e-05
4214,يمسسني,2,2.5830115331464954e-05
4215,وٱلتورىة,2,2.5830115331464954e-05
4216,كهئة,2,2.5830115331464954e-05
4217,ٱلأكمه,2,2.5830115331464954e-05
4218,وٱلأبرص,2,2.5830115331464954e-05
4219,ومصدقٗا,2,2.5830115331464954e-05
4220,أنصاريٓ,2,2.5830115331464954e-05
4221,وٱشهد,2,2.5830115331464954e-05
4222,بأنا,2,2.5830115331464954e-05
4223,فٱكتبنا,2,2.5830115331464954e-05
4224,ٱلمكرين,2,2.5830115331464954e-05
4225,فيوفيهم,2,2.5830115331464954e-05
4226,بٱلمفسدين,2,2.5830115331464954e-05
4227,أربابٗا,2,2.5830115331464954e-05
4228,فقولوا,2,2.5830115331464954e-05
4229,تحآجون,2,2.5830115331464954e-05
4230,مسلمٗا,2,2.5830115331464954e-05
4231,تؤمنوٓا,2,2.5830115331464954e-05
4232,بيد,2,2.5830115331464954e-05
4233,تأمنه,2,2.5830115331464954e-05
4234,يؤدهٓ,2,2.5830115331464954e-05
4235,بعهده,2,2.5830115331464954e-05
4236,وٱتقى,2,2.5830115331464954e-05
4237,عبادٗا,2,2.5830115331464954e-05
4238,تدرسون,2,2.5830115331464954e-05
4239,طوعٗا,2,2.5830115331464954e-05
4240,وكرهٗا,2,2.5830115331464954e-05
4241,ٱزدادوا,2,2.5830115331464954e-05
4242,مباركٗا,2,2.5830115331464954e-05
4243,بينتٞ,2,2.5830115331464954e-05
4244,وفيكم,2,2.5830115331464954e-05
4245,تفرقوا,2,2.5830115331464954e-05
4246,فأصبحتم,2,2.5830115331464954e-05
4247,شفا,2,2.5830115331464954e-05
4248,وتؤمنون,2,2.5830115331464954e-05
4249,ٱلأدبار,2,2.5830115331464954e-05
4250,ثقفوٓا,2,2.5830115331464954e-05
4251,ليسوا,2,2.5830115331464954e-05
4252,قآئمةٞ,2,2.5830115331464954e-05
4253,ءانآء,2,2.5830115331464954e-05
4254,يفعلوا,2,2.5830115331464954e-05
4255,بٱلمتقين,2,2.5830115331464954e-05
4256,خبالٗا,2,2.5830115331464954e-05
4257,عنتم,2,2.5830115331464954e-05
4258,بدت,2,2.5830115331464954e-05
4259,تخفي,2,2.5830115331464954e-05
4260,أولآء,2,2.5830115331464954e-05
4261,تسؤهم,2,2.5830115331464954e-05
4262,همت,2,2.5830115331464954e-05
4263,طآئفتان,2,2.5830115331464954e-05
4264,ءالفٖ,2,2.5830115331464954e-05
4265,منزلين,2,2.5830115331464954e-05
4266,ولتطمئن,2,2.5830115331464954e-05
4267,ليقطع,2,2.5830115331464954e-05
4268,وجنة,2,2.5830115331464954e-05
4269,عرضها,2,2.5830115331464954e-05
4270,فٱستغفروا,2,2.5830115331464954e-05
4271,ٱلذنوب,2,2.5830115331464954e-05
4272,وجنتٞ,2,2.5830115331464954e-05
4273,فسيروا,2,2.5830115331464954e-05
4274,وموعظةٞ,2,2.5830115331464954e-05
4275,ٱلأعلون,2,2.5830115331464954e-05
4276,قرحٞ,2,2.5830115331464954e-05
4277,ٱلأيام,2,2.5830115331464954e-05
4278,ويتخذ,2,2.5830115331464954e-05
4279,وليمحص,2,2.5830115331464954e-05
4280,تمنون,2,2.5830115331464954e-05
4281,محمد,2,2.5830115331464954e-05
4282,أفإين,2,2.5830115331464954e-05
4283,مات,2,2.5830115331464954e-05
4284,ٱنقلبتم,2,2.5830115331464954e-05
4285,لنفس,2,2.5830115331464954e-05
4286,تموت,2,2.5830115331464954e-05
4287,نبيٖ,2,2.5830115331464954e-05
4288,ٱستكانوا,2,2.5830115331464954e-05
4289,فتنقلبوا,2,2.5830115331464954e-05
4290,سنلقي,2,2.5830115331464954e-05
4291,أمنةٗ,2,2.5830115331464954e-05
4292,طآئفةٗ,2,2.5830115331464954e-05
4293,قتلنا,2,2.5830115331464954e-05
4294,حسرةٗ,2,2.5830115331464954e-05
4295,لإلى,2,2.5830115331464954e-05
4296,فٱعف,2,2.5830115331464954e-05
4297,فتوكل,2,2.5830115331464954e-05
4298,لنبي,2,2.5830115331464954e-05
4299,غل,2,2.5830115331464954e-05
4300,بآء,2,2.5830115331464954e-05
4301,درجت,2,2.5830115331464954e-05
4302,أصبتكم,2,2.5830115331464954e-05
4303,فبإذن,2,2.5830115331464954e-05
4304,نافقوا,2,2.5830115331464954e-05
4305,يرزقون,2,2.5830115331464954e-05
4306,يلحقوا,2,2.5830115331464954e-05
4307,بنعمةٖ,2,2.5830115331464954e-05
4308,يخوف,2,2.5830115331464954e-05
4309,نملي,2,2.5830115331464954e-05
4310,ليزدادوٓا,2,2.5830115331464954e-05
4311,بخلوا,2,2.5830115331464954e-05
4312,ميرث,2,2.5830115331464954e-05
4313,سمع,2,2.5830115331464954e-05
4314,فقيرٞ,2,2.5830115331464954e-05
4315,سنكتب,2,2.5830115331464954e-05
4316,وقتلهم,2,2.5830115331464954e-05
4317,ونقول,2,2.5830115331464954e-05
4318,يأتينا,2,2.5830115331464954e-05
4319,وٱلزبر,2,2.5830115331464954e-05
4320,ٱلمنير,2,2.5830115331464954e-05
4321,أجوركم,2,2.5830115331464954e-05
4322,فاز,2,2.5830115331464954e-05
4323,يفرحون,2,2.5830115331464954e-05
4324,وقعودٗا,2,2.5830115331464954e-05
4325,جنوبهم,2,2.5830115331464954e-05
4326,بطلٗا,2,2.5830115331464954e-05
4327,أنصارٖ,2,2.5830115331464954e-05
4328,فٔامنا,2,2.5830115331464954e-05
4329,وتوفنا,2,2.5830115331464954e-05
4330,عملٖ,2,2.5830115331464954e-05
4331,وأوذوا,2,2.5830115331464954e-05
4332,سبيلي,2,2.5830115331464954e-05
4333,لأكفرن,2,2.5830115331464954e-05
4334,ولأدخلنهم,2,2.5830115331464954e-05
4335,ٱلثواب,2,2.5830115331464954e-05
4336,ونسآءٗ,2,2.5830115331464954e-05
4337,رقيبٗا,2,2.5830115331464954e-05
4338,وثلث,2,2.5830115331464954e-05
4339,وربع,2,2.5830115331464954e-05
4340,بلغوا,2,2.5830115331464954e-05
4341,فقيرٗا,2,2.5830115331464954e-05
4342,للرجال,2,2.5830115331464954e-05
4343,وللنسآء,2,2.5830115331464954e-05
4344,مفروضٗا,2,2.5830115331464954e-05
4345,تركوا,2,2.5830115331464954e-05
4346,وليقولوا,2,2.5830115331464954e-05
4347,فلهن,2,2.5830115331464954e-05
4348,أبواه,2,2.5830115331464954e-05
4349,فلأمه,2,2.5830115331464954e-05
4350,ٱلثلث,2,2.5830115331464954e-05
4351,إخوةٞ,2,2.5830115331464954e-05
4352,وأبنآؤكم,2,2.5830115331464954e-05
4353,ٱلربع,2,2.5830115331464954e-05
4354,تركن,2,2.5830115331464954e-05
4355,دينٖ,2,2.5830115331464954e-05
4356,تركتم,2,2.5830115331464954e-05
4357,أختٞ,2,2.5830115331464954e-05
4358,شهدوا,2,2.5830115331464954e-05
4359,توابٗا,2,2.5830115331464954e-05
4360,وءاتيتم,2,2.5830115331464954e-05
4361,وأخوتكم,2,2.5830115331464954e-05
4362,محصنين,2,2.5830115331464954e-05
4363,مسفحين,2,2.5830115331464954e-05
4364,فٔاتوهن,2,2.5830115331464954e-05
4365,يستطع,2,2.5830115331464954e-05
4366,ينكح,2,2.5830115331464954e-05
4367,فتيتكم,2,2.5830115331464954e-05
4368,أخدانٖ,2,2.5830115331464954e-05
4369,ويهديكم,2,2.5830115331464954e-05
4370,تميلوا,2,2.5830115331464954e-05
4371,ضعيفٗا,2,2.5830115331464954e-05
4372,نكفر,2,2.5830115331464954e-05
4373,ٱكتسبوا,2,2.5830115331464954e-05
4374,وسٔلوا,2,2.5830115331464954e-05
4375,وبمآ,2,2.5830115331464954e-05
4376,للغيب,2,2.5830115331464954e-05
4377,ٱلمضاجع,2,2.5830115331464954e-05
4378,عليٗا,2,2.5830115331464954e-05
4379,وٱلجار,2,2.5830115331464954e-05
4380,بٱلبخل,2,2.5830115331464954e-05
4381,بٱليوم,2,2.5830115331464954e-05
4382,قرينٗا,2,2.5830115331464954e-05
4383,ويؤت,2,2.5830115331464954e-05
4384,لدنه,2,2.5830115331464954e-05
4385,وعصوا,2,2.5830115331464954e-05
4386,سكرى,2,2.5830115331464954e-05
4387,تعلموا,2,2.5830115331464954e-05
4388,سفر,2,2.5830115331464954e-05
4389,ٱلغآئط,2,2.5830115331464954e-05
4390,لمستم,2,2.5830115331464954e-05
4391,فتيمموا,2,2.5830115331464954e-05
4392,فٱمسحوا,2,2.5830115331464954e-05
4393,بوجوهكم,2,2.5830115331464954e-05
4394,تضلوا,2,2.5830115331464954e-05
4395,وٱسمع,2,2.5830115331464954e-05
4396,بألسنتهم,2,2.5830115331464954e-05
4397,مفعولا,2,2.5830115331464954e-05
4398,يزكي,2,2.5830115331464954e-05
4399,فتيلا,2,2.5830115331464954e-05
4400,مبينا,2,2.5830115331464954e-05
4401,ءاتينآ,2,2.5830115331464954e-05
4402,بجهنم,2,2.5830115331464954e-05
4403,جلودهم,2,2.5830115331464954e-05
4404,سندخلهم,2,2.5830115331464954e-05
4405,لوجدوا,2,2.5830115331464954e-05
4406,حرجٗا,2,2.5830115331464954e-05
4407,ٱقتلوٓا,2,2.5830115331464954e-05
4408,لأٓتينهم,2,2.5830115331464954e-05
4409,لدنآ,2,2.5830115331464954e-05
4410,وٱلصلحين,2,2.5830115331464954e-05
4411,حذركم,2,2.5830115331464954e-05
4412,وبينه,2,2.5830115331464954e-05
4413,نؤتيه,2,2.5830115331464954e-05
4414,وٱلمستضعفين,2,2.5830115331464954e-05
4415,وٱلنسآء,2,2.5830115331464954e-05
4416,وٱلولدن,2,2.5830115331464954e-05
4417,ٱلظالم,2,2.5830115331464954e-05
4418,فقتلوٓا,2,2.5830115331464954e-05
4419,فمال,2,2.5830115331464954e-05
4420,سيئةٖ,2,2.5830115331464954e-05
4421,حفيظٗا,2,2.5830115331464954e-05
4422,يتدبرون,2,2.5830115331464954e-05
4423,ٱلأمن,2,2.5830115331464954e-05
4424,فقتل,2,2.5830115331464954e-05
4425,يكف,2,2.5830115331464954e-05
4426,بأسٗا,2,2.5830115331464954e-05
4427,شفعة,2,2.5830115331464954e-05
4428,ليجمعنكم,2,2.5830115331464954e-05
4429,أصدق,2,2.5830115331464954e-05
4430,أتريدون,2,2.5830115331464954e-05
4431,فخذوهم,2,2.5830115331464954e-05
4432,وجدتموهم,2,2.5830115331464954e-05
4433,وألقوا,2,2.5830115331464954e-05
4434,ردوٓا,2,2.5830115331464954e-05
4435,مؤمنا,2,2.5830115331464954e-05
4436,مسلمة,2,2.5830115331464954e-05
4437,عدوٖ,2,2.5830115331464954e-05
4438,ميثقٞ,2,2.5830115331464954e-05
4439,شهرين,2,2.5830115331464954e-05
4440,متتابعين,2,2.5830115331464954e-05
4441,توبةٗ,2,2.5830115331464954e-05
4442,متعمدٗا,2,2.5830115331464954e-05
4443,فعند,2,2.5830115331464954e-05
4444,فتبينوٓا,2,2.5830115331464954e-05
4445,درجةٗ,2,2.5830115331464954e-05
4446,ظالميٓ,2,2.5830115331464954e-05
4447,فيم,2,2.5830115331464954e-05
4448,وسعةٗ,2,2.5830115331464954e-05
4449,مصيرا,2,2.5830115331464954e-05
4450,طآئفة,2,2.5830115331464954e-05
4451,أسلحتكم,2,2.5830115331464954e-05
4452,تألمون,2,2.5830115331464954e-05
4453,حكيما,2,2.5830115331464954e-05
4454,أرىك,2,2.5830115331464954e-05
4455,تجدل,2,2.5830115331464954e-05
4456,يستخفون,2,2.5830115331464954e-05
4457,يستغفر,2,2.5830115331464954e-05
4458,يكسب,2,2.5830115331464954e-05
4459,يضلوك,2,2.5830115331464954e-05
4460,يشاقق,2,2.5830115331464954e-05
4461,ويتبع,2,2.5830115331464954e-05
4462,شيطنٗا,2,2.5830115331464954e-05
4463,لعنه,2,2.5830115331464954e-05
4464,ولأٓمرنهم,2,2.5830115331464954e-05
4465,قيلٗا,2,2.5830115331464954e-05
4466,سوٓءٗا,2,2.5830115331464954e-05
4467,يفتيكم,2,2.5830115331464954e-05
4468,تنكحوهن,2,2.5830115331464954e-05
4469,ٱلولدن,2,2.5830115331464954e-05
4470,تقوموا,2,2.5830115331464954e-05
4471,سعته,2,2.5830115331464954e-05
4472,وصينا,2,2.5830115331464954e-05
4473,غنيا,2,2.5830115331464954e-05
4474,قومين,2,2.5830115331464954e-05
4475,ٱلهوىٓ,2,2.5830115331464954e-05
4476,ليهديهم,2,2.5830115331464954e-05
4477,تقعدوا,2,2.5830115331464954e-05
4478,كسالى,2,2.5830115331464954e-05
4479,يرآءون,2,2.5830115331464954e-05
4480,شكرتم,2,2.5830115331464954e-05
4481,وءامنتم,2,2.5830115331464954e-05
4482,تعفوا,2,2.5830115331464954e-05
4483,يفرقوا,2,2.5830115331464954e-05
4484,يؤتيهم,2,2.5830115331464954e-05
4485,يسٔلك,2,2.5830115331464954e-05
4486,أرنا,2,2.5830115331464954e-05
4487,بظلمهم,2,2.5830115331464954e-05
4488,نقضهم,2,2.5830115331464954e-05
4489,قتلوه,2,2.5830115331464954e-05
4490,ليؤمنن,2,2.5830115331464954e-05
4491,أحلت,2,2.5830115331464954e-05
4492,ويونس,2,2.5830115331464954e-05
4493,زبورٗا,2,2.5830115331464954e-05
4494,ورسلٗا,2,2.5830115331464954e-05
4495,أنزله,2,2.5830115331464954e-05
4496,تغلوا,2,2.5830115331464954e-05
4497,سبحنهٓ,2,2.5830115331464954e-05
4498,يستنكف,2,2.5830115331464954e-05
4499,ويهديهم,2,2.5830115331464954e-05
4500,شنٔان,2,2.5830115331464954e-05
4501,وٱلتقوى,2,2.5830115331464954e-05
4502,أكل,2,2.5830115331464954e-05
4503,يئس,2,2.5830115331464954e-05
4504,وٱخشون,2,2.5830115331464954e-05
4505,ليطهركم,2,2.5830115331464954e-05
4506,وليتم,2,2.5830115331464954e-05
4507,وأجر,2,2.5830115331464954e-05
4508,تخفون,2,2.5830115331464954e-05
4509,رضونه,2,2.5830115331464954e-05
4510,سبل,2,2.5830115331464954e-05
4511,وءاتىكم,2,2.5830115331464954e-05
4512,جبارين,2,2.5830115331464954e-05
4513,فإنكم,2,2.5830115331464954e-05
4514,فٱذهب,2,2.5830115331464954e-05
4515,وأخي,2,2.5830115331464954e-05
4516,سنةٗ,2,2.5830115331464954e-05
4517,تأس,2,2.5830115331464954e-05
4518,ٱبني,2,2.5830115331464954e-05
4519,فقتله,2,2.5830115331464954e-05
4520,يوري,2,2.5830115331464954e-05
4521,سوءة,2,2.5830115331464954e-05
4522,يويلتىٓ,2,2.5830115331464954e-05
4523,فكأنما,2,2.5830115331464954e-05
4524,أحياها,2,2.5830115331464954e-05
4525,ويسعون,2,2.5830115331464954e-05
4526,وأرجلهم,2,2.5830115331464954e-05
4527,تقدروا,2,2.5830115331464954e-05
4528,ٱلوسيلة,2,2.5830115331464954e-05
4529,مقيمٞ,2,2.5830115331464954e-05
4530,ظلمه,2,2.5830115331464954e-05
4531,للكذب,2,2.5830115331464954e-05
4532,لقوم,2,2.5830115331464954e-05
4533,فخذوه,2,2.5830115331464954e-05
4534,تملك,2,2.5830115331464954e-05
4535,يتولون,2,2.5830115331464954e-05
4536,ونورٞ,2,2.5830115331464954e-05
4537,وٱلأحبار,2,2.5830115331464954e-05
4538,وكتبنا,2,2.5830115331464954e-05
4539,بٱلنفس,2,2.5830115331464954e-05
4540,بعيسى,2,2.5830115331464954e-05
4541,لكلٖ,2,2.5830115331464954e-05
4542,لجعلكم,2,2.5830115331464954e-05
4543,ٱحكم,2,2.5830115331464954e-05
4544,ذنوبهم,2,2.5830115331464954e-05
4545,فعسى,2,2.5830115331464954e-05
4546,أقسموا,2,2.5830115331464954e-05
4547,بقومٖ,2,2.5830115331464954e-05
4548,أعزة,2,2.5830115331464954e-05
4549,وٱلكفار,2,2.5830115331464954e-05
4550,أكثركم,2,2.5830115331464954e-05
4551,ٱلسحت,2,2.5830115331464954e-05
4552,يد,2,2.5830115331464954e-05
4553,مغلولة,2,2.5830115331464954e-05
4554,وليزيدن,2,2.5830115331464954e-05
4555,فسادٗا,2,2.5830115331464954e-05
4556,أقاموا,2,2.5830115331464954e-05
4557,رسالته,2,2.5830115331464954e-05
4558,لستم,2,2.5830115331464954e-05
4559,وصموا,2,2.5830115331464954e-05
4560,ينتهوا,2,2.5830115331464954e-05
4561,أتعبدون,2,2.5830115331464954e-05
4562,لعن,2,2.5830115331464954e-05
4563,تفيض,2,2.5830115331464954e-05
4564,ٱلدمع,2,2.5830115331464954e-05
4565,مسكين,2,2.5830115331464954e-05
4566,جناحٞ,2,2.5830115331464954e-05
4567,حرمٞ,2,2.5830115331464954e-05
4568,ذوا,2,2.5830115331464954e-05
4569,ٱلكعبة,2,2.5830115331464954e-05
4570,صيد,2,2.5830115331464954e-05
4571,وٱلهدي,2,2.5830115331464954e-05
4572,لتعلموٓا,2,2.5830115331464954e-05
4573,أعجبك,2,2.5830115331464954e-05
4574,تبد,2,2.5830115331464954e-05
4575,فيقسمان,2,2.5830115331464954e-05
4576,ٱرتبتم,2,2.5830115331464954e-05
4577,أنهما,2,2.5830115331464954e-05
4578,أجبتم,2,2.5830115331464954e-05
4579,جئتهم,2,2.5830115331464954e-05
4580,مآئدةٗ,2,2.5830115331464954e-05
4581,وتطمئن,2,2.5830115331464954e-05
4582,ونعلم,2,2.5830115331464954e-05
4583,فإنيٓ,2,2.5830115331464954e-05
4584,ءأنت,2,2.5830115331464954e-05
4585,إلهين,2,2.5830115331464954e-05
4586,تعذبهم,2,2.5830115331464954e-05
4587,صدقهم,2,2.5830115331464954e-05
4588,وأجلٞ,2,2.5830115331464954e-05
4589,تمترون,2,2.5830115331464954e-05
4590,أنبٓؤا,2,2.5830115331464954e-05
4591,قرنٖ,2,2.5830115331464954e-05
4592,نمكن,2,2.5830115331464954e-05
4593,وأرسلنا,2,2.5830115331464954e-05
4594,وأنشأنا,2,2.5830115331464954e-05
4595,قرنا,2,2.5830115331464954e-05
4596,لجعلنه,2,2.5830115331464954e-05
4597,يلبسون,2,2.5830115331464954e-05
4598,فحاق,2,2.5830115331464954e-05
4599,ٱنظروا,2,2.5830115331464954e-05
4600,أتخذ,2,2.5830115331464954e-05
4601,يطعم,2,2.5830115331464954e-05
4602,كاشف,2,2.5830115331464954e-05
4603,ٱلقاهر,2,2.5830115331464954e-05
4604,وأوحي,2,2.5830115331464954e-05
4605,أشهد,2,2.5830115331464954e-05
4606,نحشرهم,2,2.5830115331464954e-05
4607,يجدلونك,2,2.5830115331464954e-05
4608,يهلكون,2,2.5830115331464954e-05
4609,وقفوا,2,2.5830115331464954e-05
4610,نرد,2,2.5830115331464954e-05
4611,نكذب,2,2.5830115331464954e-05
4612,بدا,2,2.5830115331464954e-05
4613,بمبعوثين,2,2.5830115331464954e-05
4614,فرطنا,2,2.5830115331464954e-05
4615,يحملون,2,2.5830115331464954e-05
4616,أوزارهم,2,2.5830115331464954e-05
4617,يزرون,2,2.5830115331464954e-05
4618,نصرنا,2,2.5830115331464954e-05
4619,تبتغي,2,2.5830115331464954e-05
4620,يستجيب,2,2.5830115331464954e-05
4621,قادر,2,2.5830115331464954e-05
4622,أمثالكم,2,2.5830115331464954e-05
4623,يشإ,2,2.5830115331464954e-05
4624,أرءيتكم,2,2.5830115331464954e-05
4625,بٱلبأسآء,2,2.5830115331464954e-05
4626,يتضرعون,2,2.5830115331464954e-05
4627,أخذنهم,2,2.5830115331464954e-05
4628,فقطع,2,2.5830115331464954e-05
4629,وٱلحمد,2,2.5830115331464954e-05
4630,سمعكم,2,2.5830115331464954e-05
4631,وختم,2,2.5830115331464954e-05
4632,بغتة,2,2.5830115331464954e-05
4633,شفيعٞ,2,2.5830115331464954e-05
4634,بٱلغدوة,2,2.5830115331464954e-05
4635,وٱلعشي,2,2.5830115331464954e-05
4636,بأعلم,2,2.5830115331464954e-05
4637,فأنه,2,2.5830115331464954e-05
4638,نهيت,2,2.5830115331464954e-05
4639,ضللت,2,2.5830115331464954e-05
4640,ٱلمهتدين,2,2.5830115331464954e-05
4641,يقص,2,2.5830115331464954e-05
4642,وعنده,2,2.5830115331464954e-05
4643,بٱلنهار,2,2.5830115331464954e-05
4644,ينبئكم,2,2.5830115331464954e-05
4645,مولىهم,2,2.5830115331464954e-05
4646,أسرع,2,2.5830115331464954e-05
4647,ينجيكم,2,2.5830115331464954e-05
4648,أقيموا,2,2.5830115331464954e-05
4649,كوكبٗا,2,2.5830115331464954e-05
4650,أفل,2,2.5830115331464954e-05
4651,فطر,2,2.5830115331464954e-05
4652,أشركتم,2,2.5830115331464954e-05
4653,فأي,2,2.5830115331464954e-05
4654,نرفع,2,2.5830115331464954e-05
4655,ونوحا,2,2.5830115331464954e-05
4656,ويحيى,2,2.5830115331464954e-05
4657,وٱليسع,2,2.5830115331464954e-05
4658,وإخونهم,2,2.5830115331464954e-05
4659,قدرهٓ,2,2.5830115331464954e-05
4660,ذرهم,2,2.5830115331464954e-05
4661,مباركٞ,2,2.5830115331464954e-05
4662,أخرجوٓا,2,2.5830115331464954e-05
4663,جئتمونا,2,2.5830115331464954e-05
4664,شركٓؤا,2,2.5830115331464954e-05
4665,فالق,2,2.5830115331464954e-05
4666,سكنٗا,2,2.5830115331464954e-05
4667,حسبانٗا,2,2.5830115331464954e-05
4668,خضرٗا,2,2.5830115331464954e-05
4669,نخرج,2,2.5830115331464954e-05
4670,ٱلنخل,2,2.5830115331464954e-05
4671,دانيةٞ,2,2.5830115331464954e-05
4672,وٱلرمان,2,2.5830115331464954e-05
4673,ثمرهٓ,2,2.5830115331464954e-05
4674,أثمر,2,2.5830115331464954e-05
4675,بنين,2,2.5830115331464954e-05
4676,تدركه,2,2.5830115331464954e-05
4677,ٱللطيف,2,2.5830115331464954e-05
4678,بحفيظٖ,2,2.5830115331464954e-05
4679,عملهم,2,2.5830115331464954e-05
4680,أفٔدتهم,2,2.5830115331464954e-05
4681,قبلٗا,2,2.5830115331464954e-05
4682,يوحي,2,2.5830115331464954e-05
4683,زخرف,2,2.5830115331464954e-05
4684,غرورٗا,2,2.5830115331464954e-05
4685,لكلمته,2,2.5830115331464954e-05
4686,سيجزون,2,2.5830115331464954e-05
4687,أومن,2,2.5830115331464954e-05
4688,سيصيب,2,2.5830115331464954e-05
4689,يهديه,2,2.5830115331464954e-05
4690,للإسلم,2,2.5830115331464954e-05
4691,يضله,2,2.5830115331464954e-05
4692,كأنما,2,2.5830115331464954e-05
4693,يصعد,2,2.5830115331464954e-05
4694,وليهم,2,2.5830115331464954e-05
4695,ٱستمتع,2,2.5830115331464954e-05
4696,أجلت,2,2.5830115331464954e-05
4697,يقصون,2,2.5830115331464954e-05
4698,وينذرونكم,2,2.5830115331464954e-05
4699,شهدنا,2,2.5830115331464954e-05
4700,أنفسنا,2,2.5830115331464954e-05
4701,وشهدوا,2,2.5830115331464954e-05
4702,درجتٞ,2,2.5830115331464954e-05
4703,ويستخلف,2,2.5830115331464954e-05
4704,لأٓتٖ,2,2.5830115331464954e-05
4705,ذرأ,2,2.5830115331464954e-05
4706,بزعمهم,2,2.5830115331464954e-05
4707,يصل,2,2.5830115331464954e-05
4708,شركآئهم,2,2.5830115331464954e-05
4709,شركآؤهم,2,2.5830115331464954e-05
4710,ٱفترآء,2,2.5830115331464954e-05
4711,سيجزيهم,2,2.5830115331464954e-05
4712,أزوجنا,2,2.5830115331464954e-05
4713,أنشأ,2,2.5830115331464954e-05
4714,معروشتٖ,2,2.5830115331464954e-05
4715,أكله,2,2.5830115331464954e-05
4716,تسرفوٓا,2,2.5830115331464954e-05
4717,ثمنية,2,2.5830115331464954e-05
4718,ءآلذكرين,2,2.5830115331464954e-05
4719,ٱشتملت,2,2.5830115331464954e-05
4720,أرحام,2,2.5830115331464954e-05
4721,بعلم,2,2.5830115331464954e-05
4722,ٱلإبل,2,2.5830115331464954e-05
4723,لحم,2,2.5830115331464954e-05
4724,حملت,2,2.5830115331464954e-05
4725,جزينهم,2,2.5830115331464954e-05
4726,ذاقوا,2,2.5830115331464954e-05
4727,لهدىكم,2,2.5830115331464954e-05
4728,هلم,2,2.5830115331464954e-05
4729,إملقٖ,2,2.5830115331464954e-05
4730,ٱلفوحش,2,2.5830115331464954e-05
4731,بطن,2,2.5830115331464954e-05
4732,وتفصيلٗا,2,2.5830115331464954e-05
4733,تقولوٓا,2,2.5830115331464954e-05
4734,لغفلين,2,2.5830115331464954e-05
4735,إيمنها,2,2.5830115331464954e-05
4736,فرقوا,2,2.5830115331464954e-05
4737,يجزىٓ,2,2.5830115331464954e-05
4738,هدىني,2,2.5830115331464954e-05
4739,ربٗا,2,2.5830115331464954e-05
4740,أهلكنها,2,2.5830115331464954e-05
4741,بيتا,2,2.5830115331464954e-05
4742,بأسنآ,2,2.5830115331464954e-05
4743,مكنكم,2,2.5830115331464954e-05
4744,معيش,2,2.5830115331464954e-05
4745,تسجد,2,2.5830115331464954e-05
4746,خلقتني,2,2.5830115331464954e-05
4747,وخلقته,2,2.5830115331464954e-05
4748,ٱلصغرين,2,2.5830115331464954e-05
4749,أغويتني,2,2.5830115331464954e-05
4750,ٱخرج,2,2.5830115331464954e-05
4751,مدحورٗا,2,2.5830115331464954e-05
4752,فكلا,2,2.5830115331464954e-05
4753,فوسوس,2,2.5830115331464954e-05
4754,تكونا,2,2.5830115331464954e-05
4755,وطفقا,2,2.5830115331464954e-05
4756,يخصفان,2,2.5830115331464954e-05
4757,ورق,2,2.5830115331464954e-05
4758,وأقل,2,2.5830115331464954e-05
4759,لكمآ,2,2.5830115331464954e-05
4760,قالا,2,2.5830115331464954e-05
4761,يرىكم,2,2.5830115331464954e-05
4762,مسجدٖ,2,2.5830115331464954e-05
4763,وٱدعوه,2,2.5830115331464954e-05
4764,وٱلطيبت,2,2.5830115331464954e-05
4765,وٱلبغي,2,2.5830115331464954e-05
4766,عنهآ,2,2.5830115331464954e-05
4767,ينالهم,2,2.5830115331464954e-05
4768,أختها,2,2.5830115331464954e-05
4769,فضلٖ,2,2.5830115331464954e-05
4770,لهذا,2,2.5830115331464954e-05
4771,أورثتموها,2,2.5830115331464954e-05
4772,وجدتم,2,2.5830115331464954e-05
4773,فأذن,2,2.5830115331464954e-05
4774,مؤذن,2,2.5830115331464954e-05
4775,حجابٞ,2,2.5830115331464954e-05
4776,ٱلأعراف,2,2.5830115331464954e-05
4777,بسيمىهم,2,2.5830115331464954e-05
4778,ونادوا,2,2.5830115331464954e-05
4779,تلقآء,2,2.5830115331464954e-05
4780,أقسمتم,2,2.5830115331464954e-05
4781,برحمة,2,2.5830115331464954e-05
4782,تحزنون,2,2.5830115331464954e-05
4783,لهوٗا,2,2.5830115331464954e-05
4784,فصلنه,2,2.5830115331464954e-05
4785,شفعآء,2,2.5830115331464954e-05
4786,يغشي,2,2.5830115331464954e-05
4787,مسخرت,2,2.5830115331464954e-05
4788,إصلحها,2,2.5830115331464954e-05
4789,ميتٖ,2,2.5830115331464954e-05
4790,نباته,2,2.5830115331464954e-05
4791,ولكني,2,2.5830115331464954e-05
4792,أبلغكم,2,2.5830115331464954e-05
4793,أوعجبتم,2,2.5830115331464954e-05
4794,لينذركم,2,2.5830115331464954e-05
4795,وأغرقنا,2,2.5830115331464954e-05
4796,فٱذكروٓا,2,2.5830115331464954e-05
4797,فذروها,2,2.5830115331464954e-05
4798,وتنحتون,2,2.5830115331464954e-05
4799,أتعلمون,2,2.5830115331464954e-05
4800,ونصحت,2,2.5830115331464954e-05
4801,سبقكم,2,2.5830115331464954e-05
4802,شهوةٗ,2,2.5830115331464954e-05
4803,مسرفون,2,2.5830115331464954e-05
4804,قريتكم,2,2.5830115331464954e-05
4805,أناسٞ,2,2.5830115331464954e-05
4806,يتطهرون,2,2.5830115331464954e-05
4807,لتعودن,2,2.5830115331464954e-05
4808,ملتنا,2,2.5830115331464954e-05
4809,نجىنا,2,2.5830115331464954e-05
4810,قومنا,2,2.5830115331464954e-05
4811,أفأمن,2,2.5830115331464954e-05
4812,نآئمون,2,2.5830115331464954e-05
4813,ضحٗى,2,2.5830115331464954e-05
4814,يرثون,2,2.5830115331464954e-05
4815,فظلموا,2,2.5830115331464954e-05
4816,يفرعون,2,2.5830115331464954e-05
4817,ببينةٖ,2,2.5830115331464954e-05
4818,ثعبانٞ,2,2.5830115331464954e-05
4819,ونزع,2,2.5830115331464954e-05
4820,لسحر,2,2.5830115331464954e-05
4821,أرجه,2,2.5830115331464954e-05
4822,وأرسل,2,2.5830115331464954e-05
4823,تلقي,2,2.5830115331464954e-05
4824,نكون,2,2.5830115331464954e-05
4825,أعين,2,2.5830115331464954e-05
4826,وجآءو,2,2.5830115331464954e-05
4827,ألق,2,2.5830115331464954e-05
4828,يأفكون,2,2.5830115331464954e-05
4829,لأقطعن,2,2.5830115331464954e-05
4830,منقلبون,2,2.5830115331464954e-05
4831,وٱصبروٓا,2,2.5830115331464954e-05
4832,جئتنا,2,2.5830115331464954e-05
4833,عدوكم,2,2.5830115331464954e-05
4834,ٱلطوفان,2,2.5830115331464954e-05
4835,كشفت,2,2.5830115331464954e-05
4836,ينكثون,2,2.5830115331464954e-05
4837,يعرشون,2,2.5830115331464954e-05
4838,وجوزنا,2,2.5830115331464954e-05
4839,ببنيٓ,2,2.5830115331464954e-05
4840,وبطلٞ,2,2.5830115331464954e-05
4841,أنجينكم,2,2.5830115331464954e-05
4842,ميقت,2,2.5830115331464954e-05
4843,لميقتنا,2,2.5830115331464954e-05
4844,ترىني,2,2.5830115331464954e-05
4845,ٱلجبل,2,2.5830115331464954e-05
4846,مكانه,2,2.5830115331464954e-05
4847,تجلى,2,2.5830115331464954e-05
4848,وخر,2,2.5830115331464954e-05
4849,سأوريكم,2,2.5830115331464954e-05
4850,يتخذوه,2,2.5830115331464954e-05
4851,عجلٗا,2,2.5830115331464954e-05
4852,رجع,2,2.5830115331464954e-05
4853,غضبن,2,2.5830115331464954e-05
4854,أسفٗا,2,2.5830115331464954e-05
4855,بعديٓ,2,2.5830115331464954e-05
4856,وأخذ,2,2.5830115331464954e-05
4857,تجعلني,2,2.5830115331464954e-05
4858,سبعين,2,2.5830115331464954e-05
4859,ولينا,2,2.5830115331464954e-05
4860,وٱرحمنا,2,2.5830115331464954e-05
4861,وسعت,2,2.5830115331464954e-05
4862,ٱلأمي,2,2.5830115331464954e-05
4863,ٱلخبٓئث,2,2.5830115331464954e-05
4864,وبه,2,2.5830115331464954e-05
4865,وقطعنهم,2,2.5830115331464954e-05
4866,أممٗا,2,2.5830115331464954e-05
4867,ٱسكنوا,2,2.5830115331464954e-05
4868,معذبهم,2,2.5830115331464954e-05
4869,أنجينا,2,2.5830115331464954e-05
4870,تأذن,2,2.5830115331464954e-05
4871,فخلف,2,2.5830115331464954e-05
4872,ٱلأدنى,2,2.5830115331464954e-05
4873,وٱلدار,2,2.5830115331464954e-05
4874,ٱلمصلحين,2,2.5830115331464954e-05
4875,واقع,2,2.5830115331464954e-05
4876,شهدنآ,2,2.5830115331464954e-05
4877,ٱلغاوين,2,2.5830115331464954e-05
4878,يلهث,2,2.5830115331464954e-05
4879,أعينٞ,2,2.5830115331464954e-05
4880,كٱلأنعم,2,2.5830115331464954e-05
4881,ٱلغفلون,2,2.5830115331464954e-05
4882,فٱدعوه,2,2.5830115331464954e-05
4883,سنستدرجهم,2,2.5830115331464954e-05
4884,وأملي,2,2.5830115331464954e-05
4885,كيدي,2,2.5830115331464954e-05
4886,متين,2,2.5830115331464954e-05
4887,يتفكروا,2,2.5830115331464954e-05
4888,ٱقترب,2,2.5830115331464954e-05
4889,مرسىها,2,2.5830115331464954e-05
4890,تأتيكم,2,2.5830115331464954e-05
4891,ضرا,2,2.5830115331464954e-05
4892,وبشيرٞ,2,2.5830115331464954e-05
4893,ربهما,2,2.5830115331464954e-05
4894,ءاتىهما,2,2.5830115331464954e-05
4895,نصرٗا,2,2.5830115331464954e-05
4896,يسمعوا,2,2.5830115331464954e-05
4897,وترىهم,2,2.5830115331464954e-05
4898,ينزغنك,2,2.5830115331464954e-05
4899,نزغٞ,2,2.5830115331464954e-05
4900,تذكروا,2,2.5830115331464954e-05
4901,تأتهم,2,2.5830115331464954e-05
4902,قرئ,2,2.5830115331464954e-05
4903,فٱستمعوا,2,2.5830115331464954e-05
4904,ٱلغفلين,2,2.5830115331464954e-05
4905,ٱلأنفال,2,2.5830115331464954e-05
4906,وجلت,2,2.5830115331464954e-05
4907,بيتك,2,2.5830115331464954e-05
4908,بكلمته,2,2.5830115331464954e-05
4909,ويذهب,2,2.5830115331464954e-05
4910,شآقوا,2,2.5830115331464954e-05
4911,تولوهم,2,2.5830115331464954e-05
4912,رميت,2,2.5830115331464954e-05
4913,تنتهوا,2,2.5830115331464954e-05
4914,تعودوا,2,2.5830115331464954e-05
4915,نعد,2,2.5830115331464954e-05
4916,تسمعون,2,2.5830115331464954e-05
4917,ٱلدوآب,2,2.5830115331464954e-05
4918,ٱستجيبوا,2,2.5830115331464954e-05
4919,دعاكم,2,2.5830115331464954e-05
4920,وأنهٓ,2,2.5830115331464954e-05
4921,أمنتكم,2,2.5830115331464954e-05
4922,ليعذبهم,2,2.5830115331464954e-05
4923,يستغفرون,2,2.5830115331464954e-05
4924,ٱلنصير,2,2.5830115331464954e-05
4925,غنمتم,2,2.5830115331464954e-05
4926,فأن,2,2.5830115331464954e-05
4927,ولذي,2,2.5830115331464954e-05
4928,بٱلعدوة,2,2.5830115331464954e-05
4929,ليقضي,2,2.5830115331464954e-05
4930,ليهلك,2,2.5830115331464954e-05
4931,حي,2,2.5830115331464954e-05
4932,لسميع,2,2.5830115331464954e-05
4933,أعينكم,2,2.5830115331464954e-05
4934,ترون,2,2.5830115331464954e-05
4935,وأدبرهم,2,2.5830115331464954e-05
4936,قويٞ,2,2.5830115331464954e-05
4937,يغيروا,2,2.5830115331464954e-05
4938,ٱلحرب,2,2.5830115331464954e-05
4939,ٱلخآئنين,2,2.5830115331464954e-05
4940,وعدوكم,2,2.5830115331464954e-05
4941,حسبك,2,2.5830115331464954e-05
4942,يغلبوا,2,2.5830115331464954e-05
4943,مائتين,2,2.5830115331464954e-05
4944,مائةٞ,2,2.5830115331464954e-05
4945,يغلبوٓا,2,2.5830115331464954e-05
4946,لمسكم,2,2.5830115331464954e-05
4947,ءاووا,2,2.5830115331464954e-05
4948,ونصروٓا,2,2.5830115331464954e-05
4949,برآءةٞ,2,2.5830115331464954e-05
4950,معجزي,2,2.5830115331464954e-05
4951,فأجره,2,2.5830115331464954e-05
4952,إلٗا,2,2.5830115331464954e-05
4953,ذمةٗ,2,2.5830115331464954e-05
4954,نكثوٓا,2,2.5830115331464954e-05
4955,وهموا,2,2.5830115331464954e-05
4956,شهدين,2,2.5830115331464954e-05
4957,أعظم,2,2.5830115331464954e-05
4958,وإخونكم,2,2.5830115331464954e-05
4959,ٱستحبوا,2,2.5830115331464954e-05
4960,وأزوجكم,2,2.5830115331464954e-05
4961,وضاقت,2,2.5830115331464954e-05
4962,رحبت,2,2.5830115331464954e-05
4963,يعطوا,2,2.5830115331464954e-05
4964,صغرون,2,2.5830115331464954e-05
4965,ليأكلون,2,2.5830115331464954e-05
4966,عدة,2,2.5830115331464954e-05
4967,تنفروا,2,2.5830115331464954e-05
4968,ثاني,2,2.5830115331464954e-05
4969,لصحبه,2,2.5830115331464954e-05
4970,بجنودٖ,2,2.5830115331464954e-05
4971,بعدت,2,2.5830115331464954e-05
4972,يستٔذنك,2,2.5830115331464954e-05
4973,يجهدوا,2,2.5830115331464954e-05
4974,لمحيطة,2,2.5830115331464954e-05
4975,تصبك,2,2.5830115331464954e-05
4976,نتربص,2,2.5830115331464954e-05
4977,يصيبكم,2,2.5830115331464954e-05
4978,طوعا,2,2.5830115331464954e-05
4979,وتزهق,2,2.5830115331464954e-05
4980,ويحلفون,2,2.5830115331464954e-05
4981,لولوا,2,2.5830115331464954e-05
4982,رغبون,2,2.5830115331464954e-05
4983,أذنٞ,2,2.5830115331464954e-05
4984,يحذر,2,2.5830115331464954e-05
4985,نخوض,2,2.5830115331464954e-05
4986,وءايته,2,2.5830115331464954e-05
4987,طآئفةٖ,2,2.5830115331464954e-05
4988,حسبهم,2,2.5830115331464954e-05
4989,ولعنهم,2,2.5830115331464954e-05
4990,وأكثر,2,2.5830115331464954e-05
4991,أمولٗا,2,2.5830115331464954e-05
4992,وأولدٗا,2,2.5830115331464954e-05
4993,بخلقهم,2,2.5830115331464954e-05
4994,وٱلمؤتفكت,2,2.5830115331464954e-05
4995,وٱغلظ,2,2.5830115331464954e-05
4996,وكفروا,2,2.5830115331464954e-05
4997,ينالوا,2,2.5830115331464954e-05
4998,يتوبوا,2,2.5830115331464954e-05
4999,وتولوا,2,2.5830115331464954e-05
5000,يلقونه,2,2.5830115331464954e-05
5001,سرهم,2,2.5830115331464954e-05
5002,ونجوىهم,2,2.5830115331464954e-05
5003,ٱستغفر,2,2.5830115331464954e-05
5004,فرح,2,2.5830115331464954e-05
5005,تصل,2,2.5830115331464954e-05
5006,تقم,2,2.5830115331464954e-05
5007,سورة,2,2.5830115331464954e-05
5008,ٱلطول,2,2.5830115331464954e-05
5009,ٱلخوالف,2,2.5830115331464954e-05
5010,وطبع,2,2.5830115331464954e-05
5011,يستٔذنونك,2,2.5830115331464954e-05
5012,أخباركم,2,2.5830115331464954e-05
5013,تردون,2,2.5830115331464954e-05
5014,دآئرة,2,2.5830115331464954e-05
5015,رحمتهٓ,2,2.5830115331464954e-05
5016,وٱلسبقون,2,2.5830115331464954e-05
5017,ٱلمهجرين,2,2.5830115331464954e-05
5018,وٱلأنصار,2,2.5830115331464954e-05
5019,حولكم,2,2.5830115331464954e-05
5020,صدقةٗ,2,2.5830115331464954e-05
5021,مسجدٗا,2,2.5830115331464954e-05
5022,بنينه,2,2.5830115331464954e-05
5023,تقوى,2,2.5830115331464954e-05
5024,بنينهم,2,2.5830115331464954e-05
5025,للنبي,2,2.5830115331464954e-05
5026,كاد,2,2.5830115331464954e-05
5027,حولهم,2,2.5830115331464954e-05
5028,يغيظ,2,2.5830115331464954e-05
5029,صغيرةٗ,2,2.5830115331464954e-05
5030,ليجزيهم,2,2.5830115331464954e-05
5031,ولينذروا,2,2.5830115331464954e-05
5032,رجعوٓا,2,2.5830115331464954e-05
5033,يحذرون,2,2.5830115331464954e-05
5034,فزادتهم,2,2.5830115331464954e-05
5035,حسبي,2,2.5830115331464954e-05
5036,عجبا,2,2.5830115331464954e-05
5037,لسحرٞ,2,2.5830115331464954e-05
5038,شفيع,2,2.5830115331464954e-05
5039,منازل,2,2.5830115331464954e-05
5040,ٱلسنين,2,2.5830115331464954e-05
5041,وٱلحساب,2,2.5830115331464954e-05
5042,بٱلخير,2,2.5830115331464954e-05
5043,دعانا,2,2.5830115331464954e-05
5044,للمسرفين,2,2.5830115331464954e-05
5045,وجآءتهم,2,2.5830115331464954e-05
5046,ءاياتنا,2,2.5830115331464954e-05
5047,ٱئت,2,2.5830115331464954e-05
5048,نفسيٓ,2,2.5830115331464954e-05
5049,قبلهٓ,2,2.5830115331464954e-05
5050,بريحٖ,2,2.5830115331464954e-05
5051,وفرحوا,2,2.5830115331464954e-05
5052,ريح,2,2.5830115331464954e-05
5053,ٱلموج,2,2.5830115331464954e-05
5054,كمآء,2,2.5830115331464954e-05
5055,فٱختلط,2,2.5830115331464954e-05
5056,أخذت,2,2.5830115331464954e-05
5057,ليلا,2,2.5830115331464954e-05
5058,نهارٗا,2,2.5830115331464954e-05
5059,عاصمٖ,2,2.5830115331464954e-05
5060,إيانا,2,2.5830115331464954e-05
5061,تصرفون,2,2.5830115331464954e-05
5062,يفترى,2,2.5830115331464954e-05
5063,تصديق,2,2.5830115331464954e-05
5064,وتفصيل,2,2.5830115331464954e-05
5065,فإلينا,2,2.5830115331464954e-05
5066,رسولهم,2,2.5830115331464954e-05
5067,نفعا,2,2.5830115331464954e-05
5068,يستعجل,2,2.5830115331464954e-05
5069,ءآلٔن,2,2.5830115331464954e-05
5070,ٱلندامة,2,2.5830115331464954e-05
5071,وشفآءٞ,2,2.5830115331464954e-05
5072,ءآلله,2,2.5830115331464954e-05
5073,تفترون,2,2.5830115331464954e-05
5074,شأنٖ,2,2.5830115331464954e-05
5075,تفيضون,2,2.5830115331464954e-05
5076,يعزب,2,2.5830115331464954e-05
5077,أصغر,2,2.5830115331464954e-05
5078,تبديل,2,2.5830115331464954e-05
5079,بهذآ,2,2.5830115331464954e-05
5080,يفلحون,2,2.5830115331464954e-05
5081,ٱلشديد,2,2.5830115331464954e-05
5082,مقامي,2,2.5830115331464954e-05
5083,سألتكم,2,2.5830115331464954e-05
5084,فجآءوهم,2,2.5830115331464954e-05
5085,ٱلكبريآء,2,2.5830115331464954e-05
5086,ملقون,2,2.5830115331464954e-05
5087,جئتم,2,2.5830115331464954e-05
5088,برحمتك,2,2.5830115331464954e-05
5089,ءاتيت,2,2.5830115331464954e-05
5090,زينةٗ,2,2.5830115331464954e-05
5091,ليضلوا,2,2.5830115331464954e-05
5092,سبيلك,2,2.5830115331464954e-05
5093,فأتبعهم,2,2.5830115331464954e-05
5094,خلفك,2,2.5830115331464954e-05
5095,بوأنا,2,2.5830115331464954e-05
5096,يقرءون,2,2.5830115331464954e-05
5097,يونس,2,2.5830115331464954e-05
5098,ننجي,2,2.5830115331464954e-05
5099,ديني,2,2.5830115331464954e-05
5100,لدن,2,2.5830115331464954e-05
5101,كبير,2,2.5830115331464954e-05
5102,ثيابهم,2,2.5830115331464954e-05
5103,مبعوثون,2,2.5830115331464954e-05
5104,معدودةٖ,2,2.5830115331464954e-05
5105,كفورٞ,2,2.5830115331464954e-05
5106,أذقنه,2,2.5830115331464954e-05
5107,مسته,2,2.5830115331464954e-05
5108,فخور,2,2.5830115331464954e-05
5109,فلعلك,2,2.5830115331464954e-05
5110,كنز,2,2.5830115331464954e-05
5111,فٱلنار,2,2.5830115331464954e-05
5112,ٱلأشهد,2,2.5830115331464954e-05
5113,ٱلأخسرون,2,2.5830115331464954e-05
5114,يستويان,2,2.5830115331464954e-05
5115,وءاتىني,2,2.5830115331464954e-05
5116,فعميت,2,2.5830115331464954e-05
5117,بطارد,2,2.5830115331464954e-05
5118,ولكنيٓ,2,2.5830115331464954e-05
5119,ينصرني,2,2.5830115331464954e-05
5120,ٱفتريته,2,2.5830115331464954e-05
5121,تبتئس,2,2.5830115331464954e-05
5122,ووحينا,2,2.5830115331464954e-05
5123,تخطبني,2,2.5830115331464954e-05
5124,وفار,2,2.5830115331464954e-05
5125,ٱلتنور,2,2.5830115331464954e-05
5126,أهلي,2,2.5830115331464954e-05
5127,صلحٖ,2,2.5830115331464954e-05
5128,وإلا,2,2.5830115331464954e-05
5129,بسلمٖ,2,2.5830115331464954e-05
5130,حفيظٞ,2,2.5830115331464954e-05
5131,جبار,2,2.5830115331464954e-05
5132,وأتبعوا,2,2.5830115331464954e-05
5133,تدعونآ,2,2.5830115331464954e-05
5134,بٱلبشرى,2,2.5830115331464954e-05
5135,وٱمرأته,2,2.5830115331464954e-05
5136,بإسحق,2,2.5830115331464954e-05
5137,مجيدٞ,2,2.5830115331464954e-05
5138,سيٓء,2,2.5830115331464954e-05
5139,وضاق,2,2.5830115331464954e-05
5140,ذرعٗا,2,2.5830115331464954e-05
5141,يهرعون,2,2.5830115331464954e-05
5142,أطهر,2,2.5830115331464954e-05
5143,تخزون,2,2.5830115331464954e-05
5144,يلوط,2,2.5830115331464954e-05
5145,بقطعٖ,2,2.5830115331464954e-05
5146,يلتفت,2,2.5830115331464954e-05
5147,ٱمرأتك,2,2.5830115331464954e-05
5148,موعدهم,2,2.5830115331464954e-05
5149,ٱلصبح,2,2.5830115331464954e-05
5150,سافلها,2,2.5830115331464954e-05
5151,سجيلٖ,2,2.5830115331464954e-05
5152,منضودٖ,2,2.5830115331464954e-05
5153,مسومة,2,2.5830115331464954e-05
5154,ببعيدٖ,2,2.5830115331464954e-05
5155,ٱلمكيال,2,2.5830115331464954e-05
5156,أمولنا,2,2.5830115331464954e-05
5157,لأنت,2,2.5830115331464954e-05
5158,أنيب,2,2.5830115331464954e-05
5159,هود,2,2.5830115331464954e-05
5160,ورآءكم,2,2.5830115331464954e-05
5161,كذبٞ,2,2.5830115331464954e-05
5162,ءالهتهم,2,2.5830115331464954e-05
5163,زفيرٞ,2,2.5830115331464954e-05
5164,دامت,2,2.5830115331464954e-05
5165,فعالٞ,2,2.5830115331464954e-05
5166,يذهبن,2,2.5830115331464954e-05
5167,فؤادك,2,2.5830115331464954e-05
5168,فٱعبده,2,2.5830115331464954e-05
5169,قرءنا,2,2.5830115331464954e-05
5170,ويتم,2,2.5830115331464954e-05
5171,للسآئلين,2,2.5830115331464954e-05
5172,عصبة,2,2.5830115331464954e-05
5173,وتكونوا,2,2.5830115331464954e-05
5174,غيبت,2,2.5830115331464954e-05
5175,ٱلجب,2,2.5830115331464954e-05
5176,أرسله,2,2.5830115331464954e-05
5177,يبكون,2,2.5830115331464954e-05
5178,يٓأبانآ,2,2.5830115331464954e-05
5179,فصبرٞ,2,2.5830115331464954e-05
5180,ٱلمستعان,2,2.5830115331464954e-05
5181,ينفعنآ,2,2.5830115331464954e-05
5182,نتخذه,2,2.5830115331464954e-05
5183,ٱلأبوب,2,2.5830115331464954e-05
5184,معاذ,2,2.5830115331464954e-05
5185,برهن,2,2.5830115331464954e-05
5186,وشهد,2,2.5830115331464954e-05
5187,فكذبت,2,2.5830115331464954e-05
5188,كيدكن,2,2.5830115331464954e-05
5189,إليهن,2,2.5830115331464954e-05
5190,وقلن,2,2.5830115331464954e-05
5191,حش,2,2.5830115331464954e-05
5192,رودته,2,2.5830115331464954e-05
5193,كيدهن,2,2.5830115331464954e-05
5194,وأكن,2,2.5830115331464954e-05
5195,أرىنيٓ,2,2.5830115331464954e-05
5196,خمرٗا,2,2.5830115331464954e-05
5197,يأتيكما,2,2.5830115331464954e-05
5198,بتأويله,2,2.5830115331464954e-05
5199,تركت,2,2.5830115331464954e-05
5200,يصحبي,2,2.5830115331464954e-05
5201,فلبث,2,2.5830115331464954e-05
5202,بضع,2,2.5830115331464954e-05
5203,بقرتٖ,2,2.5830115331464954e-05
5204,سمانٖ,2,2.5830115331464954e-05
5205,يأكلهن,2,2.5830115331464954e-05
5206,عجافٞ,2,2.5830115331464954e-05
5207,وسبع,2,2.5830115331464954e-05
5208,سنبلت,2,2.5830115331464954e-05
5209,يابستٖ,2,2.5830115331464954e-05
5210,أفتوني,2,2.5830115331464954e-05
5211,رءيي,2,2.5830115331464954e-05
5212,أضغث,2,2.5830115331464954e-05
5213,بتأويل,2,2.5830115331464954e-05
5214,شدادٞ,2,2.5830115331464954e-05
5215,بال,2,2.5830115331464954e-05
5216,مكين,2,2.5830115331464954e-05
5217,ٱجعلني,2,2.5830115331464954e-05
5218,نصيب,2,2.5830115331464954e-05
5219,ولأجر,2,2.5830115331464954e-05
5220,جهزهم,2,2.5830115331464954e-05
5221,بجهازهم,2,2.5830115331464954e-05
5222,ٱلمنزلين,2,2.5830115331464954e-05
5223,كيل,2,2.5830115331464954e-05
5224,بضعتهم,2,2.5830115331464954e-05
5225,ٱنقلبوٓا,2,2.5830115331464954e-05
5226,أخانا,2,2.5830115331464954e-05
5227,ردت,2,2.5830115331464954e-05
5228,أهلنا,2,2.5830115331464954e-05
5229,بعيرٖ,2,2.5830115331464954e-05
5230,موثقٗا,2,2.5830115331464954e-05
5231,أبوبٖ,2,2.5830115331464954e-05
5232,وعليه,2,2.5830115331464954e-05
5233,أبوهم,2,2.5830115331464954e-05
5234,علمنه,2,2.5830115331464954e-05
5235,ءاوىٓ,2,2.5830115331464954e-05
5236,ٱلعير,2,2.5830115331464954e-05
5237,جزٓؤه,2,2.5830115331464954e-05
5238,وعآء,2,2.5830115331464954e-05
5239,سرق,2,2.5830115331464954e-05
5240,نجيٗا,2,2.5830115331464954e-05
5241,كبيرهم,2,2.5830115331464954e-05
5242,أبرح,2,2.5830115331464954e-05
5243,وسٔل,2,2.5830115331464954e-05
5244,يأتيني,2,2.5830115331464954e-05
5245,ٱلحزن,2,2.5830115331464954e-05
5246,كظيمٞ,2,2.5830115331464954e-05
5247,تذكر,2,2.5830115331464954e-05
5248,ٱذهبوا,2,2.5830115331464954e-05
5249,يائس,2,2.5830115331464954e-05
5250,مسنا,2,2.5830115331464954e-05
5251,فعلتم,2,2.5830115331464954e-05
5252,أءنك,2,2.5830115331464954e-05
5253,فألقوه,2,2.5830115331464954e-05
5254,وأتوني,2,2.5830115331464954e-05
5255,ٱلقديم,2,2.5830115331464954e-05
5256,خطٔين,2,2.5830115331464954e-05
5257,أبويه,2,2.5830115331464954e-05
5258,وألحقني,2,2.5830115331464954e-05
5259,بٱلصلحين,2,2.5830115331464954e-05
5260,مشركون,2,2.5830115331464954e-05
5261,وسبحن,2,2.5830115331464954e-05
5262,ولدار,2,2.5830115331464954e-05
5263,رفع,2,2.5830115331464954e-05
5264,مد,2,2.5830115331464954e-05
5265,وأنهرٗا,2,2.5830115331464954e-05
5266,أعنبٖ,2,2.5830115331464954e-05
5267,تربا,2,2.5830115331464954e-05
5268,هاد,2,2.5830115331464954e-05
5269,سوآءٞ,2,2.5830115331464954e-05
5270,ٱلسحاب,2,2.5830115331464954e-05
5271,فيصيب,2,2.5830115331464954e-05
5272,بشيء,2,2.5830115331464954e-05
5273,كفيه,2,2.5830115331464954e-05
5274,تستوي,2,2.5830115331464954e-05
5275,جعلوا,2,2.5830115331464954e-05
5276,لٱفتدوا,2,2.5830115331464954e-05
5277,يوفون,2,2.5830115331464954e-05
5278,ويدرءون,2,2.5830115331464954e-05
5279,صبرتم,2,2.5830115331464954e-05
5280,أممٞ,2,2.5830115331464954e-05
5281,سيرت,2,2.5830115331464954e-05
5282,قطعت,2,2.5830115331464954e-05
5283,فأمليت,2,2.5830115331464954e-05
5284,أشق,2,2.5830115331464954e-05
5285,أدعوا,2,2.5830115331464954e-05
5286,كتابٞ,2,2.5830115331464954e-05
5287,نأتي,2,2.5830115331464954e-05
5288,ننقصها,2,2.5830115331464954e-05
5289,ٱلمكر,2,2.5830115331464954e-05
5290,وسيعلم,2,2.5830115331464954e-05
5291,عوجا,2,2.5830115331464954e-05
5292,بلسان,2,2.5830115331464954e-05
5293,لغني,2,2.5830115331464954e-05
5294,كفرنا,2,2.5830115331464954e-05
5295,أفي,2,2.5830115331464954e-05
5296,ويؤخركم,2,2.5830115331464954e-05
5297,يمن,2,2.5830115331464954e-05
5298,بسلطن,2,2.5830115331464954e-05
5299,سبلنا,2,2.5830115331464954e-05
5300,أرضنآ,2,2.5830115331464954e-05
5301,ورآئه,2,2.5830115331464954e-05
5302,بخلقٖ,2,2.5830115331464954e-05
5303,وبرزوا,2,2.5830115331464954e-05
5304,ٱلضعفٓؤا,2,2.5830115331464954e-05
5305,تبعٗا,2,2.5830115331464954e-05
5306,مغنون,2,2.5830115331464954e-05
5307,صبرنا,2,2.5830115331464954e-05
5308,وعدكم,2,2.5830115331464954e-05
5309,تحيتهم,2,2.5830115331464954e-05
5310,كلمةٗ,2,2.5830115331464954e-05
5311,ويضرب,2,2.5830115331464954e-05
5312,بدلوا,2,2.5830115331464954e-05
5313,لعبادي,2,2.5830115331464954e-05
5314,خلل,2,2.5830115331464954e-05
5315,لتجري,2,2.5830115331464954e-05
5316,تحصوهآ,2,2.5830115331464954e-05
5317,ولولدي,2,2.5830115331464954e-05
5318,ٱنتقامٖ,2,2.5830115331464954e-05
5319,تبدل,2,2.5830115331464954e-05
5320,ٱلأصفاد,2,2.5830115331464954e-05
5321,بلغٞ,2,2.5830115331464954e-05
5322,ولها,2,2.5830115331464954e-05
5323,تسبق,2,2.5830115331464954e-05
5324,ننزل,2,2.5830115331464954e-05
5325,منظرين,2,2.5830115331464954e-05
5326,بابٗا,2,2.5830115331464954e-05
5327,أبصرنا,2,2.5830115331464954e-05
5328,بروجٗا,2,2.5830115331464954e-05
5329,وزينها,2,2.5830115331464954e-05
5330,شهابٞ,2,2.5830115331464954e-05
5331,مددنها,2,2.5830115331464954e-05
5332,ونميت,2,2.5830115331464954e-05
5333,ٱلورثون,2,2.5830115331464954e-05
5334,ٱلسموم,2,2.5830115331464954e-05
5335,سويته,2,2.5830115331464954e-05
5336,ونفخت,2,2.5830115331464954e-05
5337,روحي,2,2.5830115331464954e-05
5338,فقعوا,2,2.5830115331464954e-05
5339,فسجد,2,2.5830115331464954e-05
5340,يٓإبليس,2,2.5830115331464954e-05
5341,رجيمٞ,2,2.5830115331464954e-05
5342,فأنظرنيٓ,2,2.5830115331464954e-05
5343,ٱلوقت,2,2.5830115331464954e-05
5344,ٱلمعلوم,2,2.5830115331464954e-05
5345,سبعة,2,2.5830115331464954e-05
5346,ٱدخلوها,2,2.5830115331464954e-05
5347,ونبئهم,2,2.5830115331464954e-05
5348,ضيف,2,2.5830115331464954e-05
5349,نبشرك,2,2.5830115331464954e-05
5350,خطبكم,2,2.5830115331464954e-05
5351,يمترون,2,2.5830115331464954e-05
5352,وقضينآ,2,2.5830115331464954e-05
5353,مشرقين,2,2.5830115331464954e-05
5354,ٱلأيكة,2,2.5830115331464954e-05
5355,لأٓتيةٞ,2,2.5830115331464954e-05
5356,فٱصفح,2,2.5830115331464954e-05
5357,ءاتينك,2,2.5830115331464954e-05
5358,سبعٗا,2,2.5830115331464954e-05
5359,تمدن,2,2.5830115331464954e-05
5360,عينيك,2,2.5830115331464954e-05
5361,ٱلنذير,2,2.5830115331464954e-05
5362,فوربك,2,2.5830115331464954e-05
5363,تؤمر,2,2.5830115331464954e-05
5364,عبادهٓ,2,2.5830115331464954e-05
5365,خصيمٞ,2,2.5830115331464954e-05
5366,بلدٖ,2,2.5830115331464954e-05
5367,وٱلأعنب,2,2.5830115331464954e-05
5368,طريٗا,2,2.5830115331464954e-05
5369,حليةٗ,2,2.5830115331464954e-05
5370,تلبسونها,2,2.5830115331464954e-05
5371,مواخر,2,2.5830115331464954e-05
5372,مستكبرون,2,2.5830115331464954e-05
5373,تتوفىهم,2,2.5830115331464954e-05
5374,فأصابهم,2,2.5830115331464954e-05
5375,وٱجتنبوا,2,2.5830115331464954e-05
5376,لنبوئنهم,2,2.5830115331464954e-05
5377,فسٔلوٓا,2,2.5830115331464954e-05
5378,لتبين,2,2.5830115331464954e-05
5379,يأخذهم,2,2.5830115331464954e-05
5380,تقلبهم,2,2.5830115331464954e-05
5381,دخرون,2,2.5830115331464954e-05
5382,ويفعلون,2,2.5830115331464954e-05
5383,يؤمرون,2,2.5830115331464954e-05
5384,فإيي,2,2.5830115331464954e-05
5385,نعمةٖ,2,2.5830115331464954e-05
5386,مسكم,2,2.5830115331464954e-05
5387,كشف,2,2.5830115331464954e-05
5388,فتمتعوا,2,2.5830115331464954e-05
5389,لتسٔلن,2,2.5830115331464954e-05
5390,ٱلبنت,2,2.5830115331464954e-05
5391,ظل,2,2.5830115331464954e-05
5392,مسودٗا,2,2.5830115331464954e-05
5393,ٱلمثل,2,2.5830115331464954e-05
5394,يؤاخذ,2,2.5830115331464954e-05
5395,نسقيكم,2,2.5830115331464954e-05
5396,ثمرت,2,2.5830115331464954e-05
5397,وأوحى,2,2.5830115331464954e-05
5398,ٱلشجر,2,2.5830115331464954e-05
5399,بطونها,2,2.5830115331464954e-05
5400,شفآءٞ,2,2.5830115331464954e-05
5401,أرذل,2,2.5830115331464954e-05
5402,لكي,2,2.5830115331464954e-05
5403,أفبٱلبطل,2,2.5830115331464954e-05
5404,مولىه,2,2.5830115331464954e-05
5405,كلمح,2,2.5830115331464954e-05
5406,يمسكهن,2,2.5830115331464954e-05
5407,جلود,2,2.5830115331464954e-05
5408,أثثٗا,2,2.5830115331464954e-05
5409,ومتعا,2,2.5830115331464954e-05
5410,تقيكم,2,2.5830115331464954e-05
5411,بأسكم,2,2.5830115331464954e-05
5412,دونك,2,2.5830115331464954e-05
5413,زدنهم,2,2.5830115331464954e-05
5414,للمسلمين,2,2.5830115331464954e-05
5415,ٱلفحشآء,2,2.5830115331464954e-05
5416,دخلا,2,2.5830115331464954e-05
5417,صبروٓا,2,2.5830115331464954e-05
5418,حيوةٗ,2,2.5830115331464954e-05
5419,قرأت,2,2.5830115331464954e-05
5420,بدلنآ,2,2.5830115331464954e-05
5421,إيمنهٓ,2,2.5830115331464954e-05
5422,شرح,2,2.5830115331464954e-05
5423,فتنوا,2,2.5830115331464954e-05
5424,نفسها,2,2.5830115331464954e-05
5425,ألسنتكم,2,2.5830115331464954e-05
5426,قصصنا,2,2.5830115331464954e-05
5427,شاكرٗا,2,2.5830115331464954e-05
5428,بٱلحكمة,2,2.5830115331464954e-05
5429,ضيقٖ,2,2.5830115331464954e-05
5430,دوني,2,2.5830115331464954e-05
5431,شكورٗا,2,2.5830115331464954e-05
5432,وعدٗا,2,2.5830115331464954e-05
5433,بأمولٖ,2,2.5830115331464954e-05
5434,وجعلنكم,2,2.5830115331464954e-05
5435,أحسنتم,2,2.5830115331464954e-05
5436,يرحمكم,2,2.5830115331464954e-05
5437,ويبشر,2,2.5830115331464954e-05
5438,بٱلشر,2,2.5830115331464954e-05
5439,نهلك,2,2.5830115331464954e-05
5440,تدميرٗا,2,2.5830115331464954e-05
5441,بذنوب,2,2.5830115331464954e-05
5442,مذمومٗا,2,2.5830115331464954e-05
5443,سعيهم,2,2.5830115331464954e-05
5444,وللأٓخرة,2,2.5830115331464954e-05
5445,تفضيلٗا,2,2.5830115331464954e-05
5446,فتقعد,2,2.5830115331464954e-05
5447,إحسنا,2,2.5830115331464954e-05
5448,لربه,2,2.5830115331464954e-05
5449,ملومٗا,2,2.5830115331464954e-05
5450,لوليه,2,2.5830115331464954e-05
5451,ٱلعهد,2,2.5830115331464954e-05
5452,وزنوا,2,2.5830115331464954e-05
5453,بٱلقسطاس,2,2.5830115331464954e-05
5454,تمش,2,2.5830115331464954e-05
5455,مرحا,2,2.5830115331464954e-05
5456,بٱلبنين,2,2.5830115331464954e-05
5457,إنثا,2,2.5830115331464954e-05
5458,يزيدهم,2,2.5830115331464954e-05
5459,حليما,2,2.5830115331464954e-05
5460,بينك,2,2.5830115331464954e-05
5461,حجابٗا,2,2.5830115331464954e-05
5462,مسحورا,2,2.5830115331464954e-05
5463,ورفتا,2,2.5830115331464954e-05
5464,وتظنون,2,2.5830115331464954e-05
5465,عذابهٓ,2,2.5830115331464954e-05
5466,مسطورٗا,2,2.5830115331464954e-05
5467,بٱلأٓيت,2,2.5830115331464954e-05
5468,ٱلرءيا,2,2.5830115331464954e-05
5469,وٱلأولد,2,2.5830115331464954e-05
5470,وعدهم,2,2.5830115331464954e-05
5471,سلطنٞ,2,2.5830115331464954e-05
5472,يزجي,2,2.5830115331464954e-05
5473,كفورا,2,2.5830115331464954e-05
5474,يعيدكم,2,2.5830115331464954e-05
5475,تارة,2,2.5830115331464954e-05
5476,وفضلنهم,2,2.5830115331464954e-05
5477,كدت,2,2.5830115331464954e-05
5478,ضعف,2,2.5830115331464954e-05
5479,نافلةٗ,2,2.5830115331464954e-05
5480,مقامٗا,2,2.5830115331464954e-05
5481,ونٔا,2,2.5830115331464954e-05
5482,بجانبه,2,2.5830115331464954e-05
5483,بمثله,2,2.5830115331464954e-05
5484,فأبىٓ,2,2.5830115331464954e-05
5485,يؤمنوٓا,2,2.5830115331464954e-05
5486,أبعث,2,2.5830115331464954e-05
5487,ٱلمهتد,2,2.5830115331464954e-05
5488,تملكون,2,2.5830115331464954e-05
5489,تسع,2,2.5830115331464954e-05
5490,لأظنك,2,2.5830115331464954e-05
5491,فأراد,2,2.5830115331464954e-05
5492,وبٱلحق,2,2.5830115331464954e-05
5493,مبشرٗا,2,2.5830115331464954e-05
5494,للأذقان,2,2.5830115331464954e-05
5495,تجهر,2,2.5830115331464954e-05
5496,وٱبتغ,2,2.5830115331464954e-05
5497,شريكٞ,2,2.5830115331464954e-05
5498,لأٓبآئهم,2,2.5830115331464954e-05
5499,بخعٞ,2,2.5830115331464954e-05
5500,عددٗا,2,2.5830115331464954e-05
5501,بعثنهم,2,2.5830115331464954e-05
5502,كهفهم,2,2.5830115331464954e-05
5503,لبثنا,2,2.5830115331464954e-05
5504,يتنزعون,2,2.5830115331464954e-05
5505,ٱبنوا,2,2.5830115331464954e-05
5506,بنينٗا,2,2.5830115331464954e-05
5507,رابعهم,2,2.5830115331464954e-05
5508,سادسهم,2,2.5830115331464954e-05
5509,ظهرٗا,2,2.5830115331464954e-05
5510,يهدين,2,2.5830115331464954e-05
5511,ذكرنا,2,2.5830115331464954e-05
5512,ٱلوجوه,2,2.5830115331464954e-05
5513,سندسٖ,2,2.5830115331464954e-05
5514,وإستبرقٖ,2,2.5830115331464954e-05
5515,جنتين,2,2.5830115331464954e-05
5516,ٱلجنتين,2,2.5830115331464954e-05
5517,يحاورهٓ,2,2.5830115331464954e-05
5518,نفرٗا,2,2.5830115331464954e-05
5519,ظالمٞ,2,2.5830115331464954e-05
5520,قآئمةٗ,2,2.5830115331464954e-05
5521,خلقك,2,2.5830115331464954e-05
5522,بربيٓ,2,2.5830115331464954e-05
5523,جنتك,2,2.5830115331464954e-05
5524,فتصبح,2,2.5830115331464954e-05
5525,غورٗا,2,2.5830115331464954e-05
5526,يقلب,2,2.5830115331464954e-05
5527,أنفق,2,2.5830115331464954e-05
5528,ينصرونه,2,2.5830115331464954e-05
5529,وخير,2,2.5830115331464954e-05
5530,وٱلبقيت,2,2.5830115331464954e-05
5531,فدعوهم,2,2.5830115331464954e-05
5532,ليدحضوا,2,2.5830115331464954e-05
5533,وٱتخذوٓا,2,2.5830115331464954e-05
5534,أنذروا,2,2.5830115331464954e-05
5535,ونسي,2,2.5830115331464954e-05
5536,لفتىه,2,2.5830115331464954e-05
5537,أبلغ,2,2.5830115331464954e-05
5538,مجمع,2,2.5830115331464954e-05
5539,عجبٗا,2,2.5830115331464954e-05
5540,فوجدا,2,2.5830115331464954e-05
5541,وعلمنه,2,2.5830115331464954e-05
5542,تحط,2,2.5830115331464954e-05
5543,خبرٗا,2,2.5830115331464954e-05
5544,صابرٗا,2,2.5830115331464954e-05
5545,غلمٗا,2,2.5830115331464954e-05
5546,ورآءهم,2,2.5830115331464954e-05
5547,وجدها,2,2.5830115331464954e-05
5548,يذا,2,2.5830115331464954e-05
5549,فيعذبه,2,2.5830115331464954e-05
5550,مطلع,2,2.5830115331464954e-05
5551,لديه,2,2.5830115331464954e-05
5552,دونهما,2,2.5830115331464954e-05
5553,يأجوج,2,2.5830115331464954e-05
5554,ومأجوج,2,2.5830115331464954e-05
5555,أجعل,2,2.5830115331464954e-05
5556,زبر,2,2.5830115331464954e-05
5557,جمعٗا,2,2.5830115331464954e-05
5558,ٱلفردوس,2,2.5830115331464954e-05
5559,فليعمل,2,2.5830115331464954e-05
5560,ٱمرأتي,2,2.5830115331464954e-05
5561,عاقرٗا,2,2.5830115331464954e-05
5562,سميٗا,2,2.5830115331464954e-05
5563,عتيٗا,2,2.5830115331464954e-05
5564,هينٞ,2,2.5830115331464954e-05
5565,ليالٖ,2,2.5830115331464954e-05
5566,صبيٗا,2,2.5830115331464954e-05
5567,وبرا,2,2.5830115331464954e-05
5568,عصيٗا,2,2.5830115331464954e-05
5569,مقضيٗا,2,2.5830115331464954e-05
5570,ٱلنخلة,2,2.5830115331464954e-05
5571,نسيٗا,2,2.5830115331464954e-05
5572,ٱلبشر,2,2.5830115331464954e-05
5573,وٱلزكوة,2,2.5830115331464954e-05
5574,جبارٗا,2,2.5830115331464954e-05
5575,وٱلسلم,2,2.5830115331464954e-05
5576,ولدٖ,2,2.5830115331464954e-05
5577,أسمع,2,2.5830115331464954e-05
5578,وأبصر,2,2.5830115331464954e-05
5579,وأنذرهم,2,2.5830115331464954e-05
5580,صديقٗا,2,2.5830115331464954e-05
5581,وندينه,2,2.5830115331464954e-05
5582,خروا,2,2.5830115331464954e-05
5583,عدن,2,2.5830115331464954e-05
5584,بأمر,2,2.5830115331464954e-05
5585,وٱلشيطين,2,2.5830115331464954e-05
5586,حول,2,2.5830115331464954e-05
5587,جثيٗا,2,2.5830115331464954e-05
5588,فليمدد,2,2.5830115331464954e-05
5589,فسيعلمون,2,2.5830115331464954e-05
5590,أطلع,2,2.5830115331464954e-05
5591,فردٗا,2,2.5830115331464954e-05
5592,ليكونوا,2,2.5830115331464954e-05
5593,بعبادتهم,2,2.5830115331464954e-05
5594,عدٗا,2,2.5830115331464954e-05
5595,نحشر,2,2.5830115331464954e-05
5596,يتفطرن,2,2.5830115331464954e-05
5597,سيجعل,2,2.5830115331464954e-05
5598,ودٗا,2,2.5830115331464954e-05
5599,يسرنه,2,2.5830115331464954e-05
5600,بلسانك,2,2.5830115331464954e-05
5601,وتنذر,2,2.5830115331464954e-05
5602,ٱلعلى,2,2.5830115331464954e-05
5603,ٱلسر,2,2.5830115331464954e-05
5604,لأهله,2,2.5830115331464954e-05
5605,ٱمكثوٓا,2,2.5830115331464954e-05
5606,أتىها,2,2.5830115331464954e-05
5607,ٱلمقدس,2,2.5830115331464954e-05
5608,يصدنك,2,2.5830115331464954e-05
5609,بيمينك,2,2.5830115331464954e-05
5610,وٱضمم,2,2.5830115331464954e-05
5611,صدري,2,2.5830115331464954e-05
5612,لساني,2,2.5830115331464954e-05
5613,قولي,2,2.5830115331464954e-05
5614,وزيرٗا,2,2.5830115331464954e-05
5615,كثيرا,2,2.5830115331464954e-05
5616,مننا,2,2.5830115331464954e-05
5617,عينها,2,2.5830115331464954e-05
5618,قدرٖ,2,2.5830115331464954e-05
5619,ٱذهبآ,2,2.5830115331464954e-05
5620,نخاف,2,2.5830115331464954e-05
5621,فقولآ,2,2.5830115331464954e-05
5622,أعطى,2,2.5830115331464954e-05
5623,شتى,2,2.5830115331464954e-05
5624,ٱلنهى,2,2.5830115331464954e-05
5625,نخرجكم,2,2.5830115331464954e-05
5626,فكذب,2,2.5830115331464954e-05
5627,بسحرٖ,2,2.5830115331464954e-05
5628,يحشر,2,2.5830115331464954e-05
5629,فجمع,2,2.5830115331464954e-05
5630,كيده,2,2.5830115331464954e-05
5631,ويلكم,2,2.5830115331464954e-05
5632,ٱئتوا,2,2.5830115331464954e-05
5633,حبالهم,2,2.5830115331464954e-05
5634,وعصيهم,2,2.5830115331464954e-05
5635,فأوجس,2,2.5830115331464954e-05
5636,وألق,2,2.5830115331464954e-05
5637,ٱلساحر,2,2.5830115331464954e-05
5638,فألقي,2,2.5830115331464954e-05
5639,لكبيركم,2,2.5830115331464954e-05
5640,ولأصلبنكم,2,2.5830115331464954e-05
5641,ولتعلمن,2,2.5830115331464954e-05
5642,ٱلدرجت,2,2.5830115331464954e-05
5643,بعبادي,2,2.5830115331464954e-05
5644,فٱضرب,2,2.5830115331464954e-05
5645,غشيهم,2,2.5830115331464954e-05
5646,غضبي,2,2.5830115331464954e-05
5647,هوى,2,2.5830115331464954e-05
5648,ٱلسامري,2,2.5830115331464954e-05
5649,ولكنا,2,2.5830115331464954e-05
5650,فنسي,2,2.5830115331464954e-05
5651,فتنتم,2,2.5830115331464954e-05
5652,عكفين,2,2.5830115331464954e-05
5653,أثر,2,2.5830115331464954e-05
5654,يتخفتون,2,2.5830115331464954e-05
5655,عشرٗا,2,2.5830115331464954e-05
5656,وصرفنا,2,2.5830115331464954e-05
5657,ٱلوعيد,2,2.5830115331464954e-05
5658,يحدث,2,2.5830115331464954e-05
5659,بٱلقرءان,2,2.5830115331464954e-05
5660,طلوع,2,2.5830115331464954e-05
5661,وقبل,2,2.5830115331464954e-05
5662,لعلك,2,2.5830115331464954e-05
5663,لنفتنهم,2,2.5830115331464954e-05
5664,لقالوا,2,2.5830115331464954e-05
5665,فنتبع,2,2.5830115331464954e-05
5666,محدث,2,2.5830115331464954e-05
5667,شاعرٞ,2,2.5830115331464954e-05
5668,أهلكنهآ,2,2.5830115331464954e-05
5669,أفهم,2,2.5830115331464954e-05
5670,جعلنهم,2,2.5830115331464954e-05
5671,لعبين,2,2.5830115331464954e-05
5672,نتخذ,2,2.5830115331464954e-05
5673,ير,2,2.5830115331464954e-05
5674,فجاجٗا,2,2.5830115331464954e-05
5675,سقفٗا,2,2.5830115331464954e-05
5676,فلكٖ,2,2.5830115331464954e-05
5677,يتخذونك,2,2.5830115331464954e-05
5678,أهذا,2,2.5830115331464954e-05
5679,أتينا,2,2.5830115331464954e-05
5680,علمين,2,2.5830115331464954e-05
5681,فجعلهم,2,2.5830115331464954e-05
5682,حرقوه,2,2.5830115331464954e-05
5683,بردٗا,2,2.5830115331464954e-05
5684,وسلما,2,2.5830115331464954e-05
5685,بأمرنا,2,2.5830115331464954e-05
5686,وإقام,2,2.5830115331464954e-05
5687,وإيتآء,2,2.5830115331464954e-05
5688,يسبحن,2,2.5830115331464954e-05
5689,ولسليمن,2,2.5830115331464954e-05
5690,فكشفنا,2,2.5830115331464954e-05
5691,ٱلكفل,2,2.5830115331464954e-05
5692,فنادى,2,2.5830115331464954e-05
5693,أحصنت,2,2.5830115331464954e-05
5694,فرجها,2,2.5830115331464954e-05
5695,فنفخنا,2,2.5830115331464954e-05
5696,وجعلنها,2,2.5830115331464954e-05
5697,أمتكم,2,2.5830115331464954e-05
5698,وتقطعوٓا,2,2.5830115331464954e-05
5699,فتحت,2,2.5830115331464954e-05
5700,ينسلون,2,2.5830115331464954e-05
5701,وٱقترب,2,2.5830115331464954e-05
5702,أدريٓ,2,2.5830115331464954e-05
5703,بعيدٞ,2,2.5830115331464954e-05
5704,أدري,2,2.5830115331464954e-05
5705,حملها,2,2.5830115331464954e-05
5706,علقةٖ,2,2.5830115331464954e-05
5707,مخلقةٖ,2,2.5830115331464954e-05
5708,طفلٗا,2,2.5830115331464954e-05
5709,لتبلغوٓا,2,2.5830115331464954e-05
5710,أشدكم,2,2.5830115331464954e-05
5711,ٱهتزت,2,2.5830115331464954e-05
5712,وربت,2,2.5830115331464954e-05
5713,زوج,2,2.5830115331464954e-05
5714,بهيجٖ,2,2.5830115331464954e-05
5715,منيرٖ,2,2.5830115331464954e-05
5716,ٱلخسران,2,2.5830115331464954e-05
5717,ضرهٓ,2,2.5830115331464954e-05
5718,يظن,2,2.5830115331464954e-05
5719,ينصره,2,2.5830115331464954e-05
5720,وٱلشجر,2,2.5830115331464954e-05
5721,وٱلدوآب,2,2.5830115331464954e-05
5722,خصمان,2,2.5830115331464954e-05
5723,أعيدوا,2,2.5830115331464954e-05
5724,ولؤلؤٗا,2,2.5830115331464954e-05
5725,ولباسهم,2,2.5830115331464954e-05
5726,حريرٞ,2,2.5830115331464954e-05
5727,وهدوٓا,2,2.5830115331464954e-05
5728,لإبرهيم,2,2.5830115331464954e-05
5729,وأطعموا,2,2.5830115331464954e-05
5730,ٱلعتيق,2,2.5830115331464954e-05
5731,يعظم,2,2.5830115331464954e-05
5732,ٱلزور,2,2.5830115331464954e-05
5733,حنفآء,2,2.5830115331464954e-05
5734,خر,2,2.5830115331464954e-05
5735,سخرها,2,2.5830115331464954e-05
5736,ظالمةٞ,2,2.5830115331464954e-05
5737,تعمى,2,2.5830115331464954e-05
5738,تعدون,2,2.5830115331464954e-05
5739,لعفو,2,2.5830115331464954e-05
5740,لكفورٞ,2,2.5830115331464954e-05
5741,وٱدع,2,2.5830115331464954e-05
5742,تعرف,2,2.5830115331464954e-05
5743,وجوه,2,2.5830115331464954e-05
5744,ٱركعوا,2,2.5830115331464954e-05
5745,وٱسجدوا,2,2.5830115331464954e-05
5746,ٱللغو,2,2.5830115331464954e-05
5747,لفروجهم,2,2.5830115331464954e-05
5748,حفظون,2,2.5830115331464954e-05
5749,ملومين,2,2.5830115331464954e-05
5750,ٱبتغى,2,2.5830115331464954e-05
5751,ٱلعادون,2,2.5830115331464954e-05
5752,لأمنتهم,2,2.5830115331464954e-05
5753,وعهدهم,2,2.5830115331464954e-05
5754,رعون,2,2.5830115331464954e-05
5755,سللةٖ,2,2.5830115331464954e-05
5756,نطفةٗ,2,2.5830115331464954e-05
5757,مكينٖ,2,2.5830115331464954e-05
5758,علقةٗ,2,2.5830115331464954e-05
5759,فخلقنا,2,2.5830115331464954e-05
5760,فتبارك,2,2.5830115331464954e-05
5761,ٱلخلقين,2,2.5830115331464954e-05
5762,طرآئق,2,2.5830115331464954e-05
5763,وأعنبٖ,2,2.5830115331464954e-05
5764,فوكه,2,2.5830115331464954e-05
5765,تحملون,2,2.5830115331464954e-05
5766,لأنزل,2,2.5830115331464954e-05
5767,ءابآئنا,2,2.5830115331464954e-05
5768,رجل,2,2.5830115331464954e-05
5769,فأوحينآ,2,2.5830115331464954e-05
5770,تشربون,2,2.5830115331464954e-05
5771,هيهات,2,2.5830115331464954e-05
5772,نموت,2,2.5830115331464954e-05
5773,ونحيا,2,2.5830115331464954e-05
5774,قليلٖ,2,2.5830115331464954e-05
5775,فبعدٗا,2,2.5830115331464954e-05
5776,أحاديث,2,2.5830115331464954e-05
5777,وقومهما,2,2.5830115331464954e-05
5778,فكذبوهما,2,2.5830115331464954e-05
5779,وٱعملوا,2,2.5830115331464954e-05
5780,مالٖ,2,2.5830115331464954e-05
5781,ولدينا,2,2.5830115331464954e-05
5782,غمرةٖ,2,2.5830115331464954e-05
5783,فكنتم,2,2.5830115331464954e-05
5784,أتينهم,2,2.5830115331464954e-05
5785,ذرأكم,2,2.5830115331464954e-05
5786,وءابآؤنا,2,2.5830115331464954e-05
5787,يجير,2,2.5830115331464954e-05
5788,ٱدفع,2,2.5830115331464954e-05
5789,ضآلين,2,2.5830115331464954e-05
5790,سخريا,2,2.5830115331464954e-05
5791,حسابه,2,2.5830115331464954e-05
5792,بأربعة,2,2.5830115331464954e-05
5793,أربع,2,2.5830115331464954e-05
5794,شهدت,2,2.5830115331464954e-05
5795,وٱلخمسة,2,2.5830115331464954e-05
5796,شرٗا,2,2.5830115331464954e-05
5797,سمعتموه,2,2.5830115331464954e-05
5798,فإذ,2,2.5830115331464954e-05
5799,ويعلمون,2,2.5830115331464954e-05
5800,ٱرجعوا,2,2.5830115331464954e-05
5801,فٱرجعوا,2,2.5830115331464954e-05
5802,فروجهم,2,2.5830115331464954e-05
5803,يبدين,2,2.5830115331464954e-05
5804,ءابآئهن,2,2.5830115331464954e-05
5805,بعولتهن,2,2.5830115331464954e-05
5806,أبنآئهن,2,2.5830115331464954e-05
5807,أخوتهن,2,2.5830115331464954e-05
5808,نسآئهن,2,2.5830115331464954e-05
5809,أيمنهن,2,2.5830115331464954e-05
5810,أيه,2,2.5830115331464954e-05
5811,وءاتوهم,2,2.5830115331464954e-05
5812,ومثلٗا,2,2.5830115331464954e-05
5813,نورٖ,2,2.5830115331464954e-05
5814,فوقه,2,2.5830115331464954e-05
5815,سحابٞ,2,2.5830115331464954e-05
5816,صٓفتٖ,2,2.5830115331464954e-05
5817,ٱلودق,2,2.5830115331464954e-05
5818,خلله,2,2.5830115331464954e-05
5819,دعوٓا,2,2.5830115331464954e-05
5820,ليخرجن,2,2.5830115331464954e-05
5821,ٱلحلم,2,2.5830115331464954e-05
5822,صلوة,2,2.5830115331464954e-05
5823,ٱلأعرج,2,2.5830115331464954e-05
5824,ٱلمريض,2,2.5830115331464954e-05
5825,أشتاتٗا,2,2.5830115331464954e-05
5826,تحيةٗ,2,2.5830115331464954e-05
5827,يذهبوا,2,2.5830115331464954e-05
5828,أمرهٓ,2,2.5830115331464954e-05
5829,نذيرا,2,2.5830115331464954e-05
5830,فقدره,2,2.5830115331464954e-05
5831,تقديرٗا,2,2.5830115331464954e-05
5832,وزورٗا,2,2.5830115331464954e-05
5833,وأصيلٗا,2,2.5830115331464954e-05
5834,ٱلأسواق,2,2.5830115331464954e-05
5835,يلقىٓ,2,2.5830115331464954e-05
5836,بٱلساعة,2,2.5830115331464954e-05
5837,أذلك,2,2.5830115331464954e-05
5838,بورٗا,2,2.5830115331464954e-05
5839,للمجرمين,2,2.5830115331464954e-05
5840,محجورٗا,2,2.5830115331464954e-05
5841,هبآءٗ,2,2.5830115331464954e-05
5842,تشقق,2,2.5830115331464954e-05
5843,يرب,2,2.5830115331464954e-05
5844,وعادٗا,2,2.5830115331464954e-05
5845,ٱلرس,2,2.5830115331464954e-05
5846,يرونها,2,2.5830115331464954e-05
5847,إلهه,2,2.5830115331464954e-05
5848,سباتٗا,2,2.5830115331464954e-05
5849,أنعمٗا,2,2.5830115331464954e-05
5850,نذيرٗا,2,2.5830115331464954e-05
5851,مرج,2,2.5830115331464954e-05
5852,عذبٞ,2,2.5830115331464954e-05
5853,فراتٞ,2,2.5830115331464954e-05
5854,ملح,2,2.5830115331464954e-05
5855,أجاجٞ,2,2.5830115331464954e-05
5856,نسبٗا,2,2.5830115331464954e-05
5857,ٱلكافر,2,2.5830115331464954e-05
5858,منيرٗا,2,2.5830115331464954e-05
5859,ٱلجهلون,2,2.5830115331464954e-05
5860,عذابها,2,2.5830115331464954e-05
5861,ومقامٗا,2,2.5830115331464954e-05
5862,كرامٗا,2,2.5830115331464954e-05
5863,قرة,2,2.5830115331464954e-05
5864,أعينٖ,2,2.5830115331464954e-05
5865,طسٓمٓ,2,2.5830115331464954e-05
5866,فأخاف,2,2.5830115331464954e-05
5867,نعمةٞ,2,2.5830115331464954e-05
5868,موقنين,2,2.5830115331464954e-05
5869,حولهٓ,2,2.5830115331464954e-05
5870,غيري,2,2.5830115331464954e-05
5871,لفرعون,2,2.5830115331464954e-05
5872,أئن,2,2.5830115331464954e-05
5873,متبعون,2,2.5830115331464954e-05
5874,ومقامٖ,2,2.5830115331464954e-05
5875,وأورثنها,2,2.5830115331464954e-05
5876,وأنجينا,2,2.5830115331464954e-05
5877,وأزلفت,2,2.5830115331464954e-05
5878,وبرزت,2,2.5830115331464954e-05
5879,ينتصرون,2,2.5830115331464954e-05
5880,لتكونن,2,2.5830115331464954e-05
5881,ٱلباقين,2,2.5830115331464954e-05
5882,بطشتم,2,2.5830115331464954e-05
5883,أمدكم,2,2.5830115331464954e-05
5884,وزروعٖ,2,2.5830115331464954e-05
5885,يصلحون,2,2.5830115331464954e-05
5886,ٱلمسحرين,2,2.5830115331464954e-05
5887,نجني,2,2.5830115331464954e-05
5888,عجوزٗا,2,2.5830115331464954e-05
5889,دمرنا,2,2.5830115331464954e-05
5890,لٔيكة,2,2.5830115331464954e-05
5891,فيقولوا,2,2.5830115331464954e-05
5892,أفبعذابنا,2,2.5830115331464954e-05
5893,أفاك,2,2.5830115331464954e-05
5894,أثيمٖ,2,2.5830115331464954e-05
5895,بخبر,2,2.5830115331464954e-05
5896,تصطلون,2,2.5830115331464954e-05
5897,جآءها,2,2.5830115331464954e-05
5898,رءاها,2,2.5830115331464954e-05
5899,تهتز,2,2.5830115331464954e-05
5900,مدبرٗا,2,2.5830115331464954e-05
5901,يعقب,2,2.5830115331464954e-05
5902,جيبك,2,2.5830115331464954e-05
5903,وقومهٓ,2,2.5830115331464954e-05
5904,وأوتينا,2,2.5830115331464954e-05
5905,ٱلنمل,2,2.5830115331464954e-05
5906,أوزعنيٓ,2,2.5830115331464954e-05
5907,أشكر,2,2.5830115331464954e-05
5908,نعمتك,2,2.5830115331464954e-05
5909,ولدي,2,2.5830115331464954e-05
5910,ترضىه,2,2.5830115331464954e-05
5911,شديدا,2,2.5830115331464954e-05
5912,بنبإٖ,2,2.5830115331464954e-05
5913,عرش,2,2.5830115331464954e-05
5914,للشمس,2,2.5830115331464954e-05
5915,فصدهم,2,2.5830115331464954e-05
5916,تعلوا,2,2.5830115331464954e-05
5917,أذلةٗ,2,2.5830115331464954e-05
5918,تفرحون,2,2.5830115331464954e-05
5919,ءاتيك,2,2.5830115331464954e-05
5920,شكر,2,2.5830115331464954e-05
5921,طٓئركم,2,2.5830115331464954e-05
5922,تسعة,2,2.5830115331464954e-05
5923,فتلك,2,2.5830115331464954e-05
5924,بيوتهم,2,2.5830115331464954e-05
5925,حدآئق,2,2.5830115331464954e-05
5926,قرارٗا,2,2.5830115331464954e-05
5927,أنهرٗا,2,2.5830115331464954e-05
5928,أئنا,2,2.5830115331464954e-05
5929,ضللتهم,2,2.5830115331464954e-05
5930,ففزع,2,2.5830115331464954e-05
5931,ءامنون,2,2.5830115331464954e-05
5932,ونجعلهم,2,2.5830115331464954e-05
5933,وجنودهما,2,2.5830115331464954e-05
5934,وأصبح,2,2.5830115331464954e-05
5935,عدوه,2,2.5830115331464954e-05
5936,خآئفٗا,2,2.5830115331464954e-05
5937,يترقب,2,2.5830115331464954e-05
5938,أقصا,2,2.5830115331464954e-05
5939,ورد,2,2.5830115331464954e-05
5940,يسقون,2,2.5830115331464954e-05
5941,يصدر,2,2.5830115331464954e-05
5942,ونجعل,2,2.5830115331464954e-05
5943,مفترٗى,2,2.5830115331464954e-05
5944,يهمن,2,2.5830115331464954e-05
5945,صرحٗا,2,2.5830115331464954e-05
5946,لأظنه,2,2.5830115331464954e-05
5947,فنبذنهم,2,2.5830115331464954e-05
5948,بجانب,2,2.5830115331464954e-05
5949,مرسلين,2,2.5830115331464954e-05
5950,تظهرا,2,2.5830115331464954e-05
5951,أحببت,2,2.5830115331464954e-05
5952,حرما,2,2.5830115331464954e-05
5953,فمتع,2,2.5830115331464954e-05
5954,ٱلمحضرين,2,2.5830115331464954e-05
5955,ٱلأنبآء,2,2.5830115331464954e-05
5956,ٱلخيرة,2,2.5830115331464954e-05
5957,سرمدا,2,2.5830115331464954e-05
5958,قرون,2,2.5830115331464954e-05
5959,أوتيته,2,2.5830115331464954e-05
5960,ٱلصبرون,2,2.5830115331464954e-05
5961,تمنوا,2,2.5830115331464954e-05
5962,جهداك,2,2.5830115331464954e-05
5963,فأنبئكم,2,2.5830115331464954e-05
5964,نصرٞ,2,2.5830115331464954e-05
5965,أوليس,2,2.5830115331464954e-05
5966,أثقالهم,2,2.5830115331464954e-05
5967,خمسين,2,2.5830115331464954e-05
5968,أوثنٗا,2,2.5830115331464954e-05
5969,يئسوا,2,2.5830115331464954e-05
5970,ومأوىكم,2,2.5830115331464954e-05
5971,فٔامن,2,2.5830115331464954e-05
5972,ٱلنبوة,2,2.5830115331464954e-05
5973,وقرون,2,2.5830115331464954e-05
5974,ٱلعنكبوت,2,2.5830115331464954e-05
5975,نضربها,2,2.5830115331464954e-05
5976,وإنمآ,2,2.5830115331464954e-05
5977,يعبادي,2,2.5830115331464954e-05
5978,نجىهم,2,2.5830115331464954e-05
5979,جآءهٓ,2,2.5830115331464954e-05
5980,وأجلٖ,2,2.5830115331464954e-05
5981,أسٓٔوا,2,2.5830115331464954e-05
5982,بشركآئهم,2,2.5830115331464954e-05
5983,فأقم,2,2.5830115331464954e-05
5984,لخلق,2,2.5830115331464954e-05
5985,منيبين,2,2.5830115331464954e-05
5986,أيدي,2,2.5830115331464954e-05
5987,يصدعون,2,2.5830115331464954e-05
5988,كفره,2,2.5830115331464954e-05
5989,فتثير,2,2.5830115331464954e-05
5990,لمحي,2,2.5830115331464954e-05
5991,ضعفٖ,2,2.5830115331464954e-05
5992,وٱلإيمن,2,2.5830115331464954e-05
5993,ولكنكم,2,2.5830115331464954e-05
5994,معذرتهم,2,2.5830115331464954e-05
5995,للمحسنين,2,2.5830115331464954e-05
5996,مستكبرٗا,2,2.5830115331464954e-05
5997,يسمعها,2,2.5830115331464954e-05
5998,لقمن,2,2.5830115331464954e-05
5999,ٱشكر,2,2.5830115331464954e-05
6000,وفصله,2,2.5830115331464954e-05
6001,مختالٖ,2,2.5830115331464954e-05
6002,تروا,2,2.5830115331464954e-05
6003,ظهرةٗ,2,2.5830115331464954e-05
6004,وجههٓ,2,2.5830115331464954e-05
6005,عملوٓا,2,2.5830115331464954e-05
6006,بنعمت,2,2.5830115331464954e-05
6007,مقتصدٞ,2,2.5830115331464954e-05
6008,كفورٖ,2,2.5830115331464954e-05
6009,تغرنكم,2,2.5830115331464954e-05
6010,يغرنكم,2,2.5830115331464954e-05
6011,ٱلغيث,2,2.5830115331464954e-05
6012,بأي,2,2.5830115331464954e-05
6013,مهينٖ,2,2.5830115331464954e-05
6014,نسيتم,2,2.5830115331464954e-05
6015,ولنذيقنهم,2,2.5830115331464954e-05
6016,ٱلٓٔي,2,2.5830115331464954e-05
6017,قولكم,2,2.5830115331464954e-05
6018,زاغت,2,2.5830115331464954e-05
6019,ٱلحناجر,2,2.5830115331464954e-05
6020,أشحة,2,2.5830115331464954e-05
6021,وقذف,2,2.5830115331464954e-05
6022,لأزوجك,2,2.5830115331464954e-05
6023,كنتن,2,2.5830115331464954e-05
6024,تردن,2,2.5830115331464954e-05
6025,سراحٗا,2,2.5830115331464954e-05
6026,ينسآء,2,2.5830115331464954e-05
6027,بيوتكن,2,2.5830115331464954e-05
6028,وأجرا,2,2.5830115331464954e-05
6029,ضللٗا,2,2.5830115331464954e-05
6030,وطرٗا,2,2.5830115331464954e-05
6031,أزوج,2,2.5830115331464954e-05
6032,قدرٗا,2,2.5830115331464954e-05
6033,وأصيلا,2,2.5830115331464954e-05
6034,ليخرجكم,2,2.5830115331464954e-05
6035,شهدٗا,2,2.5830115331464954e-05
6036,ومبشرٗا,2,2.5830115331464954e-05
6037,أزوجك,2,2.5830115331464954e-05
6038,فٱنتشروا,2,2.5830115331464954e-05
6039,أزوجه,2,2.5830115331464954e-05
6040,ينته,2,2.5830115331464954e-05
6041,لسنة,2,2.5830115331464954e-05
6042,قريبا,2,2.5830115331464954e-05
6043,أطعنا,2,2.5830115331464954e-05
6044,وٱلمشركت,2,2.5830115331464954e-05
6045,وربي,2,2.5830115331464954e-05
6046,ممزق,2,2.5830115331464954e-05
6047,عبدٖ,2,2.5830115331464954e-05
6048,منيبٖ,2,2.5830115331464954e-05
6049,شهرٞ,2,2.5830115331464954e-05
6050,ٱلمهين,2,2.5830115331464954e-05
6051,سدرٖ,2,2.5830115331464954e-05
6052,قرٗى,2,2.5830115331464954e-05
6053,إياكم,2,2.5830115331464954e-05
6054,يفتح,2,2.5830115331464954e-05
6055,مترفوهآ,2,2.5830115331464954e-05
6056,زلفىٓ,2,2.5830115331464954e-05
6057,فكذبوا,2,2.5830115331464954e-05
6058,أجرٖ,2,2.5830115331464954e-05
6059,يوحيٓ,2,2.5830115331464954e-05
6060,وأنى,2,2.5830115331464954e-05
6061,ويقذفون,2,2.5830115331464954e-05
6062,مريب,2,2.5830115331464954e-05
6063,فرءاه,2,2.5830115331464954e-05
6064,ٱلنشور,2,2.5830115331464954e-05
6065,تنذر,2,2.5830115331464954e-05
6066,يتزكى,2,2.5830115331464954e-05
6067,ثمرتٖ,2,2.5830115331464954e-05
6068,ألونها,2,2.5830115331464954e-05
6069,بيضٞ,2,2.5830115331464954e-05
6070,لخبير,2,2.5830115331464954e-05
6071,سابق,2,2.5830115331464954e-05
6072,يمسنا,2,2.5830115331464954e-05
6073,كفرهم,2,2.5830115331464954e-05
6074,شركٞ,2,2.5830115331464954e-05
6075,ٱستكبارٗا,2,2.5830115331464954e-05
6076,لسنت,2,2.5830115331464954e-05
6077,وكانوٓا,2,2.5830115331464954e-05
6078,أحصينه,2,2.5830115331464954e-05
6079,يسٔلكم,2,2.5830115331464954e-05
6080,فطرني,2,2.5830115331464954e-05
6081,شفعتهم,2,2.5830115331464954e-05
6082,ينقذون,2,2.5830115331464954e-05
6083,ٱلمكرمين,2,2.5830115331464954e-05
6084,ٱلعباد,2,2.5830115331464954e-05
6085,ٱلأزوج,2,2.5830115331464954e-05
6086,رحيمٖ,2,2.5830115331464954e-05
6087,ٱصلوها,2,2.5830115331464954e-05
6088,ٱلكواكب,2,2.5830115331464954e-05
6089,وحفظٗا,2,2.5830115331464954e-05
6090,فٱستفتهم,2,2.5830115331464954e-05
6091,أوءابآؤنا,2,2.5830115331464954e-05
6092,زجرةٞ,2,2.5830115331464954e-05
6093,وأقبل,2,2.5830115331464954e-05
6094,طغين,2,2.5830115331464954e-05
6095,مشتركون,2,2.5830115331464954e-05
6096,بٱلمجرمين,2,2.5830115331464954e-05
6097,يطاف,2,2.5830115331464954e-05
6098,معين,2,2.5830115331464954e-05
6099,لذةٖ,2,2.5830115331464954e-05
6100,ينزفون,2,2.5830115331464954e-05
6101,كأنهن,2,2.5830115331464954e-05
6102,مكنونٞ,2,2.5830115331464954e-05
6103,فأقبل,2,2.5830115331464954e-05
6104,قرينٞ,2,2.5830115331464954e-05
6105,ٱلمصدقين,2,2.5830115331464954e-05
6106,لكنت,2,2.5830115331464954e-05
6107,موتتنا,2,2.5830115331464954e-05
6108,ٱلزقوم,2,2.5830115331464954e-05
6109,لأٓكلون,2,2.5830115331464954e-05
6110,فمالٔون,2,2.5830115331464954e-05
6111,ظنكم,2,2.5830115331464954e-05
6112,سقيمٞ,2,2.5830115331464954e-05
6113,تنطقون,2,2.5830115331464954e-05
6114,بٱليمين,2,2.5830115331464954e-05
6115,ٱلأسفلين,2,2.5830115331464954e-05
6116,ذريتهما,2,2.5830115331464954e-05
6117,لمحضرون,2,2.5830115331464954e-05
6118,مليمٞ,2,2.5830115331464954e-05
6119,بٱلعرآء,2,2.5830115331464954e-05
6120,ٱلبنات,2,2.5830115331464954e-05
6121,ٱلبنون,2,2.5830115331464954e-05
6122,إفكهم,2,2.5830115331464954e-05
6123,فنادوا,2,2.5830115331464954e-05
6124,كذاب,2,2.5830115331464954e-05
6125,ٱلأسبب,2,2.5830115331464954e-05
6126,ٱلأوتاد,2,2.5830115331464954e-05
6127,أوابٞ,2,2.5830115331464954e-05
6128,ٱلخطاب,2,2.5830115331464954e-05
6129,فٱستغفر,2,2.5830115331464954e-05
6130,لزلفى,2,2.5830115331464954e-05
6131,ٱلهوى,2,2.5830115331464954e-05
6132,ٱلعبد,2,2.5830115331464954e-05
6133,عبدنآ,2,2.5830115331464954e-05
6134,ٱلأخيار,2,2.5830115331464954e-05
6135,بفكهةٖ,2,2.5830115331464954e-05
6136,للطغين,2,2.5830115331464954e-05
6137,فوجٞ,2,2.5830115331464954e-05
6138,مرحبا,2,2.5830115331464954e-05
6139,فٱعبد,2,2.5830115331464954e-05
6140,وأهليهم,2,2.5830115331464954e-05
6141,ظللٞ,2,2.5830115331464954e-05
6142,ٱجتنبوا,2,2.5830115331464954e-05
6143,غرفٞ,2,2.5830115331464954e-05
6144,يهيج,2,2.5830115331464954e-05
6145,فترىه,2,2.5830115331464954e-05
6146,لذكرى,2,2.5830115331464954e-05
6147,فأتىهم,2,2.5830115331464954e-05
6148,بٱلصدق,2,2.5830115331464954e-05
6149,أسوأ,2,2.5830115331464954e-05
6150,أرادني,2,2.5830115331464954e-05
6151,ٱلأخرىٓ,2,2.5830115331464954e-05
6152,مقاليد,2,2.5830115331464954e-05
6153,وجايٓء,2,2.5830115331464954e-05
6154,وسيق,2,2.5830115331464954e-05
6155,زمرا,2,2.5830115331464954e-05
6156,خزنتهآ,2,2.5830115331464954e-05
6157,ٱدخلوٓا,2,2.5830115331464954e-05
6158,وفتحت,2,2.5830115331464954e-05
6159,ويستغفرون,2,2.5830115331464954e-05
6160,وقهم,2,2.5830115331464954e-05
6161,ينادون,2,2.5830115331464954e-05
6162,ينيب,2,2.5830115331464954e-05
6163,فٱدعوا,2,2.5830115331464954e-05
6164,ٱلأٓزفة,2,2.5830115331464954e-05
6165,ٱلأعين,2,2.5830115331464954e-05
6166,وءاثارٗا,2,2.5830115331464954e-05
6167,كذابٞ,2,2.5830115331464954e-05
6168,يظهر,2,2.5830115331464954e-05
6169,عذت,2,2.5830115331464954e-05
6170,بربي,2,2.5830115331464954e-05
6171,متكبرٖ,2,2.5830115331464954e-05
6172,مسرفٞ,2,2.5830115331464954e-05
6173,ظهرين,2,2.5830115331464954e-05
6174,ٱلرشاد,2,2.5830115331464954e-05
6175,للعباد,2,2.5830115331464954e-05
6176,مقتا,2,2.5830115331464954e-05
6177,قلب,2,2.5830115331464954e-05
6178,أدعوكم,2,2.5830115331464954e-05
6179,يؤفك,2,2.5830115331464954e-05
6180,وصوركم,2,2.5830115331464954e-05
6181,فأحسن,2,2.5830115331464954e-05
6182,صوركم,2,2.5830115331464954e-05
6183,يسحبون,2,2.5830115331464954e-05
6184,وخسر,2,2.5830115331464954e-05
6185,وقرٞ,2,2.5830115331464954e-05
6186,وتجعلون,2,2.5830115331464954e-05
6187,بمصبيح,2,2.5830115331464954e-05
6188,صعقة,2,2.5830115331464954e-05
6189,صرصرٗا,2,2.5830115331464954e-05
6190,أعدآء,2,2.5830115331464954e-05
6191,خلقهن,2,2.5830115331464954e-05
6192,أسآء,2,2.5830115331464954e-05
6193,ٱلولي,2,2.5830115331464954e-05
6194,نوحٗا,2,2.5830115331464954e-05
6195,حجتهم,2,2.5830115331464954e-05
6196,بعيد,2,2.5830115331464954e-05
6197,نزد,2,2.5830115331464954e-05
6198,مصيبةٖ,2,2.5830115331464954e-05
6199,كٱلأعلم,2,2.5830115331464954e-05
6200,يجتنبون,2,2.5830115331464954e-05
6201,كبٓئر,2,2.5830115331464954e-05
6202,وٱلفوحش,2,2.5830115331464954e-05
6203,صبر,2,2.5830115331464954e-05
6204,ينصرونهم,2,2.5830115331464954e-05
6205,بطشٗا,2,2.5830115331464954e-05
6206,لجعلنا,2,2.5830115331464954e-05
6207,أبوبٗا,2,2.5830115331464954e-05
6208,ٱلمشرقين,2,2.5830115331464954e-05
6209,وأكوابٖ,2,2.5830115331464954e-05
6210,نسمع,2,2.5830115331464954e-05
6211,ويلعبوا,2,2.5830115331464954e-05
6212,فٱرتقب,2,2.5830115331464954e-05
6213,ٱلكبرىٓ,2,2.5830115331464954e-05
6214,فدعا,2,2.5830115331464954e-05
6215,مجرمون,2,2.5830115331464954e-05
6216,بٔابآئنآ,2,2.5830115331464954e-05
6217,تبعٖ,2,2.5830115331464954e-05
6218,خذوه,2,2.5830115331464954e-05
6219,أمينٖ,2,2.5830115331464954e-05
6220,وزوجنهم,2,2.5830115331464954e-05
6221,بحور,2,2.5830115331464954e-05
6222,يذوقون,2,2.5830115331464954e-05
6223,ووقىهم,2,2.5830115331464954e-05
6224,ٱلدهر,2,2.5830115331464954e-05
6225,يجمعكم,2,2.5830115331464954e-05
6226,وٱلساعة,2,2.5830115331464954e-05
6227,وغرتكم,2,2.5830115331464954e-05
6228,حشر,2,2.5830115331464954e-05
6229,رأوه,2,2.5830115331464954e-05
6230,يرىٓ,2,2.5830115331464954e-05
6231,يقومنآ,2,2.5830115331464954e-05
6232,داعي,2,2.5830115331464954e-05
6233,بالهم,2,2.5830115331464954e-05
6234,فضرب,2,2.5830115331464954e-05
6235,ويدخلهم,2,2.5830115331464954e-05
6236,كرهوا,2,2.5830115331464954e-05
6237,فأولى,2,2.5830115331464954e-05
6238,أرحامكم,2,2.5830115331464954e-05
6239,فمنكم,2,2.5830115331464954e-05
6240,أمثلكم,2,2.5830115331464954e-05
6241,ٱلسكينة,2,2.5830115331464954e-05
6242,ليدخل,2,2.5830115331464954e-05
6243,يبايعونك,2,2.5830115331464954e-05
6244,فعلم,2,2.5830115331464954e-05
6245,فجعل,2,2.5830115331464954e-05
6246,فٱستوى,2,2.5830115331464954e-05
6247,ٱلصدقون,2,2.5830115331464954e-05
6248,ٱلمجيد,2,2.5830115331464954e-05
6249,بنينها,2,2.5830115331464954e-05
6250,ٱلأول,2,2.5830115331464954e-05
6251,قرينه,2,2.5830115331464954e-05
6252,مناعٖ,2,2.5830115331464954e-05
6253,للخير,2,2.5830115331464954e-05
6254,فسبحه,2,2.5830115331464954e-05
6255,سراعٗا,2,2.5830115331464954e-05
6256,ساهون,2,2.5830115331464954e-05
6257,للسآئل,2,2.5830115331464954e-05
6258,وٱلمحروم,2,2.5830115331464954e-05
6259,مجنونٞ,2,2.5830115331464954e-05
6260,طاغون,2,2.5830115331464954e-05
6261,تمور,2,2.5830115331464954e-05
6262,كأسٗا,2,2.5830115331464954e-05
6263,ويطوف,2,2.5830115331464954e-05
6264,فليأتوا,2,2.5830115331464954e-05
6265,ٱلخلقون,2,2.5830115331464954e-05
6266,مغرمٖ,2,2.5830115331464954e-05
6267,مثقلون,2,2.5830115331464954e-05
6268,وٱلنجم,2,2.5830115331464954e-05
6269,صاحبكم,2,2.5830115331464954e-05
6270,بٱلأفق,2,2.5830115331464954e-05
6271,أوحى,2,2.5830115331464954e-05
6272,ٱلمنتهى,2,2.5830115331464954e-05
6273,ٱلأنثى,2,2.5830115331464954e-05
6274,تمنى,2,2.5830115331464954e-05
6275,وٱلأولى,2,2.5830115331464954e-05
6276,ٱلمغفرة,2,2.5830115331464954e-05
6277,صحف,2,2.5830115331464954e-05
6278,ٱلزوجين,2,2.5830115331464954e-05
6279,أعجاز,2,2.5830115331464954e-05
6280,مقتدر,2,2.5830115331464954e-05
6281,ٱلزبر,2,2.5830115331464954e-05
6282,وٱلمرجان,2,2.5830115331464954e-05
6283,ٱلجلل,2,2.5830115331464954e-05
6284,وٱلإكرام,2,2.5830115331464954e-05
6285,ٱنشقت,2,2.5830115331464954e-05
6286,حميم,2,2.5830115331464954e-05
6287,عينان,2,2.5830115331464954e-05
6288,يطمثهن,2,2.5830115331464954e-05
6289,ٱلإحسن,2,2.5830115331464954e-05
6290,تبرك,2,2.5830115331464954e-05
6291,وقعت,2,2.5830115331464954e-05
6292,ٱلواقعة,2,2.5830115331464954e-05
6293,ثلةٞ,2,2.5830115331464954e-05
6294,ولدنٞ,2,2.5830115331464954e-05
6295,مخلدون,2,2.5830115331464954e-05
6296,وفكهةٖ,2,2.5830115331464954e-05
6297,لغوٗا,2,2.5830115331464954e-05
6298,وظلٖ,2,2.5830115331464954e-05
6299,أترابٗا,2,2.5830115331464954e-05
6300,لأصحب,2,2.5830115331464954e-05
6301,فشربون,2,2.5830115331464954e-05
6302,بمسبوقين,2,2.5830115331464954e-05
6303,نبدل,2,2.5830115331464954e-05
6304,حطمٗا,2,2.5830115331464954e-05
6305,محرومون,2,2.5830115331464954e-05
6306,وجنت,2,2.5830115331464954e-05
6307,نورهم,2,2.5830115331464954e-05
6308,وبأيمنهم,2,2.5830115331464954e-05
6309,وأقرضوا,2,2.5830115331464954e-05
6310,قوي,2,2.5830115331464954e-05
6311,يعودون,2,2.5830115331464954e-05
6312,يتمآسا,2,2.5830115331464954e-05
6313,يحآدون,2,2.5830115331464954e-05
6314,ومعصيت,2,2.5830115331464954e-05
6315,نجوىكم,2,2.5830115331464954e-05
6316,فأنسىهم,2,2.5830115331464954e-05
6317,يوق,2,2.5830115331464954e-05
6318,شح,2,2.5830115331464954e-05
6319,ٱلقدوس,2,2.5830115331464954e-05
6320,بٱلمودة,2,2.5830115331464954e-05
6321,ينهىكم,2,2.5830115331464954e-05
6322,مؤمنتٖ,2,2.5830115331464954e-05
6323,ويدخلكم,2,2.5830115331464954e-05
6324,يؤخر,2,2.5830115331464954e-05
6325,وٱستغنى,2,2.5830115331464954e-05
6326,ويعمل,2,2.5830115331464954e-05
6327,سئاته,2,2.5830115331464954e-05
6328,وٱلٓٔي,2,2.5830115331464954e-05
6329,حملهن,2,2.5830115331464954e-05
6330,طباقٗا,2,2.5830115331464954e-05
6331,بذنبهم,2,2.5830115331464954e-05
6332,بنعمة,2,2.5830115331464954e-05
6333,بمجنونٖ,2,2.5830115331464954e-05
6334,معتد,2,2.5830115331464954e-05
6335,قدرين,2,2.5830115331464954e-05
6336,لضآلون,2,2.5830115331464954e-05
6337,ترهقهم,2,2.5830115331464954e-05
6338,فأهلكوا,2,2.5830115331464954e-05
6339,وٱلملك,2,2.5830115331464954e-05
6340,كتبيه,2,2.5830115331464954e-05
6341,حسابيه,2,2.5830115331464954e-05
6342,عيشةٖ,2,2.5830115331464954e-05
6343,راضيةٖ,2,2.5830115331464954e-05
6344,عاليةٖ,2,2.5830115331464954e-05
6345,قطوفها,2,2.5830115331464954e-05
6346,يحض,2,2.5830115331464954e-05
6347,لقول,2,2.5830115331464954e-05
6348,وٱلروح,2,2.5830115331464954e-05
6349,كٱلعهن,2,2.5830115331464954e-05
6350,وصحبته,2,2.5830115331464954e-05
6351,وجمع,2,2.5830115331464954e-05
6352,ٱلمصلين,2,2.5830115331464954e-05
6353,دعوتهم,2,2.5830115331464954e-05
6354,سراجٗا,2,2.5830115331464954e-05
6355,تذرن,2,2.5830115331464954e-05
6356,تزد,2,2.5830115331464954e-05
6357,ظننآ,2,2.5830115331464954e-05
6358,رهقٗا,2,2.5830115331464954e-05
6359,رصدٗا,2,2.5830115331464954e-05
6360,ومنا,2,2.5830115331464954e-05
6361,ٱلقسطون,2,2.5830115331464954e-05
6362,قم,2,2.5830115331464954e-05
6363,سبحٗا,2,2.5830115331464954e-05
6364,ترجف,2,2.5830115331464954e-05
6365,فٱقرءوا,2,2.5830115331464954e-05
6366,تيسر,2,2.5830115331464954e-05
6367,عبس,2,2.5830115331464954e-05
6368,وٱلصبح,2,2.5830115331464954e-05
6369,نك,2,2.5830115331464954e-05
6370,صحفٗا,2,2.5830115331464954e-05
6371,ذكره,2,2.5830115331464954e-05
6372,ووجوهٞ,2,2.5830115331464954e-05
6373,فسوى,2,2.5830115331464954e-05
6374,وٱلأنثىٓ,2,2.5830115331464954e-05
6375,مزاجها,2,2.5830115331464954e-05
6376,يشرب,2,2.5830115331464954e-05
6377,قواريرا,2,2.5830115331464954e-05
6378,سعيكم,2,2.5830115331464954e-05
6379,تشآءون,2,2.5830115331464954e-05
6380,ٱنطلقوٓا,2,2.5830115331464954e-05
6381,أفواجٗا,2,2.5830115331464954e-05
6382,بنىها,2,2.5830115331464954e-05
6383,فسوىها,2,2.5830115331464954e-05
6384,ضحىها,2,2.5830115331464954e-05
6385,ولأنعمكم,2,2.5830115331464954e-05
6386,وتولىٓ,2,2.5830115331464954e-05
6387,فأنت,2,2.5830115331464954e-05
6388,ٱلبحار,2,2.5830115331464954e-05
6389,ٱلفجار,2,2.5830115331464954e-05
6390,مرقومٞ,2,2.5830115331464954e-05
6391,وأذنت,2,2.5830115331464954e-05
6392,لربها,2,2.5830115331464954e-05
6393,وحقت,2,2.5830115331464954e-05
6394,لليسرى,2,2.5830115331464954e-05
6395,ٱلأشقى,2,2.5830115331464954e-05
6396,جوعٖ,2,2.5830115331464954e-05
6397,ٱبتلىه,2,2.5830115331464954e-05
6398,يتيمٗا,2,2.5830115331464954e-05
6399,فسنيسره,2,2.5830115331464954e-05
6400,مالهٓ,2,2.5830115331464954e-05
6401,ولسوف,2,2.5830115331464954e-05
6402,ووجدك,2,2.5830115331464954e-05
6403,ٱلبينة,2,2.5830115331464954e-05
6404,ٱلبرية,2,2.5830115331464954e-05
6405,يره,2,2.5830115331464954e-05
6406,ٱلحطمة,2,2.5830115331464954e-05
6407,لهبٖ,2,2.5830115331464954e-05
6408,إياك,1,1.2915057665732477e-05
6409,وإياك,1,1.2915057665732477e-05
6410,نستعين,1,1.2915057665732477e-05
6411,ٱهدنا,1,1.2915057665732477e-05
6412,ٱلمغضوب,1,1.2915057665732477e-05
6413,وبٱلأٓخرة,1,1.2915057665732477e-05
6414,ختم,1,1.2915057665732477e-05
6415,غشوةٞ,1,1.2915057665732477e-05
6416,وبٱليوم,1,1.2915057665732477e-05
6417,مرضٗا,1,1.2915057665732477e-05
6418,ٱلمفسدون,1,1.2915057665732477e-05
6419,شيطينهم,1,1.2915057665732477e-05
6420,مستهزءون,1,1.2915057665732477e-05
6421,يستهزئ,1,1.2915057665732477e-05
6422,ويمدهم,1,1.2915057665732477e-05
6423,ربحت,1,1.2915057665732477e-05
6424,تجرتهم,1,1.2915057665732477e-05
6425,ٱستوقد,1,1.2915057665732477e-05
6426,أضآءت,1,1.2915057665732477e-05
6427,بنورهم,1,1.2915057665732477e-05
6428,وتركهم,1,1.2915057665732477e-05
6429,كصيبٖ,1,1.2915057665732477e-05
6430,ظلمتٞ,1,1.2915057665732477e-05
6431,ورعدٞ,1,1.2915057665732477e-05
6432,وبرقٞ,1,1.2915057665732477e-05
6433,يخطف,1,1.2915057665732477e-05
6434,أضآء,1,1.2915057665732477e-05
6435,مشوا,1,1.2915057665732477e-05
6436,بسمعهم,1,1.2915057665732477e-05
6437,فرشٗا,1,1.2915057665732477e-05
6438,رزقوا,1,1.2915057665732477e-05
6439,ثمرةٖ,1,1.2915057665732477e-05
6440,رزقنا,1,1.2915057665732477e-05
6441,يستحيٓ,1,1.2915057665732477e-05
6442,بعوضةٗ,1,1.2915057665732477e-05
6443,فيعلمون,1,1.2915057665732477e-05
6444,فيقولون,1,1.2915057665732477e-05
6445,أموتٗا,1,1.2915057665732477e-05
6446,فأحيكم,1,1.2915057665732477e-05
6447,فسوىهن,1,1.2915057665732477e-05
6448,جاعلٞ,1,1.2915057665732477e-05
6449,أتجعل,1,1.2915057665732477e-05
6450,يفسد,1,1.2915057665732477e-05
6451,ويسفك,1,1.2915057665732477e-05
6452,ٱلدمآء,1,1.2915057665732477e-05
6453,نسبح,1,1.2915057665732477e-05
6454,بحمدك,1,1.2915057665732477e-05
6455,ونقدس,1,1.2915057665732477e-05
6456,عرضهم,1,1.2915057665732477e-05
6457,أنبٔوني,1,1.2915057665732477e-05
6458,بأسمآء,1,1.2915057665732477e-05
6459,علمتنآ,1,1.2915057665732477e-05
6460,أنبئهم,1,1.2915057665732477e-05
6461,أنبأهم,1,1.2915057665732477e-05
6462,رغدا,1,1.2915057665732477e-05
6463,فأزلهما,1,1.2915057665732477e-05
6464,فأخرجهما,1,1.2915057665732477e-05
6465,فتلقىٓ,1,1.2915057665732477e-05
6466,كلمتٖ,1,1.2915057665732477e-05
6467,بعهديٓ,1,1.2915057665732477e-05
6468,أوف,1,1.2915057665732477e-05
6469,بعهدكم,1,1.2915057665732477e-05
6470,كافر,1,1.2915057665732477e-05
6471,تلبسوا,1,1.2915057665732477e-05
6472,وتكتموا,1,1.2915057665732477e-05
6473,وٱركعوا,1,1.2915057665732477e-05
6474,أتأمرون,1,1.2915057665732477e-05
6475,تتلون,1,1.2915057665732477e-05
6476,وٱستعينوا,1,1.2915057665732477e-05
6477,ٱلخشعين,1,1.2915057665732477e-05
6478,نجينكم,1,1.2915057665732477e-05
6479,يذبحون,1,1.2915057665732477e-05
6480,فرقنا,1,1.2915057665732477e-05
6481,فأنجينكم,1,1.2915057665732477e-05
6482,عفونا,1,1.2915057665732477e-05
6483,بٱتخاذكم,1,1.2915057665732477e-05
6484,فتوبوٓا,1,1.2915057665732477e-05
6485,فٱقتلوٓا,1,1.2915057665732477e-05
6486,فأخذتكم,1,1.2915057665732477e-05
6487,بعثنكم,1,1.2915057665732477e-05
6488,موتكم,1,1.2915057665732477e-05
6489,وسنزيد,1,1.2915057665732477e-05
6490,ٱستسقى,1,1.2915057665732477e-05
6491,فٱنفجرت,1,1.2915057665732477e-05
6492,نصبر,1,1.2915057665732477e-05
6493,طعامٖ,1,1.2915057665732477e-05
6494,بقلها,1,1.2915057665732477e-05
6495,وقثآئها,1,1.2915057665732477e-05
6496,وفومها,1,1.2915057665732477e-05
6497,وعدسها,1,1.2915057665732477e-05
6498,وبصلها,1,1.2915057665732477e-05
6499,أتستبدلون,1,1.2915057665732477e-05
6500,مصرٗا,1,1.2915057665732477e-05
6501,سألتم,1,1.2915057665732477e-05
6502,وٱلمسكنة,1,1.2915057665732477e-05
6503,لكنتم,1,1.2915057665732477e-05
6504,ٱعتدوا,1,1.2915057665732477e-05
6505,يديها,1,1.2915057665732477e-05
6506,خلفها,1,1.2915057665732477e-05
6507,تذبحوا,1,1.2915057665732477e-05
6508,بقرةٗ,1,1.2915057665732477e-05
6509,أتتخذنا,1,1.2915057665732477e-05
6510,فارضٞ,1,1.2915057665732477e-05
6511,بكر,1,1.2915057665732477e-05
6512,عوان,1,1.2915057665732477e-05
6513,فٱفعلوا,1,1.2915057665732477e-05
6514,صفرآء,1,1.2915057665732477e-05
6515,فاقعٞ,1,1.2915057665732477e-05
6516,تسر,1,1.2915057665732477e-05
6517,ٱلنظرين,1,1.2915057665732477e-05
6518,ذلولٞ,1,1.2915057665732477e-05
6519,تثير,1,1.2915057665732477e-05
6520,تسقي,1,1.2915057665732477e-05
6521,مسلمةٞ,1,1.2915057665732477e-05
6522,شية,1,1.2915057665732477e-05
6523,فذبحوها,1,1.2915057665732477e-05
6524,فٱدر,1,1.2915057665732477e-05
6525,ٔتم,1,1.2915057665732477e-05
6526,ٱضربوه,1,1.2915057665732477e-05
6527,ببعضها,1,1.2915057665732477e-05
6528,كٱلحجارة,1,1.2915057665732477e-05
6529,قسوةٗ,1,1.2915057665732477e-05
6530,ٱلحجارة,1,1.2915057665732477e-05
6531,يتفجر,1,1.2915057665732477e-05
6532,يشقق,1,1.2915057665732477e-05
6533,فيخرج,1,1.2915057665732477e-05
6534,يهبط,1,1.2915057665732477e-05
6535,أفتطمعون,1,1.2915057665732477e-05
6536,يحرفونه,1,1.2915057665732477e-05
6537,عقلوه,1,1.2915057665732477e-05
6538,أتحدثونهم,1,1.2915057665732477e-05
6539,فتح,1,1.2915057665732477e-05
6540,ليحآجوكم,1,1.2915057665732477e-05
6541,أميون,1,1.2915057665732477e-05
6542,ليشتروا,1,1.2915057665732477e-05
6543,معدودةٗ,1,1.2915057665732477e-05
6544,أتخذتم,1,1.2915057665732477e-05
6545,عهدهٓ,1,1.2915057665732477e-05
6546,وأحطت,1,1.2915057665732477e-05
6547,خطيٓٔته,1,1.2915057665732477e-05
6548,إحسانٗا,1,1.2915057665732477e-05
6549,وذي,1,1.2915057665732477e-05
6550,تسفكون,1,1.2915057665732477e-05
6551,دمآءكم,1,1.2915057665732477e-05
6552,أقررتم,1,1.2915057665732477e-05
6553,وتخرجون,1,1.2915057665732477e-05
6554,يأتوكم,1,1.2915057665732477e-05
6555,تفدوهم,1,1.2915057665732477e-05
6556,محرم,1,1.2915057665732477e-05
6557,إخراجهم,1,1.2915057665732477e-05
6558,أفتؤمنون,1,1.2915057665732477e-05
6559,وتكفرون,1,1.2915057665732477e-05
6560,بٱلرسل,1,1.2915057665732477e-05
6561,أفكلما,1,1.2915057665732477e-05
6562,ٱستكبرتم,1,1.2915057665732477e-05
6563,ففريقٗا,1,1.2915057665732477e-05
6564,فقليلٗا,1,1.2915057665732477e-05
6565,يستفتحون,1,1.2915057665732477e-05
6566,فلعنة,1,1.2915057665732477e-05
6567,فبآءو,1,1.2915057665732477e-05
6568,بغضب,1,1.2915057665732477e-05
6569,غضبٖ,1,1.2915057665732477e-05
6570,ويكفرون,1,1.2915057665732477e-05
6571,ورآءه,1,1.2915057665732477e-05
6572,وأشربوا,1,1.2915057665732477e-05
6573,يتمنوه,1,1.2915057665732477e-05
6574,ولتجدنهم,1,1.2915057665732477e-05
6575,أحرص,1,1.2915057665732477e-05
6576,حيوةٖ,1,1.2915057665732477e-05
6577,بمزحزحه,1,1.2915057665732477e-05
6578,لجبريل,1,1.2915057665732477e-05
6579,وميكىل,1,1.2915057665732477e-05
6580,أوكلما,1,1.2915057665732477e-05
6581,نبذه,1,1.2915057665732477e-05
6582,نبذ,1,1.2915057665732477e-05
6583,ٱلملكين,1,1.2915057665732477e-05
6584,ببابل,1,1.2915057665732477e-05
6585,هروت,1,1.2915057665732477e-05
6586,ومروت,1,1.2915057665732477e-05
6587,يعلمان,1,1.2915057665732477e-05
6588,يقولآ,1,1.2915057665732477e-05
6589,تكفر,1,1.2915057665732477e-05
6590,فيتعلمون,1,1.2915057665732477e-05
6591,وزوجه,1,1.2915057665732477e-05
6592,بضآرين,1,1.2915057665732477e-05
6593,ويتعلمون,1,1.2915057665732477e-05
6594,علموا,1,1.2915057665732477e-05
6595,شروا,1,1.2915057665732477e-05
6596,لمثوبةٞ,1,1.2915057665732477e-05
6597,رعنا,1,1.2915057665732477e-05
6598,ٱنظرنا,1,1.2915057665732477e-05
6599,ننسخ,1,1.2915057665732477e-05
6600,ننسها,1,1.2915057665732477e-05
6601,نأت,1,1.2915057665732477e-05
6602,مثلهآ,1,1.2915057665732477e-05
6603,سئل,1,1.2915057665732477e-05
6604,يتبدل,1,1.2915057665732477e-05
6605,يردونكم,1,1.2915057665732477e-05
6606,كفارا,1,1.2915057665732477e-05
6607,حسدٗا,1,1.2915057665732477e-05
6608,فٱعفوا,1,1.2915057665732477e-05
6609,وٱصفحوا,1,1.2915057665732477e-05
6610,أمانيهم,1,1.2915057665732477e-05
6611,خرابهآ,1,1.2915057665732477e-05
6612,يدخلوهآ,1,1.2915057665732477e-05
6613,خآئفين,1,1.2915057665732477e-05
6614,فأينما,1,1.2915057665732477e-05
6615,فثم,1,1.2915057665732477e-05
6616,يكلمنا,1,1.2915057665732477e-05
6617,تأتينآ,1,1.2915057665732477e-05
6618,تشبهت,1,1.2915057665732477e-05
6619,تسٔل,1,1.2915057665732477e-05
6620,يتلونه,1,1.2915057665732477e-05
6621,تلاوتهٓ,1,1.2915057665732477e-05
6622,تنفعها,1,1.2915057665732477e-05
6623,ٱبتلىٓ,1,1.2915057665732477e-05
6624,بكلمتٖ,1,1.2915057665732477e-05
6625,فأتمهن,1,1.2915057665732477e-05
6626,جاعلك,1,1.2915057665732477e-05
6627,عهدي,1,1.2915057665732477e-05
6628,مثابةٗ,1,1.2915057665732477e-05
6629,وأمنٗا,1,1.2915057665732477e-05
6630,مصلٗى,1,1.2915057665732477e-05
6631,وعهدنآ,1,1.2915057665732477e-05
6632,طهرا,1,1.2915057665732477e-05
6633,وٱلعكفين,1,1.2915057665732477e-05
6634,بلدا,1,1.2915057665732477e-05
6635,وٱرزق,1,1.2915057665732477e-05
6636,فأمتعه,1,1.2915057665732477e-05
6637,أضطرهٓ,1,1.2915057665732477e-05
6638,ذريتنآ,1,1.2915057665732477e-05
6639,مسلمةٗ,1,1.2915057665732477e-05
6640,وأرنا,1,1.2915057665732477e-05
6641,مناسكنا,1,1.2915057665732477e-05
6642,يرغب,1,1.2915057665732477e-05
6643,سفه,1,1.2915057665732477e-05
6644,ٱصطفينه,1,1.2915057665732477e-05
6645,ووصى,1,1.2915057665732477e-05
6646,بنيه,1,1.2915057665732477e-05
6647,ٱصطفى,1,1.2915057665732477e-05
6648,لبنيه,1,1.2915057665732477e-05
6649,ءابآئك,1,1.2915057665732477e-05
6650,شقاقٖ,1,1.2915057665732477e-05
6651,فسيكفيكهم,1,1.2915057665732477e-05
6652,صبغة,1,1.2915057665732477e-05
6653,صبغةٗ,1,1.2915057665732477e-05
6654,أتحآجوننا,1,1.2915057665732477e-05
6655,ولنآ,1,1.2915057665732477e-05
6656,مخلصون,1,1.2915057665732477e-05
6657,كتم,1,1.2915057665732477e-05
6658,ولىهم,1,1.2915057665732477e-05
6659,وسطٗا,1,1.2915057665732477e-05
6660,ٱلقبلة,1,1.2915057665732477e-05
6661,ليضيع,1,1.2915057665732477e-05
6662,فلنولينك,1,1.2915057665732477e-05
6663,ترضىها,1,1.2915057665732477e-05
6664,ليعلمون,1,1.2915057665732477e-05
6665,أتيت,1,1.2915057665732477e-05
6666,تبعوا,1,1.2915057665732477e-05
6667,قبلتك,1,1.2915057665732477e-05
6668,قبلة,1,1.2915057665732477e-05
6669,ليكتمون,1,1.2915057665732477e-05
6670,وجهة,1,1.2915057665732477e-05
6671,موليها,1,1.2915057665732477e-05
6672,وٱخشوني,1,1.2915057665732477e-05
6673,ولأتم,1,1.2915057665732477e-05
6674,ويزكيكم,1,1.2915057665732477e-05
6675,فٱذكرونيٓ,1,1.2915057665732477e-05
6676,أذكركم,1,1.2915057665732477e-05
6677,أحيآءٞ,1,1.2915057665732477e-05
6678,وٱلجوع,1,1.2915057665732477e-05
6679,وٱلأنفس,1,1.2915057665732477e-05
6680,وٱلثمرت,1,1.2915057665732477e-05
6681,صلوتٞ,1,1.2915057665732477e-05
6682,ٱلمهتدون,1,1.2915057665732477e-05
6683,ٱلصفا,1,1.2915057665732477e-05
6684,وٱلمروة,1,1.2915057665732477e-05
6685,شعآئر,1,1.2915057665732477e-05
6686,ٱعتمر,1,1.2915057665732477e-05
6687,شاكر,1,1.2915057665732477e-05
6688,وٱلهدى,1,1.2915057665732477e-05
6689,يلعنهم,1,1.2915057665732477e-05
6690,ويلعنهم,1,1.2915057665732477e-05
6691,ٱللعنون,1,1.2915057665732477e-05
6692,وبينوا,1,1.2915057665732477e-05
6693,أتوب,1,1.2915057665732477e-05
6694,وٱلسحاب,1,1.2915057665732477e-05
6695,ٱلمسخر,1,1.2915057665732477e-05
6696,يحبونهم,1,1.2915057665732477e-05
6697,كحب,1,1.2915057665732477e-05
6698,وتقطعت,1,1.2915057665732477e-05
6699,ٱلأسباب,1,1.2915057665732477e-05
6700,فنتبرأ,1,1.2915057665732477e-05
6701,تبرءوا,1,1.2915057665732477e-05
6702,يريهم,1,1.2915057665732477e-05
6703,ألفينا,1,1.2915057665732477e-05
6704,ينعق,1,1.2915057665732477e-05
6705,دعآءٗ,1,1.2915057665732477e-05
6706,وندآءٗ,1,1.2915057665732477e-05
6707,ويشترون,1,1.2915057665732477e-05
6708,وٱلعذاب,1,1.2915057665732477e-05
6709,بٱلمغفرة,1,1.2915057665732477e-05
6710,أصبرهم,1,1.2915057665732477e-05
6711,وٱلسآئلين,1,1.2915057665732477e-05
6712,وٱلموفون,1,1.2915057665732477e-05
6713,بعهدهم,1,1.2915057665732477e-05
6714,ٱلقتلى,1,1.2915057665732477e-05
6715,بٱلحر,1,1.2915057665732477e-05
6716,وٱلعبد,1,1.2915057665732477e-05
6717,بٱلعبد,1,1.2915057665732477e-05
6718,عفي,1,1.2915057665732477e-05
6719,فٱتباع,1,1.2915057665732477e-05
6720,وأدآء,1,1.2915057665732477e-05
6721,تخفيفٞ,1,1.2915057665732477e-05
6722,حيوةٞ,1,1.2915057665732477e-05
6723,للولدين,1,1.2915057665732477e-05
6724,إثمه,1,1.2915057665732477e-05
6725,يبدلونهٓ,1,1.2915057665732477e-05
6726,موصٖ,1,1.2915057665732477e-05
6727,جنفا,1,1.2915057665732477e-05
6728,فأصلح,1,1.2915057665732477e-05
6729,يطيقونه,1,1.2915057665732477e-05
6730,مسكينٖ,1,1.2915057665732477e-05
6731,تصوموا,1,1.2915057665732477e-05
6732,شهر,1,1.2915057665732477e-05
6733,رمضان,1,1.2915057665732477e-05
6734,وبينتٖ,1,1.2915057665732477e-05
6735,فليصمه,1,1.2915057665732477e-05
6736,ٱليسر,1,1.2915057665732477e-05
6737,ولتكملوا,1,1.2915057665732477e-05
6738,ولتكبروا,1,1.2915057665732477e-05
6739,سألك,1,1.2915057665732477e-05
6740,قريب,1,1.2915057665732477e-05
6741,أجيب,1,1.2915057665732477e-05
6742,دعان,1,1.2915057665732477e-05
6743,وليؤمنوا,1,1.2915057665732477e-05
6744,يرشدون,1,1.2915057665732477e-05
6745,ٱلرفث,1,1.2915057665732477e-05
6746,تختانون,1,1.2915057665732477e-05
6747,وعفا,1,1.2915057665732477e-05
6748,فٱلٔن,1,1.2915057665732477e-05
6749,بشروهن,1,1.2915057665732477e-05
6750,ٱلأبيض,1,1.2915057665732477e-05
6751,ٱلأسود,1,1.2915057665732477e-05
6752,أتموا,1,1.2915057665732477e-05
6753,تبشروهن,1,1.2915057665732477e-05
6754,تقربوها,1,1.2915057665732477e-05
6755,وتدلوا,1,1.2915057665732477e-05
6756,ٱلحكام,1,1.2915057665732477e-05
6757,ٱلأهلة,1,1.2915057665732477e-05
6758,موقيت,1,1.2915057665732477e-05
6759,وٱلحج,1,1.2915057665732477e-05
6760,تأتوا,1,1.2915057665732477e-05
6761,وأخرجوهم,1,1.2915057665732477e-05
6762,أخرجوكم,1,1.2915057665732477e-05
6763,فٱقتلوهم,1,1.2915057665732477e-05
6764,بٱلشهر,1,1.2915057665732477e-05
6765,وٱلحرمت,1,1.2915057665732477e-05
6766,فٱعتدوا,1,1.2915057665732477e-05
6767,تلقوا,1,1.2915057665732477e-05
6768,ٱلتهلكة,1,1.2915057665732477e-05
6769,وأحسنوٓا,1,1.2915057665732477e-05
6770,وأتموا,1,1.2915057665732477e-05
6771,وٱلعمرة,1,1.2915057665732477e-05
6772,أحصرتم,1,1.2915057665732477e-05
6773,تحلقوا,1,1.2915057665732477e-05
6774,ففديةٞ,1,1.2915057665732477e-05
6775,صيام,1,1.2915057665732477e-05
6776,صدقة,1,1.2915057665732477e-05
6777,نسكٖ,1,1.2915057665732477e-05
6778,بٱلعمرة,1,1.2915057665732477e-05
6779,وسبعة,1,1.2915057665732477e-05
6780,عشرةٞ,1,1.2915057665732477e-05
6781,كاملةٞ,1,1.2915057665732477e-05
6782,حاضري,1,1.2915057665732477e-05
6783,أشهرٞ,1,1.2915057665732477e-05
6784,معلومتٞ,1,1.2915057665732477e-05
6785,رفث,1,1.2915057665732477e-05
6786,جدال,1,1.2915057665732477e-05
6787,وتزودوا,1,1.2915057665732477e-05
6788,ٱلزاد,1,1.2915057665732477e-05
6789,وٱتقون,1,1.2915057665732477e-05
6790,عرفتٖ,1,1.2915057665732477e-05
6791,ٱلمشعر,1,1.2915057665732477e-05
6792,وٱذكروه,1,1.2915057665732477e-05
6793,أفاض,1,1.2915057665732477e-05
6794,منسككم,1,1.2915057665732477e-05
6795,كذكركم,1,1.2915057665732477e-05
6796,يعجبك,1,1.2915057665732477e-05
6797,ويشهد,1,1.2915057665732477e-05
6798,ألد,1,1.2915057665732477e-05
6799,ليفسد,1,1.2915057665732477e-05
6800,ويهلك,1,1.2915057665732477e-05
6801,وٱلنسل,1,1.2915057665732477e-05
6802,فحسبه,1,1.2915057665732477e-05
6803,يشري,1,1.2915057665732477e-05
6804,زللتم,1,1.2915057665732477e-05
6805,سل,1,1.2915057665732477e-05
6806,جآءته,1,1.2915057665732477e-05
6807,أوتوه,1,1.2915057665732477e-05
6808,فللولدين,1,1.2915057665732477e-05
6809,كرهٞ,1,1.2915057665732477e-05
6810,تحبوا,1,1.2915057665732477e-05
6811,قتالٖ,1,1.2915057665732477e-05
6812,قتالٞ,1,1.2915057665732477e-05
6813,وإخراج,1,1.2915057665732477e-05
6814,يرتدد,1,1.2915057665732477e-05
6815,فيمت,1,1.2915057665732477e-05
6816,وإثمهمآ,1,1.2915057665732477e-05
6817,نفعهما,1,1.2915057665732477e-05
6818,إصلاحٞ,1,1.2915057665732477e-05
6819,تخالطوهم,1,1.2915057665732477e-05
6820,ٱلمفسد,1,1.2915057665732477e-05
6821,ٱلمصلح,1,1.2915057665732477e-05
6822,لأعنتكم,1,1.2915057665732477e-05
6823,ٱلمشركت,1,1.2915057665732477e-05
6824,ولأمةٞ,1,1.2915057665732477e-05
6825,مشركةٖ,1,1.2915057665732477e-05
6826,ولعبدٞ,1,1.2915057665732477e-05
6827,مشركٖ,1,1.2915057665732477e-05
6828,أعجبكم,1,1.2915057665732477e-05
6829,وٱلمغفرة,1,1.2915057665732477e-05
6830,فٱعتزلوا,1,1.2915057665732477e-05
6831,تقربوهن,1,1.2915057665732477e-05
6832,يطهرن,1,1.2915057665732477e-05
6833,تطهرن,1,1.2915057665732477e-05
6834,فأتوهن,1,1.2915057665732477e-05
6835,ٱلتوبين,1,1.2915057665732477e-05
6836,ويحب,1,1.2915057665732477e-05
6837,ٱلمتطهرين,1,1.2915057665732477e-05
6838,نسآؤكم,1,1.2915057665732477e-05
6839,حرثٞ,1,1.2915057665732477e-05
6840,وقدموا,1,1.2915057665732477e-05
6841,ملقوه,1,1.2915057665732477e-05
6842,عرضةٗ,1,1.2915057665732477e-05
6843,لأيمنكم,1,1.2915057665732477e-05
6844,تبروا,1,1.2915057665732477e-05
6845,وتصلحوا,1,1.2915057665732477e-05
6846,يؤلون,1,1.2915057665732477e-05
6847,تربص,1,1.2915057665732477e-05
6848,فآءو,1,1.2915057665732477e-05
6849,عزموا,1,1.2915057665732477e-05
6850,وٱلمطلقت,1,1.2915057665732477e-05
6851,قروٓءٖ,1,1.2915057665732477e-05
6852,يكتمن,1,1.2915057665732477e-05
6853,أرحامهن,1,1.2915057665732477e-05
6854,وبعولتهن,1,1.2915057665732477e-05
6855,بردهن,1,1.2915057665732477e-05
6856,وللرجال,1,1.2915057665732477e-05
6857,درجةٞ,1,1.2915057665732477e-05
6858,مرتان,1,1.2915057665732477e-05
6859,فإمساك,1,1.2915057665732477e-05
6860,تسريح,1,1.2915057665732477e-05
6861,يخافآ,1,1.2915057665732477e-05
6862,ٱفتدت,1,1.2915057665732477e-05
6863,تعتدوها,1,1.2915057665732477e-05
6864,تنكح,1,1.2915057665732477e-05
6865,زوجا,1,1.2915057665732477e-05
6866,يتراجعآ,1,1.2915057665732477e-05
6867,ظنآ,1,1.2915057665732477e-05
6868,يبينها,1,1.2915057665732477e-05
6869,سرحوهن,1,1.2915057665732477e-05
6870,تمسكوهن,1,1.2915057665732477e-05
6871,لتعتدوا,1,1.2915057665732477e-05
6872,ينكحن,1,1.2915057665732477e-05
6873,أزوجهن,1,1.2915057665732477e-05
6874,وٱلولدت,1,1.2915057665732477e-05
6875,يرضعن,1,1.2915057665732477e-05
6876,حولين,1,1.2915057665732477e-05
6877,كاملين,1,1.2915057665732477e-05
6878,ٱلرضاعة,1,1.2915057665732477e-05
6879,ٱلمولود,1,1.2915057665732477e-05
6880,رزقهن,1,1.2915057665732477e-05
6881,وكسوتهن,1,1.2915057665732477e-05
6882,تضآر,1,1.2915057665732477e-05
6883,ولدة,1,1.2915057665732477e-05
6884,بولدها,1,1.2915057665732477e-05
6885,مولودٞ,1,1.2915057665732477e-05
6886,بولده,1,1.2915057665732477e-05
6887,ٱلوارث,1,1.2915057665732477e-05
6888,أرادا,1,1.2915057665732477e-05
6889,فصالا,1,1.2915057665732477e-05
6890,وتشاورٖ,1,1.2915057665732477e-05
6891,تسترضعوٓا,1,1.2915057665732477e-05
6892,سلمتم,1,1.2915057665732477e-05
6893,وعشرٗا,1,1.2915057665732477e-05
6894,عرضتم,1,1.2915057665732477e-05
6895,خطبة,1,1.2915057665732477e-05
6896,أكننتم,1,1.2915057665732477e-05
6897,ستذكرونهن,1,1.2915057665732477e-05
6898,تواعدوهن,1,1.2915057665732477e-05
6899,سرا,1,1.2915057665732477e-05
6900,تعزموا,1,1.2915057665732477e-05
6901,فٱحذروه,1,1.2915057665732477e-05
6902,تفرضوا,1,1.2915057665732477e-05
6903,ومتعوهن,1,1.2915057665732477e-05
6904,ٱلموسع,1,1.2915057665732477e-05
6905,ٱلمقتر,1,1.2915057665732477e-05
6906,فنصف,1,1.2915057665732477e-05
6907,يعفون,1,1.2915057665732477e-05
6908,يعفوا,1,1.2915057665732477e-05
6909,تعفوٓا,1,1.2915057665732477e-05
6910,تنسوا,1,1.2915057665732477e-05
6911,حفظوا,1,1.2915057665732477e-05
6912,ٱلصلوت,1,1.2915057665732477e-05
6913,ٱلوسطى,1,1.2915057665732477e-05
6914,وقوموا,1,1.2915057665732477e-05
6915,قنتين,1,1.2915057665732477e-05
6916,فرجالا,1,1.2915057665732477e-05
6917,ركبانٗا,1,1.2915057665732477e-05
6918,لأزوجهم,1,1.2915057665732477e-05
6919,ٱلحول,1,1.2915057665732477e-05
6920,إخراجٖ,1,1.2915057665732477e-05
6921,خرجن,1,1.2915057665732477e-05
6922,وللمطلقت,1,1.2915057665732477e-05
6923,ألوف,1,1.2915057665732477e-05
6924,أحيهم,1,1.2915057665732477e-05
6925,أضعافٗا,1,1.2915057665732477e-05
6926,يقبض,1,1.2915057665732477e-05
6927,ويبصط,1,1.2915057665732477e-05
6928,لنبيٖ,1,1.2915057665732477e-05
6929,ٱبعث,1,1.2915057665732477e-05
6930,ديرنا,1,1.2915057665732477e-05
6931,وأبنآئنا,1,1.2915057665732477e-05
6932,بٱلملك,1,1.2915057665732477e-05
6933,سعةٗ,1,1.2915057665732477e-05
6934,ٱصطفىه,1,1.2915057665732477e-05
6935,وزاده,1,1.2915057665732477e-05
6936,بسطةٗ,1,1.2915057665732477e-05
6937,وٱلجسم,1,1.2915057665732477e-05
6938,ملكهٓ,1,1.2915057665732477e-05
6939,سكينةٞ,1,1.2915057665732477e-05
6940,وبقيةٞ,1,1.2915057665732477e-05
6941,بٱلجنود,1,1.2915057665732477e-05
6942,مبتليكم,1,1.2915057665732477e-05
6943,بنهرٖ,1,1.2915057665732477e-05
6944,يطعمه,1,1.2915057665732477e-05
6945,ٱغترف,1,1.2915057665732477e-05
6946,غرفة,1,1.2915057665732477e-05
6947,فشربوا,1,1.2915057665732477e-05
6948,جاوزه,1,1.2915057665732477e-05
6949,بجالوت,1,1.2915057665732477e-05
6950,قليلة,1,1.2915057665732477e-05
6951,كثيرة,1,1.2915057665732477e-05
6952,لجالوت,1,1.2915057665732477e-05
6953,فهزموهم,1,1.2915057665732477e-05
6954,جالوت,1,1.2915057665732477e-05
6955,وءاتىه,1,1.2915057665732477e-05
6956,وعلمه,1,1.2915057665732477e-05
6957,ٱقتتل,1,1.2915057665732477e-05
6958,خلةٞ,1,1.2915057665732477e-05
6959,تأخذه,1,1.2915057665732477e-05
6960,سنةٞ,1,1.2915057665732477e-05
6961,نومٞ,1,1.2915057665732477e-05
6962,علمهٓ,1,1.2915057665732477e-05
6963,ئوده,1,1.2915057665732477e-05
6964,حفظهما,1,1.2915057665732477e-05
6965,إكراه,1,1.2915057665732477e-05
6966,بٱلطغوت,1,1.2915057665732477e-05
6967,ٱنفصام,1,1.2915057665732477e-05
6968,يخرجهم,1,1.2915057665732477e-05
6969,يخرجونهم,1,1.2915057665732477e-05
6970,حآج,1,1.2915057665732477e-05
6971,أحي,1,1.2915057665732477e-05
6972,وأميت,1,1.2915057665732477e-05
6973,بٱلشمس,1,1.2915057665732477e-05
6974,ٱلمغرب,1,1.2915057665732477e-05
6975,فبهت,1,1.2915057665732477e-05
6976,فأماته,1,1.2915057665732477e-05
6977,بعثه,1,1.2915057665732477e-05
6978,طعامك,1,1.2915057665732477e-05
6979,وشرابك,1,1.2915057665732477e-05
6980,يتسنه,1,1.2915057665732477e-05
6981,حمارك,1,1.2915057665732477e-05
6982,ولنجعلك,1,1.2915057665732477e-05
6983,ٱلعظام,1,1.2915057665732477e-05
6984,ننشزها,1,1.2915057665732477e-05
6985,نكسوها,1,1.2915057665732477e-05
6986,أرني,1,1.2915057665732477e-05
6987,تحي,1,1.2915057665732477e-05
6988,ليطمئن,1,1.2915057665732477e-05
6989,قلبي,1,1.2915057665732477e-05
6990,فصرهن,1,1.2915057665732477e-05
6991,جزءٗا,1,1.2915057665732477e-05
6992,ٱدعهن,1,1.2915057665732477e-05
6993,يأتينك,1,1.2915057665732477e-05
6994,سعيٗا,1,1.2915057665732477e-05
6995,وٱعلم,1,1.2915057665732477e-05
6996,حبة,1,1.2915057665732477e-05
6997,أنبتت,1,1.2915057665732477e-05
6998,سنابل,1,1.2915057665732477e-05
6999,سنبلةٖ,1,1.2915057665732477e-05
7000,منٗا,1,1.2915057665732477e-05
7001,قولٞ,1,1.2915057665732477e-05
7002,ومغفرة,1,1.2915057665732477e-05
7003,صدقةٖ,1,1.2915057665732477e-05
7004,يتبعهآ,1,1.2915057665732477e-05
7005,تبطلوا,1,1.2915057665732477e-05
7006,صدقتكم,1,1.2915057665732477e-05
7007,بٱلمن,1,1.2915057665732477e-05
7008,وٱلأذى,1,1.2915057665732477e-05
7009,صفوان,1,1.2915057665732477e-05
7010,ترابٞ,1,1.2915057665732477e-05
7011,فأصابه,1,1.2915057665732477e-05
7012,فتركه,1,1.2915057665732477e-05
7013,صلدٗا,1,1.2915057665732477e-05
7014,وتثبيتٗا,1,1.2915057665732477e-05
7015,بربوة,1,1.2915057665732477e-05
7016,أصابها,1,1.2915057665732477e-05
7017,فٔاتت,1,1.2915057665732477e-05
7018,يصبها,1,1.2915057665732477e-05
7019,فطلٞ,1,1.2915057665732477e-05
7020,أيود,1,1.2915057665732477e-05
7021,وأعنابٖ,1,1.2915057665732477e-05
7022,وأصابه,1,1.2915057665732477e-05
7023,ضعفآء,1,1.2915057665732477e-05
7024,فأصابهآ,1,1.2915057665732477e-05
7025,إعصارٞ,1,1.2915057665732477e-05
7026,فٱحترقت,1,1.2915057665732477e-05
7027,وممآ,1,1.2915057665732477e-05
7028,تيمموا,1,1.2915057665732477e-05
7029,ولستم,1,1.2915057665732477e-05
7030,بٔاخذيه,1,1.2915057665732477e-05
7031,تغمضوا,1,1.2915057665732477e-05
7032,ٱلفقر,1,1.2915057665732477e-05
7033,ويأمركم,1,1.2915057665732477e-05
7034,وفضلٗا,1,1.2915057665732477e-05
7035,نفقة,1,1.2915057665732477e-05
7036,نذرتم,1,1.2915057665732477e-05
7037,نذرٖ,1,1.2915057665732477e-05
7038,فنعما,1,1.2915057665732477e-05
7039,تخفوها,1,1.2915057665732477e-05
7040,وتؤتوها,1,1.2915057665732477e-05
7041,فلأنفسكم,1,1.2915057665732477e-05
7042,أحصروا,1,1.2915057665732477e-05
7043,ضربٗا,1,1.2915057665732477e-05
7044,يحسبهم,1,1.2915057665732477e-05
7045,ٱلجاهل,1,1.2915057665732477e-05
7046,ٱلتعفف,1,1.2915057665732477e-05
7047,تعرفهم,1,1.2915057665732477e-05
7048,إلحافٗا,1,1.2915057665732477e-05
7049,يقومون,1,1.2915057665732477e-05
7050,يتخبطه,1,1.2915057665732477e-05
7051,ٱلمس,1,1.2915057665732477e-05
7052,فٱنتهى,1,1.2915057665732477e-05
7053,وأمرهٓ,1,1.2915057665732477e-05
7054,يمحق,1,1.2915057665732477e-05
7055,ويربي,1,1.2915057665732477e-05
7056,بقي,1,1.2915057665732477e-05
7057,فأذنوا,1,1.2915057665732477e-05
7058,بحربٖ,1,1.2915057665732477e-05
7059,عسرةٖ,1,1.2915057665732477e-05
7060,فنظرة,1,1.2915057665732477e-05
7061,ميسرةٖ,1,1.2915057665732477e-05
7062,تصدقوا,1,1.2915057665732477e-05
7063,تداينتم,1,1.2915057665732477e-05
7064,بدين,1,1.2915057665732477e-05
7065,فٱكتبوه,1,1.2915057665732477e-05
7066,وليكتب,1,1.2915057665732477e-05
7067,فليكتب,1,1.2915057665732477e-05
7068,وليملل,1,1.2915057665732477e-05
7069,يبخس,1,1.2915057665732477e-05
7070,سفيها,1,1.2915057665732477e-05
7071,يمل,1,1.2915057665732477e-05
7072,فليملل,1,1.2915057665732477e-05
7073,وليه,1,1.2915057665732477e-05
7074,وٱستشهدوا,1,1.2915057665732477e-05
7075,شهيدين,1,1.2915057665732477e-05
7076,يكونا,1,1.2915057665732477e-05
7077,فرجلٞ,1,1.2915057665732477e-05
7078,وٱمرأتان,1,1.2915057665732477e-05
7079,ترضون,1,1.2915057665732477e-05
7080,فتذكر,1,1.2915057665732477e-05
7081,تسٔموٓا,1,1.2915057665732477e-05
7082,تكتبوه,1,1.2915057665732477e-05
7083,صغيرا,1,1.2915057665732477e-05
7084,للشهدة,1,1.2915057665732477e-05
7085,وأدنىٓ,1,1.2915057665732477e-05
7086,ترتابوٓا,1,1.2915057665732477e-05
7087,حاضرةٗ,1,1.2915057665732477e-05
7088,تديرونها,1,1.2915057665732477e-05
7089,تكتبوها,1,1.2915057665732477e-05
7090,وأشهدوٓا,1,1.2915057665732477e-05
7091,تبايعتم,1,1.2915057665732477e-05
7092,يضآر,1,1.2915057665732477e-05
7093,كاتبٞ,1,1.2915057665732477e-05
7094,كاتبٗا,1,1.2915057665732477e-05
7095,فرهنٞ,1,1.2915057665732477e-05
7096,مقبوضةٞ,1,1.2915057665732477e-05
7097,فليؤد,1,1.2915057665732477e-05
7098,ٱؤتمن,1,1.2915057665732477e-05
7099,أمنته,1,1.2915057665732477e-05
7100,تكتموا,1,1.2915057665732477e-05
7101,يكتمها,1,1.2915057665732477e-05
7102,فإنهٓ,1,1.2915057665732477e-05
7103,ءاثمٞ,1,1.2915057665732477e-05
7104,يحاسبكم,1,1.2915057665732477e-05
7105,فيغفر,1,1.2915057665732477e-05
7106,غفرانك,1,1.2915057665732477e-05
7107,ٱكتسبت,1,1.2915057665732477e-05
7108,تؤاخذنآ,1,1.2915057665732477e-05
7109,نسينآ,1,1.2915057665732477e-05
7110,أخطأنا,1,1.2915057665732477e-05
7111,إصرٗا,1,1.2915057665732477e-05
7112,تحملنا,1,1.2915057665732477e-05
7113,وٱعف,1,1.2915057665732477e-05
7114,وٱرحمنآ,1,1.2915057665732477e-05
7115,فٱنصرنا,1,1.2915057665732477e-05
7116,يصوركم,1,1.2915057665732477e-05
7117,محكمت,1,1.2915057665732477e-05
7118,متشبهتٞ,1,1.2915057665732477e-05
7119,زيغٞ,1,1.2915057665732477e-05
7120,تأويلهٓ,1,1.2915057665732477e-05
7121,وٱلرسخون,1,1.2915057665732477e-05
7122,تزغ,1,1.2915057665732477e-05
7123,هديتنا,1,1.2915057665732477e-05
7124,وقود,1,1.2915057665732477e-05
7125,ستغلبون,1,1.2915057665732477e-05
7126,وتحشرون,1,1.2915057665732477e-05
7127,ٱلتقتا,1,1.2915057665732477e-05
7128,تقتل,1,1.2915057665732477e-05
7129,كافرةٞ,1,1.2915057665732477e-05
7130,يرونهم,1,1.2915057665732477e-05
7131,مثليهم,1,1.2915057665732477e-05
7132,رأي,1,1.2915057665732477e-05
7133,ٱلعين,1,1.2915057665732477e-05
7134,يؤيد,1,1.2915057665732477e-05
7135,وٱلبنين,1,1.2915057665732477e-05
7136,وٱلقنطير,1,1.2915057665732477e-05
7137,ٱلمقنطرة,1,1.2915057665732477e-05
7138,ٱلمسومة,1,1.2915057665732477e-05
7139,وٱلحرث,1,1.2915057665732477e-05
7140,ٱلمٔاب,1,1.2915057665732477e-05
7141,أؤنبئكم,1,1.2915057665732477e-05
7142,وأزوجٞ,1,1.2915057665732477e-05
7143,إننآ,1,1.2915057665732477e-05
7144,وٱلمستغفرين,1,1.2915057665732477e-05
7145,بٱلأسحار,1,1.2915057665732477e-05
7146,قآئما,1,1.2915057665732477e-05
7147,حآجوك,1,1.2915057665732477e-05
7148,ٱتبعن,1,1.2915057665732477e-05
7149,وٱلأمين,1,1.2915057665732477e-05
7150,ءأسلمتم,1,1.2915057665732477e-05
7151,وغرهم,1,1.2915057665732477e-05
7152,جمعنهم,1,1.2915057665732477e-05
7153,تؤتي,1,1.2915057665732477e-05
7154,وتنزع,1,1.2915057665732477e-05
7155,وتعز,1,1.2915057665732477e-05
7156,وتذل,1,1.2915057665732477e-05
7157,تولج,1,1.2915057665732477e-05
7158,وتولج,1,1.2915057665732477e-05
7159,وترزق,1,1.2915057665732477e-05
7160,تقىةٗ,1,1.2915057665732477e-05
7161,تخفوا,1,1.2915057665732477e-05
7162,تبدوه,1,1.2915057665732477e-05
7163,محضرٗا,1,1.2915057665732477e-05
7164,تود,1,1.2915057665732477e-05
7165,وبينهٓ,1,1.2915057665732477e-05
7166,يحببكم,1,1.2915057665732477e-05
7167,ونوحٗا,1,1.2915057665732477e-05
7168,بطني,1,1.2915057665732477e-05
7169,محررٗا,1,1.2915057665732477e-05
7170,وضعتها,1,1.2915057665732477e-05
7171,وضعتهآ,1,1.2915057665732477e-05
7172,وضعت,1,1.2915057665732477e-05
7173,كٱلأنثى,1,1.2915057665732477e-05
7174,سميتها,1,1.2915057665732477e-05
7175,أعيذها,1,1.2915057665732477e-05
7176,وذريتها,1,1.2915057665732477e-05
7177,فتقبلها,1,1.2915057665732477e-05
7178,بقبول,1,1.2915057665732477e-05
7179,حسنٖ,1,1.2915057665732477e-05
7180,وأنبتها,1,1.2915057665732477e-05
7181,نباتا,1,1.2915057665732477e-05
7182,وكفلها,1,1.2915057665732477e-05
7183,حساب,1,1.2915057665732477e-05
7184,فنادته,1,1.2915057665732477e-05
7185,بيحيى,1,1.2915057665732477e-05
7186,مصدقا,1,1.2915057665732477e-05
7187,وسيدٗا,1,1.2915057665732477e-05
7188,وحصورٗا,1,1.2915057665732477e-05
7189,ونبيٗا,1,1.2915057665732477e-05
7190,بلغني,1,1.2915057665732477e-05
7191,وٱمرأتي,1,1.2915057665732477e-05
7192,عاقرٞ,1,1.2915057665732477e-05
7193,رمزٗا,1,1.2915057665732477e-05
7194,ٱصطفىك,1,1.2915057665732477e-05
7195,وطهرك,1,1.2915057665732477e-05
7196,وٱصطفىك,1,1.2915057665732477e-05
7197,ٱقنتي,1,1.2915057665732477e-05
7198,وٱسجدي,1,1.2915057665732477e-05
7199,وٱركعي,1,1.2915057665732477e-05
7200,أقلمهم,1,1.2915057665732477e-05
7201,يكفل,1,1.2915057665732477e-05
7202,ويكلم,1,1.2915057665732477e-05
7203,ويعلمه,1,1.2915057665732477e-05
7204,ورسولا,1,1.2915057665732477e-05
7205,أخلق,1,1.2915057665732477e-05
7206,فأنفخ,1,1.2915057665732477e-05
7207,وأبرئ,1,1.2915057665732477e-05
7208,وأحي,1,1.2915057665732477e-05
7209,وأنبئكم,1,1.2915057665732477e-05
7210,تدخرون,1,1.2915057665732477e-05
7211,ولأحل,1,1.2915057665732477e-05
7212,وجئتكم,1,1.2915057665732477e-05
7213,أحس,1,1.2915057665732477e-05
7214,وٱتبعنا,1,1.2915057665732477e-05
7215,يعيسىٓ,1,1.2915057665732477e-05
7216,متوفيك,1,1.2915057665732477e-05
7217,ورافعك,1,1.2915057665732477e-05
7218,ومطهرك,1,1.2915057665732477e-05
7219,وجاعل,1,1.2915057665732477e-05
7220,ٱتبعوك,1,1.2915057665732477e-05
7221,فأحكم,1,1.2915057665732477e-05
7222,فأعذبهم,1,1.2915057665732477e-05
7223,نتلوه,1,1.2915057665732477e-05
7224,وٱلذكر,1,1.2915057665732477e-05
7225,حآجك,1,1.2915057665732477e-05
7226,ندع,1,1.2915057665732477e-05
7227,أبنآءنا,1,1.2915057665732477e-05
7228,وأبنآءكم,1,1.2915057665732477e-05
7229,ونسآءنا,1,1.2915057665732477e-05
7230,ونسآءكم,1,1.2915057665732477e-05
7231,وأنفسنا,1,1.2915057665732477e-05
7232,نبتهل,1,1.2915057665732477e-05
7233,فنجعل,1,1.2915057665732477e-05
7234,كلمةٖ,1,1.2915057665732477e-05
7235,ٱشهدوا,1,1.2915057665732477e-05
7236,حججتم,1,1.2915057665732477e-05
7237,يهوديٗا,1,1.2915057665732477e-05
7238,نصرانيٗا,1,1.2915057665732477e-05
7239,بإبرهيم,1,1.2915057665732477e-05
7240,ودت,1,1.2915057665732477e-05
7241,يضلونكم,1,1.2915057665732477e-05
7242,تلبسون,1,1.2915057665732477e-05
7243,وتكتمون,1,1.2915057665732477e-05
7244,وٱكفروٓا,1,1.2915057665732477e-05
7245,ءاخره,1,1.2915057665732477e-05
7246,يؤتىٓ,1,1.2915057665732477e-05
7247,يحآجوكم,1,1.2915057665732477e-05
7248,بقنطارٖ,1,1.2915057665732477e-05
7249,بدينارٖ,1,1.2915057665732477e-05
7250,سبيلٞ,1,1.2915057665732477e-05
7251,وأيمنهم,1,1.2915057665732477e-05
7252,لفريقٗا,1,1.2915057665732477e-05
7253,يلون,1,1.2915057665732477e-05
7254,لتحسبوه,1,1.2915057665732477e-05
7255,ربنين,1,1.2915057665732477e-05
7256,أربابا,1,1.2915057665732477e-05
7257,أيأمركم,1,1.2915057665732477e-05
7258,ءاتيتكم,1,1.2915057665732477e-05
7259,وحكمةٖ,1,1.2915057665732477e-05
7260,لتؤمنن,1,1.2915057665732477e-05
7261,ولتنصرنه,1,1.2915057665732477e-05
7262,ءأقررتم,1,1.2915057665732477e-05
7263,وأخذتم,1,1.2915057665732477e-05
7264,إصري,1,1.2915057665732477e-05
7265,أقررنا,1,1.2915057665732477e-05
7266,فٱشهدوا,1,1.2915057665732477e-05
7267,وٱلنبيون,1,1.2915057665732477e-05
7268,يبتغ,1,1.2915057665732477e-05
7269,وشهدوٓا,1,1.2915057665732477e-05
7270,توبتهم,1,1.2915057665732477e-05
7271,ملء,1,1.2915057665732477e-05
7272,ذهبٗا,1,1.2915057665732477e-05
7273,ٱفتدى,1,1.2915057665732477e-05
7274,تنالوا,1,1.2915057665732477e-05
7275,حلٗا,1,1.2915057665732477e-05
7276,بٱلتورىة,1,1.2915057665732477e-05
7277,فٱتلوهآ,1,1.2915057665732477e-05
7278,فٱتبعوا,1,1.2915057665732477e-05
7279,وضع,1,1.2915057665732477e-05
7280,ببكة,1,1.2915057665732477e-05
7281,دخله,1,1.2915057665732477e-05
7282,ٱستطاع,1,1.2915057665732477e-05
7283,تصدون,1,1.2915057665732477e-05
7284,تبغونها,1,1.2915057665732477e-05
7285,يعتصم,1,1.2915057665732477e-05
7286,هدي,1,1.2915057665732477e-05
7287,تقاته,1,1.2915057665732477e-05
7288,بحبل,1,1.2915057665732477e-05
7289,فألف,1,1.2915057665732477e-05
7290,بنعمتهٓ,1,1.2915057665732477e-05
7291,إخونٗا,1,1.2915057665732477e-05
7292,حفرةٖ,1,1.2915057665732477e-05
7293,فأنقذكم,1,1.2915057665732477e-05
7294,ولتكن,1,1.2915057665732477e-05
7295,وٱختلفوا,1,1.2915057665732477e-05
7296,تبيض,1,1.2915057665732477e-05
7297,وتسود,1,1.2915057665732477e-05
7298,ٱسودت,1,1.2915057665732477e-05
7299,أكفرتم,1,1.2915057665732477e-05
7300,ٱبيضت,1,1.2915057665732477e-05
7301,أخرجت,1,1.2915057665732477e-05
7302,وتنهون,1,1.2915057665732477e-05
7303,يضروكم,1,1.2915057665732477e-05
7304,يولوكم,1,1.2915057665732477e-05
7305,ضربت,1,1.2915057665732477e-05
7306,بحبلٖ,1,1.2915057665732477e-05
7307,وحبلٖ,1,1.2915057665732477e-05
7308,ٱلمسكنة,1,1.2915057665732477e-05
7309,ويسرعون,1,1.2915057665732477e-05
7310,يكفروه,1,1.2915057665732477e-05
7311,ريحٖ,1,1.2915057665732477e-05
7312,صر,1,1.2915057665732477e-05
7313,أصابت,1,1.2915057665732477e-05
7314,فأهلكته,1,1.2915057665732477e-05
7315,بطانةٗ,1,1.2915057665732477e-05
7316,دونكم,1,1.2915057665732477e-05
7317,يألونكم,1,1.2915057665732477e-05
7318,ٱلبغضآء,1,1.2915057665732477e-05
7319,تحبونهم,1,1.2915057665732477e-05
7320,يحبونكم,1,1.2915057665732477e-05
7321,لقوكم,1,1.2915057665732477e-05
7322,عضوا,1,1.2915057665732477e-05
7323,ٱلأنامل,1,1.2915057665732477e-05
7324,بغيظكم,1,1.2915057665732477e-05
7325,تمسسكم,1,1.2915057665732477e-05
7326,تصبكم,1,1.2915057665732477e-05
7327,يفرحوا,1,1.2915057665732477e-05
7328,غدوت,1,1.2915057665732477e-05
7329,تبوئ,1,1.2915057665732477e-05
7330,للقتال,1,1.2915057665732477e-05
7331,تفشلا,1,1.2915057665732477e-05
7332,وليهما,1,1.2915057665732477e-05
7333,ببدرٖ,1,1.2915057665732477e-05
7334,أذلةٞ,1,1.2915057665732477e-05
7335,يكفيكم,1,1.2915057665732477e-05
7336,يمدكم,1,1.2915057665732477e-05
7337,بثلثة,1,1.2915057665732477e-05
7338,ويأتوكم,1,1.2915057665732477e-05
7339,فورهم,1,1.2915057665732477e-05
7340,يمددكم,1,1.2915057665732477e-05
7341,بخمسة,1,1.2915057665732477e-05
7342,مسومين,1,1.2915057665732477e-05
7343,طرفٗا,1,1.2915057665732477e-05
7344,يكبتهم,1,1.2915057665732477e-05
7345,فينقلبوا,1,1.2915057665732477e-05
7346,خآئبين,1,1.2915057665732477e-05
7347,أضعفٗا,1,1.2915057665732477e-05
7348,مضعفةٗ,1,1.2915057665732477e-05
7349,وسارعوٓا,1,1.2915057665732477e-05
7350,ٱلسرآء,1,1.2915057665732477e-05
7351,وٱلكظمين,1,1.2915057665732477e-05
7352,وٱلعافين,1,1.2915057665732477e-05
7353,فحشة,1,1.2915057665732477e-05
7354,لذنوبهم,1,1.2915057665732477e-05
7355,يصروا,1,1.2915057665732477e-05
7356,سننٞ,1,1.2915057665732477e-05
7357,بيانٞ,1,1.2915057665732477e-05
7358,يمسسكم,1,1.2915057665732477e-05
7359,نداولها,1,1.2915057665732477e-05
7360,ويمحق,1,1.2915057665732477e-05
7361,تلقوه,1,1.2915057665732477e-05
7362,رأيتموه,1,1.2915057665732477e-05
7363,يضر,1,1.2915057665732477e-05
7364,وسيجزي,1,1.2915057665732477e-05
7365,مؤجلٗا,1,1.2915057665732477e-05
7366,وسنجزي,1,1.2915057665732477e-05
7367,ربيون,1,1.2915057665732477e-05
7368,وهنوا,1,1.2915057665732477e-05
7369,ضعفوا,1,1.2915057665732477e-05
7370,وإسرافنا,1,1.2915057665732477e-05
7371,فٔاتىهم,1,1.2915057665732477e-05
7372,ٱلنصرين,1,1.2915057665732477e-05
7373,صدقكم,1,1.2915057665732477e-05
7374,وعدهٓ,1,1.2915057665732477e-05
7375,تحسونهم,1,1.2915057665732477e-05
7376,فشلتم,1,1.2915057665732477e-05
7377,وتنزعتم,1,1.2915057665732477e-05
7378,وعصيتم,1,1.2915057665732477e-05
7379,صرفكم,1,1.2915057665732477e-05
7380,ليبتليكم,1,1.2915057665732477e-05
7381,تصعدون,1,1.2915057665732477e-05
7382,تلون,1,1.2915057665732477e-05
7383,أخرىكم,1,1.2915057665732477e-05
7384,فأثبكم,1,1.2915057665732477e-05
7385,غما,1,1.2915057665732477e-05
7386,بغمٖ,1,1.2915057665732477e-05
7387,نعاسٗا,1,1.2915057665732477e-05
7388,أهمتهم,1,1.2915057665732477e-05
7389,يبدون,1,1.2915057665732477e-05
7390,لبرز,1,1.2915057665732477e-05
7391,مضاجعهم,1,1.2915057665732477e-05
7392,وليبتلي,1,1.2915057665732477e-05
7393,ٱستزلهم,1,1.2915057665732477e-05
7394,غزٗى,1,1.2915057665732477e-05
7395,لمغفرةٞ,1,1.2915057665732477e-05
7396,لنت,1,1.2915057665732477e-05
7397,فظا,1,1.2915057665732477e-05
7398,غليظ,1,1.2915057665732477e-05
7399,ٱلقلب,1,1.2915057665732477e-05
7400,لٱنفضوا,1,1.2915057665732477e-05
7401,حولك,1,1.2915057665732477e-05
7402,وشاورهم,1,1.2915057665732477e-05
7403,عزمت,1,1.2915057665732477e-05
7404,ٱلمتوكلين,1,1.2915057665732477e-05
7405,يخذلكم,1,1.2915057665732477e-05
7406,يغل,1,1.2915057665732477e-05
7407,يغلل,1,1.2915057665732477e-05
7408,بسخطٖ,1,1.2915057665732477e-05
7409,أولمآ,1,1.2915057665732477e-05
7410,أصبتم,1,1.2915057665732477e-05
7411,مثليها,1,1.2915057665732477e-05
7412,ٱدفعوا,1,1.2915057665732477e-05
7413,قتالٗا,1,1.2915057665732477e-05
7414,لٱتبعنكم,1,1.2915057665732477e-05
7415,للكفر,1,1.2915057665732477e-05
7416,وقعدوا,1,1.2915057665732477e-05
7417,أطاعونا,1,1.2915057665732477e-05
7418,فٱدرءوا,1,1.2915057665732477e-05
7419,أموتا,1,1.2915057665732477e-05
7420,أحيآء,1,1.2915057665732477e-05
7421,فرحين,1,1.2915057665732477e-05
7422,ويستبشرون,1,1.2915057665732477e-05
7423,ٱلقرح,1,1.2915057665732477e-05
7424,جمعوا,1,1.2915057665732477e-05
7425,فٱخشوهم,1,1.2915057665732477e-05
7426,ٱلوكيل,1,1.2915057665732477e-05
7427,فٱنقلبوا,1,1.2915057665732477e-05
7428,يمسسهم,1,1.2915057665732477e-05
7429,سوٓءٞ,1,1.2915057665732477e-05
7430,أوليآءه,1,1.2915057665732477e-05
7431,تخافوهم,1,1.2915057665732477e-05
7432,وخافون,1,1.2915057665732477e-05
7433,ليذر,1,1.2915057665732477e-05
7434,يميز,1,1.2915057665732477e-05
7435,ليطلعكم,1,1.2915057665732477e-05
7436,يجتبي,1,1.2915057665732477e-05
7437,سيطوقون,1,1.2915057665732477e-05
7438,بظلامٖ,1,1.2915057665732477e-05
7439,بقربانٖ,1,1.2915057665732477e-05
7440,تأكله,1,1.2915057665732477e-05
7441,وبٱلذي,1,1.2915057665732477e-05
7442,قتلتموهم,1,1.2915057665732477e-05
7443,وإنما,1,1.2915057665732477e-05
7444,توفون,1,1.2915057665732477e-05
7445,زحزح,1,1.2915057665732477e-05
7446,لتبلون,1,1.2915057665732477e-05
7447,ولتسمعن,1,1.2915057665732477e-05
7448,لتبيننه,1,1.2915057665732477e-05
7449,تكتمونه,1,1.2915057665732477e-05
7450,فنبذوه,1,1.2915057665732477e-05
7451,وٱشتروا,1,1.2915057665732477e-05
7452,ويحبون,1,1.2915057665732477e-05
7453,يحمدوا,1,1.2915057665732477e-05
7454,تحسبنهم,1,1.2915057665732477e-05
7455,بمفازةٖ,1,1.2915057665732477e-05
7456,ويتفكرون,1,1.2915057665732477e-05
7457,فقنا,1,1.2915057665732477e-05
7458,تدخل,1,1.2915057665732477e-05
7459,أخزيته,1,1.2915057665732477e-05
7460,مناديٗا,1,1.2915057665732477e-05
7461,ينادي,1,1.2915057665732477e-05
7462,سئاتنا,1,1.2915057665732477e-05
7463,وءاتنا,1,1.2915057665732477e-05
7464,وعدتنا,1,1.2915057665732477e-05
7465,رسلك,1,1.2915057665732477e-05
7466,تخزنا,1,1.2915057665732477e-05
7467,تخلف,1,1.2915057665732477e-05
7468,أضيع,1,1.2915057665732477e-05
7469,وأخرجوا,1,1.2915057665732477e-05
7470,يغرنك,1,1.2915057665732477e-05
7471,للأبرار,1,1.2915057665732477e-05
7472,ٱصبروا,1,1.2915057665732477e-05
7473,وصابروا,1,1.2915057665732477e-05
7474,ورابطوا,1,1.2915057665732477e-05
7475,تسآءلون,1,1.2915057665732477e-05
7476,وٱلأرحام,1,1.2915057665732477e-05
7477,ٱليتمىٓ,1,1.2915057665732477e-05
7478,تتبدلوا,1,1.2915057665732477e-05
7479,بٱلطيب,1,1.2915057665732477e-05
7480,حوبٗا,1,1.2915057665732477e-05
7481,تقسطوا,1,1.2915057665732477e-05
7482,فٱنكحوا,1,1.2915057665732477e-05
7483,طاب,1,1.2915057665732477e-05
7484,فوحدة,1,1.2915057665732477e-05
7485,تعولوا,1,1.2915057665732477e-05
7486,صدقتهن,1,1.2915057665732477e-05
7487,نحلةٗ,1,1.2915057665732477e-05
7488,طبن,1,1.2915057665732477e-05
7489,فكلوه,1,1.2915057665732477e-05
7490,هنيٓٔٗا,1,1.2915057665732477e-05
7491,مريٓٔٗا,1,1.2915057665732477e-05
7492,تؤتوا,1,1.2915057665732477e-05
7493,وٱرزقوهم,1,1.2915057665732477e-05
7494,وٱكسوهم,1,1.2915057665732477e-05
7495,وٱبتلوا,1,1.2915057665732477e-05
7496,ءانستم,1,1.2915057665732477e-05
7497,فٱدفعوٓا,1,1.2915057665732477e-05
7498,تأكلوهآ,1,1.2915057665732477e-05
7499,إسرافٗا,1,1.2915057665732477e-05
7500,وبدارا,1,1.2915057665732477e-05
7501,يكبروا,1,1.2915057665732477e-05
7502,غنيٗا,1,1.2915057665732477e-05
7503,فليستعفف,1,1.2915057665732477e-05
7504,فليأكل,1,1.2915057665732477e-05
7505,دفعتم,1,1.2915057665732477e-05
7506,فأشهدوا,1,1.2915057665732477e-05
7507,كثر,1,1.2915057665732477e-05
7508,ٱلقسمة,1,1.2915057665732477e-05
7509,فٱرزقوهم,1,1.2915057665732477e-05
7510,وليخش,1,1.2915057665732477e-05
7511,ضعفا,1,1.2915057665732477e-05
7512,خافوا,1,1.2915057665732477e-05
7513,فليتقوا,1,1.2915057665732477e-05
7514,سديدا,1,1.2915057665732477e-05
7515,ظلما,1,1.2915057665732477e-05
7516,وسيصلون,1,1.2915057665732477e-05
7517,يوصيكم,1,1.2915057665732477e-05
7518,نسآءٗ,1,1.2915057665732477e-05
7519,ثلثا,1,1.2915057665732477e-05
7520,ٱلنصف,1,1.2915057665732477e-05
7521,ولأبويه,1,1.2915057665732477e-05
7522,وورثهٓ,1,1.2915057665732477e-05
7523,يوصي,1,1.2915057665732477e-05
7524,تدرون,1,1.2915057665732477e-05
7525,يوصين,1,1.2915057665732477e-05
7526,ٱلثمن,1,1.2915057665732477e-05
7527,توصون,1,1.2915057665732477e-05
7528,يورث,1,1.2915057665732477e-05
7529,كللة,1,1.2915057665732477e-05
7530,ٱمرأةٞ,1,1.2915057665732477e-05
7531,أخ,1,1.2915057665732477e-05
7532,فلكل,1,1.2915057665732477e-05
7533,يوصى,1,1.2915057665732477e-05
7534,مضآرٖ,1,1.2915057665732477e-05
7535,ويتعد,1,1.2915057665732477e-05
7536,حدوده,1,1.2915057665732477e-05
7537,فٱستشهدوا,1,1.2915057665732477e-05
7538,يتوفىهن,1,1.2915057665732477e-05
7539,وٱلذان,1,1.2915057665732477e-05
7540,يأتينها,1,1.2915057665732477e-05
7541,فٔاذوهما,1,1.2915057665732477e-05
7542,تابا,1,1.2915057665732477e-05
7543,وأصلحا,1,1.2915057665732477e-05
7544,عنهمآ,1,1.2915057665732477e-05
7545,وليست,1,1.2915057665732477e-05
7546,يموتون,1,1.2915057665732477e-05
7547,ترثوا,1,1.2915057665732477e-05
7548,لتذهبوا,1,1.2915057665732477e-05
7549,وعاشروهن,1,1.2915057665732477e-05
7550,كرهتموهن,1,1.2915057665732477e-05
7551,ٱستبدال,1,1.2915057665732477e-05
7552,إحدىهن,1,1.2915057665732477e-05
7553,قنطارٗا,1,1.2915057665732477e-05
7554,أتأخذونه,1,1.2915057665732477e-05
7555,تأخذونه,1,1.2915057665732477e-05
7556,أفضى,1,1.2915057665732477e-05
7557,وأخذن,1,1.2915057665732477e-05
7558,نكح,1,1.2915057665732477e-05
7559,ومقتٗا,1,1.2915057665732477e-05
7560,وبناتكم,1,1.2915057665732477e-05
7561,وعمتكم,1,1.2915057665732477e-05
7562,وخلتكم,1,1.2915057665732477e-05
7563,ٱلأخ,1,1.2915057665732477e-05
7564,ٱلأخت,1,1.2915057665732477e-05
7565,وأمهتكم,1,1.2915057665732477e-05
7566,أرضعنكم,1,1.2915057665732477e-05
7567,ٱلرضعة,1,1.2915057665732477e-05
7568,وأمهت,1,1.2915057665732477e-05
7569,وربٓئبكم,1,1.2915057665732477e-05
7570,حجوركم,1,1.2915057665732477e-05
7571,وحلٓئل,1,1.2915057665732477e-05
7572,أبنآئكم,1,1.2915057665732477e-05
7573,أصلبكم,1,1.2915057665732477e-05
7574,تجمعوا,1,1.2915057665732477e-05
7575,ٱلأختين,1,1.2915057665732477e-05
7576,ٱستمتعتم,1,1.2915057665732477e-05
7577,ترضيتم,1,1.2915057665732477e-05
7578,ٱلفريضة,1,1.2915057665732477e-05
7579,طولا,1,1.2915057665732477e-05
7580,بإيمنكم,1,1.2915057665732477e-05
7581,فٱنكحوهن,1,1.2915057665732477e-05
7582,أهلهن,1,1.2915057665732477e-05
7583,وءاتوهن,1,1.2915057665732477e-05
7584,محصنت,1,1.2915057665732477e-05
7585,مسفحتٖ,1,1.2915057665732477e-05
7586,متخذت,1,1.2915057665732477e-05
7587,أحصن,1,1.2915057665732477e-05
7588,أتين,1,1.2915057665732477e-05
7589,فعليهن,1,1.2915057665732477e-05
7590,ٱلعنت,1,1.2915057665732477e-05
7591,سنن,1,1.2915057665732477e-05
7592,ميلا,1,1.2915057665732477e-05
7593,عدونٗا,1,1.2915057665732477e-05
7594,وظلمٗا,1,1.2915057665732477e-05
7595,نصليه,1,1.2915057665732477e-05
7596,يسيرا,1,1.2915057665732477e-05
7597,تجتنبوا,1,1.2915057665732477e-05
7598,كبآئر,1,1.2915057665732477e-05
7599,تنهون,1,1.2915057665732477e-05
7600,وندخلكم,1,1.2915057665732477e-05
7601,تتمنوا,1,1.2915057665732477e-05
7602,ٱكتسبن,1,1.2915057665732477e-05
7603,مولي,1,1.2915057665732477e-05
7604,عقدت,1,1.2915057665732477e-05
7605,فٔاتوهم,1,1.2915057665732477e-05
7606,قومون,1,1.2915057665732477e-05
7607,فٱلصلحت,1,1.2915057665732477e-05
7608,قنتت,1,1.2915057665732477e-05
7609,حفظتٞ,1,1.2915057665732477e-05
7610,حفظ,1,1.2915057665732477e-05
7611,نشوزهن,1,1.2915057665732477e-05
7612,فعظوهن,1,1.2915057665732477e-05
7613,وٱهجروهن,1,1.2915057665732477e-05
7614,وٱضربوهن,1,1.2915057665732477e-05
7615,أطعنكم,1,1.2915057665732477e-05
7616,تبغوا,1,1.2915057665732477e-05
7617,فٱبعثوا,1,1.2915057665732477e-05
7618,وحكمٗا,1,1.2915057665732477e-05
7619,يريدآ,1,1.2915057665732477e-05
7620,يوفق,1,1.2915057665732477e-05
7621,وبذي,1,1.2915057665732477e-05
7622,ٱلجنب,1,1.2915057665732477e-05
7623,وٱلصاحب,1,1.2915057665732477e-05
7624,بٱلجنب,1,1.2915057665732477e-05
7625,مختالٗا,1,1.2915057665732477e-05
7626,فخورا,1,1.2915057665732477e-05
7627,ويكتمون,1,1.2915057665732477e-05
7628,وماذا,1,1.2915057665732477e-05
7629,يضعفها,1,1.2915057665732477e-05
7630,بشهيدٖ,1,1.2915057665732477e-05
7631,تسوى,1,1.2915057665732477e-05
7632,جنبا,1,1.2915057665732477e-05
7633,عابري,1,1.2915057665732477e-05
7634,تغتسلوا,1,1.2915057665732477e-05
7635,غفورا,1,1.2915057665732477e-05
7636,بأعدآئكم,1,1.2915057665732477e-05
7637,مسمعٖ,1,1.2915057665732477e-05
7638,ورعنا,1,1.2915057665732477e-05
7639,ليا,1,1.2915057665732477e-05
7640,وطعنٗا,1,1.2915057665732477e-05
7641,وٱنظرنا,1,1.2915057665732477e-05
7642,نطمس,1,1.2915057665732477e-05
7643,وجوهٗا,1,1.2915057665732477e-05
7644,فنردها,1,1.2915057665732477e-05
7645,أدبارهآ,1,1.2915057665732477e-05
7646,نلعنهم,1,1.2915057665732477e-05
7647,لعنآ,1,1.2915057665732477e-05
7648,ٱفترىٓ,1,1.2915057665732477e-05
7649,إثما,1,1.2915057665732477e-05
7650,يزكون,1,1.2915057665732477e-05
7651,بٱلجبت,1,1.2915057665732477e-05
7652,وٱلطغوت,1,1.2915057665732477e-05
7653,يلعن,1,1.2915057665732477e-05
7654,فإذٗا,1,1.2915057665732477e-05
7655,نقيرا,1,1.2915057665732477e-05
7656,يحسدون,1,1.2915057665732477e-05
7657,ملكا,1,1.2915057665732477e-05
7658,صد,1,1.2915057665732477e-05
7659,نصليهم,1,1.2915057665732477e-05
7660,نضجت,1,1.2915057665732477e-05
7661,بدلنهم,1,1.2915057665732477e-05
7662,جلودا,1,1.2915057665732477e-05
7663,غيرها,1,1.2915057665732477e-05
7664,ليذوقوا,1,1.2915057665732477e-05
7665,وندخلهم,1,1.2915057665732477e-05
7666,ظلٗا,1,1.2915057665732477e-05
7667,ظليلا,1,1.2915057665732477e-05
7668,تؤدوا,1,1.2915057665732477e-05
7669,ٱلأمنت,1,1.2915057665732477e-05
7670,حكمتم,1,1.2915057665732477e-05
7671,تحكموا,1,1.2915057665732477e-05
7672,نعما,1,1.2915057665732477e-05
7673,وأولي,1,1.2915057665732477e-05
7674,تنزعتم,1,1.2915057665732477e-05
7675,فردوه,1,1.2915057665732477e-05
7676,تأويلا,1,1.2915057665732477e-05
7677,يزعمون,1,1.2915057665732477e-05
7678,يتحاكموٓا,1,1.2915057665732477e-05
7679,يضلهم,1,1.2915057665732477e-05
7680,صدودٗا,1,1.2915057665732477e-05
7681,وتوفيقا,1,1.2915057665732477e-05
7682,وعظهم,1,1.2915057665732477e-05
7683,بليغٗا,1,1.2915057665732477e-05
7684,ليطاع,1,1.2915057665732477e-05
7685,يحكموك,1,1.2915057665732477e-05
7686,شجر,1,1.2915057665732477e-05
7687,ويسلموا,1,1.2915057665732477e-05
7688,تسليمٗا,1,1.2915057665732477e-05
7689,ٱخرجوا,1,1.2915057665732477e-05
7690,يوعظون,1,1.2915057665732477e-05
7691,تثبيتٗا,1,1.2915057665732477e-05
7692,ولهدينهم,1,1.2915057665732477e-05
7693,وٱلصديقين,1,1.2915057665732477e-05
7694,رفيقٗا,1,1.2915057665732477e-05
7695,فٱنفروا,1,1.2915057665732477e-05
7696,ثبات,1,1.2915057665732477e-05
7697,ليبطئن,1,1.2915057665732477e-05
7698,فضلٞ,1,1.2915057665732477e-05
7699,مودةٞ,1,1.2915057665732477e-05
7700,فأفوز,1,1.2915057665732477e-05
7701,فليقتل,1,1.2915057665732477e-05
7702,يشرون,1,1.2915057665732477e-05
7703,فيقتل,1,1.2915057665732477e-05
7704,يغلب,1,1.2915057665732477e-05
7705,كفوٓا,1,1.2915057665732477e-05
7706,كخشية,1,1.2915057665732477e-05
7707,خشيةٗ,1,1.2915057665732477e-05
7708,أخرتنآ,1,1.2915057665732477e-05
7709,يدرككم,1,1.2915057665732477e-05
7710,بروجٖ,1,1.2915057665732477e-05
7711,مشيدةٖ,1,1.2915057665732477e-05
7712,حسنةٖ,1,1.2915057665732477e-05
7713,وأرسلنك,1,1.2915057665732477e-05
7714,أطاع,1,1.2915057665732477e-05
7715,بيت,1,1.2915057665732477e-05
7716,ٱختلفٗا,1,1.2915057665732477e-05
7717,أمرٞ,1,1.2915057665732477e-05
7718,أذاعوا,1,1.2915057665732477e-05
7719,ردوه,1,1.2915057665732477e-05
7720,وإلىٓ,1,1.2915057665732477e-05
7721,لعلمه,1,1.2915057665732477e-05
7722,يستنبطونه,1,1.2915057665732477e-05
7723,لٱتبعتم,1,1.2915057665732477e-05
7724,وحرض,1,1.2915057665732477e-05
7725,تنكيلٗا,1,1.2915057665732477e-05
7726,شفعةٗ,1,1.2915057665732477e-05
7727,كفلٞ,1,1.2915057665732477e-05
7728,مقيتٗا,1,1.2915057665732477e-05
7729,حييتم,1,1.2915057665732477e-05
7730,بتحيةٖ,1,1.2915057665732477e-05
7731,فحيوا,1,1.2915057665732477e-05
7732,ردوهآ,1,1.2915057665732477e-05
7733,حسيبا,1,1.2915057665732477e-05
7734,أركسهم,1,1.2915057665732477e-05
7735,كسبوٓا,1,1.2915057665732477e-05
7736,تهدوا,1,1.2915057665732477e-05
7737,فتكونون,1,1.2915057665732477e-05
7738,حصرت,1,1.2915057665732477e-05
7739,يقتلوا,1,1.2915057665732477e-05
7740,لسلطهم,1,1.2915057665732477e-05
7741,فلقتلوكم,1,1.2915057665732477e-05
7742,ٱعتزلوكم,1,1.2915057665732477e-05
7743,ستجدون,1,1.2915057665732477e-05
7744,يأمنوكم,1,1.2915057665732477e-05
7745,ويأمنوا,1,1.2915057665732477e-05
7746,أركسوا,1,1.2915057665732477e-05
7747,يعتزلوكم,1,1.2915057665732477e-05
7748,ويلقوٓا,1,1.2915057665732477e-05
7749,ويكفوٓا,1,1.2915057665732477e-05
7750,وأولٓئكم,1,1.2915057665732477e-05
7751,لمؤمن,1,1.2915057665732477e-05
7752,وديةٞ,1,1.2915057665732477e-05
7753,أهلهٓ,1,1.2915057665732477e-05
7754,يصدقوا,1,1.2915057665732477e-05
7755,وتحرير,1,1.2915057665732477e-05
7756,فجزآؤه,1,1.2915057665732477e-05
7757,ولعنه,1,1.2915057665732477e-05
7758,فتبينوا,1,1.2915057665732477e-05
7759,ألقىٓ,1,1.2915057665732477e-05
7760,تبتغون,1,1.2915057665732477e-05
7761,ٱلقعدون,1,1.2915057665732477e-05
7762,ٱلضرر,1,1.2915057665732477e-05
7763,وٱلمجهدون,1,1.2915057665732477e-05
7764,وفضل,1,1.2915057665732477e-05
7765,ومغفرةٗ,1,1.2915057665732477e-05
7766,توفىهم,1,1.2915057665732477e-05
7767,مستضعفين,1,1.2915057665732477e-05
7768,فتهاجروا,1,1.2915057665732477e-05
7769,ٱلمستضعفين,1,1.2915057665732477e-05
7770,حيلةٗ,1,1.2915057665732477e-05
7771,يعفو,1,1.2915057665732477e-05
7772,يهاجر,1,1.2915057665732477e-05
7773,مرغمٗا,1,1.2915057665732477e-05
7774,بيته,1,1.2915057665732477e-05
7775,مهاجرا,1,1.2915057665732477e-05
7776,يدركه,1,1.2915057665732477e-05
7777,تقصروا,1,1.2915057665732477e-05
7778,يفتنكم,1,1.2915057665732477e-05
7779,فأقمت,1,1.2915057665732477e-05
7780,فلتقم,1,1.2915057665732477e-05
7781,وليأخذوٓا,1,1.2915057665732477e-05
7782,أسلحتهم,1,1.2915057665732477e-05
7783,سجدوا,1,1.2915057665732477e-05
7784,فليكونوا,1,1.2915057665732477e-05
7785,ورآئكم,1,1.2915057665732477e-05
7786,ولتأت,1,1.2915057665732477e-05
7787,يصلوا,1,1.2915057665732477e-05
7788,فليصلوا,1,1.2915057665732477e-05
7789,وليأخذوا,1,1.2915057665732477e-05
7790,حذرهم,1,1.2915057665732477e-05
7791,وأسلحتهم,1,1.2915057665732477e-05
7792,تغفلون,1,1.2915057665732477e-05
7793,وأمتعتكم,1,1.2915057665732477e-05
7794,فيميلون,1,1.2915057665732477e-05
7795,ميلةٗ,1,1.2915057665732477e-05
7796,تضعوٓا,1,1.2915057665732477e-05
7797,وخذوا,1,1.2915057665732477e-05
7798,جنوبكم,1,1.2915057665732477e-05
7799,ٱطمأننتم,1,1.2915057665732477e-05
7800,موقوتٗا,1,1.2915057665732477e-05
7801,يألمون,1,1.2915057665732477e-05
7802,وترجون,1,1.2915057665732477e-05
7803,لتحكم,1,1.2915057665732477e-05
7804,للخآئنين,1,1.2915057665732477e-05
7805,خصيمٗا,1,1.2915057665732477e-05
7806,يختانون,1,1.2915057665732477e-05
7807,خوانا,1,1.2915057665732477e-05
7808,أثيمٗا,1,1.2915057665732477e-05
7809,محيطا,1,1.2915057665732477e-05
7810,جدلتم,1,1.2915057665732477e-05
7811,يكسبه,1,1.2915057665732477e-05
7812,خطيٓٔة,1,1.2915057665732477e-05
7813,يرم,1,1.2915057665732477e-05
7814,بريٓٔٗا,1,1.2915057665732477e-05
7815,ٱحتمل,1,1.2915057665732477e-05
7816,لهمت,1,1.2915057665732477e-05
7817,يضرونك,1,1.2915057665732477e-05
7818,وعلمك,1,1.2915057665732477e-05
7819,نجوىهم,1,1.2915057665732477e-05
7820,بصدقة,1,1.2915057665732477e-05
7821,معروف,1,1.2915057665732477e-05
7822,إصلح,1,1.2915057665732477e-05
7823,نوله,1,1.2915057665732477e-05
7824,ونصله,1,1.2915057665732477e-05
7825,مريدٗا,1,1.2915057665732477e-05
7826,لأتخذن,1,1.2915057665732477e-05
7827,ولأضلنهم,1,1.2915057665732477e-05
7828,ولأمنينهم,1,1.2915057665732477e-05
7829,فليبتكن,1,1.2915057665732477e-05
7830,ءاذان,1,1.2915057665732477e-05
7831,فليغيرن,1,1.2915057665732477e-05
7832,خسرانٗا,1,1.2915057665732477e-05
7833,ويمنيهم,1,1.2915057665732477e-05
7834,محيصٗا,1,1.2915057665732477e-05
7835,بأمانيكم,1,1.2915057665732477e-05
7836,يجز,1,1.2915057665732477e-05
7837,نقيرٗا,1,1.2915057665732477e-05
7838,محيطٗا,1,1.2915057665732477e-05
7839,ويستفتونك,1,1.2915057665732477e-05
7840,يتمى,1,1.2915057665732477e-05
7841,تؤتونهن,1,1.2915057665732477e-05
7842,وترغبون,1,1.2915057665732477e-05
7843,لليتمى,1,1.2915057665732477e-05
7844,ٱمرأة,1,1.2915057665732477e-05
7845,خافت,1,1.2915057665732477e-05
7846,بعلها,1,1.2915057665732477e-05
7847,نشوزا,1,1.2915057665732477e-05
7848,إعراضٗا,1,1.2915057665732477e-05
7849,يصلحا,1,1.2915057665732477e-05
7850,وٱلصلح,1,1.2915057665732477e-05
7851,وأحضرت,1,1.2915057665732477e-05
7852,ٱلشح,1,1.2915057665732477e-05
7853,تحسنوا,1,1.2915057665732477e-05
7854,تستطيعوٓا,1,1.2915057665732477e-05
7855,حرصتم,1,1.2915057665732477e-05
7856,ٱلميل,1,1.2915057665732477e-05
7857,فتذروها,1,1.2915057665732477e-05
7858,كٱلمعلقة,1,1.2915057665732477e-05
7859,تصلحوا,1,1.2915057665732477e-05
7860,يتفرقا,1,1.2915057665732477e-05
7861,يغن,1,1.2915057665732477e-05
7862,وسعا,1,1.2915057665732477e-05
7863,حميدٗا,1,1.2915057665732477e-05
7864,بٔاخرين,1,1.2915057665732477e-05
7865,ٱلولدين,1,1.2915057665732477e-05
7866,تلوٓا,1,1.2915057665732477e-05
7867,تعرضوا,1,1.2915057665732477e-05
7868,يتخذون,1,1.2915057665732477e-05
7869,أيبتغون,1,1.2915057665732477e-05
7870,سمعتم,1,1.2915057665732477e-05
7871,ويستهزأ,1,1.2915057665732477e-05
7872,وٱلكفرين,1,1.2915057665732477e-05
7873,يتربصون,1,1.2915057665732477e-05
7874,فتحٞ,1,1.2915057665732477e-05
7875,نستحوذ,1,1.2915057665732477e-05
7876,ونمنعكم,1,1.2915057665732477e-05
7877,خدعهم,1,1.2915057665732477e-05
7878,قاموٓا,1,1.2915057665732477e-05
7879,مذبذبين,1,1.2915057665732477e-05
7880,ٱلدرك,1,1.2915057665732477e-05
7881,ٱلأسفل,1,1.2915057665732477e-05
7882,وأخلصوا,1,1.2915057665732477e-05
7883,بعذابكم,1,1.2915057665732477e-05
7884,شاكرا,1,1.2915057665732477e-05
7885,عفوٗا,1,1.2915057665732477e-05
7886,قديرا,1,1.2915057665732477e-05
7887,ونكفر,1,1.2915057665732477e-05
7888,سألوا,1,1.2915057665732477e-05
7889,فعفونا,1,1.2915057665732477e-05
7890,بميثقهم,1,1.2915057665732477e-05
7891,وكفرهم,1,1.2915057665732477e-05
7892,وبكفرهم,1,1.2915057665732477e-05
7893,بهتنا,1,1.2915057665732477e-05
7894,صلبوه,1,1.2915057665732477e-05
7895,شبه,1,1.2915057665732477e-05
7896,ٱتباع,1,1.2915057665732477e-05
7897,يقينا,1,1.2915057665732477e-05
7898,رفعه,1,1.2915057665732477e-05
7899,موته,1,1.2915057665732477e-05
7900,فبظلمٖ,1,1.2915057665732477e-05
7901,وبصدهم,1,1.2915057665732477e-05
7902,وأخذهم,1,1.2915057665732477e-05
7903,ٱلرسخون,1,1.2915057665732477e-05
7904,وٱلمقيمين,1,1.2915057665732477e-05
7905,وٱلمؤتون,1,1.2915057665732477e-05
7906,سنؤتيهم,1,1.2915057665732477e-05
7907,قصصنهم,1,1.2915057665732477e-05
7908,نقصصهم,1,1.2915057665732477e-05
7909,وكلم,1,1.2915057665732477e-05
7910,تكليمٗا,1,1.2915057665732477e-05
7911,وظلموا,1,1.2915057665732477e-05
7912,طريقا,1,1.2915057665732477e-05
7913,طريق,1,1.2915057665732477e-05
7914,وكلمتهٓ,1,1.2915057665732477e-05
7915,ألقىهآ,1,1.2915057665732477e-05
7916,وروحٞ,1,1.2915057665732477e-05
7917,ويستكبر,1,1.2915057665732477e-05
7918,فسيحشرهم,1,1.2915057665732477e-05
7919,ٱستنكفوا,1,1.2915057665732477e-05
7920,فيعذبهم,1,1.2915057665732477e-05
7921,برهنٞ,1,1.2915057665732477e-05
7922,فسيدخلهم,1,1.2915057665732477e-05
7923,يستفتونك,1,1.2915057665732477e-05
7924,ٱلكللة,1,1.2915057665732477e-05
7925,ٱمرؤا,1,1.2915057665732477e-05
7926,يرثهآ,1,1.2915057665732477e-05
7927,فلهما,1,1.2915057665732477e-05
7928,ٱلثلثان,1,1.2915057665732477e-05
7929,إخوةٗ,1,1.2915057665732477e-05
7930,فللذكر,1,1.2915057665732477e-05
7931,بٱلعقود,1,1.2915057665732477e-05
7932,محلي,1,1.2915057665732477e-05
7933,تحلوا,1,1.2915057665732477e-05
7934,ٱلقلٓئد,1,1.2915057665732477e-05
7935,ءآمين,1,1.2915057665732477e-05
7936,حللتم,1,1.2915057665732477e-05
7937,فٱصطادوا,1,1.2915057665732477e-05
7938,صدوكم,1,1.2915057665732477e-05
7939,تعتدوا,1,1.2915057665732477e-05
7940,وتعاونوا,1,1.2915057665732477e-05
7941,تعاونوا,1,1.2915057665732477e-05
7942,وٱلمنخنقة,1,1.2915057665732477e-05
7943,وٱلموقوذة,1,1.2915057665732477e-05
7944,وٱلمتردية,1,1.2915057665732477e-05
7945,وٱلنطيحة,1,1.2915057665732477e-05
7946,ذكيتم,1,1.2915057665732477e-05
7947,ذبح,1,1.2915057665732477e-05
7948,ٱلنصب,1,1.2915057665732477e-05
7949,تستقسموا,1,1.2915057665732477e-05
7950,بٱلأزلم,1,1.2915057665732477e-05
7951,فسق,1,1.2915057665732477e-05
7952,أكملت,1,1.2915057665732477e-05
7953,وأتممت,1,1.2915057665732477e-05
7954,ورضيت,1,1.2915057665732477e-05
7955,مخمصة,1,1.2915057665732477e-05
7956,متجانفٖ,1,1.2915057665732477e-05
7957,لإثمٖ,1,1.2915057665732477e-05
7958,ٱلجوارح,1,1.2915057665732477e-05
7959,مكلبين,1,1.2915057665732477e-05
7960,تعلمونهن,1,1.2915057665732477e-05
7961,أمسكن,1,1.2915057665732477e-05
7962,وطعام,1,1.2915057665732477e-05
7963,وطعامكم,1,1.2915057665732477e-05
7964,متخذيٓ,1,1.2915057665732477e-05
7965,حبط,1,1.2915057665732477e-05
7966,قمتم,1,1.2915057665732477e-05
7967,فٱغسلوا,1,1.2915057665732477e-05
7968,ٱلمرافق,1,1.2915057665732477e-05
7969,وٱمسحوا,1,1.2915057665732477e-05
7970,برءوسكم,1,1.2915057665732477e-05
7971,ٱلكعبين,1,1.2915057665732477e-05
7972,جنبٗا,1,1.2915057665732477e-05
7973,فٱطهروا,1,1.2915057665732477e-05
7974,وميثقه,1,1.2915057665732477e-05
7975,واثقكم,1,1.2915057665732477e-05
7976,ٱعدلوا,1,1.2915057665732477e-05
7977,يبسطوٓا,1,1.2915057665732477e-05
7978,فكف,1,1.2915057665732477e-05
7979,وبعثنا,1,1.2915057665732477e-05
7980,ٱثني,1,1.2915057665732477e-05
7981,نقيبٗا,1,1.2915057665732477e-05
7982,أقمتم,1,1.2915057665732477e-05
7983,برسلي,1,1.2915057665732477e-05
7984,وعزرتموهم,1,1.2915057665732477e-05
7985,وأقرضتم,1,1.2915057665732477e-05
7986,ولأدخلنكم,1,1.2915057665732477e-05
7987,قسيةٗ,1,1.2915057665732477e-05
7988,ونسوا,1,1.2915057665732477e-05
7989,تزال,1,1.2915057665732477e-05
7990,خآئنةٖ,1,1.2915057665732477e-05
7991,وٱصفح,1,1.2915057665732477e-05
7992,نصرىٓ,1,1.2915057665732477e-05
7993,فنسوا,1,1.2915057665732477e-05
7994,فأغرينا,1,1.2915057665732477e-05
7995,ٱلعداوة,1,1.2915057665732477e-05
7996,نورٞ,1,1.2915057665732477e-05
7997,وكتبٞ,1,1.2915057665732477e-05
7998,ويخرجهم,1,1.2915057665732477e-05
7999,أبنٓؤا,1,1.2915057665732477e-05
8000,وأحبٓؤه,1,1.2915057665732477e-05
8001,بذنوبكم,1,1.2915057665732477e-05
8002,فترةٖ,1,1.2915057665732477e-05
8003,بشيرٖ,1,1.2915057665732477e-05
8004,بشيرٞ,1,1.2915057665732477e-05
8005,ونذيرٞ,1,1.2915057665732477e-05
8006,وجعلكم,1,1.2915057665732477e-05
8007,ملوكٗا,1,1.2915057665732477e-05
8008,ٱلمقدسة,1,1.2915057665732477e-05
8009,ترتدوا,1,1.2915057665732477e-05
8010,أدباركم,1,1.2915057665732477e-05
8011,ندخلها,1,1.2915057665732477e-05
8012,دخلون,1,1.2915057665732477e-05
8013,رجلان,1,1.2915057665732477e-05
8014,دخلتموه,1,1.2915057665732477e-05
8015,غلبون,1,1.2915057665732477e-05
8016,فتوكلوٓا,1,1.2915057665732477e-05
8017,ندخلهآ,1,1.2915057665732477e-05
8018,داموا,1,1.2915057665732477e-05
8019,فقتلآ,1,1.2915057665732477e-05
8020,قعدون,1,1.2915057665732477e-05
8021,فٱفرق,1,1.2915057665732477e-05
8022,محرمة,1,1.2915057665732477e-05
8023,يتيهون,1,1.2915057665732477e-05
8024,قربا,1,1.2915057665732477e-05
8025,قربانٗا,1,1.2915057665732477e-05
8026,أحدهما,1,1.2915057665732477e-05
8027,لأقتلنك,1,1.2915057665732477e-05
8028,بسطت,1,1.2915057665732477e-05
8029,لتقتلني,1,1.2915057665732477e-05
8030,بباسطٖ,1,1.2915057665732477e-05
8031,لأقتلك,1,1.2915057665732477e-05
8032,تبوٓأ,1,1.2915057665732477e-05
8033,بإثمي,1,1.2915057665732477e-05
8034,وإثمك,1,1.2915057665732477e-05
8035,فطوعت,1,1.2915057665732477e-05
8036,غرابٗا,1,1.2915057665732477e-05
8037,يبحث,1,1.2915057665732477e-05
8038,ليريه,1,1.2915057665732477e-05
8039,أعجزت,1,1.2915057665732477e-05
8040,ٱلغراب,1,1.2915057665732477e-05
8041,فأوري,1,1.2915057665732477e-05
8042,ٱلندمين,1,1.2915057665732477e-05
8043,فسادٖ,1,1.2915057665732477e-05
8044,فكأنمآ,1,1.2915057665732477e-05
8045,أحيا,1,1.2915057665732477e-05
8046,لمسرفون,1,1.2915057665732477e-05
8047,يحاربون,1,1.2915057665732477e-05
8048,فسادا,1,1.2915057665732477e-05
8049,يقتلوٓا,1,1.2915057665732477e-05
8050,يصلبوٓا,1,1.2915057665732477e-05
8051,ينفوا,1,1.2915057665732477e-05
8052,وٱبتغوٓا,1,1.2915057665732477e-05
8053,ليفتدوا,1,1.2915057665732477e-05
8054,وٱلسارق,1,1.2915057665732477e-05
8055,وٱلسارقة,1,1.2915057665732477e-05
8056,فٱقطعوٓا,1,1.2915057665732477e-05
8057,أيديهما,1,1.2915057665732477e-05
8058,كسبا,1,1.2915057665732477e-05
8059,تؤتوه,1,1.2915057665732477e-05
8060,فٱحذروا,1,1.2915057665732477e-05
8061,فتنته,1,1.2915057665732477e-05
8062,يطهر,1,1.2915057665732477e-05
8063,أكلون,1,1.2915057665732477e-05
8064,للسحت,1,1.2915057665732477e-05
8065,تعرض,1,1.2915057665732477e-05
8066,يضروك,1,1.2915057665732477e-05
8067,حكمت,1,1.2915057665732477e-05
8068,يحكمونك,1,1.2915057665732477e-05
8069,وٱلربنيون,1,1.2915057665732477e-05
8070,ٱستحفظوا,1,1.2915057665732477e-05
8071,تخشوا,1,1.2915057665732477e-05
8072,وٱلعين,1,1.2915057665732477e-05
8073,بٱلعين,1,1.2915057665732477e-05
8074,وٱلأنف,1,1.2915057665732477e-05
8075,بٱلأنف,1,1.2915057665732477e-05
8076,وٱلأذن,1,1.2915057665732477e-05
8077,بٱلأذن,1,1.2915057665732477e-05
8078,وٱلسن,1,1.2915057665732477e-05
8079,بٱلسن,1,1.2915057665732477e-05
8080,وٱلجروح,1,1.2915057665732477e-05
8081,تصدق,1,1.2915057665732477e-05
8082,كفارةٞ,1,1.2915057665732477e-05
8083,وليحكم,1,1.2915057665732477e-05
8084,ومهيمنا,1,1.2915057665732477e-05
8085,شرعةٗ,1,1.2915057665732477e-05
8086,ومنهاجٗا,1,1.2915057665732477e-05
8087,وٱحذرهم,1,1.2915057665732477e-05
8088,يفتنوك,1,1.2915057665732477e-05
8089,لفسقون,1,1.2915057665732477e-05
8090,أفحكم,1,1.2915057665732477e-05
8091,وٱلنصرىٓ,1,1.2915057665732477e-05
8092,نخشىٓ,1,1.2915057665732477e-05
8093,تصيبنا,1,1.2915057665732477e-05
8094,دآئرةٞ,1,1.2915057665732477e-05
8095,بٱلفتح,1,1.2915057665732477e-05
8096,فيصبحوا,1,1.2915057665732477e-05
8097,أسروا,1,1.2915057665732477e-05
8098,لمعكم,1,1.2915057665732477e-05
8099,يحبهم,1,1.2915057665732477e-05
8100,ويحبونهٓ,1,1.2915057665732477e-05
8101,أذلة,1,1.2915057665732477e-05
8102,يجهدون,1,1.2915057665732477e-05
8103,لومة,1,1.2915057665732477e-05
8104,لآئمٖ,1,1.2915057665732477e-05
8105,وليكم,1,1.2915057665732477e-05
8106,ركعون,1,1.2915057665732477e-05
8107,ناديتم,1,1.2915057665732477e-05
8108,ٱتخذوها,1,1.2915057665732477e-05
8109,تنقمون,1,1.2915057665732477e-05
8110,مثوبة,1,1.2915057665732477e-05
8111,ٱلقردة,1,1.2915057665732477e-05
8112,وٱلخنازير,1,1.2915057665732477e-05
8113,وعبد,1,1.2915057665732477e-05
8114,ينهىهم,1,1.2915057665732477e-05
8115,ٱلربنيون,1,1.2915057665732477e-05
8116,غلت,1,1.2915057665732477e-05
8117,ولعنوا,1,1.2915057665732477e-05
8118,مبسوطتان,1,1.2915057665732477e-05
8119,أوقدوا,1,1.2915057665732477e-05
8120,للحرب,1,1.2915057665732477e-05
8121,أطفأها,1,1.2915057665732477e-05
8122,لكفرنا,1,1.2915057665732477e-05
8123,لأكلوا,1,1.2915057665732477e-05
8124,مقتصدةٞ,1,1.2915057665732477e-05
8125,تفعل,1,1.2915057665732477e-05
8126,يعصمك,1,1.2915057665732477e-05
8127,تقيموا,1,1.2915057665732477e-05
8128,وٱلصبٔون,1,1.2915057665732477e-05
8129,وأرسلنآ,1,1.2915057665732477e-05
8130,وحسبوٓا,1,1.2915057665732477e-05
8131,فعموا,1,1.2915057665732477e-05
8132,عموا,1,1.2915057665732477e-05
8133,ثالث,1,1.2915057665732477e-05
8134,ثلثةٖ,1,1.2915057665732477e-05
8135,ليمسن,1,1.2915057665732477e-05
8136,ويستغفرونه,1,1.2915057665732477e-05
8137,صديقةٞ,1,1.2915057665732477e-05
8138,يأكلان,1,1.2915057665732477e-05
8139,نبين,1,1.2915057665732477e-05
8140,تتبعوٓا,1,1.2915057665732477e-05
8141,وأضلوا,1,1.2915057665732477e-05
8142,وضلوا,1,1.2915057665732477e-05
8143,يتناهون,1,1.2915057665732477e-05
8144,منكرٖ,1,1.2915057665732477e-05
8145,سخط,1,1.2915057665732477e-05
8146,وٱلنبي,1,1.2915057665732477e-05
8147,ٱتخذوهم,1,1.2915057665732477e-05
8148,لتجدن,1,1.2915057665732477e-05
8149,عدوةٗ,1,1.2915057665732477e-05
8150,ولتجدن,1,1.2915057665732477e-05
8151,أقربهم,1,1.2915057665732477e-05
8152,قسيسين,1,1.2915057665732477e-05
8153,ورهبانٗا,1,1.2915057665732477e-05
8154,ونطمع,1,1.2915057665732477e-05
8155,يدخلنا,1,1.2915057665732477e-05
8156,فأثبهم,1,1.2915057665732477e-05
8157,تحرموا,1,1.2915057665732477e-05
8158,عقدتم,1,1.2915057665732477e-05
8159,فكفرتهٓ,1,1.2915057665732477e-05
8160,إطعام,1,1.2915057665732477e-05
8161,أوسط,1,1.2915057665732477e-05
8162,تطعمون,1,1.2915057665732477e-05
8163,أهليكم,1,1.2915057665732477e-05
8164,كسوتهم,1,1.2915057665732477e-05
8165,تحرير,1,1.2915057665732477e-05
8166,كفرة,1,1.2915057665732477e-05
8167,حلفتم,1,1.2915057665732477e-05
8168,وٱحفظوٓا,1,1.2915057665732477e-05
8169,وٱلأنصاب,1,1.2915057665732477e-05
8170,وٱلأزلم,1,1.2915057665732477e-05
8171,فٱجتنبوه,1,1.2915057665732477e-05
8172,يوقع,1,1.2915057665732477e-05
8173,ويصدكم,1,1.2915057665732477e-05
8174,منتهون,1,1.2915057665732477e-05
8175,وٱحذروا,1,1.2915057665732477e-05
8176,طعموٓا,1,1.2915057665732477e-05
8177,وأحسنوا,1,1.2915057665732477e-05
8178,ليبلونكم,1,1.2915057665732477e-05
8179,تنالهٓ,1,1.2915057665732477e-05
8180,ورماحكم,1,1.2915057665732477e-05
8181,يخافه,1,1.2915057665732477e-05
8182,قتله,1,1.2915057665732477e-05
8183,فجزآءٞ,1,1.2915057665732477e-05
8184,ٱلنعم,1,1.2915057665732477e-05
8185,هديا,1,1.2915057665732477e-05
8186,كفرةٞ,1,1.2915057665732477e-05
8187,عدل,1,1.2915057665732477e-05
8188,صيامٗا,1,1.2915057665732477e-05
8189,ليذوق,1,1.2915057665732477e-05
8190,فينتقم,1,1.2915057665732477e-05
8191,وطعامه,1,1.2915057665732477e-05
8192,وللسيارة,1,1.2915057665732477e-05
8193,دمتم,1,1.2915057665732477e-05
8194,حرمٗا,1,1.2915057665732477e-05
8195,وٱلشهر,1,1.2915057665732477e-05
8196,وٱلقلٓئد,1,1.2915057665732477e-05
8197,وٱلطيب,1,1.2915057665732477e-05
8198,كثرة,1,1.2915057665732477e-05
8199,أشيآء,1,1.2915057665732477e-05
8200,تسؤكم,1,1.2915057665732477e-05
8201,سألها,1,1.2915057665732477e-05
8202,أصبحوا,1,1.2915057665732477e-05
8203,بحيرةٖ,1,1.2915057665732477e-05
8204,سآئبةٖ,1,1.2915057665732477e-05
8205,وصيلةٖ,1,1.2915057665732477e-05
8206,حامٖ,1,1.2915057665732477e-05
8207,ٱهتديتم,1,1.2915057665732477e-05
8208,ٱثنان,1,1.2915057665732477e-05
8209,ءاخران,1,1.2915057665732477e-05
8210,فأصبتكم,1,1.2915057665732477e-05
8211,تحبسونهما,1,1.2915057665732477e-05
8212,نشتري,1,1.2915057665732477e-05
8213,نكتم,1,1.2915057665732477e-05
8214,ٱلأٓثمين,1,1.2915057665732477e-05
8215,عثر,1,1.2915057665732477e-05
8216,ٱستحقآ,1,1.2915057665732477e-05
8217,فٔاخران,1,1.2915057665732477e-05
8218,يقومان,1,1.2915057665732477e-05
8219,مقامهما,1,1.2915057665732477e-05
8220,ٱستحق,1,1.2915057665732477e-05
8221,لشهدتنآ,1,1.2915057665732477e-05
8222,شهدتهما,1,1.2915057665732477e-05
8223,ٱعتدينآ,1,1.2915057665732477e-05
8224,بٱلشهدة,1,1.2915057665732477e-05
8225,وجههآ,1,1.2915057665732477e-05
8226,يخافوٓا,1,1.2915057665732477e-05
8227,ترد,1,1.2915057665732477e-05
8228,ٱذكر,1,1.2915057665732477e-05
8229,ولدتك,1,1.2915057665732477e-05
8230,أيدتك,1,1.2915057665732477e-05
8231,علمتك,1,1.2915057665732477e-05
8232,تخلق,1,1.2915057665732477e-05
8233,فتنفخ,1,1.2915057665732477e-05
8234,وتبرئ,1,1.2915057665732477e-05
8235,كففت,1,1.2915057665732477e-05
8236,أوحيت,1,1.2915057665732477e-05
8237,ٱلحوارين,1,1.2915057665732477e-05
8238,وبرسولي,1,1.2915057665732477e-05
8239,بأننا,1,1.2915057665732477e-05
8240,نأكل,1,1.2915057665732477e-05
8241,صدقتنا,1,1.2915057665732477e-05
8242,عيدٗا,1,1.2915057665732477e-05
8243,لأولنا,1,1.2915057665732477e-05
8244,وءاخرنا,1,1.2915057665732477e-05
8245,وءايةٗ,1,1.2915057665732477e-05
8246,وٱرزقنا,1,1.2915057665732477e-05
8247,منزلها,1,1.2915057665732477e-05
8248,أعذبه,1,1.2915057665732477e-05
8249,أعذبهٓ,1,1.2915057665732477e-05
8250,ٱتخذوني,1,1.2915057665732477e-05
8251,وأمي,1,1.2915057665732477e-05
8252,بحق,1,1.2915057665732477e-05
8253,قلته,1,1.2915057665732477e-05
8254,علمته,1,1.2915057665732477e-05
8255,أمرتني,1,1.2915057665732477e-05
8256,توفيتني,1,1.2915057665732477e-05
8257,ٱلرقيب,1,1.2915057665732477e-05
8258,سركم,1,1.2915057665732477e-05
8259,وجهركم,1,1.2915057665732477e-05
8260,قرطاسٖ,1,1.2915057665732477e-05
8261,فلمسوه,1,1.2915057665732477e-05
8262,لقال,1,1.2915057665732477e-05
8263,وللبسنا,1,1.2915057665732477e-05
8264,سكن,1,1.2915057665732477e-05
8265,يصرف,1,1.2915057665732477e-05
8266,رحمه,1,1.2915057665732477e-05
8267,شهدةٗ,1,1.2915057665732477e-05
8268,لأنذركم,1,1.2915057665732477e-05
8269,لتشهدون,1,1.2915057665732477e-05
8270,وإنني,1,1.2915057665732477e-05
8271,شركآؤكم,1,1.2915057665732477e-05
8272,فتنتهم,1,1.2915057665732477e-05
8273,وينٔون,1,1.2915057665732477e-05
8274,يليتنا,1,1.2915057665732477e-05
8275,ردوا,1,1.2915057665732477e-05
8276,لعادوا,1,1.2915057665732477e-05
8277,يحسرتنا,1,1.2915057665732477e-05
8278,وللدار,1,1.2915057665732477e-05
8279,ليحزنك,1,1.2915057665732477e-05
8280,يكذبونك,1,1.2915057665732477e-05
8281,فصبروا,1,1.2915057665732477e-05
8282,نبإي,1,1.2915057665732477e-05
8283,إعراضهم,1,1.2915057665732477e-05
8284,نفقٗا,1,1.2915057665732477e-05
8285,فتأتيهم,1,1.2915057665732477e-05
8286,لجمعهم,1,1.2915057665732477e-05
8287,وٱلموتى,1,1.2915057665732477e-05
8288,طٓئرٖ,1,1.2915057665732477e-05
8289,يطير,1,1.2915057665732477e-05
8290,بجناحيه,1,1.2915057665732477e-05
8291,أمم,1,1.2915057665732477e-05
8292,صمٞ,1,1.2915057665732477e-05
8293,وبكمٞ,1,1.2915057665732477e-05
8294,يضلله,1,1.2915057665732477e-05
8295,أتتكم,1,1.2915057665732477e-05
8296,فيكشف,1,1.2915057665732477e-05
8297,تضرعوا,1,1.2915057665732477e-05
8298,أوتوٓا,1,1.2915057665732477e-05
8299,وأبصركم,1,1.2915057665732477e-05
8300,جهرة,1,1.2915057665732477e-05
8301,يحشروٓا,1,1.2915057665732477e-05
8302,تطرد,1,1.2915057665732477e-05
8303,حسابك,1,1.2915057665732477e-05
8304,فتطردهم,1,1.2915057665732477e-05
8305,ليقولوٓا,1,1.2915057665732477e-05
8306,بيننآ,1,1.2915057665732477e-05
8307,بٱلشكرين,1,1.2915057665732477e-05
8308,ولتستبين,1,1.2915057665732477e-05
8309,أهوآءكم,1,1.2915057665732477e-05
8310,وكذبتم,1,1.2915057665732477e-05
8311,ٱلفصلين,1,1.2915057665732477e-05
8312,مفاتح,1,1.2915057665732477e-05
8313,يعلمهآ,1,1.2915057665732477e-05
8314,ورقة,1,1.2915057665732477e-05
8315,يعلمها,1,1.2915057665732477e-05
8316,رطبٖ,1,1.2915057665732477e-05
8317,يابس,1,1.2915057665732477e-05
8318,جرحتم,1,1.2915057665732477e-05
8319,يبعثكم,1,1.2915057665732477e-05
8320,ليقضىٓ,1,1.2915057665732477e-05
8321,حفظة,1,1.2915057665732477e-05
8322,توفته,1,1.2915057665732477e-05
8323,يفرطون,1,1.2915057665732477e-05
8324,ٱلحسبين,1,1.2915057665732477e-05
8325,تدعونه,1,1.2915057665732477e-05
8326,وخفيةٗ,1,1.2915057665732477e-05
8327,أنجىنا,1,1.2915057665732477e-05
8328,كربٖ,1,1.2915057665732477e-05
8329,ٱلقادر,1,1.2915057665732477e-05
8330,أرجلكم,1,1.2915057665732477e-05
8331,يلبسكم,1,1.2915057665732477e-05
8332,ويذيق,1,1.2915057665732477e-05
8333,نبإٖ,1,1.2915057665732477e-05
8334,يخوضون,1,1.2915057665732477e-05
8335,ينسينك,1,1.2915057665732477e-05
8336,تقعد,1,1.2915057665732477e-05
8337,وذر,1,1.2915057665732477e-05
8338,لعبٗا,1,1.2915057665732477e-05
8339,ولهوٗا,1,1.2915057665732477e-05
8340,تبسل,1,1.2915057665732477e-05
8341,تعدل,1,1.2915057665732477e-05
8342,أبسلوا,1,1.2915057665732477e-05
8343,أندعوا,1,1.2915057665732477e-05
8344,ينفعنا,1,1.2915057665732477e-05
8345,يضرنا,1,1.2915057665732477e-05
8346,ونرد,1,1.2915057665732477e-05
8347,أعقابنا,1,1.2915057665732477e-05
8348,ٱستهوته,1,1.2915057665732477e-05
8349,حيران,1,1.2915057665732477e-05
8350,أصحبٞ,1,1.2915057665732477e-05
8351,يدعونهٓ,1,1.2915057665732477e-05
8352,وأمرنا,1,1.2915057665732477e-05
8353,لنسلم,1,1.2915057665732477e-05
8354,ءازر,1,1.2915057665732477e-05
8355,أتتخذ,1,1.2915057665732477e-05
8356,أصناما,1,1.2915057665732477e-05
8357,وقومك,1,1.2915057665732477e-05
8358,نريٓ,1,1.2915057665732477e-05
8359,وليكون,1,1.2915057665732477e-05
8360,ٱلموقنين,1,1.2915057665732477e-05
8361,جن,1,1.2915057665732477e-05
8362,ٱلأٓفلين,1,1.2915057665732477e-05
8363,بازغٗا,1,1.2915057665732477e-05
8364,يهدني,1,1.2915057665732477e-05
8365,لأكونن,1,1.2915057665732477e-05
8366,بازغةٗ,1,1.2915057665732477e-05
8367,أفلت,1,1.2915057665732477e-05
8368,وجهت,1,1.2915057665732477e-05
8369,وحآجه,1,1.2915057665732477e-05
8370,أتحٓجوٓني,1,1.2915057665732477e-05
8371,هدىن,1,1.2915057665732477e-05
8372,بٱلأمن,1,1.2915057665732477e-05
8373,يلبسوٓا,1,1.2915057665732477e-05
8374,بظلم,1,1.2915057665732477e-05
8375,حجتنآ,1,1.2915057665732477e-05
8376,ءاتينهآ,1,1.2915057665732477e-05
8377,ويوسف,1,1.2915057665732477e-05
8378,وزكريا,1,1.2915057665732477e-05
8379,وإلياس,1,1.2915057665732477e-05
8380,ولوطٗا,1,1.2915057665732477e-05
8381,وٱجتبينهم,1,1.2915057665732477e-05
8382,وهدينهم,1,1.2915057665732477e-05
8383,لحبط,1,1.2915057665732477e-05
8384,وكلنا,1,1.2915057665732477e-05
8385,بكفرين,1,1.2915057665732477e-05
8386,فبهدىهم,1,1.2915057665732477e-05
8387,ٱقتده,1,1.2915057665732477e-05
8388,تجعلونه,1,1.2915057665732477e-05
8389,قراطيس,1,1.2915057665732477e-05
8390,تبدونها,1,1.2915057665732477e-05
8391,وتخفون,1,1.2915057665732477e-05
8392,وعلمتم,1,1.2915057665732477e-05
8393,خوضهم,1,1.2915057665732477e-05
8394,مصدق,1,1.2915057665732477e-05
8395,ولتنذر,1,1.2915057665732477e-05
8396,يوح,1,1.2915057665732477e-05
8397,سأنزل,1,1.2915057665732477e-05
8398,غمرت,1,1.2915057665732477e-05
8399,باسطوٓا,1,1.2915057665732477e-05
8400,فردى,1,1.2915057665732477e-05
8401,وتركتم,1,1.2915057665732477e-05
8402,خولنكم,1,1.2915057665732477e-05
8403,ظهوركم,1,1.2915057665732477e-05
8404,شفعآءكم,1,1.2915057665732477e-05
8405,ٱلحب,1,1.2915057665732477e-05
8406,وٱلنوى,1,1.2915057665732477e-05
8407,ومخرج,1,1.2915057665732477e-05
8408,ٱلإصباح,1,1.2915057665732477e-05
8409,لتهتدوا,1,1.2915057665732477e-05
8410,فمستقرٞ,1,1.2915057665732477e-05
8411,ومستودعٞ,1,1.2915057665732477e-05
8412,متراكبٗا,1,1.2915057665732477e-05
8413,قنوانٞ,1,1.2915057665732477e-05
8414,أعنابٖ,1,1.2915057665732477e-05
8415,مشتبهٗا,1,1.2915057665732477e-05
8416,متشبه,1,1.2915057665732477e-05
8417,ٱنظروٓا,1,1.2915057665732477e-05
8418,وينعهٓ,1,1.2915057665732477e-05
8419,وخلقهم,1,1.2915057665732477e-05
8420,وخرقوا,1,1.2915057665732477e-05
8421,وبنت,1,1.2915057665732477e-05
8422,صحبةٞ,1,1.2915057665732477e-05
8423,يدرك,1,1.2915057665732477e-05
8424,عمي,1,1.2915057665732477e-05
8425,درست,1,1.2915057665732477e-05
8426,ولنبينه,1,1.2915057665732477e-05
8427,تسبوا,1,1.2915057665732477e-05
8428,فيسبوا,1,1.2915057665732477e-05
8429,يشعركم,1,1.2915057665732477e-05
8430,أنهآ,1,1.2915057665732477e-05
8431,ونقلب,1,1.2915057665732477e-05
8432,ونذرهم,1,1.2915057665732477e-05
8433,أننا,1,1.2915057665732477e-05
8434,نزلنآ,1,1.2915057665732477e-05
8435,وكلمهم,1,1.2915057665732477e-05
8436,وحشرنا,1,1.2915057665732477e-05
8437,ليؤمنوٓا,1,1.2915057665732477e-05
8438,يجهلون,1,1.2915057665732477e-05
8439,شيطين,1,1.2915057665732477e-05
8440,ولتصغىٓ,1,1.2915057665732477e-05
8441,أفٔدة,1,1.2915057665732477e-05
8442,وليرضوه,1,1.2915057665732477e-05
8443,وليقترفوا,1,1.2915057665732477e-05
8444,مقترفون,1,1.2915057665732477e-05
8445,أبتغي,1,1.2915057665732477e-05
8446,مفصلٗا,1,1.2915057665732477e-05
8447,منزلٞ,1,1.2915057665732477e-05
8448,صدقٗا,1,1.2915057665732477e-05
8449,وعدلٗا,1,1.2915057665732477e-05
8450,بٔايته,1,1.2915057665732477e-05
8451,ٱضطررتم,1,1.2915057665732477e-05
8452,ليضلون,1,1.2915057665732477e-05
8453,بأهوآئهم,1,1.2915057665732477e-05
8454,بٱلمعتدين,1,1.2915057665732477e-05
8455,وباطنهٓ,1,1.2915057665732477e-05
8456,يقترفون,1,1.2915057665732477e-05
8457,لفسقٞ,1,1.2915057665732477e-05
8458,ليوحون,1,1.2915057665732477e-05
8459,أوليآئهم,1,1.2915057665732477e-05
8460,ليجدلوكم,1,1.2915057665732477e-05
8461,أطعتموهم,1,1.2915057665732477e-05
8462,لمشركون,1,1.2915057665732477e-05
8463,فأحيينه,1,1.2915057665732477e-05
8464,بخارجٖ,1,1.2915057665732477e-05
8465,مجرميها,1,1.2915057665732477e-05
8466,ليمكروا,1,1.2915057665732477e-05
8467,نؤتى,1,1.2915057665732477e-05
8468,صغار,1,1.2915057665732477e-05
8469,وعذابٞ,1,1.2915057665732477e-05
8470,يشرح,1,1.2915057665732477e-05
8471,ضيقا,1,1.2915057665732477e-05
8472,ٱستكثرتم,1,1.2915057665732477e-05
8473,وبلغنآ,1,1.2915057665732477e-05
8474,أجلنا,1,1.2915057665732477e-05
8475,مثوىكم,1,1.2915057665732477e-05
8476,نولي,1,1.2915057665732477e-05
8477,بعدكم,1,1.2915057665732477e-05
8478,عاملٞ,1,1.2915057665732477e-05
8479,لشركآئنا,1,1.2915057665732477e-05
8480,لشركآئهم,1,1.2915057665732477e-05
8481,لكثيرٖ,1,1.2915057665732477e-05
8482,ليردوهم,1,1.2915057665732477e-05
8483,وليلبسوا,1,1.2915057665732477e-05
8484,أنعمٞ,1,1.2915057665732477e-05
8485,وحرث,1,1.2915057665732477e-05
8486,حجرٞ,1,1.2915057665732477e-05
8487,يطعمهآ,1,1.2915057665732477e-05
8488,وأنعم,1,1.2915057665732477e-05
8489,وأنعمٞ,1,1.2915057665732477e-05
8490,خالصةٞ,1,1.2915057665732477e-05
8491,لذكورنا,1,1.2915057665732477e-05
8492,ومحرم,1,1.2915057665732477e-05
8493,ميتةٗ,1,1.2915057665732477e-05
8494,وصفهم,1,1.2915057665732477e-05
8495,سفها,1,1.2915057665732477e-05
8496,وحرموا,1,1.2915057665732477e-05
8497,وٱلزرع,1,1.2915057665732477e-05
8498,متشبهٖ,1,1.2915057665732477e-05
8499,حصاده,1,1.2915057665732477e-05
8500,حمولةٗ,1,1.2915057665732477e-05
8501,وفرشٗا,1,1.2915057665732477e-05
8502,ٱلضأن,1,1.2915057665732477e-05
8503,ٱلمعز,1,1.2915057665732477e-05
8504,نبٔوني,1,1.2915057665732477e-05
8505,محرما,1,1.2915057665732477e-05
8506,طاعمٖ,1,1.2915057665732477e-05
8507,يطعمهٓ,1,1.2915057665732477e-05
8508,ميتة,1,1.2915057665732477e-05
8509,دمٗا,1,1.2915057665732477e-05
8510,مسفوحا,1,1.2915057665732477e-05
8511,خنزيرٖ,1,1.2915057665732477e-05
8512,رجس,1,1.2915057665732477e-05
8513,فسقا,1,1.2915057665732477e-05
8514,ظفرٖ,1,1.2915057665732477e-05
8515,وٱلغنم,1,1.2915057665732477e-05
8516,شحومهمآ,1,1.2915057665732477e-05
8517,ظهورهمآ,1,1.2915057665732477e-05
8518,ٱلحوايآ,1,1.2915057665732477e-05
8519,ٱختلط,1,1.2915057665732477e-05
8520,بعظمٖ,1,1.2915057665732477e-05
8521,ببغيهم,1,1.2915057665732477e-05
8522,وسعةٖ,1,1.2915057665732477e-05
8523,بأسه,1,1.2915057665732477e-05
8524,أشركنا,1,1.2915057665732477e-05
8525,فتخرجوه,1,1.2915057665732477e-05
8526,تخرصون,1,1.2915057665732477e-05
8527,ٱلحجة,1,1.2915057665732477e-05
8528,ٱلبلغة,1,1.2915057665732477e-05
8529,أتل,1,1.2915057665732477e-05
8530,نرزقكم,1,1.2915057665732477e-05
8531,وإياهم,1,1.2915057665732477e-05
8532,فٱعدلوا,1,1.2915057665732477e-05
8533,وبعهد,1,1.2915057665732477e-05
8534,صرطي,1,1.2915057665732477e-05
8535,ٱلسبل,1,1.2915057665732477e-05
8536,فتفرق,1,1.2915057665732477e-05
8537,تماما,1,1.2915057665732477e-05
8538,طآئفتين,1,1.2915057665732477e-05
8539,دراستهم,1,1.2915057665732477e-05
8540,لكنآ,1,1.2915057665732477e-05
8541,وصدف,1,1.2915057665732477e-05
8542,سنجزي,1,1.2915057665732477e-05
8543,ٱنتظروٓا,1,1.2915057665732477e-05
8544,أمثالها,1,1.2915057665732477e-05
8545,صلاتي,1,1.2915057665732477e-05
8546,ونسكي,1,1.2915057665732477e-05
8547,ومحياي,1,1.2915057665732477e-05
8548,ومماتي,1,1.2915057665732477e-05
8549,شريك,1,1.2915057665732477e-05
8550,وبذلك,1,1.2915057665732477e-05
8551,أبغي,1,1.2915057665732477e-05
8552,الٓمٓصٓ,1,1.2915057665732477e-05
8553,فجآءها,1,1.2915057665732477e-05
8554,قآئلون,1,1.2915057665732477e-05
8555,فلنسٔلن,1,1.2915057665732477e-05
8556,ولنسٔلن,1,1.2915057665732477e-05
8557,فلنقصن,1,1.2915057665732477e-05
8558,بعلمٖ,1,1.2915057665732477e-05
8559,غآئبين,1,1.2915057665732477e-05
8560,وٱلوزن,1,1.2915057665732477e-05
8561,صورنكم,1,1.2915057665732477e-05
8562,أمرتك,1,1.2915057665732477e-05
8563,فٱهبط,1,1.2915057665732477e-05
8564,تتكبر,1,1.2915057665732477e-05
8565,أنظرنيٓ,1,1.2915057665732477e-05
8566,فبمآ,1,1.2915057665732477e-05
8567,لأقعدن,1,1.2915057665732477e-05
8568,صرطك,1,1.2915057665732477e-05
8569,شمآئلهم,1,1.2915057665732477e-05
8570,شكرين,1,1.2915057665732477e-05
8571,مذءومٗا,1,1.2915057665732477e-05
8572,ويٓٔادم,1,1.2915057665732477e-05
8573,ليبدي,1,1.2915057665732477e-05
8574,وري,1,1.2915057665732477e-05
8575,نهىكما,1,1.2915057665732477e-05
8576,ملكين,1,1.2915057665732477e-05
8577,ٱلخلدين,1,1.2915057665732477e-05
8578,وقاسمهمآ,1,1.2915057665732477e-05
8579,فدلىهما,1,1.2915057665732477e-05
8580,بغرورٖ,1,1.2915057665732477e-05
8581,ذاقا,1,1.2915057665732477e-05
8582,ونادىهما,1,1.2915057665732477e-05
8583,ربهمآ,1,1.2915057665732477e-05
8584,أنهكما,1,1.2915057665732477e-05
8585,تلكما,1,1.2915057665732477e-05
8586,ظلمنآ,1,1.2915057665732477e-05
8587,وترحمنا,1,1.2915057665732477e-05
8588,تحيون,1,1.2915057665732477e-05
8589,تموتون,1,1.2915057665732477e-05
8590,سوءتكم,1,1.2915057665732477e-05
8591,وريشٗا,1,1.2915057665732477e-05
8592,ولباس,1,1.2915057665732477e-05
8593,يفتننكم,1,1.2915057665732477e-05
8594,أبويكم,1,1.2915057665732477e-05
8595,ينزع,1,1.2915057665732477e-05
8596,لباسهما,1,1.2915057665732477e-05
8597,ليريهما,1,1.2915057665732477e-05
8598,سوءتهمآ,1,1.2915057665732477e-05
8599,وقبيله,1,1.2915057665732477e-05
8600,ترونهم,1,1.2915057665732477e-05
8601,بدأكم,1,1.2915057665732477e-05
8602,تعودون,1,1.2915057665732477e-05
8603,فريقا,1,1.2915057665732477e-05
8604,وفريقا,1,1.2915057665732477e-05
8605,زينتكم,1,1.2915057665732477e-05
8606,وٱلإثم,1,1.2915057665732477e-05
8607,يستأخرون,1,1.2915057665732477e-05
8608,يتوفونهم,1,1.2915057665732477e-05
8609,ٱداركوا,1,1.2915057665732477e-05
8610,أخرىهم,1,1.2915057665732477e-05
8611,لأولىهم,1,1.2915057665732477e-05
8612,أضلونا,1,1.2915057665732477e-05
8613,فٔاتهم,1,1.2915057665732477e-05
8614,ضعفٞ,1,1.2915057665732477e-05
8615,أولىهم,1,1.2915057665732477e-05
8616,لأخرىهم,1,1.2915057665732477e-05
8617,تفتح,1,1.2915057665732477e-05
8618,ٱلجمل,1,1.2915057665732477e-05
8619,سم,1,1.2915057665732477e-05
8620,ٱلخياط,1,1.2915057665732477e-05
8621,مهادٞ,1,1.2915057665732477e-05
8622,غواشٖ,1,1.2915057665732477e-05
8623,وسعهآ,1,1.2915057665732477e-05
8624,غلٖ,1,1.2915057665732477e-05
8625,لنهتدي,1,1.2915057665732477e-05
8626,ونودوٓا,1,1.2915057665732477e-05
8627,تلكم,1,1.2915057665732477e-05
8628,وبينهما,1,1.2915057665732477e-05
8629,يدخلوها,1,1.2915057665732477e-05
8630,يطمعون,1,1.2915057665732477e-05
8631,صرفت,1,1.2915057665732477e-05
8632,يعرفونهم,1,1.2915057665732477e-05
8633,جمعكم,1,1.2915057665732477e-05
8634,حرمهما,1,1.2915057665732477e-05
8635,ننسىهم,1,1.2915057665732477e-05
8636,جئنهم,1,1.2915057665732477e-05
8637,نسوه,1,1.2915057665732477e-05
8638,فيشفعوا,1,1.2915057665732477e-05
8639,فنعمل,1,1.2915057665732477e-05
8640,يطلبه,1,1.2915057665732477e-05
8641,حثيثٗا,1,1.2915057665732477e-05
8642,وخفية,1,1.2915057665732477e-05
8643,وطمعا,1,1.2915057665732477e-05
8644,أقلت,1,1.2915057665732477e-05
8645,ثقالٗا,1,1.2915057665732477e-05
8646,سقنه,1,1.2915057665732477e-05
8647,لبلدٖ,1,1.2915057665732477e-05
8648,وٱلبلد,1,1.2915057665732477e-05
8649,خبث,1,1.2915057665732477e-05
8650,نكدٗا,1,1.2915057665732477e-05
8651,ضللةٞ,1,1.2915057665732477e-05
8652,وأنصح,1,1.2915057665732477e-05
8653,ولتتقوا,1,1.2915057665732477e-05
8654,عمين,1,1.2915057665732477e-05
8655,سفاهةٖ,1,1.2915057665732477e-05
8656,لنظنك,1,1.2915057665732477e-05
8657,سفاهةٞ,1,1.2915057665732477e-05
8658,ناصح,1,1.2915057665732477e-05
8659,أمين,1,1.2915057665732477e-05
8660,وزادكم,1,1.2915057665732477e-05
8661,بصطةٗ,1,1.2915057665732477e-05
8662,لنعبد,1,1.2915057665732477e-05
8663,أتجدلونني,1,1.2915057665732477e-05
8664,أسمآءٖ,1,1.2915057665732477e-05
8665,سلطنٖ,1,1.2915057665732477e-05
8666,وقطعنا,1,1.2915057665732477e-05
8667,وبوأكم,1,1.2915057665732477e-05
8668,سهولها,1,1.2915057665732477e-05
8669,قصورٗا,1,1.2915057665732477e-05
8670,مرسلٞ,1,1.2915057665732477e-05
8671,فعقروا,1,1.2915057665732477e-05
8672,وعتوا,1,1.2915057665732477e-05
8673,رسالة,1,1.2915057665732477e-05
8674,أخرجوهم,1,1.2915057665732477e-05
8675,فأوفوا,1,1.2915057665732477e-05
8676,وتصدون,1,1.2915057665732477e-05
8677,وتبغونها,1,1.2915057665732477e-05
8678,فكثركم,1,1.2915057665732477e-05
8679,وٱنظروا,1,1.2915057665732477e-05
8680,فٱصبروا,1,1.2915057665732477e-05
8681,لنخرجنك,1,1.2915057665732477e-05
8682,قريتنآ,1,1.2915057665732477e-05
8683,كرهين,1,1.2915057665732477e-05
8684,ٱفترينا,1,1.2915057665732477e-05
8685,ملتكم,1,1.2915057665732477e-05
8686,نعود,1,1.2915057665732477e-05
8687,ٱفتح,1,1.2915057665732477e-05
8688,ٱلفتحين,1,1.2915057665732477e-05
8689,ٱتبعتم,1,1.2915057665732477e-05
8690,شعيبا,1,1.2915057665732477e-05
8691,ءاسى,1,1.2915057665732477e-05
8692,يضرعون,1,1.2915057665732477e-05
8693,بدلنا,1,1.2915057665732477e-05
8694,ٱلضرآء,1,1.2915057665732477e-05
8695,وٱلسرآء,1,1.2915057665732477e-05
8696,لفتحنا,1,1.2915057665732477e-05
8697,بركتٖ,1,1.2915057665732477e-05
8698,أوأمن,1,1.2915057665732477e-05
8699,أفأمنوا,1,1.2915057665732477e-05
8700,يأمن,1,1.2915057665732477e-05
8701,أصبنهم,1,1.2915057665732477e-05
8702,ونطبع,1,1.2915057665732477e-05
8703,أنبآئها,1,1.2915057665732477e-05
8704,لأكثرهم,1,1.2915057665732477e-05
8705,عهدٖ,1,1.2915057665732477e-05
8706,لفسقين,1,1.2915057665732477e-05
8707,حقيق,1,1.2915057665732477e-05
8708,ٱلملقين,1,1.2915057665732477e-05
8709,سحروٓا,1,1.2915057665732477e-05
8710,وٱسترهبوهم,1,1.2915057665732477e-05
8711,بسحر,1,1.2915057665732477e-05
8712,فوقع,1,1.2915057665732477e-05
8713,وبطل,1,1.2915057665732477e-05
8714,فغلبوا,1,1.2915057665732477e-05
8715,وٱنقلبوا,1,1.2915057665732477e-05
8716,صغرين,1,1.2915057665732477e-05
8717,وألقي,1,1.2915057665732477e-05
8718,لمكرٞ,1,1.2915057665732477e-05
8719,مكرتموه,1,1.2915057665732477e-05
8720,لتخرجوا,1,1.2915057665732477e-05
8721,لأصلبنكم,1,1.2915057665732477e-05
8722,تنقم,1,1.2915057665732477e-05
8723,جآءتنا,1,1.2915057665732477e-05
8724,أتذر,1,1.2915057665732477e-05
8725,ليفسدوا,1,1.2915057665732477e-05
8726,ويذرك,1,1.2915057665732477e-05
8727,وءالهتك,1,1.2915057665732477e-05
8728,سنقتل,1,1.2915057665732477e-05
8729,ونستحي,1,1.2915057665732477e-05
8730,قهرون,1,1.2915057665732477e-05
8731,يورثها,1,1.2915057665732477e-05
8732,أوذينا,1,1.2915057665732477e-05
8733,ويستخلفكم,1,1.2915057665732477e-05
8734,فينظر,1,1.2915057665732477e-05
8735,بٱلسنين,1,1.2915057665732477e-05
8736,يطيروا,1,1.2915057665732477e-05
8737,بموسى,1,1.2915057665732477e-05
8738,طٓئرهم,1,1.2915057665732477e-05
8739,مهما,1,1.2915057665732477e-05
8740,تأتنا,1,1.2915057665732477e-05
8741,لتسحرنا,1,1.2915057665732477e-05
8742,وٱلجراد,1,1.2915057665732477e-05
8743,وٱلقمل,1,1.2915057665732477e-05
8744,وٱلضفادع,1,1.2915057665732477e-05
8745,مفصلتٖ,1,1.2915057665732477e-05
8746,لنؤمنن,1,1.2915057665732477e-05
8747,ولنرسلن,1,1.2915057665732477e-05
8748,بلغوه,1,1.2915057665732477e-05
8749,يستضعفون,1,1.2915057665732477e-05
8750,مشرق,1,1.2915057665732477e-05
8751,ومغربها,1,1.2915057665732477e-05
8752,ودمرنا,1,1.2915057665732477e-05
8753,يصنع,1,1.2915057665732477e-05
8754,يعكفون,1,1.2915057665732477e-05
8755,أصنامٖ,1,1.2915057665732477e-05
8756,متبرٞ,1,1.2915057665732477e-05
8757,أبغيكم,1,1.2915057665732477e-05
8758,فضلكم,1,1.2915057665732477e-05
8759,ووعدنا,1,1.2915057665732477e-05
8760,ثلثين,1,1.2915057665732477e-05
8761,وأتممنها,1,1.2915057665732477e-05
8762,بعشرٖ,1,1.2915057665732477e-05
8763,فتم,1,1.2915057665732477e-05
8764,لأخيه,1,1.2915057665732477e-05
8765,ٱخلفني,1,1.2915057665732477e-05
8766,وكلمه,1,1.2915057665732477e-05
8767,أرنيٓ,1,1.2915057665732477e-05
8768,أنظر,1,1.2915057665732477e-05
8769,ٱستقر,1,1.2915057665732477e-05
8770,للجبل,1,1.2915057665732477e-05
8771,صعقٗا,1,1.2915057665732477e-05
8772,أفاق,1,1.2915057665732477e-05
8773,ٱصطفيتك,1,1.2915057665732477e-05
8774,برسلتي,1,1.2915057665732477e-05
8775,وبكلمي,1,1.2915057665732477e-05
8776,ءاتيتك,1,1.2915057665732477e-05
8777,موعظةٗ,1,1.2915057665732477e-05
8778,فخذها,1,1.2915057665732477e-05
8779,يأخذوا,1,1.2915057665732477e-05
8780,بأحسنها,1,1.2915057665732477e-05
8781,سأصرف,1,1.2915057665732477e-05
8782,يتكبرون,1,1.2915057665732477e-05
8783,ولقآء,1,1.2915057665732477e-05
8784,حليهم,1,1.2915057665732477e-05
8785,خوار,1,1.2915057665732477e-05
8786,ٱتخذوه,1,1.2915057665732477e-05
8787,سقط,1,1.2915057665732477e-05
8788,يرحمنا,1,1.2915057665732477e-05
8789,خلفتموني,1,1.2915057665732477e-05
8790,أعجلتم,1,1.2915057665732477e-05
8791,برأس,1,1.2915057665732477e-05
8792,يجرهٓ,1,1.2915057665732477e-05
8793,ٱستضعفوني,1,1.2915057665732477e-05
8794,وكادوا,1,1.2915057665732477e-05
8795,يقتلونني,1,1.2915057665732477e-05
8796,تشمت,1,1.2915057665732477e-05
8797,ٱلأعدآء,1,1.2915057665732477e-05
8798,ولأخي,1,1.2915057665732477e-05
8799,وأدخلنا,1,1.2915057665732477e-05
8800,رحمتك,1,1.2915057665732477e-05
8801,سينالهم,1,1.2915057665732477e-05
8802,وذلةٞ,1,1.2915057665732477e-05
8803,ٱلمفترين,1,1.2915057665732477e-05
8804,وءامنوٓا,1,1.2915057665732477e-05
8805,سكت,1,1.2915057665732477e-05
8806,ٱلغضب,1,1.2915057665732477e-05
8807,نسختها,1,1.2915057665732477e-05
8808,يرهبون,1,1.2915057665732477e-05
8809,وٱختار,1,1.2915057665732477e-05
8810,أهلكتهم,1,1.2915057665732477e-05
8811,أتهلكنا,1,1.2915057665732477e-05
8812,فتنتك,1,1.2915057665732477e-05
8813,وتهدي,1,1.2915057665732477e-05
8814,ٱلغفرين,1,1.2915057665732477e-05
8815,وٱكتب,1,1.2915057665732477e-05
8816,هدنآ,1,1.2915057665732477e-05
8817,عذابيٓ,1,1.2915057665732477e-05
8818,أصيب,1,1.2915057665732477e-05
8819,أشآء,1,1.2915057665732477e-05
8820,ورحمتي,1,1.2915057665732477e-05
8821,فسأكتبها,1,1.2915057665732477e-05
8822,يجدونه,1,1.2915057665732477e-05
8823,مكتوبا,1,1.2915057665732477e-05
8824,يأمرهم,1,1.2915057665732477e-05
8825,وينهىهم,1,1.2915057665732477e-05
8826,ويحرم,1,1.2915057665732477e-05
8827,ويضع,1,1.2915057665732477e-05
8828,إصرهم,1,1.2915057665732477e-05
8829,وٱلأغلل,1,1.2915057665732477e-05
8830,وعزروه,1,1.2915057665732477e-05
8831,ونصروه,1,1.2915057665732477e-05
8832,وكلمته,1,1.2915057665732477e-05
8833,وٱتبعوه,1,1.2915057665732477e-05
8834,ٱثنتي,1,1.2915057665732477e-05
8835,أسباطا,1,1.2915057665732477e-05
8836,ٱستسقىه,1,1.2915057665732477e-05
8837,فٱنبجست,1,1.2915057665732477e-05
8838,ٱلغمم,1,1.2915057665732477e-05
8839,خطيٓٔتكم,1,1.2915057665732477e-05
8840,سنزيد,1,1.2915057665732477e-05
8841,وسٔلهم,1,1.2915057665732477e-05
8842,حاضرة,1,1.2915057665732477e-05
8843,يعدون,1,1.2915057665732477e-05
8844,حيتانهم,1,1.2915057665732477e-05
8845,سبتهم,1,1.2915057665732477e-05
8846,شرعٗا,1,1.2915057665732477e-05
8847,يسبتون,1,1.2915057665732477e-05
8848,نبلوهم,1,1.2915057665732477e-05
8849,تعظون,1,1.2915057665732477e-05
8850,مهلكهم,1,1.2915057665732477e-05
8851,معذرة,1,1.2915057665732477e-05
8852,بٔيس,1,1.2915057665732477e-05
8853,عتوا,1,1.2915057665732477e-05
8854,ليبعثن,1,1.2915057665732477e-05
8855,يسومهم,1,1.2915057665732477e-05
8856,لسريع,1,1.2915057665732477e-05
8857,وبلونهم,1,1.2915057665732477e-05
8858,بٱلحسنت,1,1.2915057665732477e-05
8859,وٱلسئات,1,1.2915057665732477e-05
8860,خلفٞ,1,1.2915057665732477e-05
8861,ورثوا,1,1.2915057665732477e-05
8862,يأخذون,1,1.2915057665732477e-05
8863,سيغفر,1,1.2915057665732477e-05
8864,عرضٞ,1,1.2915057665732477e-05
8865,يأخذوه,1,1.2915057665732477e-05
8866,ودرسوا,1,1.2915057665732477e-05
8867,يمسكون,1,1.2915057665732477e-05
8868,نتقنا,1,1.2915057665732477e-05
8869,ظلةٞ,1,1.2915057665732477e-05
8870,وأشهدهم,1,1.2915057665732477e-05
8871,ألست,1,1.2915057665732477e-05
8872,أفتهلكنا,1,1.2915057665732477e-05
8873,فٱنسلخ,1,1.2915057665732477e-05
8874,لرفعنه,1,1.2915057665732477e-05
8875,ولكنهٓ,1,1.2915057665732477e-05
8876,أخلد,1,1.2915057665732477e-05
8877,ٱلكلب,1,1.2915057665732477e-05
8878,تتركه,1,1.2915057665732477e-05
8879,فٱقصص,1,1.2915057665732477e-05
8880,ٱلمهتدي,1,1.2915057665732477e-05
8881,ذرأنا,1,1.2915057665732477e-05
8882,أسمٓئه,1,1.2915057665732477e-05
8883,بصاحبهم,1,1.2915057665732477e-05
8884,ينظروا,1,1.2915057665732477e-05
8885,هادي,1,1.2915057665732477e-05
8886,ويذرهم,1,1.2915057665732477e-05
8887,يجليها,1,1.2915057665732477e-05
8888,لوقتهآ,1,1.2915057665732477e-05
8889,كأنك,1,1.2915057665732477e-05
8890,حفي,1,1.2915057665732477e-05
8891,لٱستكثرت,1,1.2915057665732477e-05
8892,ليسكن,1,1.2915057665732477e-05
8893,تغشىها,1,1.2915057665732477e-05
8894,حملا,1,1.2915057665732477e-05
8895,خفيفٗا,1,1.2915057665732477e-05
8896,فمرت,1,1.2915057665732477e-05
8897,أثقلت,1,1.2915057665732477e-05
8898,ءاتيتنا,1,1.2915057665732477e-05
8899,جعلا,1,1.2915057665732477e-05
8900,أيشركون,1,1.2915057665732477e-05
8901,يتبعوكم,1,1.2915057665732477e-05
8902,أدعوتموهم,1,1.2915057665732477e-05
8903,صمتون,1,1.2915057665732477e-05
8904,فٱدعوهم,1,1.2915057665732477e-05
8905,ألهم,1,1.2915057665732477e-05
8906,أرجلٞ,1,1.2915057665732477e-05
8907,أيدٖ,1,1.2915057665732477e-05
8908,يبطشون,1,1.2915057665732477e-05
8909,كيدون,1,1.2915057665732477e-05
8910,بٱلعرف,1,1.2915057665732477e-05
8911,مسهم,1,1.2915057665732477e-05
8912,طٓئفٞ,1,1.2915057665732477e-05
8913,مبصرون,1,1.2915057665732477e-05
8914,يمدونهم,1,1.2915057665732477e-05
8915,يقصرون,1,1.2915057665732477e-05
8916,ٱجتبيتها,1,1.2915057665732477e-05
8917,وأنصتوا,1,1.2915057665732477e-05
8918,وخيفةٗ,1,1.2915057665732477e-05
8919,ودون,1,1.2915057665732477e-05
8920,ويسبحونه,1,1.2915057665732477e-05
8921,تليت,1,1.2915057665732477e-05
8922,زادتهم,1,1.2915057665732477e-05
8923,أخرجك,1,1.2915057665732477e-05
8924,لكرهون,1,1.2915057665732477e-05
8925,يساقون,1,1.2915057665732477e-05
8926,ٱلطآئفتين,1,1.2915057665732477e-05
8927,وتودون,1,1.2915057665732477e-05
8928,ٱلشوكة,1,1.2915057665732477e-05
8929,يحق,1,1.2915057665732477e-05
8930,ويقطع,1,1.2915057665732477e-05
8931,ليحق,1,1.2915057665732477e-05
8932,ويبطل,1,1.2915057665732477e-05
8933,تستغيثون,1,1.2915057665732477e-05
8934,ممدكم,1,1.2915057665732477e-05
8935,بألفٖ,1,1.2915057665732477e-05
8936,مردفين,1,1.2915057665732477e-05
8937,يغشيكم,1,1.2915057665732477e-05
8938,ٱلنعاس,1,1.2915057665732477e-05
8939,وليربط,1,1.2915057665732477e-05
8940,ٱلأقدام,1,1.2915057665732477e-05
8941,فثبتوا,1,1.2915057665732477e-05
8942,سألقي,1,1.2915057665732477e-05
8943,فٱضربوا,1,1.2915057665732477e-05
8944,ٱلأعناق,1,1.2915057665732477e-05
8945,وٱضربوا,1,1.2915057665732477e-05
8946,بنانٖ,1,1.2915057665732477e-05
8947,فذوقوه,1,1.2915057665732477e-05
8948,زحفٗا,1,1.2915057665732477e-05
8949,يولهم,1,1.2915057665732477e-05
8950,دبرهٓ,1,1.2915057665732477e-05
8951,متحرفٗا,1,1.2915057665732477e-05
8952,لقتال,1,1.2915057665732477e-05
8953,متحيزا,1,1.2915057665732477e-05
8954,رمى,1,1.2915057665732477e-05
8955,وليبلي,1,1.2915057665732477e-05
8956,بلآء,1,1.2915057665732477e-05
8957,موهن,1,1.2915057665732477e-05
8958,تستفتحوا,1,1.2915057665732477e-05
8959,فئتكم,1,1.2915057665732477e-05
8960,كثرت,1,1.2915057665732477e-05
8961,ٱلبكم,1,1.2915057665732477e-05
8962,لأسمعهم,1,1.2915057665732477e-05
8963,أسمعهم,1,1.2915057665732477e-05
8964,لتولوا,1,1.2915057665732477e-05
8965,يحول,1,1.2915057665732477e-05
8966,تصيبن,1,1.2915057665732477e-05
8967,خآصةٗ,1,1.2915057665732477e-05
8968,مستضعفون,1,1.2915057665732477e-05
8969,يتخطفكم,1,1.2915057665732477e-05
8970,فٔاوىكم,1,1.2915057665732477e-05
8971,وأيدكم,1,1.2915057665732477e-05
8972,تخونوا,1,1.2915057665732477e-05
8973,وتخونوٓا,1,1.2915057665732477e-05
8974,فرقانٗا,1,1.2915057665732477e-05
8975,يمكر,1,1.2915057665732477e-05
8976,ليثبتوك,1,1.2915057665732477e-05
8977,يقتلوك,1,1.2915057665732477e-05
8978,يخرجوك,1,1.2915057665732477e-05
8979,ويمكرون,1,1.2915057665732477e-05
8980,ويمكر,1,1.2915057665732477e-05
8981,لقلنا,1,1.2915057665732477e-05
8982,فأمطر,1,1.2915057665732477e-05
8983,أوليآءهٓ,1,1.2915057665732477e-05
8984,أوليآؤهٓ,1,1.2915057665732477e-05
8985,مكآءٗ,1,1.2915057665732477e-05
8986,وتصديةٗ,1,1.2915057665732477e-05
8987,ليصدوا,1,1.2915057665732477e-05
8988,فسينفقونها,1,1.2915057665732477e-05
8989,يغلبون,1,1.2915057665732477e-05
8990,ليميز,1,1.2915057665732477e-05
8991,فيركمه,1,1.2915057665732477e-05
8992,فيجعله,1,1.2915057665732477e-05
8993,يعودوا,1,1.2915057665732477e-05
8994,مضت,1,1.2915057665732477e-05
8995,خمسه,1,1.2915057665732477e-05
8996,ٱلقصوى,1,1.2915057665732477e-05
8997,وٱلركب,1,1.2915057665732477e-05
8998,تواعدتم,1,1.2915057665732477e-05
8999,لٱختلفتم,1,1.2915057665732477e-05
9000,ٱلميعد,1,1.2915057665732477e-05
9001,يريكهم,1,1.2915057665732477e-05
9002,منامك,1,1.2915057665732477e-05
9003,أرىكهم,1,1.2915057665732477e-05
9004,لفشلتم,1,1.2915057665732477e-05
9005,ولتنزعتم,1,1.2915057665732477e-05
9006,يريكموهم,1,1.2915057665732477e-05
9007,ٱلتقيتم,1,1.2915057665732477e-05
9008,ويقللكم,1,1.2915057665732477e-05
9009,فٱثبتوا,1,1.2915057665732477e-05
9010,تنزعوا,1,1.2915057665732477e-05
9011,فتفشلوا,1,1.2915057665732477e-05
9012,وتذهب,1,1.2915057665732477e-05
9013,ريحكم,1,1.2915057665732477e-05
9014,بطرٗا,1,1.2915057665732477e-05
9015,ورئآء,1,1.2915057665732477e-05
9016,جارٞ,1,1.2915057665732477e-05
9017,ترآءت,1,1.2915057665732477e-05
9018,ٱلفئتان,1,1.2915057665732477e-05
9019,نكص,1,1.2915057665732477e-05
9020,غر,1,1.2915057665732477e-05
9021,مغيرٗا,1,1.2915057665732477e-05
9022,أنعمها,1,1.2915057665732477e-05
9023,عهدت,1,1.2915057665732477e-05
9024,تثقفنهم,1,1.2915057665732477e-05
9025,فشرد,1,1.2915057665732477e-05
9026,تخافن,1,1.2915057665732477e-05
9027,خيانةٗ,1,1.2915057665732477e-05
9028,فٱنبذ,1,1.2915057665732477e-05
9029,سبقوٓا,1,1.2915057665732477e-05
9030,يعجزون,1,1.2915057665732477e-05
9031,وأعدوا,1,1.2915057665732477e-05
9032,رباط,1,1.2915057665732477e-05
9033,ٱلخيل,1,1.2915057665732477e-05
9034,ترهبون,1,1.2915057665732477e-05
9035,تعلمونهم,1,1.2915057665732477e-05
9036,جنحوا,1,1.2915057665732477e-05
9037,للسلم,1,1.2915057665732477e-05
9038,فٱجنح,1,1.2915057665732477e-05
9039,يريدوٓا,1,1.2915057665732477e-05
9040,يخدعوك,1,1.2915057665732477e-05
9041,أيدك,1,1.2915057665732477e-05
9042,وبٱلمؤمنين,1,1.2915057665732477e-05
9043,وألف,1,1.2915057665732477e-05
9044,أنفقت,1,1.2915057665732477e-05
9045,ألفت,1,1.2915057665732477e-05
9046,حرض,1,1.2915057665732477e-05
9047,عشرون,1,1.2915057665732477e-05
9048,صبرون,1,1.2915057665732477e-05
9049,ألفٗا,1,1.2915057665732477e-05
9050,خفف,1,1.2915057665732477e-05
9051,صابرةٞ,1,1.2915057665732477e-05
9052,ألفٞ,1,1.2915057665732477e-05
9053,ألفين,1,1.2915057665732477e-05
9054,يثخن,1,1.2915057665732477e-05
9055,أخذتم,1,1.2915057665732477e-05
9056,ٱلأسرىٓ,1,1.2915057665732477e-05
9057,يريدوا,1,1.2915057665732477e-05
9058,خيانتك,1,1.2915057665732477e-05
9059,خانوا,1,1.2915057665732477e-05
9060,فأمكن,1,1.2915057665732477e-05
9061,وليتهم,1,1.2915057665732477e-05
9062,ٱستنصروكم,1,1.2915057665732477e-05
9063,فعليكم,1,1.2915057665732477e-05
9064,تفعلوه,1,1.2915057665732477e-05
9065,وفسادٞ,1,1.2915057665732477e-05
9066,فسيحوا,1,1.2915057665732477e-05
9067,مخزي,1,1.2915057665732477e-05
9068,وأذنٞ,1,1.2915057665732477e-05
9069,ينقصوكم,1,1.2915057665732477e-05
9070,فأتموٓا,1,1.2915057665732477e-05
9071,مدتهم,1,1.2915057665732477e-05
9072,ٱنسلخ,1,1.2915057665732477e-05
9073,ٱلأشهر,1,1.2915057665732477e-05
9074,ٱلحرم,1,1.2915057665732477e-05
9075,فٱقتلوا,1,1.2915057665732477e-05
9076,وخذوهم,1,1.2915057665732477e-05
9077,وٱحصروهم,1,1.2915057665732477e-05
9078,وٱقعدوا,1,1.2915057665732477e-05
9079,مرصدٖ,1,1.2915057665732477e-05
9080,فخلوا,1,1.2915057665732477e-05
9081,سبيلهم,1,1.2915057665732477e-05
9082,ٱستجارك,1,1.2915057665732477e-05
9083,أبلغه,1,1.2915057665732477e-05
9084,مأمنه,1,1.2915057665732477e-05
9085,رسولهٓ,1,1.2915057665732477e-05
9086,فٱستقيموا,1,1.2915057665732477e-05
9087,يرقبوا,1,1.2915057665732477e-05
9088,يرضونكم,1,1.2915057665732477e-05
9089,وتأبى,1,1.2915057665732477e-05
9090,سبيلهٓ,1,1.2915057665732477e-05
9091,يرقبون,1,1.2915057665732477e-05
9092,ٱلمعتدون,1,1.2915057665732477e-05
9093,ونفصل,1,1.2915057665732477e-05
9094,وطعنوا,1,1.2915057665732477e-05
9095,أئمة,1,1.2915057665732477e-05
9096,ينتهون,1,1.2915057665732477e-05
9097,بإخراج,1,1.2915057665732477e-05
9098,بدءوكم,1,1.2915057665732477e-05
9099,أتخشونهم,1,1.2915057665732477e-05
9100,تخشوه,1,1.2915057665732477e-05
9101,قتلوهم,1,1.2915057665732477e-05
9102,ويخزهم,1,1.2915057665732477e-05
9103,وينصركم,1,1.2915057665732477e-05
9104,ويشف,1,1.2915057665732477e-05
9105,غيظ,1,1.2915057665732477e-05
9106,تتركوا,1,1.2915057665732477e-05
9107,وليجةٗ,1,1.2915057665732477e-05
9108,يعمروا,1,1.2915057665732477e-05
9109,يخش,1,1.2915057665732477e-05
9110,أجعلتم,1,1.2915057665732477e-05
9111,سقاية,1,1.2915057665732477e-05
9112,ٱلحآج,1,1.2915057665732477e-05
9113,وعمارة,1,1.2915057665732477e-05
9114,وجهد,1,1.2915057665732477e-05
9115,درجة,1,1.2915057665732477e-05
9116,يبشرهم,1,1.2915057665732477e-05
9117,ورضونٖ,1,1.2915057665732477e-05
9118,نعيمٞ,1,1.2915057665732477e-05
9119,وعشيرتكم,1,1.2915057665732477e-05
9120,وأمول,1,1.2915057665732477e-05
9121,ٱقترفتموها,1,1.2915057665732477e-05
9122,وتجرةٞ,1,1.2915057665732477e-05
9123,تخشون,1,1.2915057665732477e-05
9124,كسادها,1,1.2915057665732477e-05
9125,ترضونهآ,1,1.2915057665732477e-05
9126,وجهادٖ,1,1.2915057665732477e-05
9127,مواطن,1,1.2915057665732477e-05
9128,حنين,1,1.2915057665732477e-05
9129,كثرتكم,1,1.2915057665732477e-05
9130,جنودٗا,1,1.2915057665732477e-05
9131,وعذب,1,1.2915057665732477e-05
9132,نجسٞ,1,1.2915057665732477e-05
9133,يقربوا,1,1.2915057665732477e-05
9134,عامهم,1,1.2915057665732477e-05
9135,عيلةٗ,1,1.2915057665732477e-05
9136,يغنيكم,1,1.2915057665732477e-05
9137,يحرمون,1,1.2915057665732477e-05
9138,يدينون,1,1.2915057665732477e-05
9139,ٱلجزية,1,1.2915057665732477e-05
9140,يدٖ,1,1.2915057665732477e-05
9141,عزير,1,1.2915057665732477e-05
9142,يضهٔون,1,1.2915057665732477e-05
9143,أحبارهم,1,1.2915057665732477e-05
9144,ورهبنهم,1,1.2915057665732477e-05
9145,وٱلمسيح,1,1.2915057665732477e-05
9146,ليعبدوٓا,1,1.2915057665732477e-05
9147,يطفٔوا,1,1.2915057665732477e-05
9148,ويأبى,1,1.2915057665732477e-05
9149,ٱلأحبار,1,1.2915057665732477e-05
9150,وٱلرهبان,1,1.2915057665732477e-05
9151,يكنزون,1,1.2915057665732477e-05
9152,ينفقونها,1,1.2915057665732477e-05
9153,يحمى,1,1.2915057665732477e-05
9154,فتكوى,1,1.2915057665732477e-05
9155,جباههم,1,1.2915057665732477e-05
9156,وجنوبهم,1,1.2915057665732477e-05
9157,وظهورهم,1,1.2915057665732477e-05
9158,كنزتم,1,1.2915057665732477e-05
9159,تكنزون,1,1.2915057665732477e-05
9160,ٱلشهور,1,1.2915057665732477e-05
9161,ٱثنا,1,1.2915057665732477e-05
9162,شهرٗا,1,1.2915057665732477e-05
9163,تظلموا,1,1.2915057665732477e-05
9164,ٱلنسيٓء,1,1.2915057665732477e-05
9165,زيادةٞ,1,1.2915057665732477e-05
9166,يحلونه,1,1.2915057665732477e-05
9167,ويحرمونه,1,1.2915057665732477e-05
9168,ليواطٔوا,1,1.2915057665732477e-05
9169,فيحلوا,1,1.2915057665732477e-05
9170,ٱثاقلتم,1,1.2915057665732477e-05
9171,أرضيتم,1,1.2915057665732477e-05
9172,قليل,1,1.2915057665732477e-05
9173,ويستبدل,1,1.2915057665732477e-05
9174,تضروه,1,1.2915057665732477e-05
9175,تنصروه,1,1.2915057665732477e-05
9176,نصره,1,1.2915057665732477e-05
9177,أخرجه,1,1.2915057665732477e-05
9178,هما,1,1.2915057665732477e-05
9179,ٱلغار,1,1.2915057665732477e-05
9180,وأيده,1,1.2915057665732477e-05
9181,ٱلسفلى,1,1.2915057665732477e-05
9182,وكلمة,1,1.2915057665732477e-05
9183,ٱلعليا,1,1.2915057665732477e-05
9184,خفافٗا,1,1.2915057665732477e-05
9185,وثقالٗا,1,1.2915057665732477e-05
9186,عرضٗا,1,1.2915057665732477e-05
9187,وسفرٗا,1,1.2915057665732477e-05
9188,قاصدٗا,1,1.2915057665732477e-05
9189,لٱتبعوك,1,1.2915057665732477e-05
9190,ٱلشقة,1,1.2915057665732477e-05
9191,وسيحلفون,1,1.2915057665732477e-05
9192,ٱستطعنا,1,1.2915057665732477e-05
9193,لخرجنا,1,1.2915057665732477e-05
9194,أذنت,1,1.2915057665732477e-05
9195,وتعلم,1,1.2915057665732477e-05
9196,وٱرتابت,1,1.2915057665732477e-05
9197,ريبهم,1,1.2915057665732477e-05
9198,يترددون,1,1.2915057665732477e-05
9199,أرادوا,1,1.2915057665732477e-05
9200,لأعدوا,1,1.2915057665732477e-05
9201,عدةٗ,1,1.2915057665732477e-05
9202,ٱنبعاثهم,1,1.2915057665732477e-05
9203,فثبطهم,1,1.2915057665732477e-05
9204,ٱقعدوا,1,1.2915057665732477e-05
9205,زادوكم,1,1.2915057665732477e-05
9206,ولأوضعوا,1,1.2915057665732477e-05
9207,خللكم,1,1.2915057665732477e-05
9208,يبغونكم,1,1.2915057665732477e-05
9209,ٱبتغوا,1,1.2915057665732477e-05
9210,وقلبوا,1,1.2915057665732477e-05
9211,وظهر,1,1.2915057665732477e-05
9212,ٱئذن,1,1.2915057665732477e-05
9213,تفتنيٓ,1,1.2915057665732477e-05
9214,سقطوا,1,1.2915057665732477e-05
9215,ويتولوا,1,1.2915057665732477e-05
9216,يصيبنآ,1,1.2915057665732477e-05
9217,تربصون,1,1.2915057665732477e-05
9218,بنآ,1,1.2915057665732477e-05
9219,ٱلحسنيين,1,1.2915057665732477e-05
9220,بأيدينا,1,1.2915057665732477e-05
9221,فتربصوٓا,1,1.2915057665732477e-05
9222,متربصون,1,1.2915057665732477e-05
9223,منعهم,1,1.2915057665732477e-05
9224,نفقتهم,1,1.2915057665732477e-05
9225,وبرسوله,1,1.2915057665732477e-05
9226,لمنكم,1,1.2915057665732477e-05
9227,ولكنهم,1,1.2915057665732477e-05
9228,ملجٔا,1,1.2915057665732477e-05
9229,مغرت,1,1.2915057665732477e-05
9230,يجمحون,1,1.2915057665732477e-05
9231,يلمزك,1,1.2915057665732477e-05
9232,أعطوا,1,1.2915057665732477e-05
9233,يسخطون,1,1.2915057665732477e-05
9234,سيؤتينا,1,1.2915057665732477e-05
9235,وٱلعملين,1,1.2915057665732477e-05
9236,وٱلمؤلفة,1,1.2915057665732477e-05
9237,وٱلغرمين,1,1.2915057665732477e-05
9238,ليرضوكم,1,1.2915057665732477e-05
9239,يرضوه,1,1.2915057665732477e-05
9240,يحادد,1,1.2915057665732477e-05
9241,تنبئهم,1,1.2915057665732477e-05
9242,ٱستهزءوٓا,1,1.2915057665732477e-05
9243,تحذرون,1,1.2915057665732477e-05
9244,ونلعب,1,1.2915057665732477e-05
9245,أبٱلله,1,1.2915057665732477e-05
9246,تستهزءون,1,1.2915057665732477e-05
9247,نعف,1,1.2915057665732477e-05
9248,نعذب,1,1.2915057665732477e-05
9249,بٱلمنكر,1,1.2915057665732477e-05
9250,ٱلمعروف,1,1.2915057665732477e-05
9251,ويقبضون,1,1.2915057665732477e-05
9252,فنسيهم,1,1.2915057665732477e-05
9253,فٱستمتعوا,1,1.2915057665732477e-05
9254,فٱستمتعتم,1,1.2915057665732477e-05
9255,بخلقكم,1,1.2915057665732477e-05
9256,وخضتم,1,1.2915057665732477e-05
9257,خاضوٓا,1,1.2915057665732477e-05
9258,أتتهم,1,1.2915057665732477e-05
9259,ويطيعون,1,1.2915057665732477e-05
9260,سيرحمهم,1,1.2915057665732477e-05
9261,إسلمهم,1,1.2915057665732477e-05
9262,نقموٓا,1,1.2915057665732477e-05
9263,أغنىهم,1,1.2915057665732477e-05
9264,يتولوا,1,1.2915057665732477e-05
9265,ءاتىنا,1,1.2915057665732477e-05
9266,لنصدقن,1,1.2915057665732477e-05
9267,ولنكونن,1,1.2915057665732477e-05
9268,فأعقبهم,1,1.2915057665732477e-05
9269,نفاقٗا,1,1.2915057665732477e-05
9270,أخلفوا,1,1.2915057665732477e-05
9271,وعدوه,1,1.2915057665732477e-05
9272,يلمزون,1,1.2915057665732477e-05
9273,ٱلمطوعين,1,1.2915057665732477e-05
9274,جهدهم,1,1.2915057665732477e-05
9275,فيسخرون,1,1.2915057665732477e-05
9276,مرةٗ,1,1.2915057665732477e-05
9277,بمقعدهم,1,1.2915057665732477e-05
9278,وكرهوٓا,1,1.2915057665732477e-05
9279,حرٗا,1,1.2915057665732477e-05
9280,فليضحكوا,1,1.2915057665732477e-05
9281,وليبكوا,1,1.2915057665732477e-05
9282,رجعك,1,1.2915057665732477e-05
9283,فٱستٔذنوك,1,1.2915057665732477e-05
9284,للخروج,1,1.2915057665732477e-05
9285,تخرجوا,1,1.2915057665732477e-05
9286,رضيتم,1,1.2915057665732477e-05
9287,بٱلقعود,1,1.2915057665732477e-05
9288,فٱقعدوا,1,1.2915057665732477e-05
9289,ٱلخلفين,1,1.2915057665732477e-05
9290,قبرهٓ,1,1.2915057665732477e-05
9291,وأولدهم,1,1.2915057665732477e-05
9292,ٱستٔذنك,1,1.2915057665732477e-05
9293,ذرنا,1,1.2915057665732477e-05
9294,ٱلمعذرون,1,1.2915057665732477e-05
9295,ليؤذن,1,1.2915057665732477e-05
9296,وقعد,1,1.2915057665732477e-05
9297,ٱلضعفآء,1,1.2915057665732477e-05
9298,ٱلمرضى,1,1.2915057665732477e-05
9299,حرج,1,1.2915057665732477e-05
9300,نصحوا,1,1.2915057665732477e-05
9301,أتوك,1,1.2915057665732477e-05
9302,لتحملهم,1,1.2915057665732477e-05
9303,أحملكم,1,1.2915057665732477e-05
9304,وأعينهم,1,1.2915057665732477e-05
9305,حزنا,1,1.2915057665732477e-05
9306,يعتذرون,1,1.2915057665732477e-05
9307,نبأنا,1,1.2915057665732477e-05
9308,وسيرى,1,1.2915057665732477e-05
9309,سيحلفون,1,1.2915057665732477e-05
9310,لتعرضوا,1,1.2915057665732477e-05
9311,لترضوا,1,1.2915057665732477e-05
9312,ونفاقٗا,1,1.2915057665732477e-05
9313,وأجدر,1,1.2915057665732477e-05
9314,يعلموا,1,1.2915057665732477e-05
9315,مغرمٗا,1,1.2915057665732477e-05
9316,ويتربص,1,1.2915057665732477e-05
9317,ٱلدوآئر,1,1.2915057665732477e-05
9318,قربت,1,1.2915057665732477e-05
9319,وصلوت,1,1.2915057665732477e-05
9320,قربةٞ,1,1.2915057665732477e-05
9321,سيدخلهم,1,1.2915057665732477e-05
9322,ٱتبعوهم,1,1.2915057665732477e-05
9323,منفقون,1,1.2915057665732477e-05
9324,مردوا,1,1.2915057665732477e-05
9325,ٱلنفاق,1,1.2915057665732477e-05
9326,تعلمهم,1,1.2915057665732477e-05
9327,نعلمهم,1,1.2915057665732477e-05
9328,سنعذبهم,1,1.2915057665732477e-05
9329,ٱعترفوا,1,1.2915057665732477e-05
9330,خلطوا,1,1.2915057665732477e-05
9331,سيئا,1,1.2915057665732477e-05
9332,تطهرهم,1,1.2915057665732477e-05
9333,وتزكيهم,1,1.2915057665732477e-05
9334,وصل,1,1.2915057665732477e-05
9335,صلوتك,1,1.2915057665732477e-05
9336,سكنٞ,1,1.2915057665732477e-05
9337,ويأخذ,1,1.2915057665732477e-05
9338,فسيرى,1,1.2915057665732477e-05
9339,وستردون,1,1.2915057665732477e-05
9340,مرجون,1,1.2915057665732477e-05
9341,لأمر,1,1.2915057665732477e-05
9342,وتفريقا,1,1.2915057665732477e-05
9343,وإرصادٗا,1,1.2915057665732477e-05
9344,حارب,1,1.2915057665732477e-05
9345,وليحلفن,1,1.2915057665732477e-05
9346,لمسجد,1,1.2915057665732477e-05
9347,يتطهروا,1,1.2915057665732477e-05
9348,ٱلمطهرين,1,1.2915057665732477e-05
9349,ورضون,1,1.2915057665732477e-05
9350,جرف,1,1.2915057665732477e-05
9351,هارٖ,1,1.2915057665732477e-05
9352,فٱنهار,1,1.2915057665732477e-05
9353,بنوا,1,1.2915057665732477e-05
9354,ريبةٗ,1,1.2915057665732477e-05
9355,ٱشترى,1,1.2915057665732477e-05
9356,فيقتلون,1,1.2915057665732477e-05
9357,فٱستبشروا,1,1.2915057665732477e-05
9358,ببيعكم,1,1.2915057665732477e-05
9359,بايعتم,1,1.2915057665732477e-05
9360,ٱلتٓئبون,1,1.2915057665732477e-05
9361,ٱلعبدون,1,1.2915057665732477e-05
9362,ٱلحمدون,1,1.2915057665732477e-05
9363,ٱلسٓئحون,1,1.2915057665732477e-05
9364,ٱلركعون,1,1.2915057665732477e-05
9365,ٱلسجدون,1,1.2915057665732477e-05
9366,ٱلأٓمرون,1,1.2915057665732477e-05
9367,وٱلناهون,1,1.2915057665732477e-05
9368,وٱلحفظون,1,1.2915057665732477e-05
9369,لحدود,1,1.2915057665732477e-05
9370,يستغفروا,1,1.2915057665732477e-05
9371,ٱستغفار,1,1.2915057665732477e-05
9372,موعدةٖ,1,1.2915057665732477e-05
9373,وعدهآ,1,1.2915057665732477e-05
9374,لأوه,1,1.2915057665732477e-05
9375,ساعة,1,1.2915057665732477e-05
9376,ٱلعسرة,1,1.2915057665732477e-05
9377,يزيغ,1,1.2915057665732477e-05
9378,فريقٖ,1,1.2915057665732477e-05
9379,ٱلثلثة,1,1.2915057665732477e-05
9380,خلفوا,1,1.2915057665732477e-05
9381,ضاقت,1,1.2915057665732477e-05
9382,ملجأ,1,1.2915057665732477e-05
9383,ليتوبوٓا,1,1.2915057665732477e-05
9384,وكونوا,1,1.2915057665732477e-05
9385,لأهل,1,1.2915057665732477e-05
9386,يتخلفوا,1,1.2915057665732477e-05
9387,يرغبوا,1,1.2915057665732477e-05
9388,ظمأٞ,1,1.2915057665732477e-05
9389,مخمصةٞ,1,1.2915057665732477e-05
9390,يطٔون,1,1.2915057665732477e-05
9391,موطئٗا,1,1.2915057665732477e-05
9392,ينالون,1,1.2915057665732477e-05
9393,نيلا,1,1.2915057665732477e-05
9394,نفقةٗ,1,1.2915057665732477e-05
9395,كبيرةٗ,1,1.2915057665732477e-05
9396,يقطعون,1,1.2915057665732477e-05
9397,واديا,1,1.2915057665732477e-05
9398,لينفروا,1,1.2915057665732477e-05
9399,نفر,1,1.2915057665732477e-05
9400,فرقةٖ,1,1.2915057665732477e-05
9401,ليتفقهوا,1,1.2915057665732477e-05
9402,يلونكم,1,1.2915057665732477e-05
9403,وليجدوا,1,1.2915057665732477e-05
9404,غلظةٗ,1,1.2915057665732477e-05
9405,زادته,1,1.2915057665732477e-05
9406,رجسا,1,1.2915057665732477e-05
9407,رجسهم,1,1.2915057665732477e-05
9408,ٱنصرفوا,1,1.2915057665732477e-05
9409,صرف,1,1.2915057665732477e-05
9410,حريص,1,1.2915057665732477e-05
9411,أكان,1,1.2915057665732477e-05
9412,إذنه,1,1.2915057665732477e-05
9413,ضيآءٗ,1,1.2915057665732477e-05
9414,وقدره,1,1.2915057665732477e-05
9415,لتعلموا,1,1.2915057665732477e-05
9416,وٱطمأنوا,1,1.2915057665732477e-05
9417,بإيمنهم,1,1.2915057665732477e-05
9418,وتحيتهم,1,1.2915057665732477e-05
9419,يعجل,1,1.2915057665732477e-05
9420,ٱستعجالهم,1,1.2915057665732477e-05
9421,فنذر,1,1.2915057665732477e-05
9422,لجنبهٓ,1,1.2915057665732477e-05
9423,قاعدا,1,1.2915057665732477e-05
9424,ضره,1,1.2915057665732477e-05
9425,يدعنآ,1,1.2915057665732477e-05
9426,لننظر,1,1.2915057665732477e-05
9427,بقرءان,1,1.2915057665732477e-05
9428,أبدله,1,1.2915057665732477e-05
9429,تلقآيٕ,1,1.2915057665732477e-05
9430,تلوته,1,1.2915057665732477e-05
9431,أدرىكم,1,1.2915057665732477e-05
9432,عمرٗا,1,1.2915057665732477e-05
9433,شفعٓؤنا,1,1.2915057665732477e-05
9434,أتنبٔون,1,1.2915057665732477e-05
9435,فٱختلفوا,1,1.2915057665732477e-05
9436,مكرٞ,1,1.2915057665732477e-05
9437,مكرا,1,1.2915057665732477e-05
9438,تمكرون,1,1.2915057665732477e-05
9439,يسيركم,1,1.2915057665732477e-05
9440,وجرين,1,1.2915057665732477e-05
9441,طيبةٖ,1,1.2915057665732477e-05
9442,جآءتها,1,1.2915057665732477e-05
9443,عاصفٞ,1,1.2915057665732477e-05
9444,أحيط,1,1.2915057665732477e-05
9445,أنجيتنا,1,1.2915057665732477e-05
9446,أنجىهم,1,1.2915057665732477e-05
9447,بغيكم,1,1.2915057665732477e-05
9448,فننبئكم,1,1.2915057665732477e-05
9449,زخرفها,1,1.2915057665732477e-05
9450,وٱزينت,1,1.2915057665732477e-05
9451,قدرون,1,1.2915057665732477e-05
9452,أتىهآ,1,1.2915057665732477e-05
9453,حصيدٗا,1,1.2915057665732477e-05
9454,وزيادةٞ,1,1.2915057665732477e-05
9455,يرهق,1,1.2915057665732477e-05
9456,قترٞ,1,1.2915057665732477e-05
9457,ذلة,1,1.2915057665732477e-05
9458,بمثلها,1,1.2915057665732477e-05
9459,وترهقهم,1,1.2915057665732477e-05
9460,كأنمآ,1,1.2915057665732477e-05
9461,أغشيت,1,1.2915057665732477e-05
9462,قطعٗا,1,1.2915057665732477e-05
9463,مظلما,1,1.2915057665732477e-05
9464,مكانكم,1,1.2915057665732477e-05
9465,وشركآؤكم,1,1.2915057665732477e-05
9466,فزيلنا,1,1.2915057665732477e-05
9467,فكفى,1,1.2915057665732477e-05
9468,عبادتكم,1,1.2915057665732477e-05
9469,تبلوا,1,1.2915057665732477e-05
9470,أسلفت,1,1.2915057665732477e-05
9471,وردوٓا,1,1.2915057665732477e-05
9472,فذلكم,1,1.2915057665732477e-05
9473,فسقوٓا,1,1.2915057665732477e-05
9474,يهدى,1,1.2915057665732477e-05
9475,ظنا,1,1.2915057665732477e-05
9476,يحيطوا,1,1.2915057665732477e-05
9477,عملي,1,1.2915057665732477e-05
9478,بريٓٔون,1,1.2915057665732477e-05
9479,يتعارفون,1,1.2915057665732477e-05
9480,عذابه,1,1.2915057665732477e-05
9481,أثم,1,1.2915057665732477e-05
9482,ويستنبٔونك,1,1.2915057665732477e-05
9483,إي,1,1.2915057665732477e-05
9484,وربيٓ,1,1.2915057665732477e-05
9485,لٱفتدت,1,1.2915057665732477e-05
9486,بفضل,1,1.2915057665732477e-05
9487,وبرحمته,1,1.2915057665732477e-05
9488,فبذلك,1,1.2915057665732477e-05
9489,فليفرحوا,1,1.2915057665732477e-05
9490,فجعلتم,1,1.2915057665732477e-05
9491,حرامٗا,1,1.2915057665732477e-05
9492,وحللٗا,1,1.2915057665732477e-05
9493,قرءانٖ,1,1.2915057665732477e-05
9494,شهودا,1,1.2915057665732477e-05
9495,نذيقهم,1,1.2915057665732477e-05
9496,وتذكيري,1,1.2915057665732477e-05
9497,فعلى,1,1.2915057665732477e-05
9498,فأجمعوٓا,1,1.2915057665732477e-05
9499,وشركآءكم,1,1.2915057665732477e-05
9500,غمةٗ,1,1.2915057665732477e-05
9501,ٱقضوٓا,1,1.2915057665732477e-05
9502,نطبع,1,1.2915057665732477e-05
9503,أسحر,1,1.2915057665732477e-05
9504,ٱلسحرون,1,1.2915057665732477e-05
9505,لتلفتنا,1,1.2915057665732477e-05
9506,سيبطلهٓ,1,1.2915057665732477e-05
9507,لموسىٓ,1,1.2915057665732477e-05
9508,خوفٖ,1,1.2915057665732477e-05
9509,وملإيهم,1,1.2915057665732477e-05
9510,يفتنهم,1,1.2915057665732477e-05
9511,لعالٖ,1,1.2915057665732477e-05
9512,توكلوٓا,1,1.2915057665732477e-05
9513,ونجنا,1,1.2915057665732477e-05
9514,تبوءا,1,1.2915057665732477e-05
9515,لقومكما,1,1.2915057665732477e-05
9516,بمصر,1,1.2915057665732477e-05
9517,وٱجعلوا,1,1.2915057665732477e-05
9518,وملأه,1,1.2915057665732477e-05
9519,وأمولٗا,1,1.2915057665732477e-05
9520,ٱطمس,1,1.2915057665732477e-05
9521,وٱشدد,1,1.2915057665732477e-05
9522,أجيبت,1,1.2915057665732477e-05
9523,دعوتكما,1,1.2915057665732477e-05
9524,فٱستقيما,1,1.2915057665732477e-05
9525,تتبعآن,1,1.2915057665732477e-05
9526,وعدوا,1,1.2915057665732477e-05
9527,أدركه,1,1.2915057665732477e-05
9528,ٱلغرق,1,1.2915057665732477e-05
9529,بنوٓا,1,1.2915057665732477e-05
9530,ننجيك,1,1.2915057665732477e-05
9531,ببدنك,1,1.2915057665732477e-05
9532,لغفلون,1,1.2915057665732477e-05
9533,مبوأ,1,1.2915057665732477e-05
9534,فنفعهآ,1,1.2915057665732477e-05
9535,إيمنهآ,1,1.2915057665732477e-05
9536,ومتعنهم,1,1.2915057665732477e-05
9537,لأٓمن,1,1.2915057665732477e-05
9538,تكره,1,1.2915057665732477e-05
9539,وٱلنذر,1,1.2915057665732477e-05
9540,ينتظرون,1,1.2915057665732477e-05
9541,ننج,1,1.2915057665732477e-05
9542,ينفعك,1,1.2915057665732477e-05
9543,يضرك,1,1.2915057665732477e-05
9544,يردك,1,1.2915057665732477e-05
9545,رآد,1,1.2915057665732477e-05
9546,لفضله,1,1.2915057665732477e-05
9547,يصيب,1,1.2915057665732477e-05
9548,أحكمت,1,1.2915057665732477e-05
9549,يمتعكم,1,1.2915057665732477e-05
9550,يثنون,1,1.2915057665732477e-05
9551,ليستخفوا,1,1.2915057665732477e-05
9552,يستغشون,1,1.2915057665732477e-05
9553,مستقرها,1,1.2915057665732477e-05
9554,ومستودعها,1,1.2915057665732477e-05
9555,عرشه,1,1.2915057665732477e-05
9556,أخرنا,1,1.2915057665732477e-05
9557,يحبسهٓ,1,1.2915057665732477e-05
9558,مصروفا,1,1.2915057665732477e-05
9559,نزعنها,1,1.2915057665732477e-05
9560,لئوسٞ,1,1.2915057665732477e-05
9561,نعمآء,1,1.2915057665732477e-05
9562,عنيٓ,1,1.2915057665732477e-05
9563,لفرحٞ,1,1.2915057665732477e-05
9564,تارك,1,1.2915057665732477e-05
9565,وضآئق,1,1.2915057665732477e-05
9566,وكيل,1,1.2915057665732477e-05
9567,بعشر,1,1.2915057665732477e-05
9568,سورٖ,1,1.2915057665732477e-05
9569,مفتريتٖ,1,1.2915057665732477e-05
9570,فإلم,1,1.2915057665732477e-05
9571,نوف,1,1.2915057665732477e-05
9572,يبخسون,1,1.2915057665732477e-05
9573,وحبط,1,1.2915057665732477e-05
9574,ويتلوه,1,1.2915057665732477e-05
9575,موعده,1,1.2915057665732477e-05
9576,وأخبتوٓا,1,1.2915057665732477e-05
9577,كٱلأعمى,1,1.2915057665732477e-05
9578,وٱلأصم,1,1.2915057665732477e-05
9579,وٱلسميع,1,1.2915057665732477e-05
9580,أراذلنا,1,1.2915057665732477e-05
9581,بادي,1,1.2915057665732477e-05
9582,ٱلرأي,1,1.2915057665732477e-05
9583,نظنكم,1,1.2915057665732477e-05
9584,أنلزمكموها,1,1.2915057665732477e-05
9585,مالا,1,1.2915057665732477e-05
9586,طردتهم,1,1.2915057665732477e-05
9587,تزدريٓ,1,1.2915057665732477e-05
9588,جدلتنا,1,1.2915057665732477e-05
9589,فأكثرت,1,1.2915057665732477e-05
9590,جدلنا,1,1.2915057665732477e-05
9591,نصحيٓ,1,1.2915057665732477e-05
9592,أردت,1,1.2915057665732477e-05
9593,أنصح,1,1.2915057665732477e-05
9594,يغويكم,1,1.2915057665732477e-05
9595,فعلي,1,1.2915057665732477e-05
9596,إجرامي,1,1.2915057665732477e-05
9597,تجرمون,1,1.2915057665732477e-05
9598,وٱصنع,1,1.2915057665732477e-05
9599,ويصنع,1,1.2915057665732477e-05
9600,وكلما,1,1.2915057665732477e-05
9601,ملأٞ,1,1.2915057665732477e-05
9602,تسخروا,1,1.2915057665732477e-05
9603,نسخر,1,1.2915057665732477e-05
9604,تسخرون,1,1.2915057665732477e-05
9605,ٱحمل,1,1.2915057665732477e-05
9606,ٱركبوا,1,1.2915057665732477e-05
9607,مجرٜىها,1,1.2915057665732477e-05
9608,ومرسىهآ,1,1.2915057665732477e-05
9609,موجٖ,1,1.2915057665732477e-05
9610,كٱلجبال,1,1.2915057665732477e-05
9611,ٱبنه,1,1.2915057665732477e-05
9612,معزلٖ,1,1.2915057665732477e-05
9613,ٱركب,1,1.2915057665732477e-05
9614,سٔاويٓ,1,1.2915057665732477e-05
9615,يعصمني,1,1.2915057665732477e-05
9616,عاصم,1,1.2915057665732477e-05
9617,وحال,1,1.2915057665732477e-05
9618,ٱلمغرقين,1,1.2915057665732477e-05
9619,يٓأرض,1,1.2915057665732477e-05
9620,ٱبلعي,1,1.2915057665732477e-05
9621,مآءك,1,1.2915057665732477e-05
9622,ويسمآء,1,1.2915057665732477e-05
9623,أقلعي,1,1.2915057665732477e-05
9624,وغيض,1,1.2915057665732477e-05
9625,وٱستوت,1,1.2915057665732477e-05
9626,ٱلجودي,1,1.2915057665732477e-05
9627,وعدك,1,1.2915057665732477e-05
9628,أحكم,1,1.2915057665732477e-05
9629,تسٔلن,1,1.2915057665732477e-05
9630,أعظك,1,1.2915057665732477e-05
9631,أسٔلك,1,1.2915057665732477e-05
9632,وترحمنيٓ,1,1.2915057665732477e-05
9633,ٱهبط,1,1.2915057665732477e-05
9634,وبركت,1,1.2915057665732477e-05
9635,وأممٞ,1,1.2915057665732477e-05
9636,سنمتعهم,1,1.2915057665732477e-05
9637,نوحيهآ,1,1.2915057665732477e-05
9638,تعلمهآ,1,1.2915057665732477e-05
9639,مفترون,1,1.2915057665732477e-05
9640,فطرنيٓ,1,1.2915057665732477e-05
9641,ويزدكم,1,1.2915057665732477e-05
9642,قوتكم,1,1.2915057665732477e-05
9643,يهود,1,1.2915057665732477e-05
9644,بتاركيٓ,1,1.2915057665732477e-05
9645,قولك,1,1.2915057665732477e-05
9646,ٱعترىك,1,1.2915057665732477e-05
9647,وٱشهدوٓا,1,1.2915057665732477e-05
9648,فكيدوني,1,1.2915057665732477e-05
9649,ءاخذ,1,1.2915057665732477e-05
9650,بناصيتهآ,1,1.2915057665732477e-05
9651,تضرونه,1,1.2915057665732477e-05
9652,ونجينهم,1,1.2915057665732477e-05
9653,جحدوا,1,1.2915057665732477e-05
9654,عادٗا,1,1.2915057665732477e-05
9655,لعادٖ,1,1.2915057665732477e-05
9656,هودٖ,1,1.2915057665732477e-05
9657,وٱستعمركم,1,1.2915057665732477e-05
9658,فٱستغفروه,1,1.2915057665732477e-05
9659,مجيبٞ,1,1.2915057665732477e-05
9660,مرجوٗا,1,1.2915057665732477e-05
9661,أتنهىنآ,1,1.2915057665732477e-05
9662,وإننا,1,1.2915057665732477e-05
9663,عصيته,1,1.2915057665732477e-05
9664,تزيدونني,1,1.2915057665732477e-05
9665,تخسيرٖ,1,1.2915057665732477e-05
9666,داركم,1,1.2915057665732477e-05
9667,مكذوبٖ,1,1.2915057665732477e-05
9668,خزي,1,1.2915057665732477e-05
9669,ثمودا,1,1.2915057665732477e-05
9670,لثمود,1,1.2915057665732477e-05
9671,لبث,1,1.2915057665732477e-05
9672,بعجل,1,1.2915057665732477e-05
9673,حنيذٖ,1,1.2915057665732477e-05
9674,رءآ,1,1.2915057665732477e-05
9675,نكرهم,1,1.2915057665732477e-05
9676,وأوجس,1,1.2915057665732477e-05
9677,فضحكت,1,1.2915057665732477e-05
9678,فبشرنها,1,1.2915057665732477e-05
9679,ءألد,1,1.2915057665732477e-05
9680,عجوزٞ,1,1.2915057665732477e-05
9681,بعلي,1,1.2915057665732477e-05
9682,شيخا,1,1.2915057665732477e-05
9683,عجيبٞ,1,1.2915057665732477e-05
9684,أتعجبين,1,1.2915057665732477e-05
9685,وبركته,1,1.2915057665732477e-05
9686,ٱلروع,1,1.2915057665732477e-05
9687,وجآءته,1,1.2915057665732477e-05
9688,يجدلنا,1,1.2915057665732477e-05
9689,لحليم,1,1.2915057665732477e-05
9690,أوهٞ,1,1.2915057665732477e-05
9691,منيبٞ,1,1.2915057665732477e-05
9692,ءاتيهم,1,1.2915057665732477e-05
9693,مردودٖ,1,1.2915057665732477e-05
9694,عصيبٞ,1,1.2915057665732477e-05
9695,وجآءه,1,1.2915057665732477e-05
9696,بناتي,1,1.2915057665732477e-05
9697,ضيفيٓ,1,1.2915057665732477e-05
9698,رشيدٞ,1,1.2915057665732477e-05
9699,بناتك,1,1.2915057665732477e-05
9700,لتعلم,1,1.2915057665732477e-05
9701,ءاويٓ,1,1.2915057665732477e-05
9702,ركنٖ,1,1.2915057665732477e-05
9703,يصلوٓا,1,1.2915057665732477e-05
9704,مصيبها,1,1.2915057665732477e-05
9705,بقريبٖ,1,1.2915057665732477e-05
9706,تنقصوا,1,1.2915057665732477e-05
9707,محيطٖ,1,1.2915057665732477e-05
9708,بقيت,1,1.2915057665732477e-05
9709,أصلوتك,1,1.2915057665732477e-05
9710,تأمرك,1,1.2915057665732477e-05
9711,نترك,1,1.2915057665732477e-05
9712,ءابآؤنآ,1,1.2915057665732477e-05
9713,نشٓؤا,1,1.2915057665732477e-05
9714,ٱلحليم,1,1.2915057665732477e-05
9715,ٱلرشيد,1,1.2915057665732477e-05
9716,ورزقني,1,1.2915057665732477e-05
9717,أخالفكم,1,1.2915057665732477e-05
9718,أنهىكم,1,1.2915057665732477e-05
9719,ٱلإصلح,1,1.2915057665732477e-05
9720,توفيقيٓ,1,1.2915057665732477e-05
9721,شقاقيٓ,1,1.2915057665732477e-05
9722,ودودٞ,1,1.2915057665732477e-05
9723,نفقه,1,1.2915057665732477e-05
9724,رهطك,1,1.2915057665732477e-05
9725,لرجمنك,1,1.2915057665732477e-05
9726,أرهطيٓ,1,1.2915057665732477e-05
9727,أعز,1,1.2915057665732477e-05
9728,وٱتخذتموه,1,1.2915057665732477e-05
9729,ظهريا,1,1.2915057665732477e-05
9730,وٱرتقبوٓا,1,1.2915057665732477e-05
9731,رقيبٞ,1,1.2915057665732477e-05
9732,وأخذت,1,1.2915057665732477e-05
9733,لمدين,1,1.2915057665732477e-05
9734,فٱتبعوٓا,1,1.2915057665732477e-05
9735,برشيدٖ,1,1.2915057665732477e-05
9736,يقدم,1,1.2915057665732477e-05
9737,فأوردهم,1,1.2915057665732477e-05
9738,ٱلورد,1,1.2915057665732477e-05
9739,ٱلمورود,1,1.2915057665732477e-05
9740,ٱلرفد,1,1.2915057665732477e-05
9741,ٱلمرفود,1,1.2915057665732477e-05
9742,نقصه,1,1.2915057665732477e-05
9743,وحصيدٞ,1,1.2915057665732477e-05
9744,أغنت,1,1.2915057665732477e-05
9745,زادوهم,1,1.2915057665732477e-05
9746,تتبيبٖ,1,1.2915057665732477e-05
9747,ظلمة,1,1.2915057665732477e-05
9748,أخذهٓ,1,1.2915057665732477e-05
9749,مجموعٞ,1,1.2915057665732477e-05
9750,مشهودٞ,1,1.2915057665732477e-05
9751,نؤخرهٓ,1,1.2915057665732477e-05
9752,معدودٖ,1,1.2915057665732477e-05
9753,شقيٞ,1,1.2915057665732477e-05
9754,وسعيدٞ,1,1.2915057665732477e-05
9755,شقوا,1,1.2915057665732477e-05
9756,وشهيق,1,1.2915057665732477e-05
9757,سعدوا,1,1.2915057665732477e-05
9758,مجذوذٖ,1,1.2915057665732477e-05
9759,لموفوهم,1,1.2915057665732477e-05
9760,منقوصٖ,1,1.2915057665732477e-05
9761,ليوفينهم,1,1.2915057665732477e-05
9762,فٱستقم,1,1.2915057665732477e-05
9763,تركنوٓا,1,1.2915057665732477e-05
9764,فتمسكم,1,1.2915057665732477e-05
9765,طرفي,1,1.2915057665732477e-05
9766,وزلفٗا,1,1.2915057665732477e-05
9767,ٱلحسنت,1,1.2915057665732477e-05
9768,للذكرين,1,1.2915057665732477e-05
9769,بقيةٖ,1,1.2915057665732477e-05
9770,أترفوا,1,1.2915057665732477e-05
9771,لجعل,1,1.2915057665732477e-05
9772,مختلفين,1,1.2915057665732477e-05
9773,ولذلك,1,1.2915057665732477e-05
9774,نثبت,1,1.2915057665732477e-05
9775,وجآءك,1,1.2915057665732477e-05
9776,وٱنتظروٓا,1,1.2915057665732477e-05
9777,تقصص,1,1.2915057665732477e-05
9778,رءياك,1,1.2915057665732477e-05
9779,إخوتك,1,1.2915057665732477e-05
9780,فيكيدوا,1,1.2915057665732477e-05
9781,كيدا,1,1.2915057665732477e-05
9782,يجتبيك,1,1.2915057665732477e-05
9783,ويعلمك,1,1.2915057665732477e-05
9784,أتمها,1,1.2915057665732477e-05
9785,أبويك,1,1.2915057665732477e-05
9786,وإخوتهٓ,1,1.2915057665732477e-05
9787,وأخوه,1,1.2915057665732477e-05
9788,أبينا,1,1.2915057665732477e-05
9789,أبانا,1,1.2915057665732477e-05
9790,ٱقتلوا,1,1.2915057665732477e-05
9791,ٱطرحوه,1,1.2915057665732477e-05
9792,أرضٗا,1,1.2915057665732477e-05
9793,يخل,1,1.2915057665732477e-05
9794,وألقوه,1,1.2915057665732477e-05
9795,يلتقطه,1,1.2915057665732477e-05
9796,ٱلسيارة,1,1.2915057665732477e-05
9797,تأمنا,1,1.2915057665732477e-05
9798,لنصحون,1,1.2915057665732477e-05
9799,يرتع,1,1.2915057665732477e-05
9800,ويلعب,1,1.2915057665732477e-05
9801,ليحزننيٓ,1,1.2915057665732477e-05
9802,تذهبوا,1,1.2915057665732477e-05
9803,وأخاف,1,1.2915057665732477e-05
9804,يأكله,1,1.2915057665732477e-05
9805,ذهبوا,1,1.2915057665732477e-05
9806,وأجمعوٓا,1,1.2915057665732477e-05
9807,يجعلوه,1,1.2915057665732477e-05
9808,لتنبئنهم,1,1.2915057665732477e-05
9809,بأمرهم,1,1.2915057665732477e-05
9810,وجآءوٓ,1,1.2915057665732477e-05
9811,أباهم,1,1.2915057665732477e-05
9812,عشآءٗ,1,1.2915057665732477e-05
9813,ذهبنا,1,1.2915057665732477e-05
9814,نستبق,1,1.2915057665732477e-05
9815,فأكله,1,1.2915057665732477e-05
9816,بمؤمنٖ,1,1.2915057665732477e-05
9817,بدمٖ,1,1.2915057665732477e-05
9818,كذبٖ,1,1.2915057665732477e-05
9819,جميلٞ,1,1.2915057665732477e-05
9820,سيارةٞ,1,1.2915057665732477e-05
9821,فأرسلوا,1,1.2915057665732477e-05
9822,واردهم,1,1.2915057665732477e-05
9823,فأدلى,1,1.2915057665732477e-05
9824,دلوه,1,1.2915057665732477e-05
9825,يبشرى,1,1.2915057665732477e-05
9826,وأسروه,1,1.2915057665732477e-05
9827,بضعةٗ,1,1.2915057665732477e-05
9828,وشروه,1,1.2915057665732477e-05
9829,بثمن,1,1.2915057665732477e-05
9830,بخسٖ,1,1.2915057665732477e-05
9831,درهم,1,1.2915057665732477e-05
9832,ٱلزهدين,1,1.2915057665732477e-05
9833,لٱمرأتهٓ,1,1.2915057665732477e-05
9834,أكرمي,1,1.2915057665732477e-05
9835,مثوىه,1,1.2915057665732477e-05
9836,ولنعلمه,1,1.2915057665732477e-05
9837,أشدهٓ,1,1.2915057665732477e-05
9838,ورودته,1,1.2915057665732477e-05
9839,بيتها,1,1.2915057665732477e-05
9840,وغلقت,1,1.2915057665732477e-05
9841,هيت,1,1.2915057665732477e-05
9842,مثواي,1,1.2915057665732477e-05
9843,لنصرف,1,1.2915057665732477e-05
9844,وٱستبقا,1,1.2915057665732477e-05
9845,وقدت,1,1.2915057665732477e-05
9846,وألفيا,1,1.2915057665732477e-05
9847,سيدها,1,1.2915057665732477e-05
9848,لدا,1,1.2915057665732477e-05
9849,يسجن,1,1.2915057665732477e-05
9850,رودتني,1,1.2915057665732477e-05
9851,قبلٖ,1,1.2915057665732477e-05
9852,فصدقت,1,1.2915057665732477e-05
9853,وٱستغفري,1,1.2915057665732477e-05
9854,ٱلخاطٔين,1,1.2915057665732477e-05
9855,نسوةٞ,1,1.2915057665732477e-05
9856,ترود,1,1.2915057665732477e-05
9857,فتىها,1,1.2915057665732477e-05
9858,شغفها,1,1.2915057665732477e-05
9859,حبا,1,1.2915057665732477e-05
9860,لنرىها,1,1.2915057665732477e-05
9861,سمعت,1,1.2915057665732477e-05
9862,بمكرهن,1,1.2915057665732477e-05
9863,وأعتدت,1,1.2915057665732477e-05
9864,متكٔٗا,1,1.2915057665732477e-05
9865,وءاتت,1,1.2915057665732477e-05
9866,سكينٗا,1,1.2915057665732477e-05
9867,رأينهٓ,1,1.2915057665732477e-05
9868,أكبرنه,1,1.2915057665732477e-05
9869,وقطعن,1,1.2915057665732477e-05
9870,فذلكن,1,1.2915057665732477e-05
9871,لمتنني,1,1.2915057665732477e-05
9872,فٱستعصم,1,1.2915057665732477e-05
9873,ءامره,1,1.2915057665732477e-05
9874,ليسجنن,1,1.2915057665732477e-05
9875,وليكونٗا,1,1.2915057665732477e-05
9876,يدعوننيٓ,1,1.2915057665732477e-05
9877,تصرف,1,1.2915057665732477e-05
9878,أصب,1,1.2915057665732477e-05
9879,فصرف,1,1.2915057665732477e-05
9880,ليسجننه,1,1.2915057665732477e-05
9881,فتيان,1,1.2915057665732477e-05
9882,أعصر,1,1.2915057665732477e-05
9883,أحمل,1,1.2915057665732477e-05
9884,رأسي,1,1.2915057665732477e-05
9885,خبزٗا,1,1.2915057665732477e-05
9886,نبئنا,1,1.2915057665732477e-05
9887,بتأويلهٓ,1,1.2915057665732477e-05
9888,طعامٞ,1,1.2915057665732477e-05
9889,ترزقانهٓ,1,1.2915057665732477e-05
9890,نبأتكما,1,1.2915057665732477e-05
9891,ذلكما,1,1.2915057665732477e-05
9892,علمني,1,1.2915057665732477e-05
9893,وٱتبعت,1,1.2915057665732477e-05
9894,ءابآءيٓ,1,1.2915057665732477e-05
9895,ءأربابٞ,1,1.2915057665732477e-05
9896,متفرقون,1,1.2915057665732477e-05
9897,أسمآءٗ,1,1.2915057665732477e-05
9898,أمآ,1,1.2915057665732477e-05
9899,أحدكما,1,1.2915057665732477e-05
9900,فيسقي,1,1.2915057665732477e-05
9901,فيصلب,1,1.2915057665732477e-05
9902,فتأكل,1,1.2915057665732477e-05
9903,تستفتيان,1,1.2915057665732477e-05
9904,ناجٖ,1,1.2915057665732477e-05
9905,ٱذكرني,1,1.2915057665732477e-05
9906,فأنسىه,1,1.2915057665732477e-05
9907,للرءيا,1,1.2915057665732477e-05
9908,تعبرون,1,1.2915057665732477e-05
9909,أحلمٖ,1,1.2915057665732477e-05
9910,ٱلأحلم,1,1.2915057665732477e-05
9911,بعلمين,1,1.2915057665732477e-05
9912,نجا,1,1.2915057665732477e-05
9913,وٱدكر,1,1.2915057665732477e-05
9914,فأرسلون,1,1.2915057665732477e-05
9915,ٱلصديق,1,1.2915057665732477e-05
9916,أفتنا,1,1.2915057665732477e-05
9917,أرجع,1,1.2915057665732477e-05
9918,تزرعون,1,1.2915057665732477e-05
9919,دأبٗا,1,1.2915057665732477e-05
9920,حصدتم,1,1.2915057665732477e-05
9921,فذروه,1,1.2915057665732477e-05
9922,سنبلهٓ,1,1.2915057665732477e-05
9923,سبعٞ,1,1.2915057665732477e-05
9924,يأكلن,1,1.2915057665732477e-05
9925,قدمتم,1,1.2915057665732477e-05
9926,تحصنون,1,1.2915057665732477e-05
9927,عامٞ,1,1.2915057665732477e-05
9928,يغاث,1,1.2915057665732477e-05
9929,وفيه,1,1.2915057665732477e-05
9930,يعصرون,1,1.2915057665732477e-05
9931,فسٔله,1,1.2915057665732477e-05
9932,ٱلنسوة,1,1.2915057665732477e-05
9933,قطعن,1,1.2915057665732477e-05
9934,بكيدهن,1,1.2915057665732477e-05
9935,خطبكن,1,1.2915057665732477e-05
9936,رودتن,1,1.2915057665732477e-05
9937,قلن,1,1.2915057665732477e-05
9938,حصحص,1,1.2915057665732477e-05
9939,أخنه,1,1.2915057665732477e-05
9940,أبرئ,1,1.2915057665732477e-05
9941,لأمارة,1,1.2915057665732477e-05
9942,أستخلصه,1,1.2915057665732477e-05
9943,كلمه,1,1.2915057665732477e-05
9944,يتبوأ,1,1.2915057665732477e-05
9945,برحمتنا,1,1.2915057665732477e-05
9946,إخوة,1,1.2915057665732477e-05
9947,فدخلوا,1,1.2915057665732477e-05
9948,فعرفهم,1,1.2915057665732477e-05
9949,بأخٖ,1,1.2915057665732477e-05
9950,أوفي,1,1.2915057665732477e-05
9951,تأتوني,1,1.2915057665732477e-05
9952,تقربون,1,1.2915057665732477e-05
9953,سنرود,1,1.2915057665732477e-05
9954,أباه,1,1.2915057665732477e-05
9955,لفعلون,1,1.2915057665732477e-05
9956,لفتينه,1,1.2915057665732477e-05
9957,ٱجعلوا,1,1.2915057665732477e-05
9958,رحالهم,1,1.2915057665732477e-05
9959,يعرفونهآ,1,1.2915057665732477e-05
9960,أبيهم,1,1.2915057665732477e-05
9961,معنآ,1,1.2915057665732477e-05
9962,نكتل,1,1.2915057665732477e-05
9963,ءامنكم,1,1.2915057665732477e-05
9964,حفظٗا,1,1.2915057665732477e-05
9965,فتحوا,1,1.2915057665732477e-05
9966,متعهم,1,1.2915057665732477e-05
9967,وجدوا,1,1.2915057665732477e-05
9968,نبغي,1,1.2915057665732477e-05
9969,بضعتنا,1,1.2915057665732477e-05
9970,ونمير,1,1.2915057665732477e-05
9971,ونحفظ,1,1.2915057665732477e-05
9972,ونزداد,1,1.2915057665732477e-05
9973,كيلٞ,1,1.2915057665732477e-05
9974,تؤتون,1,1.2915057665732477e-05
9975,لتأتنني,1,1.2915057665732477e-05
9976,يحاط,1,1.2915057665732477e-05
9977,ءاتوه,1,1.2915057665732477e-05
9978,موثقهم,1,1.2915057665732477e-05
9979,متفرقةٖ,1,1.2915057665732477e-05
9980,أغني,1,1.2915057665732477e-05
9981,قضىها,1,1.2915057665732477e-05
9982,أخوك,1,1.2915057665732477e-05
9983,ٱلسقاية,1,1.2915057665732477e-05
9984,رحل,1,1.2915057665732477e-05
9985,أيتها,1,1.2915057665732477e-05
9986,لسرقون,1,1.2915057665732477e-05
9987,وأقبلوا,1,1.2915057665732477e-05
9988,تفقدون,1,1.2915057665732477e-05
9989,نفقد,1,1.2915057665732477e-05
9990,صواع,1,1.2915057665732477e-05
9991,زعيمٞ,1,1.2915057665732477e-05
9992,لنفسد,1,1.2915057665732477e-05
9993,سرقين,1,1.2915057665732477e-05
9994,جزٓؤهٓ,1,1.2915057665732477e-05
9995,رحله,1,1.2915057665732477e-05
9996,فبدأ,1,1.2915057665732477e-05
9997,بأوعيتهم,1,1.2915057665732477e-05
9998,ٱستخرجها,1,1.2915057665732477e-05
9999,كدنا,1,1.2915057665732477e-05
10000,ليأخذ,1,1.2915057665732477e-05
10001,وفوق,1,1.2915057665732477e-05
10002,يسرق,1,1.2915057665732477e-05
10003,أخٞ,1,1.2915057665732477e-05
10004,فأسرها,1,1.2915057665732477e-05
10005,يبدها,1,1.2915057665732477e-05
10006,أبٗا,1,1.2915057665732477e-05
10007,شيخٗا,1,1.2915057665732477e-05
10008,أحدنا,1,1.2915057665732477e-05
10009,مكانهٓ,1,1.2915057665732477e-05
10010,نأخذ,1,1.2915057665732477e-05
10011,لظلمون,1,1.2915057665732477e-05
10012,ٱستئسوا,1,1.2915057665732477e-05
10013,خلصوا,1,1.2915057665732477e-05
10014,أباكم,1,1.2915057665732477e-05
10015,فرطتم,1,1.2915057665732477e-05
10016,أبيٓ,1,1.2915057665732477e-05
10017,ٱرجعوٓا,1,1.2915057665732477e-05
10018,ٱبنك,1,1.2915057665732477e-05
10019,وٱلعير,1,1.2915057665732477e-05
10020,أقبلنا,1,1.2915057665732477e-05
10021,جميل,1,1.2915057665732477e-05
10022,يٓأسفى,1,1.2915057665732477e-05
10023,وٱبيضت,1,1.2915057665732477e-05
10024,عيناه,1,1.2915057665732477e-05
10025,تفتؤا,1,1.2915057665732477e-05
10026,حرضا,1,1.2915057665732477e-05
10027,ٱلهلكين,1,1.2915057665732477e-05
10028,أشكوا,1,1.2915057665732477e-05
10029,بثي,1,1.2915057665732477e-05
10030,وحزنيٓ,1,1.2915057665732477e-05
10031,فتحسسوا,1,1.2915057665732477e-05
10032,تائسوا,1,1.2915057665732477e-05
10033,وأهلنا,1,1.2915057665732477e-05
10034,ببضعةٖ,1,1.2915057665732477e-05
10035,مزجىةٖ,1,1.2915057665732477e-05
10036,فأوف,1,1.2915057665732477e-05
10037,وتصدق,1,1.2915057665732477e-05
10038,ٱلمتصدقين,1,1.2915057665732477e-05
10039,بيوسف,1,1.2915057665732477e-05
10040,جهلون,1,1.2915057665732477e-05
10041,وهذآ,1,1.2915057665732477e-05
10042,ويصبر,1,1.2915057665732477e-05
10043,ءاثرك,1,1.2915057665732477e-05
10044,لخطٔين,1,1.2915057665732477e-05
10045,تثريب,1,1.2915057665732477e-05
10046,بقميصي,1,1.2915057665732477e-05
10047,بأهلكم,1,1.2915057665732477e-05
10048,لأجد,1,1.2915057665732477e-05
10049,تفندون,1,1.2915057665732477e-05
10050,ضللك,1,1.2915057665732477e-05
10051,ٱلبشير,1,1.2915057665732477e-05
10052,ألقىه,1,1.2915057665732477e-05
10053,فٱرتد,1,1.2915057665732477e-05
10054,ذنوبنآ,1,1.2915057665732477e-05
10055,أستغفر,1,1.2915057665732477e-05
10056,وخروا,1,1.2915057665732477e-05
10057,جعلها,1,1.2915057665732477e-05
10058,بيٓ,1,1.2915057665732477e-05
10059,أخرجني,1,1.2915057665732477e-05
10060,ٱلبدو,1,1.2915057665732477e-05
10061,نزغ,1,1.2915057665732477e-05
10062,إخوتيٓ,1,1.2915057665732477e-05
10063,لطيفٞ,1,1.2915057665732477e-05
10064,ءاتيتني,1,1.2915057665732477e-05
10065,وعلمتني,1,1.2915057665732477e-05
10066,توفني,1,1.2915057665732477e-05
10067,أجمعوٓا,1,1.2915057665732477e-05
10068,حرصت,1,1.2915057665732477e-05
10069,يمرون,1,1.2915057665732477e-05
10070,أفأمنوٓا,1,1.2915057665732477e-05
10071,غشيةٞ,1,1.2915057665732477e-05
10072,سبيليٓ,1,1.2915057665732477e-05
10073,أدعوٓا,1,1.2915057665732477e-05
10074,بصيرة,1,1.2915057665732477e-05
10075,ٱتبعني,1,1.2915057665732477e-05
10076,ٱستئس,1,1.2915057665732477e-05
10077,فنجي,1,1.2915057665732477e-05
10078,قصصهم,1,1.2915057665732477e-05
10079,عبرةٞ,1,1.2915057665732477e-05
10080,الٓمٓر,1,1.2915057665732477e-05
10081,توقنون,1,1.2915057665732477e-05
10082,قطعٞ,1,1.2915057665732477e-05
10083,متجورتٞ,1,1.2915057665732477e-05
10084,وزرعٞ,1,1.2915057665732477e-05
10085,ونخيلٞ,1,1.2915057665732477e-05
10086,صنوانٞ,1,1.2915057665732477e-05
10087,صنوانٖ,1,1.2915057665732477e-05
10088,يسقى,1,1.2915057665732477e-05
10089,ونفضل,1,1.2915057665732477e-05
10090,ٱلأكل,1,1.2915057665732477e-05
10091,تعجب,1,1.2915057665732477e-05
10092,فعجبٞ,1,1.2915057665732477e-05
10093,أعناقهم,1,1.2915057665732477e-05
10094,ٱلمثلت,1,1.2915057665732477e-05
10095,تغيض,1,1.2915057665732477e-05
10096,تزداد,1,1.2915057665732477e-05
10097,بمقدار,1,1.2915057665732477e-05
10098,ٱلمتعال,1,1.2915057665732477e-05
10099,جهر,1,1.2915057665732477e-05
10100,مستخف,1,1.2915057665732477e-05
10101,وسارب,1,1.2915057665732477e-05
10102,معقبتٞ,1,1.2915057665732477e-05
10103,يحفظونه,1,1.2915057665732477e-05
10104,يغير,1,1.2915057665732477e-05
10105,بقوم,1,1.2915057665732477e-05
10106,وال,1,1.2915057665732477e-05
10107,وينشئ,1,1.2915057665732477e-05
10108,ٱلثقال,1,1.2915057665732477e-05
10109,ويسبح,1,1.2915057665732477e-05
10110,ٱلرعد,1,1.2915057665732477e-05
10111,خيفته,1,1.2915057665732477e-05
10112,ٱلمحال,1,1.2915057665732477e-05
10113,يستجيبون,1,1.2915057665732477e-05
10114,كبسط,1,1.2915057665732477e-05
10115,ليبلغ,1,1.2915057665732477e-05
10116,فاه,1,1.2915057665732477e-05
10117,ببلغه,1,1.2915057665732477e-05
10118,وظللهم,1,1.2915057665732477e-05
10119,أفٱتخذتم,1,1.2915057665732477e-05
10120,كخلقه,1,1.2915057665732477e-05
10121,فتشبه,1,1.2915057665732477e-05
10122,ٱلقهر,1,1.2915057665732477e-05
10123,فسالت,1,1.2915057665732477e-05
10124,أودية,1,1.2915057665732477e-05
10125,بقدرها,1,1.2915057665732477e-05
10126,فٱحتمل,1,1.2915057665732477e-05
10127,ٱلسيل,1,1.2915057665732477e-05
10128,زبدٗا,1,1.2915057665732477e-05
10129,رابيٗا,1,1.2915057665732477e-05
10130,يوقدون,1,1.2915057665732477e-05
10131,حلية,1,1.2915057665732477e-05
10132,متعٖ,1,1.2915057665732477e-05
10133,زبدٞ,1,1.2915057665732477e-05
10134,وٱلبطل,1,1.2915057665732477e-05
10135,ٱلزبد,1,1.2915057665732477e-05
10136,فيذهب,1,1.2915057665732477e-05
10137,جفآءٗ,1,1.2915057665732477e-05
10138,فيمكث,1,1.2915057665732477e-05
10139,أعمىٓ,1,1.2915057665732477e-05
10140,ٱلميثق,1,1.2915057665732477e-05
10141,ويخشون,1,1.2915057665732477e-05
10142,تطمئن,1,1.2915057665732477e-05
10143,طوبى,1,1.2915057665732477e-05
10144,قبلهآ,1,1.2915057665732477e-05
10145,لتتلوا,1,1.2915057665732477e-05
10146,متاب,1,1.2915057665732477e-05
10147,قرءانٗا,1,1.2915057665732477e-05
10148,لهدى,1,1.2915057665732477e-05
10149,قارعة,1,1.2915057665732477e-05
10150,قآئم,1,1.2915057665732477e-05
10151,سموهم,1,1.2915057665732477e-05
10152,تنبٔونه,1,1.2915057665732477e-05
10153,بظهرٖ,1,1.2915057665732477e-05
10154,دآئمٞ,1,1.2915057665732477e-05
10155,وظلها,1,1.2915057665732477e-05
10156,وعقبى,1,1.2915057665732477e-05
10157,ينكر,1,1.2915057665732477e-05
10158,مٔاب,1,1.2915057665732477e-05
10159,حكما,1,1.2915057665732477e-05
10160,وذريةٗ,1,1.2915057665732477e-05
10161,يمحوا,1,1.2915057665732477e-05
10162,وعندهٓ,1,1.2915057665732477e-05
10163,وعلينا,1,1.2915057665732477e-05
10164,أطرافها,1,1.2915057665732477e-05
10165,معقب,1,1.2915057665732477e-05
10166,لحكمه,1,1.2915057665732477e-05
10167,مرسلٗا,1,1.2915057665732477e-05
10168,لتخرج,1,1.2915057665732477e-05
10169,يستحبون,1,1.2915057665732477e-05
10170,فيضل,1,1.2915057665732477e-05
10171,وذكرهم,1,1.2915057665732477e-05
10172,بأيىم,1,1.2915057665732477e-05
10173,أنجىكم,1,1.2915057665732477e-05
10174,ويذبحون,1,1.2915057665732477e-05
10175,لأزيدنكم,1,1.2915057665732477e-05
10176,لشديدٞ,1,1.2915057665732477e-05
10177,تكفروٓا,1,1.2915057665732477e-05
10178,فردوٓا,1,1.2915057665732477e-05
10179,تدعوننآ,1,1.2915057665732477e-05
10180,شكٞ,1,1.2915057665732477e-05
10181,تصدونا,1,1.2915057665732477e-05
10182,فأتونا,1,1.2915057665732477e-05
10183,نأتيكم,1,1.2915057665732477e-05
10184,نتوكل,1,1.2915057665732477e-05
10185,ولنصبرن,1,1.2915057665732477e-05
10186,ءاذيتمونا,1,1.2915057665732477e-05
10187,لرسلهم,1,1.2915057665732477e-05
10188,لنخرجنكم,1,1.2915057665732477e-05
10189,لنهلكن,1,1.2915057665732477e-05
10190,ولنسكننكم,1,1.2915057665732477e-05
10191,وخاف,1,1.2915057665732477e-05
10192,وٱستفتحوا,1,1.2915057665732477e-05
10193,وخاب,1,1.2915057665732477e-05
10194,ويسقى,1,1.2915057665732477e-05
10195,صديدٖ,1,1.2915057665732477e-05
10196,يتجرعه,1,1.2915057665732477e-05
10197,يسيغه,1,1.2915057665732477e-05
10198,ويأتيه,1,1.2915057665732477e-05
10199,بميتٖ,1,1.2915057665732477e-05
10200,غليظٞ,1,1.2915057665732477e-05
10201,كرماد,1,1.2915057665732477e-05
10202,ٱشتدت,1,1.2915057665732477e-05
10203,عاصفٖ,1,1.2915057665732477e-05
10204,لهدينكم,1,1.2915057665732477e-05
10205,أجزعنآ,1,1.2915057665732477e-05
10206,ووعدتكم,1,1.2915057665732477e-05
10207,فأخلفتكم,1,1.2915057665732477e-05
10208,دعوتكم,1,1.2915057665732477e-05
10209,فٱستجبتم,1,1.2915057665732477e-05
10210,تلوموني,1,1.2915057665732477e-05
10211,ولوموٓا,1,1.2915057665732477e-05
10212,بمصرخكم,1,1.2915057665732477e-05
10213,بمصرخي,1,1.2915057665732477e-05
10214,كفرت,1,1.2915057665732477e-05
10215,أشركتمون,1,1.2915057665732477e-05
10216,كشجرةٖ,1,1.2915057665732477e-05
10217,أصلها,1,1.2915057665732477e-05
10218,ثابتٞ,1,1.2915057665732477e-05
10219,وفرعها,1,1.2915057665732477e-05
10220,تؤتيٓ,1,1.2915057665732477e-05
10221,خبيثةٖ,1,1.2915057665732477e-05
10222,كشجرة,1,1.2915057665732477e-05
10223,خبيثة,1,1.2915057665732477e-05
10224,ٱجتثت,1,1.2915057665732477e-05
10225,يثبت,1,1.2915057665732477e-05
10226,ٱلثابت,1,1.2915057665732477e-05
10227,ويضل,1,1.2915057665732477e-05
10228,ويفعل,1,1.2915057665732477e-05
10229,وأحلوا,1,1.2915057665732477e-05
10230,ٱلبوار,1,1.2915057665732477e-05
10231,مصيركم,1,1.2915057665732477e-05
10232,يقيموا,1,1.2915057665732477e-05
10233,وينفقوا,1,1.2915057665732477e-05
10234,دآئبين,1,1.2915057665732477e-05
10235,سألتموه,1,1.2915057665732477e-05
10236,لظلومٞ,1,1.2915057665732477e-05
10237,وٱجنبني,1,1.2915057665732477e-05
10238,وبني,1,1.2915057665732477e-05
10239,ٱلأصنام,1,1.2915057665732477e-05
10240,إنهن,1,1.2915057665732477e-05
10241,أضللن,1,1.2915057665732477e-05
10242,تبعني,1,1.2915057665732477e-05
10243,عصاني,1,1.2915057665732477e-05
10244,أسكنت,1,1.2915057665732477e-05
10245,بواد,1,1.2915057665732477e-05
10246,زرع,1,1.2915057665732477e-05
10247,ٱلمحرم,1,1.2915057665732477e-05
10248,ليقيموا,1,1.2915057665732477e-05
10249,أفٔدةٗ,1,1.2915057665732477e-05
10250,تهويٓ,1,1.2915057665732477e-05
10251,وٱرزقهم,1,1.2915057665732477e-05
10252,نخفي,1,1.2915057665732477e-05
10253,نعلن,1,1.2915057665732477e-05
10254,وتقبل,1,1.2915057665732477e-05
10255,غفلا,1,1.2915057665732477e-05
10256,تشخص,1,1.2915057665732477e-05
10257,مقنعي,1,1.2915057665732477e-05
10258,طرفهم,1,1.2915057665732477e-05
10259,وأفٔدتهم,1,1.2915057665732477e-05
10260,هوآءٞ,1,1.2915057665732477e-05
10261,أخرنآ,1,1.2915057665732477e-05
10262,نجب,1,1.2915057665732477e-05
10263,دعوتك,1,1.2915057665732477e-05
10264,ونتبع,1,1.2915057665732477e-05
10265,زوالٖ,1,1.2915057665732477e-05
10266,وسكنتم,1,1.2915057665732477e-05
10267,مسكن,1,1.2915057665732477e-05
10268,وتبين,1,1.2915057665732477e-05
10269,فعلنا,1,1.2915057665732477e-05
10270,وضربنا,1,1.2915057665732477e-05
10271,لتزول,1,1.2915057665732477e-05
10272,مخلف,1,1.2915057665732477e-05
10273,رسلهٓ,1,1.2915057665732477e-05
10274,سرابيلهم,1,1.2915057665732477e-05
10275,قطرانٖ,1,1.2915057665732477e-05
10276,وتغشى,1,1.2915057665732477e-05
10277,وليعلموٓا,1,1.2915057665732477e-05
10278,وليذكر,1,1.2915057665732477e-05
10279,وقرءانٖ,1,1.2915057665732477e-05
10280,ربما,1,1.2915057665732477e-05
10281,يأكلوا,1,1.2915057665732477e-05
10282,ويتمتعوا,1,1.2915057665732477e-05
10283,ويلههم,1,1.2915057665732477e-05
10284,ٱلأمل,1,1.2915057665732477e-05
10285,لوما,1,1.2915057665732477e-05
10286,بٱلملٓئكة,1,1.2915057665732477e-05
10287,شيع,1,1.2915057665732477e-05
10288,نسلكه,1,1.2915057665732477e-05
10289,فظلوا,1,1.2915057665732477e-05
10290,يعرجون,1,1.2915057665732477e-05
10291,لقالوٓا,1,1.2915057665732477e-05
10292,سكرت,1,1.2915057665732477e-05
10293,مسحورون,1,1.2915057665732477e-05
10294,وحفظنها,1,1.2915057665732477e-05
10295,رجيم,1,1.2915057665732477e-05
10296,ٱسترق,1,1.2915057665732477e-05
10297,موزونٖ,1,1.2915057665732477e-05
10298,برزقين,1,1.2915057665732477e-05
10299,خزآئنه,1,1.2915057665732477e-05
10300,ننزلهٓ,1,1.2915057665732477e-05
10301,لوقح,1,1.2915057665732477e-05
10302,فأسقينكموه,1,1.2915057665732477e-05
10303,بخزنين,1,1.2915057665732477e-05
10304,ٱلمستقدمين,1,1.2915057665732477e-05
10305,ٱلمستٔخرين,1,1.2915057665732477e-05
10306,وٱلجآن,1,1.2915057665732477e-05
10307,أبىٓ,1,1.2915057665732477e-05
10308,لأسجد,1,1.2915057665732477e-05
10309,خلقته,1,1.2915057665732477e-05
10310,لأزينن,1,1.2915057665732477e-05
10311,ولأغوينهم,1,1.2915057665732477e-05
10312,لموعدهم,1,1.2915057665732477e-05
10313,جزءٞ,1,1.2915057665732477e-05
10314,مقسوم,1,1.2915057665732477e-05
10315,بسلم,1,1.2915057665732477e-05
10316,إخونا,1,1.2915057665732477e-05
10317,بمخرجين,1,1.2915057665732477e-05
10318,نبئ,1,1.2915057665732477e-05
10319,عباديٓ,1,1.2915057665732477e-05
10320,وجلون,1,1.2915057665732477e-05
10321,توجل,1,1.2915057665732477e-05
10322,أبشرتموني,1,1.2915057665732477e-05
10323,فبم,1,1.2915057665732477e-05
10324,تبشرون,1,1.2915057665732477e-05
10325,بشرنك,1,1.2915057665732477e-05
10326,ٱلقنطين,1,1.2915057665732477e-05
10327,يقنط,1,1.2915057665732477e-05
10328,لمنجوهم,1,1.2915057665732477e-05
10329,قدرنآ,1,1.2915057665732477e-05
10330,وأتينك,1,1.2915057665732477e-05
10331,وٱمضوا,1,1.2915057665732477e-05
10332,مقطوعٞ,1,1.2915057665732477e-05
10333,ضيفي,1,1.2915057665732477e-05
10334,تفضحون,1,1.2915057665732477e-05
10335,ننهك,1,1.2915057665732477e-05
10336,بناتيٓ,1,1.2915057665732477e-05
10337,لعمرك,1,1.2915057665732477e-05
10338,سكرتهم,1,1.2915057665732477e-05
10339,فجعلنا,1,1.2915057665732477e-05
10340,سجيل,1,1.2915057665732477e-05
10341,للمتوسمين,1,1.2915057665732477e-05
10342,لبسبيلٖ,1,1.2915057665732477e-05
10343,لظلمين,1,1.2915057665732477e-05
10344,وإنهما,1,1.2915057665732477e-05
10345,لبإمامٖ,1,1.2915057665732477e-05
10346,ينحتون,1,1.2915057665732477e-05
10347,ٱلصفح,1,1.2915057665732477e-05
10348,ٱلجميل,1,1.2915057665732477e-05
10349,ٱلمثاني,1,1.2915057665732477e-05
10350,ٱلمقتسمين,1,1.2915057665732477e-05
10351,عضين,1,1.2915057665732477e-05
10352,لنسٔلنهم,1,1.2915057665732477e-05
10353,فٱصدع,1,1.2915057665732477e-05
10354,كفينك,1,1.2915057665732477e-05
10355,ٱلمستهزءين,1,1.2915057665732477e-05
10356,يضيق,1,1.2915057665732477e-05
10357,وٱعبد,1,1.2915057665732477e-05
10358,يأتيك,1,1.2915057665732477e-05
10359,أتىٓ,1,1.2915057665732477e-05
10360,تستعجلوه,1,1.2915057665732477e-05
10361,بٱلروح,1,1.2915057665732477e-05
10362,أنذروٓا,1,1.2915057665732477e-05
10363,خلقها,1,1.2915057665732477e-05
10364,دفءٞ,1,1.2915057665732477e-05
10365,جمال,1,1.2915057665732477e-05
10366,تريحون,1,1.2915057665732477e-05
10367,تسرحون,1,1.2915057665732477e-05
10368,وتحمل,1,1.2915057665732477e-05
10369,أثقالكم,1,1.2915057665732477e-05
10370,بلغيه,1,1.2915057665732477e-05
10371,بشق,1,1.2915057665732477e-05
10372,وٱلبغال,1,1.2915057665732477e-05
10373,وٱلحمير,1,1.2915057665732477e-05
10374,لتركبوها,1,1.2915057665732477e-05
10375,وزينةٗ,1,1.2915057665732477e-05
10376,ويخلق,1,1.2915057665732477e-05
10377,قصد,1,1.2915057665732477e-05
10378,جآئرٞ,1,1.2915057665732477e-05
10379,ومنه,1,1.2915057665732477e-05
10380,شجرٞ,1,1.2915057665732477e-05
10381,تسيمون,1,1.2915057665732477e-05
10382,ينبت,1,1.2915057665732477e-05
10383,ٱلزرع,1,1.2915057665732477e-05
10384,وٱلنخيل,1,1.2915057665732477e-05
10385,ألونهٓ,1,1.2915057665732477e-05
10386,وتستخرجوا,1,1.2915057665732477e-05
10387,وسبلٗا,1,1.2915057665732477e-05
10388,وعلمتٖ,1,1.2915057665732477e-05
10389,وبٱلنجم,1,1.2915057665732477e-05
10390,أحيآءٖ,1,1.2915057665732477e-05
10391,منكرةٞ,1,1.2915057665732477e-05
10392,ٱلمستكبرين,1,1.2915057665732477e-05
10393,ليحملوٓا,1,1.2915057665732477e-05
10394,كاملةٗ,1,1.2915057665732477e-05
10395,أوزار,1,1.2915057665732477e-05
10396,يضلونهم,1,1.2915057665732477e-05
10397,فأتى,1,1.2915057665732477e-05
10398,فخر,1,1.2915057665732477e-05
10399,ٱلسقف,1,1.2915057665732477e-05
10400,وأتىهم,1,1.2915057665732477e-05
10401,يخزيهم,1,1.2915057665732477e-05
10402,تشٓقون,1,1.2915057665732477e-05
10403,وٱلسوٓء,1,1.2915057665732477e-05
10404,فٱدخلوٓا,1,1.2915057665732477e-05
10405,فلبئس,1,1.2915057665732477e-05
10406,ولنعم,1,1.2915057665732477e-05
10407,طيبين,1,1.2915057665732477e-05
10408,تحرص,1,1.2915057665732477e-05
10409,قولنا,1,1.2915057665732477e-05
10410,أردنه,1,1.2915057665732477e-05
10411,تخوفٖ,1,1.2915057665732477e-05
10412,يتفيؤا,1,1.2915057665732477e-05
10413,ظلله,1,1.2915057665732477e-05
10414,وٱلشمآئل,1,1.2915057665732477e-05
10415,واصبا,1,1.2915057665732477e-05
10416,فإليه,1,1.2915057665732477e-05
10417,تجٔرون,1,1.2915057665732477e-05
10418,يتورى,1,1.2915057665732477e-05
10419,أيمسكه,1,1.2915057665732477e-05
10420,هون,1,1.2915057665732477e-05
10421,يدسه,1,1.2915057665732477e-05
10422,ٱلتراب,1,1.2915057665732477e-05
10423,يكرهون,1,1.2915057665732477e-05
10424,وتصف,1,1.2915057665732477e-05
10425,مفرطون,1,1.2915057665732477e-05
10426,فزين,1,1.2915057665732477e-05
10427,بطونه,1,1.2915057665732477e-05
10428,فرثٖ,1,1.2915057665732477e-05
10429,ودمٖ,1,1.2915057665732477e-05
10430,لبنا,1,1.2915057665732477e-05
10431,خالصٗا,1,1.2915057665732477e-05
10432,سآئغٗا,1,1.2915057665732477e-05
10433,ٱلنخيل,1,1.2915057665732477e-05
10434,سكرٗا,1,1.2915057665732477e-05
10435,ورزقا,1,1.2915057665732477e-05
10436,ٱلنحل,1,1.2915057665732477e-05
10437,ٱتخذي,1,1.2915057665732477e-05
10438,كلي,1,1.2915057665732477e-05
10439,فٱسلكي,1,1.2915057665732477e-05
10440,ذللٗا,1,1.2915057665732477e-05
10441,برآدي,1,1.2915057665732477e-05
10442,أفبنعمة,1,1.2915057665732477e-05
10443,وحفدةٗ,1,1.2915057665732477e-05
10444,وبنعمت,1,1.2915057665732477e-05
10445,تضربوا,1,1.2915057665732477e-05
10446,مملوكٗا,1,1.2915057665732477e-05
10447,رزقنه,1,1.2915057665732477e-05
10448,وجهرا,1,1.2915057665732477e-05
10449,أبكم,1,1.2915057665732477e-05
10450,يوجهه,1,1.2915057665732477e-05
10451,بخير,1,1.2915057665732477e-05
10452,أخرجكم,1,1.2915057665732477e-05
10453,مسخرتٖ,1,1.2915057665732477e-05
10454,جو,1,1.2915057665732477e-05
10455,تستخفونها,1,1.2915057665732477e-05
10456,ظعنكم,1,1.2915057665732477e-05
10457,إقامتكم,1,1.2915057665732477e-05
10458,أصوافها,1,1.2915057665732477e-05
10459,وأوبارها,1,1.2915057665732477e-05
10460,وأشعارهآ,1,1.2915057665732477e-05
10461,ظللٗا,1,1.2915057665732477e-05
10462,أكننٗا,1,1.2915057665732477e-05
10463,سربيل,1,1.2915057665732477e-05
10464,وسربيل,1,1.2915057665732477e-05
10465,تسلمون,1,1.2915057665732477e-05
10466,ينكرونها,1,1.2915057665732477e-05
10467,شركآءهم,1,1.2915057665732477e-05
10468,شركآؤنا,1,1.2915057665732477e-05
10469,تبينٗا,1,1.2915057665732477e-05
10470,وٱلإحسن,1,1.2915057665732477e-05
10471,وإيتآيٕ,1,1.2915057665732477e-05
10472,وينهى,1,1.2915057665732477e-05
10473,تنقضوا,1,1.2915057665732477e-05
10474,توكيدها,1,1.2915057665732477e-05
10475,جعلتم,1,1.2915057665732477e-05
10476,كفيلا,1,1.2915057665732477e-05
10477,كٱلتي,1,1.2915057665732477e-05
10478,نقضت,1,1.2915057665732477e-05
10479,غزلها,1,1.2915057665732477e-05
10480,أنكثٗا,1,1.2915057665732477e-05
10481,أربى,1,1.2915057665732477e-05
10482,يبلوكم,1,1.2915057665732477e-05
10483,وليبينن,1,1.2915057665732477e-05
10484,ولتسٔلن,1,1.2915057665732477e-05
10485,فتزل,1,1.2915057665732477e-05
10486,ثبوتها,1,1.2915057665732477e-05
10487,وتذوقوا,1,1.2915057665732477e-05
10488,صددتم,1,1.2915057665732477e-05
10489,ينفد,1,1.2915057665732477e-05
10490,باقٖ,1,1.2915057665732477e-05
10491,ولنجزين,1,1.2915057665732477e-05
10492,فلنحيينه,1,1.2915057665732477e-05
10493,سلطنه,1,1.2915057665732477e-05
10494,يتولونه,1,1.2915057665732477e-05
10495,مفتر,1,1.2915057665732477e-05
10496,ليثبت,1,1.2915057665732477e-05
10497,أعجميٞ,1,1.2915057665732477e-05
10498,عربيٞ,1,1.2915057665732477e-05
10499,يفتري,1,1.2915057665732477e-05
10500,أكره,1,1.2915057665732477e-05
10501,مطمئن,1,1.2915057665732477e-05
10502,صدرٗا,1,1.2915057665732477e-05
10503,فعليهم,1,1.2915057665732477e-05
10504,وسمعهم,1,1.2915057665732477e-05
10505,وصبروٓا,1,1.2915057665732477e-05
10506,وتوفى,1,1.2915057665732477e-05
10507,قريةٗ,1,1.2915057665732477e-05
10508,ءامنةٗ,1,1.2915057665732477e-05
10509,مطمئنةٗ,1,1.2915057665732477e-05
10510,يأتيها,1,1.2915057665732477e-05
10511,فكفرت,1,1.2915057665732477e-05
10512,بأنعم,1,1.2915057665732477e-05
10513,فأذقها,1,1.2915057665732477e-05
10514,لباس,1,1.2915057665732477e-05
10515,ٱلجوع,1,1.2915057665732477e-05
10516,وٱلخوف,1,1.2915057665732477e-05
10517,تصف,1,1.2915057665732477e-05
10518,حللٞ,1,1.2915057665732477e-05
10519,حرامٞ,1,1.2915057665732477e-05
10520,لتفتروا,1,1.2915057665732477e-05
10521,وأصلحوٓا,1,1.2915057665732477e-05
10522,قانتٗا,1,1.2915057665732477e-05
10523,لأنعمه,1,1.2915057665732477e-05
10524,ٱجتبىه,1,1.2915057665732477e-05
10525,وهدىه,1,1.2915057665732477e-05
10526,وٱلموعظة,1,1.2915057665732477e-05
10527,وجدلهم,1,1.2915057665732477e-05
10528,عاقبتم,1,1.2915057665732477e-05
10529,فعاقبوا,1,1.2915057665732477e-05
10530,عوقبتم,1,1.2915057665732477e-05
10531,للصبرين,1,1.2915057665732477e-05
10532,صبرك,1,1.2915057665732477e-05
10533,محسنون,1,1.2915057665732477e-05
10534,بعبده,1,1.2915057665732477e-05
10535,ٱلأقصا,1,1.2915057665732477e-05
10536,لنريه,1,1.2915057665732477e-05
10537,ءايتنآ,1,1.2915057665732477e-05
10538,لتفسدن,1,1.2915057665732477e-05
10539,ولتعلن,1,1.2915057665732477e-05
10540,أولىهما,1,1.2915057665732477e-05
10541,فجاسوا,1,1.2915057665732477e-05
10542,ٱلديار,1,1.2915057665732477e-05
10543,رددنا,1,1.2915057665732477e-05
10544,ٱلكرة,1,1.2915057665732477e-05
10545,وأمددنكم,1,1.2915057665732477e-05
10546,نفيرا,1,1.2915057665732477e-05
10547,أسأتم,1,1.2915057665732477e-05
10548,ليسٔوا,1,1.2915057665732477e-05
10549,وليدخلوا,1,1.2915057665732477e-05
10550,دخلوه,1,1.2915057665732477e-05
10551,وليتبروا,1,1.2915057665732477e-05
10552,علوا,1,1.2915057665732477e-05
10553,تتبيرا,1,1.2915057665732477e-05
10554,عدتم,1,1.2915057665732477e-05
10555,حصيرا,1,1.2915057665732477e-05
10556,للتي,1,1.2915057665732477e-05
10557,أقوم,1,1.2915057665732477e-05
10558,ويدع,1,1.2915057665732477e-05
10559,دعآءه,1,1.2915057665732477e-05
10560,عجولٗا,1,1.2915057665732477e-05
10561,ءايتين,1,1.2915057665732477e-05
10562,فمحونآ,1,1.2915057665732477e-05
10563,وجعلنآ,1,1.2915057665732477e-05
10564,ولتعلموا,1,1.2915057665732477e-05
10565,تفصيلٗا,1,1.2915057665732477e-05
10566,إنسن,1,1.2915057665732477e-05
10567,ألزمنه,1,1.2915057665732477e-05
10568,طٓئره,1,1.2915057665732477e-05
10569,عنقه,1,1.2915057665732477e-05
10570,ونخرج,1,1.2915057665732477e-05
10571,يلقىه,1,1.2915057665732477e-05
10572,منشورا,1,1.2915057665732477e-05
10573,كتبك,1,1.2915057665732477e-05
10574,بنفسك,1,1.2915057665732477e-05
10575,معذبين,1,1.2915057665732477e-05
10576,مترفيها,1,1.2915057665732477e-05
10577,ففسقوا,1,1.2915057665732477e-05
10578,فدمرنها,1,1.2915057665732477e-05
10579,عجلنا,1,1.2915057665732477e-05
10580,يصلىها,1,1.2915057665732477e-05
10581,سعيها,1,1.2915057665732477e-05
10582,مشكورٗا,1,1.2915057665732477e-05
10583,نمد,1,1.2915057665732477e-05
10584,وهٓؤلآء,1,1.2915057665732477e-05
10585,محظورا,1,1.2915057665732477e-05
10586,وأكبر,1,1.2915057665732477e-05
10587,مخذولٗا,1,1.2915057665732477e-05
10588,وقضى,1,1.2915057665732477e-05
10589,يبلغن,1,1.2915057665732477e-05
10590,كلاهما,1,1.2915057665732477e-05
10591,تقل,1,1.2915057665732477e-05
10592,لهمآ,1,1.2915057665732477e-05
10593,تنهرهما,1,1.2915057665732477e-05
10594,ٱرحمهما,1,1.2915057665732477e-05
10595,ربياني,1,1.2915057665732477e-05
10596,صغيرٗا,1,1.2915057665732477e-05
10597,نفوسكم,1,1.2915057665732477e-05
10598,للأوبين,1,1.2915057665732477e-05
10599,وءات,1,1.2915057665732477e-05
10600,تبذر,1,1.2915057665732477e-05
10601,تبذيرا,1,1.2915057665732477e-05
10602,ٱلمبذرين,1,1.2915057665732477e-05
10603,إخون,1,1.2915057665732477e-05
10604,تعرضن,1,1.2915057665732477e-05
10605,ترجوها,1,1.2915057665732477e-05
10606,ميسورٗا,1,1.2915057665732477e-05
10607,عنقك,1,1.2915057665732477e-05
10608,تبسطها,1,1.2915057665732477e-05
10609,ٱلبسط,1,1.2915057665732477e-05
10610,محسورا,1,1.2915057665732477e-05
10611,نرزقهم,1,1.2915057665732477e-05
10612,ٱلزنىٓ,1,1.2915057665732477e-05
10613,مظلومٗا,1,1.2915057665732477e-05
10614,يسرف,1,1.2915057665732477e-05
10615,منصورٗا,1,1.2915057665732477e-05
10616,بٱلعهد,1,1.2915057665732477e-05
10617,كلتم,1,1.2915057665732477e-05
10618,تأويلٗا,1,1.2915057665732477e-05
10619,تقف,1,1.2915057665732477e-05
10620,وٱلبصر,1,1.2915057665732477e-05
10621,وٱلفؤاد,1,1.2915057665732477e-05
10622,تخرق,1,1.2915057665732477e-05
10623,تبلغ,1,1.2915057665732477e-05
10624,طولٗا,1,1.2915057665732477e-05
10625,سيئه,1,1.2915057665732477e-05
10626,مكروهٗا,1,1.2915057665732477e-05
10627,أوحىٓ,1,1.2915057665732477e-05
10628,فتلقى,1,1.2915057665732477e-05
10629,مدحورا,1,1.2915057665732477e-05
10630,أفأصفىكم,1,1.2915057665732477e-05
10631,لتقولون,1,1.2915057665732477e-05
10632,لٱبتغوا,1,1.2915057665732477e-05
10633,تسبح,1,1.2915057665732477e-05
10634,تفقهون,1,1.2915057665732477e-05
10635,تسبيحهم,1,1.2915057665732477e-05
10636,مستورٗا,1,1.2915057665732477e-05
10637,ذكرت,1,1.2915057665732477e-05
10638,نجوىٓ,1,1.2915057665732477e-05
10639,جديدٗا,1,1.2915057665732477e-05
10640,حجارة,1,1.2915057665732477e-05
10641,حديدا,1,1.2915057665732477e-05
10642,يكبر,1,1.2915057665732477e-05
10643,يعيدنا,1,1.2915057665732477e-05
10644,فطركم,1,1.2915057665732477e-05
10645,فسينغضون,1,1.2915057665732477e-05
10646,فتستجيبون,1,1.2915057665732477e-05
10647,ينزغ,1,1.2915057665732477e-05
10648,ويرجون,1,1.2915057665732477e-05
10649,محذورٗا,1,1.2915057665732477e-05
10650,مهلكوها,1,1.2915057665732477e-05
10651,معذبوها,1,1.2915057665732477e-05
10652,منعنآ,1,1.2915057665732477e-05
10653,تخويفٗا,1,1.2915057665732477e-05
10654,أرينك,1,1.2915057665732477e-05
10655,وٱلشجرة,1,1.2915057665732477e-05
10656,ٱلملعونة,1,1.2915057665732477e-05
10657,ونخوفهم,1,1.2915057665732477e-05
10658,ءأسجد,1,1.2915057665732477e-05
10659,طينٗا,1,1.2915057665732477e-05
10660,أرءيتك,1,1.2915057665732477e-05
10661,كرمت,1,1.2915057665732477e-05
10662,أخرتن,1,1.2915057665732477e-05
10663,لأحتنكن,1,1.2915057665732477e-05
10664,ذريتهٓ,1,1.2915057665732477e-05
10665,جزآؤكم,1,1.2915057665732477e-05
10666,موفورٗا,1,1.2915057665732477e-05
10667,وٱستفزز,1,1.2915057665732477e-05
10668,بصوتك,1,1.2915057665732477e-05
10669,وأجلب,1,1.2915057665732477e-05
10670,بخيلك,1,1.2915057665732477e-05
10671,ورجلك,1,1.2915057665732477e-05
10672,وشاركهم,1,1.2915057665732477e-05
10673,نجىكم,1,1.2915057665732477e-05
10674,أعرضتم,1,1.2915057665732477e-05
10675,أفأمنتم,1,1.2915057665732477e-05
10676,فيرسل,1,1.2915057665732477e-05
10677,قاصفٗا,1,1.2915057665732477e-05
10678,فيغرقكم,1,1.2915057665732477e-05
10679,تبيعٗا,1,1.2915057665732477e-05
10680,كرمنا,1,1.2915057665732477e-05
10681,وحملنهم,1,1.2915057665732477e-05
10682,أناس,1,1.2915057665732477e-05
10683,بإممهم,1,1.2915057665732477e-05
10684,كتبهم,1,1.2915057665732477e-05
10685,فتيلٗا,1,1.2915057665732477e-05
10686,ليفتنونك,1,1.2915057665732477e-05
10687,لتفتري,1,1.2915057665732477e-05
10688,لٱتخذوك,1,1.2915057665732477e-05
10689,ثبتنك,1,1.2915057665732477e-05
10690,لأذقنك,1,1.2915057665732477e-05
10691,وضعف,1,1.2915057665732477e-05
10692,ٱلممات,1,1.2915057665732477e-05
10693,ليستفزونك,1,1.2915057665732477e-05
10694,ليخرجوك,1,1.2915057665732477e-05
10695,يلبثون,1,1.2915057665732477e-05
10696,لسنتنا,1,1.2915057665732477e-05
10697,لدلوك,1,1.2915057665732477e-05
10698,غسق,1,1.2915057665732477e-05
10699,وقرءان,1,1.2915057665732477e-05
10700,قرءان,1,1.2915057665732477e-05
10701,مشهودٗا,1,1.2915057665732477e-05
10702,فتهجد,1,1.2915057665732477e-05
10703,يبعثك,1,1.2915057665732477e-05
10704,محمودٗا,1,1.2915057665732477e-05
10705,أدخلني,1,1.2915057665732477e-05
10706,مدخل,1,1.2915057665732477e-05
10707,وأخرجني,1,1.2915057665732477e-05
10708,مخرج,1,1.2915057665732477e-05
10709,وزهق,1,1.2915057665732477e-05
10710,زهوقٗا,1,1.2915057665732477e-05
10711,وننزل,1,1.2915057665732477e-05
10712,ئوسٗا,1,1.2915057665732477e-05
10713,شاكلته,1,1.2915057665732477e-05
10714,فربكم,1,1.2915057665732477e-05
10715,لنذهبن,1,1.2915057665732477e-05
10716,ٱجتمعت,1,1.2915057665732477e-05
10717,تفجر,1,1.2915057665732477e-05
10718,ينبوعا,1,1.2915057665732477e-05
10719,وعنبٖ,1,1.2915057665732477e-05
10720,فتفجر,1,1.2915057665732477e-05
10721,خللها,1,1.2915057665732477e-05
10722,تفجيرا,1,1.2915057665732477e-05
10723,زعمت,1,1.2915057665732477e-05
10724,كسفا,1,1.2915057665732477e-05
10725,قبيلا,1,1.2915057665732477e-05
10726,بيتٞ,1,1.2915057665732477e-05
10727,ترقى,1,1.2915057665732477e-05
10728,لرقيك,1,1.2915057665732477e-05
10729,نقرؤه,1,1.2915057665732477e-05
10730,سبحان,1,1.2915057665732477e-05
10731,ملٓئكةٞ,1,1.2915057665732477e-05
10732,مطمئنين,1,1.2915057665732477e-05
10733,لنزلنا,1,1.2915057665732477e-05
10734,ونحشرهم,1,1.2915057665732477e-05
10735,عميٗا,1,1.2915057665732477e-05
10736,وبكمٗا,1,1.2915057665732477e-05
10737,وصمٗا,1,1.2915057665732477e-05
10738,خبت,1,1.2915057665732477e-05
10739,جديدا,1,1.2915057665732477e-05
10740,فأبى,1,1.2915057665732477e-05
10741,لأمسكتم,1,1.2915057665732477e-05
10742,ٱلإنفاق,1,1.2915057665732477e-05
10743,قتورٗا,1,1.2915057665732477e-05
10744,مسحورٗا,1,1.2915057665732477e-05
10745,مثبورٗا,1,1.2915057665732477e-05
10746,يستفزهم,1,1.2915057665732477e-05
10747,فأغرقنه,1,1.2915057665732477e-05
10748,لفيفٗا,1,1.2915057665732477e-05
10749,وقرءانٗا,1,1.2915057665732477e-05
10750,فرقنه,1,1.2915057665732477e-05
10751,لتقرأه,1,1.2915057665732477e-05
10752,مكثٖ,1,1.2915057665732477e-05
10753,ونزلنه,1,1.2915057665732477e-05
10754,يخرون,1,1.2915057665732477e-05
10755,لمفعولٗا,1,1.2915057665732477e-05
10756,ويخرون,1,1.2915057665732477e-05
10757,خشوعٗا,1,1.2915057665732477e-05
10758,أيٗا,1,1.2915057665732477e-05
10759,بصلاتك,1,1.2915057665732477e-05
10760,تخافت,1,1.2915057665732477e-05
10761,وكبره,1,1.2915057665732477e-05
10762,تكبيرا,1,1.2915057665732477e-05
10763,مكثين,1,1.2915057665732477e-05
10764,وينذر,1,1.2915057665732477e-05
10765,كبرت,1,1.2915057665732477e-05
10766,أسفا,1,1.2915057665732477e-05
10767,لنبلوهم,1,1.2915057665732477e-05
10768,لجعلون,1,1.2915057665732477e-05
10769,جرزا,1,1.2915057665732477e-05
10770,حسبت,1,1.2915057665732477e-05
10771,وٱلرقيم,1,1.2915057665732477e-05
10772,أوى,1,1.2915057665732477e-05
10773,ٱلفتية,1,1.2915057665732477e-05
10774,وهيئ,1,1.2915057665732477e-05
10775,فضربنا,1,1.2915057665732477e-05
10776,ٱلحزبين,1,1.2915057665732477e-05
10777,أحصى,1,1.2915057665732477e-05
10778,لبثوٓا,1,1.2915057665732477e-05
10779,أمدٗا,1,1.2915057665732477e-05
10780,نبأهم,1,1.2915057665732477e-05
10781,فتية,1,1.2915057665732477e-05
10782,وزدنهم,1,1.2915057665732477e-05
10783,وربطنا,1,1.2915057665732477e-05
10784,قلنآ,1,1.2915057665732477e-05
10785,شططا,1,1.2915057665732477e-05
10786,بينٖ,1,1.2915057665732477e-05
10787,ٱعتزلتموهم,1,1.2915057665732477e-05
10788,فأوٓا,1,1.2915057665732477e-05
10789,ينشر,1,1.2915057665732477e-05
10790,ويهيئ,1,1.2915057665732477e-05
10791,مرفقٗا,1,1.2915057665732477e-05
10792,طلعت,1,1.2915057665732477e-05
10793,تزور,1,1.2915057665732477e-05
10794,غربت,1,1.2915057665732477e-05
10795,تقرضهم,1,1.2915057665732477e-05
10796,فجوةٖ,1,1.2915057665732477e-05
10797,مرشدٗا,1,1.2915057665732477e-05
10798,وتحسبهم,1,1.2915057665732477e-05
10799,أيقاظٗا,1,1.2915057665732477e-05
10800,رقودٞ,1,1.2915057665732477e-05
10801,ونقلبهم,1,1.2915057665732477e-05
10802,وذات,1,1.2915057665732477e-05
10803,وكلبهم,1,1.2915057665732477e-05
10804,بسطٞ,1,1.2915057665732477e-05
10805,ذراعيه,1,1.2915057665732477e-05
10806,بٱلوصيد,1,1.2915057665732477e-05
10807,ٱطلعت,1,1.2915057665732477e-05
10808,لوليت,1,1.2915057665732477e-05
10809,ولملئت,1,1.2915057665732477e-05
10810,رعبٗا,1,1.2915057665732477e-05
10811,ليتسآءلوا,1,1.2915057665732477e-05
10812,فٱبعثوٓا,1,1.2915057665732477e-05
10813,بورقكم,1,1.2915057665732477e-05
10814,أيهآ,1,1.2915057665732477e-05
10815,طعامٗا,1,1.2915057665732477e-05
10816,فليأتكم,1,1.2915057665732477e-05
10817,برزقٖ,1,1.2915057665732477e-05
10818,وليتلطف,1,1.2915057665732477e-05
10819,يشعرن,1,1.2915057665732477e-05
10820,يرجموكم,1,1.2915057665732477e-05
10821,يعيدوكم,1,1.2915057665732477e-05
10822,تفلحوٓا,1,1.2915057665732477e-05
10823,أعثرنا,1,1.2915057665732477e-05
10824,ليعلموٓا,1,1.2915057665732477e-05
10825,غلبوا,1,1.2915057665732477e-05
10826,لنتخذن,1,1.2915057665732477e-05
10827,ثلثةٞ,1,1.2915057665732477e-05
10828,خمسةٞ,1,1.2915057665732477e-05
10829,رجما,1,1.2915057665732477e-05
10830,سبعةٞ,1,1.2915057665732477e-05
10831,وثامنهم,1,1.2915057665732477e-05
10832,بعدتهم,1,1.2915057665732477e-05
10833,تمار,1,1.2915057665732477e-05
10834,مرآءٗ,1,1.2915057665732477e-05
10835,تستفت,1,1.2915057665732477e-05
10836,تقولن,1,1.2915057665732477e-05
10837,لشايء,1,1.2915057665732477e-05
10838,فاعلٞ,1,1.2915057665732477e-05
10839,غدا,1,1.2915057665732477e-05
10840,لأقرب,1,1.2915057665732477e-05
10841,ولبثوا,1,1.2915057665732477e-05
10842,مائةٖ,1,1.2915057665732477e-05
10843,وٱزدادوا,1,1.2915057665732477e-05
10844,تسعٗا,1,1.2915057665732477e-05
10845,وأسمع,1,1.2915057665732477e-05
10846,حكمهٓ,1,1.2915057665732477e-05
10847,كتاب,1,1.2915057665732477e-05
10848,ملتحدٗا,1,1.2915057665732477e-05
10849,تعد,1,1.2915057665732477e-05
10850,عيناك,1,1.2915057665732477e-05
10851,أغفلنا,1,1.2915057665732477e-05
10852,فرطٗا,1,1.2915057665732477e-05
10853,فليؤمن,1,1.2915057665732477e-05
10854,فليكفر,1,1.2915057665732477e-05
10855,سرادقها,1,1.2915057665732477e-05
10856,يستغيثوا,1,1.2915057665732477e-05
10857,يغاثوا,1,1.2915057665732477e-05
10858,يشوي,1,1.2915057665732477e-05
10859,ٱلشراب,1,1.2915057665732477e-05
10860,مرتفقا,1,1.2915057665732477e-05
10861,عملا,1,1.2915057665732477e-05
10862,ويلبسون,1,1.2915057665732477e-05
10863,ثيابا,1,1.2915057665732477e-05
10864,وحسنت,1,1.2915057665732477e-05
10865,مرتفقٗا,1,1.2915057665732477e-05
10866,لأحدهما,1,1.2915057665732477e-05
10867,وحففنهما,1,1.2915057665732477e-05
10868,بنخلٖ,1,1.2915057665732477e-05
10869,كلتا,1,1.2915057665732477e-05
10870,ءاتت,1,1.2915057665732477e-05
10871,خللهما,1,1.2915057665732477e-05
10872,نهرٗا,1,1.2915057665732477e-05
10873,ثمرٞ,1,1.2915057665732477e-05
10874,وأعز,1,1.2915057665732477e-05
10875,جنته,1,1.2915057665732477e-05
10876,تبيد,1,1.2915057665732477e-05
10877,رددت,1,1.2915057665732477e-05
10878,لأجدن,1,1.2915057665732477e-05
10879,منقلبٗا,1,1.2915057665732477e-05
10880,صاحبه,1,1.2915057665732477e-05
10881,أكفرت,1,1.2915057665732477e-05
10882,سوىك,1,1.2915057665732477e-05
10883,ترن,1,1.2915057665732477e-05
10884,وولدٗا,1,1.2915057665732477e-05
10885,يؤتين,1,1.2915057665732477e-05
10886,زلقا,1,1.2915057665732477e-05
10887,يصبح,1,1.2915057665732477e-05
10888,مآؤها,1,1.2915057665732477e-05
10889,طلبٗا,1,1.2915057665732477e-05
10890,وأحيط,1,1.2915057665732477e-05
10891,بثمره,1,1.2915057665732477e-05
10892,منتصرا,1,1.2915057665732477e-05
10893,ٱلولية,1,1.2915057665732477e-05
10894,عقبٗا,1,1.2915057665732477e-05
10895,هشيمٗا,1,1.2915057665732477e-05
10896,تذروه,1,1.2915057665732477e-05
10897,مقتدرا,1,1.2915057665732477e-05
10898,وٱلبنون,1,1.2915057665732477e-05
10899,أملٗا,1,1.2915057665732477e-05
10900,نسير,1,1.2915057665732477e-05
10901,بارزةٗ,1,1.2915057665732477e-05
10902,وحشرنهم,1,1.2915057665732477e-05
10903,نغادر,1,1.2915057665732477e-05
10904,وعرضوا,1,1.2915057665732477e-05
10905,يويلتنا,1,1.2915057665732477e-05
10906,يغادر,1,1.2915057665732477e-05
10907,كبيرة,1,1.2915057665732477e-05
10908,أحصىها,1,1.2915057665732477e-05
10909,ووجدوا,1,1.2915057665732477e-05
10910,حاضرٗا,1,1.2915057665732477e-05
10911,ففسق,1,1.2915057665732477e-05
10912,أفتتخذونه,1,1.2915057665732477e-05
10913,وذريتهٓ,1,1.2915057665732477e-05
10914,بدلٗا,1,1.2915057665732477e-05
10915,أشهدتهم,1,1.2915057665732477e-05
10916,متخذ,1,1.2915057665732477e-05
10917,ٱلمضلين,1,1.2915057665732477e-05
10918,عضدٗا,1,1.2915057665732477e-05
10919,نادوا,1,1.2915057665732477e-05
10920,موبقٗا,1,1.2915057665732477e-05
10921,ورءا,1,1.2915057665732477e-05
10922,فظنوٓا,1,1.2915057665732477e-05
10923,مواقعوها,1,1.2915057665732477e-05
10924,مصرفٗا,1,1.2915057665732477e-05
10925,جدلٗا,1,1.2915057665732477e-05
10926,ويستغفروا,1,1.2915057665732477e-05
10927,ويجدل,1,1.2915057665732477e-05
10928,تدعهم,1,1.2915057665732477e-05
10929,يهتدوٓا,1,1.2915057665732477e-05
10930,يؤاخذهم,1,1.2915057665732477e-05
10931,لعجل,1,1.2915057665732477e-05
10932,موعدٞ,1,1.2915057665732477e-05
10933,موئلٗا,1,1.2915057665732477e-05
10934,لمهلكهم,1,1.2915057665732477e-05
10935,أمضي,1,1.2915057665732477e-05
10936,حقبٗا,1,1.2915057665732477e-05
10937,بلغا,1,1.2915057665732477e-05
10938,نسيا,1,1.2915057665732477e-05
10939,حوتهما,1,1.2915057665732477e-05
10940,فٱتخذ,1,1.2915057665732477e-05
10941,سربٗا,1,1.2915057665732477e-05
10942,جاوزا,1,1.2915057665732477e-05
10943,غدآءنا,1,1.2915057665732477e-05
10944,لقينا,1,1.2915057665732477e-05
10945,سفرنا,1,1.2915057665732477e-05
10946,نصبٗا,1,1.2915057665732477e-05
10947,أوينآ,1,1.2915057665732477e-05
10948,ٱلصخرة,1,1.2915057665732477e-05
10949,أنسىنيه,1,1.2915057665732477e-05
10950,أذكره,1,1.2915057665732477e-05
10951,نبغ,1,1.2915057665732477e-05
10952,فٱرتدا,1,1.2915057665732477e-05
10953,ءاثارهما,1,1.2915057665732477e-05
10954,قصصٗا,1,1.2915057665732477e-05
10955,عبادنآ,1,1.2915057665732477e-05
10956,أتبعك,1,1.2915057665732477e-05
10957,تعلمن,1,1.2915057665732477e-05
10958,تصبر,1,1.2915057665732477e-05
10959,أعصي,1,1.2915057665732477e-05
10960,ٱتبعتني,1,1.2915057665732477e-05
10961,تسٔلني,1,1.2915057665732477e-05
10962,أحدث,1,1.2915057665732477e-05
10963,ركبا,1,1.2915057665732477e-05
10964,خرقها,1,1.2915057665732477e-05
10965,أخرقتها,1,1.2915057665732477e-05
10966,لتغرق,1,1.2915057665732477e-05
10967,إمرٗا,1,1.2915057665732477e-05
10968,تؤاخذني,1,1.2915057665732477e-05
10969,ترهقني,1,1.2915057665732477e-05
10970,عسرٗا,1,1.2915057665732477e-05
10971,لقيا,1,1.2915057665732477e-05
10972,أقتلت,1,1.2915057665732477e-05
10973,زكية,1,1.2915057665732477e-05
10974,سألتك,1,1.2915057665732477e-05
10975,تصحبني,1,1.2915057665732477e-05
10976,لدني,1,1.2915057665732477e-05
10977,عذرٗا,1,1.2915057665732477e-05
10978,أتيآ,1,1.2915057665732477e-05
10979,ٱستطعمآ,1,1.2915057665732477e-05
10980,فأبوا,1,1.2915057665732477e-05
10981,يضيفوهما,1,1.2915057665732477e-05
10982,جدارٗا,1,1.2915057665732477e-05
10983,ينقض,1,1.2915057665732477e-05
10984,فأقامه,1,1.2915057665732477e-05
10985,لتخذت,1,1.2915057665732477e-05
10986,فراق,1,1.2915057665732477e-05
10987,سأنبئك,1,1.2915057665732477e-05
10988,تستطع,1,1.2915057665732477e-05
10989,صبرا,1,1.2915057665732477e-05
10990,لمسكين,1,1.2915057665732477e-05
10991,فأردت,1,1.2915057665732477e-05
10992,أعيبها,1,1.2915057665732477e-05
10993,يأخذ,1,1.2915057665732477e-05
10994,سفينة,1,1.2915057665732477e-05
10995,غصبٗا,1,1.2915057665732477e-05
10996,ٱلغلم,1,1.2915057665732477e-05
10997,فخشينآ,1,1.2915057665732477e-05
10998,يرهقهما,1,1.2915057665732477e-05
10999,فأردنآ,1,1.2915057665732477e-05
11000,يبدلهما,1,1.2915057665732477e-05
11001,زكوةٗ,1,1.2915057665732477e-05
11002,وأقرب,1,1.2915057665732477e-05
11003,رحمٗا,1,1.2915057665732477e-05
11004,ٱلجدار,1,1.2915057665732477e-05
11005,لغلمين,1,1.2915057665732477e-05
11006,يتيمين,1,1.2915057665732477e-05
11007,تحته,1,1.2915057665732477e-05
11008,كنزٞ,1,1.2915057665732477e-05
11009,أبوهما,1,1.2915057665732477e-05
11010,يبلغآ,1,1.2915057665732477e-05
11011,أشدهما,1,1.2915057665732477e-05
11012,ويستخرجا,1,1.2915057665732477e-05
11013,كنزهما,1,1.2915057665732477e-05
11014,فعلته,1,1.2915057665732477e-05
11015,تسطع,1,1.2915057665732477e-05
11016,سأتلوا,1,1.2915057665732477e-05
11017,سببٗا,1,1.2915057665732477e-05
11018,فأتبع,1,1.2915057665732477e-05
11019,مغرب,1,1.2915057665732477e-05
11020,تغرب,1,1.2915057665732477e-05
11021,حمئةٖ,1,1.2915057665732477e-05
11022,تعذب,1,1.2915057665732477e-05
11023,تتخذ,1,1.2915057665732477e-05
11024,نعذبه,1,1.2915057665732477e-05
11025,وسنقول,1,1.2915057665732477e-05
11026,دونها,1,1.2915057665732477e-05
11027,سترٗا,1,1.2915057665732477e-05
11028,أحطنا,1,1.2915057665732477e-05
11029,ٱلسدين,1,1.2915057665732477e-05
11030,مفسدون,1,1.2915057665732477e-05
11031,خرجا,1,1.2915057665732477e-05
11032,مكني,1,1.2915057665732477e-05
11033,فأعينوني,1,1.2915057665732477e-05
11034,بقوة,1,1.2915057665732477e-05
11035,ردما,1,1.2915057665732477e-05
11036,ءاتوني,1,1.2915057665732477e-05
11037,ساوى,1,1.2915057665732477e-05
11038,ٱلصدفين,1,1.2915057665732477e-05
11039,ٱنفخوا,1,1.2915057665732477e-05
11040,ءاتونيٓ,1,1.2915057665732477e-05
11041,قطرٗا,1,1.2915057665732477e-05
11042,ٱسطعوٓا,1,1.2915057665732477e-05
11043,يظهروه,1,1.2915057665732477e-05
11044,نقبٗا,1,1.2915057665732477e-05
11045,رحمةٞ,1,1.2915057665732477e-05
11046,دكآء,1,1.2915057665732477e-05
11047,يموج,1,1.2915057665732477e-05
11048,فجمعنهم,1,1.2915057665732477e-05
11049,وعرضنا,1,1.2915057665732477e-05
11050,عرضا,1,1.2915057665732477e-05
11051,غطآء,1,1.2915057665732477e-05
11052,سمعا,1,1.2915057665732477e-05
11053,أفحسب,1,1.2915057665732477e-05
11054,دونيٓ,1,1.2915057665732477e-05
11055,ننبئكم,1,1.2915057665732477e-05
11056,بٱلأخسرين,1,1.2915057665732477e-05
11057,أعملا,1,1.2915057665732477e-05
11058,يحسنون,1,1.2915057665732477e-05
11059,صنعا,1,1.2915057665732477e-05
11060,ولقآئه,1,1.2915057665732477e-05
11061,فحبطت,1,1.2915057665732477e-05
11062,نقيم,1,1.2915057665732477e-05
11063,وزنٗا,1,1.2915057665732477e-05
11064,ورسلي,1,1.2915057665732477e-05
11065,حولٗا,1,1.2915057665732477e-05
11066,مدادٗا,1,1.2915057665732477e-05
11067,لنفد,1,1.2915057665732477e-05
11068,تنفد,1,1.2915057665732477e-05
11069,مددٗا,1,1.2915057665732477e-05
11070,بعبادة,1,1.2915057665732477e-05
11071,كٓهيعٓصٓ,1,1.2915057665732477e-05
11072,زكريآ,1,1.2915057665732477e-05
11073,ندآء,1,1.2915057665732477e-05
11074,خفيٗا,1,1.2915057665732477e-05
11075,وهن,1,1.2915057665732477e-05
11076,وٱشتعل,1,1.2915057665732477e-05
11077,ٱلرأس,1,1.2915057665732477e-05
11078,شيبٗا,1,1.2915057665732477e-05
11079,بدعآئك,1,1.2915057665732477e-05
11080,ٱلمولي,1,1.2915057665732477e-05
11081,ورآءي,1,1.2915057665732477e-05
11082,فهب,1,1.2915057665732477e-05
11083,يرثني,1,1.2915057665732477e-05
11084,ويرث,1,1.2915057665732477e-05
11085,وٱجعله,1,1.2915057665732477e-05
11086,رضيٗا,1,1.2915057665732477e-05
11087,يزكريآ,1,1.2915057665732477e-05
11088,خلقتك,1,1.2915057665732477e-05
11089,سبحوا,1,1.2915057665732477e-05
11090,ييحيى,1,1.2915057665732477e-05
11091,وحنانٗا,1,1.2915057665732477e-05
11092,وزكوةٗ,1,1.2915057665732477e-05
11093,جبارا,1,1.2915057665732477e-05
11094,ٱنتبذت,1,1.2915057665732477e-05
11095,شرقيٗا,1,1.2915057665732477e-05
11096,فٱتخذت,1,1.2915057665732477e-05
11097,فأرسلنآ,1,1.2915057665732477e-05
11098,فتمثل,1,1.2915057665732477e-05
11099,لأهب,1,1.2915057665732477e-05
11100,زكيٗا,1,1.2915057665732477e-05
11101,أك,1,1.2915057665732477e-05
11102,ولنجعلهٓ,1,1.2915057665732477e-05
11103,فحملته,1,1.2915057665732477e-05
11104,فٱنتبذت,1,1.2915057665732477e-05
11105,قصيٗا,1,1.2915057665732477e-05
11106,فأجآءها,1,1.2915057665732477e-05
11107,ٱلمخاض,1,1.2915057665732477e-05
11108,جذع,1,1.2915057665732477e-05
11109,منسيٗا,1,1.2915057665732477e-05
11110,فنادىها,1,1.2915057665732477e-05
11111,تحتهآ,1,1.2915057665732477e-05
11112,تحزني,1,1.2915057665732477e-05
11113,تحتك,1,1.2915057665732477e-05
11114,سريٗا,1,1.2915057665732477e-05
11115,وهزيٓ,1,1.2915057665732477e-05
11116,بجذع,1,1.2915057665732477e-05
11117,رطبٗا,1,1.2915057665732477e-05
11118,جنيٗا,1,1.2915057665732477e-05
11119,فكلي,1,1.2915057665732477e-05
11120,وٱشربي,1,1.2915057665732477e-05
11121,وقري,1,1.2915057665732477e-05
11122,ترين,1,1.2915057665732477e-05
11123,فقوليٓ,1,1.2915057665732477e-05
11124,صومٗا,1,1.2915057665732477e-05
11125,أكلم,1,1.2915057665732477e-05
11126,إنسيٗا,1,1.2915057665732477e-05
11127,فأتت,1,1.2915057665732477e-05
11128,قومها,1,1.2915057665732477e-05
11129,فريٗا,1,1.2915057665732477e-05
11130,يٓأخت,1,1.2915057665732477e-05
11131,أبوك,1,1.2915057665732477e-05
11132,ٱمرأ,1,1.2915057665732477e-05
11133,فأشارت,1,1.2915057665732477e-05
11134,نكلم,1,1.2915057665732477e-05
11135,ءاتىني,1,1.2915057665732477e-05
11136,مباركا,1,1.2915057665732477e-05
11137,وأوصني,1,1.2915057665732477e-05
11138,بولدتي,1,1.2915057665732477e-05
11139,يجعلني,1,1.2915057665732477e-05
11140,ولدت,1,1.2915057665732477e-05
11141,مشهد,1,1.2915057665732477e-05
11142,يأتوننا,1,1.2915057665732477e-05
11143,ٱلحسرة,1,1.2915057665732477e-05
11144,نرث,1,1.2915057665732477e-05
11145,نبيا,1,1.2915057665732477e-05
11146,يبصر,1,1.2915057665732477e-05
11147,يأتك,1,1.2915057665732477e-05
11148,فٱتبعنيٓ,1,1.2915057665732477e-05
11149,أهدك,1,1.2915057665732477e-05
11150,للشيطن,1,1.2915057665732477e-05
11151,أراغب,1,1.2915057665732477e-05
11152,ءالهتي,1,1.2915057665732477e-05
11153,لأرجمنك,1,1.2915057665732477e-05
11154,وٱهجرني,1,1.2915057665732477e-05
11155,مليٗا,1,1.2915057665732477e-05
11156,سأستغفر,1,1.2915057665732477e-05
11157,حفيٗا,1,1.2915057665732477e-05
11158,وأعتزلكم,1,1.2915057665732477e-05
11159,وأدعوا,1,1.2915057665732477e-05
11160,بدعآء,1,1.2915057665732477e-05
11161,ٱعتزلهم,1,1.2915057665732477e-05
11162,وهبنا,1,1.2915057665732477e-05
11163,رحمتنا,1,1.2915057665732477e-05
11164,وقربنه,1,1.2915057665732477e-05
11165,صادق,1,1.2915057665732477e-05
11166,مرضيٗا,1,1.2915057665732477e-05
11167,إدريس,1,1.2915057665732477e-05
11168,ورفعنه,1,1.2915057665732477e-05
11169,مكانا,1,1.2915057665732477e-05
11170,عليا,1,1.2915057665732477e-05
11171,وإسرٓءيل,1,1.2915057665732477e-05
11172,وٱجتبينآ,1,1.2915057665732477e-05
11173,وبكيٗا,1,1.2915057665732477e-05
11174,أضاعوا,1,1.2915057665732477e-05
11175,غيا,1,1.2915057665732477e-05
11176,مأتيٗا,1,1.2915057665732477e-05
11177,لغوا,1,1.2915057665732477e-05
11178,نورث,1,1.2915057665732477e-05
11179,نتنزل,1,1.2915057665732477e-05
11180,أيدينا,1,1.2915057665732477e-05
11181,خلفنا,1,1.2915057665732477e-05
11182,لعبدته,1,1.2915057665732477e-05
11183,لسوف,1,1.2915057665732477e-05
11184,حيا,1,1.2915057665732477e-05
11185,لنحشرنهم,1,1.2915057665732477e-05
11186,لنحضرنهم,1,1.2915057665732477e-05
11187,لننزعن,1,1.2915057665732477e-05
11188,شيعة,1,1.2915057665732477e-05
11189,صليٗا,1,1.2915057665732477e-05
11190,واردها,1,1.2915057665732477e-05
11191,حتمٗا,1,1.2915057665732477e-05
11192,نديٗا,1,1.2915057665732477e-05
11193,ورءيٗا,1,1.2915057665732477e-05
11194,مدا,1,1.2915057665732477e-05
11195,وأضعف,1,1.2915057665732477e-05
11196,جندٗا,1,1.2915057665732477e-05
11197,ويزيد,1,1.2915057665732477e-05
11198,وخيرٞ,1,1.2915057665732477e-05
11199,مردا,1,1.2915057665732477e-05
11200,لأوتين,1,1.2915057665732477e-05
11201,وولدا,1,1.2915057665732477e-05
11202,ونمد,1,1.2915057665732477e-05
11203,مدٗا,1,1.2915057665732477e-05
11204,ونرثه,1,1.2915057665732477e-05
11205,ويأتينا,1,1.2915057665732477e-05
11206,عزٗا,1,1.2915057665732477e-05
11207,سيكفرون,1,1.2915057665732477e-05
11208,ويكونون,1,1.2915057665732477e-05
11209,ضدا,1,1.2915057665732477e-05
11210,تؤزهم,1,1.2915057665732477e-05
11211,أزٗا,1,1.2915057665732477e-05
11212,وفدٗا,1,1.2915057665732477e-05
11213,ونسوق,1,1.2915057665732477e-05
11214,وردٗا,1,1.2915057665732477e-05
11215,إدٗا,1,1.2915057665732477e-05
11216,وتنشق,1,1.2915057665732477e-05
11217,وتخر,1,1.2915057665732477e-05
11218,هدا,1,1.2915057665732477e-05
11219,ولدا,1,1.2915057665732477e-05
11220,ءاتي,1,1.2915057665732477e-05
11221,أحصىهم,1,1.2915057665732477e-05
11222,وكلهم,1,1.2915057665732477e-05
11223,ءاتيه,1,1.2915057665732477e-05
11224,فردا,1,1.2915057665732477e-05
11225,لتبشر,1,1.2915057665732477e-05
11226,لدٗا,1,1.2915057665732477e-05
11227,تحس,1,1.2915057665732477e-05
11228,ركزا,1,1.2915057665732477e-05
11229,طه,1,1.2915057665732477e-05
11230,لتشقىٓ,1,1.2915057665732477e-05
11231,ٱلثرى,1,1.2915057665732477e-05
11232,وأخفى,1,1.2915057665732477e-05
11233,بقبس,1,1.2915057665732477e-05
11234,فٱخلع,1,1.2915057665732477e-05
11235,نعليك,1,1.2915057665732477e-05
11236,طوٗى,1,1.2915057665732477e-05
11237,ٱخترتك,1,1.2915057665732477e-05
11238,فٱستمع,1,1.2915057665732477e-05
11239,إننيٓ,1,1.2915057665732477e-05
11240,فٱعبدني,1,1.2915057665732477e-05
11241,لذكريٓ,1,1.2915057665732477e-05
11242,ءاتية,1,1.2915057665732477e-05
11243,أكاد,1,1.2915057665732477e-05
11244,أخفيها,1,1.2915057665732477e-05
11245,لتجزى,1,1.2915057665732477e-05
11246,فتردى,1,1.2915057665732477e-05
11247,عصاي,1,1.2915057665732477e-05
11248,أتوكؤا,1,1.2915057665732477e-05
11249,وأهش,1,1.2915057665732477e-05
11250,غنمي,1,1.2915057665732477e-05
11251,مٔارب,1,1.2915057665732477e-05
11252,ألقها,1,1.2915057665732477e-05
11253,فألقىها,1,1.2915057665732477e-05
11254,حيةٞ,1,1.2915057665732477e-05
11255,خذها,1,1.2915057665732477e-05
11256,سنعيدها,1,1.2915057665732477e-05
11257,سيرتها,1,1.2915057665732477e-05
11258,لنريك,1,1.2915057665732477e-05
11259,ٱشرح,1,1.2915057665732477e-05
11260,ويسر,1,1.2915057665732477e-05
11261,وٱحلل,1,1.2915057665732477e-05
11262,عقدةٗ,1,1.2915057665732477e-05
11263,يفقهوا,1,1.2915057665732477e-05
11264,ٱشدد,1,1.2915057665732477e-05
11265,أزري,1,1.2915057665732477e-05
11266,وأشركه,1,1.2915057665732477e-05
11267,نسبحك,1,1.2915057665732477e-05
11268,ونذكرك,1,1.2915057665732477e-05
11269,أوتيت,1,1.2915057665732477e-05
11270,سؤلك,1,1.2915057665732477e-05
11271,أخرىٓ,1,1.2915057665732477e-05
11272,ٱقذفيه,1,1.2915057665732477e-05
11273,فٱقذفيه,1,1.2915057665732477e-05
11274,فليلقه,1,1.2915057665732477e-05
11275,بٱلساحل,1,1.2915057665732477e-05
11276,يأخذه,1,1.2915057665732477e-05
11277,وعدوٞ,1,1.2915057665732477e-05
11278,وألقيت,1,1.2915057665732477e-05
11279,محبةٗ,1,1.2915057665732477e-05
11280,ولتصنع,1,1.2915057665732477e-05
11281,عينيٓ,1,1.2915057665732477e-05
11282,تمشيٓ,1,1.2915057665732477e-05
11283,أختك,1,1.2915057665732477e-05
11284,فتقول,1,1.2915057665732477e-05
11285,يكفله,1,1.2915057665732477e-05
11286,فرجعنك,1,1.2915057665732477e-05
11287,وقتلت,1,1.2915057665732477e-05
11288,فنجينك,1,1.2915057665732477e-05
11289,وفتنك,1,1.2915057665732477e-05
11290,فتونٗا,1,1.2915057665732477e-05
11291,فلبثت,1,1.2915057665732477e-05
11292,وٱصطنعتك,1,1.2915057665732477e-05
11293,وأخوك,1,1.2915057665732477e-05
11294,تنيا,1,1.2915057665732477e-05
11295,فقولا,1,1.2915057665732477e-05
11296,لينٗا,1,1.2915057665732477e-05
11297,يفرط,1,1.2915057665732477e-05
11298,يطغى,1,1.2915057665732477e-05
11299,تخافآ,1,1.2915057665732477e-05
11300,معكمآ,1,1.2915057665732477e-05
11301,وأرى,1,1.2915057665732477e-05
11302,فأتياه,1,1.2915057665732477e-05
11303,ينسى,1,1.2915057665732477e-05
11304,وسلك,1,1.2915057665732477e-05
11305,نباتٖ,1,1.2915057665732477e-05
11306,وٱرعوا,1,1.2915057665732477e-05
11307,أنعمكم,1,1.2915057665732477e-05
11308,نعيدكم,1,1.2915057665732477e-05
11309,أرينه,1,1.2915057665732477e-05
11310,وأبى,1,1.2915057665732477e-05
11311,لتخرجنا,1,1.2915057665732477e-05
11312,أرضنا,1,1.2915057665732477e-05
11313,بسحرك,1,1.2915057665732477e-05
11314,فلنأتينك,1,1.2915057665732477e-05
11315,نخلفه,1,1.2915057665732477e-05
11316,سوٗى,1,1.2915057665732477e-05
11317,موعدكم,1,1.2915057665732477e-05
11318,ٱلزينة,1,1.2915057665732477e-05
11319,تفتروا,1,1.2915057665732477e-05
11320,فيسحتكم,1,1.2915057665732477e-05
11321,فتنزعوٓا,1,1.2915057665732477e-05
11322,هذن,1,1.2915057665732477e-05
11323,لسحرن,1,1.2915057665732477e-05
11324,يريدان,1,1.2915057665732477e-05
11325,يخرجاكم,1,1.2915057665732477e-05
11326,بسحرهما,1,1.2915057665732477e-05
11327,ويذهبا,1,1.2915057665732477e-05
11328,بطريقتكم,1,1.2915057665732477e-05
11329,ٱلمثلى,1,1.2915057665732477e-05
11330,فأجمعوا,1,1.2915057665732477e-05
11331,كيدكم,1,1.2915057665732477e-05
11332,ٱستعلى,1,1.2915057665732477e-05
11333,يخيل,1,1.2915057665732477e-05
11334,سحرهم,1,1.2915057665732477e-05
11335,صنعوٓا,1,1.2915057665732477e-05
11336,سحرٖ,1,1.2915057665732477e-05
11337,فلأقطعن,1,1.2915057665732477e-05
11338,جذوع,1,1.2915057665732477e-05
11339,أينآ,1,1.2915057665732477e-05
11340,نؤثرك,1,1.2915057665732477e-05
11341,فطرنا,1,1.2915057665732477e-05
11342,فٱقض,1,1.2915057665732477e-05
11343,قاض,1,1.2915057665732477e-05
11344,تقضي,1,1.2915057665732477e-05
11345,بربنا,1,1.2915057665732477e-05
11346,خطينا,1,1.2915057665732477e-05
11347,أكرهتنا,1,1.2915057665732477e-05
11348,مجرمٗا,1,1.2915057665732477e-05
11349,يأته,1,1.2915057665732477e-05
11350,طريقٗا,1,1.2915057665732477e-05
11351,يبسٗا,1,1.2915057665732477e-05
11352,دركٗا,1,1.2915057665732477e-05
11353,تخشى,1,1.2915057665732477e-05
11354,بجنوده,1,1.2915057665732477e-05
11355,فغشيهم,1,1.2915057665732477e-05
11356,ووعدنكم,1,1.2915057665732477e-05
11357,فيحل,1,1.2915057665732477e-05
11358,يحلل,1,1.2915057665732477e-05
11359,لغفارٞ,1,1.2915057665732477e-05
11360,أعجلك,1,1.2915057665732477e-05
11361,أثري,1,1.2915057665732477e-05
11362,وعجلت,1,1.2915057665732477e-05
11363,لترضى,1,1.2915057665732477e-05
11364,بعدك,1,1.2915057665732477e-05
11365,وأضلهم,1,1.2915057665732477e-05
11366,فرجع,1,1.2915057665732477e-05
11367,أفطال,1,1.2915057665732477e-05
11368,فأخلفتم,1,1.2915057665732477e-05
11369,موعدي,1,1.2915057665732477e-05
11370,أخلفنا,1,1.2915057665732477e-05
11371,موعدك,1,1.2915057665732477e-05
11372,بملكنا,1,1.2915057665732477e-05
11373,حملنآ,1,1.2915057665732477e-05
11374,أوزارٗا,1,1.2915057665732477e-05
11375,فقذفنها,1,1.2915057665732477e-05
11376,فكذلك,1,1.2915057665732477e-05
11377,خوارٞ,1,1.2915057665732477e-05
11378,وأطيعوٓا,1,1.2915057665732477e-05
11379,نبرح,1,1.2915057665732477e-05
11380,يهرون,1,1.2915057665732477e-05
11381,ضلوٓا,1,1.2915057665732477e-05
11382,تتبعن,1,1.2915057665732477e-05
11383,أفعصيت,1,1.2915057665732477e-05
11384,يبنؤم,1,1.2915057665732477e-05
11385,تأخذ,1,1.2915057665732477e-05
11386,بلحيتي,1,1.2915057665732477e-05
11387,برأسيٓ,1,1.2915057665732477e-05
11388,خشيت,1,1.2915057665732477e-05
11389,فرقت,1,1.2915057665732477e-05
11390,ترقب,1,1.2915057665732477e-05
11391,خطبك,1,1.2915057665732477e-05
11392,يسمري,1,1.2915057665732477e-05
11393,بصرت,1,1.2915057665732477e-05
11394,يبصروا,1,1.2915057665732477e-05
11395,فقبضت,1,1.2915057665732477e-05
11396,قبضةٗ,1,1.2915057665732477e-05
11397,فنبذتها,1,1.2915057665732477e-05
11398,مساس,1,1.2915057665732477e-05
11399,تخلفه,1,1.2915057665732477e-05
11400,ظلت,1,1.2915057665732477e-05
11401,عاكفٗا,1,1.2915057665732477e-05
11402,لنحرقنه,1,1.2915057665732477e-05
11403,لننسفنه,1,1.2915057665732477e-05
11404,نسفا,1,1.2915057665732477e-05
11405,وزرا,1,1.2915057665732477e-05
11406,حملٗا,1,1.2915057665732477e-05
11407,ونحشر,1,1.2915057665732477e-05
11408,زرقٗا,1,1.2915057665732477e-05
11409,طريقة,1,1.2915057665732477e-05
11410,ينسفها,1,1.2915057665732477e-05
11411,نسفٗا,1,1.2915057665732477e-05
11412,فيذرها,1,1.2915057665732477e-05
11413,قاعٗا,1,1.2915057665732477e-05
11414,صفصفٗا,1,1.2915057665732477e-05
11415,أمتٗا,1,1.2915057665732477e-05
11416,ٱلداعي,1,1.2915057665732477e-05
11417,عوج,1,1.2915057665732477e-05
11418,وخشعت,1,1.2915057665732477e-05
11419,ٱلأصوات,1,1.2915057665732477e-05
11420,همسٗا,1,1.2915057665732477e-05
11421,ورضي,1,1.2915057665732477e-05
11422,وعنت,1,1.2915057665732477e-05
11423,للحي,1,1.2915057665732477e-05
11424,هضمٗا,1,1.2915057665732477e-05
11425,يقضىٓ,1,1.2915057665732477e-05
11426,وحيه,1,1.2915057665732477e-05
11427,زدني,1,1.2915057665732477e-05
11428,عهدنآ,1,1.2915057665732477e-05
11429,نجد,1,1.2915057665732477e-05
11430,عزمٗا,1,1.2915057665732477e-05
11431,ولزوجك,1,1.2915057665732477e-05
11432,يخرجنكما,1,1.2915057665732477e-05
11433,فتشقىٓ,1,1.2915057665732477e-05
11434,تجوع,1,1.2915057665732477e-05
11435,تعرى,1,1.2915057665732477e-05
11436,وأنك,1,1.2915057665732477e-05
11437,تظمؤا,1,1.2915057665732477e-05
11438,تضحى,1,1.2915057665732477e-05
11439,أدلك,1,1.2915057665732477e-05
11440,وملكٖ,1,1.2915057665732477e-05
11441,يبلى,1,1.2915057665732477e-05
11442,فأكلا,1,1.2915057665732477e-05
11443,فبدت,1,1.2915057665732477e-05
11444,وعصىٓ,1,1.2915057665732477e-05
11445,فغوى,1,1.2915057665732477e-05
11446,ٱجتبه,1,1.2915057665732477e-05
11447,وهدى,1,1.2915057665732477e-05
11448,ٱهبطا,1,1.2915057665732477e-05
11449,يشقى,1,1.2915057665732477e-05
11450,معيشةٗ,1,1.2915057665732477e-05
11451,ضنكٗا,1,1.2915057665732477e-05
11452,ونحشره,1,1.2915057665732477e-05
11453,حشرتنيٓ,1,1.2915057665732477e-05
11454,أتتك,1,1.2915057665732477e-05
11455,فنسيتها,1,1.2915057665732477e-05
11456,تنسى,1,1.2915057665732477e-05
11457,أسرف,1,1.2915057665732477e-05
11458,لزامٗا,1,1.2915057665732477e-05
11459,غروبها,1,1.2915057665732477e-05
11460,ءانآيٕ,1,1.2915057665732477e-05
11461,وأطراف,1,1.2915057665732477e-05
11462,زهرة,1,1.2915057665732477e-05
11463,ورزق,1,1.2915057665732477e-05
11464,نسٔلك,1,1.2915057665732477e-05
11465,نرزقك,1,1.2915057665732477e-05
11466,بينة,1,1.2915057665732477e-05
11467,نذل,1,1.2915057665732477e-05
11468,ونخزى,1,1.2915057665732477e-05
11469,متربصٞ,1,1.2915057665732477e-05
11470,ٱلسوي,1,1.2915057665732477e-05
11471,ٱستمعوه,1,1.2915057665732477e-05
11472,لاهيةٗ,1,1.2915057665732477e-05
11473,أفتأتون,1,1.2915057665732477e-05
11474,أحلم,1,1.2915057665732477e-05
11475,فليأتنا,1,1.2915057665732477e-05
11476,صدقنهم,1,1.2915057665732477e-05
11477,فأنجينهم,1,1.2915057665732477e-05
11478,وأهلكنا,1,1.2915057665732477e-05
11479,ذكركم,1,1.2915057665732477e-05
11480,قصمنا,1,1.2915057665732477e-05
11481,ظالمةٗ,1,1.2915057665732477e-05
11482,أحسوا,1,1.2915057665732477e-05
11483,يركضون,1,1.2915057665732477e-05
11484,تركضوا,1,1.2915057665732477e-05
11485,وٱرجعوٓا,1,1.2915057665732477e-05
11486,أترفتم,1,1.2915057665732477e-05
11487,ومسكنكم,1,1.2915057665732477e-05
11488,زالت,1,1.2915057665732477e-05
11489,حصيدا,1,1.2915057665732477e-05
11490,خمدين,1,1.2915057665732477e-05
11491,لٱتخذنه,1,1.2915057665732477e-05
11492,نقذف,1,1.2915057665732477e-05
11493,فيدمغه,1,1.2915057665732477e-05
11494,زاهقٞ,1,1.2915057665732477e-05
11495,ٱلويل,1,1.2915057665732477e-05
11496,يستحسرون,1,1.2915057665732477e-05
11497,ينشرون,1,1.2915057665732477e-05
11498,لفسدتا,1,1.2915057665732477e-05
11499,عبادٞ,1,1.2915057665732477e-05
11500,يسبقونه,1,1.2915057665732477e-05
11501,يشفعون,1,1.2915057665732477e-05
11502,خشيته,1,1.2915057665732477e-05
11503,يقل,1,1.2915057665732477e-05
11504,نجزيه,1,1.2915057665732477e-05
11505,رتقٗا,1,1.2915057665732477e-05
11506,ففتقنهما,1,1.2915057665732477e-05
11507,محفوظٗا,1,1.2915057665732477e-05
11508,ءايتها,1,1.2915057665732477e-05
11509,لبشرٖ,1,1.2915057665732477e-05
11510,ٱلخلدون,1,1.2915057665732477e-05
11511,ونبلوكم,1,1.2915057665732477e-05
11512,وٱلخير,1,1.2915057665732477e-05
11513,رءاك,1,1.2915057665732477e-05
11514,عجلٖ,1,1.2915057665732477e-05
11515,يكفون,1,1.2915057665732477e-05
11516,فتبهتهم,1,1.2915057665732477e-05
11517,ردها,1,1.2915057665732477e-05
11518,يكلؤكم,1,1.2915057665732477e-05
11519,تمنعهم,1,1.2915057665732477e-05
11520,دوننا,1,1.2915057665732477e-05
11521,يصحبون,1,1.2915057665732477e-05
11522,طال,1,1.2915057665732477e-05
11523,أطرافهآ,1,1.2915057665732477e-05
11524,أنذركم,1,1.2915057665732477e-05
11525,بٱلوحي,1,1.2915057665732477e-05
11526,ينذرون,1,1.2915057665732477e-05
11527,نفحةٞ,1,1.2915057665732477e-05
11528,ونضع,1,1.2915057665732477e-05
11529,ٱلموزين,1,1.2915057665732477e-05
11530,ٱلقسط,1,1.2915057665732477e-05
11531,خردل,1,1.2915057665732477e-05
11532,حسبين,1,1.2915057665732477e-05
11533,وضيآءٗ,1,1.2915057665732477e-05
11534,وذكرٗا,1,1.2915057665732477e-05
11535,مبارك,1,1.2915057665732477e-05
11536,أفأنتم,1,1.2915057665732477e-05
11537,رشده,1,1.2915057665732477e-05
11538,ٱلتماثيل,1,1.2915057665732477e-05
11539,ٱللعبين,1,1.2915057665732477e-05
11540,فطرهن,1,1.2915057665732477e-05
11541,وتٱلله,1,1.2915057665732477e-05
11542,لأكيدن,1,1.2915057665732477e-05
11543,أصنمكم,1,1.2915057665732477e-05
11544,جذذا,1,1.2915057665732477e-05
11545,بٔالهتنآ,1,1.2915057665732477e-05
11546,فتٗى,1,1.2915057665732477e-05
11547,يذكرهم,1,1.2915057665732477e-05
11548,بٔالهتنا,1,1.2915057665732477e-05
11549,فعله,1,1.2915057665732477e-05
11550,فسٔلوهم,1,1.2915057665732477e-05
11551,فرجعوٓا,1,1.2915057665732477e-05
11552,نكسوا,1,1.2915057665732477e-05
11553,أفتعبدون,1,1.2915057665732477e-05
11554,وٱنصروٓا,1,1.2915057665732477e-05
11555,ينار,1,1.2915057665732477e-05
11556,كوني,1,1.2915057665732477e-05
11557,وأرادوا,1,1.2915057665732477e-05
11558,ٱلأخسرين,1,1.2915057665732477e-05
11559,تعمل,1,1.2915057665732477e-05
11560,وأدخلنه,1,1.2915057665732477e-05
11561,ونصرنه,1,1.2915057665732477e-05
11562,وداود,1,1.2915057665732477e-05
11563,يحكمان,1,1.2915057665732477e-05
11564,نفشت,1,1.2915057665732477e-05
11565,غنم,1,1.2915057665732477e-05
11566,لحكمهم,1,1.2915057665732477e-05
11567,ففهمنها,1,1.2915057665732477e-05
11568,وسخرنا,1,1.2915057665732477e-05
11569,صنعة,1,1.2915057665732477e-05
11570,لبوسٖ,1,1.2915057665732477e-05
11571,لتحصنكم,1,1.2915057665732477e-05
11572,شكرون,1,1.2915057665732477e-05
11573,عاصفةٗ,1,1.2915057665732477e-05
11574,يغوصون,1,1.2915057665732477e-05
11575,ويعملون,1,1.2915057665732477e-05
11576,للعبدين,1,1.2915057665732477e-05
11577,وإدريس,1,1.2915057665732477e-05
11578,وأدخلنهم,1,1.2915057665732477e-05
11579,ٱلنون,1,1.2915057665732477e-05
11580,مغضبٗا,1,1.2915057665732477e-05
11581,فظن,1,1.2915057665732477e-05
11582,نقدر,1,1.2915057665732477e-05
11583,نجي,1,1.2915057665732477e-05
11584,وزكريآ,1,1.2915057665732477e-05
11585,تذرني,1,1.2915057665732477e-05
11586,وأصلحنا,1,1.2915057665732477e-05
11587,زوجهٓ,1,1.2915057665732477e-05
11588,ويدعوننا,1,1.2915057665732477e-05
11589,رغبٗا,1,1.2915057665732477e-05
11590,ورهبٗا,1,1.2915057665732477e-05
11591,وٱلتيٓ,1,1.2915057665732477e-05
11592,وٱبنهآ,1,1.2915057665732477e-05
11593,كفران,1,1.2915057665732477e-05
11594,لسعيه,1,1.2915057665732477e-05
11595,كتبون,1,1.2915057665732477e-05
11596,حدبٖ,1,1.2915057665732477e-05
11597,شخصة,1,1.2915057665732477e-05
11598,حصب,1,1.2915057665732477e-05
11599,وردون,1,1.2915057665732477e-05
11600,وردوها,1,1.2915057665732477e-05
11601,ٱلحسنىٓ,1,1.2915057665732477e-05
11602,مبعدون,1,1.2915057665732477e-05
11603,حسيسها,1,1.2915057665732477e-05
11604,ٱشتهت,1,1.2915057665732477e-05
11605,يحزنهم,1,1.2915057665732477e-05
11606,ٱلفزع,1,1.2915057665732477e-05
11607,وتتلقىهم,1,1.2915057665732477e-05
11608,نطوي,1,1.2915057665732477e-05
11609,كطي,1,1.2915057665732477e-05
11610,ٱلسجل,1,1.2915057665732477e-05
11611,للكتب,1,1.2915057665732477e-05
11612,بدأنآ,1,1.2915057665732477e-05
11613,نعيده,1,1.2915057665732477e-05
11614,ٱلزبور,1,1.2915057665732477e-05
11615,يرثها,1,1.2915057665732477e-05
11616,لبلغٗا,1,1.2915057665732477e-05
11617,ءاذنتكم,1,1.2915057665732477e-05
11618,سوآءٖ,1,1.2915057665732477e-05
11619,أقريب,1,1.2915057665732477e-05
11620,زلزلة,1,1.2915057665732477e-05
11621,تذهل,1,1.2915057665732477e-05
11622,مرضعة,1,1.2915057665732477e-05
11623,أرضعت,1,1.2915057665732477e-05
11624,وتضع,1,1.2915057665732477e-05
11625,بسكرى,1,1.2915057665732477e-05
11626,مريدٖ,1,1.2915057665732477e-05
11627,تولاه,1,1.2915057665732477e-05
11628,ويهديه,1,1.2915057665732477e-05
11629,مضغةٖ,1,1.2915057665732477e-05
11630,لنبين,1,1.2915057665732477e-05
11631,ونقر,1,1.2915057665732477e-05
11632,هامدةٗ,1,1.2915057665732477e-05
11633,وأنبتت,1,1.2915057665732477e-05
11634,ءاتيةٞ,1,1.2915057665732477e-05
11635,عطفه,1,1.2915057665732477e-05
11636,ونذيقه,1,1.2915057665732477e-05
11637,يداك,1,1.2915057665732477e-05
11638,حرفٖ,1,1.2915057665732477e-05
11639,أصابه,1,1.2915057665732477e-05
11640,ٱطمأن,1,1.2915057665732477e-05
11641,أصابته,1,1.2915057665732477e-05
11642,ٱنقلب,1,1.2915057665732477e-05
11643,يضره,1,1.2915057665732477e-05
11644,ينفعه,1,1.2915057665732477e-05
11645,نفعه,1,1.2915057665732477e-05
11646,ٱلعشير,1,1.2915057665732477e-05
11647,بسبب,1,1.2915057665732477e-05
11648,وٱلمجوس,1,1.2915057665732477e-05
11649,وكثير,1,1.2915057665732477e-05
11650,يهن,1,1.2915057665732477e-05
11651,مكرم,1,1.2915057665732477e-05
11652,هذان,1,1.2915057665732477e-05
11653,ٱختصموا,1,1.2915057665732477e-05
11654,ثيابٞ,1,1.2915057665732477e-05
11655,يصب,1,1.2915057665732477e-05
11656,يصهر,1,1.2915057665732477e-05
11657,وٱلجلود,1,1.2915057665732477e-05
11658,مقمع,1,1.2915057665732477e-05
11659,حديدٖ,1,1.2915057665732477e-05
11660,غم,1,1.2915057665732477e-05
11661,ٱلعكف,1,1.2915057665732477e-05
11662,وٱلباد,1,1.2915057665732477e-05
11663,بإلحاد,1,1.2915057665732477e-05
11664,وطهر,1,1.2915057665732477e-05
11665,وٱلقآئمين,1,1.2915057665732477e-05
11666,وأذن,1,1.2915057665732477e-05
11667,بٱلحج,1,1.2915057665732477e-05
11668,ضامرٖ,1,1.2915057665732477e-05
11669,فج,1,1.2915057665732477e-05
11670,عميقٖ,1,1.2915057665732477e-05
11671,ليشهدوا,1,1.2915057665732477e-05
11672,ويذكروا,1,1.2915057665732477e-05
11673,معلومت,1,1.2915057665732477e-05
11674,ٱلبآئس,1,1.2915057665732477e-05
11675,ٱلفقير,1,1.2915057665732477e-05
11676,ليقضوا,1,1.2915057665732477e-05
11677,تفثهم,1,1.2915057665732477e-05
11678,وليوفوا,1,1.2915057665732477e-05
11679,نذورهم,1,1.2915057665732477e-05
11680,وليطوفوا,1,1.2915057665732477e-05
11681,بٱلبيت,1,1.2915057665732477e-05
11682,وأحلت,1,1.2915057665732477e-05
11683,فٱجتنبوا,1,1.2915057665732477e-05
11684,ٱلأوثن,1,1.2915057665732477e-05
11685,فتخطفه,1,1.2915057665732477e-05
11686,تهوي,1,1.2915057665732477e-05
11687,سحيقٖ,1,1.2915057665732477e-05
11688,محلهآ,1,1.2915057665732477e-05
11689,منسكٗا,1,1.2915057665732477e-05
11690,فإلهكم,1,1.2915057665732477e-05
11691,ٱلمخبتين,1,1.2915057665732477e-05
11692,وٱلمقيمي,1,1.2915057665732477e-05
11693,وٱلبدن,1,1.2915057665732477e-05
11694,صوآف,1,1.2915057665732477e-05
11695,وجبت,1,1.2915057665732477e-05
11696,جنوبها,1,1.2915057665732477e-05
11697,ٱلقانع,1,1.2915057665732477e-05
11698,وٱلمعتر,1,1.2915057665732477e-05
11699,سخرنها,1,1.2915057665732477e-05
11700,لحومها,1,1.2915057665732477e-05
11701,دمآؤها,1,1.2915057665732477e-05
11702,يناله,1,1.2915057665732477e-05
11703,لتكبروا,1,1.2915057665732477e-05
11704,يدفع,1,1.2915057665732477e-05
11705,خوانٖ,1,1.2915057665732477e-05
11706,كفور,1,1.2915057665732477e-05
11707,لقدير,1,1.2915057665732477e-05
11708,لهدمت,1,1.2915057665732477e-05
11709,صومع,1,1.2915057665732477e-05
11710,وبيعٞ,1,1.2915057665732477e-05
11711,وصلوتٞ,1,1.2915057665732477e-05
11712,ومسجد,1,1.2915057665732477e-05
11713,ولينصرن,1,1.2915057665732477e-05
11714,ينصرهٓ,1,1.2915057665732477e-05
11715,وأمروا,1,1.2915057665732477e-05
11716,ونهوا,1,1.2915057665732477e-05
11717,فكأين,1,1.2915057665732477e-05
11718,وبئرٖ,1,1.2915057665732477e-05
11719,معطلةٖ,1,1.2915057665732477e-05
11720,وقصرٖ,1,1.2915057665732477e-05
11721,مشيد,1,1.2915057665732477e-05
11722,كألف,1,1.2915057665732477e-05
11723,أمليت,1,1.2915057665732477e-05
11724,أخذتها,1,1.2915057665732477e-05
11725,وإلي,1,1.2915057665732477e-05
11726,سعوا,1,1.2915057665732477e-05
11727,تمنىٓ,1,1.2915057665732477e-05
11728,أمنيته,1,1.2915057665732477e-05
11729,فينسخ,1,1.2915057665732477e-05
11730,وٱلقاسية,1,1.2915057665732477e-05
11731,فيؤمنوا,1,1.2915057665732477e-05
11732,فتخبت,1,1.2915057665732477e-05
11733,لهاد,1,1.2915057665732477e-05
11734,عقيم,1,1.2915057665732477e-05
11735,ليرزقنهم,1,1.2915057665732477e-05
11736,ليدخلنهم,1,1.2915057665732477e-05
11737,يرضونه,1,1.2915057665732477e-05
11738,لعليم,1,1.2915057665732477e-05
11739,عاقب,1,1.2915057665732477e-05
11740,عوقب,1,1.2915057665732477e-05
11741,بغي,1,1.2915057665732477e-05
11742,لينصرنه,1,1.2915057665732477e-05
11743,مخضرة,1,1.2915057665732477e-05
11744,ويمسك,1,1.2915057665732477e-05
11745,تقع,1,1.2915057665732477e-05
11746,بإذنهٓ,1,1.2915057665732477e-05
11747,أحياكم,1,1.2915057665732477e-05
11748,منسكا,1,1.2915057665732477e-05
11749,ناسكوه,1,1.2915057665732477e-05
11750,ينزعنك,1,1.2915057665732477e-05
11751,جدلوك,1,1.2915057665732477e-05
11752,يسطون,1,1.2915057665732477e-05
11753,أفأنبئكم,1,1.2915057665732477e-05
11754,وعدها,1,1.2915057665732477e-05
11755,مثلٞ,1,1.2915057665732477e-05
11756,يخلقوا,1,1.2915057665732477e-05
11757,ذبابٗا,1,1.2915057665732477e-05
11758,ٱجتمعوا,1,1.2915057665732477e-05
11759,يسلبهم,1,1.2915057665732477e-05
11760,ٱلذباب,1,1.2915057665732477e-05
11761,يستنقذوه,1,1.2915057665732477e-05
11762,ٱلطالب,1,1.2915057665732477e-05
11763,وٱلمطلوب,1,1.2915057665732477e-05
11764,يصطفي,1,1.2915057665732477e-05
11765,وٱفعلوا,1,1.2915057665732477e-05
11766,جهاده,1,1.2915057665732477e-05
11767,ٱجتبىكم,1,1.2915057665732477e-05
11768,سمىكم,1,1.2915057665732477e-05
11769,خشعون,1,1.2915057665732477e-05
11770,للزكوة,1,1.2915057665732477e-05
11771,فعلون,1,1.2915057665732477e-05
11772,صلوتهم,1,1.2915057665732477e-05
11773,ٱلنطفة,1,1.2915057665732477e-05
11774,ٱلعلقة,1,1.2915057665732477e-05
11775,مضغةٗ,1,1.2915057665732477e-05
11776,ٱلمضغة,1,1.2915057665732477e-05
11777,فكسونا,1,1.2915057665732477e-05
11778,أنشأنه,1,1.2915057665732477e-05
11779,لميتون,1,1.2915057665732477e-05
11780,تبعثون,1,1.2915057665732477e-05
11781,فأسكنه,1,1.2915057665732477e-05
11782,ذهاب,1,1.2915057665732477e-05
11783,فأنشأنا,1,1.2915057665732477e-05
11784,وشجرةٗ,1,1.2915057665732477e-05
11785,طور,1,1.2915057665732477e-05
11786,سينآء,1,1.2915057665732477e-05
11787,بٱلدهن,1,1.2915057665732477e-05
11788,وصبغٖ,1,1.2915057665732477e-05
11789,للأٓكلين,1,1.2915057665732477e-05
11790,يتفضل,1,1.2915057665732477e-05
11791,ٱصنع,1,1.2915057665732477e-05
11792,فٱسلك,1,1.2915057665732477e-05
11793,ٱستويت,1,1.2915057665732477e-05
11794,أنزلني,1,1.2915057665732477e-05
11795,منزلٗا,1,1.2915057665732477e-05
11796,لمبتلين,1,1.2915057665732477e-05
11797,وأترفنهم,1,1.2915057665732477e-05
11798,ويشرب,1,1.2915057665732477e-05
11799,أطعتم,1,1.2915057665732477e-05
11800,أيعدكم,1,1.2915057665732477e-05
11801,مخرجون,1,1.2915057665732477e-05
11802,ليصبحن,1,1.2915057665732477e-05
11803,غثآءٗ,1,1.2915057665732477e-05
11804,قرونا,1,1.2915057665732477e-05
11805,تترا,1,1.2915057665732477e-05
11806,رسولها,1,1.2915057665732477e-05
11807,كذبوه,1,1.2915057665732477e-05
11808,فأتبعنا,1,1.2915057665732477e-05
11809,عالين,1,1.2915057665732477e-05
11810,لبشرين,1,1.2915057665732477e-05
11811,ٱلمهلكين,1,1.2915057665732477e-05
11812,وأمهٓ,1,1.2915057665732477e-05
11813,وءاوينهمآ,1,1.2915057665732477e-05
11814,ربوةٖ,1,1.2915057665732477e-05
11815,ومعينٖ,1,1.2915057665732477e-05
11816,فتقطعوٓا,1,1.2915057665732477e-05
11817,زبرٗا,1,1.2915057665732477e-05
11818,غمرتهم,1,1.2915057665732477e-05
11819,أيحسبون,1,1.2915057665732477e-05
11820,نمدهم,1,1.2915057665732477e-05
11821,نسارع,1,1.2915057665732477e-05
11822,ءاتوا,1,1.2915057665732477e-05
11823,وجلة,1,1.2915057665732477e-05
11824,سبقون,1,1.2915057665732477e-05
11825,أعملٞ,1,1.2915057665732477e-05
11826,مترفيهم,1,1.2915057665732477e-05
11827,يجٔرون,1,1.2915057665732477e-05
11828,تجٔروا,1,1.2915057665732477e-05
11829,تنكصون,1,1.2915057665732477e-05
11830,مستكبرين,1,1.2915057665732477e-05
11831,سمرٗا,1,1.2915057665732477e-05
11832,تهجرون,1,1.2915057665732477e-05
11833,يدبروا,1,1.2915057665732477e-05
11834,يعرفوا,1,1.2915057665732477e-05
11835,بذكرهم,1,1.2915057665732477e-05
11836,ذكرهم,1,1.2915057665732477e-05
11837,خرجٗا,1,1.2915057665732477e-05
11838,فخراج,1,1.2915057665732477e-05
11839,لتدعوهم,1,1.2915057665732477e-05
11840,لنكبون,1,1.2915057665732477e-05
11841,رحمنهم,1,1.2915057665732477e-05
11842,وكشفنا,1,1.2915057665732477e-05
11843,للجوا,1,1.2915057665732477e-05
11844,يجار,1,1.2915057665732477e-05
11845,تسحرون,1,1.2915057665732477e-05
11846,ولعلا,1,1.2915057665732477e-05
11847,تريني,1,1.2915057665732477e-05
11848,نريك,1,1.2915057665732477e-05
11849,همزت,1,1.2915057665732477e-05
11850,وأعوذ,1,1.2915057665732477e-05
11851,يحضرون,1,1.2915057665732477e-05
11852,ٱرجعون,1,1.2915057665732477e-05
11853,قآئلها,1,1.2915057665732477e-05
11854,برزخ,1,1.2915057665732477e-05
11855,أنساب,1,1.2915057665732477e-05
11856,تلفح,1,1.2915057665732477e-05
11857,كلحون,1,1.2915057665732477e-05
11858,شقوتنا,1,1.2915057665732477e-05
11859,ٱخسٔوا,1,1.2915057665732477e-05
11860,تكلمون,1,1.2915057665732477e-05
11861,فٱتخذتموهم,1,1.2915057665732477e-05
11862,أنسوكم,1,1.2915057665732477e-05
11863,تضحكون,1,1.2915057665732477e-05
11864,جزيتهم,1,1.2915057665732477e-05
11865,ٱلعآدين,1,1.2915057665732477e-05
11866,أفحسبتم,1,1.2915057665732477e-05
11867,عبثٗا,1,1.2915057665732477e-05
11868,وأنكم,1,1.2915057665732477e-05
11869,وٱرحم,1,1.2915057665732477e-05
11870,أنزلنها,1,1.2915057665732477e-05
11871,وفرضنها,1,1.2915057665732477e-05
11872,ٱلزانية,1,1.2915057665732477e-05
11873,وٱلزاني,1,1.2915057665732477e-05
11874,فٱجلدوا,1,1.2915057665732477e-05
11875,جلدةٖ,1,1.2915057665732477e-05
11876,تأخذكم,1,1.2915057665732477e-05
11877,رأفةٞ,1,1.2915057665732477e-05
11878,وليشهد,1,1.2915057665732477e-05
11879,عذابهما,1,1.2915057665732477e-05
11880,ٱلزاني,1,1.2915057665732477e-05
11881,زانية,1,1.2915057665732477e-05
11882,مشركةٗ,1,1.2915057665732477e-05
11883,وٱلزانية,1,1.2915057665732477e-05
11884,ينكحهآ,1,1.2915057665732477e-05
11885,زان,1,1.2915057665732477e-05
11886,مشركٞ,1,1.2915057665732477e-05
11887,فٱجلدوهم,1,1.2915057665732477e-05
11888,ثمنين,1,1.2915057665732477e-05
11889,جلدةٗ,1,1.2915057665732477e-05
11890,تقبلوا,1,1.2915057665732477e-05
11891,فشهدة,1,1.2915057665732477e-05
11892,ويدرؤا,1,1.2915057665732477e-05
11893,تواب,1,1.2915057665732477e-05
11894,بٱلإفك,1,1.2915057665732477e-05
11895,عصبةٞ,1,1.2915057665732477e-05
11896,تحسبوه,1,1.2915057665732477e-05
11897,ٱكتسب,1,1.2915057665732477e-05
11898,كبره,1,1.2915057665732477e-05
11899,بٱلشهدآء,1,1.2915057665732477e-05
11900,تلقونه,1,1.2915057665732477e-05
11901,بألسنتكم,1,1.2915057665732477e-05
11902,وتقولون,1,1.2915057665732477e-05
11903,بأفواهكم,1,1.2915057665732477e-05
11904,وتحسبونه,1,1.2915057665732477e-05
11905,هينٗا,1,1.2915057665732477e-05
11906,نتكلم,1,1.2915057665732477e-05
11907,بهتن,1,1.2915057665732477e-05
11908,لمثلهٓ,1,1.2915057665732477e-05
11909,تشيع,1,1.2915057665732477e-05
11910,زكى,1,1.2915057665732477e-05
11911,يأتل,1,1.2915057665732477e-05
11912,وٱلسعة,1,1.2915057665732477e-05
11913,يؤتوٓا,1,1.2915057665732477e-05
11914,وليعفوا,1,1.2915057665732477e-05
11915,وليصفحوٓا,1,1.2915057665732477e-05
11916,ٱلغفلت,1,1.2915057665732477e-05
11917,لعنوا,1,1.2915057665732477e-05
11918,وأيديهم,1,1.2915057665732477e-05
11919,يوفيهم,1,1.2915057665732477e-05
11920,ٱلخبيثت,1,1.2915057665732477e-05
11921,للخبيثين,1,1.2915057665732477e-05
11922,وٱلخبيثون,1,1.2915057665732477e-05
11923,للخبيثت,1,1.2915057665732477e-05
11924,للطيبين,1,1.2915057665732477e-05
11925,وٱلطيبون,1,1.2915057665732477e-05
11926,للطيبت,1,1.2915057665732477e-05
11927,مبرءون,1,1.2915057665732477e-05
11928,تستأنسوا,1,1.2915057665732477e-05
11929,وتسلموا,1,1.2915057665732477e-05
11930,تدخلوها,1,1.2915057665732477e-05
11931,مسكونةٖ,1,1.2915057665732477e-05
11932,يغضوا,1,1.2915057665732477e-05
11933,ويحفظوا,1,1.2915057665732477e-05
11934,للمؤمنت,1,1.2915057665732477e-05
11935,يغضضن,1,1.2915057665732477e-05
11936,أبصرهن,1,1.2915057665732477e-05
11937,ويحفظن,1,1.2915057665732477e-05
11938,فروجهن,1,1.2915057665732477e-05
11939,وليضربن,1,1.2915057665732477e-05
11940,بخمرهن,1,1.2915057665732477e-05
11941,جيوبهن,1,1.2915057665732477e-05
11942,لبعولتهن,1,1.2915057665732477e-05
11943,ءابآء,1,1.2915057665732477e-05
11944,ٱلتبعين,1,1.2915057665732477e-05
11945,ٱلإربة,1,1.2915057665732477e-05
11946,ٱلطفل,1,1.2915057665732477e-05
11947,عورت,1,1.2915057665732477e-05
11948,يضربن,1,1.2915057665732477e-05
11949,بأرجلهن,1,1.2915057665732477e-05
11950,يخفين,1,1.2915057665732477e-05
11951,وتوبوٓا,1,1.2915057665732477e-05
11952,وأنكحوا,1,1.2915057665732477e-05
11953,ٱلأيمى,1,1.2915057665732477e-05
11954,عبادكم,1,1.2915057665732477e-05
11955,وإمآئكم,1,1.2915057665732477e-05
11956,فقرآء,1,1.2915057665732477e-05
11957,يغنهم,1,1.2915057665732477e-05
11958,وليستعفف,1,1.2915057665732477e-05
11959,نكاحا,1,1.2915057665732477e-05
11960,يغنيهم,1,1.2915057665732477e-05
11961,فكاتبوهم,1,1.2915057665732477e-05
11962,ٱلبغآء,1,1.2915057665732477e-05
11963,أردن,1,1.2915057665732477e-05
11964,تحصنٗا,1,1.2915057665732477e-05
11965,يكرههن,1,1.2915057665732477e-05
11966,إكرههن,1,1.2915057665732477e-05
11967,كمشكوةٖ,1,1.2915057665732477e-05
11968,مصباح,1,1.2915057665732477e-05
11969,ٱلمصباح,1,1.2915057665732477e-05
11970,زجاجة,1,1.2915057665732477e-05
11971,ٱلزجاجة,1,1.2915057665732477e-05
11972,كوكبٞ,1,1.2915057665732477e-05
11973,دريٞ,1,1.2915057665732477e-05
11974,يوقد,1,1.2915057665732477e-05
11975,شجرةٖ,1,1.2915057665732477e-05
11976,مبركةٖ,1,1.2915057665732477e-05
11977,زيتونةٖ,1,1.2915057665732477e-05
11978,شرقيةٖ,1,1.2915057665732477e-05
11979,غربيةٖ,1,1.2915057665732477e-05
11980,زيتها,1,1.2915057665732477e-05
11981,يضيٓء,1,1.2915057665732477e-05
11982,تمسسه,1,1.2915057665732477e-05
11983,لنوره,1,1.2915057665732477e-05
11984,ترفع,1,1.2915057665732477e-05
11985,ويذكر,1,1.2915057665732477e-05
11986,تلهيهم,1,1.2915057665732477e-05
11987,تجرةٞ,1,1.2915057665732477e-05
11988,بيع,1,1.2915057665732477e-05
11989,تتقلب,1,1.2915057665732477e-05
11990,كسراب,1,1.2915057665732477e-05
11991,بقيعةٖ,1,1.2915057665732477e-05
11992,يحسبه,1,1.2915057665732477e-05
11993,ٱلظمٔان,1,1.2915057665732477e-05
11994,يجده,1,1.2915057665732477e-05
11995,فوفىه,1,1.2915057665732477e-05
11996,كظلمتٖ,1,1.2915057665732477e-05
11997,بحرٖ,1,1.2915057665732477e-05
11998,لجيٖ,1,1.2915057665732477e-05
11999,يغشىه,1,1.2915057665732477e-05
12000,يكد,1,1.2915057665732477e-05
12001,يرىها,1,1.2915057665732477e-05
12002,صلاته,1,1.2915057665732477e-05
12003,وتسبيحه,1,1.2915057665732477e-05
12004,يؤلف,1,1.2915057665732477e-05
12005,ركامٗا,1,1.2915057665732477e-05
12006,جبالٖ,1,1.2915057665732477e-05
12007,بردٖ,1,1.2915057665732477e-05
12008,ويصرفه,1,1.2915057665732477e-05
12009,سنا,1,1.2915057665732477e-05
12010,برقه,1,1.2915057665732477e-05
12011,يذهب,1,1.2915057665732477e-05
12012,بٱلأبصر,1,1.2915057665732477e-05
12013,بطنه,1,1.2915057665732477e-05
12014,أربعٖ,1,1.2915057665732477e-05
12015,وبٱلرسول,1,1.2915057665732477e-05
12016,يأتوٓا,1,1.2915057665732477e-05
12017,مذعنين,1,1.2915057665732477e-05
12018,ٱرتابوٓا,1,1.2915057665732477e-05
12019,يحيف,1,1.2915057665732477e-05
12020,ويخش,1,1.2915057665732477e-05
12021,ويتقه,1,1.2915057665732477e-05
12022,أمرتهم,1,1.2915057665732477e-05
12023,تقسموا,1,1.2915057665732477e-05
12024,معروفة,1,1.2915057665732477e-05
12025,وعليكم,1,1.2915057665732477e-05
12026,حملتم,1,1.2915057665732477e-05
12027,تطيعوه,1,1.2915057665732477e-05
12028,ليستخلفنهم,1,1.2915057665732477e-05
12029,ٱستخلف,1,1.2915057665732477e-05
12030,وليمكنن,1,1.2915057665732477e-05
12031,وليبدلنهم,1,1.2915057665732477e-05
12032,خوفهم,1,1.2915057665732477e-05
12033,أمنٗا,1,1.2915057665732477e-05
12034,يعبدونني,1,1.2915057665732477e-05
12035,ليستٔذنكم,1,1.2915057665732477e-05
12036,يبلغوا,1,1.2915057665732477e-05
12037,مرتٖ,1,1.2915057665732477e-05
12038,تضعون,1,1.2915057665732477e-05
12039,ثيابكم,1,1.2915057665732477e-05
12040,ٱلظهيرة,1,1.2915057665732477e-05
12041,ٱلعشآء,1,1.2915057665732477e-05
12042,عورتٖ,1,1.2915057665732477e-05
12043,بعدهن,1,1.2915057665732477e-05
12044,طوفون,1,1.2915057665732477e-05
12045,ٱلأطفل,1,1.2915057665732477e-05
12046,فليستٔذنوا,1,1.2915057665732477e-05
12047,ٱستٔذن,1,1.2915057665732477e-05
12048,وٱلقوعد,1,1.2915057665732477e-05
12049,نكاحٗا,1,1.2915057665732477e-05
12050,ثيابهن,1,1.2915057665732477e-05
12051,متبرجت,1,1.2915057665732477e-05
12052,بزينةٖ,1,1.2915057665732477e-05
12053,يستعففن,1,1.2915057665732477e-05
12054,إخونكم,1,1.2915057665732477e-05
12055,أخوتكم,1,1.2915057665732477e-05
12056,أعممكم,1,1.2915057665732477e-05
12057,عمتكم,1,1.2915057665732477e-05
12058,أخولكم,1,1.2915057665732477e-05
12059,خلتكم,1,1.2915057665732477e-05
12060,ملكتم,1,1.2915057665732477e-05
12061,مفاتحهٓ,1,1.2915057665732477e-05
12062,صديقكم,1,1.2915057665732477e-05
12063,فسلموا,1,1.2915057665732477e-05
12064,مبركةٗ,1,1.2915057665732477e-05
12065,جامعٖ,1,1.2915057665732477e-05
12066,يستٔذنوه,1,1.2915057665732477e-05
12067,ٱستٔذنوك,1,1.2915057665732477e-05
12068,شأنهم,1,1.2915057665732477e-05
12069,كدعآء,1,1.2915057665732477e-05
12070,يتسللون,1,1.2915057665732477e-05
12071,لواذٗا,1,1.2915057665732477e-05
12072,فليحذر,1,1.2915057665732477e-05
12073,يخالفون,1,1.2915057665732477e-05
12074,موتٗا,1,1.2915057665732477e-05
12075,إفك,1,1.2915057665732477e-05
12076,وأعانه,1,1.2915057665732477e-05
12077,ءاخرون,1,1.2915057665732477e-05
12078,ٱكتتبها,1,1.2915057665732477e-05
12079,تملى,1,1.2915057665732477e-05
12080,ويمشي,1,1.2915057665732477e-05
12081,قصورا,1,1.2915057665732477e-05
12082,رأتهم,1,1.2915057665732477e-05
12083,تغيظٗا,1,1.2915057665732477e-05
12084,وزفيرٗا,1,1.2915057665732477e-05
12085,ضيقٗا,1,1.2915057665732477e-05
12086,ومصيرٗا,1,1.2915057665732477e-05
12087,أضللتم,1,1.2915057665732477e-05
12088,متعتهم,1,1.2915057665732477e-05
12089,كذبوكم,1,1.2915057665732477e-05
12090,تستطيعون,1,1.2915057665732477e-05
12091,صرفٗا,1,1.2915057665732477e-05
12092,ويمشون,1,1.2915057665732477e-05
12093,أتصبرون,1,1.2915057665732477e-05
12094,وعتو,1,1.2915057665732477e-05
12095,عتوٗا,1,1.2915057665732477e-05
12096,حجرٗا,1,1.2915057665732477e-05
12097,وقدمنآ,1,1.2915057665732477e-05
12098,منثورا,1,1.2915057665732477e-05
12099,مقيلٗا,1,1.2915057665732477e-05
12100,بٱلغمم,1,1.2915057665732477e-05
12101,ونزل,1,1.2915057665732477e-05
12102,تنزيلا,1,1.2915057665732477e-05
12103,عسيرٗا,1,1.2915057665732477e-05
12104,يعض,1,1.2915057665732477e-05
12105,يويلتى,1,1.2915057665732477e-05
12106,ليتني,1,1.2915057665732477e-05
12107,فلانا,1,1.2915057665732477e-05
12108,أضلني,1,1.2915057665732477e-05
12109,خذولٗا,1,1.2915057665732477e-05
12110,مهجورٗا,1,1.2915057665732477e-05
12111,هاديٗا,1,1.2915057665732477e-05
12112,ونصيرٗا,1,1.2915057665732477e-05
12113,جملةٗ,1,1.2915057665732477e-05
12114,لنثبت,1,1.2915057665732477e-05
12115,ورتلنه,1,1.2915057665732477e-05
12116,ترتيلٗا,1,1.2915057665732477e-05
12117,يأتونك,1,1.2915057665732477e-05
12118,تفسيرا,1,1.2915057665732477e-05
12119,فدمرنهم,1,1.2915057665732477e-05
12120,أغرقنهم,1,1.2915057665732477e-05
12121,وقرونا,1,1.2915057665732477e-05
12122,تبرنا,1,1.2915057665732477e-05
12123,تتبيرٗا,1,1.2915057665732477e-05
12124,أمطرت,1,1.2915057665732477e-05
12125,رأوك,1,1.2915057665732477e-05
12126,ليضلنا,1,1.2915057665732477e-05
12127,تحسب,1,1.2915057665732477e-05
12128,لجعله,1,1.2915057665732477e-05
12129,ساكنٗا,1,1.2915057665732477e-05
12130,دليلٗا,1,1.2915057665732477e-05
12131,قبضنه,1,1.2915057665732477e-05
12132,قبضٗا,1,1.2915057665732477e-05
12133,وٱلنوم,1,1.2915057665732477e-05
12134,طهورٗا,1,1.2915057665732477e-05
12135,لنحي,1,1.2915057665732477e-05
12136,ونسقيه,1,1.2915057665732477e-05
12137,وأناسي,1,1.2915057665732477e-05
12138,صرفنه,1,1.2915057665732477e-05
12139,لبعثنا,1,1.2915057665732477e-05
12140,وجهدهم,1,1.2915057665732477e-05
12141,جهادٗا,1,1.2915057665732477e-05
12142,برزخٗا,1,1.2915057665732477e-05
12143,وحجرٗا,1,1.2915057665732477e-05
12144,وصهرٗا,1,1.2915057665732477e-05
12145,أنسجد,1,1.2915057665732477e-05
12146,تأمرنا,1,1.2915057665732477e-05
12147,وزادهم,1,1.2915057665732477e-05
12148,سرجٗا,1,1.2915057665732477e-05
12149,وقمرٗا,1,1.2915057665732477e-05
12150,خلفةٗ,1,1.2915057665732477e-05
12151,وعباد,1,1.2915057665732477e-05
12152,هونٗا,1,1.2915057665732477e-05
12153,خاطبهم,1,1.2915057665732477e-05
12154,وقيمٗا,1,1.2915057665732477e-05
12155,ٱصرف,1,1.2915057665732477e-05
12156,غراما,1,1.2915057665732477e-05
12157,سآءت,1,1.2915057665732477e-05
12158,يسرفوا,1,1.2915057665732477e-05
12159,يقتروا,1,1.2915057665732477e-05
12160,قوامٗا,1,1.2915057665732477e-05
12161,يزنون,1,1.2915057665732477e-05
12162,يلق,1,1.2915057665732477e-05
12163,أثامٗا,1,1.2915057665732477e-05
12164,ويخلد,1,1.2915057665732477e-05
12165,مهانا,1,1.2915057665732477e-05
12166,حسنتٖ,1,1.2915057665732477e-05
12167,متابٗا,1,1.2915057665732477e-05
12168,يخروا,1,1.2915057665732477e-05
12169,صمٗا,1,1.2915057665732477e-05
12170,وعميانٗا,1,1.2915057665732477e-05
12171,وذريتنا,1,1.2915057665732477e-05
12172,إماما,1,1.2915057665732477e-05
12173,ٱلغرفة,1,1.2915057665732477e-05
12174,ويلقون,1,1.2915057665732477e-05
12175,حسنت,1,1.2915057665732477e-05
12176,يعبؤا,1,1.2915057665732477e-05
12177,دعآؤكم,1,1.2915057665732477e-05
12178,لزاما,1,1.2915057665732477e-05
12179,فظلت,1,1.2915057665732477e-05
12180,خضعين,1,1.2915057665732477e-05
12181,فسيأتيهم,1,1.2915057665732477e-05
12182,أنبتنا,1,1.2915057665732477e-05
12183,ويضيق,1,1.2915057665732477e-05
12184,ينطلق,1,1.2915057665732477e-05
12185,ذنبٞ,1,1.2915057665732477e-05
12186,فٱذهبا,1,1.2915057665732477e-05
12187,مستمعون,1,1.2915057665732477e-05
12188,فأتيا,1,1.2915057665732477e-05
12189,نربك,1,1.2915057665732477e-05
12190,وليدٗا,1,1.2915057665732477e-05
12191,ولبثت,1,1.2915057665732477e-05
12192,عمرك,1,1.2915057665732477e-05
12193,وفعلت,1,1.2915057665732477e-05
12194,فعلتك,1,1.2915057665732477e-05
12195,فعلتهآ,1,1.2915057665732477e-05
12196,ففررت,1,1.2915057665732477e-05
12197,خفتكم,1,1.2915057665732477e-05
12198,فوهب,1,1.2915057665732477e-05
12199,تمنها,1,1.2915057665732477e-05
12200,عبدت,1,1.2915057665732477e-05
12201,تستمعون,1,1.2915057665732477e-05
12202,لأجعلنك,1,1.2915057665732477e-05
12203,ٱلمسجونين,1,1.2915057665732477e-05
12204,جئتك,1,1.2915057665732477e-05
12205,للملإ,1,1.2915057665732477e-05
12206,بسحره,1,1.2915057665732477e-05
12207,سحار,1,1.2915057665732477e-05
12208,لميقت,1,1.2915057665732477e-05
12209,مجتمعون,1,1.2915057665732477e-05
12210,لعلنا,1,1.2915057665732477e-05
12211,بعزة,1,1.2915057665732477e-05
12212,فلسوف,1,1.2915057665732477e-05
12213,ضير,1,1.2915057665732477e-05
12214,نطمع,1,1.2915057665732477e-05
12215,خطينآ,1,1.2915057665732477e-05
12216,كنآ,1,1.2915057665732477e-05
12217,بعباديٓ,1,1.2915057665732477e-05
12218,لشرذمةٞ,1,1.2915057665732477e-05
12219,قليلون,1,1.2915057665732477e-05
12220,لغآئظون,1,1.2915057665732477e-05
12221,لجميع,1,1.2915057665732477e-05
12222,حذرون,1,1.2915057665732477e-05
12223,فأخرجنهم,1,1.2915057665732477e-05
12224,وكنوزٖ,1,1.2915057665732477e-05
12225,فأتبعوهم,1,1.2915057665732477e-05
12226,ترٓءا,1,1.2915057665732477e-05
12227,لمدركون,1,1.2915057665732477e-05
12228,فٱنفلق,1,1.2915057665732477e-05
12229,فرقٖ,1,1.2915057665732477e-05
12230,كٱلطود,1,1.2915057665732477e-05
12231,وأزلفنا,1,1.2915057665732477e-05
12232,أصنامٗا,1,1.2915057665732477e-05
12233,فنظل,1,1.2915057665732477e-05
12234,يسمعونكم,1,1.2915057665732477e-05
12235,ينفعونكم,1,1.2915057665732477e-05
12236,يضرون,1,1.2915057665732477e-05
12237,ٱلأقدمون,1,1.2915057665732477e-05
12238,خلقني,1,1.2915057665732477e-05
12239,يطعمني,1,1.2915057665732477e-05
12240,ويسقين,1,1.2915057665732477e-05
12241,مرضت,1,1.2915057665732477e-05
12242,يشفين,1,1.2915057665732477e-05
12243,يميتني,1,1.2915057665732477e-05
12244,يحيين,1,1.2915057665732477e-05
12245,أطمع,1,1.2915057665732477e-05
12246,خطيٓٔتي,1,1.2915057665732477e-05
12247,وٱجعلني,1,1.2915057665732477e-05
12248,ورثة,1,1.2915057665732477e-05
12249,لأبيٓ,1,1.2915057665732477e-05
12250,تخزني,1,1.2915057665732477e-05
12251,مالٞ,1,1.2915057665732477e-05
12252,بنون,1,1.2915057665732477e-05
12253,سليمٖ,1,1.2915057665732477e-05
12254,للغاوين,1,1.2915057665732477e-05
12255,ينصرونكم,1,1.2915057665732477e-05
12256,فكبكبوا,1,1.2915057665732477e-05
12257,وٱلغاون,1,1.2915057665732477e-05
12258,وجنود,1,1.2915057665732477e-05
12259,نسويكم,1,1.2915057665732477e-05
12260,أضلنآ,1,1.2915057665732477e-05
12261,شفعين,1,1.2915057665732477e-05
12262,صديق,1,1.2915057665732477e-05
12263,فنكون,1,1.2915057665732477e-05
12264,وٱتبعك,1,1.2915057665732477e-05
12265,ٱلأرذلون,1,1.2915057665732477e-05
12266,علمي,1,1.2915057665732477e-05
12267,ٱلمرجومين,1,1.2915057665732477e-05
12268,فٱفتح,1,1.2915057665732477e-05
12269,أتبنون,1,1.2915057665732477e-05
12270,ريع,1,1.2915057665732477e-05
12271,تعبثون,1,1.2915057665732477e-05
12272,وتتخذون,1,1.2915057665732477e-05
12273,مصانع,1,1.2915057665732477e-05
12274,تخلدون,1,1.2915057665732477e-05
12275,بأنعمٖ,1,1.2915057665732477e-05
12276,أوعظت,1,1.2915057665732477e-05
12277,ٱلوعظين,1,1.2915057665732477e-05
12278,أتتركون,1,1.2915057665732477e-05
12279,ههنآ,1,1.2915057665732477e-05
12280,ونخلٖ,1,1.2915057665732477e-05
12281,هضيمٞ,1,1.2915057665732477e-05
12282,فرهين,1,1.2915057665732477e-05
12283,تطيعوٓا,1,1.2915057665732477e-05
12284,ناقةٞ,1,1.2915057665732477e-05
12285,شربٞ,1,1.2915057665732477e-05
12286,ٱلذكران,1,1.2915057665732477e-05
12287,عادون,1,1.2915057665732477e-05
12288,ٱلمخرجين,1,1.2915057665732477e-05
12289,لعملكم,1,1.2915057665732477e-05
12290,ٱلقالين,1,1.2915057665732477e-05
12291,وأهلي,1,1.2915057665732477e-05
12292,شعيب,1,1.2915057665732477e-05
12293,ٱلمخسرين,1,1.2915057665732477e-05
12294,وٱلجبلة,1,1.2915057665732477e-05
12295,نظنك,1,1.2915057665732477e-05
12296,فأسقط,1,1.2915057665732477e-05
12297,ٱلظلة,1,1.2915057665732477e-05
12298,لتنزيل,1,1.2915057665732477e-05
12299,عربيٖ,1,1.2915057665732477e-05
12300,علمٓؤا,1,1.2915057665732477e-05
12301,نزلنه,1,1.2915057665732477e-05
12302,ٱلأعجمين,1,1.2915057665732477e-05
12303,فقرأه,1,1.2915057665732477e-05
12304,سلكنه,1,1.2915057665732477e-05
12305,فيأتيهم,1,1.2915057665732477e-05
12306,منظرون,1,1.2915057665732477e-05
12307,متعنهم,1,1.2915057665732477e-05
12308,يمتعون,1,1.2915057665732477e-05
12309,منذرون,1,1.2915057665732477e-05
12310,تنزلت,1,1.2915057665732477e-05
12311,لمعزولون,1,1.2915057665732477e-05
12312,ٱلمعذبين,1,1.2915057665732477e-05
12313,عشيرتك,1,1.2915057665732477e-05
12314,ٱلأقربين,1,1.2915057665732477e-05
12315,عصوك,1,1.2915057665732477e-05
12316,يرىك,1,1.2915057665732477e-05
12317,وتقلبك,1,1.2915057665732477e-05
12318,وٱلشعرآء,1,1.2915057665732477e-05
12319,يتبعهم,1,1.2915057665732477e-05
12320,ٱلغاون,1,1.2915057665732477e-05
12321,وادٖ,1,1.2915057665732477e-05
12322,يهيمون,1,1.2915057665732477e-05
12323,وذكروا,1,1.2915057665732477e-05
12324,وٱنتصروا,1,1.2915057665732477e-05
12325,منقلبٖ,1,1.2915057665732477e-05
12326,ينقلبون,1,1.2915057665732477e-05
12327,طسٓ,1,1.2915057665732477e-05
12328,وكتابٖ,1,1.2915057665732477e-05
12329,لتلقى,1,1.2915057665732477e-05
12330,لأهلهٓ,1,1.2915057665732477e-05
12331,سٔاتيكم,1,1.2915057665732477e-05
12332,بشهابٖ,1,1.2915057665732477e-05
12333,قبسٖ,1,1.2915057665732477e-05
12334,بورك,1,1.2915057665732477e-05
12335,بدل,1,1.2915057665732477e-05
12336,وجحدوا,1,1.2915057665732477e-05
12337,وٱستيقنتهآ,1,1.2915057665732477e-05
12338,وعلوٗا,1,1.2915057665732477e-05
12339,وقالا,1,1.2915057665732477e-05
12340,وورث,1,1.2915057665732477e-05
12341,منطق,1,1.2915057665732477e-05
12342,وحشر,1,1.2915057665732477e-05
12343,لسليمن,1,1.2915057665732477e-05
12344,جنوده,1,1.2915057665732477e-05
12345,واد,1,1.2915057665732477e-05
12346,نملةٞ,1,1.2915057665732477e-05
12347,مسكنكم,1,1.2915057665732477e-05
12348,يحطمنكم,1,1.2915057665732477e-05
12349,فتبسم,1,1.2915057665732477e-05
12350,ضاحكٗا,1,1.2915057665732477e-05
12351,قولها,1,1.2915057665732477e-05
12352,وأدخلني,1,1.2915057665732477e-05
12353,وتفقد,1,1.2915057665732477e-05
12354,مالي,1,1.2915057665732477e-05
12355,ٱلهدهد,1,1.2915057665732477e-05
12356,ٱلغآئبين,1,1.2915057665732477e-05
12357,لأعذبنه,1,1.2915057665732477e-05
12358,لأاذبحنهٓ,1,1.2915057665732477e-05
12359,ليأتيني,1,1.2915057665732477e-05
12360,فمكث,1,1.2915057665732477e-05
12361,أحطت,1,1.2915057665732477e-05
12362,وجئتك,1,1.2915057665732477e-05
12363,سبإ,1,1.2915057665732477e-05
12364,يقين,1,1.2915057665732477e-05
12365,وجدت,1,1.2915057665732477e-05
12366,ٱمرأةٗ,1,1.2915057665732477e-05
12367,تملكهم,1,1.2915057665732477e-05
12368,وأوتيت,1,1.2915057665732477e-05
12369,وجدتها,1,1.2915057665732477e-05
12370,وقومها,1,1.2915057665732477e-05
12371,يسجدوا,1,1.2915057665732477e-05
12372,ٱلخبء,1,1.2915057665732477e-05
12373,سننظر,1,1.2915057665732477e-05
12374,أصدقت,1,1.2915057665732477e-05
12375,بكتبي,1,1.2915057665732477e-05
12376,فألقه,1,1.2915057665732477e-05
12377,تول,1,1.2915057665732477e-05
12378,قاطعة,1,1.2915057665732477e-05
12379,فٱنظري,1,1.2915057665732477e-05
12380,تأمرين,1,1.2915057665732477e-05
12381,ٱلملوك,1,1.2915057665732477e-05
12382,أفسدوها,1,1.2915057665732477e-05
12383,وجعلوٓا,1,1.2915057665732477e-05
12384,مرسلة,1,1.2915057665732477e-05
12385,بهديةٖ,1,1.2915057665732477e-05
12386,فناظرة,1,1.2915057665732477e-05
12387,بم,1,1.2915057665732477e-05
12388,أتمدونن,1,1.2915057665732477e-05
12389,بمالٖ,1,1.2915057665732477e-05
12390,ءاتىن,1,1.2915057665732477e-05
12391,بهديتكم,1,1.2915057665732477e-05
12392,فلنأتينهم,1,1.2915057665732477e-05
12393,ولنخرجنهم,1,1.2915057665732477e-05
12394,بعرشها,1,1.2915057665732477e-05
12395,يأتوني,1,1.2915057665732477e-05
12396,عفريتٞ,1,1.2915057665732477e-05
12397,مقامك,1,1.2915057665732477e-05
12398,طرفك,1,1.2915057665732477e-05
12399,مستقرا,1,1.2915057665732477e-05
12400,ليبلونيٓ,1,1.2915057665732477e-05
12401,ءأشكر,1,1.2915057665732477e-05
12402,أكفر,1,1.2915057665732477e-05
12403,غنيٞ,1,1.2915057665732477e-05
12404,نكروا,1,1.2915057665732477e-05
12405,عرشها,1,1.2915057665732477e-05
12406,ننظر,1,1.2915057665732477e-05
12407,أتهتديٓ,1,1.2915057665732477e-05
12408,أهكذا,1,1.2915057665732477e-05
12409,عرشك,1,1.2915057665732477e-05
12410,قبلها,1,1.2915057665732477e-05
12411,وصدها,1,1.2915057665732477e-05
12412,ٱدخلي,1,1.2915057665732477e-05
12413,ٱلصرح,1,1.2915057665732477e-05
12414,رأته,1,1.2915057665732477e-05
12415,حسبته,1,1.2915057665732477e-05
12416,لجةٗ,1,1.2915057665732477e-05
12417,وكشفت,1,1.2915057665732477e-05
12418,ساقيها,1,1.2915057665732477e-05
12419,صرحٞ,1,1.2915057665732477e-05
12420,ممردٞ,1,1.2915057665732477e-05
12421,قوارير,1,1.2915057665732477e-05
12422,وأسلمت,1,1.2915057665732477e-05
12423,فريقان,1,1.2915057665732477e-05
12424,تستغفرون,1,1.2915057665732477e-05
12425,ٱطيرنا,1,1.2915057665732477e-05
12426,وبمن,1,1.2915057665732477e-05
12427,تفتنون,1,1.2915057665732477e-05
12428,رهطٖ,1,1.2915057665732477e-05
12429,تقاسموا,1,1.2915057665732477e-05
12430,لنبيتنه,1,1.2915057665732477e-05
12431,لنقولن,1,1.2915057665732477e-05
12432,ومكرنا,1,1.2915057665732477e-05
12433,دمرنهم,1,1.2915057665732477e-05
12434,وقومهم,1,1.2915057665732477e-05
12435,قدرنها,1,1.2915057665732477e-05
12436,بهجةٖ,1,1.2915057665732477e-05
12437,تنبتوا,1,1.2915057665732477e-05
12438,شجرهآ,1,1.2915057665732477e-05
12439,خللهآ,1,1.2915057665732477e-05
12440,حاجزا,1,1.2915057665732477e-05
12441,يجيب,1,1.2915057665732477e-05
12442,ٱلمضطر,1,1.2915057665732477e-05
12443,دعاه,1,1.2915057665732477e-05
12444,ويكشف,1,1.2915057665732477e-05
12445,ويجعلكم,1,1.2915057665732477e-05
12446,يهديكم,1,1.2915057665732477e-05
12447,ٱدرك,1,1.2915057665732477e-05
12448,علمهم,1,1.2915057665732477e-05
12449,عمون,1,1.2915057665732477e-05
12450,تربٗا,1,1.2915057665732477e-05
12451,وءابآؤنآ,1,1.2915057665732477e-05
12452,لمخرجون,1,1.2915057665732477e-05
12453,ردف,1,1.2915057665732477e-05
12454,غآئبةٖ,1,1.2915057665732477e-05
12455,لهدٗى,1,1.2915057665732477e-05
12456,بحكمه,1,1.2915057665732477e-05
12457,بهدي,1,1.2915057665732477e-05
12458,دآبةٗ,1,1.2915057665732477e-05
12459,تكلمهم,1,1.2915057665732477e-05
12460,فوجٗا,1,1.2915057665732477e-05
12461,أكذبتم,1,1.2915057665732477e-05
12462,تحيطوا,1,1.2915057665732477e-05
12463,أماذا,1,1.2915057665732477e-05
12464,ووقع,1,1.2915057665732477e-05
12465,ليسكنوا,1,1.2915057665732477e-05
12466,أتوه,1,1.2915057665732477e-05
12467,دخرين,1,1.2915057665732477e-05
12468,تحسبها,1,1.2915057665732477e-05
12469,جامدةٗ,1,1.2915057665732477e-05
12470,تمر,1,1.2915057665732477e-05
12471,صنع,1,1.2915057665732477e-05
12472,أتقن,1,1.2915057665732477e-05
12473,فزعٖ,1,1.2915057665732477e-05
12474,فكبت,1,1.2915057665732477e-05
12475,ٱلبلدة,1,1.2915057665732477e-05
12476,حرمها,1,1.2915057665732477e-05
12477,أتلوا,1,1.2915057665732477e-05
12478,سيريكم,1,1.2915057665732477e-05
12479,فتعرفونها,1,1.2915057665732477e-05
12480,نتلوا,1,1.2915057665732477e-05
12481,نبإ,1,1.2915057665732477e-05
12482,علا,1,1.2915057665732477e-05
12483,يستضعف,1,1.2915057665732477e-05
12484,يذبح,1,1.2915057665732477e-05
12485,ويستحي,1,1.2915057665732477e-05
12486,ونريد,1,1.2915057665732477e-05
12487,نمن,1,1.2915057665732477e-05
12488,ونمكن,1,1.2915057665732477e-05
12489,ونري,1,1.2915057665732477e-05
12490,أرضعيه,1,1.2915057665732477e-05
12491,فألقيه,1,1.2915057665732477e-05
12492,تخافي,1,1.2915057665732477e-05
12493,تحزنيٓ,1,1.2915057665732477e-05
12494,رآدوه,1,1.2915057665732477e-05
12495,وجاعلوه,1,1.2915057665732477e-05
12496,فٱلتقطهٓ,1,1.2915057665732477e-05
12497,وحزنا,1,1.2915057665732477e-05
12498,قرت,1,1.2915057665732477e-05
12499,ولك,1,1.2915057665732477e-05
12500,تقتلوه,1,1.2915057665732477e-05
12501,فؤاد,1,1.2915057665732477e-05
12502,فرغا,1,1.2915057665732477e-05
12503,كادت,1,1.2915057665732477e-05
12504,لتبدي,1,1.2915057665732477e-05
12505,ربطنا,1,1.2915057665732477e-05
12506,قلبها,1,1.2915057665732477e-05
12507,لأخته,1,1.2915057665732477e-05
12508,قصيه,1,1.2915057665732477e-05
12509,فبصرت,1,1.2915057665732477e-05
12510,جنبٖ,1,1.2915057665732477e-05
12511,وحرمنا,1,1.2915057665732477e-05
12512,ٱلمراضع,1,1.2915057665732477e-05
12513,فقالت,1,1.2915057665732477e-05
12514,يكفلونه,1,1.2915057665732477e-05
12515,نصحون,1,1.2915057665732477e-05
12516,فرددنه,1,1.2915057665732477e-05
12517,ولتعلم,1,1.2915057665732477e-05
12518,وٱستوىٓ,1,1.2915057665732477e-05
12519,فوجد,1,1.2915057665732477e-05
12520,يقتتلان,1,1.2915057665732477e-05
12521,فٱستغثه,1,1.2915057665732477e-05
12522,فوكزه,1,1.2915057665732477e-05
12523,فقضى,1,1.2915057665732477e-05
12524,مضلٞ,1,1.2915057665732477e-05
12525,فغفر,1,1.2915057665732477e-05
12526,ٱستنصره,1,1.2915057665732477e-05
12527,يستصرخه,1,1.2915057665732477e-05
12528,لغويٞ,1,1.2915057665732477e-05
12529,يبطش,1,1.2915057665732477e-05
12530,أتريد,1,1.2915057665732477e-05
12531,تقتلني,1,1.2915057665732477e-05
12532,يأتمرون,1,1.2915057665732477e-05
12533,ليقتلوك,1,1.2915057665732477e-05
12534,توجه,1,1.2915057665732477e-05
12535,يهديني,1,1.2915057665732477e-05
12536,ٱمرأتين,1,1.2915057665732477e-05
12537,تذودان,1,1.2915057665732477e-05
12538,خطبكما,1,1.2915057665732477e-05
12539,قالتا,1,1.2915057665732477e-05
12540,نسقي,1,1.2915057665732477e-05
12541,ٱلرعآء,1,1.2915057665732477e-05
12542,وأبونا,1,1.2915057665732477e-05
12543,شيخٞ,1,1.2915057665732477e-05
12544,فسقى,1,1.2915057665732477e-05
12545,تولىٓ,1,1.2915057665732477e-05
12546,فجآءته,1,1.2915057665732477e-05
12547,تمشي,1,1.2915057665732477e-05
12548,ٱستحيآءٖ,1,1.2915057665732477e-05
12549,يدعوك,1,1.2915057665732477e-05
12550,ليجزيك,1,1.2915057665732477e-05
12551,سقيت,1,1.2915057665732477e-05
12552,وقص,1,1.2915057665732477e-05
12553,نجوت,1,1.2915057665732477e-05
12554,ٱستٔجره,1,1.2915057665732477e-05
12555,ٱستٔجرت,1,1.2915057665732477e-05
12556,أنكحك,1,1.2915057665732477e-05
12557,ٱبنتي,1,1.2915057665732477e-05
12558,هتين,1,1.2915057665732477e-05
12559,تأجرني,1,1.2915057665732477e-05
12560,ثمني,1,1.2915057665732477e-05
12561,حججٖ,1,1.2915057665732477e-05
12562,أتممت,1,1.2915057665732477e-05
12563,أيما,1,1.2915057665732477e-05
12564,ٱلأجلين,1,1.2915057665732477e-05
12565,ٱلأجل,1,1.2915057665732477e-05
12566,وسار,1,1.2915057665732477e-05
12567,بأهلهٓ,1,1.2915057665732477e-05
12568,ءانس,1,1.2915057665732477e-05
12569,جذوةٖ,1,1.2915057665732477e-05
12570,شطيٕ,1,1.2915057665732477e-05
12571,ٱلواد,1,1.2915057665732477e-05
12572,ٱلبقعة,1,1.2915057665732477e-05
12573,ٱلمبركة,1,1.2915057665732477e-05
12574,أقبل,1,1.2915057665732477e-05
12575,ٱلأٓمنين,1,1.2915057665732477e-05
12576,ٱسلك,1,1.2915057665732477e-05
12577,ٱلرهب,1,1.2915057665732477e-05
12578,فذنك,1,1.2915057665732477e-05
12579,برهنان,1,1.2915057665732477e-05
12580,وملإيهٓ,1,1.2915057665732477e-05
12581,أفصح,1,1.2915057665732477e-05
12582,لسانٗا,1,1.2915057665732477e-05
12583,فأرسله,1,1.2915057665732477e-05
12584,ردءٗا,1,1.2915057665732477e-05
12585,يصدقنيٓ,1,1.2915057665732477e-05
12586,سنشد,1,1.2915057665732477e-05
12587,عضدك,1,1.2915057665732477e-05
12588,بأخيك,1,1.2915057665732477e-05
12589,إليكما,1,1.2915057665732477e-05
12590,أنتما,1,1.2915057665732477e-05
12591,ٱتبعكما,1,1.2915057665732477e-05
12592,فأوقد,1,1.2915057665732477e-05
12593,وأتبعنهم,1,1.2915057665732477e-05
12594,ٱلمقبوحين,1,1.2915057665732477e-05
12595,ٱلغربي,1,1.2915057665732477e-05
12596,قضينآ,1,1.2915057665732477e-05
12597,ولكنآ,1,1.2915057665732477e-05
12598,قرونٗا,1,1.2915057665732477e-05
12599,فتطاول,1,1.2915057665732477e-05
12600,ثاويٗا,1,1.2915057665732477e-05
12601,نادينا,1,1.2915057665732477e-05
12602,سحران,1,1.2915057665732477e-05
12603,بكلٖ,1,1.2915057665732477e-05
12604,منهمآ,1,1.2915057665732477e-05
12605,أتبعه,1,1.2915057665732477e-05
12606,وصلنا,1,1.2915057665732477e-05
12607,نبتغي,1,1.2915057665732477e-05
12608,نتخطف,1,1.2915057665732477e-05
12609,يجبىٓ,1,1.2915057665732477e-05
12610,بطرت,1,1.2915057665732477e-05
12611,معيشتها,1,1.2915057665732477e-05
12612,تسكن,1,1.2915057665732477e-05
12613,أمها,1,1.2915057665732477e-05
12614,مهلكي,1,1.2915057665732477e-05
12615,وعدنه,1,1.2915057665732477e-05
12616,لقيه,1,1.2915057665732477e-05
12617,متعنه,1,1.2915057665732477e-05
12618,أغوينآ,1,1.2915057665732477e-05
12619,أغوينهم,1,1.2915057665732477e-05
12620,غوينا,1,1.2915057665732477e-05
12621,تبرأنآ,1,1.2915057665732477e-05
12622,ٱلمفلحين,1,1.2915057665732477e-05
12623,ويختار,1,1.2915057665732477e-05
12624,بضيآء,1,1.2915057665732477e-05
12625,بليلٖ,1,1.2915057665732477e-05
12626,تسكنون,1,1.2915057665732477e-05
12627,فعلموٓا,1,1.2915057665732477e-05
12628,فبغى,1,1.2915057665732477e-05
12629,ٱلكنوز,1,1.2915057665732477e-05
12630,مفاتحه,1,1.2915057665732477e-05
12631,لتنوٓأ,1,1.2915057665732477e-05
12632,بٱلعصبة,1,1.2915057665732477e-05
12633,تفرح,1,1.2915057665732477e-05
12634,ٱلفرحين,1,1.2915057665732477e-05
12635,ءاتىك,1,1.2915057665732477e-05
12636,تنس,1,1.2915057665732477e-05
12637,نصيبك,1,1.2915057665732477e-05
12638,تبغ,1,1.2915057665732477e-05
12639,عنديٓ,1,1.2915057665732477e-05
12640,زينته,1,1.2915057665732477e-05
12641,فخسفنا,1,1.2915057665732477e-05
12642,وبداره,1,1.2915057665732477e-05
12643,ٱلمنتصرين,1,1.2915057665732477e-05
12644,ويكأن,1,1.2915057665732477e-05
12645,لخسف,1,1.2915057665732477e-05
12646,ويكأنه,1,1.2915057665732477e-05
12647,نجعلها,1,1.2915057665732477e-05
12648,يجزى,1,1.2915057665732477e-05
12649,لرآدك,1,1.2915057665732477e-05
12650,معادٖ,1,1.2915057665732477e-05
12651,ترجوٓا,1,1.2915057665732477e-05
12652,هالك,1,1.2915057665732477e-05
12653,أحسب,1,1.2915057665732477e-05
12654,يتركوٓا,1,1.2915057665732477e-05
12655,يقولوٓا,1,1.2915057665732477e-05
12656,فليعلمن,1,1.2915057665732477e-05
12657,يسبقونا,1,1.2915057665732477e-05
12658,يجهد,1,1.2915057665732477e-05
12659,لنفسهٓ,1,1.2915057665732477e-05
12660,لنكفرن,1,1.2915057665732477e-05
12661,لتشرك,1,1.2915057665732477e-05
12662,تطعهمآ,1,1.2915057665732477e-05
12663,لندخلنهم,1,1.2915057665732477e-05
12664,أوذي,1,1.2915057665732477e-05
12665,كعذاب,1,1.2915057665732477e-05
12666,سبيلنا,1,1.2915057665732477e-05
12667,ولنحمل,1,1.2915057665732477e-05
12668,بحملين,1,1.2915057665732477e-05
12669,خطيهم,1,1.2915057665732477e-05
12670,وليحملن,1,1.2915057665732477e-05
12671,وأثقالٗا,1,1.2915057665732477e-05
12672,وليسٔلن,1,1.2915057665732477e-05
12673,وجعلنهآ,1,1.2915057665732477e-05
12674,وتخلقون,1,1.2915057665732477e-05
12675,إفكا,1,1.2915057665732477e-05
12676,فٱبتغوا,1,1.2915057665732477e-05
12677,وٱعبدوه,1,1.2915057665732477e-05
12678,تكذبوا,1,1.2915057665732477e-05
12679,يعيدهٓ,1,1.2915057665732477e-05
12680,بدأ,1,1.2915057665732477e-05
12681,ينشئ,1,1.2915057665732477e-05
12682,ويرحم,1,1.2915057665732477e-05
12683,تقلبون,1,1.2915057665732477e-05
12684,ولقآئهٓ,1,1.2915057665732477e-05
12685,رحمتي,1,1.2915057665732477e-05
12686,ٱقتلوه,1,1.2915057665732477e-05
12687,فأنجىه,1,1.2915057665732477e-05
12688,مودة,1,1.2915057665732477e-05
12689,ويلعن,1,1.2915057665732477e-05
12690,لوطٞ,1,1.2915057665732477e-05
12691,مهاجر,1,1.2915057665732477e-05
12692,وتقطعون,1,1.2915057665732477e-05
12693,وتأتون,1,1.2915057665732477e-05
12694,ناديكم,1,1.2915057665732477e-05
12695,مهلكوٓا,1,1.2915057665732477e-05
12696,لننجينه,1,1.2915057665732477e-05
12697,ولمآ,1,1.2915057665732477e-05
12698,منجوك,1,1.2915057665732477e-05
12699,منزلون,1,1.2915057665732477e-05
12700,تركنا,1,1.2915057665732477e-05
12701,بينةٗ,1,1.2915057665732477e-05
12702,وٱرجوا,1,1.2915057665732477e-05
12703,مستبصرين,1,1.2915057665732477e-05
12704,سبقين,1,1.2915057665732477e-05
12705,بذنبه,1,1.2915057665732477e-05
12706,خسفنا,1,1.2915057665732477e-05
12707,أوهن,1,1.2915057665732477e-05
12708,لبيت,1,1.2915057665732477e-05
12709,يعقلهآ,1,1.2915057665732477e-05
12710,ٱلعلمون,1,1.2915057665732477e-05
12711,ٱتل,1,1.2915057665732477e-05
12712,تنهى,1,1.2915057665732477e-05
12713,ولذكر,1,1.2915057665732477e-05
12714,تصنعون,1,1.2915057665732477e-05
12715,تجدلوٓا,1,1.2915057665732477e-05
12716,وقولوٓا,1,1.2915057665732477e-05
12717,وإلهنا,1,1.2915057665732477e-05
12718,تخطه,1,1.2915057665732477e-05
12719,لٱرتاب,1,1.2915057665732477e-05
12720,يكفهم,1,1.2915057665732477e-05
12721,لرحمةٗ,1,1.2915057665732477e-05
12722,لجآءهم,1,1.2915057665732477e-05
12723,وليأتينهم,1,1.2915057665732477e-05
12724,يستعجلونك,1,1.2915057665732477e-05
12725,يغشىهم,1,1.2915057665732477e-05
12726,أرضي,1,1.2915057665732477e-05
12727,وسعةٞ,1,1.2915057665732477e-05
12728,غرفٗا,1,1.2915057665732477e-05
12729,يرزقها,1,1.2915057665732477e-05
12730,لهوٞ,1,1.2915057665732477e-05
12731,ولعبٞ,1,1.2915057665732477e-05
12732,لهي,1,1.2915057665732477e-05
12733,ٱلحيوان,1,1.2915057665732477e-05
12734,ركبوا,1,1.2915057665732477e-05
12735,وليتمتعوا,1,1.2915057665732477e-05
12736,ويتخطف,1,1.2915057665732477e-05
12737,وبنعمة,1,1.2915057665732477e-05
12738,لنهدينهم,1,1.2915057665732477e-05
12739,لمع,1,1.2915057665732477e-05
12740,ٱلروم,1,1.2915057665732477e-05
12741,غلبهم,1,1.2915057665732477e-05
12742,سيغلبون,1,1.2915057665732477e-05
12743,ويومئذٖ,1,1.2915057665732477e-05
12744,يفرح,1,1.2915057665732477e-05
12745,بنصر,1,1.2915057665732477e-05
12746,ينصر,1,1.2915057665732477e-05
12747,بلقآيٕ,1,1.2915057665732477e-05
12748,لكفرون,1,1.2915057665732477e-05
12749,وأثاروا,1,1.2915057665732477e-05
12750,وعمروهآ,1,1.2915057665732477e-05
12751,عمروها,1,1.2915057665732477e-05
12752,ٱلسوٓأىٓ,1,1.2915057665732477e-05
12753,يبلس,1,1.2915057665732477e-05
12754,شفعٓؤا,1,1.2915057665732477e-05
12755,يتفرقون,1,1.2915057665732477e-05
12756,روضةٖ,1,1.2915057665732477e-05
12757,يحبرون,1,1.2915057665732477e-05
12758,ولقآيٕ,1,1.2915057665732477e-05
12759,تمسون,1,1.2915057665732477e-05
12760,تصبحون,1,1.2915057665732477e-05
12761,ويحي,1,1.2915057665732477e-05
12762,تنتشرون,1,1.2915057665732477e-05
12763,لتسكنوٓا,1,1.2915057665732477e-05
12764,وألونكم,1,1.2915057665732477e-05
12765,منامكم,1,1.2915057665732477e-05
12766,وٱبتغآؤكم,1,1.2915057665732477e-05
12767,فيحي,1,1.2915057665732477e-05
12768,دعوةٗ,1,1.2915057665732477e-05
12769,أهون,1,1.2915057665732477e-05
12770,فأنتم,1,1.2915057665732477e-05
12771,تخافونهم,1,1.2915057665732477e-05
12772,كخيفتكم,1,1.2915057665732477e-05
12773,فطرت,1,1.2915057665732477e-05
12774,أذاقهم,1,1.2915057665732477e-05
12775,يتكلم,1,1.2915057665732477e-05
12776,يقنطون,1,1.2915057665732477e-05
12777,فٔات,1,1.2915057665732477e-05
12778,ليربوا,1,1.2915057665732477e-05
12779,يربوا,1,1.2915057665732477e-05
12780,زكوةٖ,1,1.2915057665732477e-05
12781,ٱلمضعفون,1,1.2915057665732477e-05
12782,ليذيقهم,1,1.2915057665732477e-05
12783,فلأنفسهم,1,1.2915057665732477e-05
12784,يمهدون,1,1.2915057665732477e-05
12785,ٱلرياح,1,1.2915057665732477e-05
12786,مبشرتٖ,1,1.2915057665732477e-05
12787,وليذيقكم,1,1.2915057665732477e-05
12788,ولتجري,1,1.2915057665732477e-05
12789,فيبسطه,1,1.2915057665732477e-05
12790,ويجعله,1,1.2915057665732477e-05
12791,لمبلسين,1,1.2915057665732477e-05
12792,ءاثر,1,1.2915057665732477e-05
12793,فرأوه,1,1.2915057665732477e-05
12794,لظلوا,1,1.2915057665732477e-05
12795,بهد,1,1.2915057665732477e-05
12796,وشيبةٗ,1,1.2915057665732477e-05
12797,ٱلقدير,1,1.2915057665732477e-05
12798,يقسم,1,1.2915057665732477e-05
12799,ساعةٖ,1,1.2915057665732477e-05
12800,فهذا,1,1.2915057665732477e-05
12801,مبطلون,1,1.2915057665732477e-05
12802,يستخفنك,1,1.2915057665732477e-05
12803,يشتري,1,1.2915057665732477e-05
12804,ويتخذها,1,1.2915057665732477e-05
12805,أذنيه,1,1.2915057665732477e-05
12806,فأروني,1,1.2915057665732477e-05
12807,لٱبنه,1,1.2915057665732477e-05
12808,يعظه,1,1.2915057665732477e-05
12809,ٱلشرك,1,1.2915057665732477e-05
12810,لظلم,1,1.2915057665732477e-05
12811,وهنا,1,1.2915057665732477e-05
12812,وهنٖ,1,1.2915057665732477e-05
12813,عامين,1,1.2915057665732477e-05
12814,ولولديك,1,1.2915057665732477e-05
12815,تطعهما,1,1.2915057665732477e-05
12816,وصاحبهما,1,1.2915057665732477e-05
12817,إنهآ,1,1.2915057665732477e-05
12818,خردلٖ,1,1.2915057665732477e-05
12819,فتكن,1,1.2915057665732477e-05
12820,صخرة,1,1.2915057665732477e-05
12821,وٱنه,1,1.2915057665732477e-05
12822,تصعر,1,1.2915057665732477e-05
12823,خدك,1,1.2915057665732477e-05
12824,فخورٖ,1,1.2915057665732477e-05
12825,وٱقصد,1,1.2915057665732477e-05
12826,مشيك,1,1.2915057665732477e-05
12827,وٱغضض,1,1.2915057665732477e-05
12828,صوتك,1,1.2915057665732477e-05
12829,أنكر,1,1.2915057665732477e-05
12830,ٱلأصوت,1,1.2915057665732477e-05
12831,لصوت,1,1.2915057665732477e-05
12832,ٱلحمير,1,1.2915057665732477e-05
12833,وأسبغ,1,1.2915057665732477e-05
12834,نعمه,1,1.2915057665732477e-05
12835,وباطنةٗ,1,1.2915057665732477e-05
12836,يدعوهم,1,1.2915057665732477e-05
12837,يسلم,1,1.2915057665732477e-05
12838,كفرهٓ,1,1.2915057665732477e-05
12839,فننبئهم,1,1.2915057665732477e-05
12840,نمتعهم,1,1.2915057665732477e-05
12841,نضطرهم,1,1.2915057665732477e-05
12842,أقلمٞ,1,1.2915057665732477e-05
12843,يمده,1,1.2915057665732477e-05
12844,أبحرٖ,1,1.2915057665732477e-05
12845,نفدت,1,1.2915057665732477e-05
12846,بعثكم,1,1.2915057665732477e-05
12847,كنفسٖ,1,1.2915057665732477e-05
12848,وحدة,1,1.2915057665732477e-05
12849,يجريٓ,1,1.2915057665732477e-05
12850,ليريكم,1,1.2915057665732477e-05
12851,كٱلظلل,1,1.2915057665732477e-05
12852,ختارٖ,1,1.2915057665732477e-05
12853,وٱخشوا,1,1.2915057665732477e-05
12854,والد,1,1.2915057665732477e-05
12855,ولده,1,1.2915057665732477e-05
12856,مولود,1,1.2915057665732477e-05
12857,جاز,1,1.2915057665732477e-05
12858,والده,1,1.2915057665732477e-05
12859,أرضٖ,1,1.2915057665732477e-05
12860,مقدارهٓ,1,1.2915057665732477e-05
12861,وبدأ,1,1.2915057665732477e-05
12862,نسله,1,1.2915057665732477e-05
12863,سوىه,1,1.2915057665732477e-05
12864,روحه,1,1.2915057665732477e-05
12865,ضللنا,1,1.2915057665732477e-05
12866,ناكسوا,1,1.2915057665732477e-05
12867,وسمعنا,1,1.2915057665732477e-05
12868,فٱرجعنا,1,1.2915057665732477e-05
12869,موقنون,1,1.2915057665732477e-05
12870,لأٓتينا,1,1.2915057665732477e-05
12871,هدىها,1,1.2915057665732477e-05
12872,نسينكم,1,1.2915057665732477e-05
12873,وسبحوا,1,1.2915057665732477e-05
12874,تتجافى,1,1.2915057665732477e-05
12875,أخفي,1,1.2915057665732477e-05
12876,فاسقٗا,1,1.2915057665732477e-05
12877,فسقوا,1,1.2915057665732477e-05
12878,فمأوىهم,1,1.2915057665732477e-05
12879,لقآئه,1,1.2915057665732477e-05
12880,لأٓيت,1,1.2915057665732477e-05
12881,نسوق,1,1.2915057665732477e-05
12882,ٱلجرز,1,1.2915057665732477e-05
12883,فنخرج,1,1.2915057665732477e-05
12884,أنعمهم,1,1.2915057665732477e-05
12885,وٱنتظر,1,1.2915057665732477e-05
12886,لرجلٖ,1,1.2915057665732477e-05
12887,قلبين,1,1.2915057665732477e-05
12888,جوفه,1,1.2915057665732477e-05
12889,أدعيآءكم,1,1.2915057665732477e-05
12890,بأفوهكم,1,1.2915057665732477e-05
12891,ٱدعوهم,1,1.2915057665732477e-05
12892,وموليكم,1,1.2915057665732477e-05
12893,أخطأتم,1,1.2915057665732477e-05
12894,تعمدت,1,1.2915057665732477e-05
12895,وأزوجهٓ,1,1.2915057665732477e-05
12896,تفعلوٓا,1,1.2915057665732477e-05
12897,أوليآئكم,1,1.2915057665732477e-05
12898,ومنك,1,1.2915057665732477e-05
12899,ليسٔل,1,1.2915057665732477e-05
12900,جنودٞ,1,1.2915057665732477e-05
12901,وجنودٗا,1,1.2915057665732477e-05
12902,وبلغت,1,1.2915057665732477e-05
12903,ٱلظنونا,1,1.2915057665732477e-05
12904,ٱبتلي,1,1.2915057665732477e-05
12905,زلزالٗا,1,1.2915057665732477e-05
12906,يثرب,1,1.2915057665732477e-05
12907,ويستٔذن,1,1.2915057665732477e-05
12908,بيوتنا,1,1.2915057665732477e-05
12909,عورةٞ,1,1.2915057665732477e-05
12910,بعورة,1,1.2915057665732477e-05
12911,أقطارها,1,1.2915057665732477e-05
12912,سئلوا,1,1.2915057665732477e-05
12913,لأٓتوها,1,1.2915057665732477e-05
12914,تلبثوا,1,1.2915057665732477e-05
12915,يولون,1,1.2915057665732477e-05
12916,ٱلفرار,1,1.2915057665732477e-05
12917,فررتم,1,1.2915057665732477e-05
12918,تمتعون,1,1.2915057665732477e-05
12919,يعصمكم,1,1.2915057665732477e-05
12920,ٱلمعوقين,1,1.2915057665732477e-05
12921,وٱلقآئلين,1,1.2915057665732477e-05
12922,تدور,1,1.2915057665732477e-05
12923,سلقوكم,1,1.2915057665732477e-05
12924,بألسنة,1,1.2915057665732477e-05
12925,حداد,1,1.2915057665732477e-05
12926,يودوا,1,1.2915057665732477e-05
12927,بادون,1,1.2915057665732477e-05
12928,أنبآئكم,1,1.2915057665732477e-05
12929,وتسليمٗا,1,1.2915057665732477e-05
12930,نحبه,1,1.2915057665732477e-05
12931,ينتظر,1,1.2915057665732477e-05
12932,بصدقهم,1,1.2915057665732477e-05
12933,بغيظهم,1,1.2915057665732477e-05
12934,قويا,1,1.2915057665732477e-05
12935,عزيزٗا,1,1.2915057665732477e-05
12936,ظهروهم,1,1.2915057665732477e-05
12937,صياصيهم,1,1.2915057665732477e-05
12938,وتأسرون,1,1.2915057665732477e-05
12939,وأورثكم,1,1.2915057665732477e-05
12940,أرضهم,1,1.2915057665732477e-05
12941,وديرهم,1,1.2915057665732477e-05
12942,وأرضٗا,1,1.2915057665732477e-05
12943,تطٔوها,1,1.2915057665732477e-05
12944,فتعالين,1,1.2915057665732477e-05
12945,أمتعكن,1,1.2915057665732477e-05
12946,وأسرحكن,1,1.2915057665732477e-05
12947,للمحسنت,1,1.2915057665732477e-05
12948,يقنت,1,1.2915057665732477e-05
12949,وتعمل,1,1.2915057665732477e-05
12950,نؤتهآ,1,1.2915057665732477e-05
12951,أجرها,1,1.2915057665732477e-05
12952,لستن,1,1.2915057665732477e-05
12953,كأحدٖ,1,1.2915057665732477e-05
12954,ٱتقيتن,1,1.2915057665732477e-05
12955,تخضعن,1,1.2915057665732477e-05
12956,فيطمع,1,1.2915057665732477e-05
12957,وقرن,1,1.2915057665732477e-05
12958,تبرجن,1,1.2915057665732477e-05
12959,تبرج,1,1.2915057665732477e-05
12960,وأقمن,1,1.2915057665732477e-05
12961,وءاتين,1,1.2915057665732477e-05
12962,وأطعن,1,1.2915057665732477e-05
12963,ليذهب,1,1.2915057665732477e-05
12964,ويطهركم,1,1.2915057665732477e-05
12965,تطهيرٗا,1,1.2915057665732477e-05
12966,وٱذكرن,1,1.2915057665732477e-05
12967,لطيفا,1,1.2915057665732477e-05
12968,وٱلمسلمت,1,1.2915057665732477e-05
12969,وٱلمؤمنين,1,1.2915057665732477e-05
12970,وٱلقنتت,1,1.2915057665732477e-05
12971,وٱلصدقت,1,1.2915057665732477e-05
12972,وٱلصبرت,1,1.2915057665732477e-05
12973,وٱلخشعين,1,1.2915057665732477e-05
12974,وٱلخشعت,1,1.2915057665732477e-05
12975,وٱلمتصدقين,1,1.2915057665732477e-05
12976,وٱلمتصدقت,1,1.2915057665732477e-05
12977,وٱلصٓئمين,1,1.2915057665732477e-05
12978,وٱلصٓئمت,1,1.2915057665732477e-05
12979,وٱلحفظين,1,1.2915057665732477e-05
12980,وٱلحفظت,1,1.2915057665732477e-05
12981,وٱلذكرين,1,1.2915057665732477e-05
12982,وٱلذكرت,1,1.2915057665732477e-05
12983,لمؤمنٖ,1,1.2915057665732477e-05
12984,للذيٓ,1,1.2915057665732477e-05
12985,وأنعمت,1,1.2915057665732477e-05
12986,زوجك,1,1.2915057665732477e-05
12987,وٱتق,1,1.2915057665732477e-05
12988,وتخفي,1,1.2915057665732477e-05
12989,مبديه,1,1.2915057665732477e-05
12990,وتخشى,1,1.2915057665732477e-05
12991,تخشىه,1,1.2915057665732477e-05
12992,زيدٞ,1,1.2915057665732477e-05
12993,زوجنكها,1,1.2915057665732477e-05
12994,أدعيآئهم,1,1.2915057665732477e-05
12995,قضوا,1,1.2915057665732477e-05
12996,مقدورا,1,1.2915057665732477e-05
12997,يبلغون,1,1.2915057665732477e-05
12998,ويخشونه,1,1.2915057665732477e-05
12999,أبآ,1,1.2915057665732477e-05
13000,وخاتم,1,1.2915057665732477e-05
13001,وسبحوه,1,1.2915057665732477e-05
13002,وداعيا,1,1.2915057665732477e-05
13003,وسراجٗا,1,1.2915057665732477e-05
13004,ودع,1,1.2915057665732477e-05
13005,أذىهم,1,1.2915057665732477e-05
13006,نكحتم,1,1.2915057665732477e-05
13007,عدةٖ,1,1.2915057665732477e-05
13008,تعتدونها,1,1.2915057665732477e-05
13009,فمتعوهن,1,1.2915057665732477e-05
13010,وسرحوهن,1,1.2915057665732477e-05
13011,أحللنا,1,1.2915057665732477e-05
13012,عمك,1,1.2915057665732477e-05
13013,عمتك,1,1.2915057665732477e-05
13014,خالك,1,1.2915057665732477e-05
13015,خلتك,1,1.2915057665732477e-05
13016,هاجرن,1,1.2915057665732477e-05
13017,وٱمرأةٗ,1,1.2915057665732477e-05
13018,وهبت,1,1.2915057665732477e-05
13019,يستنكحها,1,1.2915057665732477e-05
13020,فرضنا,1,1.2915057665732477e-05
13021,ترجي,1,1.2915057665732477e-05
13022,وتٔويٓ,1,1.2915057665732477e-05
13023,ٱبتغيت,1,1.2915057665732477e-05
13024,عزلت,1,1.2915057665732477e-05
13025,أعينهن,1,1.2915057665732477e-05
13026,يحزن,1,1.2915057665732477e-05
13027,ويرضين,1,1.2915057665732477e-05
13028,ءاتيتهن,1,1.2915057665732477e-05
13029,كلهن,1,1.2915057665732477e-05
13030,حليمٗا,1,1.2915057665732477e-05
13031,حسنهن,1,1.2915057665732477e-05
13032,نظرين,1,1.2915057665732477e-05
13033,إنىه,1,1.2915057665732477e-05
13034,دعيتم,1,1.2915057665732477e-05
13035,فٱدخلوا,1,1.2915057665732477e-05
13036,طعمتم,1,1.2915057665732477e-05
13037,مستٔنسين,1,1.2915057665732477e-05
13038,لحديث,1,1.2915057665732477e-05
13039,يؤذي,1,1.2915057665732477e-05
13040,فيستحي,1,1.2915057665732477e-05
13041,يستحي,1,1.2915057665732477e-05
13042,سألتموهن,1,1.2915057665732477e-05
13043,فسٔلوهن,1,1.2915057665732477e-05
13044,حجابٖ,1,1.2915057665732477e-05
13045,لقلوبكم,1,1.2915057665732477e-05
13046,وقلوبهن,1,1.2915057665732477e-05
13047,تؤذوا,1,1.2915057665732477e-05
13048,تنكحوٓا,1,1.2915057665732477e-05
13049,وٱتقين,1,1.2915057665732477e-05
13050,صلوا,1,1.2915057665732477e-05
13051,وسلموا,1,1.2915057665732477e-05
13052,تسليما,1,1.2915057665732477e-05
13053,ٱحتملوا,1,1.2915057665732477e-05
13054,وبناتك,1,1.2915057665732477e-05
13055,ونسآء,1,1.2915057665732477e-05
13056,يدنين,1,1.2915057665732477e-05
13057,جلبيبهن,1,1.2915057665732477e-05
13058,يعرفن,1,1.2915057665732477e-05
13059,يؤذين,1,1.2915057665732477e-05
13060,وٱلمرجفون,1,1.2915057665732477e-05
13061,لنغرينك,1,1.2915057665732477e-05
13062,يجاورونك,1,1.2915057665732477e-05
13063,ملعونين,1,1.2915057665732477e-05
13064,أخذوا,1,1.2915057665732477e-05
13065,تقتيلٗا,1,1.2915057665732477e-05
13066,يليتنآ,1,1.2915057665732477e-05
13067,ٱلرسولا,1,1.2915057665732477e-05
13068,سادتنا,1,1.2915057665732477e-05
13069,وكبرآءنا,1,1.2915057665732477e-05
13070,فأضلونا,1,1.2915057665732477e-05
13071,ٱلسبيلا,1,1.2915057665732477e-05
13072,ءاتهم,1,1.2915057665732477e-05
13073,وٱلعنهم,1,1.2915057665732477e-05
13074,لعنٗا,1,1.2915057665732477e-05
13075,ءاذوا,1,1.2915057665732477e-05
13076,فبرأه,1,1.2915057665732477e-05
13077,سديدٗا,1,1.2915057665732477e-05
13078,عرضنا,1,1.2915057665732477e-05
13079,ٱلأمانة,1,1.2915057665732477e-05
13080,فأبين,1,1.2915057665732477e-05
13081,يحملنها,1,1.2915057665732477e-05
13082,وأشفقن,1,1.2915057665732477e-05
13083,وحملها,1,1.2915057665732477e-05
13084,ظلومٗا,1,1.2915057665732477e-05
13085,جهولٗا,1,1.2915057665732477e-05
13086,ليعذب,1,1.2915057665732477e-05
13087,لتأتينكم,1,1.2915057665732477e-05
13088,سعو,1,1.2915057665732477e-05
13089,ويرى,1,1.2915057665732477e-05
13090,ندلكم,1,1.2915057665732477e-05
13091,مزقتم,1,1.2915057665732477e-05
13092,أفترى,1,1.2915057665732477e-05
13093,وٱلضلل,1,1.2915057665732477e-05
13094,نخسف,1,1.2915057665732477e-05
13095,نسقط,1,1.2915057665732477e-05
13096,يجبال,1,1.2915057665732477e-05
13097,أوبي,1,1.2915057665732477e-05
13098,وألنا,1,1.2915057665732477e-05
13099,ٱعمل,1,1.2915057665732477e-05
13100,سبغتٖ,1,1.2915057665732477e-05
13101,ٱلسرد,1,1.2915057665732477e-05
13102,غدوها,1,1.2915057665732477e-05
13103,ورواحها,1,1.2915057665732477e-05
13104,وأسلنا,1,1.2915057665732477e-05
13105,ٱلقطر,1,1.2915057665732477e-05
13106,يزغ,1,1.2915057665732477e-05
13107,محريب,1,1.2915057665732477e-05
13108,وتمثيل,1,1.2915057665732477e-05
13109,وجفانٖ,1,1.2915057665732477e-05
13110,كٱلجواب,1,1.2915057665732477e-05
13111,وقدورٖ,1,1.2915057665732477e-05
13112,راسيت,1,1.2915057665732477e-05
13113,ٱعملوٓا,1,1.2915057665732477e-05
13114,شكرٗا,1,1.2915057665732477e-05
13115,ٱلشكور,1,1.2915057665732477e-05
13116,قضينا,1,1.2915057665732477e-05
13117,دلهم,1,1.2915057665732477e-05
13118,موتهٓ,1,1.2915057665732477e-05
13119,منسأته,1,1.2915057665732477e-05
13120,تبينت,1,1.2915057665732477e-05
13121,لسبإٖ,1,1.2915057665732477e-05
13122,يمينٖ,1,1.2915057665732477e-05
13123,وشمالٖ,1,1.2915057665732477e-05
13124,بلدةٞ,1,1.2915057665732477e-05
13125,طيبةٞ,1,1.2915057665732477e-05
13126,سيل,1,1.2915057665732477e-05
13127,ٱلعرم,1,1.2915057665732477e-05
13128,وبدلنهم,1,1.2915057665732477e-05
13129,بجنتيهم,1,1.2915057665732477e-05
13130,ذواتي,1,1.2915057665732477e-05
13131,خمطٖ,1,1.2915057665732477e-05
13132,وأثلٖ,1,1.2915057665732477e-05
13133,وشيءٖ,1,1.2915057665732477e-05
13134,نجزيٓ,1,1.2915057665732477e-05
13135,ٱلكفور,1,1.2915057665732477e-05
13136,وقدرنا,1,1.2915057665732477e-05
13137,ٱلسير,1,1.2915057665732477e-05
13138,ليالي,1,1.2915057665732477e-05
13139,وأياما,1,1.2915057665732477e-05
13140,أسفارنا,1,1.2915057665732477e-05
13141,وظلموٓا,1,1.2915057665732477e-05
13142,ومزقنهم,1,1.2915057665732477e-05
13143,ظنه,1,1.2915057665732477e-05
13144,شركٖ,1,1.2915057665732477e-05
13145,ظهيرٖ,1,1.2915057665732477e-05
13146,فزع,1,1.2915057665732477e-05
13147,أجرمنا,1,1.2915057665732477e-05
13148,نسٔل,1,1.2915057665732477e-05
13149,ٱلفتاح,1,1.2915057665732477e-05
13150,ألحقتم,1,1.2915057665732477e-05
13151,ميعاد,1,1.2915057665732477e-05
13152,تستٔخرون,1,1.2915057665732477e-05
13153,تستقدمون,1,1.2915057665732477e-05
13154,موقوفون,1,1.2915057665732477e-05
13155,ٱستضعفوٓا,1,1.2915057665732477e-05
13156,أنحن,1,1.2915057665732477e-05
13157,صددنكم,1,1.2915057665732477e-05
13158,تأمروننآ,1,1.2915057665732477e-05
13159,أعناق,1,1.2915057665732477e-05
13160,تقربكم,1,1.2915057665732477e-05
13161,ٱلضعف,1,1.2915057665732477e-05
13162,ٱلغرفت,1,1.2915057665732477e-05
13163,يسعون,1,1.2915057665732477e-05
13164,يخلفه,1,1.2915057665732477e-05
13165,يصدكم,1,1.2915057665732477e-05
13166,يدرسونها,1,1.2915057665732477e-05
13167,معشار,1,1.2915057665732477e-05
13168,رسلي,1,1.2915057665732477e-05
13169,أعظكم,1,1.2915057665732477e-05
13170,بوحدة,1,1.2915057665732477e-05
13171,وفردى,1,1.2915057665732477e-05
13172,تتفكروا,1,1.2915057665732477e-05
13173,بصاحبكم,1,1.2915057665732477e-05
13174,يقذف,1,1.2915057665732477e-05
13175,يعيد,1,1.2915057665732477e-05
13176,ٱهتديت,1,1.2915057665732477e-05
13177,سميعٞ,1,1.2915057665732477e-05
13178,فزعوا,1,1.2915057665732477e-05
13179,فوت,1,1.2915057665732477e-05
13180,وأخذوا,1,1.2915057665732477e-05
13181,ٱلتناوش,1,1.2915057665732477e-05
13182,وحيل,1,1.2915057665732477e-05
13183,بأشياعهم,1,1.2915057665732477e-05
13184,جاعل,1,1.2915057665732477e-05
13185,أوليٓ,1,1.2915057665732477e-05
13186,أجنحةٖ,1,1.2915057665732477e-05
13187,ممسك,1,1.2915057665732477e-05
13188,مرسل,1,1.2915057665732477e-05
13189,فٱتخذوه,1,1.2915057665732477e-05
13190,حزبه,1,1.2915057665732477e-05
13191,تذهب,1,1.2915057665732477e-05
13192,فسقنه,1,1.2915057665732477e-05
13193,فأحيينا,1,1.2915057665732477e-05
13194,وٱلعمل,1,1.2915057665732477e-05
13195,ٱلصلح,1,1.2915057665732477e-05
13196,يرفعه,1,1.2915057665732477e-05
13197,يبور,1,1.2915057665732477e-05
13198,معمرٖ,1,1.2915057665732477e-05
13199,ينقص,1,1.2915057665732477e-05
13200,عمرهٓ,1,1.2915057665732477e-05
13201,ٱلبحران,1,1.2915057665732477e-05
13202,سآئغٞ,1,1.2915057665732477e-05
13203,شرابه,1,1.2915057665732477e-05
13204,وتستخرجون,1,1.2915057665732477e-05
13205,قطمير,1,1.2915057665732477e-05
13206,دعآءكم,1,1.2915057665732477e-05
13207,بشرككم,1,1.2915057665732477e-05
13208,ينبئك,1,1.2915057665732477e-05
13209,خبيرٖ,1,1.2915057665732477e-05
13210,مثقلة,1,1.2915057665732477e-05
13211,قربىٓ,1,1.2915057665732477e-05
13212,ٱلحرور,1,1.2915057665732477e-05
13213,ٱلأحيآء,1,1.2915057665732477e-05
13214,ٱلأموت,1,1.2915057665732477e-05
13215,بمسمعٖ,1,1.2915057665732477e-05
13216,وبٱلزبر,1,1.2915057665732477e-05
13217,وبٱلكتب,1,1.2915057665732477e-05
13218,جدد,1,1.2915057665732477e-05
13219,وحمرٞ,1,1.2915057665732477e-05
13220,وغرابيب,1,1.2915057665732477e-05
13221,سودٞ,1,1.2915057665732477e-05
13222,ٱلعلمٓؤا,1,1.2915057665732477e-05
13223,تجرةٗ,1,1.2915057665732477e-05
13224,تبور,1,1.2915057665732477e-05
13225,ليوفيهم,1,1.2915057665732477e-05
13226,شكورٞ,1,1.2915057665732477e-05
13227,أورثنا,1,1.2915057665732477e-05
13228,ٱصطفينا,1,1.2915057665732477e-05
13229,بٱلخيرت,1,1.2915057665732477e-05
13230,أذهب,1,1.2915057665732477e-05
13231,أحلنا,1,1.2915057665732477e-05
13232,ٱلمقامة,1,1.2915057665732477e-05
13233,لغوبٞ,1,1.2915057665732477e-05
13234,يقضى,1,1.2915057665732477e-05
13235,فيموتوا,1,1.2915057665732477e-05
13236,يصطرخون,1,1.2915057665732477e-05
13237,نعمركم,1,1.2915057665732477e-05
13238,وجآءكم,1,1.2915057665732477e-05
13239,مقتٗا,1,1.2915057665732477e-05
13240,يعد,1,1.2915057665732477e-05
13241,تزولا,1,1.2915057665732477e-05
13242,زالتآ,1,1.2915057665732477e-05
13243,أمسكهما,1,1.2915057665732477e-05
13244,ليكونن,1,1.2915057665732477e-05
13245,ٱلأمم,1,1.2915057665732477e-05
13246,نفورا,1,1.2915057665732477e-05
13247,ٱلسييٕ,1,1.2915057665732477e-05
13248,يحيق,1,1.2915057665732477e-05
13249,ٱلسيئ,1,1.2915057665732477e-05
13250,بأهله,1,1.2915057665732477e-05
13251,ليعجزه,1,1.2915057665732477e-05
13252,ظهرها,1,1.2915057665732477e-05
13253,يسٓ,1,1.2915057665732477e-05
13254,أغللٗا,1,1.2915057665732477e-05
13255,ٱلأذقان,1,1.2915057665732477e-05
13256,مقمحون,1,1.2915057665732477e-05
13257,فأغشينهم,1,1.2915057665732477e-05
13258,وسوآء,1,1.2915057665732477e-05
13259,وخشي,1,1.2915057665732477e-05
13260,بمغفرةٖ,1,1.2915057665732477e-05
13261,وأجرٖ,1,1.2915057665732477e-05
13262,ونكتب,1,1.2915057665732477e-05
13263,قدموا,1,1.2915057665732477e-05
13264,وءاثرهم,1,1.2915057665732477e-05
13265,إمامٖ,1,1.2915057665732477e-05
13266,فعززنا,1,1.2915057665732477e-05
13267,بثالثٖ,1,1.2915057665732477e-05
13268,مرسلون,1,1.2915057665732477e-05
13269,لمرسلون,1,1.2915057665732477e-05
13270,تطيرنا,1,1.2915057665732477e-05
13271,لنرجمنكم,1,1.2915057665732477e-05
13272,وليمسنكم,1,1.2915057665732477e-05
13273,ذكرتم,1,1.2915057665732477e-05
13274,ومالي,1,1.2915057665732477e-05
13275,ءأتخذ,1,1.2915057665732477e-05
13276,يردن,1,1.2915057665732477e-05
13277,فٱسمعون,1,1.2915057665732477e-05
13278,ٱدخل,1,1.2915057665732477e-05
13279,غفر,1,1.2915057665732477e-05
13280,جندٖ,1,1.2915057665732477e-05
13281,خمدون,1,1.2915057665732477e-05
13282,يحسرة,1,1.2915057665732477e-05
13283,أحيينها,1,1.2915057665732477e-05
13284,وأخرجنا,1,1.2915057665732477e-05
13285,فمنه,1,1.2915057665732477e-05
13286,ٱلعيون,1,1.2915057665732477e-05
13287,ليأكلوا,1,1.2915057665732477e-05
13288,ثمره,1,1.2915057665732477e-05
13289,عملته,1,1.2915057665732477e-05
13290,نسلخ,1,1.2915057665732477e-05
13291,مظلمون,1,1.2915057665732477e-05
13292,لمستقرٖ,1,1.2915057665732477e-05
13293,قدرنه,1,1.2915057665732477e-05
13294,كٱلعرجون,1,1.2915057665732477e-05
13295,لهآ,1,1.2915057665732477e-05
13296,تدرك,1,1.2915057665732477e-05
13297,وخلقنا,1,1.2915057665732477e-05
13298,يركبون,1,1.2915057665732477e-05
13299,نغرقهم,1,1.2915057665732477e-05
13300,صريخ,1,1.2915057665732477e-05
13301,خلفكم,1,1.2915057665732477e-05
13302,أنطعم,1,1.2915057665732477e-05
13303,أطعمهٓ,1,1.2915057665732477e-05
13304,تأخذهم,1,1.2915057665732477e-05
13305,يخصمون,1,1.2915057665732477e-05
13306,توصيةٗ,1,1.2915057665732477e-05
13307,مرقدنا,1,1.2915057665732477e-05
13308,شغلٖ,1,1.2915057665732477e-05
13309,فكهون,1,1.2915057665732477e-05
13310,ظلل,1,1.2915057665732477e-05
13311,متكٔون,1,1.2915057665732477e-05
13312,ربٖ,1,1.2915057665732477e-05
13313,وٱمتزوا,1,1.2915057665732477e-05
13314,أعهد,1,1.2915057665732477e-05
13315,تعبدوا,1,1.2915057665732477e-05
13316,ٱعبدوني,1,1.2915057665732477e-05
13317,جبلٗا,1,1.2915057665732477e-05
13318,نختم,1,1.2915057665732477e-05
13319,وتكلمنآ,1,1.2915057665732477e-05
13320,وتشهد,1,1.2915057665732477e-05
13321,لطمسنا,1,1.2915057665732477e-05
13322,لمسخنهم,1,1.2915057665732477e-05
13323,مكانتهم,1,1.2915057665732477e-05
13324,مضيٗا,1,1.2915057665732477e-05
13325,نعمره,1,1.2915057665732477e-05
13326,ننكسه,1,1.2915057665732477e-05
13327,ٱلشعر,1,1.2915057665732477e-05
13328,وقرءانٞ,1,1.2915057665732477e-05
13329,أيدينآ,1,1.2915057665732477e-05
13330,ملكون,1,1.2915057665732477e-05
13331,وذللنها,1,1.2915057665732477e-05
13332,فمنها,1,1.2915057665732477e-05
13333,ركوبهم,1,1.2915057665732477e-05
13334,ومشارب,1,1.2915057665732477e-05
13335,رميمٞ,1,1.2915057665732477e-05
13336,يحييها,1,1.2915057665732477e-05
13337,أنشأهآ,1,1.2915057665732477e-05
13338,ٱلأخضر,1,1.2915057665732477e-05
13339,توقدون,1,1.2915057665732477e-05
13340,وٱلصٓفت,1,1.2915057665732477e-05
13341,فٱلزجرت,1,1.2915057665732477e-05
13342,زجرٗا,1,1.2915057665732477e-05
13343,فٱلتليت,1,1.2915057665732477e-05
13344,لوحدٞ,1,1.2915057665732477e-05
13345,بزينة,1,1.2915057665732477e-05
13346,ماردٖ,1,1.2915057665732477e-05
13347,جانبٖ,1,1.2915057665732477e-05
13348,دحورٗا,1,1.2915057665732477e-05
13349,واصب,1,1.2915057665732477e-05
13350,خطف,1,1.2915057665732477e-05
13351,ٱلخطفة,1,1.2915057665732477e-05
13352,ثاقبٞ,1,1.2915057665732477e-05
13353,لازب,1,1.2915057665732477e-05
13354,عجبت,1,1.2915057665732477e-05
13355,يستسخرون,1,1.2915057665732477e-05
13356,ٱحشروا,1,1.2915057665732477e-05
13357,فٱهدوهم,1,1.2915057665732477e-05
13358,وقفوهم,1,1.2915057665732477e-05
13359,مسٔولون,1,1.2915057665732477e-05
13360,تناصرون,1,1.2915057665732477e-05
13361,مستسلمون,1,1.2915057665732477e-05
13362,تأتوننا,1,1.2915057665732477e-05
13363,لذآئقون,1,1.2915057665732477e-05
13364,فأغوينكم,1,1.2915057665732477e-05
13365,غوين,1,1.2915057665732477e-05
13366,لتاركوٓا,1,1.2915057665732477e-05
13367,لشاعرٖ,1,1.2915057665732477e-05
13368,لذآئقوا,1,1.2915057665732477e-05
13369,رزقٞ,1,1.2915057665732477e-05
13370,بكأسٖ,1,1.2915057665732477e-05
13371,غولٞ,1,1.2915057665732477e-05
13372,لمدينون,1,1.2915057665732477e-05
13373,مطلعون,1,1.2915057665732477e-05
13374,فٱطلع,1,1.2915057665732477e-05
13375,لتردين,1,1.2915057665732477e-05
13376,أفما,1,1.2915057665732477e-05
13377,بميتين,1,1.2915057665732477e-05
13378,لمثل,1,1.2915057665732477e-05
13379,ٱلعملون,1,1.2915057665732477e-05
13380,شجرةٞ,1,1.2915057665732477e-05
13381,أصل,1,1.2915057665732477e-05
13382,لشوبٗا,1,1.2915057665732477e-05
13383,ألفوا,1,1.2915057665732477e-05
13384,نادىنا,1,1.2915057665732477e-05
13385,فلنعم,1,1.2915057665732477e-05
13386,ٱلمجيبون,1,1.2915057665732477e-05
13387,سليم,1,1.2915057665732477e-05
13388,أئفكا,1,1.2915057665732477e-05
13389,فنظر,1,1.2915057665732477e-05
13390,نظرةٗ,1,1.2915057665732477e-05
13391,فتولوا,1,1.2915057665732477e-05
13392,ضربا,1,1.2915057665732477e-05
13393,فأقبلوٓا,1,1.2915057665732477e-05
13394,يزفون,1,1.2915057665732477e-05
13395,تنحتون,1,1.2915057665732477e-05
13396,فأرادوا,1,1.2915057665732477e-05
13397,ذاهب,1,1.2915057665732477e-05
13398,فبشرنه,1,1.2915057665732477e-05
13399,حليمٖ,1,1.2915057665732477e-05
13400,ٱلسعي,1,1.2915057665732477e-05
13401,ٱلمنام,1,1.2915057665732477e-05
13402,أذبحك,1,1.2915057665732477e-05
13403,ٱفعل,1,1.2915057665732477e-05
13404,أسلما,1,1.2915057665732477e-05
13405,وتله,1,1.2915057665732477e-05
13406,للجبين,1,1.2915057665732477e-05
13407,صدقت,1,1.2915057665732477e-05
13408,ٱلرءيآ,1,1.2915057665732477e-05
13409,ٱلبلٓؤا,1,1.2915057665732477e-05
13410,وفدينه,1,1.2915057665732477e-05
13411,بذبح,1,1.2915057665732477e-05
13412,وبشرنه,1,1.2915057665732477e-05
13413,وبركنا,1,1.2915057665732477e-05
13414,وظالمٞ,1,1.2915057665732477e-05
13415,ونجينهما,1,1.2915057665732477e-05
13416,ونصرنهم,1,1.2915057665732477e-05
13417,وءاتينهما,1,1.2915057665732477e-05
13418,ٱلمستبين,1,1.2915057665732477e-05
13419,وهدينهما,1,1.2915057665732477e-05
13420,إنهما,1,1.2915057665732477e-05
13421,إلياس,1,1.2915057665732477e-05
13422,أتدعون,1,1.2915057665732477e-05
13423,بعلٗا,1,1.2915057665732477e-05
13424,إل,1,1.2915057665732477e-05
13425,ياسين,1,1.2915057665732477e-05
13426,نجينه,1,1.2915057665732477e-05
13427,لتمرون,1,1.2915057665732477e-05
13428,وبٱليل,1,1.2915057665732477e-05
13429,أبق,1,1.2915057665732477e-05
13430,فساهم,1,1.2915057665732477e-05
13431,ٱلمدحضين,1,1.2915057665732477e-05
13432,فٱلتقمه,1,1.2915057665732477e-05
13433,ٱلمسبحين,1,1.2915057665732477e-05
13434,للبث,1,1.2915057665732477e-05
13435,بطنهٓ,1,1.2915057665732477e-05
13436,فنبذنه,1,1.2915057665732477e-05
13437,شجرةٗ,1,1.2915057665732477e-05
13438,يقطينٖ,1,1.2915057665732477e-05
13439,وأرسلنه,1,1.2915057665732477e-05
13440,يزيدون,1,1.2915057665732477e-05
13441,فمتعنهم,1,1.2915057665732477e-05
13442,ألربك,1,1.2915057665732477e-05
13443,شهدون,1,1.2915057665732477e-05
13444,أصطفى,1,1.2915057665732477e-05
13445,ٱلبنين,1,1.2915057665732477e-05
13446,بكتبكم,1,1.2915057665732477e-05
13447,بفتنين,1,1.2915057665732477e-05
13448,صال,1,1.2915057665732477e-05
13449,ومامنآ,1,1.2915057665732477e-05
13450,مقامٞ,1,1.2915057665732477e-05
13451,ٱلصآفون,1,1.2915057665732477e-05
13452,ٱلمسبحون,1,1.2915057665732477e-05
13453,كلمتنا,1,1.2915057665732477e-05
13454,لعبادنا,1,1.2915057665732477e-05
13455,ٱلمنصورون,1,1.2915057665732477e-05
13456,جندنا,1,1.2915057665732477e-05
13457,بساحتهم,1,1.2915057665732477e-05
13458,صباح,1,1.2915057665732477e-05
13459,وتول,1,1.2915057665732477e-05
13460,صٓ,1,1.2915057665732477e-05
13461,عزةٖ,1,1.2915057665732477e-05
13462,وشقاقٖ,1,1.2915057665732477e-05
13463,ولات,1,1.2915057665732477e-05
13464,مناصٖ,1,1.2915057665732477e-05
13465,وعجبوٓا,1,1.2915057665732477e-05
13466,ٱلأٓلهة,1,1.2915057665732477e-05
13467,وحدا,1,1.2915057665732477e-05
13468,عجابٞ,1,1.2915057665732477e-05
13469,وٱنطلق,1,1.2915057665732477e-05
13470,ٱمشوا,1,1.2915057665732477e-05
13471,وٱصبروا,1,1.2915057665732477e-05
13472,لشيءٞ,1,1.2915057665732477e-05
13473,يراد,1,1.2915057665732477e-05
13474,ٱلملة,1,1.2915057665732477e-05
13475,ٱختلق,1,1.2915057665732477e-05
13476,أءنزل,1,1.2915057665732477e-05
13477,يذوقوا,1,1.2915057665732477e-05
13478,فليرتقوا,1,1.2915057665732477e-05
13479,مهزومٞ,1,1.2915057665732477e-05
13480,فواقٖ,1,1.2915057665732477e-05
13481,عجل,1,1.2915057665732477e-05
13482,قطنا,1,1.2915057665732477e-05
13483,ٱصبر,1,1.2915057665732477e-05
13484,ٱلأيد,1,1.2915057665732477e-05
13485,سخرنا,1,1.2915057665732477e-05
13486,وٱلإشراق,1,1.2915057665732477e-05
13487,محشورةٗ,1,1.2915057665732477e-05
13488,وشددنا,1,1.2915057665732477e-05
13489,وفصل,1,1.2915057665732477e-05
13490,ٱلخصم,1,1.2915057665732477e-05
13491,تسوروا,1,1.2915057665732477e-05
13492,بغى,1,1.2915057665732477e-05
13493,تشطط,1,1.2915057665732477e-05
13494,وٱهدنآ,1,1.2915057665732477e-05
13495,تسعٞ,1,1.2915057665732477e-05
13496,وتسعون,1,1.2915057665732477e-05
13497,نعجةٗ,1,1.2915057665732477e-05
13498,نعجةٞ,1,1.2915057665732477e-05
13499,أكفلنيها,1,1.2915057665732477e-05
13500,وعزني,1,1.2915057665732477e-05
13501,ظلمك,1,1.2915057665732477e-05
13502,بسؤال,1,1.2915057665732477e-05
13503,نعجتك,1,1.2915057665732477e-05
13504,نعاجه,1,1.2915057665732477e-05
13505,ٱلخلطآء,1,1.2915057665732477e-05
13506,ليبغي,1,1.2915057665732477e-05
13507,فتنه,1,1.2915057665732477e-05
13508,راكعٗا,1,1.2915057665732477e-05
13509,وأناب,1,1.2915057665732477e-05
13510,فغفرنا,1,1.2915057665732477e-05
13511,يداود,1,1.2915057665732477e-05
13512,فيضلك,1,1.2915057665732477e-05
13513,كٱلمفسدين,1,1.2915057665732477e-05
13514,كٱلفجار,1,1.2915057665732477e-05
13515,مبركٞ,1,1.2915057665732477e-05
13516,ليدبروٓا,1,1.2915057665732477e-05
13517,وليتذكر,1,1.2915057665732477e-05
13518,لداود,1,1.2915057665732477e-05
13519,ٱلصفنت,1,1.2915057665732477e-05
13520,ٱلجياد,1,1.2915057665732477e-05
13521,توارت,1,1.2915057665732477e-05
13522,بٱلحجاب,1,1.2915057665732477e-05
13523,ردوها,1,1.2915057665732477e-05
13524,فطفق,1,1.2915057665732477e-05
13525,مسحا,1,1.2915057665732477e-05
13526,بٱلسوق,1,1.2915057665732477e-05
13527,وٱلأعناق,1,1.2915057665732477e-05
13528,لأحدٖ,1,1.2915057665732477e-05
13529,فسخرنا,1,1.2915057665732477e-05
13530,رخآء,1,1.2915057665732477e-05
13531,بنآءٖ,1,1.2915057665732477e-05
13532,وغواصٖ,1,1.2915057665732477e-05
13533,عطآؤنا,1,1.2915057665732477e-05
13534,فٱمنن,1,1.2915057665732477e-05
13535,أيوب,1,1.2915057665732477e-05
13536,بنصبٖ,1,1.2915057665732477e-05
13537,ٱركض,1,1.2915057665732477e-05
13538,برجلك,1,1.2915057665732477e-05
13539,مغتسل,1,1.2915057665732477e-05
13540,باردٞ,1,1.2915057665732477e-05
13541,وشرابٞ,1,1.2915057665732477e-05
13542,وخذ,1,1.2915057665732477e-05
13543,ضغثٗا,1,1.2915057665732477e-05
13544,تحنث,1,1.2915057665732477e-05
13545,وجدنه,1,1.2915057665732477e-05
13546,ٱلأيدي,1,1.2915057665732477e-05
13547,أخلصنهم,1,1.2915057665732477e-05
13548,بخالصةٖ,1,1.2915057665732477e-05
13549,ٱلمصطفين,1,1.2915057665732477e-05
13550,لحسن,1,1.2915057665732477e-05
13551,مفتحةٗ,1,1.2915057665732477e-05
13552,وشرابٖ,1,1.2915057665732477e-05
13553,أتراب,1,1.2915057665732477e-05
13554,لرزقنا,1,1.2915057665732477e-05
13555,نفاد,1,1.2915057665732477e-05
13556,لشر,1,1.2915057665732477e-05
13557,فليذوقوه,1,1.2915057665732477e-05
13558,وغساقٞ,1,1.2915057665732477e-05
13559,شكلهٓ,1,1.2915057665732477e-05
13560,مقتحمٞ,1,1.2915057665732477e-05
13561,صالوا,1,1.2915057665732477e-05
13562,قدمتموه,1,1.2915057665732477e-05
13563,فزده,1,1.2915057665732477e-05
13564,ٱلأشرار,1,1.2915057665732477e-05
13565,أتخذنهم,1,1.2915057665732477e-05
13566,تخاصم,1,1.2915057665732477e-05
13567,بٱلملإ,1,1.2915057665732477e-05
13568,ٱلأعلىٓ,1,1.2915057665732477e-05
13569,ٱستكبر,1,1.2915057665732477e-05
13570,بيدي,1,1.2915057665732477e-05
13571,أستكبرت,1,1.2915057665732477e-05
13572,ٱلعالين,1,1.2915057665732477e-05
13573,لعنتيٓ,1,1.2915057665732477e-05
13574,فبعزتك,1,1.2915057665732477e-05
13575,لأغوينهم,1,1.2915057665732477e-05
13576,فٱلحق,1,1.2915057665732477e-05
13577,وٱلحق,1,1.2915057665732477e-05
13578,ٱلمتكلفين,1,1.2915057665732477e-05
13579,نبأه,1,1.2915057665732477e-05
13580,ٱلخالص,1,1.2915057665732477e-05
13581,نعبدهم,1,1.2915057665732477e-05
13582,ليقربونآ,1,1.2915057665732477e-05
13583,لٱصطفى,1,1.2915057665732477e-05
13584,يكور,1,1.2915057665732477e-05
13585,ويكور,1,1.2915057665732477e-05
13586,يخلقكم,1,1.2915057665732477e-05
13587,ثلثٖ,1,1.2915057665732477e-05
13588,تشكروا,1,1.2915057665732477e-05
13589,يرضه,1,1.2915057665732477e-05
13590,منيبا,1,1.2915057665732477e-05
13591,خوله,1,1.2915057665732477e-05
13592,نسي,1,1.2915057665732477e-05
13593,بكفرك,1,1.2915057665732477e-05
13594,قنت,1,1.2915057665732477e-05
13595,ساجدٗا,1,1.2915057665732477e-05
13596,وقآئمٗا,1,1.2915057665732477e-05
13597,ويرجوا,1,1.2915057665732477e-05
13598,وأرض,1,1.2915057665732477e-05
13599,وسعة,1,1.2915057665732477e-05
13600,يوفى,1,1.2915057665732477e-05
13601,لأن,1,1.2915057665732477e-05
13602,فٱعبدوا,1,1.2915057665732477e-05
13603,يعبدوها,1,1.2915057665732477e-05
13604,وأنابوٓا,1,1.2915057665732477e-05
13605,فبشر,1,1.2915057665732477e-05
13606,أحسنهٓ,1,1.2915057665732477e-05
13607,تنقذ,1,1.2915057665732477e-05
13608,مبنيةٞ,1,1.2915057665732477e-05
13609,فسلكه,1,1.2915057665732477e-05
13610,ينبيع,1,1.2915057665732477e-05
13611,حطما,1,1.2915057665732477e-05
13612,للقسية,1,1.2915057665732477e-05
13613,مثاني,1,1.2915057665732477e-05
13614,تقشعر,1,1.2915057665732477e-05
13615,تلين,1,1.2915057665732477e-05
13616,يتقي,1,1.2915057665732477e-05
13617,بوجهه,1,1.2915057665732477e-05
13618,فأذاقهم,1,1.2915057665732477e-05
13619,عربيا,1,1.2915057665732477e-05
13620,عوجٖ,1,1.2915057665732477e-05
13621,متشكسون,1,1.2915057665732477e-05
13622,ورجلٗا,1,1.2915057665732477e-05
13623,لرجل,1,1.2915057665732477e-05
13624,ميتٞ,1,1.2915057665732477e-05
13625,ميتون,1,1.2915057665732477e-05
13626,تختصمون,1,1.2915057665732477e-05
13627,ليكفر,1,1.2915057665732477e-05
13628,ويجزيهم,1,1.2915057665732477e-05
13629,بكاف,1,1.2915057665732477e-05
13630,ويخوفونك,1,1.2915057665732477e-05
13631,مضل,1,1.2915057665732477e-05
13632,بضر,1,1.2915057665732477e-05
13633,ممسكت,1,1.2915057665732477e-05
13634,بوكيل,1,1.2915057665732477e-05
13635,تمت,1,1.2915057665732477e-05
13636,منامها,1,1.2915057665732477e-05
13637,فيمسك,1,1.2915057665732477e-05
13638,ٱشمأزت,1,1.2915057665732477e-05
13639,تحكم,1,1.2915057665732477e-05
13640,يحتسبون,1,1.2915057665732477e-05
13641,خولنه,1,1.2915057665732477e-05
13642,قالها,1,1.2915057665732477e-05
13643,سيصيبهم,1,1.2915057665732477e-05
13644,أسرفوا,1,1.2915057665732477e-05
13645,تقنطوا,1,1.2915057665732477e-05
13646,وأنيبوٓا,1,1.2915057665732477e-05
13647,وأسلموا,1,1.2915057665732477e-05
13648,يحسرتى,1,1.2915057665732477e-05
13649,فرطت,1,1.2915057665732477e-05
13650,جنب,1,1.2915057665732477e-05
13651,ٱلسخرين,1,1.2915057665732477e-05
13652,فأكون,1,1.2915057665732477e-05
13653,جآءتك,1,1.2915057665732477e-05
13654,وٱستكبرت,1,1.2915057665732477e-05
13655,مسودة,1,1.2915057665732477e-05
13656,للمتكبرين,1,1.2915057665732477e-05
13657,وينجي,1,1.2915057665732477e-05
13658,بمفازتهم,1,1.2915057665732477e-05
13659,تأمروٓنيٓ,1,1.2915057665732477e-05
13660,أشركت,1,1.2915057665732477e-05
13661,ليحبطن,1,1.2915057665732477e-05
13662,عملك,1,1.2915057665732477e-05
13663,ولتكونن,1,1.2915057665732477e-05
13664,قبضته,1,1.2915057665732477e-05
13665,مطويت,1,1.2915057665732477e-05
13666,فصعق,1,1.2915057665732477e-05
13667,قيامٞ,1,1.2915057665732477e-05
13668,وأشرقت,1,1.2915057665732477e-05
13669,بنور,1,1.2915057665732477e-05
13670,بٱلنبين,1,1.2915057665732477e-05
13671,خزنتها,1,1.2915057665732477e-05
13672,طبتم,1,1.2915057665732477e-05
13673,فٱدخلوها,1,1.2915057665732477e-05
13674,صدقنا,1,1.2915057665732477e-05
13675,نتبوأ,1,1.2915057665732477e-05
13676,حآفين,1,1.2915057665732477e-05
13677,غافر,1,1.2915057665732477e-05
13678,ٱلذنب,1,1.2915057665732477e-05
13679,وقابل,1,1.2915057665732477e-05
13680,ٱلتوب,1,1.2915057665732477e-05
13681,يغررك,1,1.2915057665732477e-05
13682,وٱلأحزاب,1,1.2915057665732477e-05
13683,وهمت,1,1.2915057665732477e-05
13684,برسولهم,1,1.2915057665732477e-05
13685,ليأخذوه,1,1.2915057665732477e-05
13686,وجدلوا,1,1.2915057665732477e-05
13687,ويؤمنون,1,1.2915057665732477e-05
13688,وأدخلهم,1,1.2915057665732477e-05
13689,وعدتهم,1,1.2915057665732477e-05
13690,تق,1,1.2915057665732477e-05
13691,لمقت,1,1.2915057665732477e-05
13692,مقتكم,1,1.2915057665732477e-05
13693,فتكفرون,1,1.2915057665732477e-05
13694,أمتنا,1,1.2915057665732477e-05
13695,وأحييتنا,1,1.2915057665732477e-05
13696,فٱعترفنا,1,1.2915057665732477e-05
13697,بذنوبنا,1,1.2915057665732477e-05
13698,خروجٖ,1,1.2915057665732477e-05
13699,بأنهٓ,1,1.2915057665732477e-05
13700,دعي,1,1.2915057665732477e-05
13701,فٱلحكم,1,1.2915057665732477e-05
13702,رفيع,1,1.2915057665732477e-05
13703,ٱلتلاق,1,1.2915057665732477e-05
13704,برزون,1,1.2915057665732477e-05
13705,تجزى,1,1.2915057665732477e-05
13706,لدى,1,1.2915057665732477e-05
13707,كظمين,1,1.2915057665732477e-05
13708,شفيعٖ,1,1.2915057665732477e-05
13709,يطاع,1,1.2915057665732477e-05
13710,خآئنة,1,1.2915057665732477e-05
13711,يقضون,1,1.2915057665732477e-05
13712,وٱستحيوا,1,1.2915057665732477e-05
13713,ذرونيٓ,1,1.2915057665732477e-05
13714,أقتل,1,1.2915057665732477e-05
13715,وليدع,1,1.2915057665732477e-05
13716,يكتم,1,1.2915057665732477e-05
13717,أتقتلون,1,1.2915057665732477e-05
13718,رجلا,1,1.2915057665732477e-05
13719,كذبه,1,1.2915057665732477e-05
13720,صادقٗا,1,1.2915057665732477e-05
13721,يصبكم,1,1.2915057665732477e-05
13722,ينصرنا,1,1.2915057665732477e-05
13723,أريكم,1,1.2915057665732477e-05
13724,أهديكم,1,1.2915057665732477e-05
13725,دأب,1,1.2915057665732477e-05
13726,ٱلتناد,1,1.2915057665732477e-05
13727,تولون,1,1.2915057665732477e-05
13728,زلتم,1,1.2915057665732477e-05
13729,مرتاب,1,1.2915057665732477e-05
13730,جبارٖ,1,1.2915057665732477e-05
13731,أسبب,1,1.2915057665732477e-05
13732,فأطلع,1,1.2915057665732477e-05
13733,تبابٖ,1,1.2915057665732477e-05
13734,ٱتبعون,1,1.2915057665732477e-05
13735,أهدكم,1,1.2915057665732477e-05
13736,ٱلنجوة,1,1.2915057665732477e-05
13737,وتدعوننيٓ,1,1.2915057665732477e-05
13738,تدعونني,1,1.2915057665732477e-05
13739,لأكفر,1,1.2915057665732477e-05
13740,وأشرك,1,1.2915057665732477e-05
13741,تدعوننيٓ,1,1.2915057665732477e-05
13742,دعوةٞ,1,1.2915057665732477e-05
13743,مردنآ,1,1.2915057665732477e-05
13744,فستذكرون,1,1.2915057665732477e-05
13745,وأفوض,1,1.2915057665732477e-05
13746,أمريٓ,1,1.2915057665732477e-05
13747,فوقىه,1,1.2915057665732477e-05
13748,بٔال,1,1.2915057665732477e-05
13749,غدوٗا,1,1.2915057665732477e-05
13750,أدخلوٓا,1,1.2915057665732477e-05
13751,يتحآجون,1,1.2915057665732477e-05
13752,لخزنة,1,1.2915057665732477e-05
13753,رسلكم,1,1.2915057665732477e-05
13754,دعٓؤا,1,1.2915057665732477e-05
13755,لننصر,1,1.2915057665732477e-05
13756,كبرٞ,1,1.2915057665732477e-05
13757,ببلغيه,1,1.2915057665732477e-05
13758,ٱلمسيٓء,1,1.2915057665732477e-05
13759,ٱدعونيٓ,1,1.2915057665732477e-05
13760,أستجب,1,1.2915057665732477e-05
13761,عبادتي,1,1.2915057665732477e-05
13762,سيدخلون,1,1.2915057665732477e-05
13763,داخرين,1,1.2915057665732477e-05
13764,شيوخٗا,1,1.2915057665732477e-05
13765,ولتبلغوٓا,1,1.2915057665732477e-05
13766,يصرفون,1,1.2915057665732477e-05
13767,وٱلسلسل,1,1.2915057665732477e-05
13768,يسجرون,1,1.2915057665732477e-05
13769,تمرحون,1,1.2915057665732477e-05
13770,نقصص,1,1.2915057665732477e-05
13771,لتركبوا,1,1.2915057665732477e-05
13772,ولتبلغوا,1,1.2915057665732477e-05
13773,تنكرون,1,1.2915057665732477e-05
13774,وكفرنا,1,1.2915057665732477e-05
13775,أكنةٖ,1,1.2915057665732477e-05
13776,ءاذاننا,1,1.2915057665732477e-05
13777,فٱعمل,1,1.2915057665732477e-05
13778,فٱستقيموٓا,1,1.2915057665732477e-05
13779,وٱستغفروه,1,1.2915057665732477e-05
13780,لتكفرون,1,1.2915057665732477e-05
13781,وبرك,1,1.2915057665732477e-05
13782,أقوتها,1,1.2915057665732477e-05
13783,دخانٞ,1,1.2915057665732477e-05
13784,وللأرض,1,1.2915057665732477e-05
13785,ٱئتيا,1,1.2915057665732477e-05
13786,قالتآ,1,1.2915057665732477e-05
13787,طآئعين,1,1.2915057665732477e-05
13788,فقضىهن,1,1.2915057665732477e-05
13789,سمواتٖ,1,1.2915057665732477e-05
13790,سمآء,1,1.2915057665732477e-05
13791,وزينا,1,1.2915057665732477e-05
13792,أنذرتكم,1,1.2915057665732477e-05
13793,صعقةٗ,1,1.2915057665732477e-05
13794,نحساتٖ,1,1.2915057665732477e-05
13795,لنذيقهم,1,1.2915057665732477e-05
13796,أخزى,1,1.2915057665732477e-05
13797,فهدينهم,1,1.2915057665732477e-05
13798,فٱستحبوا,1,1.2915057665732477e-05
13799,ٱلعمى,1,1.2915057665732477e-05
13800,ونجينا,1,1.2915057665732477e-05
13801,وجلودهم,1,1.2915057665732477e-05
13802,لجلودهم,1,1.2915057665732477e-05
13803,شهدتم,1,1.2915057665732477e-05
13804,أنطقنا,1,1.2915057665732477e-05
13805,أنطق,1,1.2915057665732477e-05
13806,تستترون,1,1.2915057665732477e-05
13807,أبصركم,1,1.2915057665732477e-05
13808,جلودكم,1,1.2915057665732477e-05
13809,وذلكم,1,1.2915057665732477e-05
13810,أردىكم,1,1.2915057665732477e-05
13811,يصبروا,1,1.2915057665732477e-05
13812,يستعتبوا,1,1.2915057665732477e-05
13813,ٱلمعتبين,1,1.2915057665732477e-05
13814,وقيضنا,1,1.2915057665732477e-05
13815,قرنآء,1,1.2915057665732477e-05
13816,فزينوا,1,1.2915057665732477e-05
13817,وحق,1,1.2915057665732477e-05
13818,تسمعوا,1,1.2915057665732477e-05
13819,وٱلغوا,1,1.2915057665732477e-05
13820,تغلبون,1,1.2915057665732477e-05
13821,فلنذيقن,1,1.2915057665732477e-05
13822,أضلانا,1,1.2915057665732477e-05
13823,نجعلهما,1,1.2915057665732477e-05
13824,ليكونا,1,1.2915057665732477e-05
13825,تتنزل,1,1.2915057665732477e-05
13826,تخافوا,1,1.2915057665732477e-05
13827,وأبشروا,1,1.2915057665732477e-05
13828,بٱلجنة,1,1.2915057665732477e-05
13829,أوليآؤكم,1,1.2915057665732477e-05
13830,تشتهيٓ,1,1.2915057665732477e-05
13831,غفورٖ,1,1.2915057665732477e-05
13832,دعآ,1,1.2915057665732477e-05
13833,عدوةٞ,1,1.2915057665732477e-05
13834,تسجدوا,1,1.2915057665732477e-05
13835,للقمر,1,1.2915057665732477e-05
13836,يسٔمون,1,1.2915057665732477e-05
13837,خشعةٗ,1,1.2915057665732477e-05
13838,ٱلموتىٓ,1,1.2915057665732477e-05
13839,يلقى,1,1.2915057665732477e-05
13840,يأتيٓ,1,1.2915057665732477e-05
13841,بٱلذكر,1,1.2915057665732477e-05
13842,لكتب,1,1.2915057665732477e-05
13843,حميدٖ,1,1.2915057665732477e-05
13844,للرسل,1,1.2915057665732477e-05
13845,وذو,1,1.2915057665732477e-05
13846,أعجميٗا,1,1.2915057665732477e-05
13847,ءاعجميٞ,1,1.2915057665732477e-05
13848,وعربيٞ,1,1.2915057665732477e-05
13849,عمى,1,1.2915057665732477e-05
13850,أكمامها,1,1.2915057665732477e-05
13851,ءاذنك,1,1.2915057665732477e-05
13852,مامنا,1,1.2915057665732477e-05
13853,شهيدٖ,1,1.2915057665732477e-05
13854,وظنوا,1,1.2915057665732477e-05
13855,يسٔم,1,1.2915057665732477e-05
13856,فئوسٞ,1,1.2915057665732477e-05
13857,قنوطٞ,1,1.2915057665732477e-05
13858,رجعت,1,1.2915057665732477e-05
13859,للحسنى,1,1.2915057665732477e-05
13860,فلننبئن,1,1.2915057665732477e-05
13861,فذو,1,1.2915057665732477e-05
13862,عريضٖ,1,1.2915057665732477e-05
13863,سنريهم,1,1.2915057665732477e-05
13864,ٱلأٓفاق,1,1.2915057665732477e-05
13865,عٓسٓقٓ,1,1.2915057665732477e-05
13866,فوقهن,1,1.2915057665732477e-05
13867,وفريقٞ,1,1.2915057665732477e-05
13868,لجعلهم,1,1.2915057665732477e-05
13869,وٱلظلمون,1,1.2915057665732477e-05
13870,ٱختلفتم,1,1.2915057665732477e-05
13871,فحكمهٓ,1,1.2915057665732477e-05
13872,يذرؤكم,1,1.2915057665732477e-05
13873,كمثله,1,1.2915057665732477e-05
13874,شرع,1,1.2915057665732477e-05
13875,وصى,1,1.2915057665732477e-05
13876,وعيسىٓ,1,1.2915057665732477e-05
13877,تتفرقوا,1,1.2915057665732477e-05
13878,يجتبيٓ,1,1.2915057665732477e-05
13879,تفرقوٓا,1,1.2915057665732477e-05
13880,أورثوا,1,1.2915057665732477e-05
13881,فلذلك,1,1.2915057665732477e-05
13882,وٱستقم,1,1.2915057665732477e-05
13883,لأعدل,1,1.2915057665732477e-05
13884,يحآجون,1,1.2915057665732477e-05
13885,ٱستجيب,1,1.2915057665732477e-05
13886,داحضة,1,1.2915057665732477e-05
13887,وعليهم,1,1.2915057665732477e-05
13888,يمارون,1,1.2915057665732477e-05
13889,حرثه,1,1.2915057665732477e-05
13890,شرعوا,1,1.2915057665732477e-05
13891,روضات,1,1.2915057665732477e-05
13892,ٱلجنات,1,1.2915057665732477e-05
13893,يبشر,1,1.2915057665732477e-05
13894,ٱلمودة,1,1.2915057665732477e-05
13895,يقترف,1,1.2915057665732477e-05
13896,يختم,1,1.2915057665732477e-05
13897,ويمح,1,1.2915057665732477e-05
13898,بكلمتهٓ,1,1.2915057665732477e-05
13899,ويستجيب,1,1.2915057665732477e-05
13900,بسط,1,1.2915057665732477e-05
13901,لبغوا,1,1.2915057665732477e-05
13902,قنطوا,1,1.2915057665732477e-05
13903,وينشر,1,1.2915057665732477e-05
13904,بث,1,1.2915057665732477e-05
13905,جمعهم,1,1.2915057665732477e-05
13906,يسكن,1,1.2915057665732477e-05
13907,فيظللن,1,1.2915057665732477e-05
13908,رواكد,1,1.2915057665732477e-05
13909,ظهرهٓ,1,1.2915057665732477e-05
13910,يوبقهن,1,1.2915057665732477e-05
13911,ويعف,1,1.2915057665732477e-05
13912,غضبوا,1,1.2915057665732477e-05
13913,يغفرون,1,1.2915057665732477e-05
13914,وأمرهم,1,1.2915057665732477e-05
13915,شورى,1,1.2915057665732477e-05
13916,ٱلبغي,1,1.2915057665732477e-05
13917,وجزٓؤا,1,1.2915057665732477e-05
13918,ٱنتصر,1,1.2915057665732477e-05
13919,ويبغون,1,1.2915057665732477e-05
13920,وغفر,1,1.2915057665732477e-05
13921,مردٖ,1,1.2915057665732477e-05
13922,طرف,1,1.2915057665732477e-05
13923,خفيٖ,1,1.2915057665732477e-05
13924,مقيمٖ,1,1.2915057665732477e-05
13925,لربكم,1,1.2915057665732477e-05
13926,ملجإٖ,1,1.2915057665732477e-05
13927,نكيرٖ,1,1.2915057665732477e-05
13928,حفيظا,1,1.2915057665732477e-05
13929,يهب,1,1.2915057665732477e-05
13930,ويهب,1,1.2915057665732477e-05
13931,ٱلذكور,1,1.2915057665732477e-05
13932,يزوجهم,1,1.2915057665732477e-05
13933,ذكرانٗا,1,1.2915057665732477e-05
13934,وإنثٗا,1,1.2915057665732477e-05
13935,عقيما,1,1.2915057665732477e-05
13936,يكلمه,1,1.2915057665732477e-05
13937,وحيا,1,1.2915057665732477e-05
13938,ورآيٕ,1,1.2915057665732477e-05
13939,حجاب,1,1.2915057665732477e-05
13940,فيوحي,1,1.2915057665732477e-05
13941,روحٗا,1,1.2915057665732477e-05
13942,نهدي,1,1.2915057665732477e-05
13943,لتهديٓ,1,1.2915057665732477e-05
13944,تصير,1,1.2915057665732477e-05
13945,لعلي,1,1.2915057665732477e-05
13946,أفنضرب,1,1.2915057665732477e-05
13947,صفحا,1,1.2915057665732477e-05
13948,مسرفين,1,1.2915057665732477e-05
13949,فأهلكنآ,1,1.2915057665732477e-05
13950,ومضى,1,1.2915057665732477e-05
13951,فأنشرنا,1,1.2915057665732477e-05
13952,تركبون,1,1.2915057665732477e-05
13953,لتستوا,1,1.2915057665732477e-05
13954,ظهوره,1,1.2915057665732477e-05
13955,ٱستويتم,1,1.2915057665732477e-05
13956,وتقولوا,1,1.2915057665732477e-05
13957,لمنقلبون,1,1.2915057665732477e-05
13958,جزءا,1,1.2915057665732477e-05
13959,بناتٖ,1,1.2915057665732477e-05
13960,وأصفىكم,1,1.2915057665732477e-05
13961,كظيم,1,1.2915057665732477e-05
13962,ينشؤا,1,1.2915057665732477e-05
13963,ٱلحلية,1,1.2915057665732477e-05
13964,أشهدوا,1,1.2915057665732477e-05
13965,ستكتب,1,1.2915057665732477e-05
13966,شهدتهم,1,1.2915057665732477e-05
13967,ويسٔلون,1,1.2915057665732477e-05
13968,عبدنهم,1,1.2915057665732477e-05
13969,مستمسكون,1,1.2915057665732477e-05
13970,مقتدون,1,1.2915057665732477e-05
13971,بأهدى,1,1.2915057665732477e-05
13972,برآءٞ,1,1.2915057665732477e-05
13973,وجعلها,1,1.2915057665732477e-05
13974,باقيةٗ,1,1.2915057665732477e-05
13975,عقبه,1,1.2915057665732477e-05
13976,متعت,1,1.2915057665732477e-05
13977,ورسولٞ,1,1.2915057665732477e-05
13978,ٱلقريتين,1,1.2915057665732477e-05
13979,يقسمون,1,1.2915057665732477e-05
13980,قسمنا,1,1.2915057665732477e-05
13981,معيشتهم,1,1.2915057665732477e-05
13982,ليتخذ,1,1.2915057665732477e-05
13983,سخريٗا,1,1.2915057665732477e-05
13984,ورحمت,1,1.2915057665732477e-05
13985,لبيوتهم,1,1.2915057665732477e-05
13986,ومعارج,1,1.2915057665732477e-05
13987,ولبيوتهم,1,1.2915057665732477e-05
13988,وسررا,1,1.2915057665732477e-05
13989,يتكٔون,1,1.2915057665732477e-05
13990,وزخرفٗا,1,1.2915057665732477e-05
13991,يعش,1,1.2915057665732477e-05
13992,نقيض,1,1.2915057665732477e-05
13993,ليصدونهم,1,1.2915057665732477e-05
13994,ٱلقرين,1,1.2915057665732477e-05
13995,نذهبن,1,1.2915057665732477e-05
13996,وعدنهم,1,1.2915057665732477e-05
13997,مقتدرون,1,1.2915057665732477e-05
13998,فٱستمسك,1,1.2915057665732477e-05
13999,لذكرٞ,1,1.2915057665732477e-05
14000,ولقومك,1,1.2915057665732477e-05
14001,أجعلنا,1,1.2915057665732477e-05
14002,نريهم,1,1.2915057665732477e-05
14003,وأخذنهم,1,1.2915057665732477e-05
14004,يٓأيه,1,1.2915057665732477e-05
14005,وهذه,1,1.2915057665732477e-05
14006,تحتيٓ,1,1.2915057665732477e-05
14007,أسورةٞ,1,1.2915057665732477e-05
14008,مقترنين,1,1.2915057665732477e-05
14009,فٱستخف,1,1.2915057665732477e-05
14010,فأطاعوه,1,1.2915057665732477e-05
14011,ءاسفونا,1,1.2915057665732477e-05
14012,ٱنتقمنا,1,1.2915057665732477e-05
14013,سلفٗا,1,1.2915057665732477e-05
14014,للأٓخرين,1,1.2915057665732477e-05
14015,ءألهتنا,1,1.2915057665732477e-05
14016,ضربوه,1,1.2915057665732477e-05
14017,جدلا,1,1.2915057665732477e-05
14018,خصمون,1,1.2915057665732477e-05
14019,يخلفون,1,1.2915057665732477e-05
14020,لعلمٞ,1,1.2915057665732477e-05
14021,للساعة,1,1.2915057665732477e-05
14022,تمترن,1,1.2915057665732477e-05
14023,وٱتبعون,1,1.2915057665732477e-05
14024,يصدنكم,1,1.2915057665732477e-05
14025,ولأبين,1,1.2915057665732477e-05
14026,ٱلأخلآء,1,1.2915057665732477e-05
14027,تحبرون,1,1.2915057665732477e-05
14028,بصحافٖ,1,1.2915057665732477e-05
14029,تشتهيه,1,1.2915057665732477e-05
14030,وتلذ,1,1.2915057665732477e-05
14031,يفتر,1,1.2915057665732477e-05
14032,ليقض,1,1.2915057665732477e-05
14033,مكثون,1,1.2915057665732477e-05
14034,جئنكم,1,1.2915057665732477e-05
14035,أبرموٓا,1,1.2915057665732477e-05
14036,مبرمون,1,1.2915057665732477e-05
14037,ورسلنا,1,1.2915057665732477e-05
14038,فأنا,1,1.2915057665732477e-05
14039,ٱلعبدين,1,1.2915057665732477e-05
14040,وتبارك,1,1.2915057665732477e-05
14041,وقيله,1,1.2915057665732477e-05
14042,ليلةٖ,1,1.2915057665732477e-05
14043,مبركة,1,1.2915057665732477e-05
14044,يفرق,1,1.2915057665732477e-05
14045,عندنآ,1,1.2915057665732477e-05
14046,بدخانٖ,1,1.2915057665732477e-05
14047,ٱكشف,1,1.2915057665732477e-05
14048,معلمٞ,1,1.2915057665732477e-05
14049,كاشفوا,1,1.2915057665732477e-05
14050,عآئدون,1,1.2915057665732477e-05
14051,نبطش,1,1.2915057665732477e-05
14052,ٱلبطشة,1,1.2915057665732477e-05
14053,أدوٓا,1,1.2915057665732477e-05
14054,ترجمون,1,1.2915057665732477e-05
14055,فٱعتزلون,1,1.2915057665732477e-05
14056,وٱترك,1,1.2915057665732477e-05
14057,رهوا,1,1.2915057665732477e-05
14058,ونعمةٖ,1,1.2915057665732477e-05
14059,بكت,1,1.2915057665732477e-05
14060,عاليٗا,1,1.2915057665732477e-05
14061,ٱخترنهم,1,1.2915057665732477e-05
14062,بلٓؤٞا,1,1.2915057665732477e-05
14063,بمنشرين,1,1.2915057665732477e-05
14064,خلقنهمآ,1,1.2915057665732477e-05
14065,ميقتهم,1,1.2915057665732477e-05
14066,مولٗى,1,1.2915057665732477e-05
14067,شجرت,1,1.2915057665732477e-05
14068,ٱلأثيم,1,1.2915057665732477e-05
14069,يغلي,1,1.2915057665732477e-05
14070,كغلي,1,1.2915057665732477e-05
14071,فٱعتلوه,1,1.2915057665732477e-05
14072,صبوا,1,1.2915057665732477e-05
14073,ذق,1,1.2915057665732477e-05
14074,فكهة,1,1.2915057665732477e-05
14075,ٱلموتة,1,1.2915057665732477e-05
14076,مرتقبون,1,1.2915057665732477e-05
14077,يبث,1,1.2915057665732477e-05
14078,يصر,1,1.2915057665732477e-05
14079,ٱتخذها,1,1.2915057665732477e-05
14080,يغفروا,1,1.2915057665732477e-05
14081,ٱختلفوٓا,1,1.2915057665732477e-05
14082,شريعةٖ,1,1.2915057665732477e-05
14083,فٱتبعها,1,1.2915057665732477e-05
14084,بصٓئر,1,1.2915057665732477e-05
14085,ٱجترحوا,1,1.2915057665732477e-05
14086,نجعلهم,1,1.2915057665732477e-05
14087,محياهم,1,1.2915057665732477e-05
14088,ومماتهم,1,1.2915057665732477e-05
14089,ولتجزى,1,1.2915057665732477e-05
14090,وأضله,1,1.2915057665732477e-05
14091,بصره,1,1.2915057665732477e-05
14092,غشوةٗ,1,1.2915057665732477e-05
14093,يهلكنآ,1,1.2915057665732477e-05
14094,يخسر,1,1.2915057665732477e-05
14095,جاثيةٗ,1,1.2915057665732477e-05
14096,تدعىٓ,1,1.2915057665732477e-05
14097,كتبها,1,1.2915057665732477e-05
14098,نستنسخ,1,1.2915057665732477e-05
14099,فيدخلهم,1,1.2915057665732477e-05
14100,فٱستكبرتم,1,1.2915057665732477e-05
14101,ندري,1,1.2915057665732477e-05
14102,نظن,1,1.2915057665732477e-05
14103,ظنٗا,1,1.2915057665732477e-05
14104,بمستيقنين,1,1.2915057665732477e-05
14105,ننسىكم,1,1.2915057665732477e-05
14106,بأنكم,1,1.2915057665732477e-05
14107,أثرةٖ,1,1.2915057665732477e-05
14108,دعآئهم,1,1.2915057665732477e-05
14109,بدعٗا,1,1.2915057665732477e-05
14110,وكفرتم,1,1.2915057665732477e-05
14111,وٱستكبرتم,1,1.2915057665732477e-05
14112,سبقونآ,1,1.2915057665732477e-05
14113,يهتدوا,1,1.2915057665732477e-05
14114,قديمٞ,1,1.2915057665732477e-05
14115,لسانا,1,1.2915057665732477e-05
14116,ووضعته,1,1.2915057665732477e-05
14117,وحمله,1,1.2915057665732477e-05
14118,ثلثون,1,1.2915057665732477e-05
14119,شهرا,1,1.2915057665732477e-05
14120,وبلغ,1,1.2915057665732477e-05
14121,ذريتيٓ,1,1.2915057665732477e-05
14122,نتقبل,1,1.2915057665732477e-05
14123,ونتجاوز,1,1.2915057665732477e-05
14124,ٱلصدق,1,1.2915057665732477e-05
14125,لولديه,1,1.2915057665732477e-05
14126,أتعداننيٓ,1,1.2915057665732477e-05
14127,وهما,1,1.2915057665732477e-05
14128,يستغيثان,1,1.2915057665732477e-05
14129,ويلك,1,1.2915057665732477e-05
14130,وليوفيهم,1,1.2915057665732477e-05
14131,أذهبتم,1,1.2915057665732477e-05
14132,طيبتكم,1,1.2915057665732477e-05
14133,حياتكم,1,1.2915057665732477e-05
14134,وٱستمتعتم,1,1.2915057665732477e-05
14135,تفسقون,1,1.2915057665732477e-05
14136,أخا,1,1.2915057665732477e-05
14137,بٱلأحقاف,1,1.2915057665732477e-05
14138,خلفهٓ,1,1.2915057665732477e-05
14139,لتأفكنا,1,1.2915057665732477e-05
14140,وأبلغكم,1,1.2915057665732477e-05
14141,عارضٗا,1,1.2915057665732477e-05
14142,مستقبل,1,1.2915057665732477e-05
14143,أوديتهم,1,1.2915057665732477e-05
14144,عارضٞ,1,1.2915057665732477e-05
14145,ممطرنا,1,1.2915057665732477e-05
14146,ٱستعجلتم,1,1.2915057665732477e-05
14147,ريحٞ,1,1.2915057665732477e-05
14148,تدمر,1,1.2915057665732477e-05
14149,سمعٗا,1,1.2915057665732477e-05
14150,وأبصرٗا,1,1.2915057665732477e-05
14151,وأفٔدةٗ,1,1.2915057665732477e-05
14152,قربانا,1,1.2915057665732477e-05
14153,صرفنآ,1,1.2915057665732477e-05
14154,حضروه,1,1.2915057665732477e-05
14155,أنصتوا,1,1.2915057665732477e-05
14156,كتبا,1,1.2915057665732477e-05
14157,طريقٖ,1,1.2915057665732477e-05
14158,أجيبوا,1,1.2915057665732477e-05
14159,ويجركم,1,1.2915057665732477e-05
14160,يجب,1,1.2915057665732477e-05
14161,بمعجزٖ,1,1.2915057665732477e-05
14162,يعي,1,1.2915057665732477e-05
14163,بخلقهن,1,1.2915057665732477e-05
14164,ٱلعزم,1,1.2915057665732477e-05
14165,تستعجل,1,1.2915057665732477e-05
14166,نهار,1,1.2915057665732477e-05
14167,محمدٖ,1,1.2915057665732477e-05
14168,أثخنتموهم,1,1.2915057665732477e-05
14169,فشدوا,1,1.2915057665732477e-05
14170,ٱلوثاق,1,1.2915057665732477e-05
14171,فدآء,1,1.2915057665732477e-05
14172,أوزارها,1,1.2915057665732477e-05
14173,لٱنتصر,1,1.2915057665732477e-05
14174,ليبلوا,1,1.2915057665732477e-05
14175,سيهديهم,1,1.2915057665732477e-05
14176,ويصلح,1,1.2915057665732477e-05
14177,عرفها,1,1.2915057665732477e-05
14178,تنصروا,1,1.2915057665732477e-05
14179,أقدامكم,1,1.2915057665732477e-05
14180,فتعسٗا,1,1.2915057665732477e-05
14181,دمر,1,1.2915057665732477e-05
14182,أمثلها,1,1.2915057665732477e-05
14183,يتمتعون,1,1.2915057665732477e-05
14184,ويأكلون,1,1.2915057665732477e-05
14185,وٱلنار,1,1.2915057665732477e-05
14186,قريتك,1,1.2915057665732477e-05
14187,أخرجتك,1,1.2915057665732477e-05
14188,ناصر,1,1.2915057665732477e-05
14189,أنهرٞ,1,1.2915057665732477e-05
14190,ءاسنٖ,1,1.2915057665732477e-05
14191,لبنٖ,1,1.2915057665732477e-05
14192,يتغير,1,1.2915057665732477e-05
14193,طعمه,1,1.2915057665732477e-05
14194,خمرٖ,1,1.2915057665732477e-05
14195,عسلٖ,1,1.2915057665732477e-05
14196,مصفٗى,1,1.2915057665732477e-05
14197,خلدٞ,1,1.2915057665732477e-05
14198,وسقوا,1,1.2915057665732477e-05
14199,أمعآءهم,1,1.2915057665732477e-05
14200,ءانفا,1,1.2915057665732477e-05
14201,وءاتىهم,1,1.2915057665732477e-05
14202,تقوىهم,1,1.2915057665732477e-05
14203,أشراطها,1,1.2915057665732477e-05
14204,ذكرىهم,1,1.2915057665732477e-05
14205,متقلبكم,1,1.2915057665732477e-05
14206,ومثوىكم,1,1.2915057665732477e-05
14207,نزلت,1,1.2915057665732477e-05
14208,محكمةٞ,1,1.2915057665732477e-05
14209,ٱلمغشي,1,1.2915057665732477e-05
14210,وقولٞ,1,1.2915057665732477e-05
14211,فأصمهم,1,1.2915057665732477e-05
14212,وأعمىٓ,1,1.2915057665732477e-05
14213,أقفالهآ,1,1.2915057665732477e-05
14214,ٱرتدوا,1,1.2915057665732477e-05
14215,سول,1,1.2915057665732477e-05
14216,وأملى,1,1.2915057665732477e-05
14217,سنطيعكم,1,1.2915057665732477e-05
14218,إسرارهم,1,1.2915057665732477e-05
14219,توفتهم,1,1.2915057665732477e-05
14220,أسخط,1,1.2915057665732477e-05
14221,وكرهوا,1,1.2915057665732477e-05
14222,أضغنهم,1,1.2915057665732477e-05
14223,لأرينكهم,1,1.2915057665732477e-05
14224,فلعرفتهم,1,1.2915057665732477e-05
14225,ولتعرفنهم,1,1.2915057665732477e-05
14226,لحن,1,1.2915057665732477e-05
14227,ونبلوا,1,1.2915057665732477e-05
14228,وشآقوا,1,1.2915057665732477e-05
14229,وسيحبط,1,1.2915057665732477e-05
14230,تبطلوٓا,1,1.2915057665732477e-05
14231,وتدعوٓا,1,1.2915057665732477e-05
14232,يتركم,1,1.2915057665732477e-05
14233,يسٔلكموها,1,1.2915057665732477e-05
14234,فيحفكم,1,1.2915057665732477e-05
14235,تبخلوا,1,1.2915057665732477e-05
14236,أضغنكم,1,1.2915057665732477e-05
14237,لتنفقوا,1,1.2915057665732477e-05
14238,يستبدل,1,1.2915057665732477e-05
14239,يكونوٓا,1,1.2915057665732477e-05
14240,تقدم,1,1.2915057665732477e-05
14241,ذنبك,1,1.2915057665732477e-05
14242,ويهديك,1,1.2915057665732477e-05
14243,وينصرك,1,1.2915057665732477e-05
14244,نصرا,1,1.2915057665732477e-05
14245,ٱلظآنين,1,1.2915057665732477e-05
14246,مصيرٗا,1,1.2915057665732477e-05
14247,وتعزروه,1,1.2915057665732477e-05
14248,وتوقروه,1,1.2915057665732477e-05
14249,وتسبحوه,1,1.2915057665732477e-05
14250,يبايعون,1,1.2915057665732477e-05
14251,نكث,1,1.2915057665732477e-05
14252,ينكث,1,1.2915057665732477e-05
14253,فسيؤتيه,1,1.2915057665732477e-05
14254,شغلتنآ,1,1.2915057665732477e-05
14255,وأهلونا,1,1.2915057665732477e-05
14256,أهليهم,1,1.2915057665732477e-05
14257,وظننتم,1,1.2915057665732477e-05
14258,فإنآ,1,1.2915057665732477e-05
14259,ٱنطلقتم,1,1.2915057665732477e-05
14260,لتأخذوها,1,1.2915057665732477e-05
14261,ذرونا,1,1.2915057665732477e-05
14262,نتبعكم,1,1.2915057665732477e-05
14263,يبدلوا,1,1.2915057665732477e-05
14264,تتبعونا,1,1.2915057665732477e-05
14265,كذلكم,1,1.2915057665732477e-05
14266,تحسدوننا,1,1.2915057665732477e-05
14267,للمخلفين,1,1.2915057665732477e-05
14268,ستدعون,1,1.2915057665732477e-05
14269,تقتلونهم,1,1.2915057665732477e-05
14270,يسلمون,1,1.2915057665732477e-05
14271,يعذبه,1,1.2915057665732477e-05
14272,وأثبهم,1,1.2915057665732477e-05
14273,ومغانم,1,1.2915057665732477e-05
14274,يأخذونها,1,1.2915057665732477e-05
14275,تأخذونها,1,1.2915057665732477e-05
14276,فعجل,1,1.2915057665732477e-05
14277,وكف,1,1.2915057665732477e-05
14278,ولتكون,1,1.2915057665732477e-05
14279,قتلكم,1,1.2915057665732477e-05
14280,كف,1,1.2915057665732477e-05
14281,ببطن,1,1.2915057665732477e-05
14282,مكة,1,1.2915057665732477e-05
14283,أظفركم,1,1.2915057665732477e-05
14284,وصدوكم,1,1.2915057665732477e-05
14285,معكوفا,1,1.2915057665732477e-05
14286,ونسآءٞ,1,1.2915057665732477e-05
14287,مؤمنتٞ,1,1.2915057665732477e-05
14288,تعلموهم,1,1.2915057665732477e-05
14289,تطٔوهم,1,1.2915057665732477e-05
14290,فتصيبكم,1,1.2915057665732477e-05
14291,معرة,1,1.2915057665732477e-05
14292,تزيلوا,1,1.2915057665732477e-05
14293,لعذبنا,1,1.2915057665732477e-05
14294,ٱلحمية,1,1.2915057665732477e-05
14295,حمية,1,1.2915057665732477e-05
14296,وألزمهم,1,1.2915057665732477e-05
14297,لتدخلن,1,1.2915057665732477e-05
14298,محلقين,1,1.2915057665732477e-05
14299,ومقصرين,1,1.2915057665732477e-05
14300,محمدٞ,1,1.2915057665732477e-05
14301,أشدآء,1,1.2915057665732477e-05
14302,رحمآء,1,1.2915057665732477e-05
14303,ترىهم,1,1.2915057665732477e-05
14304,ركعٗا,1,1.2915057665732477e-05
14305,سيماهم,1,1.2915057665732477e-05
14306,كزرع,1,1.2915057665732477e-05
14307,شطٔه,1,1.2915057665732477e-05
14308,فٔازره,1,1.2915057665732477e-05
14309,فٱستغلظ,1,1.2915057665732477e-05
14310,سوقه,1,1.2915057665732477e-05
14311,يعجب,1,1.2915057665732477e-05
14312,ٱلزراع,1,1.2915057665732477e-05
14313,ليغيظ,1,1.2915057665732477e-05
14314,ترفعوٓا,1,1.2915057665732477e-05
14315,أصوتكم,1,1.2915057665732477e-05
14316,صوت,1,1.2915057665732477e-05
14317,تجهروا,1,1.2915057665732477e-05
14318,كجهر,1,1.2915057665732477e-05
14319,تحبط,1,1.2915057665732477e-05
14320,يغضون,1,1.2915057665732477e-05
14321,أصوتهم,1,1.2915057665732477e-05
14322,ٱمتحن,1,1.2915057665732477e-05
14323,ينادونك,1,1.2915057665732477e-05
14324,ٱلحجرت,1,1.2915057665732477e-05
14325,فاسق,1,1.2915057665732477e-05
14326,تصيبوا,1,1.2915057665732477e-05
14327,فتصبحوا,1,1.2915057665732477e-05
14328,يطيعكم,1,1.2915057665732477e-05
14329,لعنتم,1,1.2915057665732477e-05
14330,حبب,1,1.2915057665732477e-05
14331,وزينه,1,1.2915057665732477e-05
14332,وكره,1,1.2915057665732477e-05
14333,وٱلفسوق,1,1.2915057665732477e-05
14334,وٱلعصيان,1,1.2915057665732477e-05
14335,ٱلرشدون,1,1.2915057665732477e-05
14336,ونعمةٗ,1,1.2915057665732477e-05
14337,بغت,1,1.2915057665732477e-05
14338,فقتلوا,1,1.2915057665732477e-05
14339,تبغي,1,1.2915057665732477e-05
14340,تفيٓء,1,1.2915057665732477e-05
14341,فآءت,1,1.2915057665732477e-05
14342,وأقسطوٓا,1,1.2915057665732477e-05
14343,أخويكم,1,1.2915057665732477e-05
14344,يسخر,1,1.2915057665732477e-05
14345,نسآءٞ,1,1.2915057665732477e-05
14346,تلمزوٓا,1,1.2915057665732477e-05
14347,تنابزوا,1,1.2915057665732477e-05
14348,بٱلألقب,1,1.2915057665732477e-05
14349,ٱلٱسم,1,1.2915057665732477e-05
14350,ٱلفسوق,1,1.2915057665732477e-05
14351,يتب,1,1.2915057665732477e-05
14352,تجسسوا,1,1.2915057665732477e-05
14353,يغتب,1,1.2915057665732477e-05
14354,أيحب,1,1.2915057665732477e-05
14355,فكرهتموه,1,1.2915057665732477e-05
14356,توابٞ,1,1.2915057665732477e-05
14357,وأنثى,1,1.2915057665732477e-05
14358,شعوبٗا,1,1.2915057665732477e-05
14359,وقبآئل,1,1.2915057665732477e-05
14360,لتعارفوٓا,1,1.2915057665732477e-05
14361,أكرمكم,1,1.2915057665732477e-05
14362,أتقىكم,1,1.2915057665732477e-05
14363,أسلمنا,1,1.2915057665732477e-05
14364,يلتكم,1,1.2915057665732477e-05
14365,يرتابوا,1,1.2915057665732477e-05
14366,بدينكم,1,1.2915057665732477e-05
14367,يمنون,1,1.2915057665732477e-05
14368,إسلمكم,1,1.2915057665732477e-05
14369,قٓ,1,1.2915057665732477e-05
14370,عجبوٓا,1,1.2915057665732477e-05
14371,عجيب,1,1.2915057665732477e-05
14372,تنقص,1,1.2915057665732477e-05
14373,وعندنا,1,1.2915057665732477e-05
14374,مريج,1,1.2915057665732477e-05
14375,ينظروٓا,1,1.2915057665732477e-05
14376,فروجٖ,1,1.2915057665732477e-05
14377,تبصرةٗ,1,1.2915057665732477e-05
14378,مبركٗا,1,1.2915057665732477e-05
14379,وحب,1,1.2915057665732477e-05
14380,ٱلحصيد,1,1.2915057665732477e-05
14381,باسقتٖ,1,1.2915057665732477e-05
14382,طلعٞ,1,1.2915057665732477e-05
14383,نضيدٞ,1,1.2915057665732477e-05
14384,وأحيينا,1,1.2915057665732477e-05
14385,وإخون,1,1.2915057665732477e-05
14386,أفعيينا,1,1.2915057665732477e-05
14387,بٱلخلق,1,1.2915057665732477e-05
14388,لبسٖ,1,1.2915057665732477e-05
14389,توسوس,1,1.2915057665732477e-05
14390,حبل,1,1.2915057665732477e-05
14391,ٱلوريد,1,1.2915057665732477e-05
14392,يتلقى,1,1.2915057665732477e-05
14393,ٱلمتلقيان,1,1.2915057665732477e-05
14394,قعيدٞ,1,1.2915057665732477e-05
14395,يلفظ,1,1.2915057665732477e-05
14396,رقيب,1,1.2915057665732477e-05
14397,عتيدٞ,1,1.2915057665732477e-05
14398,سكرة,1,1.2915057665732477e-05
14399,تحيد,1,1.2915057665732477e-05
14400,معها,1,1.2915057665732477e-05
14401,سآئقٞ,1,1.2915057665732477e-05
14402,وشهيدٞ,1,1.2915057665732477e-05
14403,غطآءك,1,1.2915057665732477e-05
14404,فبصرك,1,1.2915057665732477e-05
14405,حديدٞ,1,1.2915057665732477e-05
14406,عتيد,1,1.2915057665732477e-05
14407,ألقيا,1,1.2915057665732477e-05
14408,معتدٖ,1,1.2915057665732477e-05
14409,فألقياه,1,1.2915057665732477e-05
14410,أطغيته,1,1.2915057665732477e-05
14411,تختصموا,1,1.2915057665732477e-05
14412,بٱلوعيد,1,1.2915057665732477e-05
14413,ٱمتلأت,1,1.2915057665732477e-05
14414,وتقول,1,1.2915057665732477e-05
14415,مزيدٖ,1,1.2915057665732477e-05
14416,حفيظٖ,1,1.2915057665732477e-05
14417,منيب,1,1.2915057665732477e-05
14418,ٱلخلود,1,1.2915057665732477e-05
14419,مزيدٞ,1,1.2915057665732477e-05
14420,فنقبوا,1,1.2915057665732477e-05
14421,محيص,1,1.2915057665732477e-05
14422,لغوبٖ,1,1.2915057665732477e-05
14423,ٱلغروب,1,1.2915057665732477e-05
14424,وأدبر,1,1.2915057665732477e-05
14425,وٱستمع,1,1.2915057665732477e-05
14426,يناد,1,1.2915057665732477e-05
14427,ٱلمناد,1,1.2915057665732477e-05
14428,بجبارٖ,1,1.2915057665732477e-05
14429,وٱلذريت,1,1.2915057665732477e-05
14430,ذروٗا,1,1.2915057665732477e-05
14431,فٱلحملت,1,1.2915057665732477e-05
14432,فٱلجريت,1,1.2915057665732477e-05
14433,فٱلمقسمت,1,1.2915057665732477e-05
14434,لصادقٞ,1,1.2915057665732477e-05
14435,ٱلحبك,1,1.2915057665732477e-05
14436,قولٖ,1,1.2915057665732477e-05
14437,مختلفٖ,1,1.2915057665732477e-05
14438,أفك,1,1.2915057665732477e-05
14439,ٱلخرصون,1,1.2915057665732477e-05
14440,فتنتكم,1,1.2915057665732477e-05
14441,ءاخذين,1,1.2915057665732477e-05
14442,محسنين,1,1.2915057665732477e-05
14443,يهجعون,1,1.2915057665732477e-05
14444,وبٱلأسحار,1,1.2915057665732477e-05
14445,للموقنين,1,1.2915057665732477e-05
14446,فورب,1,1.2915057665732477e-05
14447,فجآء,1,1.2915057665732477e-05
14448,بعجلٖ,1,1.2915057665732477e-05
14449,سمينٖ,1,1.2915057665732477e-05
14450,فقربهٓ,1,1.2915057665732477e-05
14451,وبشروه,1,1.2915057665732477e-05
14452,فأقبلت,1,1.2915057665732477e-05
14453,صرةٖ,1,1.2915057665732477e-05
14454,فصكت,1,1.2915057665732477e-05
14455,وجهها,1,1.2915057665732477e-05
14456,عجوز,1,1.2915057665732477e-05
14457,عقيمٞ,1,1.2915057665732477e-05
14458,لنرسل,1,1.2915057665732477e-05
14459,أرسلنه,1,1.2915057665732477e-05
14460,بركنه,1,1.2915057665732477e-05
14461,ٱلعقيم,1,1.2915057665732477e-05
14462,أتت,1,1.2915057665732477e-05
14463,جعلته,1,1.2915057665732477e-05
14464,كٱلرميم,1,1.2915057665732477e-05
14465,فعتوا,1,1.2915057665732477e-05
14466,قيامٖ,1,1.2915057665732477e-05
14467,منتصرين,1,1.2915057665732477e-05
14468,بأييدٖ,1,1.2915057665732477e-05
14469,لموسعون,1,1.2915057665732477e-05
14470,فرشنها,1,1.2915057665732477e-05
14471,ٱلمهدون,1,1.2915057665732477e-05
14472,ففروٓا,1,1.2915057665732477e-05
14473,ساحر,1,1.2915057665732477e-05
14474,أتواصوا,1,1.2915057665732477e-05
14475,بملومٖ,1,1.2915057665732477e-05
14476,ليعبدون,1,1.2915057665732477e-05
14477,يطعمون,1,1.2915057665732477e-05
14478,ٱلرزاق,1,1.2915057665732477e-05
14479,ٱلمتين,1,1.2915057665732477e-05
14480,ذنوبٗا,1,1.2915057665732477e-05
14481,ذنوب,1,1.2915057665732477e-05
14482,أصحبهم,1,1.2915057665732477e-05
14483,وٱلطور,1,1.2915057665732477e-05
14484,وكتبٖ,1,1.2915057665732477e-05
14485,مسطورٖ,1,1.2915057665732477e-05
14486,رقٖ,1,1.2915057665732477e-05
14487,منشورٖ,1,1.2915057665732477e-05
14488,وٱلبيت,1,1.2915057665732477e-05
14489,ٱلمعمور,1,1.2915057665732477e-05
14490,وٱلسقف,1,1.2915057665732477e-05
14491,ٱلمرفوع,1,1.2915057665732477e-05
14492,ٱلمسجور,1,1.2915057665732477e-05
14493,دافعٖ,1,1.2915057665732477e-05
14494,مورٗا,1,1.2915057665732477e-05
14495,وتسير,1,1.2915057665732477e-05
14496,سيرٗا,1,1.2915057665732477e-05
14497,خوضٖ,1,1.2915057665732477e-05
14498,أفسحر,1,1.2915057665732477e-05
14499,فٱصبروٓا,1,1.2915057665732477e-05
14500,ونعيمٖ,1,1.2915057665732477e-05
14501,مصفوفةٖ,1,1.2915057665732477e-05
14502,وٱتبعتهم,1,1.2915057665732477e-05
14503,بإيمن,1,1.2915057665732477e-05
14504,ألحقنا,1,1.2915057665732477e-05
14505,ألتنهم,1,1.2915057665732477e-05
14506,ٱمريٕ,1,1.2915057665732477e-05
14507,رهينٞ,1,1.2915057665732477e-05
14508,وأمددنهم,1,1.2915057665732477e-05
14509,ولحمٖ,1,1.2915057665732477e-05
14510,لغوٞ,1,1.2915057665732477e-05
14511,تأثيمٞ,1,1.2915057665732477e-05
14512,غلمانٞ,1,1.2915057665732477e-05
14513,لؤلؤٞ,1,1.2915057665732477e-05
14514,ووقىنا,1,1.2915057665732477e-05
14515,ندعوه,1,1.2915057665732477e-05
14516,بكاهنٖ,1,1.2915057665732477e-05
14517,ٱلمنون,1,1.2915057665732477e-05
14518,تربصوا,1,1.2915057665732477e-05
14519,ٱلمتربصين,1,1.2915057665732477e-05
14520,تأمرهم,1,1.2915057665732477e-05
14521,أحلمهم,1,1.2915057665732477e-05
14522,تقوله,1,1.2915057665732477e-05
14523,بحديثٖ,1,1.2915057665732477e-05
14524,مثلهٓ,1,1.2915057665732477e-05
14525,ٱلمصيطرون,1,1.2915057665732477e-05
14526,فليأت,1,1.2915057665732477e-05
14527,مستمعهم,1,1.2915057665732477e-05
14528,ٱلمكيدون,1,1.2915057665732477e-05
14529,ساقطٗا,1,1.2915057665732477e-05
14530,مركومٞ,1,1.2915057665732477e-05
14531,يصعقون,1,1.2915057665732477e-05
14532,وإدبر,1,1.2915057665732477e-05
14533,غوى,1,1.2915057665732477e-05
14534,وحيٞ,1,1.2915057665732477e-05
14535,يوحى,1,1.2915057665732477e-05
14536,ٱلقوى,1,1.2915057665732477e-05
14537,دنا,1,1.2915057665732477e-05
14538,فتدلى,1,1.2915057665732477e-05
14539,قاب,1,1.2915057665732477e-05
14540,قوسين,1,1.2915057665732477e-05
14541,ٱلفؤاد,1,1.2915057665732477e-05
14542,رأىٓ,1,1.2915057665732477e-05
14543,أفتمرونه,1,1.2915057665732477e-05
14544,نزلة,1,1.2915057665732477e-05
14545,سدرة,1,1.2915057665732477e-05
14546,ٱلمأوىٓ,1,1.2915057665732477e-05
14547,ٱلسدرة,1,1.2915057665732477e-05
14548,زاغ,1,1.2915057665732477e-05
14549,رأى,1,1.2915057665732477e-05
14550,ٱللت,1,1.2915057665732477e-05
14551,وٱلعزى,1,1.2915057665732477e-05
14552,ومنوة,1,1.2915057665732477e-05
14553,ٱلثالثة,1,1.2915057665732477e-05
14554,ألكم,1,1.2915057665732477e-05
14555,قسمةٞ,1,1.2915057665732477e-05
14556,ضيزىٓ,1,1.2915057665732477e-05
14557,أسمآءٞ,1,1.2915057665732477e-05
14558,تهوى,1,1.2915057665732477e-05
14559,ملكٖ,1,1.2915057665732477e-05
14560,ويرضىٓ,1,1.2915057665732477e-05
14561,ليسمون,1,1.2915057665732477e-05
14562,تسمية,1,1.2915057665732477e-05
14563,مبلغهم,1,1.2915057665732477e-05
14564,ويجزي,1,1.2915057665732477e-05
14565,ٱللمم,1,1.2915057665732477e-05
14566,أجنةٞ,1,1.2915057665732477e-05
14567,تزكوٓا,1,1.2915057665732477e-05
14568,ٱتقىٓ,1,1.2915057665732477e-05
14569,وأعطى,1,1.2915057665732477e-05
14570,وأكدىٓ,1,1.2915057665732477e-05
14571,أعنده,1,1.2915057665732477e-05
14572,ينبأ,1,1.2915057665732477e-05
14573,وفىٓ,1,1.2915057665732477e-05
14574,سعيه,1,1.2915057665732477e-05
14575,يجزىه,1,1.2915057665732477e-05
14576,ٱلجزآء,1,1.2915057665732477e-05
14577,ٱلأوفى,1,1.2915057665732477e-05
14578,أضحك,1,1.2915057665732477e-05
14579,وأبكى,1,1.2915057665732477e-05
14580,أمات,1,1.2915057665732477e-05
14581,وأحيا,1,1.2915057665732477e-05
14582,وأقنى,1,1.2915057665732477e-05
14583,ٱلشعرى,1,1.2915057665732477e-05
14584,عادا,1,1.2915057665732477e-05
14585,أبقى,1,1.2915057665732477e-05
14586,وأطغى,1,1.2915057665732477e-05
14587,وٱلمؤتفكة,1,1.2915057665732477e-05
14588,أهوى,1,1.2915057665732477e-05
14589,فغشىها,1,1.2915057665732477e-05
14590,غشى,1,1.2915057665732477e-05
14591,تتمارى,1,1.2915057665732477e-05
14592,ٱلأولىٓ,1,1.2915057665732477e-05
14593,أزفت,1,1.2915057665732477e-05
14594,كاشفة,1,1.2915057665732477e-05
14595,تعجبون,1,1.2915057665732477e-05
14596,وتضحكون,1,1.2915057665732477e-05
14597,تبكون,1,1.2915057665732477e-05
14598,سمدون,1,1.2915057665732477e-05
14599,فٱسجدوا,1,1.2915057665732477e-05
14600,ٱقتربت,1,1.2915057665732477e-05
14601,وٱنشق,1,1.2915057665732477e-05
14602,يعرضوا,1,1.2915057665732477e-05
14603,ويقولوا,1,1.2915057665732477e-05
14604,مستمرٞ,1,1.2915057665732477e-05
14605,مزدجر,1,1.2915057665732477e-05
14606,حكمة,1,1.2915057665732477e-05
14607,بلغةٞ,1,1.2915057665732477e-05
14608,نكر,1,1.2915057665732477e-05
14609,خشعا,1,1.2915057665732477e-05
14610,جرادٞ,1,1.2915057665732477e-05
14611,منتشرٞ,1,1.2915057665732477e-05
14612,عسرٞ,1,1.2915057665732477e-05
14613,وٱزدجر,1,1.2915057665732477e-05
14614,مغلوبٞ,1,1.2915057665732477e-05
14615,فٱنتصر,1,1.2915057665732477e-05
14616,ففتحنآ,1,1.2915057665732477e-05
14617,منهمرٖ,1,1.2915057665732477e-05
14618,عيونٗا,1,1.2915057665732477e-05
14619,فٱلتقى,1,1.2915057665732477e-05
14620,وحملنه,1,1.2915057665732477e-05
14621,ألوحٖ,1,1.2915057665732477e-05
14622,ودسرٖ,1,1.2915057665732477e-05
14623,تركنهآ,1,1.2915057665732477e-05
14624,نحسٖ,1,1.2915057665732477e-05
14625,مستمرٖ,1,1.2915057665732477e-05
14626,تنزع,1,1.2915057665732477e-05
14627,نخلٖ,1,1.2915057665732477e-05
14628,منقعرٖ,1,1.2915057665732477e-05
14629,أبشرٗا,1,1.2915057665732477e-05
14630,نتبعهٓ,1,1.2915057665732477e-05
14631,وسعر,1,1.2915057665732477e-05
14632,أءلقي,1,1.2915057665732477e-05
14633,أشرٞ,1,1.2915057665732477e-05
14634,ٱلكذاب,1,1.2915057665732477e-05
14635,ٱلأشر,1,1.2915057665732477e-05
14636,مرسلوا,1,1.2915057665732477e-05
14637,فٱرتقبهم,1,1.2915057665732477e-05
14638,قسمة,1,1.2915057665732477e-05
14639,شربٖ,1,1.2915057665732477e-05
14640,محتضرٞ,1,1.2915057665732477e-05
14641,صاحبهم,1,1.2915057665732477e-05
14642,فتعاطى,1,1.2915057665732477e-05
14643,فعقر,1,1.2915057665732477e-05
14644,كهشيم,1,1.2915057665732477e-05
14645,ٱلمحتظر,1,1.2915057665732477e-05
14646,حاصبا,1,1.2915057665732477e-05
14647,نجينهم,1,1.2915057665732477e-05
14648,أنذرهم,1,1.2915057665732477e-05
14649,بطشتنا,1,1.2915057665732477e-05
14650,فتماروا,1,1.2915057665732477e-05
14651,رودوه,1,1.2915057665732477e-05
14652,ضيفه,1,1.2915057665732477e-05
14653,فطمسنآ,1,1.2915057665732477e-05
14654,صبحهم,1,1.2915057665732477e-05
14655,بكرة,1,1.2915057665732477e-05
14656,عزيزٖ,1,1.2915057665732477e-05
14657,أكفاركم,1,1.2915057665732477e-05
14658,أولٓئكم,1,1.2915057665732477e-05
14659,منتصرٞ,1,1.2915057665732477e-05
14660,سيهزم,1,1.2915057665732477e-05
14661,ويولون,1,1.2915057665732477e-05
14662,ٱلدبر,1,1.2915057665732477e-05
14663,أدهى,1,1.2915057665732477e-05
14664,وسعرٖ,1,1.2915057665732477e-05
14665,أمرنآ,1,1.2915057665732477e-05
14666,بٱلبصر,1,1.2915057665732477e-05
14667,أهلكنآ,1,1.2915057665732477e-05
14668,أشياعكم,1,1.2915057665732477e-05
14669,صغيرٖ,1,1.2915057665732477e-05
14670,وكبيرٖ,1,1.2915057665732477e-05
14671,مستطر,1,1.2915057665732477e-05
14672,ونهرٖ,1,1.2915057665732477e-05
14673,مليكٖ,1,1.2915057665732477e-05
14674,ٱلبيان,1,1.2915057665732477e-05
14675,بحسبانٖ,1,1.2915057665732477e-05
14676,يسجدان,1,1.2915057665732477e-05
14677,رفعها,1,1.2915057665732477e-05
14678,ٱلوزن,1,1.2915057665732477e-05
14679,تخسروا,1,1.2915057665732477e-05
14680,وضعها,1,1.2915057665732477e-05
14681,للأنام,1,1.2915057665732477e-05
14682,ٱلأكمام,1,1.2915057665732477e-05
14683,وٱلحب,1,1.2915057665732477e-05
14684,ٱلعصف,1,1.2915057665732477e-05
14685,وٱلريحان,1,1.2915057665732477e-05
14686,كٱلفخار,1,1.2915057665732477e-05
14687,ٱلجآن,1,1.2915057665732477e-05
14688,مارجٖ,1,1.2915057665732477e-05
14689,ٱلمغربين,1,1.2915057665732477e-05
14690,يلتقيان,1,1.2915057665732477e-05
14691,برزخٞ,1,1.2915057665732477e-05
14692,يبغيان,1,1.2915057665732477e-05
14693,ٱللؤلؤ,1,1.2915057665732477e-05
14694,ٱلمنشٔات,1,1.2915057665732477e-05
14695,فانٖ,1,1.2915057665732477e-05
14696,ويبقى,1,1.2915057665732477e-05
14697,يسٔله,1,1.2915057665732477e-05
14698,سنفرغ,1,1.2915057665732477e-05
14699,ٱلثقلان,1,1.2915057665732477e-05
14700,تنفذوا,1,1.2915057665732477e-05
14701,أقطار,1,1.2915057665732477e-05
14702,فٱنفذوا,1,1.2915057665732477e-05
14703,تنفذون,1,1.2915057665732477e-05
14704,عليكما,1,1.2915057665732477e-05
14705,شواظٞ,1,1.2915057665732477e-05
14706,ونحاسٞ,1,1.2915057665732477e-05
14707,تنتصران,1,1.2915057665732477e-05
14708,وردةٗ,1,1.2915057665732477e-05
14709,كٱلدهان,1,1.2915057665732477e-05
14710,ذنبهٓ,1,1.2915057665732477e-05
14711,يعرف,1,1.2915057665732477e-05
14712,فيؤخذ,1,1.2915057665732477e-05
14713,بٱلنوصي,1,1.2915057665732477e-05
14714,وٱلأقدام,1,1.2915057665732477e-05
14715,يطوفون,1,1.2915057665732477e-05
14716,ءانٖ,1,1.2915057665732477e-05
14717,ذواتآ,1,1.2915057665732477e-05
14718,أفنانٖ,1,1.2915057665732477e-05
14719,تجريان,1,1.2915057665732477e-05
14720,فكهةٖ,1,1.2915057665732477e-05
14721,زوجان,1,1.2915057665732477e-05
14722,فرش,1,1.2915057665732477e-05
14723,بطآئنها,1,1.2915057665732477e-05
14724,إستبرقٖ,1,1.2915057665732477e-05
14725,وجنى,1,1.2915057665732477e-05
14726,دانٖ,1,1.2915057665732477e-05
14727,ٱلياقوت,1,1.2915057665732477e-05
14728,مدهآمتان,1,1.2915057665732477e-05
14729,نضاختان,1,1.2915057665732477e-05
14730,ونخلٞ,1,1.2915057665732477e-05
14731,ورمانٞ,1,1.2915057665732477e-05
14732,خيرت,1,1.2915057665732477e-05
14733,حسانٞ,1,1.2915057665732477e-05
14734,حورٞ,1,1.2915057665732477e-05
14735,مقصورتٞ,1,1.2915057665732477e-05
14736,ٱلخيام,1,1.2915057665732477e-05
14737,رفرف,1,1.2915057665732477e-05
14738,وعبقري,1,1.2915057665732477e-05
14739,حسانٖ,1,1.2915057665732477e-05
14740,لوقعتها,1,1.2915057665732477e-05
14741,كاذبة,1,1.2915057665732477e-05
14742,خافضةٞ,1,1.2915057665732477e-05
14743,رافعة,1,1.2915057665732477e-05
14744,رجت,1,1.2915057665732477e-05
14745,رجٗا,1,1.2915057665732477e-05
14746,وبست,1,1.2915057665732477e-05
14747,بسٗا,1,1.2915057665732477e-05
14748,منبثٗا,1,1.2915057665732477e-05
14749,ثلثةٗ,1,1.2915057665732477e-05
14750,فأصحب,1,1.2915057665732477e-05
14751,ٱلسبقون,1,1.2915057665732477e-05
14752,موضونةٖ,1,1.2915057665732477e-05
14753,بأكوابٖ,1,1.2915057665732477e-05
14754,وأباريق,1,1.2915057665732477e-05
14755,وكأسٖ,1,1.2915057665732477e-05
14756,معينٖ,1,1.2915057665732477e-05
14757,يتخيرون,1,1.2915057665732477e-05
14758,طيرٖ,1,1.2915057665732477e-05
14759,وحور,1,1.2915057665732477e-05
14760,كأمثل,1,1.2915057665732477e-05
14761,ٱللؤلوٕ,1,1.2915057665732477e-05
14762,ٱلمكنون,1,1.2915057665732477e-05
14763,تأثيما,1,1.2915057665732477e-05
14764,مخضودٖ,1,1.2915057665732477e-05
14765,وطلحٖ,1,1.2915057665732477e-05
14766,ممدودٖ,1,1.2915057665732477e-05
14767,ومآءٖ,1,1.2915057665732477e-05
14768,مسكوبٖ,1,1.2915057665732477e-05
14769,مقطوعةٖ,1,1.2915057665732477e-05
14770,ممنوعةٖ,1,1.2915057665732477e-05
14771,وفرشٖ,1,1.2915057665732477e-05
14772,مرفوعة,1,1.2915057665732477e-05
14773,أنشأنهن,1,1.2915057665732477e-05
14774,إنشآءٗ,1,1.2915057665732477e-05
14775,فجعلنهن,1,1.2915057665732477e-05
14776,أبكارا,1,1.2915057665732477e-05
14777,عربا,1,1.2915057665732477e-05
14778,وثلةٞ,1,1.2915057665732477e-05
14779,سمومٖ,1,1.2915057665732477e-05
14780,وحميمٖ,1,1.2915057665732477e-05
14781,يحمومٖ,1,1.2915057665732477e-05
14782,باردٖ,1,1.2915057665732477e-05
14783,مترفين,1,1.2915057665732477e-05
14784,يصرون,1,1.2915057665732477e-05
14785,ٱلحنث,1,1.2915057665732477e-05
14786,أئذا,1,1.2915057665732477e-05
14787,وٱلأٓخرين,1,1.2915057665732477e-05
14788,لمجموعون,1,1.2915057665732477e-05
14789,ٱلمكذبون,1,1.2915057665732477e-05
14790,شجرٖ,1,1.2915057665732477e-05
14791,زقومٖ,1,1.2915057665732477e-05
14792,ٱلهيم,1,1.2915057665732477e-05
14793,نزلهم,1,1.2915057665732477e-05
14794,تصدقون,1,1.2915057665732477e-05
14795,تخلقونهٓ,1,1.2915057665732477e-05
14796,قدرنا,1,1.2915057665732477e-05
14797,وننشئكم,1,1.2915057665732477e-05
14798,تحرثون,1,1.2915057665732477e-05
14799,تزرعونهٓ,1,1.2915057665732477e-05
14800,ٱلزرعون,1,1.2915057665732477e-05
14801,فظلتم,1,1.2915057665732477e-05
14802,تفكهون,1,1.2915057665732477e-05
14803,لمغرمون,1,1.2915057665732477e-05
14804,أنزلتموه,1,1.2915057665732477e-05
14805,ٱلمزن,1,1.2915057665732477e-05
14806,ٱلمنزلون,1,1.2915057665732477e-05
14807,أجاجٗا,1,1.2915057665732477e-05
14808,تورون,1,1.2915057665732477e-05
14809,أنشأتم,1,1.2915057665732477e-05
14810,شجرتهآ,1,1.2915057665732477e-05
14811,ٱلمنشٔون,1,1.2915057665732477e-05
14812,ومتعٗا,1,1.2915057665732477e-05
14813,للمقوين,1,1.2915057665732477e-05
14814,بموقع,1,1.2915057665732477e-05
14815,لقسمٞ,1,1.2915057665732477e-05
14816,لقرءانٞ,1,1.2915057665732477e-05
14817,مكنونٖ,1,1.2915057665732477e-05
14818,يمسهٓ,1,1.2915057665732477e-05
14819,ٱلمطهرون,1,1.2915057665732477e-05
14820,أفبهذا,1,1.2915057665732477e-05
14821,مدهنون,1,1.2915057665732477e-05
14822,ٱلحلقوم,1,1.2915057665732477e-05
14823,حينئذٖ,1,1.2915057665732477e-05
14824,مدينين,1,1.2915057665732477e-05
14825,ترجعونهآ,1,1.2915057665732477e-05
14826,فأمآ,1,1.2915057665732477e-05
14827,فروحٞ,1,1.2915057665732477e-05
14828,وريحانٞ,1,1.2915057665732477e-05
14829,فسلمٞ,1,1.2915057665732477e-05
14830,فنزلٞ,1,1.2915057665732477e-05
14831,وتصلية,1,1.2915057665732477e-05
14832,جحيم,1,1.2915057665732477e-05
14833,وٱلأٓخر,1,1.2915057665732477e-05
14834,وٱلظهر,1,1.2915057665732477e-05
14835,وٱلباطن,1,1.2915057665732477e-05
14836,مستخلفين,1,1.2915057665732477e-05
14837,عبدهٓ,1,1.2915057665732477e-05
14838,بشرىكم,1,1.2915057665732477e-05
14839,ٱنظرونا,1,1.2915057665732477e-05
14840,نقتبس,1,1.2915057665732477e-05
14841,نوركم,1,1.2915057665732477e-05
14842,فٱلتمسوا,1,1.2915057665732477e-05
14843,بسورٖ,1,1.2915057665732477e-05
14844,باب,1,1.2915057665732477e-05
14845,باطنه,1,1.2915057665732477e-05
14846,وظهره,1,1.2915057665732477e-05
14847,ينادونهم,1,1.2915057665732477e-05
14848,وتربصتم,1,1.2915057665732477e-05
14849,وٱرتبتم,1,1.2915057665732477e-05
14850,ٱلأماني,1,1.2915057665732477e-05
14851,وغركم,1,1.2915057665732477e-05
14852,مأوىكم,1,1.2915057665732477e-05
14853,يأن,1,1.2915057665732477e-05
14854,تخشع,1,1.2915057665732477e-05
14855,لذكر,1,1.2915057665732477e-05
14856,فطال,1,1.2915057665732477e-05
14857,ٱلأمد,1,1.2915057665732477e-05
14858,فقست,1,1.2915057665732477e-05
14859,وٱلمصدقت,1,1.2915057665732477e-05
14860,ورسلهٓ,1,1.2915057665732477e-05
14861,ٱلصديقون,1,1.2915057665732477e-05
14862,ونورهم,1,1.2915057665732477e-05
14863,وزينةٞ,1,1.2915057665732477e-05
14864,وتفاخر,1,1.2915057665732477e-05
14865,وتكاثرٞ,1,1.2915057665732477e-05
14866,غيث,1,1.2915057665732477e-05
14867,أعجب,1,1.2915057665732477e-05
14868,سابقوٓا,1,1.2915057665732477e-05
14869,كعرض,1,1.2915057665732477e-05
14870,نبرأهآ,1,1.2915057665732477e-05
14871,تأسوا,1,1.2915057665732477e-05
14872,تفرحوا,1,1.2915057665732477e-05
14873,ليقوم,1,1.2915057665732477e-05
14874,بأسٞ,1,1.2915057665732477e-05
14875,مهتدٖ,1,1.2915057665732477e-05
14876,قفينا,1,1.2915057665732477e-05
14877,برسلنا,1,1.2915057665732477e-05
14878,رأفةٗ,1,1.2915057665732477e-05
14879,ورهبانية,1,1.2915057665732477e-05
14880,ٱبتدعوها,1,1.2915057665732477e-05
14881,كتبنها,1,1.2915057665732477e-05
14882,رعوها,1,1.2915057665732477e-05
14883,رعايتها,1,1.2915057665732477e-05
14884,فٔاتينا,1,1.2915057665732477e-05
14885,برسوله,1,1.2915057665732477e-05
14886,كفلين,1,1.2915057665732477e-05
14887,تمشون,1,1.2915057665732477e-05
14888,تجدلك,1,1.2915057665732477e-05
14889,وتشتكيٓ,1,1.2915057665732477e-05
14890,تحاوركمآ,1,1.2915057665732477e-05
14891,ولدنهم,1,1.2915057665732477e-05
14892,منكرٗا,1,1.2915057665732477e-05
14893,توعظون,1,1.2915057665732477e-05
14894,فإطعام,1,1.2915057665732477e-05
14895,ستين,1,1.2915057665732477e-05
14896,كبتوا,1,1.2915057665732477e-05
14897,كبت,1,1.2915057665732477e-05
14898,أحصىه,1,1.2915057665732477e-05
14899,ونسوه,1,1.2915057665732477e-05
14900,نجوى,1,1.2915057665732477e-05
14901,خمسة,1,1.2915057665732477e-05
14902,ويتنجون,1,1.2915057665732477e-05
14903,حيوك,1,1.2915057665732477e-05
14904,يحيك,1,1.2915057665732477e-05
14905,يعذبنا,1,1.2915057665732477e-05
14906,تنجيتم,1,1.2915057665732477e-05
14907,تتنجوا,1,1.2915057665732477e-05
14908,وتنجوا,1,1.2915057665732477e-05
14909,ليحزن,1,1.2915057665732477e-05
14910,بضآرهم,1,1.2915057665732477e-05
14911,تفسحوا,1,1.2915057665732477e-05
14912,ٱلمجلس,1,1.2915057665732477e-05
14913,فٱفسحوا,1,1.2915057665732477e-05
14914,يفسح,1,1.2915057665732477e-05
14915,ٱنشزوا,1,1.2915057665732477e-05
14916,فٱنشزوا,1,1.2915057665732477e-05
14917,نجيتم,1,1.2915057665732477e-05
14918,فقدموا,1,1.2915057665732477e-05
14919,ءأشفقتم,1,1.2915057665732477e-05
14920,صدقتٖ,1,1.2915057665732477e-05
14921,وتاب,1,1.2915057665732477e-05
14922,فيحلفون,1,1.2915057665732477e-05
14923,ٱستحوذ,1,1.2915057665732477e-05
14924,ٱلأذلين,1,1.2915057665732477e-05
14925,لأغلبن,1,1.2915057665732477e-05
14926,ورسليٓ,1,1.2915057665732477e-05
14927,يوآدون,1,1.2915057665732477e-05
14928,حآد,1,1.2915057665732477e-05
14929,إخونهم,1,1.2915057665732477e-05
14930,عشيرتهم,1,1.2915057665732477e-05
14931,وأيدهم,1,1.2915057665732477e-05
14932,بروحٖ,1,1.2915057665732477e-05
14933,لأول,1,1.2915057665732477e-05
14934,ٱلحشر,1,1.2915057665732477e-05
14935,مانعتهم,1,1.2915057665732477e-05
14936,حصونهم,1,1.2915057665732477e-05
14937,يحتسبوا,1,1.2915057665732477e-05
14938,يخربون,1,1.2915057665732477e-05
14939,وأيدي,1,1.2915057665732477e-05
14940,فٱعتبروا,1,1.2915057665732477e-05
14941,ٱلجلآء,1,1.2915057665732477e-05
14942,لعذبهم,1,1.2915057665732477e-05
14943,يشآق,1,1.2915057665732477e-05
14944,قطعتم,1,1.2915057665732477e-05
14945,لينة,1,1.2915057665732477e-05
14946,تركتموها,1,1.2915057665732477e-05
14947,قآئمة,1,1.2915057665732477e-05
14948,أصولها,1,1.2915057665732477e-05
14949,وليخزي,1,1.2915057665732477e-05
14950,أوجفتم,1,1.2915057665732477e-05
14951,خيلٖ,1,1.2915057665732477e-05
14952,ركابٖ,1,1.2915057665732477e-05
14953,يسلط,1,1.2915057665732477e-05
14954,دولة,1,1.2915057665732477e-05
14955,ٱلأغنيآء,1,1.2915057665732477e-05
14956,نهىكم,1,1.2915057665732477e-05
14957,فٱنتهوا,1,1.2915057665732477e-05
14958,وينصرون,1,1.2915057665732477e-05
14959,تبوءو,1,1.2915057665732477e-05
14960,هاجر,1,1.2915057665732477e-05
14961,ويؤثرون,1,1.2915057665732477e-05
14962,خصاصةٞ,1,1.2915057665732477e-05
14963,ولإخوننا,1,1.2915057665732477e-05
14964,سبقونا,1,1.2915057665732477e-05
14965,غلٗا,1,1.2915057665732477e-05
14966,أخرجتم,1,1.2915057665732477e-05
14967,لنخرجن,1,1.2915057665732477e-05
14968,نطيع,1,1.2915057665732477e-05
14969,قوتلتم,1,1.2915057665732477e-05
14970,لننصرنكم,1,1.2915057665732477e-05
14971,قوتلوا,1,1.2915057665732477e-05
14972,نصروهم,1,1.2915057665732477e-05
14973,ليولن,1,1.2915057665732477e-05
14974,لأنتم,1,1.2915057665732477e-05
14975,رهبةٗ,1,1.2915057665732477e-05
14976,محصنة,1,1.2915057665732477e-05
14977,جدر,1,1.2915057665732477e-05
14978,بأسهم,1,1.2915057665732477e-05
14979,تحسبهم,1,1.2915057665732477e-05
14980,ٱكفر,1,1.2915057665732477e-05
14981,عقبتهمآ,1,1.2915057665732477e-05
14982,ولتنظر,1,1.2915057665732477e-05
14983,لغدٖ,1,1.2915057665732477e-05
14984,يستويٓ,1,1.2915057665732477e-05
14985,لرأيته,1,1.2915057665732477e-05
14986,خشعٗا,1,1.2915057665732477e-05
14987,متصدعٗا,1,1.2915057665732477e-05
14988,ٱلمؤمن,1,1.2915057665732477e-05
14989,ٱلمهيمن,1,1.2915057665732477e-05
14990,ٱلجبار,1,1.2915057665732477e-05
14991,ٱلمتكبر,1,1.2915057665732477e-05
14992,ٱلبارئ,1,1.2915057665732477e-05
14993,ٱلمصور,1,1.2915057665732477e-05
14994,عدوي,1,1.2915057665732477e-05
14995,تلقون,1,1.2915057665732477e-05
14996,خرجتم,1,1.2915057665732477e-05
14997,جهدٗا,1,1.2915057665732477e-05
14998,مرضاتي,1,1.2915057665732477e-05
14999,أخفيتم,1,1.2915057665732477e-05
15000,أعلنتم,1,1.2915057665732477e-05
15001,يفعله,1,1.2915057665732477e-05
15002,يثقفوكم,1,1.2915057665732477e-05
15003,ويبسطوٓا,1,1.2915057665732477e-05
15004,وألسنتهم,1,1.2915057665732477e-05
15005,وودوا,1,1.2915057665732477e-05
15006,تنفعكم,1,1.2915057665732477e-05
15007,لقومهم,1,1.2915057665732477e-05
15008,برءٓؤا,1,1.2915057665732477e-05
15009,وحدهٓ,1,1.2915057665732477e-05
15010,لأستغفرن,1,1.2915057665732477e-05
15011,أنبنا,1,1.2915057665732477e-05
15012,عاديتم,1,1.2915057665732477e-05
15013,يخرجوكم,1,1.2915057665732477e-05
15014,تبروهم,1,1.2915057665732477e-05
15015,وتقسطوٓا,1,1.2915057665732477e-05
15016,وأخرجوكم,1,1.2915057665732477e-05
15017,وظهروا,1,1.2915057665732477e-05
15018,إخراجكم,1,1.2915057665732477e-05
15019,مهجرتٖ,1,1.2915057665732477e-05
15020,فٱمتحنوهن,1,1.2915057665732477e-05
15021,بإيمنهن,1,1.2915057665732477e-05
15022,علمتموهن,1,1.2915057665732477e-05
15023,ترجعوهن,1,1.2915057665732477e-05
15024,تمسكوا,1,1.2915057665732477e-05
15025,بعصم,1,1.2915057665732477e-05
15026,ٱلكوافر,1,1.2915057665732477e-05
15027,وليسٔلوا,1,1.2915057665732477e-05
15028,فعاقبتم,1,1.2915057665732477e-05
15029,فٔاتوا,1,1.2915057665732477e-05
15030,ذهبت,1,1.2915057665732477e-05
15031,يبايعنك,1,1.2915057665732477e-05
15032,يشركن,1,1.2915057665732477e-05
15033,يسرقن,1,1.2915057665732477e-05
15034,يزنين,1,1.2915057665732477e-05
15035,يقتلن,1,1.2915057665732477e-05
15036,ببهتنٖ,1,1.2915057665732477e-05
15037,يفترينه,1,1.2915057665732477e-05
15038,وأرجلهن,1,1.2915057665732477e-05
15039,يعصينك,1,1.2915057665732477e-05
15040,فبايعهن,1,1.2915057665732477e-05
15041,بنينٞ,1,1.2915057665732477e-05
15042,مرصوصٞ,1,1.2915057665732477e-05
15043,تؤذونني,1,1.2915057665732477e-05
15044,زاغوٓا,1,1.2915057665732477e-05
15045,أزاغ,1,1.2915057665732477e-05
15046,ومبشرا,1,1.2915057665732477e-05
15047,برسولٖ,1,1.2915057665732477e-05
15048,ٱسمهٓ,1,1.2915057665732477e-05
15049,أحمد,1,1.2915057665732477e-05
15050,يدعىٓ,1,1.2915057665732477e-05
15051,ليطفٔوا,1,1.2915057665732477e-05
15052,تجرةٖ,1,1.2915057665732477e-05
15053,تنجيكم,1,1.2915057665732477e-05
15054,وتجهدون,1,1.2915057665732477e-05
15055,تحبونها,1,1.2915057665732477e-05
15056,وفتحٞ,1,1.2915057665732477e-05
15057,كونوٓا,1,1.2915057665732477e-05
15058,للحوارين,1,1.2915057665732477e-05
15059,فٔامنت,1,1.2915057665732477e-05
15060,وكفرت,1,1.2915057665732477e-05
15061,فأيدنا,1,1.2915057665732477e-05
15062,عدوهم,1,1.2915057665732477e-05
15063,حملوا,1,1.2915057665732477e-05
15064,يحملوها,1,1.2915057665732477e-05
15065,ٱلحمار,1,1.2915057665732477e-05
15066,أسفارا,1,1.2915057665732477e-05
15067,هادوٓا,1,1.2915057665732477e-05
15068,يتمنونهٓ,1,1.2915057665732477e-05
15069,تفرون,1,1.2915057665732477e-05
15070,ملقيكم,1,1.2915057665732477e-05
15071,للصلوة,1,1.2915057665732477e-05
15072,ٱلجمعة,1,1.2915057665732477e-05
15073,فٱسعوا,1,1.2915057665732477e-05
15074,لهوا,1,1.2915057665732477e-05
15075,ٱنفضوٓا,1,1.2915057665732477e-05
15076,وتركوك,1,1.2915057665732477e-05
15077,ٱللهو,1,1.2915057665732477e-05
15078,ٱلتجرة,1,1.2915057665732477e-05
15079,نشهد,1,1.2915057665732477e-05
15080,لرسوله,1,1.2915057665732477e-05
15081,فطبع,1,1.2915057665732477e-05
15082,أجسامهم,1,1.2915057665732477e-05
15083,لقولهم,1,1.2915057665732477e-05
15084,خشبٞ,1,1.2915057665732477e-05
15085,مسندةٞ,1,1.2915057665732477e-05
15086,صيحة,1,1.2915057665732477e-05
15087,ٱلعدو,1,1.2915057665732477e-05
15088,فٱحذرهم,1,1.2915057665732477e-05
15089,لووا,1,1.2915057665732477e-05
15090,ورأيتهم,1,1.2915057665732477e-05
15091,أستغفرت,1,1.2915057665732477e-05
15092,ينفضوا,1,1.2915057665732477e-05
15093,رجعنآ,1,1.2915057665732477e-05
15094,ٱلأعز,1,1.2915057665732477e-05
15095,ٱلأذل,1,1.2915057665732477e-05
15096,ولرسوله,1,1.2915057665732477e-05
15097,تلهكم,1,1.2915057665732477e-05
15098,أخرتنيٓ,1,1.2915057665732477e-05
15099,فأصدق,1,1.2915057665732477e-05
15100,فذاقوا,1,1.2915057665732477e-05
15101,بأنه,1,1.2915057665732477e-05
15102,أبشرٞ,1,1.2915057665732477e-05
15103,يهدوننا,1,1.2915057665732477e-05
15104,زعم,1,1.2915057665732477e-05
15105,يبعثوا,1,1.2915057665732477e-05
15106,لتبعثن,1,1.2915057665732477e-05
15107,لتنبؤن,1,1.2915057665732477e-05
15108,عملتم,1,1.2915057665732477e-05
15109,ٱلتغابن,1,1.2915057665732477e-05
15110,ويدخله,1,1.2915057665732477e-05
15111,فٱحذروهم,1,1.2915057665732477e-05
15112,وتصفحوا,1,1.2915057665732477e-05
15113,وتغفروا,1,1.2915057665732477e-05
15114,تقرضوا,1,1.2915057665732477e-05
15115,يضعفه,1,1.2915057665732477e-05
15116,حليم,1,1.2915057665732477e-05
15117,فطلقوهن,1,1.2915057665732477e-05
15118,لعدتهن,1,1.2915057665732477e-05
15119,وأحصوا,1,1.2915057665732477e-05
15120,تخرجوهن,1,1.2915057665732477e-05
15121,بيوتهن,1,1.2915057665732477e-05
15122,يخرجن,1,1.2915057665732477e-05
15123,فارقوهن,1,1.2915057665732477e-05
15124,وأشهدوا,1,1.2915057665732477e-05
15125,مخرجٗا,1,1.2915057665732477e-05
15126,ويرزقه,1,1.2915057665732477e-05
15127,يحتسب,1,1.2915057665732477e-05
15128,حسبهٓ,1,1.2915057665732477e-05
15129,يئسن,1,1.2915057665732477e-05
15130,فعدتهن,1,1.2915057665732477e-05
15131,يحضن,1,1.2915057665732477e-05
15132,وأولت,1,1.2915057665732477e-05
15133,ٱلأحمال,1,1.2915057665732477e-05
15134,أنزلهٓ,1,1.2915057665732477e-05
15135,ويعظم,1,1.2915057665732477e-05
15136,أسكنوهن,1,1.2915057665732477e-05
15137,سكنتم,1,1.2915057665732477e-05
15138,وجدكم,1,1.2915057665732477e-05
15139,تضآروهن,1,1.2915057665732477e-05
15140,لتضيقوا,1,1.2915057665732477e-05
15141,أولت,1,1.2915057665732477e-05
15142,حملٖ,1,1.2915057665732477e-05
15143,فأنفقوا,1,1.2915057665732477e-05
15144,أرضعن,1,1.2915057665732477e-05
15145,وأتمروا,1,1.2915057665732477e-05
15146,تعاسرتم,1,1.2915057665732477e-05
15147,فسترضع,1,1.2915057665732477e-05
15148,لينفق,1,1.2915057665732477e-05
15149,سعةٖ,1,1.2915057665732477e-05
15150,فلينفق,1,1.2915057665732477e-05
15151,ءاتىها,1,1.2915057665732477e-05
15152,عسرٖ,1,1.2915057665732477e-05
15153,عتت,1,1.2915057665732477e-05
15154,فحاسبنها,1,1.2915057665732477e-05
15155,وعذبنها,1,1.2915057665732477e-05
15156,فذاقت,1,1.2915057665732477e-05
15157,خسرا,1,1.2915057665732477e-05
15158,ليخرج,1,1.2915057665732477e-05
15159,مثلهن,1,1.2915057665732477e-05
15160,يتنزل,1,1.2915057665732477e-05
15161,بينهن,1,1.2915057665732477e-05
15162,تحرم,1,1.2915057665732477e-05
15163,تحلة,1,1.2915057665732477e-05
15164,نبأت,1,1.2915057665732477e-05
15165,وأظهره,1,1.2915057665732477e-05
15166,عرف,1,1.2915057665732477e-05
15167,نبأها,1,1.2915057665732477e-05
15168,أنبأك,1,1.2915057665732477e-05
15169,نبأني,1,1.2915057665732477e-05
15170,تتوبآ,1,1.2915057665732477e-05
15171,صغت,1,1.2915057665732477e-05
15172,قلوبكما,1,1.2915057665732477e-05
15173,وصلح,1,1.2915057665732477e-05
15174,ظهير,1,1.2915057665732477e-05
15175,طلقكن,1,1.2915057665732477e-05
15176,يبدلهٓ,1,1.2915057665732477e-05
15177,أزوجا,1,1.2915057665732477e-05
15178,مسلمتٖ,1,1.2915057665732477e-05
15179,قنتتٖ,1,1.2915057665732477e-05
15180,تٓئبت,1,1.2915057665732477e-05
15181,عبدتٖ,1,1.2915057665732477e-05
15182,سٓئحتٖ,1,1.2915057665732477e-05
15183,ثيبتٖ,1,1.2915057665732477e-05
15184,وأبكارٗا,1,1.2915057665732477e-05
15185,قوٓا,1,1.2915057665732477e-05
15186,وأهليكم,1,1.2915057665732477e-05
15187,ملٓئكة,1,1.2915057665732477e-05
15188,غلاظٞ,1,1.2915057665732477e-05
15189,يعصون,1,1.2915057665732477e-05
15190,نصوحا,1,1.2915057665732477e-05
15191,يخزي,1,1.2915057665732477e-05
15192,أتمم,1,1.2915057665732477e-05
15193,نورنا,1,1.2915057665732477e-05
15194,وٱمرأت,1,1.2915057665732477e-05
15195,فخانتاهما,1,1.2915057665732477e-05
15196,يغنيا,1,1.2915057665732477e-05
15197,ٱدخلا,1,1.2915057665732477e-05
15198,ٱلدخلين,1,1.2915057665732477e-05
15199,وعمله,1,1.2915057665732477e-05
15200,ومريم,1,1.2915057665732477e-05
15201,ٱبنت,1,1.2915057665732477e-05
15202,وصدقت,1,1.2915057665732477e-05
15203,بكلمت,1,1.2915057665732477e-05
15204,ٱلقنتين,1,1.2915057665732477e-05
15205,وٱلحيوة,1,1.2915057665732477e-05
15206,تفوتٖ,1,1.2915057665732477e-05
15207,فٱرجع,1,1.2915057665732477e-05
15208,فطورٖ,1,1.2915057665732477e-05
15209,كرتين,1,1.2915057665732477e-05
15210,خاسئٗا,1,1.2915057665732477e-05
15211,حسيرٞ,1,1.2915057665732477e-05
15212,رجومٗا,1,1.2915057665732477e-05
15213,للشيطين,1,1.2915057665732477e-05
15214,وللذين,1,1.2915057665732477e-05
15215,شهيقٗا,1,1.2915057665732477e-05
15216,تفور,1,1.2915057665732477e-05
15217,تميز,1,1.2915057665732477e-05
15218,سألهم,1,1.2915057665732477e-05
15219,فكذبنا,1,1.2915057665732477e-05
15220,كبيرٖ,1,1.2915057665732477e-05
15221,نعقل,1,1.2915057665732477e-05
15222,فٱعترفوا,1,1.2915057665732477e-05
15223,فسحقٗا,1,1.2915057665732477e-05
15224,ٱجهروا,1,1.2915057665732477e-05
15225,ذلولٗا,1,1.2915057665732477e-05
15226,فٱمشوا,1,1.2915057665732477e-05
15227,مناكبها,1,1.2915057665732477e-05
15228,ءأمنتم,1,1.2915057665732477e-05
15229,ويقبضن,1,1.2915057665732477e-05
15230,غرور,1,1.2915057665732477e-05
15231,لجوا,1,1.2915057665732477e-05
15232,عتوٖ,1,1.2915057665732477e-05
15233,ونفور,1,1.2915057665732477e-05
15234,مكبا,1,1.2915057665732477e-05
15235,أهدىٓ,1,1.2915057665732477e-05
15236,سويا,1,1.2915057665732477e-05
15237,زلفةٗ,1,1.2915057665732477e-05
15238,سيٓٔت,1,1.2915057665732477e-05
15239,أهلكني,1,1.2915057665732477e-05
15240,رحمنا,1,1.2915057665732477e-05
15241,أصبح,1,1.2915057665732477e-05
15242,مآؤكم,1,1.2915057665732477e-05
15243,نٓ,1,1.2915057665732477e-05
15244,وٱلقلم,1,1.2915057665732477e-05
15245,يسطرون,1,1.2915057665732477e-05
15246,فستبصر,1,1.2915057665732477e-05
15247,ويبصرون,1,1.2915057665732477e-05
15248,بأييكم,1,1.2915057665732477e-05
15249,ٱلمفتون,1,1.2915057665732477e-05
15250,تدهن,1,1.2915057665732477e-05
15251,فيدهنون,1,1.2915057665732477e-05
15252,حلافٖ,1,1.2915057665732477e-05
15253,مهين,1,1.2915057665732477e-05
15254,همازٖ,1,1.2915057665732477e-05
15255,مشآء,1,1.2915057665732477e-05
15256,بنميمٖ,1,1.2915057665732477e-05
15257,عتل,1,1.2915057665732477e-05
15258,زنيم,1,1.2915057665732477e-05
15259,سنسمه,1,1.2915057665732477e-05
15260,ٱلخرطوم,1,1.2915057665732477e-05
15261,بلونهم,1,1.2915057665732477e-05
15262,بلونآ,1,1.2915057665732477e-05
15263,ليصرمنها,1,1.2915057665732477e-05
15264,يستثنون,1,1.2915057665732477e-05
15265,فطاف,1,1.2915057665732477e-05
15266,طآئفٞ,1,1.2915057665732477e-05
15267,فأصبحت,1,1.2915057665732477e-05
15268,كٱلصريم,1,1.2915057665732477e-05
15269,فتنادوا,1,1.2915057665732477e-05
15270,ٱغدوا,1,1.2915057665732477e-05
15271,صرمين,1,1.2915057665732477e-05
15272,فٱنطلقوا,1,1.2915057665732477e-05
15273,يدخلنها,1,1.2915057665732477e-05
15274,مسكينٞ,1,1.2915057665732477e-05
15275,وغدوا,1,1.2915057665732477e-05
15276,حردٖ,1,1.2915057665732477e-05
15277,رأوها,1,1.2915057665732477e-05
15278,أوسطهم,1,1.2915057665732477e-05
15279,تسبحون,1,1.2915057665732477e-05
15280,يتلومون,1,1.2915057665732477e-05
15281,يبدلنا,1,1.2915057665732477e-05
15282,أفنجعل,1,1.2915057665732477e-05
15283,كٱلمجرمين,1,1.2915057665732477e-05
15284,تخيرون,1,1.2915057665732477e-05
15285,بلغة,1,1.2915057665732477e-05
15286,سلهم,1,1.2915057665732477e-05
15287,زعيم,1,1.2915057665732477e-05
15288,يكشف,1,1.2915057665732477e-05
15289,ساقٖ,1,1.2915057665732477e-05
15290,ويدعون,1,1.2915057665732477e-05
15291,سلمون,1,1.2915057665732477e-05
15292,فذرني,1,1.2915057665732477e-05
15293,كصاحب,1,1.2915057665732477e-05
15294,مكظومٞ,1,1.2915057665732477e-05
15295,لنبذ,1,1.2915057665732477e-05
15296,مذمومٞ,1,1.2915057665732477e-05
15297,فٱجتبه,1,1.2915057665732477e-05
15298,ليزلقونك,1,1.2915057665732477e-05
15299,بأبصرهم,1,1.2915057665732477e-05
15300,وعاد,1,1.2915057665732477e-05
15301,بٱلقارعة,1,1.2915057665732477e-05
15302,بٱلطاغية,1,1.2915057665732477e-05
15303,صرصر,1,1.2915057665732477e-05
15304,عاتيةٖ,1,1.2915057665732477e-05
15305,وثمنية,1,1.2915057665732477e-05
15306,حسومٗا,1,1.2915057665732477e-05
15307,صرعى,1,1.2915057665732477e-05
15308,نخل,1,1.2915057665732477e-05
15309,خاويةٖ,1,1.2915057665732477e-05
15310,باقيةٖ,1,1.2915057665732477e-05
15311,بٱلخاطئة,1,1.2915057665732477e-05
15312,فعصوا,1,1.2915057665732477e-05
15313,أخذةٗ,1,1.2915057665732477e-05
15314,رابية,1,1.2915057665732477e-05
15315,طغا,1,1.2915057665732477e-05
15316,حملنكم,1,1.2915057665732477e-05
15317,ٱلجارية,1,1.2915057665732477e-05
15318,لنجعلها,1,1.2915057665732477e-05
15319,وتعيهآ,1,1.2915057665732477e-05
15320,وعيةٞ,1,1.2915057665732477e-05
15321,نفخةٞ,1,1.2915057665732477e-05
15322,وحملت,1,1.2915057665732477e-05
15323,فدكتا,1,1.2915057665732477e-05
15324,دكةٗ,1,1.2915057665732477e-05
15325,وٱنشقت,1,1.2915057665732477e-05
15326,واهيةٞ,1,1.2915057665732477e-05
15327,أرجآئها,1,1.2915057665732477e-05
15328,ويحمل,1,1.2915057665732477e-05
15329,ثمنيةٞ,1,1.2915057665732477e-05
15330,تعرضون,1,1.2915057665732477e-05
15331,تخفى,1,1.2915057665732477e-05
15332,خافيةٞ,1,1.2915057665732477e-05
15333,هآؤم,1,1.2915057665732477e-05
15334,ٱقرءوا,1,1.2915057665732477e-05
15335,ظننت,1,1.2915057665732477e-05
15336,ملق,1,1.2915057665732477e-05
15337,أسلفتم,1,1.2915057665732477e-05
15338,ٱلخالية,1,1.2915057665732477e-05
15339,بشماله,1,1.2915057665732477e-05
15340,أوت,1,1.2915057665732477e-05
15341,أدر,1,1.2915057665732477e-05
15342,يليتها,1,1.2915057665732477e-05
15343,ٱلقاضية,1,1.2915057665732477e-05
15344,ماليه,1,1.2915057665732477e-05
15345,سلطنيه,1,1.2915057665732477e-05
15346,فغلوه,1,1.2915057665732477e-05
15347,صلوه,1,1.2915057665732477e-05
15348,سلسلةٖ,1,1.2915057665732477e-05
15349,ذرعها,1,1.2915057665732477e-05
15350,سبعون,1,1.2915057665732477e-05
15351,ذراعٗا,1,1.2915057665732477e-05
15352,فٱسلكوه,1,1.2915057665732477e-05
15353,غسلينٖ,1,1.2915057665732477e-05
15354,يأكلهٓ,1,1.2915057665732477e-05
15355,ٱلخطٔون,1,1.2915057665732477e-05
15356,شاعرٖ,1,1.2915057665732477e-05
15357,كاهنٖ,1,1.2915057665732477e-05
15358,ٱلأقاويل,1,1.2915057665732477e-05
15359,لأخذنا,1,1.2915057665732477e-05
15360,لقطعنا,1,1.2915057665732477e-05
15361,ٱلوتين,1,1.2915057665732477e-05
15362,حجزين,1,1.2915057665732477e-05
15363,لتذكرةٞ,1,1.2915057665732477e-05
15364,مكذبين,1,1.2915057665732477e-05
15365,لحسرة,1,1.2915057665732477e-05
15366,لحق,1,1.2915057665732477e-05
15367,سأل,1,1.2915057665732477e-05
15368,سآئل,1,1.2915057665732477e-05
15369,واقعٖ,1,1.2915057665732477e-05
15370,دافعٞ,1,1.2915057665732477e-05
15371,ٱلمعارج,1,1.2915057665732477e-05
15372,تعرج,1,1.2915057665732477e-05
15373,مقداره,1,1.2915057665732477e-05
15374,جميلا,1,1.2915057665732477e-05
15375,يرونه,1,1.2915057665732477e-05
15376,ونرىه,1,1.2915057665732477e-05
15377,يبصرونهم,1,1.2915057665732477e-05
15378,ٱلمجرم,1,1.2915057665732477e-05
15379,يفتدي,1,1.2915057665732477e-05
15380,ببنيه,1,1.2915057665732477e-05
15381,وفصيلته,1,1.2915057665732477e-05
15382,تٔويه,1,1.2915057665732477e-05
15383,ينجيه,1,1.2915057665732477e-05
15384,لظى,1,1.2915057665732477e-05
15385,نزاعةٗ,1,1.2915057665732477e-05
15386,للشوى,1,1.2915057665732477e-05
15387,فأوعىٓ,1,1.2915057665732477e-05
15388,هلوعا,1,1.2915057665732477e-05
15389,جزوعٗا,1,1.2915057665732477e-05
15390,منوعا,1,1.2915057665732477e-05
15391,دآئمون,1,1.2915057665732477e-05
15392,يصدقون,1,1.2915057665732477e-05
15393,مأمونٖ,1,1.2915057665732477e-05
15394,بشهدتهم,1,1.2915057665732477e-05
15395,قآئمون,1,1.2915057665732477e-05
15396,عزين,1,1.2915057665732477e-05
15397,أيطمع,1,1.2915057665732477e-05
15398,نصبٖ,1,1.2915057665732477e-05
15399,يوفضون,1,1.2915057665732477e-05
15400,دعوت,1,1.2915057665732477e-05
15401,ونهارٗا,1,1.2915057665732477e-05
15402,يزدهم,1,1.2915057665732477e-05
15403,دعآءيٓ,1,1.2915057665732477e-05
15404,لتغفر,1,1.2915057665732477e-05
15405,جعلوٓا,1,1.2915057665732477e-05
15406,وٱستغشوا,1,1.2915057665732477e-05
15407,وأصروا,1,1.2915057665732477e-05
15408,جهارٗا,1,1.2915057665732477e-05
15409,أعلنت,1,1.2915057665732477e-05
15410,وأسررت,1,1.2915057665732477e-05
15411,إسرارٗا,1,1.2915057665732477e-05
15412,فقلت,1,1.2915057665732477e-05
15413,غفارٗا,1,1.2915057665732477e-05
15414,ويمددكم,1,1.2915057665732477e-05
15415,ترجون,1,1.2915057665732477e-05
15416,وقارٗا,1,1.2915057665732477e-05
15417,أطوارا,1,1.2915057665732477e-05
15418,أنبتكم,1,1.2915057665732477e-05
15419,نباتٗا,1,1.2915057665732477e-05
15420,ويخرجكم,1,1.2915057665732477e-05
15421,إخراجٗا,1,1.2915057665732477e-05
15422,بساطٗا,1,1.2915057665732477e-05
15423,لتسلكوا,1,1.2915057665732477e-05
15424,عصوني,1,1.2915057665732477e-05
15425,يزده,1,1.2915057665732477e-05
15426,وولدهٓ,1,1.2915057665732477e-05
15427,كبارٗا,1,1.2915057665732477e-05
15428,سواعٗا,1,1.2915057665732477e-05
15429,يغوث,1,1.2915057665732477e-05
15430,ويعوق,1,1.2915057665732477e-05
15431,ونسرٗا,1,1.2915057665732477e-05
15432,أضلوا,1,1.2915057665732477e-05
15433,خطيٓٔتهم,1,1.2915057665732477e-05
15434,أغرقوا,1,1.2915057665732477e-05
15435,فأدخلوا,1,1.2915057665732477e-05
15436,أنصارٗا,1,1.2915057665732477e-05
15437,ديارا,1,1.2915057665732477e-05
15438,تذرهم,1,1.2915057665732477e-05
15439,يضلوا,1,1.2915057665732477e-05
15440,يلدوٓا,1,1.2915057665732477e-05
15441,فاجرٗا,1,1.2915057665732477e-05
15442,كفارٗا,1,1.2915057665732477e-05
15443,تبارا,1,1.2915057665732477e-05
15444,ٱستمع,1,1.2915057665732477e-05
15445,نفرٞ,1,1.2915057665732477e-05
15446,بربنآ,1,1.2915057665732477e-05
15447,جد,1,1.2915057665732477e-05
15448,صحبةٗ,1,1.2915057665732477e-05
15449,سفيهنا,1,1.2915057665732477e-05
15450,شططٗا,1,1.2915057665732477e-05
15451,يعوذون,1,1.2915057665732477e-05
15452,برجالٖ,1,1.2915057665732477e-05
15453,فزادوهم,1,1.2915057665732477e-05
15454,ظنوا,1,1.2915057665732477e-05
15455,لمسنا,1,1.2915057665732477e-05
15456,فوجدنها,1,1.2915057665732477e-05
15457,ملئت,1,1.2915057665732477e-05
15458,حرسٗا,1,1.2915057665732477e-05
15459,وشهبٗا,1,1.2915057665732477e-05
15460,نقعد,1,1.2915057665732477e-05
15461,للسمع,1,1.2915057665732477e-05
15462,ٱلأٓن,1,1.2915057665732477e-05
15463,شهابٗا,1,1.2915057665732477e-05
15464,ندريٓ,1,1.2915057665732477e-05
15465,أشر,1,1.2915057665732477e-05
15466,قددٗا,1,1.2915057665732477e-05
15467,نعجز,1,1.2915057665732477e-05
15468,نعجزه,1,1.2915057665732477e-05
15469,هربٗا,1,1.2915057665732477e-05
15470,بربه,1,1.2915057665732477e-05
15471,بخسٗا,1,1.2915057665732477e-05
15472,ٱلمسلمون,1,1.2915057665732477e-05
15473,تحروا,1,1.2915057665732477e-05
15474,حطبٗا,1,1.2915057665732477e-05
15475,وألو,1,1.2915057665732477e-05
15476,ٱلطريقة,1,1.2915057665732477e-05
15477,لأسقينهم,1,1.2915057665732477e-05
15478,غدقٗا,1,1.2915057665732477e-05
15479,يسلكه,1,1.2915057665732477e-05
15480,صعدٗا,1,1.2915057665732477e-05
15481,قام,1,1.2915057665732477e-05
15482,يدعوه,1,1.2915057665732477e-05
15483,يكونون,1,1.2915057665732477e-05
15484,لبدٗا,1,1.2915057665732477e-05
15485,يجيرني,1,1.2915057665732477e-05
15486,ملتحدا,1,1.2915057665732477e-05
15487,بلغٗا,1,1.2915057665732477e-05
15488,ورسلته,1,1.2915057665732477e-05
15489,أضعف,1,1.2915057665732477e-05
15490,ناصرٗا,1,1.2915057665732477e-05
15491,أقريبٞ,1,1.2915057665732477e-05
15492,غيبهٓ,1,1.2915057665732477e-05
15493,يسلك,1,1.2915057665732477e-05
15494,أبلغوا,1,1.2915057665732477e-05
15495,وأحاط,1,1.2915057665732477e-05
15496,وأحصى,1,1.2915057665732477e-05
15497,عددا,1,1.2915057665732477e-05
15498,ٱلمزمل,1,1.2915057665732477e-05
15499,نصفهٓ,1,1.2915057665732477e-05
15500,ٱنقص,1,1.2915057665732477e-05
15501,زد,1,1.2915057665732477e-05
15502,ورتل,1,1.2915057665732477e-05
15503,ترتيلا,1,1.2915057665732477e-05
15504,ثقيلا,1,1.2915057665732477e-05
15505,ناشئة,1,1.2915057665732477e-05
15506,وطٔٗا,1,1.2915057665732477e-05
15507,قيلا,1,1.2915057665732477e-05
15508,طويلٗا,1,1.2915057665732477e-05
15509,وتبتل,1,1.2915057665732477e-05
15510,تبتيلٗا,1,1.2915057665732477e-05
15511,فٱتخذه,1,1.2915057665732477e-05
15512,وٱهجرهم,1,1.2915057665732477e-05
15513,هجرٗا,1,1.2915057665732477e-05
15514,وذرني,1,1.2915057665732477e-05
15515,وٱلمكذبين,1,1.2915057665732477e-05
15516,ٱلنعمة,1,1.2915057665732477e-05
15517,ومهلهم,1,1.2915057665732477e-05
15518,لدينآ,1,1.2915057665732477e-05
15519,أنكالٗا,1,1.2915057665732477e-05
15520,وجحيمٗا,1,1.2915057665732477e-05
15521,وطعامٗا,1,1.2915057665732477e-05
15522,غصةٖ,1,1.2915057665732477e-05
15523,وعذابا,1,1.2915057665732477e-05
15524,كثيبٗا,1,1.2915057665732477e-05
15525,مهيلا,1,1.2915057665732477e-05
15526,شهدا,1,1.2915057665732477e-05
15527,فعصى,1,1.2915057665732477e-05
15528,أخذٗا,1,1.2915057665732477e-05
15529,وبيلٗا,1,1.2915057665732477e-05
15530,شيبا,1,1.2915057665732477e-05
15531,منفطر,1,1.2915057665732477e-05
15532,ثلثي,1,1.2915057665732477e-05
15533,ونصفه,1,1.2915057665732477e-05
15534,وثلثه,1,1.2915057665732477e-05
15535,تحصوه,1,1.2915057665732477e-05
15536,سيكون,1,1.2915057665732477e-05
15537,مرضى,1,1.2915057665732477e-05
15538,وأعظم,1,1.2915057665732477e-05
15539,ٱلمدثر,1,1.2915057665732477e-05
15540,فأنذر,1,1.2915057665732477e-05
15541,فكبر,1,1.2915057665732477e-05
15542,وثيابك,1,1.2915057665732477e-05
15543,فطهر,1,1.2915057665732477e-05
15544,وٱلرجز,1,1.2915057665732477e-05
15545,فٱهجر,1,1.2915057665732477e-05
15546,تمنن,1,1.2915057665732477e-05
15547,تستكثر,1,1.2915057665732477e-05
15548,ولربك,1,1.2915057665732477e-05
15549,نقر,1,1.2915057665732477e-05
15550,ٱلناقور,1,1.2915057665732477e-05
15551,عسير,1,1.2915057665732477e-05
15552,يسيرٖ,1,1.2915057665732477e-05
15553,ذرني,1,1.2915057665732477e-05
15554,وحيدٗا,1,1.2915057665732477e-05
15555,وجعلت,1,1.2915057665732477e-05
15556,ممدودٗا,1,1.2915057665732477e-05
15557,شهودٗا,1,1.2915057665732477e-05
15558,ومهدت,1,1.2915057665732477e-05
15559,تمهيدٗا,1,1.2915057665732477e-05
15560,يطمع,1,1.2915057665732477e-05
15561,أزيد,1,1.2915057665732477e-05
15562,لأٓيتنا,1,1.2915057665732477e-05
15563,عنيدٗا,1,1.2915057665732477e-05
15564,سأرهقه,1,1.2915057665732477e-05
15565,صعودا,1,1.2915057665732477e-05
15566,فكر,1,1.2915057665732477e-05
15567,وبسر,1,1.2915057665732477e-05
15568,يؤثر,1,1.2915057665732477e-05
15569,سأصليه,1,1.2915057665732477e-05
15570,تبقي,1,1.2915057665732477e-05
15571,لواحةٞ,1,1.2915057665732477e-05
15572,جعلنآ,1,1.2915057665732477e-05
15573,عدتهم,1,1.2915057665732477e-05
15574,ليستيقن,1,1.2915057665732477e-05
15575,ويزداد,1,1.2915057665732477e-05
15576,يرتاب,1,1.2915057665732477e-05
15577,وليقول,1,1.2915057665732477e-05
15578,أسفر,1,1.2915057665732477e-05
15579,لإحدى,1,1.2915057665732477e-05
15580,يتقدم,1,1.2915057665732477e-05
15581,يتأخر,1,1.2915057665732477e-05
15582,رهينة,1,1.2915057665732477e-05
15583,سلككم,1,1.2915057665732477e-05
15584,نطعم,1,1.2915057665732477e-05
15585,ٱلخآئضين,1,1.2915057665732477e-05
15586,أتىنا,1,1.2915057665732477e-05
15587,تنفعهم,1,1.2915057665732477e-05
15588,ٱلشفعين,1,1.2915057665732477e-05
15589,ٱلتذكرة,1,1.2915057665732477e-05
15590,حمرٞ,1,1.2915057665732477e-05
15591,مستنفرةٞ,1,1.2915057665732477e-05
15592,فرت,1,1.2915057665732477e-05
15593,قسورة,1,1.2915057665732477e-05
15594,يؤتى,1,1.2915057665732477e-05
15595,منشرةٗ,1,1.2915057665732477e-05
15596,وأهل,1,1.2915057665732477e-05
15597,ٱللوامة,1,1.2915057665732477e-05
15598,نجمع,1,1.2915057665732477e-05
15599,عظامه,1,1.2915057665732477e-05
15600,نسوي,1,1.2915057665732477e-05
15601,بنانه,1,1.2915057665732477e-05
15602,ليفجر,1,1.2915057665732477e-05
15603,أمامه,1,1.2915057665732477e-05
15604,برق,1,1.2915057665732477e-05
15605,وخسف,1,1.2915057665732477e-05
15606,ٱلمفر,1,1.2915057665732477e-05
15607,ٱلمستقر,1,1.2915057665732477e-05
15608,ينبؤا,1,1.2915057665732477e-05
15609,بصيرةٞ,1,1.2915057665732477e-05
15610,معاذيره,1,1.2915057665732477e-05
15611,تحرك,1,1.2915057665732477e-05
15612,لسانك,1,1.2915057665732477e-05
15613,لتعجل,1,1.2915057665732477e-05
15614,جمعه,1,1.2915057665732477e-05
15615,وقرءانه,1,1.2915057665732477e-05
15616,قرأنه,1,1.2915057665732477e-05
15617,فٱتبع,1,1.2915057665732477e-05
15618,قرءانه,1,1.2915057665732477e-05
15619,بيانه,1,1.2915057665732477e-05
15620,ناضرة,1,1.2915057665732477e-05
15621,ناظرةٞ,1,1.2915057665732477e-05
15622,باسرةٞ,1,1.2915057665732477e-05
15623,تظن,1,1.2915057665732477e-05
15624,فاقرةٞ,1,1.2915057665732477e-05
15625,ٱلتراقي,1,1.2915057665732477e-05
15626,راقٖ,1,1.2915057665732477e-05
15627,ٱلفراق,1,1.2915057665732477e-05
15628,وٱلتفت,1,1.2915057665732477e-05
15629,ٱلساق,1,1.2915057665732477e-05
15630,بٱلساق,1,1.2915057665732477e-05
15631,ٱلمساق,1,1.2915057665732477e-05
15632,صلى,1,1.2915057665732477e-05
15633,يتمطىٓ,1,1.2915057665732477e-05
15634,فأولىٓ,1,1.2915057665732477e-05
15635,يترك,1,1.2915057665732477e-05
15636,سدى,1,1.2915057665732477e-05
15637,منيٖ,1,1.2915057665732477e-05
15638,يمنى,1,1.2915057665732477e-05
15639,فخلق,1,1.2915057665732477e-05
15640,حينٞ,1,1.2915057665732477e-05
15641,مذكورا,1,1.2915057665732477e-05
15642,أمشاجٖ,1,1.2915057665732477e-05
15643,نبتليه,1,1.2915057665732477e-05
15644,هدينه,1,1.2915057665732477e-05
15645,سلسلا,1,1.2915057665732477e-05
15646,وأغللٗا,1,1.2915057665732477e-05
15647,وسعيرا,1,1.2915057665732477e-05
15648,يشربون,1,1.2915057665732477e-05
15649,كأسٖ,1,1.2915057665732477e-05
15650,كافورا,1,1.2915057665732477e-05
15651,يفجرونها,1,1.2915057665732477e-05
15652,تفجيرٗا,1,1.2915057665732477e-05
15653,شره,1,1.2915057665732477e-05
15654,مستطيرٗا,1,1.2915057665732477e-05
15655,ويطعمون,1,1.2915057665732477e-05
15656,ويتيمٗا,1,1.2915057665732477e-05
15657,وأسيرا,1,1.2915057665732477e-05
15658,نطعمكم,1,1.2915057665732477e-05
15659,لوجه,1,1.2915057665732477e-05
15660,شكورا,1,1.2915057665732477e-05
15661,عبوسٗا,1,1.2915057665732477e-05
15662,قمطريرٗا,1,1.2915057665732477e-05
15663,فوقىهم,1,1.2915057665732477e-05
15664,ولقىهم,1,1.2915057665732477e-05
15665,نضرةٗ,1,1.2915057665732477e-05
15666,وسرورٗا,1,1.2915057665732477e-05
15667,وجزىهم,1,1.2915057665732477e-05
15668,وحريرٗا,1,1.2915057665732477e-05
15669,شمسٗا,1,1.2915057665732477e-05
15670,زمهريرٗا,1,1.2915057665732477e-05
15671,ودانية,1,1.2915057665732477e-05
15672,ظللها,1,1.2915057665732477e-05
15673,وذللت,1,1.2915057665732477e-05
15674,تذليلٗا,1,1.2915057665732477e-05
15675,ويطاف,1,1.2915057665732477e-05
15676,بٔانيةٖ,1,1.2915057665732477e-05
15677,قدروها,1,1.2915057665732477e-05
15678,ويسقون,1,1.2915057665732477e-05
15679,زنجبيلا,1,1.2915057665732477e-05
15680,تسمى,1,1.2915057665732477e-05
15681,سلسبيلٗا,1,1.2915057665732477e-05
15682,حسبتهم,1,1.2915057665732477e-05
15683,لؤلؤٗا,1,1.2915057665732477e-05
15684,منثورٗا,1,1.2915057665732477e-05
15685,نعيمٗا,1,1.2915057665732477e-05
15686,وملكٗا,1,1.2915057665732477e-05
15687,ثياب,1,1.2915057665732477e-05
15688,سندس,1,1.2915057665732477e-05
15689,خضرٞ,1,1.2915057665732477e-05
15690,وإستبرقٞ,1,1.2915057665732477e-05
15691,وحلوٓا,1,1.2915057665732477e-05
15692,وسقىهم,1,1.2915057665732477e-05
15693,شرابٗا,1,1.2915057665732477e-05
15694,طهورا,1,1.2915057665732477e-05
15695,مشكورا,1,1.2915057665732477e-05
15696,ءاثما,1,1.2915057665732477e-05
15697,فٱسجد,1,1.2915057665732477e-05
15698,وسبحه,1,1.2915057665732477e-05
15699,طويلا,1,1.2915057665732477e-05
15700,ثقيلٗا,1,1.2915057665732477e-05
15701,وشددنآ,1,1.2915057665732477e-05
15702,أسرهم,1,1.2915057665732477e-05
15703,تبديلا,1,1.2915057665732477e-05
15704,وٱلظلمين,1,1.2915057665732477e-05
15705,وٱلمرسلت,1,1.2915057665732477e-05
15706,عرفٗا,1,1.2915057665732477e-05
15707,فٱلعصفت,1,1.2915057665732477e-05
15708,عصفٗا,1,1.2915057665732477e-05
15709,وٱلنشرت,1,1.2915057665732477e-05
15710,نشرٗا,1,1.2915057665732477e-05
15711,فٱلفرقت,1,1.2915057665732477e-05
15712,فرقٗا,1,1.2915057665732477e-05
15713,فٱلملقيت,1,1.2915057665732477e-05
15714,عذرا,1,1.2915057665732477e-05
15715,نذرا,1,1.2915057665732477e-05
15716,طمست,1,1.2915057665732477e-05
15717,فرجت,1,1.2915057665732477e-05
15718,نسفت,1,1.2915057665732477e-05
15719,أقتت,1,1.2915057665732477e-05
15720,لأي,1,1.2915057665732477e-05
15721,نتبعهم,1,1.2915057665732477e-05
15722,نخلقكم,1,1.2915057665732477e-05
15723,فقدرنا,1,1.2915057665732477e-05
15724,ٱلقدرون,1,1.2915057665732477e-05
15725,كفاتا,1,1.2915057665732477e-05
15726,أحيآءٗ,1,1.2915057665732477e-05
15727,وأموتٗا,1,1.2915057665732477e-05
15728,شمختٖ,1,1.2915057665732477e-05
15729,وأسقينكم,1,1.2915057665732477e-05
15730,فراتٗا,1,1.2915057665732477e-05
15731,ظلٖ,1,1.2915057665732477e-05
15732,شعبٖ,1,1.2915057665732477e-05
15733,ظليلٖ,1,1.2915057665732477e-05
15734,ٱللهب,1,1.2915057665732477e-05
15735,ترمي,1,1.2915057665732477e-05
15736,بشررٖ,1,1.2915057665732477e-05
15737,كٱلقصر,1,1.2915057665732477e-05
15738,جملتٞ,1,1.2915057665732477e-05
15739,صفرٞ,1,1.2915057665732477e-05
15740,فيعتذرون,1,1.2915057665732477e-05
15741,جمعنكم,1,1.2915057665732477e-05
15742,وٱلأولين,1,1.2915057665732477e-05
15743,كيدٞ,1,1.2915057665732477e-05
15744,فكيدون,1,1.2915057665732477e-05
15745,وفوكه,1,1.2915057665732477e-05
15746,وتمتعوا,1,1.2915057665732477e-05
15747,يركعون,1,1.2915057665732477e-05
15748,عم,1,1.2915057665732477e-05
15749,ٱلنبإ,1,1.2915057665732477e-05
15750,مختلفون,1,1.2915057665732477e-05
15751,أوتادٗا,1,1.2915057665732477e-05
15752,وخلقنكم,1,1.2915057665732477e-05
15753,نومكم,1,1.2915057665732477e-05
15754,معاشٗا,1,1.2915057665732477e-05
15755,وبنينا,1,1.2915057665732477e-05
15756,شدادٗا,1,1.2915057665732477e-05
15757,وهاجٗا,1,1.2915057665732477e-05
15758,ٱلمعصرت,1,1.2915057665732477e-05
15759,ثجاجٗا,1,1.2915057665732477e-05
15760,لنخرج,1,1.2915057665732477e-05
15761,ونباتٗا,1,1.2915057665732477e-05
15762,ألفافا,1,1.2915057665732477e-05
15763,ميقتٗا,1,1.2915057665732477e-05
15764,فتأتون,1,1.2915057665732477e-05
15765,وسيرت,1,1.2915057665732477e-05
15766,سرابا,1,1.2915057665732477e-05
15767,مرصادٗا,1,1.2915057665732477e-05
15768,مٔابٗا,1,1.2915057665732477e-05
15769,لبثين,1,1.2915057665732477e-05
15770,أحقابٗا,1,1.2915057665732477e-05
15771,شرابا,1,1.2915057665732477e-05
15772,وغساقٗا,1,1.2915057665732477e-05
15773,وفاقا,1,1.2915057665732477e-05
15774,كذابٗا,1,1.2915057665732477e-05
15775,نزيدكم,1,1.2915057665732477e-05
15776,مفازا,1,1.2915057665732477e-05
15777,وأعنبٗا,1,1.2915057665732477e-05
15778,وكواعب,1,1.2915057665732477e-05
15779,وكأسٗا,1,1.2915057665732477e-05
15780,دهاقٗا,1,1.2915057665732477e-05
15781,خطابٗا,1,1.2915057665732477e-05
15782,يتكلمون,1,1.2915057665732477e-05
15783,صوابٗا,1,1.2915057665732477e-05
15784,مٔابا,1,1.2915057665732477e-05
15785,أنذرنكم,1,1.2915057665732477e-05
15786,وٱلنزعت,1,1.2915057665732477e-05
15787,غرقٗا,1,1.2915057665732477e-05
15788,وٱلنشطت,1,1.2915057665732477e-05
15789,نشطٗا,1,1.2915057665732477e-05
15790,وٱلسبحت,1,1.2915057665732477e-05
15791,فٱلسبقت,1,1.2915057665732477e-05
15792,سبقٗا,1,1.2915057665732477e-05
15793,فٱلمدبرت,1,1.2915057665732477e-05
15794,ٱلراجفة,1,1.2915057665732477e-05
15795,تتبعها,1,1.2915057665732477e-05
15796,ٱلرادفة,1,1.2915057665732477e-05
15797,واجفة,1,1.2915057665732477e-05
15798,أبصرها,1,1.2915057665732477e-05
15799,خشعةٞ,1,1.2915057665732477e-05
15800,لمردودون,1,1.2915057665732477e-05
15801,ٱلحافرة,1,1.2915057665732477e-05
15802,نخرةٗ,1,1.2915057665732477e-05
15803,كرة,1,1.2915057665732477e-05
15804,خاسرةٞ,1,1.2915057665732477e-05
15805,بٱلساهرة,1,1.2915057665732477e-05
15806,نادىه,1,1.2915057665732477e-05
15807,طوى,1,1.2915057665732477e-05
15808,وأهديك,1,1.2915057665732477e-05
15809,فتخشى,1,1.2915057665732477e-05
15810,فأرىه,1,1.2915057665732477e-05
15811,ٱلأٓية,1,1.2915057665732477e-05
15812,وعصى,1,1.2915057665732477e-05
15813,فحشر,1,1.2915057665732477e-05
15814,فأخذه,1,1.2915057665732477e-05
15815,نكال,1,1.2915057665732477e-05
15816,وٱلأولىٓ,1,1.2915057665732477e-05
15817,يخشىٓ,1,1.2915057665732477e-05
15818,سمكها,1,1.2915057665732477e-05
15819,وأغطش,1,1.2915057665732477e-05
15820,ليلها,1,1.2915057665732477e-05
15821,وأخرج,1,1.2915057665732477e-05
15822,دحىهآ,1,1.2915057665732477e-05
15823,مآءها,1,1.2915057665732477e-05
15824,ومرعىها,1,1.2915057665732477e-05
15825,أرسىها,1,1.2915057665732477e-05
15826,ٱلطآمة,1,1.2915057665732477e-05
15827,وءاثر,1,1.2915057665732477e-05
15828,ونهى,1,1.2915057665732477e-05
15829,ذكرىهآ,1,1.2915057665732477e-05
15830,منتهىهآ,1,1.2915057665732477e-05
15831,منذر,1,1.2915057665732477e-05
15832,يخشىها,1,1.2915057665732477e-05
15833,عشية,1,1.2915057665732477e-05
15834,يزكىٓ,1,1.2915057665732477e-05
15835,فتنفعه,1,1.2915057665732477e-05
15836,ٱلذكرىٓ,1,1.2915057665732477e-05
15837,ٱستغنى,1,1.2915057665732477e-05
15838,تصدى,1,1.2915057665732477e-05
15839,يزكى,1,1.2915057665732477e-05
15840,تلهى,1,1.2915057665732477e-05
15841,صحفٖ,1,1.2915057665732477e-05
15842,مكرمةٖ,1,1.2915057665732477e-05
15843,مرفوعةٖ,1,1.2915057665732477e-05
15844,مطهرة,1,1.2915057665732477e-05
15845,بأيدي,1,1.2915057665732477e-05
15846,سفرةٖ,1,1.2915057665732477e-05
15847,كرام,1,1.2915057665732477e-05
15848,بررةٖ,1,1.2915057665732477e-05
15849,أكفره,1,1.2915057665732477e-05
15850,يسره,1,1.2915057665732477e-05
15851,أماته,1,1.2915057665732477e-05
15852,فأقبره,1,1.2915057665732477e-05
15853,أنشره,1,1.2915057665732477e-05
15854,يقض,1,1.2915057665732477e-05
15855,طعامهٓ,1,1.2915057665732477e-05
15856,صببنا,1,1.2915057665732477e-05
15857,صبٗا,1,1.2915057665732477e-05
15858,شققنا,1,1.2915057665732477e-05
15859,شقٗا,1,1.2915057665732477e-05
15860,وعنبٗا,1,1.2915057665732477e-05
15861,وقضبٗا,1,1.2915057665732477e-05
15862,وزيتونٗا,1,1.2915057665732477e-05
15863,ونخلٗا,1,1.2915057665732477e-05
15864,وحدآئق,1,1.2915057665732477e-05
15865,غلبٗا,1,1.2915057665732477e-05
15866,وفكهةٗ,1,1.2915057665732477e-05
15867,وأبٗا,1,1.2915057665732477e-05
15868,ٱلصآخة,1,1.2915057665732477e-05
15869,يفر,1,1.2915057665732477e-05
15870,وأبيه,1,1.2915057665732477e-05
15871,وبنيه,1,1.2915057665732477e-05
15872,شأنٞ,1,1.2915057665732477e-05
15873,يغنيه,1,1.2915057665732477e-05
15874,مسفرةٞ,1,1.2915057665732477e-05
15875,ضاحكةٞ,1,1.2915057665732477e-05
15876,مستبشرةٞ,1,1.2915057665732477e-05
15877,غبرةٞ,1,1.2915057665732477e-05
15878,ترهقها,1,1.2915057665732477e-05
15879,قترة,1,1.2915057665732477e-05
15880,ٱلكفرة,1,1.2915057665732477e-05
15881,ٱلفجرة,1,1.2915057665732477e-05
15882,كورت,1,1.2915057665732477e-05
15883,ٱنكدرت,1,1.2915057665732477e-05
15884,ٱلعشار,1,1.2915057665732477e-05
15885,عطلت,1,1.2915057665732477e-05
15886,ٱلوحوش,1,1.2915057665732477e-05
15887,حشرت,1,1.2915057665732477e-05
15888,سجرت,1,1.2915057665732477e-05
15889,ٱلنفوس,1,1.2915057665732477e-05
15890,زوجت,1,1.2915057665732477e-05
15891,ٱلموءدة,1,1.2915057665732477e-05
15892,سئلت,1,1.2915057665732477e-05
15893,ذنبٖ,1,1.2915057665732477e-05
15894,نشرت,1,1.2915057665732477e-05
15895,كشطت,1,1.2915057665732477e-05
15896,سعرت,1,1.2915057665732477e-05
15897,أزلفت,1,1.2915057665732477e-05
15898,أحضرت,1,1.2915057665732477e-05
15899,بٱلخنس,1,1.2915057665732477e-05
15900,ٱلكنس,1,1.2915057665732477e-05
15901,عسعس,1,1.2915057665732477e-05
15902,تنفس,1,1.2915057665732477e-05
15903,مطاعٖ,1,1.2915057665732477e-05
15904,بضنينٖ,1,1.2915057665732477e-05
15905,رجيمٖ,1,1.2915057665732477e-05
15906,فأين,1,1.2915057665732477e-05
15907,تذهبون,1,1.2915057665732477e-05
15908,يستقيم,1,1.2915057665732477e-05
15909,ٱنفطرت,1,1.2915057665732477e-05
15910,ٱنتثرت,1,1.2915057665732477e-05
15911,فجرت,1,1.2915057665732477e-05
15912,بعثرت,1,1.2915057665732477e-05
15913,وأخرت,1,1.2915057665732477e-05
15914,غرك,1,1.2915057665732477e-05
15915,فسوىك,1,1.2915057665732477e-05
15916,فعدلك,1,1.2915057665732477e-05
15917,صورةٖ,1,1.2915057665732477e-05
15918,ركبك,1,1.2915057665732477e-05
15919,لحفظين,1,1.2915057665732477e-05
15920,كتبين,1,1.2915057665732477e-05
15921,جحيمٖ,1,1.2915057665732477e-05
15922,بغآئبين,1,1.2915057665732477e-05
15923,لنفسٖ,1,1.2915057665732477e-05
15924,للمطففين,1,1.2915057665732477e-05
15925,ٱكتالوا,1,1.2915057665732477e-05
15926,يستوفون,1,1.2915057665732477e-05
15927,كالوهم,1,1.2915057665732477e-05
15928,وزنوهم,1,1.2915057665732477e-05
15929,يخسرون,1,1.2915057665732477e-05
15930,سجينٖ,1,1.2915057665732477e-05
15931,سجينٞ,1,1.2915057665732477e-05
15932,ران,1,1.2915057665732477e-05
15933,لمحجوبون,1,1.2915057665732477e-05
15934,لصالوا,1,1.2915057665732477e-05
15935,عليين,1,1.2915057665732477e-05
15936,عليون,1,1.2915057665732477e-05
15937,يشهده,1,1.2915057665732477e-05
15938,نعيم,1,1.2915057665732477e-05
15939,نضرة,1,1.2915057665732477e-05
15940,رحيقٖ,1,1.2915057665732477e-05
15941,مختوم,1,1.2915057665732477e-05
15942,ختمه,1,1.2915057665732477e-05
15943,مسكٞ,1,1.2915057665732477e-05
15944,فليتنافس,1,1.2915057665732477e-05
15945,ٱلمتنفسون,1,1.2915057665732477e-05
15946,ومزاجه,1,1.2915057665732477e-05
15947,تسنيم,1,1.2915057665732477e-05
15948,يتغامزون,1,1.2915057665732477e-05
15949,ٱنقلبوا,1,1.2915057665732477e-05
15950,رأوهم,1,1.2915057665732477e-05
15951,أرسلوا,1,1.2915057665732477e-05
15952,ثوب,1,1.2915057665732477e-05
15953,مدت,1,1.2915057665732477e-05
15954,وألقت,1,1.2915057665732477e-05
15955,وتخلت,1,1.2915057665732477e-05
15956,كادح,1,1.2915057665732477e-05
15957,كدحٗا,1,1.2915057665732477e-05
15958,فملقيه,1,1.2915057665732477e-05
15959,يحاسب,1,1.2915057665732477e-05
15960,وينقلب,1,1.2915057665732477e-05
15961,مسرورٗا,1,1.2915057665732477e-05
15962,ظهره,1,1.2915057665732477e-05
15963,ويصلى,1,1.2915057665732477e-05
15964,مسرورا,1,1.2915057665732477e-05
15965,يحور,1,1.2915057665732477e-05
15966,بٱلشفق,1,1.2915057665732477e-05
15967,وسق,1,1.2915057665732477e-05
15968,ٱتسق,1,1.2915057665732477e-05
15969,لتركبن,1,1.2915057665732477e-05
15970,طبقا,1,1.2915057665732477e-05
15971,طبقٖ,1,1.2915057665732477e-05
15972,يوعون,1,1.2915057665732477e-05
15973,ممنون,1,1.2915057665732477e-05
15974,ٱلبروج,1,1.2915057665732477e-05
15975,ٱلموعود,1,1.2915057665732477e-05
15976,وشاهدٖ,1,1.2915057665732477e-05
15977,ومشهودٖ,1,1.2915057665732477e-05
15978,ٱلأخدود,1,1.2915057665732477e-05
15979,ٱلوقود,1,1.2915057665732477e-05
15980,قعودٞ,1,1.2915057665732477e-05
15981,شهودٞ,1,1.2915057665732477e-05
15982,نقموا,1,1.2915057665732477e-05
15983,بطش,1,1.2915057665732477e-05
15984,ويعيد,1,1.2915057665732477e-05
15985,ٱلودود,1,1.2915057665732477e-05
15986,ٱلجنود,1,1.2915057665732477e-05
15987,تكذيبٖ,1,1.2915057665732477e-05
15988,قرءانٞ,1,1.2915057665732477e-05
15989,لوحٖ,1,1.2915057665732477e-05
15990,محفوظ,1,1.2915057665732477e-05
15991,وٱلطارق,1,1.2915057665732477e-05
15992,ٱلطارق,1,1.2915057665732477e-05
15993,ٱلنجم,1,1.2915057665732477e-05
15994,ٱلثاقب,1,1.2915057665732477e-05
15995,حافظٞ,1,1.2915057665732477e-05
15996,مم,1,1.2915057665732477e-05
15997,دافقٖ,1,1.2915057665732477e-05
15998,ٱلصلب,1,1.2915057665732477e-05
15999,وٱلترآئب,1,1.2915057665732477e-05
16000,رجعه,1,1.2915057665732477e-05
16001,لقادرٞ,1,1.2915057665732477e-05
16002,تبلى,1,1.2915057665732477e-05
16003,ٱلسرآئر,1,1.2915057665732477e-05
16004,ناصرٖ,1,1.2915057665732477e-05
16005,ٱلرجع,1,1.2915057665732477e-05
16006,ٱلصدع,1,1.2915057665732477e-05
16007,لقولٞ,1,1.2915057665732477e-05
16008,فصلٞ,1,1.2915057665732477e-05
16009,بٱلهزل,1,1.2915057665732477e-05
16010,يكيدون,1,1.2915057665732477e-05
16011,وأكيد,1,1.2915057665732477e-05
16012,فمهل,1,1.2915057665732477e-05
16013,أمهلهم,1,1.2915057665732477e-05
16014,رويدا,1,1.2915057665732477e-05
16015,ٱلمرعى,1,1.2915057665732477e-05
16016,غثآء,1,1.2915057665732477e-05
16017,أحوى,1,1.2915057665732477e-05
16018,سنقرئك,1,1.2915057665732477e-05
16019,تنسىٓ,1,1.2915057665732477e-05
16020,ونيسرك,1,1.2915057665732477e-05
16021,نفعت,1,1.2915057665732477e-05
16022,سيذكر,1,1.2915057665732477e-05
16023,ويتجنبها,1,1.2915057665732477e-05
16024,يصلى,1,1.2915057665732477e-05
16025,فصلى,1,1.2915057665732477e-05
16026,تؤثرون,1,1.2915057665732477e-05
16027,ٱلغشية,1,1.2915057665732477e-05
16028,عاملةٞ,1,1.2915057665732477e-05
16029,ناصبةٞ,1,1.2915057665732477e-05
16030,تصلى,1,1.2915057665732477e-05
16031,حاميةٗ,1,1.2915057665732477e-05
16032,تسقى,1,1.2915057665732477e-05
16033,ءانيةٖ,1,1.2915057665732477e-05
16034,ضريعٖ,1,1.2915057665732477e-05
16035,يسمن,1,1.2915057665732477e-05
16036,ناعمةٞ,1,1.2915057665732477e-05
16037,لسعيها,1,1.2915057665732477e-05
16038,راضيةٞ,1,1.2915057665732477e-05
16039,لغيةٗ,1,1.2915057665732477e-05
16040,جاريةٞ,1,1.2915057665732477e-05
16041,سررٞ,1,1.2915057665732477e-05
16042,مرفوعةٞ,1,1.2915057665732477e-05
16043,وأكوابٞ,1,1.2915057665732477e-05
16044,موضوعةٞ,1,1.2915057665732477e-05
16045,ونمارق,1,1.2915057665732477e-05
16046,مصفوفةٞ,1,1.2915057665732477e-05
16047,وزرابي,1,1.2915057665732477e-05
16048,مبثوثة,1,1.2915057665732477e-05
16049,رفعت,1,1.2915057665732477e-05
16050,نصبت,1,1.2915057665732477e-05
16051,سطحت,1,1.2915057665732477e-05
16052,مذكرٞ,1,1.2915057665732477e-05
16053,بمصيطر,1,1.2915057665732477e-05
16054,إيابهم,1,1.2915057665732477e-05
16055,وٱلفجر,1,1.2915057665732477e-05
16056,وليال,1,1.2915057665732477e-05
16057,عشرٖ,1,1.2915057665732477e-05
16058,وٱلشفع,1,1.2915057665732477e-05
16059,وٱلوتر,1,1.2915057665732477e-05
16060,يسر,1,1.2915057665732477e-05
16061,قسمٞ,1,1.2915057665732477e-05
16062,لذي,1,1.2915057665732477e-05
16063,حجر,1,1.2915057665732477e-05
16064,بعاد,1,1.2915057665732477e-05
16065,إرم,1,1.2915057665732477e-05
16066,ٱلعماد,1,1.2915057665732477e-05
16067,جابوا,1,1.2915057665732477e-05
16068,ٱلصخر,1,1.2915057665732477e-05
16069,طغوا,1,1.2915057665732477e-05
16070,فأكثروا,1,1.2915057665732477e-05
16071,فصب,1,1.2915057665732477e-05
16072,سوط,1,1.2915057665732477e-05
16073,لبٱلمرصاد,1,1.2915057665732477e-05
16074,فأكرمه,1,1.2915057665732477e-05
16075,ونعمه,1,1.2915057665732477e-05
16076,أكرمن,1,1.2915057665732477e-05
16077,فقدر,1,1.2915057665732477e-05
16078,أهنن,1,1.2915057665732477e-05
16079,تكرمون,1,1.2915057665732477e-05
16080,تحٓضون,1,1.2915057665732477e-05
16081,وتأكلون,1,1.2915057665732477e-05
16082,ٱلتراث,1,1.2915057665732477e-05
16083,أكلٗا,1,1.2915057665732477e-05
16084,لمٗا,1,1.2915057665732477e-05
16085,وتحبون,1,1.2915057665732477e-05
16086,جمٗا,1,1.2915057665732477e-05
16087,دكت,1,1.2915057665732477e-05
16088,لحياتي,1,1.2915057665732477e-05
16089,يوثق,1,1.2915057665732477e-05
16090,وثاقهٓ,1,1.2915057665732477e-05
16091,يٓأيتها,1,1.2915057665732477e-05
16092,ٱلمطمئنة,1,1.2915057665732477e-05
16093,ٱرجعيٓ,1,1.2915057665732477e-05
16094,راضيةٗ,1,1.2915057665732477e-05
16095,مرضيةٗ,1,1.2915057665732477e-05
16096,فٱدخلي,1,1.2915057665732477e-05
16097,عبدي,1,1.2915057665732477e-05
16098,وٱدخلي,1,1.2915057665732477e-05
16099,جنتي,1,1.2915057665732477e-05
16100,حل,1,1.2915057665732477e-05
16101,ووالدٖ,1,1.2915057665732477e-05
16102,كبد,1,1.2915057665732477e-05
16103,أهلكت,1,1.2915057665732477e-05
16104,لبدا,1,1.2915057665732477e-05
16105,يرهٓ,1,1.2915057665732477e-05
16106,عينين,1,1.2915057665732477e-05
16107,ولسانٗا,1,1.2915057665732477e-05
16108,وشفتين,1,1.2915057665732477e-05
16109,وهدينه,1,1.2915057665732477e-05
16110,ٱلنجدين,1,1.2915057665732477e-05
16111,ٱقتحم,1,1.2915057665732477e-05
16112,فك,1,1.2915057665732477e-05
16113,رقبة,1,1.2915057665732477e-05
16114,إطعمٞ,1,1.2915057665732477e-05
16115,مسغبةٖ,1,1.2915057665732477e-05
16116,مقربة,1,1.2915057665732477e-05
16117,متربةٖ,1,1.2915057665732477e-05
16118,بٱلمرحمة,1,1.2915057665732477e-05
16119,مؤصدة,1,1.2915057665732477e-05
16120,وضحىها,1,1.2915057665732477e-05
16121,تلىها,1,1.2915057665732477e-05
16122,جلىها,1,1.2915057665732477e-05
16123,يغشىها,1,1.2915057665732477e-05
16124,طحىها,1,1.2915057665732477e-05
16125,ونفسٖ,1,1.2915057665732477e-05
16126,سوىها,1,1.2915057665732477e-05
16127,فألهمها,1,1.2915057665732477e-05
16128,فجورها,1,1.2915057665732477e-05
16129,وتقوىها,1,1.2915057665732477e-05
16130,زكىها,1,1.2915057665732477e-05
16131,دسىها,1,1.2915057665732477e-05
16132,بطغوىهآ,1,1.2915057665732477e-05
16133,ٱنبعث,1,1.2915057665732477e-05
16134,أشقىها,1,1.2915057665732477e-05
16135,وسقيها,1,1.2915057665732477e-05
16136,فدمدم,1,1.2915057665732477e-05
16137,عقبها,1,1.2915057665732477e-05
16138,لشتى,1,1.2915057665732477e-05
16139,بخل,1,1.2915057665732477e-05
16140,للعسرى,1,1.2915057665732477e-05
16141,تردىٓ,1,1.2915057665732477e-05
16142,للهدى,1,1.2915057665732477e-05
16143,للأٓخرة,1,1.2915057665732477e-05
16144,فأنذرتكم,1,1.2915057665732477e-05
16145,تلظى,1,1.2915057665732477e-05
16146,يصلىهآ,1,1.2915057665732477e-05
16147,وسيجنبها,1,1.2915057665732477e-05
16148,ٱلأتقى,1,1.2915057665732477e-05
16149,لأحد,1,1.2915057665732477e-05
16150,تجزىٓ,1,1.2915057665732477e-05
16151,وٱلضحى,1,1.2915057665732477e-05
16152,سجى,1,1.2915057665732477e-05
16153,ودعك,1,1.2915057665732477e-05
16154,قلى,1,1.2915057665732477e-05
16155,يعطيك,1,1.2915057665732477e-05
16156,فترضىٓ,1,1.2915057665732477e-05
16157,يجدك,1,1.2915057665732477e-05
16158,فٔاوى,1,1.2915057665732477e-05
16159,ضآلٗا,1,1.2915057665732477e-05
16160,عآئلٗا,1,1.2915057665732477e-05
16161,فأغنى,1,1.2915057665732477e-05
16162,تقهر,1,1.2915057665732477e-05
16163,ٱلسآئل,1,1.2915057665732477e-05
16164,تنهر,1,1.2915057665732477e-05
16165,فحدث,1,1.2915057665732477e-05
16166,نشرح,1,1.2915057665732477e-05
16167,ووضعنا,1,1.2915057665732477e-05
16168,وزرك,1,1.2915057665732477e-05
16169,أنقض,1,1.2915057665732477e-05
16170,ظهرك,1,1.2915057665732477e-05
16171,ذكرك,1,1.2915057665732477e-05
16172,يسرا,1,1.2915057665732477e-05
16173,فرغت,1,1.2915057665732477e-05
16174,فٱنصب,1,1.2915057665732477e-05
16175,فٱرغب,1,1.2915057665732477e-05
16176,وٱلتين,1,1.2915057665732477e-05
16177,وطور,1,1.2915057665732477e-05
16178,سينين,1,1.2915057665732477e-05
16179,تقويمٖ,1,1.2915057665732477e-05
16180,رددنه,1,1.2915057665732477e-05
16181,سفلين,1,1.2915057665732477e-05
16182,يكذبك,1,1.2915057665732477e-05
16183,بأحكم,1,1.2915057665732477e-05
16184,علق,1,1.2915057665732477e-05
16185,ٱلأكرم,1,1.2915057665732477e-05
16186,بٱلقلم,1,1.2915057665732477e-05
16187,ليطغىٓ,1,1.2915057665732477e-05
16188,ٱستغنىٓ,1,1.2915057665732477e-05
16189,ٱلرجعىٓ,1,1.2915057665732477e-05
16190,ينهى,1,1.2915057665732477e-05
16191,عبدا,1,1.2915057665732477e-05
16192,صلىٓ,1,1.2915057665732477e-05
16193,بٱلتقوىٓ,1,1.2915057665732477e-05
16194,لنسفعا,1,1.2915057665732477e-05
16195,بٱلناصية,1,1.2915057665732477e-05
16196,ناصيةٖ,1,1.2915057665732477e-05
16197,كذبة,1,1.2915057665732477e-05
16198,خاطئةٖ,1,1.2915057665732477e-05
16199,فليدع,1,1.2915057665732477e-05
16200,ناديه,1,1.2915057665732477e-05
16201,سندع,1,1.2915057665732477e-05
16202,ٱلزبانية,1,1.2915057665732477e-05
16203,تطعه,1,1.2915057665732477e-05
16204,وٱسجد,1,1.2915057665732477e-05
16205,شهرٖ,1,1.2915057665732477e-05
16206,منفكين,1,1.2915057665732477e-05
16207,مطهرةٗ,1,1.2915057665732477e-05
16208,قيمةٞ,1,1.2915057665732477e-05
16209,تفرق,1,1.2915057665732477e-05
16210,ليعبدوا,1,1.2915057665732477e-05
16211,ويقيموا,1,1.2915057665732477e-05
16212,ويؤتوا,1,1.2915057665732477e-05
16213,زلزلت,1,1.2915057665732477e-05
16214,زلزالها,1,1.2915057665732477e-05
16215,وأخرجت,1,1.2915057665732477e-05
16216,أثقالها,1,1.2915057665732477e-05
16217,تحدث,1,1.2915057665732477e-05
16218,أخبارها,1,1.2915057665732477e-05
16219,ليروا,1,1.2915057665732477e-05
16220,ذرة,1,1.2915057665732477e-05
16221,وٱلعديت,1,1.2915057665732477e-05
16222,ضبحٗا,1,1.2915057665732477e-05
16223,فٱلموريت,1,1.2915057665732477e-05
16224,قدحٗا,1,1.2915057665732477e-05
16225,فٱلمغيرت,1,1.2915057665732477e-05
16226,صبحٗا,1,1.2915057665732477e-05
16227,فأثرن,1,1.2915057665732477e-05
16228,نقعٗا,1,1.2915057665732477e-05
16229,فوسطن,1,1.2915057665732477e-05
16230,جمعا,1,1.2915057665732477e-05
16231,لكنودٞ,1,1.2915057665732477e-05
16232,لشهيدٞ,1,1.2915057665732477e-05
16233,لحب,1,1.2915057665732477e-05
16234,بعثر,1,1.2915057665732477e-05
16235,وحصل,1,1.2915057665732477e-05
16236,كٱلفراش,1,1.2915057665732477e-05
16237,ٱلمبثوث,1,1.2915057665732477e-05
16238,ٱلمنفوش,1,1.2915057665732477e-05
16239,فأمه,1,1.2915057665732477e-05
16240,هاويةٞ,1,1.2915057665732477e-05
16241,هيه,1,1.2915057665732477e-05
16242,حامية,1,1.2915057665732477e-05
16243,ألهىكم,1,1.2915057665732477e-05
16244,ٱلتكاثر,1,1.2915057665732477e-05
16245,زرتم,1,1.2915057665732477e-05
16246,ٱلمقابر,1,1.2915057665732477e-05
16247,لترون,1,1.2915057665732477e-05
16248,لترونها,1,1.2915057665732477e-05
16249,وٱلعصر,1,1.2915057665732477e-05
16250,همزةٖ,1,1.2915057665732477e-05
16251,لمزة,1,1.2915057665732477e-05
16252,جمع,1,1.2915057665732477e-05
16253,وعدده,1,1.2915057665732477e-05
16254,يحسب,1,1.2915057665732477e-05
16255,أخلده,1,1.2915057665732477e-05
16256,لينبذن,1,1.2915057665732477e-05
16257,ٱلموقدة,1,1.2915057665732477e-05
16258,ٱلأفٔدة,1,1.2915057665732477e-05
16259,مؤصدةٞ,1,1.2915057665732477e-05
16260,ممددة,1,1.2915057665732477e-05
16261,بأصحب,1,1.2915057665732477e-05
16262,ٱلفيل,1,1.2915057665732477e-05
16263,تضليلٖ,1,1.2915057665732477e-05
16264,أبابيل,1,1.2915057665732477e-05
16265,ترميهم,1,1.2915057665732477e-05
16266,بحجارةٖ,1,1.2915057665732477e-05
16267,كعصفٖ,1,1.2915057665732477e-05
16268,مأكول,1,1.2915057665732477e-05
16269,لإيلف,1,1.2915057665732477e-05
16270,قريش,1,1.2915057665732477e-05
16271,إلفهم,1,1.2915057665732477e-05
16272,رحلة,1,1.2915057665732477e-05
16273,ٱلشتآء,1,1.2915057665732477e-05
16274,وٱلصيف,1,1.2915057665732477e-05
16275,فليعبدوا,1,1.2915057665732477e-05
16276,أطعمهم,1,1.2915057665732477e-05
16277,وءامنهم,1,1.2915057665732477e-05
16278,للمصلين,1,1.2915057665732477e-05
16279,ويمنعون,1,1.2915057665732477e-05
16280,ٱلماعون,1,1.2915057665732477e-05
16281,أعطينك,1,1.2915057665732477e-05
16282,ٱلكوثر,1,1.2915057665732477e-05
16283,وٱنحر,1,1.2915057665732477e-05
16284,شانئك,1,1.2915057665732477e-05
16285,ٱلأبتر,1,1.2915057665732477e-05
16286,عابدٞ,1,1.2915057665732477e-05
16287,عبدتم,1,1.2915057665732477e-05
16288,وٱلفتح,1,1.2915057665732477e-05
16289,ورأيت,1,1.2915057665732477e-05
16290,وٱستغفره,1,1.2915057665732477e-05
16291,توابا,1,1.2915057665732477e-05
16292,يدآ,1,1.2915057665732477e-05
16293,سيصلى,1,1.2915057665732477e-05
16294,حمالة,1,1.2915057665732477e-05
16295,ٱلحطب,1,1.2915057665732477e-05
16296,جيدها,1,1.2915057665732477e-05
16297,حبلٞ,1,1.2915057665732477e-05
16298,مسد,1,1.2915057665732477e-05
16299,ٱلصمد,1,1.2915057665732477e-05
16300,يلد,1,1.2915057665732477e-05
16301,يولد,1,1.2915057665732477e-05
16302,كفوا,1,1.2915057665732477e-05
16303,ٱلفلق,1,1.2915057665732477e-05
16304,غاسق,1,1.2915057665732477e-05
16305,وقب,1,1.2915057665732477e-05
16306,ٱلنفثت,1,1.2915057665732477e-05
16307,ٱلعقد,1,1.2915057665732477e-05
16308,حاسد,1,1.2915057665732477e-05
16309,حسد,1,1.2915057665732477e-05
16310,ٱلوسواس,1,1.2915057665732477e-05
16311,ٱلخناس,1,1.2915057665732477e-05
16312,يوسوس,1,1.2915057665732477e-05
