rank,word,frequency,relative_frequency
1,ca,25932,0.03293596462038291
2,na,19673,0.024986473545302826
3,paccayo,13887,0.017637734871327217
4,dhammo,13021,0.01653783724055244
5,uppajjati,12833,0.01629906038768216
6,paṭicca,12192,0.015484932926565958
7,tīṇi,10458,0.013282597485730543
8,dhammaṁ,10008,0.012711057146413393
9,ekaṁ,9941,0.012625961140337285
10,tattha,9526,0.01209887393852258
11,dhammā,9356,0.011882958699224991
12,tesaṁ,7460,0.009474868736235403
13,nava,7337,0.009318647710155383
14,hetupaccayā,6990,0.008877926604059715
15,dve,6176,0.007844073634717138
16,dhammassa,6142,0.00780089058685762
17,vā,6137,0.007794540138642985
18,āmantā,6043,0.007675151712207847
19,no,6024,0.007651020008992235
20,khandhā,5668,0.007198868096110224
21,atthi,5289,0.006717504121440891
22,saṅkhittaṁ,5222,0.006632408115364782
23,tassa,4975,0.006318695973561814
24,yassa,4562,0.005794148951032964
25,rūpaṁ,4225,0.005366128741366566
26,hoti,3773,0.004792048222763563
27,khandhe,3712,0.004714572754545016
28,avigate,3530,0.0044834164395323025
29,pana,3521,0.004471985632745959
30,ti,3403,0.004322115054880574
31,paccayā,3299,0.0041900257320161656
32,vattabbe,3293,0.004182405194158603
33,hetuyā,3220,0.004089688650224933
34,pañca,3181,0.00404015515415078
35,yattha,2994,0.0038026483909234313
36,uppajjissati,2932,0.0037239028330619574
37,ceva,2669,0.0033898692569721573
38,satta,2594,0.003294612533752632
39,khandhānaṁ,2524,0.0032057062587477424
40,hevaṁ,2506,0.0031828446451750564
41,siyā,2458,0.0031218803423145604
42,taṁ,2438,0.0030964785494560208
43,ye,2368,0.0030075722744511307
44,hetu,2336,0.0029669294058774667
45,cittaṁ,2290,0.002908505282302825
46,ārammaṇe,2203,0.002798007483368176
47,tayo,2138,0.002715451656577921
48,so,2138,0.002715451656577921
49,vedanāya,2107,0.0026760788776471842
50,samaye,2063,0.0026201949333583964
51,uppajjittha,1989,0.0025262082997817986
52,tato,1981,0.0025160475826383824
53,uppajjanti,1976,0.0025096971344237477
54,nahetu,1972,0.0025046167758520396
55,ārammaṇapaccayena,1877,0.0023839582597739747
56,paṭisandhikkhaṇe,1854,0.002354746197986654
57,puggalo,1836,0.002331884584413968
58,upapajjantānaṁ,1732,0.0021997952615495603
59,cattāri,1723,0.002188364454763217
60,tasmiṁ,1653,0.0020994581797583274
61,upanissayapaccayena,1639,0.0020816769247573494
62,vuccati,1548,0.0019660987672509927
63,cha,1520,0.0019305362572490366
64,nirujjhissati,1466,0.0018619514165309787
65,kusalā,1408,0.001788286217241213
66,ayaṁ,1402,0.001780665679383651
67,yo,1378,0.001750183527953403
68,atthipaccayena,1375,0.001746373259024622
69,dassanena,1367,0.001736212541881206
70,natthi,1331,0.001690489314735834
71,nahetuṁ,1317,0.0016727080597348561
72,adhipatiyā,1307,0.001660007163305586
73,cittassa,1305,0.001657466984019732
74,yaṁ,1300,0.0016511165358050971
75,cakkhāyatanaṁ,1286,0.0016333352808041192
76,khandhaṁ,1281,0.001626984832589484
77,vatthuṁ,1274,0.001618094205088995
78,rūpānaṁ,1273,0.0016168241154460683
79,jhānaṁ,1262,0.0016028531293738712
80,vipāke,1229,0.0015609401711572802
81,abyākato,1222,0.0015520495436567913
82,evaṁ,1218,0.0015469691850850834
83,hetupaccayena,1206,0.0015317281093699593
84,nahetupaccayā,1205,0.0015304580197270322
85,anantarapaccayena,1161,0.0014745740754382444
86,nirujjhati,1160,0.0014733039857953174
87,cakkhundriyaṁ,1158,0.0014707638065094635
88,sabbattha,1144,0.0014529825515084854
89,ime,1117,0.0014186901311494565
90,vedanākkhandho,1105,0.0014034490554343327
91,cittasamuṭṭhānaṁ,1105,0.0014034490554343327
92,kusalaṁ,1103,0.0014009088761484786
93,abyākatā,1101,0.0013983686968626246
94,idaṁ,1080,0.0013716968143611577
95,nabhāvanāya,1056,0.0013412146629309097
96,naārammaṇe,1045,0.0013272436768587126
97,kusalo,1038,0.0013183530493582236
98,akusalā,1021,0.0012967615254284646
99,katvā,1008,0.0012802503600704137
100,uppajjatīti,1003,0.0012738999118557788
101,adhipatipaccayena,999,0.0012688195532840707
102,parijānāti,987,0.0012535784775689468
103,nahetuyā,987,0.0012535784775689468
104,te,986,0.0012523083879260198
105,katame,965,0.001225636505424553
106,naadhipatiyā,959,0.001218015967566991
107,cetanā,958,0.001216745877924064
108,uppādakkhaṇe,952,0.001209125340066502
109,bhāvanāya,938,0.0011913440850655238
110,indriyā,935,0.001187533816136743
111,vatthu,928,0.001178643188636254
112,cavantānaṁ,918,0.001165942292206984
113,katamaṁ,916,0.00116340211292113
114,manindriyaṁ,901,0.001144350768277225
115,rūpāyatanaṁ,900,0.001143080678634298
116,novigate,899,0.001141810588991371
117,sampayuttakānaṁ,892,0.001132919961490882
118,asaññasattānaṁ,891,0.001131649871847955
119,akusalo,890,0.0011303797822050281
120,navippayutte,886,0.00112529942363332
121,kammapaccayena,883,0.0011214891547045391
122,kāmarāgānusayo,879,0.001116408796132831
123,avasesā,870,0.001104977989346488
124,sahajātapaccayena,870,0.001104977989346488
125,dhammehi,868,0.0011024378100606342
126,mahābhūte,864,0.001097357451488926
127,nirujjhittha,857,0.0010884668239884371
128,ṭhapetvā,856,0.00108719673434551
129,bhaṅgakkhaṇe,849,0.0010783061068450211
130,akusalaṁ,844,0.0010719556586303862
131,paṭighānusayo,836,0.0010617949414869702
132,nissaya,833,0.0010579846725581891
133,tena,832,0.0010567145829152621
134,napacchājāte,820,0.0010414735072001382
135,nevadassanena,819,0.0010402034175572112
136,avigatanti,816,0.0010363931486284301
137,nuppajjati,809,0.0010275025211279412
138,paññā,807,0.0010249623418420871
139,vedanā,805,0.0010224221625562333
140,garuṁ,804,0.0010211520729133062
141,nakamme,794,0.0010084511764840362
142,naāsevane,793,0.0010071810868411092
143,moho,792,0.0010059109971981822
144,napurejāte,790,0.0010033708179123283
145,jīvitindriyaṁ,785,0.0009970203696976932
146,hetuṁ,785,0.0009970203696976932
147,dhammāyatanaṁ,769,0.0009766989354108612
148,āsevane,768,0.0009754288457679343
149,uppajjissatīti,766,0.0009728886664820803
150,navipāke,765,0.0009716185768391533
151,ārabbha,751,0.0009538373218381754
152,hetussa,751,0.0009538373218381754
153,aññamaññe,744,0.0009449466943376863
154,sahajāta,741,0.0009411364254089053
155,pakatūpanissayo,741,0.0009411364254089053
156,dhātūhi,737,0.0009360560668371973
157,purimā,734,0.0009322457979084164
158,yā,728,0.0009246252600508544
159,paṭṭhānapakaraṇa,728,0.0009246252600508544
160,pahātabbahetuko,724,0.0009195449014791464
161,purisindriyaṁ,721,0.0009157346325503654
162,phasso,719,0.0009131944532645114
163,cittasamuṭṭhānañca,704,0.0008941431086206065
164,abyākataṁ,702,0.0008916029293347524
165,mānānusayo,700,0.0008890627500488985
166,dukkhāya,699,0.0008877926604059714
167,khandho,697,0.0008852524811201175
168,kamme,695,0.0008827123018342634
169,pacchimānaṁ,690,0.0008763618536196285
170,upanissaye,690,0.0008763618536196285
171,rūpakkhandho,689,0.0008750917639767015
172,nonatthiyā,689,0.0008750917639767015
173,upekkhindriyaṁ,688,0.0008738216743337745
174,pahātabbo,678,0.0008611207779045045
175,tipi,668,0.0008484198814752345
176,kāmadhātuyā,667,0.0008471497918323076
177,sahajātaṁ,667,0.0008471497918323076
178,yato,666,0.0008458797021893805
179,uppajjitthāti,664,0.0008433395229035265
180,eko,662,0.0008407993436176725
181,asaṅgahitā,662,0.0008407993436176725
182,katamo,660,0.0008382591643318185
183,viharati,659,0.0008369890746888916
184,manāyatanaṁ,656,0.0008331788057601105
185,ghānindriyaṁ,656,0.0008331788057601105
186,sabbesaṁ,656,0.0008331788057601105
187,sampayutto,655,0.0008319087161171836
188,somanassindriyaṁ,652,0.0008280984471884025
189,namagge,652,0.0008280984471884025
190,cittasamuṭṭhānānañca,649,0.0008242881782596215
191,vippayuttapaccayena,649,0.0008242881782596215
192,hetū,646,0.0008204779093308406
193,nakusalaṁ,646,0.0008204779093308406
194,sahajāte,645,0.0008192078196879135
195,nasampayutte,645,0.0008192078196879135
196,vicikicchānusayo,637,0.0008090471025444975
197,rūpadhātuyā,634,0.0008052368336157166
198,maggaṁ,631,0.0008014265646869356
199,itthindriyaṁ,630,0.0008001564750440086
200,anantare,625,0.0007938060268293737
201,arūpadhātuyā,624,0.0007925359371864466
202,kāmarāgānusayañca,621,0.0007887256682576657
203,rāgo,619,0.0007861854889718116
204,nissaye,611,0.0007760247718283956
205,saññākkhandho,606,0.0007696743236137607
206,najhāne,606,0.0007696743236137607
207,khandhehi,604,0.0007671341443279067
208,paṭighānusayañca,601,0.0007633238753991257
209,vata,600,0.0007620537857561987
210,āhāre,599,0.0007607836961132716
211,purejātapaccayena,592,0.0007518930686127827
212,sampayuttā,591,0.0007506229789698556
213,purejāte,590,0.0007493528893269287
214,re,589,0.0007480827996840017
215,nuppajjissati,589,0.0007480827996840017
216,purejātaṁ,585,0.0007430024411122937
217,indriye,583,0.0007404622618264398
218,vattabbaṁ,582,0.0007391921721835127
219,ghānāyatanaṁ,581,0.0007379220825405857
220,pacchimabhavikānaṁ,580,0.0007366519928976587
221,naupanissaye,578,0.0007341118136118047
222,nappajahati,578,0.0007341118136118047
223,viññāṇaṁ,574,0.0007290314550400967
224,yathā,574,0.0007290314550400967
225,ārammaṇādhipati,572,0.0007264912757542427
226,saññā,570,0.0007239510964683887
227,mahābhūtaṁ,564,0.0007163305586108268
228,naanantare,558,0.0007087100207532648
229,nanu,557,0.0007074399311103377
230,vipāko,555,0.0007048997518244838
231,hañci,553,0.0007023595725386297
232,ārammaṇapaccayā,550,0.0006985493036098488
233,sampayutte,550,0.0006985493036098488
234,dānaṁ,549,0.0006972792139669217
235,anusayā,548,0.0006960091243239948
236,kāyasaṅkhāro,547,0.0006947390346810678
237,katamā,545,0.0006921988553952137
238,nasamanantare,544,0.0006909287657522868
239,sukhāya,543,0.0006896586761093598
240,khandhañca,543,0.0006896586761093598
241,nakusalo,542,0.0006883885864664328
242,pahīno,540,0.0006858484071805788
243,arahato,539,0.0006845783175376518
244,vatthuñca,537,0.0006820381382517979
245,sahajātādhipati,537,0.0006820381382517979
246,puggalā,536,0.0006807680486088708
247,ñāṇaṁ,534,0.0006782278693230168
248,avijjānusayo,532,0.0006756876900371628
249,vacīsaṅkhāro,530,0.0006731475107513088
250,magge,522,0.0006629867936078928
251,vippayuttā,520,0.0006604466143220388
252,sīlaṁ,520,0.0006604466143220388
253,bhāveti,517,0.0006566363453932579
254,vedanāsu,517,0.0006566363453932579
255,nahetussa,517,0.0006566363453932579
256,sahetuko,516,0.0006553662557503309
257,dukkhasaccaṁ,515,0.0006540961661074038
258,sahajātā,513,0.0006515559868215499
259,bāhiraṁ,510,0.0006477457178927689
260,samanantare,509,0.0006464756282498419
261,atthiyā,504,0.0006401251800352069
262,pahātabbaṁ,501,0.0006363149111064259
263,saṅkhārakkhandho,493,0.0006261541939630099
264,itaresaṁ,493,0.0006261541939630099
265,upasampajja,489,0.0006210738353913019
266,arahā,486,0.0006172635664625209
267,assādeti,482,0.0006121832078908129
268,naaññamaññe,482,0.0006121832078908129
269,paññindriyaṁ,478,0.0006071028493191049
270,vitakko,476,0.000604562670033251
271,vattabbā,476,0.000604562670033251
272,jhāne,475,0.000603292580390324
273,terasa,475,0.000603292580390324
274,cittena,472,0.000599482311461543
275,anusenti,471,0.000598212221818616
276,upalabbhati,470,0.000596942132175689
277,maggassa,468,0.000594401952889835
278,cakkhuṁ,467,0.000593131863246908
279,abhinandati,466,0.000591861773603981
280,kāyassa,465,0.0005905916839610539
281,samudayasaccaṁ,465,0.0005905916839610539
282,viññāṇakkhandho,464,0.000589321594318127
283,naāhāre,463,0.0005880515046752
284,kehici,462,0.000586781415032273
285,katihi,461,0.0005855113253893459
286,cittasaṅkhāro,458,0.000581701056460565
287,nānuseti,458,0.000581701056460565
288,sattarasa,456,0.000579160877174711
289,arūpe,455,0.000577890787531784
290,saddhindriyaṁ,454,0.000576620697888857
291,ekādasa,451,0.000572810428960076
292,cittasamuṭṭhānānaṁ,447,0.000567730070388368
293,nadassanena,445,0.0005651898911025141
294,kati,445,0.0005651898911025141
295,mānānusayañca,445,0.0005651898911025141
296,pahātabbahetukaṁ,444,0.000563919801459587
297,upanissāya,442,0.000561379622173733
298,dukkhaṁ,440,0.000558839442887879
299,sampayuttakā,440,0.000558839442887879
300,niranusayo,440,0.000558839442887879
301,sampayuttaṁ,438,0.000556299263602025
302,cattāro,436,0.000553759084316171
303,indriya,436,0.000553759084316171
304,paccavekkhanti,436,0.000553759084316171
305,adukkhamasukhāya,434,0.0005512189050303171
306,domanassaṁ,433,0.0005499488153873901
307,parinibbāyissanti,433,0.0005499488153873901
308,yasmiṁ,430,0.0005461385464586091
309,kāmarāgānusayena,430,0.0005461385464586091
310,paṭighānusayena,430,0.0005461385464586091
311,paṭhamaṁ,429,0.0005448684568156821
312,dvinnaṁ,428,0.000543598367172755
313,mahābhūtā,427,0.000542328277529828
314,vitthāretabbaṁ,426,0.0005410581878869011
315,kaṭattārūpaṁ,425,0.0005397880982439741
316,vippayutte,425,0.0005397880982439741
317,naindriye,425,0.0005397880982439741
318,diṭṭhi,418,0.0005308974707434851
319,aññamañña,416,0.0005283572914576311
320,vipāka,413,0.0005245470225288501
321,nirujjhissatīti,413,0.0005245470225288501
322,nasanidassanasappaṭighaṁ,412,0.0005232769328859231
323,maggasaccaṁ,410,0.0005207367536000691
324,savitakkasavicāro,410,0.0005207367536000691
325,parinibbantānaṁ,410,0.0005207367536000691
326,kusalattika,408,0.0005181965743142151
327,bahiddhā,408,0.0005181965743142151
328,dvīsu,408,0.0005181965743142151
329,pacchājātapaccayena,407,0.0005169264846712881
330,appahīno,407,0.0005169264846712881
331,dhammānaṁ,404,0.0005131162157425071
332,sukhaṁ,400,0.0005080358571707991
333,naadhipatipaccayā,399,0.0005067657675278722
334,pacchājātaṁ,399,0.0005067657675278722
335,cakkhundriyañca,397,0.0005042255882420181
336,tiṇṇannaṁ,394,0.0005004153193132371
337,naārammaṇapaccayā,394,0.0005004153193132371
338,nibbānaṁ,391,0.0004966050503844562
339,imassa,390,0.0004953349607415291
340,suddha,390,0.0004953349607415291
341,puggalassa,389,0.0004940648710986021
342,aniccato,389,0.0004940648710986021
343,kāyāyatanaṁ,387,0.0004915246918127482
344,anuseti,387,0.0004915246918127482
345,avitakkavicāramatto,387,0.0004915246918127482
346,saṅkhyāvāra,384,0.00048771442288396714
347,pavatte,383,0.00048644433324104017
348,indriyaṁ,382,0.00048517424359811314
349,bhavarāgānusayo,381,0.00048390415395518617
350,cakkhāyatanañca,380,0.00048263406431225915
351,avikkhepo,377,0.0004788237953834782
352,ahetukaṁ,376,0.00047755370574055115
353,cakkhu,376,0.00047755370574055115
354,ekenāyatanena,376,0.00047755370574055115
355,vigate,376,0.00047755370574055115
356,anulomaṁ,374,0.00047501352645469715
357,kusalassa,372,0.00047247334716884315
358,noupādā,372,0.00047247334716884315
359,maggo,371,0.0004712032575259162
360,pajahati,371,0.0004712032575259162
361,kho,369,0.0004686630782400622
362,kabaḷīkāro,369,0.0004686630782400622
363,āhāro,369,0.0004686630782400622
364,sānusayo,366,0.0004648528093112812
365,āhārapaccayena,366,0.0004648528093112812
366,pacchājātā,366,0.0004648528093112812
367,diṭṭhānusayo,364,0.0004623126300254272
368,naakusalo,363,0.0004610425403825002
369,natthiyā,362,0.0004597724507395732
370,paccavekkhati,360,0.0004572322714537192
371,uppādeti,360,0.0004572322714537192
372,sabbe,357,0.0004534220025249382
373,nuppajjittha,356,0.0004521519128820112
374,vippayutta,354,0.0004496117335961572
375,vipākaṁ,352,0.0004470715543103032
376,rūpassa,352,0.0004470715543103032
377,abyākatassa,352,0.0004470715543103032
378,vibhaṅgavāra,352,0.0004470715543103032
379,apariyāpanne,351,0.0004458014646673762
380,adhipati,350,0.00044453137502444923
381,saṅgahitā,350,0.00044453137502444923
382,anantarūpanissayo,349,0.0004432612853815222
383,avitakkaavicāro,348,0.00044199119573859523
384,mānānusayena,347,0.00044072110609566826
385,parijānātīti,346,0.00043945101645274123
386,vuṭṭhahitvā,345,0.00043818092680981426
387,paṭilabhissanti,343,0.00043564074752396026
388,gaṇetabbaṁ,339,0.00043056038895225227
389,upapajjitvā,339,0.00043056038895225227
390,cakkhuviññāṇassa,338,0.00042929029930932524
391,phoṭṭhabbāyatanaṁ,333,0.00042293985109469027
392,indriyapaccayena,331,0.0004203996718088363
393,saṁsaṭṭho,327,0.0004153193132371283
394,uppannaṁ,326,0.00041404922359420125
395,saṅkhārā,325,0.0004127791339512743
396,kilese,324,0.0004115090443083473
397,dhātuyo,321,0.0004076987753795663
398,passati,319,0.0004051585960937123
399,bhagavatā,319,0.0004051585960937123
400,magga,319,0.0004051585960937123
401,hetuduka,317,0.0004026184168078583
402,vicikicchānusayañca,317,0.0004026184168078583
403,kāyaviññāṇassa,316,0.0004013483271649313
404,cittañca,314,0.0003988081478790773
405,ekāya,314,0.0003988081478790773
406,dhātuyā,314,0.0003988081478790773
407,ekena,313,0.0003975380582361503
408,aññātāvindriyaṁ,312,0.0003962679685932233
409,vicikicchānusayena,312,0.0003962679685932233
410,sotāyatanaṁ,311,0.0003949978789502963
411,kaṭattā,310,0.0003937277893073693
412,khandhena,308,0.0003911876100215153
413,kātabbaṁ,307,0.0003899175203785883
414,nānākkhaṇikā,307,0.0003899175203785883
415,ekavīsa,306,0.0003886474307356613
416,dhammānulomapaccanīya,305,0.0003873773410927343
417,anantarā,302,0.00038356707216395333
418,saddhā,297,0.00037721662394931836
419,vicikicchānusayaṁ,297,0.00037721662394931836
420,vippayuttapaccayā,296,0.00037594653430639134
421,aṭṭha,295,0.00037467644466346436
422,ariyā,295,0.00037467644466346436
423,anidassanaappaṭighaṁ,295,0.00037467644466346436
424,pajānāti,295,0.00037467644466346436
425,deti,295,0.00037467644466346436
426,lokuttaraṁ,294,0.00037340635502053734
427,atītaṁ,294,0.00037340635502053734
428,honti,293,0.00037213626537761037
429,pubbe,293,0.00037213626537761037
430,ārammaṇapurejātaṁ,291,0.00036959608609175637
431,kileso,290,0.00036832599644882934
432,āsavo,289,0.00036705590680590237
433,vatthupurejātaṁ,289,0.00036705590680590237
434,kāmāvacaraṁ,287,0.00036451572752004837
435,tīsu,287,0.00036451572752004837
436,avijjānusayaṁ,286,0.00036324563787712134
437,senāsanaṁ,285,0.0003619755482341944
438,kāmehi,284,0.00036070545859126735
439,vivicceva,283,0.0003594353689483404
440,upādā,282,0.0003581652793054134
441,nirujjhissanti,282,0.0003581652793054134
442,ārammaṇūpanissayo,281,0.0003568951896624864
443,nirujjhatīti,280,0.0003556251000195594
444,vicikicchāsahagato,279,0.0003543550103766324
445,atthīti,279,0.0003543550103766324
446,pahātabbahetukassa,279,0.0003543550103766324
447,kusalattike,279,0.0003543550103766324
448,pahīnā,277,0.0003518148310907784
449,paccayacatukka,277,0.0003518148310907784
450,vicāro,273,0.0003467344725190704
451,uddhaccasahagato,272,0.0003454643828761434
452,ahetuko,272,0.0003454643828761434
453,kātabbā,271,0.0003441942932332164
454,purejātassa,271,0.0003441942932332164
455,araṇo,270,0.0003429242035902894
456,bhūmīsu,269,0.0003416541139473624
457,neva,268,0.0003403840243044354
458,aññaṁ,266,0.0003378438450185814
459,phalassa,265,0.0003365737553756544
460,rūpāyatanañca,264,0.0003353036657327274
461,ārammaṇa,264,0.0003353036657327274
462,savitakkasavicārā,262,0.0003327634864468734
463,nirujjhanti,262,0.0003327634864468734
464,uposathakammaṁ,261,0.0003314933968039464
465,anidassanaappaṭigho,261,0.0003314933968039464
466,sveva,260,0.0003302233071610194
467,dasa,259,0.00032895321751809245
468,ettha,258,0.0003276831278751654
469,upekkhindriyañca,258,0.0003276831278751654
470,bhikkhu,257,0.00032641303823223845
471,vuttaṁ,256,0.00032514294858931143
472,āsevanapaccayena,255,0.00032387285894638446
473,hi,254,0.00032260276930345743
474,upādārūpaṁ,253,0.00032133267966053046
475,ahetukapaṭisandhikkhaṇe,253,0.00032133267966053046
476,nirujjhitthāti,253,0.00032133267966053046
477,maggā,252,0.00032006259001760343
478,bhikkhave,252,0.00032006259001760343
479,kaṭattārūpānaṁ,252,0.00032006259001760343
480,ajjhattaṁ,251,0.00031879250037467646
481,akusalassa,251,0.00031879250037467646
482,manindriyañca,248,0.00031498223144589544
483,avitakkavicāramattassa,248,0.00031498223144589544
484,sahajātavārampi,248,0.00031498223144589544
485,mūlaṁ,248,0.00031498223144589544
486,idha,247,0.00031371214180296846
487,ghānindriyañca,247,0.00031371214180296846
488,purisindriyañca,247,0.00031371214180296846
489,phalasamāpattiyā,247,0.00031371214180296846
490,cakkhunā,246,0.00031244205216004144
491,nanahetu,246,0.00031244205216004144
492,saccikaṭṭhaparamatthena,245,0.00031117196251711447
493,puggalānaṁ,245,0.00031117196251711447
494,parihāyati,245,0.00031117196251711447
495,idhekacco,244,0.00030990187287418744
496,rūpāvacarānaṁ,244,0.00030990187287418744
497,pahātabbā,243,0.00030863178323126047
498,kāyikaṁ,242,0.00030736169358833344
499,dhammāyatanañca,242,0.00030736169358833344
500,acakkhukānaṁ,242,0.00030736169358833344
501,nissayapaccayena,240,0.00030482151430247944
502,rūpāvacare,239,0.00030355142465955247
503,pañcavokāre,239,0.00030355142465955247
504,cetasikaṁ,238,0.0003022813350166255
505,mano,236,0.0002997411557307715
506,saccā,236,0.0002997411557307715
507,arūpānaṁ,235,0.0002984710660878445
508,kāmāvacarā,234,0.0002972009764449175
509,somanassindriyañca,234,0.0002972009764449175
510,pañhā,234,0.0002972009764449175
511,avijjānusayena,234,0.0002972009764449175
512,napurejātapaccayā,232,0.0002946607971590635
513,iminā,232,0.0002946607971590635
514,anupādinnupādāniyo,232,0.0002946607971590635
515,pahātabbahetukā,231,0.0002933907075161365
516,āsavā,231,0.0002933907075161365
517,niṭṭhitā,231,0.0002933907075161365
518,saṁsaṭṭhā,231,0.0002933907075161365
519,rūpāvacaraṁ,230,0.0002921206178732095
520,nāmaṁ,230,0.0002921206178732095
521,dukkhapaṭipadaṁ,229,0.0002908505282302825
522,sampayutta,229,0.0002908505282302825
523,niṭṭhitaṁ,228,0.0002895804385873555
524,sacakkhukānaṁ,228,0.0002895804385873555
525,nakammapaccayā,227,0.0002883103489444285
526,āvajjanāya,227,0.0002883103489444285
527,dandhābhiññaṁ,226,0.0002870402593015015
528,vicikicchāsahagate,226,0.0002870402593015015
529,nahetuñca,226,0.0002870402593015015
530,mānānusayaṁ,225,0.0002857701696585745
531,sammādiṭṭhi,224,0.0002845000800156475
532,āvaṭṭanā,223,0.0002832299903727205
533,catūhi,222,0.0002819599007297935
534,cakkhuviññāṇaṁ,222,0.0002819599007297935
535,kāmāvacare,222,0.0002819599007297935
536,karoti,222,0.0002819599007297935
537,uppajjissanti,222,0.0002819599007297935
538,āhāraṁ,221,0.0002806898110868665
539,samāpattiṁ,221,0.0002806898110868665
540,phalaṁ,220,0.0002794197214439395
541,kilesā,219,0.0002781496318010125
542,kathāvatthu,219,0.0002781496318010125
543,paṭighānusayaṁ,219,0.0002781496318010125
544,sati,217,0.00027560945251515855
545,jhānā,217,0.00027560945251515855
546,vicikicchā,216,0.0002743393628722315
547,ajjhattikaṁ,216,0.0002743393628722315
548,pacchājāte,216,0.0002743393628722315
549,nevavipākanavipākadhammadhammo,216,0.0002743393628722315
550,savitakkasavicārassa,216,0.0002743393628722315
551,pahātabbassa,216,0.0002743393628722315
552,nasukhāya,216,0.0002743393628722315
553,dasahāyatanehi,215,0.00027306927322930455
554,attheva,215,0.00027306927322930455
555,anāgataṁ,214,0.0002717991835863775
556,paccuppannaṁ,214,0.0002717991835863775
557,aññamaññapaccayena,214,0.0002717991835863775
558,appahīnā,214,0.0002717991835863775
559,pannarasa,213,0.00027052909394345055
560,kassaci,213,0.00027052909394345055
561,nasanidassanasappaṭigho,213,0.00027052909394345055
562,sahajātavārepi,213,0.00027052909394345055
563,domanassindriyaṁ,212,0.0002692590043005235
564,uddhaccasahagate,212,0.0002692590043005235
565,bhavarāgānusayaṁ,212,0.0002692590043005235
566,diṭṭhānusayañca,212,0.0002692590043005235
567,kenaci,211,0.00026798891465759655
568,upādāya,211,0.00026798891465759655
569,paritto,210,0.0002667188250146695
570,tāsaṁ,209,0.00026544873537174255
571,naabyākato,209,0.00026544873537174255
572,nuppajjatīti,208,0.00026417864572881553
573,pañhāvārepi,208,0.00026417864572881553
574,uddhaccaṁ,207,0.00026290855608588856
575,tehi,207,0.00026290855608588856
576,bhavarāgānusayena,207,0.00026290855608588856
577,suttantoti,206,0.00026163846644296153
578,paccayapaccanīya,206,0.00026163846644296153
579,sanidassanasappaṭigho,206,0.00026163846644296153
580,nānusenti,206,0.00026163846644296153
581,itthindriyañca,205,0.00026036837680003456
582,jīvitindriyañca,205,0.00026036837680003456
583,upekkhāya,205,0.00026036837680003456
584,āsavavippayutto,205,0.00026036837680003456
585,ghānāyatanañca,204,0.00025909828715710753
586,cā,204,0.00025909828715710753
587,utusamuṭṭhānaṁ,202,0.00025655810787125353
588,upekkhāsahagataṁ,201,0.00025528801822832656
589,aññindriyaṁ,201,0.00025528801822832656
590,sahajāto,201,0.00025528801822832656
591,aniyato,201,0.00025528801822832656
592,upādinnupādāniyo,201,0.00025528801822832656
593,savitakkasavicāraṁ,200,0.00025401792858539954
594,kāmarāgānusayaṁ,199,0.00025274783894247256
595,sotaṁ,198,0.00025147774929954554
596,añño,198,0.00025147774929954554
597,yathābhūtaṁ,198,0.00025147774929954554
598,saddaṁ,197,0.00025020765965661857
599,mahāpaṇṇāsaka,197,0.00025020765965661857
600,jhānassa,196,0.00024893757001369154
601,dhammapaccanīyānuloma,196,0.00024893757001369154
602,sahetukaṁ,194,0.0002463973907278376
603,parijānanti,194,0.0002463973907278376
604,vattabbo,193,0.00024512730108491057
605,vinā,193,0.00024512730108491057
606,ācayagāmī,193,0.00024512730108491057
607,avitakkaavicārassa,193,0.00024512730108491057
608,lobho,192,0.00024385721144198357
609,samudayo,192,0.00024385721144198357
610,itthīnaṁ,192,0.00024385721144198357
611,dibbena,191,0.00024258712179905657
612,dhātu,190,0.00024131703215612957
613,manāyatanañca,190,0.00024131703215612957
614,mohassa,190,0.00024131703215612957
615,abyākatañca,190,0.00024131703215612957
616,sahetukassa,190,0.00024131703215612957
617,kāyikassa,189,0.00024004694251320257
618,catutthaṁ,188,0.00023877685287027557
619,amoho,188,0.00023877685287027557
620,anaññātaññassāmītindriyaṁ,188,0.00023877685287027557
621,loke,187,0.00023750676322734858
622,araṇaṁ,187,0.00023750676322734858
623,kāmāvacarānaṁ,187,0.00023750676322734858
624,apacayagāmiṁ,185,0.00023496658394149458
625,kāyaviññāṇaṁ,185,0.00023496658394149458
626,tasseva,185,0.00023496658394149458
627,gantho,185,0.00023496658394149458
628,āhārasamuṭṭhānaṁ,185,0.00023496658394149458
629,gotrabhussa,185,0.00023496658394149458
630,sahetukā,184,0.0002336964942985676
631,paṭipanno,184,0.0002336964942985676
632,samannāgato,184,0.0002336964942985676
633,vīriyaṁ,183,0.0002324264046556406
634,avitakkaavicāraṁ,183,0.0002324264046556406
635,catūsu,183,0.0002324264046556406
636,vipākapaccayena,183,0.0002324264046556406
637,katattā,181,0.0002298862253697866
638,asaññasattā,181,0.0002298862253697866
639,nevācayagāmināpacayagāmī,181,0.0002298862253697866
640,dhamme,180,0.0002286161357268596
641,adhipatipaccayā,180,0.0002286161357268596
642,bhavarāgānusayañca,180,0.0002286161357268596
643,sukhassa,179,0.0002273460460839326
644,samāpannassa,179,0.0002273460460839326
645,maggādhipati,179,0.0002273460460839326
646,somanassena,179,0.0002273460460839326
647,avitakkavicāramattā,178,0.0002260759564410056
648,dhammesu,177,0.0002248058667980786
649,upādinnupādāniyaṁ,177,0.0002248058667980786
650,hotīti,177,0.0002248058667980786
651,naakusalaṁ,177,0.0002248058667980786
652,purisānaṁ,177,0.0002248058667980786
653,avitakkavicāramattaṁ,176,0.0002235357771551516
654,nissāya,176,0.0002235357771551516
655,saddhāya,175,0.00022226568751222461
656,diṭṭhiṁ,175,0.00022226568751222461
657,dukatikapaṭṭhānapāḷi,175,0.00022226568751222461
658,cetasiko,174,0.00022099559786929762
659,āsavasampayutto,174,0.00022099559786929762
660,vipassati,174,0.00022099559786929762
661,suddhāvāsānaṁ,174,0.00022099559786929762
662,vitthāro,173,0.00021972550822637062
663,mohaṁ,172,0.00021845541858344362
664,pītisahagato,172,0.00021845541858344362
665,avijjānusayañca,172,0.00021845541858344362
666,arūpino,171,0.00021718532894051662
667,upekkhā,171,0.00021718532894051662
668,pajahatīti,171,0.00021718532894051662
669,pañhāvāra,171,0.00021718532894051662
670,sampayuttavārampi,171,0.00021718532894051662
671,aghānakānaṁ,171,0.00021718532894051662
672,anāgāmī,170,0.00021591523929758962
673,paṇidhīti,170,0.00021591523929758962
674,paṭiccavārasadisaṁ,170,0.00021591523929758962
675,arūpāvacare,169,0.00021464514965466262
676,pañcavokārānaṁ,169,0.00021464514965466262
677,nappajahanti,169,0.00021464514965466262
678,upekkhāsahagatā,168,0.00021337506001173562
679,niyyānikaṁ,168,0.00021337506001173562
680,paccayānuloma,168,0.00021337506001173562
681,anāgataṁsañāṇassa,168,0.00021337506001173562
682,vitakkassa,168,0.00021337506001173562
683,nasaraṇaṁ,168,0.00021337506001173562
684,niranusayā,168,0.00021337506001173562
685,cutassa,167,0.00021210497036880862
686,anupādinnupādāniyassa,167,0.00021210497036880862
687,dhammapaccanīya,167,0.00021210497036880862
688,sampayuttassa,166,0.00021083488072588162
689,mānaṁ,165,0.00020956479108295462
690,saddhaṁ,165,0.00020956479108295462
691,paṭiccādivāra,165,0.00020956479108295462
692,rūpāvacarā,164,0.00020829470144002763
693,maggasaccañca,164,0.00020829470144002763
694,keci,164,0.00020829470144002763
695,noavigate,164,0.00020829470144002763
696,cakkaṁ,164,0.00020829470144002763
697,naabyākataṁ,164,0.00020829470144002763
698,sāsavā,163,0.00020702461179710063
699,arahantānaṁ,163,0.00020702461179710063
700,āhāra,163,0.00020702461179710063
701,jhāna,163,0.00020702461179710063
702,suṇāti,162,0.00020575452215417365
703,soḷasa,162,0.00020575452215417365
704,upalabbhatīti,162,0.00020575452215417365
705,vodānassa,162,0.00020575452215417365
706,saraṇo,162,0.00020575452215417365
707,arūpāvacarānaṁ,162,0.00020575452215417365
708,bhaṅgā,162,0.00020575452215417365
709,kāyo,161,0.00020448443251124666
710,vipākadhammadhammo,161,0.00020448443251124666
711,paccayānulomapaccanīya,161,0.00020448443251124666
712,manoviññāṇadhātu,160,0.00020321434286831966
713,paccayapaccanīyānuloma,160,0.00020321434286831966
714,vuṭṭhānassa,160,0.00020321434286831966
715,saṅkhāro,160,0.00020321434286831966
716,nappajahatīti,160,0.00020321434286831966
717,dibbāya,159,0.00020194425322539266
718,akusalañca,159,0.00020194425322539266
719,parittaṁ,158,0.00020067416358246566
720,pahānāya,158,0.00020067416358246566
721,dvīhi,158,0.00020067416358246566
722,nuppajjissatīti,158,0.00020067416358246566
723,nasaraṇo,158,0.00020067416358246566
724,kathañca,158,0.00020067416358246566
725,diṭṭhānusayena,158,0.00020067416358246566
726,upapajjantassa,158,0.00020067416358246566
727,vipākā,157,0.00019940407393953866
728,sotadhātuyā,157,0.00019940407393953866
729,yāva,157,0.00019940407393953866
730,aggamaggaṁ,157,0.00019940407393953866
731,samudayasaccañca,156,0.00019813398429661166
732,sāsavo,156,0.00019813398429661166
733,pātubhavanti,156,0.00019813398429661166
734,tikadukapaṭṭhānapāḷi,156,0.00019813398429661166
735,āhārā,155,0.00019686389465368466
736,doso,155,0.00019686389465368466
737,rasāyatanaṁ,155,0.00019686389465368466
738,paññāya,155,0.00019686389465368466
739,anupādinnaanupādāniyo,155,0.00019686389465368466
740,dhammadhātu,154,0.00019559380501075766
741,datvā,153,0.00019432371536783066
742,mahaggato,153,0.00019432371536783066
743,anattato,153,0.00019432371536783066
744,dukkhato,153,0.00019432371536783066
745,nevasekkhanāsekkho,153,0.00019432371536783066
746,sahajātavāropi,153,0.00019432371536783066
747,tīhi,152,0.00019305362572490366
748,anidassano,152,0.00019305362572490366
749,dutiyaṁ,151,0.00019178353608197666
750,saṅkhārapaccayā,151,0.00019178353608197666
751,jānāti,151,0.00019178353608197666
752,sānusayoti,151,0.00019178353608197666
753,pañcavokāraṁ,151,0.00019178353608197666
754,pattiyā,150,0.00019051344643904967
755,mahābhūtānaṁ,150,0.00019051344643904967
756,sotindriyaṁ,150,0.00019051344643904967
757,pītisahagatā,149,0.00018924335679612267
758,rūpūpapattiyā,149,0.00018924335679612267
759,dukkhasaccañca,149,0.00018924335679612267
760,naahetuko,149,0.00018924335679612267
761,parāmāso,148,0.00018797326715319567
762,anupādinnupādāniyaṁ,148,0.00018797326715319567
763,saraṇaṁ,148,0.00018797326715319567
764,aggamaggassa,148,0.00018797326715319567
765,paccanīyaṁ,147,0.00018670317751026867
766,nasahajāte,147,0.00018670317751026867
767,ekūnatiṁsa,147,0.00018670317751026867
768,imāni,146,0.00018543308786734167
769,aññāṇaṁ,146,0.00018543308786734167
770,phassapaccayā,146,0.00018543308786734167
771,navippayuttapaccayā,146,0.00018543308786734167
772,niranusayoti,146,0.00018543308786734167
773,indriyanti,145,0.00018416299822441467
774,naāsevanapaccayā,145,0.00018416299822441467
775,cetopariyañāṇassa,145,0.00018416299822441467
776,pubbenivāsānussatiñāṇassa,145,0.00018416299822441467
777,paccanīyuddhāra,145,0.00018416299822441467
778,bhavo,144,0.00018289290858148767
779,pañcahi,144,0.00018289290858148767
780,upanissaya,144,0.00018289290858148767
781,vipākānaṁ,144,0.00018289290858148767
782,vitthāretabbā,144,0.00018289290858148767
783,sampayuttavāropi,144,0.00018289290858148767
784,bhave,144,0.00018289290858148767
785,siyanti,144,0.00018289290858148767
786,saghānakānaṁ,144,0.00018289290858148767
787,bhūmiyā,143,0.00018162281893856067
788,citte,143,0.00018162281893856067
789,pañhāvāraṁ,143,0.00018162281893856067
790,upādānā,142,0.00018035272929563367
791,arūpāvacaraṁ,142,0.00018035272929563367
792,vedanaṁ,142,0.00018035272929563367
793,kusalānaṁ,142,0.00018035272929563367
794,taṇhā,142,0.00018035272929563367
795,vicikicchāsahagataṁ,142,0.00018035272929563367
796,eteneva,142,0.00018035272929563367
797,bhāvena,142,0.00018035272929563367
798,katici,142,0.00018035272929563367
799,dassetvā,142,0.00018035272929563367
800,anottappaṁ,141,0.0001790826396527067
801,saṅghaṁ,141,0.0001790826396527067
802,ganthā,140,0.0001778125500097797
803,saccikaṭṭhaparamatthenā,140,0.0001778125500097797
804,tatiyaṁ,139,0.0001765424603668527
805,akusalānaṁ,139,0.0001765424603668527
806,apacayagāmī,139,0.0001765424603668527
807,nīvaraṇā,138,0.0001752723707239257
808,vedanāpaccayā,138,0.0001752723707239257
809,upādinnupādāniyassa,138,0.0001752723707239257
810,sukhasahagatā,137,0.0001740022810809987
811,arūpāvacarā,137,0.0001740022810809987
812,dasavidhena,137,0.0001740022810809987
813,vitakkañca,137,0.0001740022810809987
814,diṭṭhigatānaṁ,136,0.0001727321914380717
815,paṭhamāya,136,0.0001727321914380717
816,upādinnaṁ,136,0.0001727321914380717
817,samannāgatoti,136,0.0001727321914380717
818,puthujjanā,136,0.0001727321914380717
819,sukhasahagato,136,0.0001727321914380717
820,noāsavo,136,0.0001727321914380717
821,nirodhasamāpannānaṁ,136,0.0001727321914380717
822,apariyāpannā,135,0.0001714621017951447
823,duvidhena,135,0.0001714621017951447
824,anusetīti,135,0.0001714621017951447
825,sanidassanattika,134,0.0001701920121522177
826,natthīti,134,0.0001701920121522177
827,āsavavippayuttaṁ,134,0.0001701920121522177
828,atītā,133,0.0001689219225092907
829,dhammavicayo,133,0.0001689219225092907
830,tika,133,0.0001689219225092907
831,tividhena,133,0.0001689219225092907
832,pahātabbahetukañca,133,0.0001689219225092907
833,jhānapaccayena,133,0.0001689219225092907
834,ekavidhena,132,0.0001676518328663637
835,dūre,132,0.0001676518328663637
836,ghānaṁ,132,0.0001676518328663637
837,māno,132,0.0001676518328663637
838,dukapaṭṭhānapāḷi,132,0.0001676518328663637
839,appamāṇaṁ,131,0.0001663817432234367
840,viññāṇapaccayā,131,0.0001663817432234367
841,mahaggataṁ,131,0.0001663817432234367
842,bhindati,131,0.0001663817432234367
843,kāyena,130,0.0001651116535805097
844,paraṁ,130,0.0001651116535805097
845,jarāmaraṇaṁ,130,0.0001651116535805097
846,evametassa,130,0.0001651116535805097
847,kevalassa,130,0.0001651116535805097
848,dukkhakkhandhassa,130,0.0001651116535805097
849,navipākapaccayā,130,0.0001651116535805097
850,patthanāya,130,0.0001651116535805097
851,vicārassa,130,0.0001651116535805097
852,bhagavato,129,0.0001638415639375827
853,asaṅkhatā,129,0.0001638415639375827
854,kammassa,129,0.0001638415639375827
855,anārammaṇaṁ,129,0.0001638415639375827
856,mohañca,129,0.0001638415639375827
857,sukhasahagataṁ,128,0.00016257147429465571
858,gandhāyatanaṁ,128,0.00016257147429465571
859,jahatīti,128,0.00016257147429465571
860,nanahetuṁ,128,0.00016257147429465571
861,uppannā,127,0.00016130138465172871
862,pahīnoti,127,0.00016130138465172871
863,cittassekaggatā,126,0.00016003129500880172
864,sappaṭigho,126,0.00016003129500880172
865,uddhaccasahagataṁ,126,0.00016003129500880172
866,purejāta,126,0.00016003129500880172
867,upapattikkhaṇe,126,0.00016003129500880172
868,aṭṭhārasa,125,0.00015876120536587472
869,vattamāne,125,0.00015876120536587472
870,samāpannānaṁ,125,0.00015876120536587472
871,cittasahabhū,125,0.00015876120536587472
872,pīti,124,0.00015749111572294772
873,sappaṭighaṁ,124,0.00015749111572294772
874,tāya,124,0.00015749111572294772
875,asaṅkhataṁ,124,0.00015749111572294772
876,sārammaṇo,124,0.00015749111572294772
877,pacchimacittassa,124,0.00015749111572294772
878,nuppajjitthāti,124,0.00015749111572294772
879,samādhindriyaṁ,123,0.00015622102608002072
880,anupādinno,123,0.00015622102608002072
881,aññepi,122,0.00015495093643709372
882,paṭiccasamuppannā,122,0.00015495093643709372
883,upādānaṁ,122,0.00015495093643709372
884,rāgaṁ,122,0.00015495093643709372
885,appahīnoti,122,0.00015495093643709372
886,dukkhassa,121,0.00015368084679416672
887,anupādinnaṁ,121,0.00015368084679416672
888,arūpaṁ,121,0.00015368084679416672
889,appamāṇo,121,0.00015368084679416672
890,jappeti,121,0.00015368084679416672
891,sekkho,121,0.00015368084679416672
892,naanidassanaappaṭigho,121,0.00015368084679416672
893,samādhi,120,0.00015241075715123972
894,kusalañca,120,0.00015241075715123972
895,suciṇṇāni,120,0.00015241075715123972
896,nissayavāropi,120,0.00015241075715123972
897,nocitto,120,0.00015241075715123972
898,sammāvāyāmo,119,0.00015114066750831275
899,tiṁsa,119,0.00015114066750831275
900,bāhiro,119,0.00015114066750831275
901,gaṇhāti,119,0.00015114066750831275
902,āpodhātu,118,0.00014987057786538575
903,catunnaṁ,118,0.00014987057786538575
904,hetusampayutto,118,0.00014987057786538575
905,maggapaccayena,118,0.00014987057786538575
906,lokiyo,118,0.00014987057786538575
907,sampayuttapaccayena,118,0.00014987057786538575
908,nanissaye,118,0.00014987057786538575
909,upekkhāsahagato,118,0.00014987057786538575
910,sampayuttakānañca,118,0.00014987057786538575
911,avijjā,117,0.00014860048822245875
912,sammāsamādhi,117,0.00014860048822245875
913,sātaṁ,117,0.00014860048822245875
914,maggaṅgaṁ,117,0.00014860048822245875
915,saddāyatanaṁ,117,0.00014860048822245875
916,anāgāmissa,117,0.00014860048822245875
917,kamma,117,0.00014860048822245875
918,parikammaṁ,117,0.00014860048822245875
919,naanidassanasappaṭigho,117,0.00014860048822245875
920,anulomampi,117,0.00014860048822245875
921,kāmāvacaro,117,0.00014860048822245875
922,chaṭṭhāyatanapaccayā,117,0.00014860048822245875
923,nānusetīti,117,0.00014860048822245875
924,pathavīkasiṇaṁ,116,0.00014733039857953175
925,anidassanaṁ,116,0.00014733039857953175
926,kiriyābyākataṁ,116,0.00014733039857953175
927,puthujjanassa,116,0.00014733039857953175
928,uppajjantīti,116,0.00014733039857953175
929,cittasampayutto,116,0.00014733039857953175
930,maggārammaṇo,116,0.00014733039857953175
931,catuvīsa,116,0.00014733039857953175
932,upapajjantīnaṁ,116,0.00014733039857953175
933,suddhāvāsaṁ,116,0.00014733039857953175
934,ahetukā,115,0.00014606030893660475
935,vīriyindriyaṁ,115,0.00014606030893660475
936,sekkhā,114,0.00014479021929367775
937,santike,114,0.00014479021929367775
938,cakkhudhātu,114,0.00014479021929367775
939,sotāpanno,114,0.00014479021929367775
940,ekadesaṁ,114,0.00014479021929367775
941,sārammaṇaṁ,114,0.00014479021929367775
942,cetopariyañāṇena,114,0.00014479021929367775
943,pacchimassa,114,0.00014479021929367775
944,maggahetuko,114,0.00014479021929367775
945,saññojanasampayutto,114,0.00014479021929367775
946,me,113,0.00014352012965075076
947,ganthasampayutto,113,0.00014352012965075076
948,dvīhāyatanehi,113,0.00014352012965075076
949,ajjhatto,113,0.00014352012965075076
950,nevavipākanavipākadhammadhammaṁ,112,0.00014225004000782376
951,upacayo,112,0.00014225004000782376
952,rūpāvacaro,112,0.00014225004000782376
953,aniyatassa,112,0.00014225004000782376
954,paṭiccavārasadisā,112,0.00014225004000782376
955,pañhāvārassa,112,0.00014225004000782376
956,pajānanā,111,0.00014097995036489676
957,jāti,111,0.00014097995036489676
958,arūpī,111,0.00014097995036489676
959,hutvā,111,0.00014097995036489676
960,adoso,110,0.00013970986072196976
961,iti,110,0.00013970986072196976
962,soḷasahi,110,0.00013970986072196976
963,sahajātapaccayā,110,0.00013970986072196976
964,tikatikapaṭṭhānapāḷi,110,0.00013970986072196976
965,saññojano,110,0.00013970986072196976
966,hīnaṁ,109,0.00013843977107904276
967,pītisahagataṁ,109,0.00013843977107904276
968,puthujjano,109,0.00013843977107904276
969,āyatanehi,109,0.00013843977107904276
970,savitakko,109,0.00013843977107904276
971,lokuttaro,109,0.00013843977107904276
972,cakkhundriyanti,109,0.00013843977107904276
973,rūpe,108,0.00013716968143611576
974,vatthussa,108,0.00013716968143611576
975,alobho,107,0.00013589959179318876
976,appaṭighaṁ,107,0.00013589959179318876
977,avijjāpaccayā,107,0.00013589959179318876
978,taṇhāya,107,0.00013589959179318876
979,avitakko,107,0.00013589959179318876
980,noatthiyā,107,0.00013589959179318876
981,gaṇitaṁ,107,0.00013589959179318876
982,cittasamuṭṭhāno,107,0.00013589959179318876
983,manasi,106,0.00013462950215026176
984,pāṇaṁ,106,0.00013462950215026176
985,ajjhattiko,106,0.00013462950215026176
986,paccanīyānulomaṁ,106,0.00013462950215026176
987,indriyañceva,106,0.00013462950215026176
988,patthanā,105,0.00013335941250733476
989,tathā,105,0.00013335941250733476
990,kammaṁ,105,0.00013335941250733476
991,paccanīyampi,105,0.00013335941250733476
992,chaṭṭhāyatanaṁ,105,0.00013335941250733476
993,bāhirā,104,0.00013208932286440776
994,sukhapaṭipadaṁ,104,0.00013208932286440776
995,paṇītaṁ,104,0.00013208932286440776
996,āsavānaṁ,104,0.00013208932286440776
997,sakadāgāmī,104,0.00013208932286440776
998,samanantarapaccayena,104,0.00013208932286440776
999,sukhasahagatassa,104,0.00013208932286440776
1000,asaṅkiliṭṭhasaṅkilesiko,104,0.00013208932286440776
1001,pītisahagatassa,104,0.00013208932286440776
1002,anulomapaccanīyampi,104,0.00013208932286440776
1003,paccanīyānulomampi,104,0.00013208932286440776
1004,aggamaggasamaṅgī,104,0.00013208932286440776
1005,lokiyaṁ,103,0.00013081923322148077
1006,anulomapaccanīyaṁ,103,0.00013081923322148077
1007,nīvaraṇo,103,0.00013081923322148077
1008,ekā,102,0.00012954914357855377
1009,ākiñcaññāyatanaṁ,102,0.00012954914357855377
1010,parittārammaṇaṁ,102,0.00012954914357855377
1011,maggapariyāpannaṁ,102,0.00012954914357855377
1012,kāyindriyaṁ,102,0.00012954914357855377
1013,jātipaccayā,102,0.00012954914357855377
1014,nirujjhissantīti,102,0.00012954914357855377
1015,paññaṁ,102,0.00012954914357855377
1016,purejātapaccayā,102,0.00012954914357855377
1017,anulomapuggala,102,0.00012954914357855377
1018,vedayitaṁ,101,0.00012827905393562677
1019,khippābhiññaṁ,101,0.00012827905393562677
1020,sabbaṁ,101,0.00012827905393562677
1021,sattā,101,0.00012827905393562677
1022,micchā,101,0.00012827905393562677
1023,napacchājātapaccayā,101,0.00012827905393562677
1024,rūpañca,100,0.00012700896429269977
1025,mānasaṁ,100,0.00012700896429269977
1026,samuṭṭhitaṁ,100,0.00012700896429269977
1027,avigatapaccayā,100,0.00012700896429269977
1028,patthanaṁ,100,0.00012700896429269977
1029,saṁsaṭṭhavāropi,100,0.00012700896429269977
1030,āsavaṁ,100,0.00012700896429269977
1031,bhāvittha,100,0.00012700896429269977
1032,saraṇaduka,99,0.00012573887464977277
1033,vadesi,99,0.00012573887464977277
1034,vipākadhammadhammaṁ,99,0.00012573887464977277
1035,nadukkhāya,99,0.00012573887464977277
1036,naadukkhamasukhāya,99,0.00012573887464977277
1037,upādāno,99,0.00012573887464977277
1038,pañcavokārā,99,0.00012573887464977277
1039,sammāsati,98,0.00012446878500684577
1040,anidassanasappaṭighaṁ,98,0.00012446878500684577
1041,saccāni,98,0.00012446878500684577
1042,devānaṁ,98,0.00012446878500684577
1043,upādānasampayutto,98,0.00012446878500684577
1044,aññātāvindriyañca,97,0.0001231986953639188
1045,anārammaṇo,97,0.0001231986953639188
1046,naanantarapaccayā,97,0.0001231986953639188
1047,iddhividhañāṇassa,97,0.0001231986953639188
1048,nano,97,0.0001231986953639188
1049,vipākato,96,0.00012192860572099179
1050,dutiye,96,0.00012192860572099179
1051,dasāyatanā,96,0.00012192860572099179
1052,tiṇṇaṁ,96,0.00012192860572099179
1053,paccayavāropi,96,0.00012192860572099179
1054,majjhimaṁ,95,0.00012065851607806479
1055,sattānaṁ,95,0.00012065851607806479
1056,saddhindriyañca,95,0.00012065851607806479
1057,bhojanaṁ,95,0.00012065851607806479
1058,anantara,95,0.00012065851607806479
1059,ajjhattārammaṇo,95,0.00012065851607806479
1060,anidassanasappaṭigho,95,0.00012065851607806479
1061,viññeyyo,95,0.00012065851607806479
1062,kāyakammaṁ,94,0.00011938842643513779
1063,bhavapaccayā,94,0.00011938842643513779
1064,vodānaṁ,94,0.00011938842643513779
1065,aññamaññapaccayā,94,0.00011938842643513779
1066,appaṭigho,94,0.00011938842643513779
1067,itthiyo,94,0.00011938842643513779
1068,sānusayā,94,0.00011938842643513779
1069,vitakkavicārānaṁ,93,0.00011811833679221079
1070,aniyataṁ,93,0.00011811833679221079
1071,sā,93,0.00011811833679221079
1072,vicikicchāsahagatā,93,0.00011811833679221079
1073,yathākammūpagañāṇassa,93,0.00011811833679221079
1074,arūpāvacaro,93,0.00011811833679221079
1075,satindriyaṁ,92,0.0001168482471492838
1076,oḷārikaṁ,92,0.0001168482471492838
1077,tisso,92,0.0001168482471492838
1078,pahīne,92,0.0001168482471492838
1079,vipākassa,92,0.0001168482471492838
1080,savipāka,92,0.0001168482471492838
1081,ganthavippayutto,92,0.0001168482471492838
1082,veramaṇī,91,0.0001155781575063568
1083,sabbañca,91,0.0001155781575063568
1084,najhānapaccayā,91,0.0001155781575063568
1085,nasahetuko,91,0.0001155781575063568
1086,saññojanavippayutto,91,0.0001155781575063568
1087,phassasampayutto,91,0.0001155781575063568
1088,nāmapaccayā,91,0.0001155781575063568
1089,avitakkaavicārā,90,0.0001143080678634298
1090,kāyaṁ,90,0.0001143080678634298
1091,bojjhaṅgā,90,0.0001143080678634298
1092,cuddasa,90,0.0001143080678634298
1093,tiṭṭhati,90,0.0001143080678634298
1094,uddhaccasahagatā,90,0.0001143080678634298
1095,atītārammaṇo,90,0.0001143080678634298
1096,ākāsānañcāyatanaṁ,89,0.0001130379782205028
1097,attānaṁ,89,0.0001130379782205028
1098,nirodhasaccaṁ,89,0.0001130379782205028
1099,arahattāti,89,0.0001130379782205028
1100,pañhāvārampi,89,0.0001130379782205028
1101,nocittaṁ,89,0.0001130379782205028
1102,āsavasampayuttā,88,0.0001117678885775758
1103,manodhātu,88,0.0001117678885775758
1104,sasaṅkhārena,88,0.0001117678885775758
1105,ekādasahāyatanehi,88,0.0001117678885775758
1106,nupalabbhati,88,0.0001117678885775758
1107,phoṭṭhabbe,88,0.0001117678885775758
1108,micchattaniyato,88,0.0001117678885775758
1109,jānanti,88,0.0001117678885775758
1110,purimo,88,0.0001117678885775758
1111,pahātabbañca,88,0.0001117678885775758
1112,upādānavippayutto,88,0.0001117678885775758
1113,vuccanti,88,0.0001117678885775758
1114,anulomaokāsa,88,0.0001117678885775758
1115,anulomapuggalokāsa,88,0.0001117678885775758
1116,anupādinnaanupādāniyā,87,0.00011049779893464881
1117,appamāṇārammaṇaṁ,87,0.00011049779893464881
1118,tathāgato,87,0.00011049779893464881
1119,nibbānañca,87,0.00011049779893464881
1120,khandhato,87,0.00011049779893464881
1121,paññindriyañca,87,0.00011049779893464881
1122,nasamanantarapaccayā,87,0.00011049779893464881
1123,nocittasamuṭṭhāno,87,0.00011049779893464881
1124,saṅkiliṭṭho,87,0.00011049779893464881
1125,atthapaṭisambhidā,87,0.00011049779893464881
1126,catuvokārānaṁ,87,0.00011049779893464881
1127,katamāni,86,0.00010922770929172181
1128,suññataṁ,86,0.00010922770929172181
1129,lokuttarassa,86,0.00010922770929172181
1130,viññeyyaṁ,86,0.00010922770929172181
1131,āyatanā,86,0.00010922770929172181
1132,attā,86,0.00010922770929172181
1133,uppajjissantīti,86,0.00010922770929172181
1134,hanati,86,0.00010922770929172181
1135,diṭṭhānusayaṁ,86,0.00010922770929172181
1136,ahirikaṁ,85,0.00010795761964879481
1137,sattahi,85,0.00010795761964879481
1138,hotī,85,0.00010795761964879481
1139,rāgassa,85,0.00010795761964879481
1140,asekkho,85,0.00010795761964879481
1141,naaraṇo,85,0.00010795761964879481
1142,naanāsavo,85,0.00010795761964879481
1143,āsavassa,85,0.00010795761964879481
1144,tesaññeva,85,0.00010795761964879481
1145,ajjhattikā,84,0.00010668753000586781
1146,rūpajīvitindriyaṁ,84,0.00010668753000586781
1147,parittassa,84,0.00010668753000586781
1148,acetasiko,84,0.00010668753000586781
1149,asaññasatte,84,0.00010668753000586781
1150,parijānittha,84,0.00010668753000586781
1151,upādinnupādāniyā,83,0.00010541744036294081
1152,aṭṭhamakassa,83,0.00010541744036294081
1153,tikapaṭṭhānapāḷi,83,0.00010541744036294081
1154,namaggapaccayā,83,0.00010541744036294081
1155,nevavipākanavipākadhammadhammassa,83,0.00010541744036294081
1156,sahetukañca,83,0.00010541744036294081
1157,upādinno,83,0.00010541744036294081
1158,sahetukānaṁ,83,0.00010541744036294081
1159,paccanīkapuggala,83,0.00010541744036294081
1160,paccanīkaokāsa,83,0.00010541744036294081
1161,paccanīkapuggalokāsa,83,0.00010541744036294081
1162,lokaṁ,82,0.00010414735072001381
1163,sammattaniyato,82,0.00010414735072001381
1164,tathāgatabalaṁ,82,0.00010414735072001381
1165,bahiddhārammaṇo,82,0.00010414735072001381
1166,avitakkaavicārañca,82,0.00010414735072001381
1167,nahetū,82,0.00010414735072001381
1168,nīvaraṇasampayutto,82,0.00010414735072001381
1169,purisā,82,0.00010414735072001381
1170,sammāsaṅkappo,81,0.00010287726107708683
1171,cetosamphassajaṁ,81,0.00010287726107708683
1172,cetosamphassajā,81,0.00010287726107708683
1173,tajjāmanoviññāṇadhātu,81,0.00010287726107708683
1174,dvādasa,81,0.00010287726107708683
1175,vikkhambhite,81,0.00010287726107708683
1176,upapatticittassa,81,0.00010287726107708683
1177,maggārammaṇassa,81,0.00010287726107708683
1178,saṅkiliṭṭhasaṅkilesiko,81,0.00010287726107708683
1179,sampayuttake,81,0.00010287726107708683
1180,pacchimacittasamaṅgīnaṁ,81,0.00010287726107708683
1181,hetusampayuttā,80,0.00010160717143415983
1182,nevasaññānāsaññāyatanaṁ,80,0.00010160717143415983
1183,arūpadhātuṁ,80,0.00010160717143415983
1184,jahati,80,0.00010160717143415983
1185,rūpadhātuṁ,80,0.00010160717143415983
1186,vipākapaccayā,80,0.00010160717143415983
1187,maggādhipatissa,80,0.00010160717143415983
1188,anidassanaappaṭighassa,80,0.00010160717143415983
1189,nokileso,80,0.00010160717143415983
1190,anāgāmimaggasamaṅgī,80,0.00010160717143415983
1191,khaṇaṁ,80,0.00010160717143415983
1192,panaññampi,79,0.00010033708179123283
1193,koci,79,0.00010033708179123283
1194,nirujjhantīti,79,0.00010033708179123283
1195,uppannassa,79,0.00010033708179123283
1196,avipāka,79,0.00010033708179123283
1197,araṇassa,79,0.00010033708179123283
1198,āsavavippayuttassa,79,0.00010033708179123283
1199,lokiyā,78,9.906699214830583e-05
1200,upādānasampayuttā,78,9.906699214830583e-05
1201,paṭipadā,78,9.906699214830583e-05
1202,phusitvā,78,9.906699214830583e-05
1203,uppanno,78,9.906699214830583e-05
1204,adhimokkho,78,9.906699214830583e-05
1205,anāsavo,78,9.906699214830583e-05
1206,anāsavaṁ,78,9.906699214830583e-05
1207,nevasaññānāsaññāyatanassa,78,9.906699214830583e-05
1208,asuci,78,9.906699214830583e-05
1209,kammapaccayā,78,9.906699214830583e-05
1210,naaññamaññapaccayā,78,9.906699214830583e-05
1211,ācayagāmiṁ,78,9.906699214830583e-05
1212,nogantho,78,9.906699214830583e-05
1213,ṭhiti,77,9.779690250537883e-05
1214,nevasekkhanāsekkhaṁ,77,9.779690250537883e-05
1215,pasādo,77,9.779690250537883e-05
1216,khandhasaṅgahena,77,9.779690250537883e-05
1217,āyatanasaṅgahena,77,9.779690250537883e-05
1218,dhātusaṅgahena,77,9.779690250537883e-05
1219,nahetuduka,77,9.779690250537883e-05
1220,āvajjanā,77,9.779690250537883e-05
1221,parittārammaṇo,77,9.779690250537883e-05
1222,asaṅkiliṭṭhaasaṅkilesiko,77,9.779690250537883e-05
1223,noupādāno,77,9.779690250537883e-05
1224,jivhāyatanaṁ,76,9.652681286245183e-05
1225,ahetuke,76,9.652681286245183e-05
1226,savitakkasavicāre,76,9.652681286245183e-05
1227,ahetukassa,76,9.652681286245183e-05
1228,sāsavaṁ,75,9.525672321952483e-05
1229,devesu,75,9.525672321952483e-05
1230,bhāvetīti,75,9.525672321952483e-05
1231,āsevanapaccayā,75,9.525672321952483e-05
1232,nevācayagāmināpacayagāmiṁ,75,9.525672321952483e-05
1233,sekkhaṁ,75,9.525672321952483e-05
1234,taṁsampayuttakānañca,75,9.525672321952483e-05
1235,paccayānulomādi,75,9.525672321952483e-05
1236,narūpāvacaro,75,9.525672321952483e-05
1237,itare,75,9.525672321952483e-05
1238,āsavasampayuttassa,75,9.525672321952483e-05
1239,savitakkaṁ,74,9.398663357659783e-05
1240,diṭṭhigataṁ,74,9.398663357659783e-05
1241,loko,74,9.398663357659783e-05
1242,sotāyatanañca,74,9.398663357659783e-05
1243,atīto,74,9.398663357659783e-05
1244,abhiññaṁ,74,9.398663357659783e-05
1245,anupādinnupādāniyā,73,9.271654393367083e-05
1246,mahaggatā,73,9.271654393367083e-05
1247,anāgatā,73,9.271654393367083e-05
1248,ganthasampayuttā,73,9.271654393367083e-05
1249,sārāgo,73,9.271654393367083e-05
1250,jivhā,73,9.271654393367083e-05
1251,nīvaraṇaṁ,73,9.271654393367083e-05
1252,chandaṁ,73,9.271654393367083e-05
1253,sampayuttena,73,9.271654393367083e-05
1254,dasahi,73,9.271654393367083e-05
1255,aññātāvindriyanti,73,9.271654393367083e-05
1256,pañcannaṁ,73,9.271654393367083e-05
1257,seyyathāpi,73,9.271654393367083e-05
1258,kātabbo,73,9.271654393367083e-05
1259,sampayuttavāra,73,9.271654393367083e-05
1260,naadhipati,73,9.271654393367083e-05
1261,nasahetukaṁ,73,9.271654393367083e-05
1262,anupādinnassa,73,9.271654393367083e-05
1263,aññātāvī,73,9.271654393367083e-05
1264,vipākadhammadhammā,72,9.144645429074384e-05
1265,nīvaraṇasampayuttā,72,9.144645429074384e-05
1266,sārammaṇā,72,9.144645429074384e-05
1267,saṅkiliṭṭhā,72,9.144645429074384e-05
1268,adukkhamasukhaṁ,72,9.144645429074384e-05
1269,chandādhipateyyaṁ,72,9.144645429074384e-05
1270,āyatanaṁ,72,9.144645429074384e-05
1271,sakkāyadiṭṭhi,72,9.144645429074384e-05
1272,catutthassa,72,9.144645429074384e-05
1273,dvādasahāyatanehi,72,9.144645429074384e-05
1274,karotīti,72,9.144645429074384e-05
1275,kāmadhātuṁ,72,9.144645429074384e-05
1276,cittan,72,9.144645429074384e-05
1277,samudāciṇṇe,72,9.144645429074384e-05
1278,avigatapaccayena,72,9.144645429074384e-05
1279,naaraṇaṁ,72,9.144645429074384e-05
1280,dukadukapaṭṭhānapāḷi,72,9.144645429074384e-05
1281,apāhaṁ,72,9.144645429074384e-05
1282,aṭṭhamakañca,72,9.144645429074384e-05
1283,catukka,71,9.017636464781684e-05
1284,avijjānīvaraṇaṁ,71,9.017636464781684e-05
1285,nāmarūpaṁ,71,9.017636464781684e-05
1286,saccikaṭṭhaparamatthenāti,71,9.017636464781684e-05
1287,anāgatārammaṇo,71,9.017636464781684e-05
1288,nakenaci,71,9.017636464781684e-05
1289,savitakkā,70,8.890627500488985e-05
1290,samādiyitvā,70,8.890627500488985e-05
1291,jīvitā,70,8.890627500488985e-05
1292,rase,70,8.890627500488985e-05
1293,dhammāti,70,8.890627500488985e-05
1294,pahātabbahetuke,70,8.890627500488985e-05
1295,mahaggatārammaṇo,70,8.890627500488985e-05
1296,noāsavaṁ,70,8.890627500488985e-05
1297,gaṇanāpi,70,8.890627500488985e-05
1298,sacittakānaṁ,70,8.890627500488985e-05
1299,vūpasamā,69,8.763618536196285e-05
1300,pahānā,69,8.763618536196285e-05
1301,tāni,69,8.763618536196285e-05
1302,rūpī,69,8.763618536196285e-05
1303,vacīkammaṁ,69,8.763618536196285e-05
1304,nirujjhamānaṁ,69,8.763618536196285e-05
1305,paccuppannārammaṇo,69,8.763618536196285e-05
1306,aniyatā,68,8.636609571903585e-05
1307,saṅkilesikā,68,8.636609571903585e-05
1308,panārabbha,68,8.636609571903585e-05
1309,jīvitaṁ,68,8.636609571903585e-05
1310,vitakkaṁ,68,8.636609571903585e-05
1311,imaṁ,68,8.636609571903585e-05
1312,tañca,68,8.636609571903585e-05
1313,naupanissayapaccayā,68,8.636609571903585e-05
1314,pahātabbe,68,8.636609571903585e-05
1315,cittasaṁsaṭṭhasamuṭṭhāno,68,8.636609571903585e-05
1316,ajjhattikassa,68,8.636609571903585e-05
1317,parāmāsavippayutto,68,8.636609571903585e-05
1318,suddhāvāse,68,8.636609571903585e-05
1319,assāsapassāsānaṁ,68,8.636609571903585e-05
1320,maggasamaṅgīnaṁ,68,8.636609571903585e-05
1321,sabbaso,67,8.509600607610885e-05
1322,janeti,67,8.509600607610885e-05
1323,naāhārapaccayā,67,8.509600607610885e-05
1324,gotrabhu,67,8.509600607610885e-05
1325,vipassanaṁ,67,8.509600607610885e-05
1326,maggārammaṇaṁ,67,8.509600607610885e-05
1327,nakāmāvacaro,67,8.509600607610885e-05
1328,parāmāsassa,67,8.509600607610885e-05
1329,asaññasattaṁ,67,8.509600607610885e-05
1330,assāsapassāsehi,67,8.509600607610885e-05
1331,maggārammaṇā,66,8.382591643318186e-05
1332,cittasamuṭṭhānā,66,8.382591643318186e-05
1333,sukhā,66,8.382591643318186e-05
1334,rūpadhātu,66,8.382591643318186e-05
1335,ārabhati,66,8.382591643318186e-05
1336,sattarasahi,66,8.382591643318186e-05
1337,aññindriyañca,66,8.382591643318186e-05
1338,aṭṭhamako,66,8.382591643318186e-05
1339,bhavissanti,66,8.382591643318186e-05
1340,pañcavīsa,66,8.382591643318186e-05
1341,anupādinnaanupādāniyaṁ,66,8.382591643318186e-05
1342,asaṅkiliṭṭhasaṅkilesikassa,66,8.382591643318186e-05
1343,avitakkavicāramattañca,66,8.382591643318186e-05
1344,dhātū,66,8.382591643318186e-05
1345,āsavavippayuttā,65,8.255582679025486e-05
1346,saññāya,65,8.255582679025486e-05
1347,ākāsadhātu,65,8.255582679025486e-05
1348,maraṇā,65,8.255582679025486e-05
1349,saṁyojanā,65,8.255582679025486e-05
1350,lokā,65,8.255582679025486e-05
1351,uppajjamānaṁ,65,8.255582679025486e-05
1352,vipākābyākataṁ,65,8.255582679025486e-05
1353,akusalena,65,8.255582679025486e-05
1354,nevācayagāmināpacayagāmissa,65,8.255582679025486e-05
1355,kusale,65,8.255582679025486e-05
1356,noparāmāso,65,8.255582679025486e-05
1357,hetuñceva,65,8.255582679025486e-05
1358,saññojanasampayuttassa,65,8.255582679025486e-05
1359,ñāṇasampayuttānaṁ,65,8.255582679025486e-05
1360,aggamaggasamaṅgīnaṁ,65,8.255582679025486e-05
1361,parāmaṭṭhā,64,8.128573714732786e-05
1362,dukkhā,64,8.128573714732786e-05
1363,kāmāvacarassa,64,8.128573714732786e-05
1364,paro,64,8.128573714732786e-05
1365,taṇhāpaccayā,64,8.128573714732786e-05
1366,attanā,64,8.128573714732786e-05
1367,anantarapaccayā,64,8.128573714732786e-05
1368,vipassanti,64,8.128573714732786e-05
1369,sampayuttañca,64,8.128573714732786e-05
1370,nosaññojano,64,8.128573714732786e-05
1371,niruttipaṭisambhidā,64,8.128573714732786e-05
1372,dvāyatanā,64,8.128573714732786e-05
1373,bhāvessanti,64,8.128573714732786e-05
1374,nīvaraṇiyā,63,8.001564750440086e-05
1375,upādāniyā,63,8.001564750440086e-05
1376,sotaviññāṇaṁ,63,8.001564750440086e-05
1377,teva,63,8.001564750440086e-05
1378,paṭhamassa,63,8.001564750440086e-05
1379,saṅkilesiko,63,8.001564750440086e-05
1380,nevasekkhanāsekkhassa,63,8.001564750440086e-05
1381,appamāṇārammaṇo,63,8.001564750440086e-05
1382,upādinnassa,63,8.001564750440086e-05
1383,ganthassa,63,8.001564750440086e-05
1384,adhimokkhapaccayā,63,8.001564750440086e-05
1385,lokuttarā,62,7.874555786147386e-05
1386,kāyasamphassajā,62,7.874555786147386e-05
1387,sutaṁ,62,7.874555786147386e-05
1388,vācā,62,7.874555786147386e-05
1389,evarūpā,62,7.874555786147386e-05
1390,idañca,62,7.874555786147386e-05
1391,nīvaraṇañceva,62,7.874555786147386e-05
1392,kiriyato,62,7.874555786147386e-05
1393,aṭṭhārasahi,62,7.874555786147386e-05
1394,manoviññāṇaṁ,62,7.874555786147386e-05
1395,cakkhuñca,62,7.874555786147386e-05
1396,dukkhanirodhagāminī,62,7.874555786147386e-05
1397,atītārammaṇaṁ,62,7.874555786147386e-05
1398,āhārapaccayā,62,7.874555786147386e-05
1399,naindriyapaccayā,62,7.874555786147386e-05
1400,novigatapaccayā,62,7.874555786147386e-05
1401,mahaggatassa,62,7.874555786147386e-05
1402,vipākadhammadhammassa,62,7.874555786147386e-05
1403,savitakkasavicārañca,62,7.874555786147386e-05
1404,naahetukaṁ,62,7.874555786147386e-05
1405,nakusalassa,62,7.874555786147386e-05
1406,cittasaṁsaṭṭhasamuṭṭhānaṁ,62,7.874555786147386e-05
1407,vedanākkhandhaṁ,61,7.747546821854686e-05
1408,samādhibalaṁ,61,7.747546821854686e-05
1409,avitakkaṁ,61,7.747546821854686e-05
1410,yena,61,7.747546821854686e-05
1411,thinaṁ,61,7.747546821854686e-05
1412,ekassa,61,7.747546821854686e-05
1413,bhagavā,61,7.747546821854686e-05
1414,buddhassa,61,7.747546821854686e-05
1415,dukkhan,61,7.747546821854686e-05
1416,sikkhāpadaṁ,61,7.747546821854686e-05
1417,gandhe,61,7.747546821854686e-05
1418,dosaṁ,61,7.747546821854686e-05
1419,dutiyassa,61,7.747546821854686e-05
1420,ninnānākaraṇaṁ,61,7.747546821854686e-05
1421,anuloma,61,7.747546821854686e-05
1422,upekkhāsahagatassa,61,7.747546821854686e-05
1423,bāhirassa,61,7.747546821854686e-05
1424,upādānassa,61,7.747546821854686e-05
1425,tadekaṭṭhaṁ,61,7.747546821854686e-05
1426,pacchimacittaṁ,61,7.747546821854686e-05
1427,anārammaṇā,60,7.620537857561986e-05
1428,samatho,60,7.620537857561986e-05
1429,paggāho,60,7.620537857561986e-05
1430,akusalamūlaṁ,60,7.620537857561986e-05
1431,cakkhusamphassajā,60,7.620537857561986e-05
1432,kusalato,60,7.620537857561986e-05
1433,attahitāya,60,7.620537857561986e-05
1434,pāṇātipātā,60,7.620537857561986e-05
1435,paṭisambhidā,60,7.620537857561986e-05
1436,dhammānuloma,60,7.620537857561986e-05
1437,utuṁ,60,7.620537857561986e-05
1438,naanidassanasappaṭighaṁ,60,7.620537857561986e-05
1439,nahetuvippayutto,60,7.620537857561986e-05
1440,nonīvaraṇo,60,7.620537857561986e-05
1441,naarūpāvacaro,60,7.620537857561986e-05
1442,sappītiko,60,7.620537857561986e-05
1443,appītiko,60,7.620537857561986e-05
1444,ganthasampayuttassa,60,7.620537857561986e-05
1445,paṭibhānapaṭisambhidā,60,7.620537857561986e-05
1446,akusalamūlena,60,7.620537857561986e-05
1447,nāmamūlena,60,7.620537857561986e-05
1448,paccanīka,60,7.620537857561986e-05
1449,nevavipākanavipākadhammadhammā,59,7.493528893269288e-05
1450,ganthaniyā,59,7.493528893269288e-05
1451,parāmāsā,59,7.493528893269288e-05
1452,sampajāno,59,7.493528893269288e-05
1453,santati,59,7.493528893269288e-05
1454,āghāto,59,7.493528893269288e-05
1455,vācaṁ,59,7.493528893269288e-05
1456,kāhici,59,7.493528893269288e-05
1457,puggaloti,59,7.493528893269288e-05
1458,brāhmaṇo,59,7.493528893269288e-05
1459,bhāvitā,59,7.493528893269288e-05
1460,bodhiyā,59,7.493528893269288e-05
1461,aniyyāniko,59,7.493528893269288e-05
1462,citto,59,7.493528893269288e-05
1463,ajjhattassa,59,7.493528893269288e-05
1464,savitakkassa,59,7.493528893269288e-05
1465,atthekacco,59,7.493528893269288e-05
1466,appamāṇā,58,7.366519928976588e-05
1467,saññojanā,58,7.366519928976588e-05
1468,somanassasahagataṁ,58,7.366519928976588e-05
1469,appaṇihitaṁ,58,7.366519928976588e-05
1470,saddo,58,7.366519928976588e-05
1471,tatra,58,7.366519928976588e-05
1472,pahīnaṁ,58,7.366519928976588e-05
1473,kusalena,58,7.366519928976588e-05
1474,avitakkavicāramatte,58,7.366519928976588e-05
1475,nakāmāvacaraṁ,58,7.366519928976588e-05
1476,parāmāsasampayutto,58,7.366519928976588e-05
1477,kusalavippayuttacittassa,58,7.366519928976588e-05
1478,paccuppannā,57,7.239510964683888e-05
1479,anāsavā,57,7.239510964683888e-05
1480,kilesasampayuttā,57,7.239510964683888e-05
1481,sappītikā,57,7.239510964683888e-05
1482,pāpakānaṁ,57,7.239510964683888e-05
1483,domanassindriyañca,57,7.239510964683888e-05
1484,anaññātaññassāmītindriyañca,57,7.239510964683888e-05
1485,paṭivirato,57,7.239510964683888e-05
1486,samanantara,57,7.239510964683888e-05
1487,rūpajīvitindriyañca,57,7.239510964683888e-05
1488,samādiyati,57,7.239510964683888e-05
1489,mahaggatārammaṇaṁ,57,7.239510964683888e-05
1490,majjhimo,57,7.239510964683888e-05
1491,anidassanaappaṭighañca,57,7.239510964683888e-05
1492,narūpāvacaraṁ,57,7.239510964683888e-05
1493,kilesassa,57,7.239510964683888e-05
1494,vīriyārambho,56,7.112502000391188e-05
1495,sañcetanā,56,7.112502000391188e-05
1496,ce,56,7.112502000391188e-05
1497,kiñci,56,7.112502000391188e-05
1498,sotāpattiphalaṁ,56,7.112502000391188e-05
1499,tathāgatassa,56,7.112502000391188e-05
1500,vacībhedoti,56,7.112502000391188e-05
1501,paccayavāra,56,7.112502000391188e-05
1502,maggādhipatiṁ,56,7.112502000391188e-05
1503,vicārañca,56,7.112502000391188e-05
1504,paṭiccasadisaṁ,56,7.112502000391188e-05
1505,nocittasaṁsaṭṭhasamuṭṭhāno,56,7.112502000391188e-05
1506,upādānasampayuttassa,56,7.112502000391188e-05
1507,anidassanassa,56,7.112502000391188e-05
1508,apariyāpanno,56,7.112502000391188e-05
1509,ñāṇavippayuttānaṁ,56,7.112502000391188e-05
1510,nāyatanā,56,7.112502000391188e-05
1511,paccuppannārammaṇā,55,6.985493036098488e-05
1512,satisambojjhaṅgo,55,6.985493036098488e-05
1513,upacitattā,55,6.985493036098488e-05
1514,jivhāviññāṇaṁ,55,6.985493036098488e-05
1515,sappaccayo,55,6.985493036098488e-05
1516,vāti,55,6.985493036098488e-05
1517,paṭisaṁvedī,55,6.985493036098488e-05
1518,saha,55,6.985493036098488e-05
1519,nirodho,55,6.985493036098488e-05
1520,atthī,55,6.985493036098488e-05
1521,paccuppannassa,55,6.985493036098488e-05
1522,pucchitabbaṁ,55,6.985493036098488e-05
1523,asaṅkiliṭṭho,55,6.985493036098488e-05
1524,samādapeti,55,6.985493036098488e-05
1525,parittā,54,6.858484071805788e-05
1526,anuppannā,54,6.858484071805788e-05
1527,cetasikā,54,6.858484071805788e-05
1528,upādinnā,54,6.858484071805788e-05
1529,pañcamaṁ,54,6.858484071805788e-05
1530,rūpārammaṇaṁ,54,6.858484071805788e-05
1531,cetaso,54,6.858484071805788e-05
1532,sato,54,6.858484071805788e-05
1533,byāpādo,54,6.858484071805788e-05
1534,kaṅkhā,54,6.858484071805788e-05
1535,ārammaṇaṁ,54,6.858484071805788e-05
1536,phoṭṭhabbaṁ,54,6.858484071805788e-05
1537,saṅkhāre,54,6.858484071805788e-05
1538,katihāyatanehi,54,6.858484071805788e-05
1539,phoṭṭhabbāyatanañca,54,6.858484071805788e-05
1540,niruddhe,54,6.858484071805788e-05
1541,sacchikātabbaṁ,54,6.858484071805788e-05
1542,brahmacariyavāsoti,54,6.858484071805788e-05
1543,gacchati,54,6.858484071805788e-05
1544,paccuppanno,54,6.858484071805788e-05
1545,khandhoti,54,6.858484071805788e-05
1546,bodhisatto,54,6.858484071805788e-05
1547,viharatī,54,6.858484071805788e-05
1548,nasampayuttapaccayā,54,6.858484071805788e-05
1549,saṁsaṭṭhavāra,54,6.858484071805788e-05
1550,ācayagāmissa,54,6.858484071805788e-05
1551,hetuñca,54,6.858484071805788e-05
1552,cittasamuṭṭhānassa,54,6.858484071805788e-05
1553,lobhañca,54,6.858484071805788e-05
1554,navindriyā,54,6.858484071805788e-05
1555,ajjhattā,53,6.731475107513088e-05
1556,phusanā,53,6.731475107513088e-05
1557,vīriyabalaṁ,53,6.731475107513088e-05
1558,aniccatā,53,6.731475107513088e-05
1559,sīlabbataparāmāso,53,6.731475107513088e-05
1560,saccikaṭṭho,53,6.731475107513088e-05
1561,kattā,53,6.731475107513088e-05
1562,arahattasacchikiriyāya,53,6.731475107513088e-05
1563,ñāṇena,53,6.731475107513088e-05
1564,sadde,53,6.731475107513088e-05
1565,uppajjeyya,53,6.731475107513088e-05
1566,nirodhā,53,6.731475107513088e-05
1567,sahajātavāra,53,6.731475107513088e-05
1568,nevavipākanavipākadhammadhammañca,53,6.731475107513088e-05
1569,anupādinnaanupādāniyassa,53,6.731475107513088e-05
1570,naahetukañca,53,6.731475107513088e-05
1571,navipākadhammadhammo,53,6.731475107513088e-05
1572,naāsavavippayutto,53,6.731475107513088e-05
1573,cittasampayuttaṁ,53,6.731475107513088e-05
1574,upādāniyo,53,6.731475107513088e-05
1575,diṭṭhigatavippayuttalobhasahagatā,53,6.731475107513088e-05
1576,ahetukānaṁ,53,6.731475107513088e-05
1577,tīṇindriyā,53,6.731475107513088e-05
1578,appamāṇārammaṇā,52,6.604466143220388e-05
1579,maggahetukā,52,6.604466143220388e-05
1580,anidassanaappaṭighā,52,6.604466143220388e-05
1581,ghānaviññāṇaṁ,52,6.604466143220388e-05
1582,sukhumaṁ,52,6.604466143220388e-05
1583,kāyaviññatti,52,6.604466143220388e-05
1584,suñño,52,6.604466143220388e-05
1585,kaṅkhati,52,6.604466143220388e-05
1586,paggaṇhāti,52,6.604466143220388e-05
1587,appaṭighassa,52,6.604466143220388e-05
1588,evamevaṁ,52,6.604466143220388e-05
1589,dukkhasamudayo,52,6.604466143220388e-05
1590,catubhāgaṁ,52,6.604466143220388e-05
1591,bho,52,6.604466143220388e-05
1592,samanantarapaccayā,52,6.604466143220388e-05
1593,naārammaṇa,52,6.604466143220388e-05
1594,akusale,52,6.604466143220388e-05
1595,avitakkavicāramattānaṁ,52,6.604466143220388e-05
1596,nakusalañca,52,6.604466143220388e-05
1597,avitakkassa,52,6.604466143220388e-05
1598,saññojanassa,52,6.604466143220388e-05
1599,nīvaraṇassa,52,6.604466143220388e-05
1600,kusalamūlena,52,6.604466143220388e-05
1601,abyākatamūlena,52,6.604466143220388e-05
1602,caññe,52,6.604466143220388e-05
1603,atītārammaṇā,51,6.477457178927688e-05
1604,pītiyā,51,6.477457178927688e-05
1605,vipariyāsaggāho,51,6.477457178927688e-05
1606,vacīviññatti,51,6.477457178927688e-05
1607,vicikicchati,51,6.477457178927688e-05
1608,karitvā,51,6.477457178927688e-05
1609,dhammataṇhā,51,6.477457178927688e-05
1610,diṭṭhiyā,51,6.477457178927688e-05
1611,viññāṇañcāyatanassa,51,6.477457178927688e-05
1612,nonatthipaccayā,51,6.477457178927688e-05
1613,paripuṇṇaṁ,51,6.477457178927688e-05
1614,cittasahabhuṁ,51,6.477457178927688e-05
1615,kilesaṁ,51,6.477457178927688e-05
1616,nocittasahabhū,51,6.477457178927688e-05
1617,parittārammaṇā,50,6.350448214634988e-05
1618,paṇītā,50,6.350448214634988e-05
1619,anāgatārammaṇā,50,6.350448214634988e-05
1620,kusalesu,50,6.350448214634988e-05
1621,sampajaññaṁ,50,6.350448214634988e-05
1622,imā,50,6.350448214634988e-05
1623,adukkhamasukhā,50,6.350448214634988e-05
1624,jānāmi,50,6.350448214634988e-05
1625,bhāvitattā,50,6.350448214634988e-05
1626,sotadhātu,50,6.350448214634988e-05
1627,jivhaṁ,50,6.350448214634988e-05
1628,paṇidhi,50,6.350448214634988e-05
1629,parañca,50,6.350448214634988e-05
1630,manasikāro,50,6.350448214634988e-05
1631,vattabboti,50,6.350448214634988e-05
1632,bhāvito,50,6.350448214634988e-05
1633,vītarāgo,50,6.350448214634988e-05
1634,niruddhaṁ,50,6.350448214634988e-05
1635,cittavippayutto,50,6.350448214634988e-05
1636,saṁyojanaṁ,50,6.350448214634988e-05
1637,āsevana,50,6.350448214634988e-05
1638,naupekkhāsahagataṁ,50,6.350448214634988e-05
1639,naarūpāvacaraṁ,50,6.350448214634988e-05
1640,naāsavo,50,6.350448214634988e-05
1641,piyarūpaṁ,50,6.350448214634988e-05
1642,sātarūpaṁ,50,6.350448214634988e-05
1643,acittakānaṁ,50,6.350448214634988e-05
1644,nevasekkhanāsekkhā,49,6.223439250342289e-05
1645,appaṭighā,49,6.223439250342289e-05
1646,pariyāpannā,49,6.223439250342289e-05
1647,niddesa,49,6.223439250342289e-05
1648,catasso,49,6.223439250342289e-05
1649,rūpāni,49,6.223439250342289e-05
1650,sanidassanaṁ,49,6.223439250342289e-05
1651,vicāraṁ,49,6.223439250342289e-05
1652,evarūpo,49,6.223439250342289e-05
1653,nāmarūpapaccayā,49,6.223439250342289e-05
1654,avasesaṁ,49,6.223439250342289e-05
1655,saṅgho,49,6.223439250342289e-05
1656,vītivatto,49,6.223439250342289e-05
1657,nissayapaccayā,49,6.223439250342289e-05
1658,vigatapaccayā,49,6.223439250342289e-05
1659,nissayavāra,49,6.223439250342289e-05
1660,āsavasampayuttaṁ,49,6.223439250342289e-05
1661,noāsavassa,49,6.223439250342289e-05
1662,domanassasahagatā,49,6.223439250342289e-05
1663,tathūpamo,49,6.223439250342289e-05
1664,bahiddhārammaṇā,48,6.096430286049589e-05
1665,viññeyyā,48,6.096430286049589e-05
1666,mudutā,48,6.096430286049589e-05
1667,saccaṁ,48,6.096430286049589e-05
1668,asātaṁ,48,6.096430286049589e-05
1669,chandādhipateyyanti,48,6.096430286049589e-05
1670,anatthaṁ,48,6.096430286049589e-05
1671,jāyati,48,6.096430286049589e-05
1672,bhāsitā,48,6.096430286049589e-05
1673,vāyamati,48,6.096430286049589e-05
1674,padahati,48,6.096430286049589e-05
1675,kilesehi,48,6.096430286049589e-05
1676,ekamūlakaṁ,48,6.096430286049589e-05
1677,paramattho,48,6.096430286049589e-05
1678,arahattā,48,6.096430286049589e-05
1679,cittānaṁ,48,6.096430286049589e-05
1680,sadisaṁ,48,6.096430286049589e-05
1681,bhavaṅgaṁ,48,6.096430286049589e-05
1682,parittañca,48,6.096430286049589e-05
1683,āpodhātuṁ,48,6.096430286049589e-05
1684,nanadassanena,48,6.096430286049589e-05
1685,naupekkhāsahagato,48,6.096430286049589e-05
1686,āsavañceva,48,6.096430286049589e-05
1687,upādānavippayuttaṁ,48,6.096430286049589e-05
1688,hetūnaṁ,48,6.096430286049589e-05
1689,hetuvippayutto,48,6.096430286049589e-05
1690,saññojanavippayuttassa,48,6.096430286049589e-05
1691,sacchikarittha,48,6.096430286049589e-05
1692,paṭhamajjhānaṁ,48,6.096430286049589e-05
1693,dutiyajjhānaṁ,48,6.096430286049589e-05
1694,tatiyajjhānaṁ,48,6.096430286049589e-05
1695,lahutā,47,5.9694213217568894e-05
1696,kammaññatā,47,5.9694213217568894e-05
1697,micchādiṭṭhi,47,5.9694213217568894e-05
1698,paññattīti,47,5.9694213217568894e-05
1699,anāgāmiphalasacchikiriyāya,47,5.9694213217568894e-05
1700,surāmerayamajjapamādaṭṭhānā,47,5.9694213217568894e-05
1701,parassa,47,5.9694213217568894e-05
1702,somanassaṁ,47,5.9694213217568894e-05
1703,sappītikaṁ,47,5.9694213217568894e-05
1704,vuṭṭhahantassa,47,5.9694213217568894e-05
1705,upanissayapaccayā,47,5.9694213217568894e-05
1706,indriyapaccayā,47,5.9694213217568894e-05
1707,jhānapaccayā,47,5.9694213217568894e-05
1708,vicikicchāsahagatānaṁ,47,5.9694213217568894e-05
1709,uddhaccasahagatānaṁ,47,5.9694213217568894e-05
1710,ārammaṇādi,47,5.9694213217568894e-05
1711,maggādhipatī,47,5.9694213217568894e-05
1712,sahetukañceva,47,5.9694213217568894e-05
1713,itthī,47,5.9694213217568894e-05
1714,bhāvessati,47,5.9694213217568894e-05
1715,ajjhattabahiddhā,46,5.84241235746419e-05
1716,anidassanā,46,5.84241235746419e-05
1717,ñāṇasampayuttaṁ,46,5.84241235746419e-05
1718,arūpasaññī,46,5.84241235746419e-05
1719,abhibhuyya,46,5.84241235746419e-05
1720,kilesasampayuttañca,46,5.84241235746419e-05
1721,uppādāya,46,5.84241235746419e-05
1722,puna,46,5.84241235746419e-05
1723,dvepi,46,5.84241235746419e-05
1724,dibbaṁ,46,5.84241235746419e-05
1725,sacchikaroti,46,5.84241235746419e-05
1726,kiṁ,46,5.84241235746419e-05
1727,samodhānaṁ,46,5.84241235746419e-05
1728,natthipaccayena,46,5.84241235746419e-05
1729,vigatapaccayena,46,5.84241235746419e-05
1730,tadārammaṇatā,46,5.84241235746419e-05
1731,khandhassa,46,5.84241235746419e-05
1732,paṭiccavāra,46,5.84241235746419e-05
1733,āsavasampayuttañca,46,5.84241235746419e-05
1734,puriso,46,5.84241235746419e-05
1735,sañcetayitattaṁ,46,5.84241235746419e-05
1736,vītikkantaṁ,46,5.84241235746419e-05
1737,cittasaṁsaṭṭhasamuṭṭhānā,45,5.71540339317149e-05
1738,anupādinnā,45,5.71540339317149e-05
1739,appītikā,45,5.71540339317149e-05
1740,paññatti,45,5.71540339317149e-05
1741,jivhindriyaṁ,45,5.71540339317149e-05
1742,avijjāsaññojanaṁ,45,5.71540339317149e-05
1743,upādānañceva,45,5.71540339317149e-05
1744,kilesasampayutto,45,5.71540339317149e-05
1745,lobhaṁ,45,5.71540339317149e-05
1746,khattiyo,45,5.71540339317149e-05
1747,kāraṇena,45,5.71540339317149e-05
1748,gati,45,5.71540339317149e-05
1749,nāma,45,5.71540339317149e-05
1750,kiriyābyākatā,45,5.71540339317149e-05
1751,lābhī,45,5.71540339317149e-05
1752,maggapaccayā,45,5.71540339317149e-05
1753,atthipaccayā,45,5.71540339317149e-05
1754,appamāṇassa,45,5.71540339317149e-05
1755,parittārammaṇassa,45,5.71540339317149e-05
1756,micchattaniyataṁ,45,5.71540339317149e-05
1757,ajjhattārammaṇaṁ,45,5.71540339317149e-05
1758,phalā,45,5.71540339317149e-05
1759,lokiyassa,45,5.71540339317149e-05
1760,sammāsambuddhassa,44,5.58839442887879e-05
1761,sātā,44,5.58839442887879e-05
1762,ñāṇavippayuttaṁ,44,5.58839442887879e-05
1763,passāmīti,44,5.58839442887879e-05
1764,dhammavicayasambojjhaṅgo,44,5.58839442887879e-05
1765,acetasikaṁ,44,5.58839442887879e-05
1766,cetanāya,44,5.58839442887879e-05
1767,pathavīdhātu,44,5.58839442887879e-05
1768,mahaggate,44,5.58839442887879e-05
1769,parāmaṭṭho,44,5.58839442887879e-05
1770,kammānaṁ,44,5.58839442887879e-05
1771,upādānapaccayā,44,5.58839442887879e-05
1772,kusalākusale,44,5.58839442887879e-05
1773,niyato,44,5.58839442887879e-05
1774,aññāṇanti,44,5.58839442887879e-05
1775,asekkhaṁ,44,5.58839442887879e-05
1776,vitthāretabbo,44,5.58839442887879e-05
1777,nasahajātapaccayā,44,5.58839442887879e-05
1778,atītārammaṇassa,44,5.58839442887879e-05
1779,cetasikassa,44,5.58839442887879e-05
1780,nocittasamuṭṭhānassa,44,5.58839442887879e-05
1781,lobhassa,44,5.58839442887879e-05
1782,nīvaraṇavippayutto,44,5.58839442887879e-05
1783,disaṁ,44,5.58839442887879e-05
1784,cittā,43,5.4613854645860904e-05
1785,avitakkā,43,5.4613854645860904e-05
1786,viññāṇañcāyatanaṁ,43,5.4613854645860904e-05
1787,paññābalaṁ,43,5.4613854645860904e-05
1788,kusalamūlaṁ,43,5.4613854645860904e-05
1789,iddhipādaṁ,43,5.4613854645860904e-05
1790,gāmopeso,43,5.4613854645860904e-05
1791,vaṇṇanibhā,43,5.4613854645860904e-05
1792,sarīranti,43,5.4613854645860904e-05
1793,disvā,43,5.4613854645860904e-05
1794,vippayuttaṁ,43,5.4613854645860904e-05
1795,aṭṭhahi,43,5.4613854645860904e-05
1796,sotāpattiphalāti,43,5.4613854645860904e-05
1797,vicikicchaṁ,43,5.4613854645860904e-05
1798,vedanāhi,43,5.4613854645860904e-05
1799,abyākatanti,43,5.4613854645860904e-05
1800,nigamaghātaṁ,43,5.4613854645860904e-05
1801,sekkhassa,43,5.4613854645860904e-05
1802,asekkhassa,43,5.4613854645860904e-05
1803,savitakkasavicārānaṁ,43,5.4613854645860904e-05
1804,pītisahagatena,43,5.4613854645860904e-05
1805,saññojanaṁ,43,5.4613854645860904e-05
1806,hetvādi,43,5.4613854645860904e-05
1807,saññojanavippayuttaṁ,43,5.4613854645860904e-05
1808,ganthavippayuttassa,43,5.4613854645860904e-05
1809,imāya,43,5.4613854645860904e-05
1810,sacchikarissanti,43,5.4613854645860904e-05
1811,mahantaraduka,42,5.3343765002933905e-05
1812,ñāṇanti,42,5.3343765002933905e-05
1813,hadayaṁ,42,5.3343765002933905e-05
1814,avijjālaṅgī,42,5.3343765002933905e-05
1815,domanassasahagataṁ,42,5.3343765002933905e-05
1816,sotasamphassajā,42,5.3343765002933905e-05
1817,kusalākusalābyākatā,42,5.3343765002933905e-05
1818,kāmarāgo,42,5.3343765002933905e-05
1819,asaṅgahitaṁ,42,5.3343765002933905e-05
1820,puggalasmiṁ,42,5.3343765002933905e-05
1821,buddho,42,5.3343765002933905e-05
1822,asaṅkhatānīti,42,5.3343765002933905e-05
1823,paravitāraṇā,42,5.3343765002933905e-05
1824,anāgatārammaṇaṁ,42,5.3343765002933905e-05
1825,sampayuttapaccayā,42,5.3343765002933905e-05
1826,assādenti,42,5.3343765002933905e-05
1827,nokilesaṁ,42,5.3343765002933905e-05
1828,arūpiṁ,42,5.3343765002933905e-05
1829,ñāṇāni,42,5.3343765002933905e-05
1830,catutthajjhānaṁ,42,5.3343765002933905e-05
1831,adassanaṁ,41,5.2073675360006906e-05
1832,aniccaṁ,41,5.2073675360006906e-05
1833,ghānasamphassajā,41,5.2073675360006906e-05
1834,jivhāsamphassajā,41,5.2073675360006906e-05
1835,vācāya,41,5.2073675360006906e-05
1836,satthari,41,5.2073675360006906e-05
1837,saññojanasampayuttañca,41,5.2073675360006906e-05
1838,nīvaraṇasampayuttañca,41,5.2073675360006906e-05
1839,pahāya,41,5.2073675360006906e-05
1840,sampayuttāti,41,5.2073675360006906e-05
1841,ṭhito,41,5.2073675360006906e-05
1842,niyyāniko,41,5.2073675360006906e-05
1843,dukkhanirodho,41,5.2073675360006906e-05
1844,mā,41,5.2073675360006906e-05
1845,cuticittaṁ,41,5.2073675360006906e-05
1846,paccuppannārammaṇaṁ,41,5.2073675360006906e-05
1847,natthipaccayā,41,5.2073675360006906e-05
1848,paṭiccavārasadiso,41,5.2073675360006906e-05
1849,navipāko,41,5.2073675360006906e-05
1850,sāsavañceva,41,5.2073675360006906e-05
1851,paṭiccasadisā,41,5.2073675360006906e-05
1852,ganthaniyo,41,5.2073675360006906e-05
1853,paṭighañca,41,5.2073675360006906e-05
1854,etthesā,41,5.2073675360006906e-05
1855,cakkhundriyamūlakaṁ,41,5.2073675360006906e-05
1856,cakkhāyatanamūlakaṁ,41,5.2073675360006906e-05
1857,namo,40,5.0803585717079914e-05
1858,mahaggatārammaṇā,40,5.0803585717079914e-05
1859,hīnā,40,5.0803585717079914e-05
1860,samatikkamma,40,5.0803585717079914e-05
1861,anussati,40,5.0803585717079914e-05
1862,sammāvācā,40,5.0803585717079914e-05
1863,saññaṁ,40,5.0803585717079914e-05
1864,kāyadhātu,40,5.0803585717079914e-05
1865,uppajji,40,5.0803585717079914e-05
1866,uppajje,40,5.0803585717079914e-05
1867,gandhaṁ,40,5.0803585717079914e-05
1868,jarā,40,5.0803585717079914e-05
1869,avaseso,40,5.0803585717079914e-05
1870,uddhaccanīvaraṇaṁ,40,5.0803585717079914e-05
1871,dukamūlakaṁ,40,5.0803585717079914e-05
1872,viññāṇanti,40,5.0803585717079914e-05
1873,rūpā,40,5.0803585717079914e-05
1874,ubho,40,5.0803585717079914e-05
1875,upapajjanti,40,5.0803585717079914e-05
1876,kāye,40,5.0803585717079914e-05
1877,bhāventi,40,5.0803585717079914e-05
1878,vipākābyākatā,40,5.0803585717079914e-05
1879,sukkavissaṭṭhīti,40,5.0803585717079914e-05
1880,manosamphassajā,40,5.0803585717079914e-05
1881,vibhajitabbā,40,5.0803585717079914e-05
1882,anantarādi,40,5.0803585717079914e-05
1883,hīno,40,5.0803585717079914e-05
1884,bahiddhārammaṇaṁ,40,5.0803585717079914e-05
1885,saṅkiliṭṭhasaṅkilesikassa,40,5.0803585717079914e-05
1886,sāsavañca,40,5.0803585717079914e-05
1887,appītikaṁ,40,5.0803585717079914e-05
1888,tīṇiyeva,40,5.0803585717079914e-05
1889,sappītikassa,40,5.0803585717079914e-05
1890,sahetuke,40,5.0803585717079914e-05
1891,ajjhattabahiddhārammaṇo,40,5.0803585717079914e-05
1892,taṇhāvippayuttacitte,40,5.0803585717079914e-05
1893,atikkantakālaṁ,40,5.0803585717079914e-05
1894,asaṅkiliṭṭhaasaṅkilesikā,39,4.9533496074152915e-05
1895,ajjhattārammaṇā,39,4.9533496074152915e-05
1896,cūḷantaraduka,39,4.9533496074152915e-05
1897,ganthavippayuttā,39,4.9533496074152915e-05
1898,parāmāsavippayuttā,39,4.9533496074152915e-05
1899,upādānavippayuttā,39,4.9533496074152915e-05
1900,bhojane,39,4.9533496074152915e-05
1901,somanassasahagatā,39,4.9533496074152915e-05
1902,sappaccayaṁ,39,4.9533496074152915e-05
1903,asaṅkiliṭṭhasaṅkilesikaṁ,39,4.9533496074152915e-05
1904,kusalākusalā,39,4.9533496074152915e-05
1905,sāmaññaphalāni,39,4.9533496074152915e-05
1906,cittuppādesu,39,4.9533496074152915e-05
1907,nīvaraṇe,39,4.9533496074152915e-05
1908,ekādasahi,39,4.9533496074152915e-05
1909,heva,39,4.9533496074152915e-05
1910,rūpanti,39,4.9533496074152915e-05
1911,ājānāhi,39,4.9533496074152915e-05
1912,santo,39,4.9533496074152915e-05
1913,samannāgatā,39,4.9533496074152915e-05
1914,karuṇā,39,4.9533496074152915e-05
1915,āyuppamāṇaṁ,39,4.9533496074152915e-05
1916,sanidassano,39,4.9533496074152915e-05
1917,cetasā,39,4.9533496074152915e-05
1918,paṭisandhi,39,4.9533496074152915e-05
1919,sukhasahagatena,39,4.9533496074152915e-05
1920,nasukhasahagataṁ,39,4.9533496074152915e-05
1921,ahetukañca,39,4.9533496074152915e-05
1922,saraṇassa,39,4.9533496074152915e-05
1923,nevasaññīnāsaññī,39,4.9533496074152915e-05
1924,maggesu,39,4.9533496074152915e-05
1925,arūpakānaṁ,39,4.9533496074152915e-05
1926,saññojanasampayuttā,38,4.8263406431225916e-05
1927,niyatā,38,4.8263406431225916e-05
1928,vipassanā,38,4.8263406431225916e-05
1929,dhammārammaṇaṁ,38,4.8263406431225916e-05
1930,paṇḍaraṁ,38,4.8263406431225916e-05
1931,sammāājīvo,38,4.8263406431225916e-05
1932,diṭṭhisaññojanaṁ,38,4.8263406431225916e-05
1933,rūpāvacarassa,38,4.8263406431225916e-05
1934,saṅkhataṁ,38,4.8263406431225916e-05
1935,aniyyānikaṁ,38,4.8263406431225916e-05
1936,raso,38,4.8263406431225916e-05
1937,taṁsampayutto,38,4.8263406431225916e-05
1938,ito,38,4.8263406431225916e-05
1939,carati,38,4.8263406431225916e-05
1940,paṭighaṁ,38,4.8263406431225916e-05
1941,avijjāsavo,38,4.8263406431225916e-05
1942,hevatthi,38,4.8263406431225916e-05
1943,thero,38,4.8263406431225916e-05
1944,bhūtaṁ,38,4.8263406431225916e-05
1945,asaṅkhatanti,38,4.8263406431225916e-05
1946,abhinandanti,38,4.8263406431225916e-05
1947,sammattaniyataṁ,38,4.8263406431225916e-05
1948,nonīvaraṇaṁ,38,4.8263406431225916e-05
1949,naakusalassa,38,4.8263406431225916e-05
1950,hetusampayuttaṁ,38,4.8263406431225916e-05
1951,sārammaṇassa,38,4.8263406431225916e-05
1952,nocittassa,38,4.8263406431225916e-05
1953,ganthavippayuttaṁ,38,4.8263406431225916e-05
1954,nīvaraṇiyo,38,4.8263406431225916e-05
1955,catuvokārā,38,4.8263406431225916e-05
1956,anabhisametāvīnaṁ,38,4.8263406431225916e-05
1957,rūpārammaṇā,37,4.699331678829892e-05
1958,samphusanā,37,4.699331678829892e-05
1959,samphusitattaṁ,37,4.699331678829892e-05
1960,satibalaṁ,37,4.699331678829892e-05
1961,āyu,37,4.699331678829892e-05
1962,micchāsaṅkappo,37,4.699331678829892e-05
1963,chahi,37,4.699331678829892e-05
1964,tejodhātu,37,4.699331678829892e-05
1965,vāyodhātu,37,4.699331678829892e-05
1966,gandho,37,4.699331678829892e-05
1967,jīvaṁ,37,4.699331678829892e-05
1968,sotindriyañca,37,4.699331678829892e-05
1969,vippayutto,37,4.699331678829892e-05
1970,kassa,37,4.699331678829892e-05
1971,sacchikataṁ,37,4.699331678829892e-05
1972,gacchatīti,37,4.699331678829892e-05
1973,paṭipannassa,37,4.699331678829892e-05
1974,vaḍḍhati,37,4.699331678829892e-05
1975,ekadeso,37,4.699331678829892e-05
1976,muditā,37,4.699331678829892e-05
1977,saṁyojaniyā,37,4.699331678829892e-05
1978,tatiyassa,37,4.699331678829892e-05
1979,pahīnāti,37,4.699331678829892e-05
1980,pharitvā,37,4.699331678829892e-05
1981,attabhāvapaṭilābhoti,37,4.699331678829892e-05
1982,vijjatī,37,4.699331678829892e-05
1983,mahaggatārammaṇassa,37,4.699331678829892e-05
1984,maggahetukaṁ,37,4.699331678829892e-05
1985,upādārūpānaṁ,37,4.699331678829892e-05
1986,āpodhātuñca,37,4.699331678829892e-05
1987,asaṅkiliṭṭhaasaṅkilesikassa,37,4.699331678829892e-05
1988,nahetuñceva,37,4.699331678829892e-05
1989,noganthaṁ,37,4.699331678829892e-05
1990,noparāmāsaṁ,37,4.699331678829892e-05
1991,upādānavippayuttassa,37,4.699331678829892e-05
1992,saṅkiliṭṭhassa,37,4.699331678829892e-05
1993,santaṁ,37,4.699331678829892e-05
1994,dasindriyā,37,4.699331678829892e-05
1995,catuvokāraṁ,37,4.699331678829892e-05
1996,sacchikarissati,37,4.699331678829892e-05
1997,sarūpakānaṁ,37,4.699331678829892e-05
1998,akusalavippayuttacittassa,37,4.699331678829892e-05
1999,uppādino,36,4.572322714537192e-05
2000,āsavagocchaka,36,4.572322714537192e-05
2001,kiriyā,36,4.572322714537192e-05
2002,takko,36,4.572322714537192e-05
2003,vīriyasambojjhaṅgo,36,4.572322714537192e-05
2004,abhijjhā,36,4.572322714537192e-05
2005,jaratā,36,4.572322714537192e-05
2006,sattavidhena,36,4.572322714537192e-05
2007,manasā,36,4.572322714537192e-05
2008,kāmupādānaṁ,36,4.572322714537192e-05
2009,hetūhi,36,4.572322714537192e-05
2010,tikamūlakaṁ,36,4.572322714537192e-05
2011,brahmacariyavāso,36,4.572322714537192e-05
2012,satthā,36,4.572322714537192e-05
2013,sakadāgāmiphalāti,36,4.572322714537192e-05
2014,anāgāmiphalāti,36,4.572322714537192e-05
2015,saṁyojanāni,36,4.572322714537192e-05
2016,amataṁ,36,4.572322714537192e-05
2017,dakkhiṇaṁ,36,4.572322714537192e-05
2018,adinnaṁ,36,4.572322714537192e-05
2019,nevācayagāmināpacayagāmiñca,36,4.572322714537192e-05
2020,cakkhuviññāṇasahagatānaṁ,36,4.572322714537192e-05
2021,hetādhipati,36,4.572322714537192e-05
2022,anupādinnupādāniyañca,36,4.572322714537192e-05
2023,noupādānaṁ,36,4.572322714537192e-05
2024,nasukhasahagato,36,4.572322714537192e-05
2025,arūpissa,36,4.572322714537192e-05
2026,noganthassa,36,4.572322714537192e-05
2027,dhammapaṭisambhidā,36,4.572322714537192e-05
2028,opapātikānaṁ,36,4.572322714537192e-05
2029,phuṭṭhassa,36,4.572322714537192e-05
2030,bhāvessatīti,36,4.572322714537192e-05
2031,abhisametāvīnaṁ,36,4.572322714537192e-05
2032,āpāyikānaṁ,36,4.572322714537192e-05
2033,saraṇā,35,4.4453137502444926e-05
2034,saṇṭhiti,35,4.4453137502444926e-05
2035,sammākammanto,35,4.4453137502444926e-05
2036,phoṭṭhabbadhātu,35,4.4453137502444926e-05
2037,diṭṭhaṁ,35,4.4453137502444926e-05
2038,saññojanañceva,35,4.4453137502444926e-05
2039,sandhāvati,35,4.4453137502444926e-05
2040,vijānāti,35,4.4453137502444926e-05
2041,asaṅkhatoti,35,4.4453137502444926e-05
2042,saccato,35,4.4453137502444926e-05
2043,thetato,35,4.4453137502444926e-05
2044,āyatiṁ,35,4.4453137502444926e-05
2045,sakadāgāmiphalasacchikiriyāya,35,4.4453137502444926e-05
2046,anāgāmiphalaṁ,35,4.4453137502444926e-05
2047,saṁyojanānaṁ,35,4.4453137502444926e-05
2048,ekaccaṁ,35,4.4453137502444926e-05
2049,vipākoti,35,4.4453137502444926e-05
2050,patti,35,4.4453137502444926e-05
2051,nevasekkhanāsekkhañca,35,4.4453137502444926e-05
2052,micchattaniyatassa,35,4.4453137502444926e-05
2053,uppajjeyyuṁ,35,4.4453137502444926e-05
2054,anidassanasappaṭighañca,35,4.4453137502444926e-05
2055,saṅkiliṭṭhasaṅkilesikaṁ,35,4.4453137502444926e-05
2056,sattatiṁsa,35,4.4453137502444926e-05
2057,ganthaṁ,35,4.4453137502444926e-05
2058,hetusampayuttañca,35,4.4453137502444926e-05
2059,appītikassa,35,4.4453137502444926e-05
2060,nīvaraṇasampayuttassa,35,4.4453137502444926e-05
2061,kālena,35,4.4453137502444926e-05
2062,ṭhānaṁ,35,4.4453137502444926e-05
2063,nappajahittha,35,4.4453137502444926e-05
2064,ghānāyatanamūlakaṁ,35,4.4453137502444926e-05
2065,anusentīti,35,4.4453137502444926e-05
2066,asekkhā,34,4.3183047859517927e-05
2067,paṭihaññati,34,4.3183047859517927e-05
2068,saḷāyatanaṁ,34,4.3183047859517927e-05
2069,sakadāgāmissa,34,4.3183047859517927e-05
2070,vītadoso,34,4.3183047859517927e-05
2071,vītamoho,34,4.3183047859517927e-05
2072,upapattiyā,34,4.3183047859517927e-05
2073,nirodhaṁ,34,4.3183047859517927e-05
2074,akusalanti,34,4.3183047859517927e-05
2075,paññindriyanti,34,4.3183047859517927e-05
2076,sotāpattiphalena,34,4.3183047859517927e-05
2077,bhaṇati,34,4.3183047859517927e-05
2078,paṇīto,34,4.3183047859517927e-05
2079,sammattaniyatassa,34,4.3183047859517927e-05
2080,nanissayapaccayā,34,4.3183047859517927e-05
2081,paccuppannārammaṇassa,34,4.3183047859517927e-05
2082,vigatanti,34,4.3183047859517927e-05
2083,vipākañca,34,4.3183047859517927e-05
2084,sukhasahagatañca,34,4.3183047859517927e-05
2085,nacetasiko,34,4.3183047859517927e-05
2086,cittasaṁsaṭṭhaṁ,34,4.3183047859517927e-05
2087,araṇañca,34,4.3183047859517927e-05
2088,nokilesassa,34,4.3183047859517927e-05
2089,parāmāsavippayuttaṁ,34,4.3183047859517927e-05
2090,pasādapaccayā,34,4.3183047859517927e-05
2091,parijānitthāti,34,4.3183047859517927e-05
2092,asaṅkiliṭṭhasaṅkilesikā,33,4.191295821659093e-05
2093,micchattaniyatā,33,4.191295821659093e-05
2094,maggādhipatino,33,4.191295821659093e-05
2095,nīvaraṇavippayuttā,33,4.191295821659093e-05
2096,cittasampayuttā,33,4.191295821659093e-05
2097,kilesavippayuttā,33,4.191295821659093e-05
2098,niyyānikā,33,4.191295821659093e-05
2099,aniyyānikā,33,4.191295821659093e-05
2100,satimā,33,4.191295821659093e-05
2101,duka,33,4.191295821659093e-05
2102,ghānadhātu,33,4.191295821659093e-05
2103,rasaṁ,33,4.191295821659093e-05
2104,kodho,33,4.191295821659093e-05
2105,pañcakkhandhā,33,4.191295821659093e-05
2106,pāpakā,33,4.191295821659093e-05
2107,etthuppannaṁ,33,4.191295821659093e-05
2108,parāmāsaṁ,33,4.191295821659093e-05
2109,satipaṭṭhānā,33,4.191295821659093e-05
2110,kāyāyatanañca,33,4.191295821659093e-05
2111,viññāṇā,33,4.191295821659093e-05
2112,kalyāṇapāpakānaṁ,33,4.191295821659093e-05
2113,sacchikarotīti,33,4.191295821659093e-05
2114,lokasmiṁ,33,4.191295821659093e-05
2115,byāpādaṁ,33,4.191295821659093e-05
2116,phassānaṁ,33,4.191295821659093e-05
2117,sakadāgāmiphalaṁ,33,4.191295821659093e-05
2118,uppannanti,33,4.191295821659093e-05
2119,dadeyya,33,4.191295821659093e-05
2120,anuttaraṁ,33,4.191295821659093e-05
2121,apacayagāmissa,33,4.191295821659093e-05
2122,utu,33,4.191295821659093e-05
2123,tīṇipi,33,4.191295821659093e-05
2124,avigata,33,4.191295821659093e-05
2125,dibbacakkhu,33,4.191295821659093e-05
2126,viññāṇānaṁ,33,4.191295821659093e-05
2127,arūpā,33,4.191295821659093e-05
2128,naanidassanaappaṭighaṁ,33,4.191295821659093e-05
2129,nosaññojanaṁ,33,4.191295821659093e-05
2130,naāsavañceva,33,4.191295821659093e-05
2131,naupādinnupādāniyo,33,4.191295821659093e-05
2132,nocittasamuṭṭhānaṁ,33,4.191295821659093e-05
2133,anulomamātikā,33,4.191295821659093e-05
2134,nocittā,33,4.191295821659093e-05
2135,nocittasahabhussa,33,4.191295821659093e-05
2136,noupādānassa,33,4.191295821659093e-05
2137,kilesānaṁ,33,4.191295821659093e-05
2138,saññojaniyo,33,4.191295821659093e-05
2139,upekkhāsambojjhaṅgo,33,4.191295821659093e-05
2140,upeto,33,4.191295821659093e-05
2141,aññataraññatarena,33,4.191295821659093e-05
2142,phalesu,33,4.191295821659093e-05
2143,anaññātaññassāmīti,33,4.191295821659093e-05
2144,somanassasampayuttapacchimacittaṁ,33,4.191295821659093e-05
2145,dvāyatanāni,32,4.064286857366393e-05
2146,vīriyādhipateyyaṁ,32,4.064286857366393e-05
2147,cittādhipateyyaṁ,32,4.064286857366393e-05
2148,aṭṭhaṅgiko,32,4.064286857366393e-05
2149,satipaṭṭhānaṁ,32,4.064286857366393e-05
2150,tatiyo,32,4.064286857366393e-05
2151,vimati,32,4.064286857366393e-05
2152,sukhindriyaṁ,32,4.064286857366393e-05
2153,rūpasaṅgaho,32,4.064286857366393e-05
2154,cittacetasikā,32,4.064286857366393e-05
2155,dinnaṁ,32,4.064286857366393e-05
2156,nimittaggāhī,32,4.064286857366393e-05
2157,maraṇaṁ,32,4.064286857366393e-05
2158,uppannānaṁ,32,4.064286857366393e-05
2159,saṅgahitaṁ,32,4.064286857366393e-05
2160,maggena,32,4.064286857366393e-05
2161,viññāṇañca,32,4.064286857366393e-05
2162,aññatra,32,4.064286857366393e-05
2163,satte,32,4.064286857366393e-05
2164,diṭṭheva,32,4.064286857366393e-05
2165,kappaṁ,32,4.064286857366393e-05
2166,diṭṭhisampanno,32,4.064286857366393e-05
2167,nāhaṁ,32,4.064286857366393e-05
2168,vuttā,32,4.064286857366393e-05
2169,saddhindriyanti,32,4.064286857366393e-05
2170,voharantassa,32,4.064286857366393e-05
2171,caparaṁ,32,4.064286857366393e-05
2172,saṅkhārakkhandhoti,32,4.064286857366393e-05
2173,viññāṇakkhandhoti,32,4.064286857366393e-05
2174,pacchājāta,32,4.064286857366393e-05
2175,paccanubhoti,32,4.064286857366393e-05
2176,maggahetukassa,32,4.064286857366393e-05
2177,uppādī,32,4.064286857366393e-05
2178,anidassanaappaṭighe,32,4.064286857366393e-05
2179,pītisahagatañca,32,4.064286857366393e-05
2180,ekūnapaññāsa,32,4.064286857366393e-05
2181,nanevadassanena,32,4.064286857366393e-05
2182,naanāsavaṁ,32,4.064286857366393e-05
2183,nasanidassanasappaṭighañca,32,4.064286857366393e-05
2184,naabyākatañca,32,4.064286857366393e-05
2185,asaṅkiliṭṭhassa,32,4.064286857366393e-05
2186,kilesavippayutto,32,4.064286857366393e-05
2187,nahetuahetukassa,32,4.064286857366393e-05
2188,sāsavassa,32,4.064286857366393e-05
2189,hetusampayuttassa,32,4.064286857366393e-05
2190,tacchaṁ,32,4.064286857366393e-05
2191,kittakaṁ,32,4.064286857366393e-05
2192,vāssa,32,4.064286857366393e-05
2193,bhāvitthāti,32,4.064286857366393e-05
2194,parijānissati,32,4.064286857366393e-05
2195,saññākkhandhaṁ,31,3.937277893073693e-05
2196,viññāṇakkhandhaṁ,31,3.937277893073693e-05
2197,kiriyaṁ,31,3.937277893073693e-05
2198,arūpāvacarassa,31,3.937277893073693e-05
2199,dukkhindriyaṁ,31,3.937277893073693e-05
2200,cittasahabhu,31,3.937277893073693e-05
2201,yañca,31,3.937277893073693e-05
2202,ghānena,31,3.937277893073693e-05
2203,dukkhe,31,3.937277893073693e-05
2204,iddhipādā,31,3.937277893073693e-05
2205,phassena,31,3.937277893073693e-05
2206,catukkamūlakaṁ,31,3.937277893073693e-05
2207,sotāpannassa,31,3.937277893073693e-05
2208,phassā,31,3.937277893073693e-05
2209,sattakkhattuparamo,31,3.937277893073693e-05
2210,pañcaviññāṇā,31,3.937277893073693e-05
2211,kusalābyākate,31,3.937277893073693e-05
2212,kammanti,31,3.937277893073693e-05
2213,vutto,31,3.937277893073693e-05
2214,bhāvetvā,31,3.937277893073693e-05
2215,passato,31,3.937277893073693e-05
2216,mettā,31,3.937277893073693e-05
2217,saññāvedayitanirodhaṁ,31,3.937277893073693e-05
2218,sadhammakusalassa,31,3.937277893073693e-05
2219,paradhammakusalassa,31,3.937277893073693e-05
2220,kaṅkhāti,31,3.937277893073693e-05
2221,paravitāraṇāti,31,3.937277893073693e-05
2222,kañci,31,3.937277893073693e-05
2223,dosassa,31,3.937277893073693e-05
2224,maggādhipatiñca,31,3.937277893073693e-05
2225,anāgatārammaṇassa,31,3.937277893073693e-05
2226,navipākaṁ,31,3.937277893073693e-05
2227,asaṅkiliṭṭhaasaṅkilesikaṁ,31,3.937277893073693e-05
2228,upekkhāsahagatena,31,3.937277893073693e-05
2229,nasāsavaṁ,31,3.937277893073693e-05
2230,nasahetukassa,31,3.937277893073693e-05
2231,naāsavasampayutto,31,3.937277893073693e-05
2232,cetasike,31,3.937277893073693e-05
2233,acetasikassa,31,3.937277893073693e-05
2234,nakāmāvacarassa,31,3.937277893073693e-05
2235,pariyāpanno,31,3.937277893073693e-05
2236,sauttaro,31,3.937277893073693e-05
2237,nosaññojanassa,31,3.937277893073693e-05
2238,sampajānakārī,31,3.937277893073693e-05
2239,nāmā,31,3.937277893073693e-05
2240,paññācakkhu,31,3.937277893073693e-05
2241,vedanāttika,30,3.810268928780993e-05
2242,vipākattika,30,3.810268928780993e-05
2243,saṅkiliṭṭhasaṅkilesikā,30,3.810268928780993e-05
2244,hirī,30,3.810268928780993e-05
2245,indriyesu,30,3.810268928780993e-05
2246,abyākatamūlaṁ,30,3.810268928780993e-05
2247,samāpattiyā,30,3.810268928780993e-05
2248,paṭhamo,30,3.810268928780993e-05
2249,diṭṭhigatavippayuttaṁ,30,3.810268928780993e-05
2250,viññāṇehi,30,3.810268928780993e-05
2251,cakkhusamphassassa,30,3.810268928780993e-05
2252,kāyasamphassassa,30,3.810268928780993e-05
2253,jivhāya,30,3.810268928780993e-05
2254,manokammaṁ,30,3.810268928780993e-05
2255,saṅghe,30,3.810268928780993e-05
2256,imesaṁ,30,3.810268928780993e-05
2257,ganthe,30,3.810268928780993e-05
2258,āsavehi,30,3.810268928780993e-05
2259,same,30,3.810268928780993e-05
2260,samabhāge,30,3.810268928780993e-05
2261,diṭṭhe,30,3.810268928780993e-05
2262,kattha,30,3.810268928780993e-05
2263,sacchikato,30,3.810268928780993e-05
2264,sotāpattiphalasacchikiriyāya,30,3.810268928780993e-05
2265,sīlassa,30,3.810268928780993e-05
2266,pathavī,30,3.810268928780993e-05
2267,pātubhāvo,30,3.810268928780993e-05
2268,cakkhuviññāṇan,30,3.810268928780993e-05
2269,lokiyena,30,3.810268928780993e-05
2270,vimuccati,30,3.810268928780993e-05
2271,anārammaṇoti,30,3.810268928780993e-05
2272,antarābhavoti,30,3.810268928780993e-05
2273,anidassanasappaṭighe,30,3.810268928780993e-05
2274,sanidassanasappaṭighassa,30,3.810268928780993e-05
2275,nanabhāvanāya,30,3.810268928780993e-05
2276,nanoāsavo,30,3.810268928780993e-05
2277,āsavasampayuttañceva,30,3.810268928780993e-05
2278,cittasampayuttassa,30,3.810268928780993e-05
2279,narūpāvacarassa,30,3.810268928780993e-05
2280,nahetusahetukassa,30,3.810268928780993e-05
2281,sappaṭighassa,30,3.810268928780993e-05
2282,noparāmāsassa,30,3.810268928780993e-05
2283,nappajānāti,30,3.810268928780993e-05
2284,paññapeti,30,3.810268928780993e-05
2285,sahati,30,3.810268928780993e-05
2286,uppajjamānā,30,3.810268928780993e-05
2287,pātubhavati,30,3.810268928780993e-05
2288,oḷārikā,30,3.810268928780993e-05
2289,sukhumā,30,3.810268928780993e-05
2290,rūpakkhandhaṁ,30,3.810268928780993e-05
2291,vitakkavicārehi,30,3.810268928780993e-05
2292,pañcakamūlakaṁ,30,3.810268928780993e-05
2293,chakkamūlakaṁ,30,3.810268928780993e-05
2294,appahīnāti,30,3.810268928780993e-05
2295,upādinnattika,29,3.683259964488294e-05
2296,sammattaniyatā,29,3.683259964488294e-05
2297,saññojanavippayuttā,29,3.683259964488294e-05
2298,cittasaṁsaṭṭhasamuṭṭhānasahabhuno,29,3.683259964488294e-05
2299,cittasaṁsaṭṭhasamuṭṭhānānuparivattino,29,3.683259964488294e-05
2300,piṭṭhiduka,29,3.683259964488294e-05
2301,saddārammaṇaṁ,29,3.683259964488294e-05
2302,gandhārammaṇaṁ,29,3.683259964488294e-05
2303,rasārammaṇaṁ,29,3.683259964488294e-05
2304,phoṭṭhabbārammaṇaṁ,29,3.683259964488294e-05
2305,pavicayo,29,3.683259964488294e-05
2306,nāsātaṁ,29,3.683259964488294e-05
2307,samādhisambojjhaṅgo,29,3.683259964488294e-05
2308,cittavippayuttaṁ,29,3.683259964488294e-05
2309,cittānuparivatti,29,3.683259964488294e-05
2310,gandhadhātu,29,3.683259964488294e-05
2311,rasadhātu,29,3.683259964488294e-05
2312,ākāso,29,3.683259964488294e-05
2313,diṭṭhāsavo,29,3.683259964488294e-05
2314,sīlabbataparāmāsaṁ,29,3.683259964488294e-05
2315,niṭṭhito,29,3.683259964488294e-05
2316,jātiyā,29,3.683259964488294e-05
2317,passatīti,29,3.683259964488294e-05
2318,ettāvatā,29,3.683259964488294e-05
2319,kāmarāgaṁ,29,3.683259964488294e-05
2320,taññeva,29,3.683259964488294e-05
2321,sammukhībhāvaṁ,29,3.683259964488294e-05
2322,maggoti,29,3.683259964488294e-05
2323,abyākatāti,29,3.683259964488294e-05
2324,kappaṭṭho,29,3.683259964488294e-05
2325,niyatassa,29,3.683259964488294e-05
2326,sarāgaṁ,29,3.683259964488294e-05
2327,idappaccayatāpaṭiccasamuppannesu,29,3.683259964488294e-05
2328,bhedā,29,3.683259964488294e-05
2329,vibhajitabbaṁ,29,3.683259964488294e-05
2330,ghaṭanā,29,3.683259964488294e-05
2331,iddhividhañāṇaṁ,29,3.683259964488294e-05
2332,imesu,29,3.683259964488294e-05
2333,sutassa,29,3.683259964488294e-05
2334,napītisahagataṁ,29,3.683259964488294e-05
2335,ajjhattikañca,29,3.683259964488294e-05
2336,bāhirañca,29,3.683259964488294e-05
2337,noāsavā,29,3.683259964488294e-05
2338,dhammaniruttābhilāpe,29,3.683259964488294e-05
2339,ñāṇesu,29,3.683259964488294e-05
2340,ñāṇavatthu,29,3.683259964488294e-05
2341,sahabyataṁ,29,3.683259964488294e-05
2342,kusalamūlapaccayā,29,3.683259964488294e-05
2343,rūpāyatanamūlakaṁ,29,3.683259964488294e-05
2344,saṅkiliṭṭhattika,28,3.556251000195594e-05
2345,avaṭṭhiti,28,3.556251000195594e-05
2346,avisāhāro,28,3.556251000195594e-05
2347,avisāhaṭamānasatā,28,3.556251000195594e-05
2348,ñāṇasampayuttā,28,3.556251000195594e-05
2349,ñāṇavippayuttā,28,3.556251000195594e-05
2350,hirīyati,28,3.556251000195594e-05
2351,ottappati,28,3.556251000195594e-05
2352,balāni,28,3.556251000195594e-05
2353,sukhañca,28,3.556251000195594e-05
2354,cakkhuviññāṇadhātu,28,3.556251000195594e-05
2355,sotena,28,3.556251000195594e-05
2356,yāya,28,3.556251000195594e-05
2357,niruddhā,28,3.556251000195594e-05
2358,paṭipadāya,28,3.556251000195594e-05
2359,kāyagantho,28,3.556251000195594e-05
2360,saṁvaro,28,3.556251000195594e-05
2361,anuppannānaṁ,28,3.556251000195594e-05
2362,cittuppādo,28,3.556251000195594e-05
2363,āsave,28,3.556251000195594e-05
2364,sampayuttehi,28,3.556251000195594e-05
2365,niggahaṁ,28,3.556251000195594e-05
2366,kāyoti,28,3.556251000195594e-05
2367,asmā,28,3.556251000195594e-05
2368,parasmā,28,3.556251000195594e-05
2369,lohitaṁ,28,3.556251000195594e-05
2370,kāretā,28,3.556251000195594e-05
2371,pavattatīti,28,3.556251000195594e-05
2372,sāvako,28,3.556251000195594e-05
2373,cetopariyañāṇaṁ,28,3.556251000195594e-05
2374,jhānaṅgāni,28,3.556251000195594e-05
2375,bāhire,28,3.556251000195594e-05
2376,bandhitabbaṁ,28,3.556251000195594e-05
2377,pañcatiṁsa,28,3.556251000195594e-05
2378,ekūnavīsa,28,3.556251000195594e-05
2379,nacittasaṁsaṭṭho,28,3.556251000195594e-05
2380,sādhu,28,3.556251000195594e-05
2381,tathāhaṁ,28,3.556251000195594e-05
2382,saṁyojanañceva,28,3.556251000195594e-05
2383,aggamaggasamaṅgiñca,28,3.556251000195594e-05
2384,rūpakkhandhoti,28,3.556251000195594e-05
2385,vedanākkhandhoti,28,3.556251000195594e-05
2386,saññākkhandhoti,28,3.556251000195594e-05
2387,savitakkasavicārapacchimacittassa,28,3.556251000195594e-05
2388,nānusentīti,28,3.556251000195594e-05
2389,hetugocchaka,27,3.429242035902894e-05
2390,parāmāsasampayuttā,27,3.429242035902894e-05
2391,cittasahabhuno,27,3.429242035902894e-05
2392,cittānuparivattino,27,3.429242035902894e-05
2393,nākusalā,27,3.429242035902894e-05
2394,kammavipākā,27,3.429242035902894e-05
2395,ottappaṁ,27,3.429242035902894e-05
2396,vicayo,27,3.429242035902894e-05
2397,savicāraṁ,27,3.429242035902894e-05
2398,vīmaṁsādhipateyyaṁ,27,3.429242035902894e-05
2399,hetuvippayuttaṁ,27,3.429242035902894e-05
2400,viññatti,27,3.429242035902894e-05
2401,kusalahetū,27,3.429242035902894e-05
2402,kāmesu,27,3.429242035902894e-05
2403,kāmacchandanīvaraṇaṁ,27,3.429242035902894e-05
2404,thinamiddhanīvaraṇaṁ,27,3.429242035902894e-05
2405,antare,27,3.429242035902894e-05
2406,catuvokārabhavo,27,3.429242035902894e-05
2407,tassuddānaṁ,27,3.429242035902894e-05
2408,maṁ,27,3.429242035902894e-05
2409,saṅkhatoti,27,3.429242035902894e-05
2410,tiṭṭhatīti,27,3.429242035902894e-05
2411,saṁvijjamānā,27,3.429242035902894e-05
2412,diṭṭhāni,27,3.429242035902894e-05
2413,rāgappahānāya,27,3.429242035902894e-05
2414,devā,27,3.429242035902894e-05
2415,samāno,27,3.429242035902894e-05
2416,ariyaṁ,27,3.429242035902894e-05
2417,anāgato,27,3.429242035902894e-05
2418,cittavippayuttoti,27,3.429242035902894e-05
2419,bhāsato,27,3.429242035902894e-05
2420,yāni,27,3.429242035902894e-05
2421,kareyya,27,3.429242035902894e-05
2422,samāpanno,27,3.429242035902894e-05
2423,manasikaroto,27,3.429242035902894e-05
2424,dukkhanti,27,3.429242035902894e-05
2425,phale,27,3.429242035902894e-05
2426,vineyya,27,3.429242035902894e-05
2427,kappasahassāni,27,3.429242035902894e-05
2428,nakamma,27,3.429242035902894e-05
2429,sahajātavāro,27,3.429242035902894e-05
2430,mānassa,27,3.429242035902894e-05
2431,anuppannaṁ,27,3.429242035902894e-05
2432,mahaggatañca,27,3.429242035902894e-05
2433,cāgo,27,3.429242035902894e-05
2434,aṭṭhavīsa,27,3.429242035902894e-05
2435,nanahetuñca,27,3.429242035902894e-05
2436,nanevavipākanavipākadhammadhammo,27,3.429242035902894e-05
2437,nana,27,3.429242035902894e-05
2438,āsavañca,27,3.429242035902894e-05
2439,nasārammaṇo,27,3.429242035902894e-05
2440,cittasamuṭṭhāne,27,3.429242035902894e-05
2441,cittasahabhussa,27,3.429242035902894e-05
2442,upādānānaṁ,27,3.429242035902894e-05
2443,diṭṭhigatavippayuttalobhasahagate,27,3.429242035902894e-05
2444,kilesavippayuttaṁ,27,3.429242035902894e-05
2445,naarūpāvacarassa,27,3.429242035902894e-05
2446,sappaccayassa,27,3.429242035902894e-05
2447,saññojanasampayuttaṁ,27,3.429242035902894e-05
2448,paṭilabhati,27,3.429242035902894e-05
2449,paññapenti,27,3.429242035902894e-05
2450,bhāvetabbā,27,3.429242035902894e-05
2451,sacchikātabbā,27,3.429242035902894e-05
2452,sampayuttan,27,3.429242035902894e-05
2453,paññindriyamūlakaṁ,27,3.429242035902894e-05
2454,pariññāvāra,27,3.429242035902894e-05
2455,pajahittha,27,3.429242035902894e-05
2456,vitakkattika,26,3.302233071610194e-05
2457,sappaccayā,26,3.302233071610194e-05
2458,oghā,26,3.302233071610194e-05
2459,yogā,26,3.302233071610194e-05
2460,avicārā,26,3.302233071610194e-05
2461,araṇā,26,3.302233071610194e-05
2462,vāyāmo,26,3.302233071610194e-05
2463,saddhābalaṁ,26,3.302233071610194e-05
2464,sammappadhānaṁ,26,3.302233071610194e-05
2465,kammāni,26,3.302233071610194e-05
2466,mohena,26,3.302233071610194e-05
2467,sayaṁ,26,3.302233071610194e-05
2468,abhiññā,26,3.302233071610194e-05
2469,sanidassanasappaṭighaṁ,26,3.302233071610194e-05
2470,sammāsambuddho,26,3.302233071610194e-05
2471,diṭṭho,26,3.302233071610194e-05
2472,kālaṁ,26,3.302233071610194e-05
2473,cittānuparivattīti,26,3.302233071610194e-05
2474,saṁsaṭṭhaṁ,26,3.302233071610194e-05
2475,manussānaṁ,26,3.302233071610194e-05
2476,jhānantarikāti,26,3.302233071610194e-05
2477,savicāro,26,3.302233071610194e-05
2478,issariyakāmakārikāhetu,26,3.302233071610194e-05
2479,vimuttiñāṇaṁ,26,3.302233071610194e-05
2480,sauttaraṁ,26,3.302233071610194e-05
2481,chando,26,3.302233071610194e-05
2482,paṭiccavāre,26,3.302233071610194e-05
2483,nasanidassanaṁ,26,3.302233071610194e-05
2484,hetusampayuttañceva,26,3.302233071610194e-05
2485,nocittasaṁsaṭṭhasamuṭṭhānaṁ,26,3.302233071610194e-05
2486,naakusalañca,26,3.302233071610194e-05
2487,navapi,26,3.302233071610194e-05
2488,nonīvaraṇassa,26,3.302233071610194e-05
2489,parāmāsasampayuttassa,26,3.302233071610194e-05
2490,parāmāsavippayuttassa,26,3.302233071610194e-05
2491,cassa,26,3.302233071610194e-05
2492,jhānasampayuttā,26,3.302233071610194e-05
2493,kāmadhātupariyāpannā,26,3.302233071610194e-05
2494,nivisamānā,26,3.302233071610194e-05
2495,nivisati,26,3.302233071610194e-05
2496,ghānindriyamūlakaṁ,26,3.302233071610194e-05
2497,purisindriyamūlakaṁ,26,3.302233071610194e-05
2498,jīvitindriyamūlakaṁ,26,3.302233071610194e-05
2499,somanassindriyamūlakaṁ,26,3.302233071610194e-05
2500,upekkhindriyamūlakaṁ,26,3.302233071610194e-05
2501,saddhindriyamūlakaṁ,26,3.302233071610194e-05
2502,catuvokāre,26,3.302233071610194e-05
2503,anāgāmimaggasamaṅgiñca,26,3.302233071610194e-05
2504,maggasamaṅgīnañca,26,3.302233071610194e-05
2505,pītittika,25,3.175224107317494e-05
2506,saṅkhatā,25,3.175224107317494e-05
2507,aparāmaṭṭhā,25,3.175224107317494e-05
2508,asaṅkilesikā,25,3.175224107317494e-05
2509,pañcindriyāni,25,3.175224107317494e-05
2510,sallakkhaṇā,25,3.175224107317494e-05
2511,upalakkhaṇā,25,3.175224107317494e-05
2512,paccupalakkhaṇā,25,3.175224107317494e-05
2513,arūpīnaṁ,25,3.175224107317494e-05
2514,pañcaṅgiko,25,3.175224107317494e-05
2515,akusalehi,25,3.175224107317494e-05
2516,paṭivirodho,25,3.175224107317494e-05
2517,aññā,25,3.175224107317494e-05
2518,attabhāvapariyāpanno,25,3.175224107317494e-05
2519,lokopeso,25,3.175224107317494e-05
2520,dvārāpesā,25,3.175224107317494e-05
2521,samuddopeso,25,3.175224107317494e-05
2522,khettampetaṁ,25,3.175224107317494e-05
2523,orimaṁ,25,3.175224107317494e-05
2524,vacībhedo,25,3.175224107317494e-05
2525,khayo,25,3.175224107317494e-05
2526,ariyānaṁ,25,3.175224107317494e-05
2527,maggaṅgāni,25,3.175224107317494e-05
2528,anāgate,25,3.175224107317494e-05
2529,abyākatahetū,25,3.175224107317494e-05
2530,rūpataṇhā,25,3.175224107317494e-05
2531,atthaṁ,25,3.175224107317494e-05
2532,diṭṭhupādānaṁ,25,3.175224107317494e-05
2533,sacchikatvā,25,3.175224107317494e-05
2534,upādānasampayuttañca,25,3.175224107317494e-05
2535,upādāne,25,3.175224107317494e-05
2536,jhānāni,25,3.175224107317494e-05
2537,etaṁ,25,3.175224107317494e-05
2538,manodhātuyā,25,3.175224107317494e-05
2539,kāyindriyañca,25,3.175224107317494e-05
2540,cakkhussa,25,3.175224107317494e-05
2541,dibbassa,25,3.175224107317494e-05
2542,tasmā,25,3.175224107317494e-05
2543,yvāyaṁ,25,3.175224107317494e-05
2544,parihāyatīti,25,3.175224107317494e-05
2545,vijjati,25,3.175224107317494e-05
2546,paṭiladdho,25,3.175224107317494e-05
2547,paccuppannan,25,3.175224107317494e-05
2548,maggasamaṅgī,25,3.175224107317494e-05
2549,ābhogo,25,3.175224107317494e-05
2550,tiṭṭheyyāti,25,3.175224107317494e-05
2551,kammūpacayo,25,3.175224107317494e-05
2552,brahmacariyaṁ,25,3.175224107317494e-05
2553,ummujjitvā,25,3.175224107317494e-05
2554,jīvitindriyanti,25,3.175224107317494e-05
2555,appahāya,25,3.175224107317494e-05
2556,nissayavāro,25,3.175224107317494e-05
2557,kusalākusalaṁ,25,3.175224107317494e-05
2558,gotrabhuṁ,25,3.175224107317494e-05
2559,saṁsaṭṭha,25,3.175224107317494e-05
2560,appamāṇārammaṇassa,25,3.175224107317494e-05
2561,abyākatapada,25,3.175224107317494e-05
2562,cāgassa,25,3.175224107317494e-05
2563,upādinnupādāniyañca,25,3.175224107317494e-05
2564,nissayavārampi,25,3.175224107317494e-05
2565,napītisahagato,25,3.175224107317494e-05
2566,rūpiṁ,25,3.175224107317494e-05
2567,nalokuttaro,25,3.175224107317494e-05
2568,āsavavippayuttañca,25,3.175224107317494e-05
2569,paccayavasena,25,3.175224107317494e-05
2570,nocittasahabhuṁ,25,3.175224107317494e-05
2571,diṭṭhigatavippayutto,25,3.175224107317494e-05
2572,asamāpannassa,25,3.175224107317494e-05
2573,rūpadhātupariyāpannā,25,3.175224107317494e-05
2574,saṁyojanasampayuttā,25,3.175224107317494e-05
2575,atītānāgatavāra,25,3.175224107317494e-05
2576,ajjhattabahiddhārammaṇā,24,3.0482151430247946e-05
2577,savicārā,24,3.0482151430247946e-05
2578,dhammārammaṇā,24,3.0482151430247946e-05
2579,anabhijjhā,24,3.0482151430247946e-05
2580,abyāpādo,24,3.0482151430247946e-05
2581,paṇḍiccaṁ,24,3.0482151430247946e-05
2582,kosallaṁ,24,3.0482151430247946e-05
2583,nepuññaṁ,24,3.0482151430247946e-05
2584,vebhabyā,24,3.0482151430247946e-05
2585,cintā,24,3.0482151430247946e-05
2586,upaparikkhā,24,3.0482151430247946e-05
2587,pariṇāyikā,24,3.0482151430247946e-05
2588,patodo,24,3.0482151430247946e-05
2589,paññāsatthaṁ,24,3.0482151430247946e-05
2590,paññāpāsādo,24,3.0482151430247946e-05
2591,paññāāloko,24,3.0482151430247946e-05
2592,paññāobhāso,24,3.0482151430247946e-05
2593,paññāpajjoto,24,3.0482151430247946e-05
2594,paññāratanaṁ,24,3.0482151430247946e-05
2595,balaṁ,24,3.0482151430247946e-05
2596,micchāsamādhi,24,3.0482151430247946e-05
2597,asātā,24,3.0482151430247946e-05
2598,kusalākusalānaṁ,24,3.0482151430247946e-05
2599,pītiṁ,24,3.0482151430247946e-05
2600,paccattaṁ,24,3.0482151430247946e-05
2601,mātā,24,3.0482151430247946e-05
2602,vohāro,24,3.0482151430247946e-05
2603,āpajjati,24,3.0482151430247946e-05
2604,ekato,24,3.0482151430247946e-05
2605,ariyo,24,3.0482151430247946e-05
2606,pannarasahi,24,3.0482151430247946e-05
2607,asaṅgahito,24,3.0482151430247946e-05
2608,esese,24,3.0482151430247946e-05
2609,ekaṭṭhe,24,3.0482151430247946e-05
2610,lokanti,24,3.0482151430247946e-05
2611,saṁsāro,24,3.0482151430247946e-05
2612,manusso,24,3.0482151430247946e-05
2613,viharatīti,24,3.0482151430247946e-05
2614,saṇṭhāti,24,3.0482151430247946e-05
2615,asaññasattesu,24,3.0482151430247946e-05
2616,tadekaṭṭhe,24,3.0482151430247946e-05
2617,bhagavatāti,24,3.0482151430247946e-05
2618,vadāmi,24,3.0482151430247946e-05
2619,atītabhāvaṁ,24,3.0482151430247946e-05
2620,kameyya,24,3.0482151430247946e-05
2621,ekacce,24,3.0482151430247946e-05
2622,jānato,24,3.0482151430247946e-05
2623,paṭighassa,24,3.0482151430247946e-05
2624,arahattamaggena,24,3.0482151430247946e-05
2625,pahānaṁ,24,3.0482151430247946e-05
2626,ānantariko,24,3.0482151430247946e-05
2627,ariyasaccaṁ,24,3.0482151430247946e-05
2628,yoni,24,3.0482151430247946e-05
2629,vimuccantīti,24,3.0482151430247946e-05
2630,dibbacakkhuṁ,24,3.0482151430247946e-05
2631,phassavippayuttaṁ,24,3.0482151430247946e-05
2632,naadhipatyādi,24,3.0482151430247946e-05
2633,anantarasadisaṁ,24,3.0482151430247946e-05
2634,anāgataṁsañāṇaṁ,24,3.0482151430247946e-05
2635,paccaya,24,3.0482151430247946e-05
2636,ajjhattārammaṇassa,24,3.0482151430247946e-05
2637,bahiddhārammaṇassa,24,3.0482151430247946e-05
2638,navipākadhammadhammaṁ,24,3.0482151430247946e-05
2639,nasappaṭighaṁ,24,3.0482151430247946e-05
2640,appaṭighañca,24,3.0482151430247946e-05
2641,nacitto,24,3.0482151430247946e-05
2642,purimaṁ,24,3.0482151430247946e-05
2643,cittasaṁsaṭṭhasamuṭṭhāne,24,3.0482151430247946e-05
2644,asaṅkiliṭṭhaṁ,24,3.0482151430247946e-05
2645,anāsavassa,24,3.0482151430247946e-05
2646,ātāpī,24,3.0482151430247946e-05
2647,itthaṁ,24,3.0482151430247946e-05
2648,aññathā,24,3.0482151430247946e-05
2649,arūpadhātupariyāpannā,24,3.0482151430247946e-05
2650,etesaṁ,24,3.0482151430247946e-05
2651,bahuvidhena,24,3.0482151430247946e-05
2652,ekamūlā,24,3.0482151430247946e-05
2653,ekamūlamūlā,24,3.0482151430247946e-05
2654,ekamūlakā,24,3.0482151430247946e-05
2655,ekamūlamūlakā,24,3.0482151430247946e-05
2656,sasotakānaṁ,24,3.0482151430247946e-05
2657,sacakkhukā,24,3.0482151430247946e-05
2658,parijānissatīti,24,3.0482151430247946e-05
2659,sacchikarissatīti,24,3.0482151430247946e-05
2660,anuttarā,23,2.921206178732095e-05
2661,bhavataṇhā,23,2.921206178732095e-05
2662,bhūrī,23,2.921206178732095e-05
2663,medhā,23,2.921206178732095e-05
2664,yapanā,23,2.921206178732095e-05
2665,yāpanā,23,2.921206178732095e-05
2666,iriyanā,23,2.921206178732095e-05
2667,vattanā,23,2.921206178732095e-05
2668,virāgā,23,2.921206178732095e-05
2669,micchāvāyāmo,23,2.921206178732095e-05
2670,avijjogho,23,2.921206178732095e-05
2671,dukkhasahagataṁ,23,2.921206178732095e-05
2672,maggaphalāni,23,2.921206178732095e-05
2673,upekkhaṁ,23,2.921206178732095e-05
2674,appamāṇe,23,2.921206178732095e-05
2675,atīte,23,2.921206178732095e-05
2676,dukkhanirodhagāminiyā,23,2.921206178732095e-05
2677,abhijjhākāyagantho,23,2.921206178732095e-05
2678,cāti,23,2.921206178732095e-05
2679,sutvā,23,2.921206178732095e-05
2680,saññojane,23,2.921206178732095e-05
2681,saṅkhārehi,23,2.921206178732095e-05
2682,saṅkhato,23,2.921206178732095e-05
2683,uppanne,23,2.921206178732095e-05
2684,upalabbhantīti,23,2.921206178732095e-05
2685,kāyānupassī,23,2.921206178732095e-05
2686,phalehi,23,2.921206178732095e-05
2687,anottappapahānāya,23,2.921206178732095e-05
2688,adhigato,23,2.921206178732095e-05
2689,aṇusahagataṁ,23,2.921206178732095e-05
2690,udapādi,23,2.921206178732095e-05
2691,labbhā,23,2.921206178732095e-05
2692,kusalanti,23,2.921206178732095e-05
2693,sāva,23,2.921206178732095e-05
2694,sadosaṁ,23,2.921206178732095e-05
2695,sattāvāso,23,2.921206178732095e-05
2696,vimuttaṁ,23,2.921206178732095e-05
2697,dibbasotaṁ,23,2.921206178732095e-05
2698,naṁ,23,2.921206178732095e-05
2699,antarābhavo,23,2.921206178732095e-05
2700,yathācittassa,23,2.921206178732095e-05
2701,atthyādi,23,2.921206178732095e-05
2702,paccayavārasadiso,23,2.921206178732095e-05
2703,gaṇanā,23,2.921206178732095e-05
2704,āhārādi,23,2.921206178732095e-05
2705,noavigatapaccayā,23,2.921206178732095e-05
2706,mūlakaṁ,23,2.921206178732095e-05
2707,upādinnupādāniye,23,2.921206178732095e-05
2708,anupādinnaanupādāniyañca,23,2.921206178732095e-05
2709,parikammañca,23,2.921206178732095e-05
2710,pahātabbānaṁ,23,2.921206178732095e-05
2711,nalokiyaṁ,23,2.921206178732095e-05
2712,nahetusampayutto,23,2.921206178732095e-05
2713,nasappaṭigho,23,2.921206178732095e-05
2714,cittasaṁsaṭṭhasamuṭṭhānasahabhū,23,2.921206178732095e-05
2715,upādānasampayuttaṁ,23,2.921206178732095e-05
2716,diṭṭhigatavippayuttalobhasahagatānaṁ,23,2.921206178732095e-05
2717,savitakke,23,2.921206178732095e-05
2718,pītiñca,23,2.921206178732095e-05
2719,domanassasahagato,23,2.921206178732095e-05
2720,domanassasahagatānaṁ,23,2.921206178732095e-05
2721,nīvaraṇavippayuttaṁ,23,2.921206178732095e-05
2722,sevitabbo,23,2.921206178732095e-05
2723,bhajitabbo,23,2.921206178732095e-05
2724,payirupāsitabbo,23,2.921206178732095e-05
2725,cetovimuttiṁ,23,2.921206178732095e-05
2726,paññāvimuttiṁ,23,2.921206178732095e-05
2727,parisodheti,23,2.921206178732095e-05
2728,asotakānaṁ,23,2.921206178732095e-05
2729,vacī,23,2.921206178732095e-05
2730,dhammasaṅgaṇī,22,2.794197214439395e-05
2731,ācayagāmittika,22,2.794197214439395e-05
2732,sekkhattika,22,2.794197214439395e-05
2733,parittattika,22,2.794197214439395e-05
2734,parittārammaṇattika,22,2.794197214439395e-05
2735,hīnattika,22,2.794197214439395e-05
2736,uppannattika,22,2.794197214439395e-05
2737,saññojaniyā,22,2.794197214439395e-05
2738,anupādāniyā,22,2.794197214439395e-05
2739,aṭṭhindriyāni,22,2.794197214439395e-05
2740,pītisukhaṁ,22,2.794197214439395e-05
2741,parittāni,22,2.794197214439395e-05
2742,appamāṇāni,22,2.794197214439395e-05
2743,kāyaviññāṇadhātu,22,2.794197214439395e-05
2744,animittaṁ,22,2.794197214439395e-05
2745,saddadhātu,22,2.794197214439395e-05
2746,dukaṁ,22,2.794197214439395e-05
2747,aparante,22,2.794197214439395e-05
2748,akusalahetū,22,2.794197214439395e-05
2749,kāmataṇhā,22,2.794197214439395e-05
2750,kāmāsavo,22,2.794197214439395e-05
2751,dvādasāyatanāni,22,2.794197214439395e-05
2752,manoviññāṇadhātuyā,22,2.794197214439395e-05
2753,sattāti,22,2.794197214439395e-05
2754,sandhāvatīti,22,2.794197214439395e-05
2755,dhammānupassī,22,2.794197214439395e-05
2756,cakkhusamphassapaccayā,22,2.794197214439395e-05
2757,manosamphassapaccayā,22,2.794197214439395e-05
2758,jahatī,22,2.794197214439395e-05
2759,vikkhambheti,22,2.794197214439395e-05
2760,ajātaṁ,22,2.794197214439395e-05
2761,samudayaṁ,22,2.794197214439395e-05
2762,sattannaṁ,22,2.794197214439395e-05
2763,āgacchantīti,22,2.794197214439395e-05
2764,vaggo,22,2.794197214439395e-05
2765,kusalampi,22,2.794197214439395e-05
2766,mātaraṁ,22,2.794197214439395e-05
2767,seyyathidaṁ,22,2.794197214439395e-05
2768,pacchā,22,2.794197214439395e-05
2769,jivhāviññāṇassa,22,2.794197214439395e-05
2770,samohaṁ,22,2.794197214439395e-05
2771,saṅkiliṭṭhaṁ,22,2.794197214439395e-05
2772,musā,22,2.794197214439395e-05
2773,tāṇāni,22,2.794197214439395e-05
2774,antarikā,22,2.794197214439395e-05
2775,kāmaguṇā,22,2.794197214439395e-05
2776,kiriyābyākate,22,2.794197214439395e-05
2777,kassapassa,22,2.794197214439395e-05
2778,niyāmagamanāya,22,2.794197214439395e-05
2779,samāpajjati,22,2.794197214439395e-05
2780,dhammāyatananti,22,2.794197214439395e-05
2781,pahātabbahetukānaṁ,22,2.794197214439395e-05
2782,samanantarādi,22,2.794197214439395e-05
2783,ācayagāmiñca,22,2.794197214439395e-05
2784,cāgaṁ,22,2.794197214439395e-05
2785,pubbenivāsānussatiñāṇaṁ,22,2.794197214439395e-05
2786,hetumūlakaṁ,22,2.794197214439395e-05
2787,nahetumūlakaṁ,22,2.794197214439395e-05
2788,ādiyati,22,2.794197214439395e-05
2789,vipākadhammadhammañca,22,2.794197214439395e-05
2790,cakkhuviññāṇasahagataṁ,22,2.794197214439395e-05
2791,nalokuttaraṁ,22,2.794197214439395e-05
2792,paccayavārampi,22,2.794197214439395e-05
2793,saṁsaṭṭhavārampi,22,2.794197214439395e-05
2794,naanupādinnaanupādāniyo,22,2.794197214439395e-05
2795,nacittasampayutto,22,2.794197214439395e-05
2796,nocittasaṁsaṭṭhasamuṭṭhānassa,22,2.794197214439395e-05
2797,upādinne,22,2.794197214439395e-05
2798,kilesañca,22,2.794197214439395e-05
2799,saṅkiliṭṭhañceva,22,2.794197214439395e-05
2800,sanidassanassa,22,2.794197214439395e-05
2801,domanassasahagate,22,2.794197214439395e-05
2802,nīvaraṇañca,22,2.794197214439395e-05
2803,maggasamaṅgino,22,2.794197214439395e-05
2804,ṭhānañca,22,2.794197214439395e-05
2805,upekkhāsampayuttapacchimacittaṁ,22,2.794197214439395e-05
2806,parijānissanti,22,2.794197214439395e-05
2807,nāyatanaṁ,22,2.794197214439395e-05
2808,maggārammaṇattika,21,2.6671882501466953e-05
2809,aganthaniyā,21,2.6671882501466953e-05
2810,anīvaraṇiyā,21,2.6671882501466953e-05
2811,cittasaṁsaṭṭhā,21,2.6671882501466953e-05
2812,asaṅkiliṭṭhā,21,2.6671882501466953e-05
2813,sauttarā,21,2.6671882501466953e-05
2814,pālanā,21,2.6671882501466953e-05
2815,arūpūpapattiyā,21,2.6671882501466953e-05
2816,phassaṁ,21,2.6671882501466953e-05
2817,avijjāyogo,21,2.6671882501466953e-05
2818,byāpatti,21,2.6671882501466953e-05
2819,apariyāpannaṁ,21,2.6671882501466953e-05
2820,kusalābyākatā,21,2.6671882501466953e-05
2821,cakkhuviññeyyā,21,2.6671882501466953e-05
2822,kukkuccaṁ,21,2.6671882501466953e-05
2823,vicikicchāya,21,2.6671882501466953e-05
2824,saṅkhā,21,2.6671882501466953e-05
2825,yesaṁ,21,2.6671882501466953e-05
2826,tevīsa,21,2.6671882501466953e-05
2827,pannarasindriyā,21,2.6671882501466953e-05
2828,saṅgahito,21,2.6671882501466953e-05
2829,sattindriyā,21,2.6671882501466953e-05
2830,vipariṇāmadhammanti,21,2.6671882501466953e-05
2831,cavanti,21,2.6671882501466953e-05
2832,anattā,21,2.6671882501466953e-05
2833,kāci,21,2.6671882501466953e-05
2834,maggabhāvanā,21,2.6671882501466953e-05
2835,ṭhitoti,21,2.6671882501466953e-05
2836,saṁyojaniyo,21,2.6671882501466953e-05
2837,avipakkavipākā,21,2.6671882501466953e-05
2838,atītānāgataṁ,21,2.6671882501466953e-05
2839,vicikicchāpariyuṭṭhānaṁ,21,2.6671882501466953e-05
2840,sukhavedaniyaṁ,21,2.6671882501466953e-05
2841,sotaviññāṇassa,21,2.6671882501466953e-05
2842,arūparāgo,21,2.6671882501466953e-05
2843,appekacce,21,2.6671882501466953e-05
2844,aṭṭhānametaṁ,21,2.6671882501466953e-05
2845,anavakāso,21,2.6671882501466953e-05
2846,diṭṭhā,21,2.6671882501466953e-05
2847,ananussutesu,21,2.6671882501466953e-05
2848,dhammupatthaddhaṁ,21,2.6671882501466953e-05
2849,aniyatañca,21,2.6671882501466953e-05
2850,maggārammaṇañca,21,2.6671882501466953e-05
2851,bhavaṅgassa,21,2.6671882501466953e-05
2852,sanidassanasappaṭighañca,21,2.6671882501466953e-05
2853,cakkhuviññāṇañca,21,2.6671882501466953e-05
2854,mūlāni,21,2.6671882501466953e-05
2855,kāyaviññāṇasahagataṁ,21,2.6671882501466953e-05
2856,labbhati,21,2.6671882501466953e-05
2857,naaniyataṁ,21,2.6671882501466953e-05
2858,nasārammaṇaṁ,21,2.6671882501466953e-05
2859,nanoāsavaṁ,21,2.6671882501466953e-05
2860,naanāsavañca,21,2.6671882501466953e-05
2861,naanuttaro,21,2.6671882501466953e-05
2862,nasavitakkasavicāro,21,2.6671882501466953e-05
2863,noāsavañca,21,2.6671882501466953e-05
2864,naupādinno,21,2.6671882501466953e-05
2865,nocitte,21,2.6671882501466953e-05
2866,acetasikañca,21,2.6671882501466953e-05
2867,cittasaṁsaṭṭhasamuṭṭhānassa,21,2.6671882501466953e-05
2868,kilesañceva,21,2.6671882501466953e-05
2869,pañhāvāropi,21,2.6671882501466953e-05
2870,hīnassa,21,2.6671882501466953e-05
2871,puggalapaññatti,21,2.6671882501466953e-05
2872,vaṇṇaṁ,21,2.6671882501466953e-05
2873,sutena,21,2.6671882501466953e-05
2874,duccaritaṁ,21,2.6671882501466953e-05
2875,caritvā,21,2.6671882501466953e-05
2876,veramaṇiyā,21,2.6671882501466953e-05
2877,āsevati,21,2.6671882501466953e-05
2878,bahulīkaroti,21,2.6671882501466953e-05
2879,niruttiyā,21,2.6671882501466953e-05
2880,idamatthajotakānī,21,2.6671882501466953e-05
2881,saññāmanasikārā,21,2.6671882501466953e-05
2882,samudācaranti,21,2.6671882501466953e-05
2883,manoviññāṇadhātusamphassajā,21,2.6671882501466953e-05
2884,paccuppannavāra,21,2.6671882501466953e-05
2885,anāgatañca,21,2.6671882501466953e-05
2886,atītattika,20,2.5401792858539957e-05
2887,atītārammaṇattika,20,2.5401792858539957e-05
2888,kilesagocchaka,20,2.5401792858539957e-05
2889,dovacassatā,20,2.5401792858539957e-05
2890,diṭṭhadhammasukhavihāraṁ,20,2.5401792858539957e-05
2891,nevasaññānāsaññāyatanasaññāsahagataṁ,20,2.5401792858539957e-05
2892,avicāraṁ,20,2.5401792858539957e-05
2893,paṭisaṁvedeti,20,2.5401792858539957e-05
2894,idampi,20,2.5401792858539957e-05
2895,mettāsahagataṁ,20,2.5401792858539957e-05
2896,pītisambojjhaṅgo,20,2.5401792858539957e-05
2897,titthāyatanaṁ,20,2.5401792858539957e-05
2898,avijjāpariyuṭṭhānaṁ,20,2.5401792858539957e-05
2899,saṅkilesikaṁ,20,2.5401792858539957e-05
2900,pariyāpannaṁ,20,2.5401792858539957e-05
2901,jivhādhātu,20,2.5401792858539957e-05
2902,chabbidhena,20,2.5401792858539957e-05
2903,aṭṭhavidhena,20,2.5401792858539957e-05
2904,navavidhena,20,2.5401792858539957e-05
2905,paṇḍaraṁpetaṁ,20,2.5401792858539957e-05
2906,vatthuṁpetaṁ,20,2.5401792858539957e-05
2907,tīraṁpetaṁ,20,2.5401792858539957e-05
2908,paṭihaññi,20,2.5401792858539957e-05
2909,paṭihaññissati,20,2.5401792858539957e-05
2910,paṭihaññe,20,2.5401792858539957e-05
2911,phoṭṭhabbo,20,2.5401792858539957e-05
2912,āloko,20,2.5401792858539957e-05
2913,taṁsamuṭṭhānaṁ,20,2.5401792858539957e-05
2914,pubbante,20,2.5401792858539957e-05
2915,pubbantāparante,20,2.5401792858539957e-05
2916,ariyamaggaṁ,20,2.5401792858539957e-05
2917,atthaṅgatā,20,2.5401792858539957e-05
2918,abbhatthaṅgatā,20,2.5401792858539957e-05
2919,appaccayo,20,2.5401792858539957e-05
2920,kāyaviññeyyā,20,2.5401792858539957e-05
2921,lokoti,20,2.5401792858539957e-05
2922,maraṇāti,20,2.5401792858539957e-05
2923,bhavissati,20,2.5401792858539957e-05
2924,khaye,20,2.5401792858539957e-05
2925,bāvīsatindriyāni,20,2.5401792858539957e-05
2926,sevatthi,20,2.5401792858539957e-05
2927,seva,20,2.5401792858539957e-05
2928,upapanno,20,2.5401792858539957e-05
2929,sotadhātuṁ,20,2.5401792858539957e-05
2930,karonti,20,2.5401792858539957e-05
2931,apāyagamanīyo,20,2.5401792858539957e-05
2932,sakkāyadiṭṭhiṁ,20,2.5401792858539957e-05
2933,niccaṁ,20,2.5401792858539957e-05
2934,dhātūti,20,2.5401792858539957e-05
2935,samanantarā,20,2.5401792858539957e-05
2936,phoṭṭhabbāyatananti,20,2.5401792858539957e-05
2937,akusaloti,20,2.5401792858539957e-05
2938,viññāṇassa,20,2.5401792858539957e-05
2939,sabbā,20,2.5401792858539957e-05
2940,dukkhasamudayoti,20,2.5401792858539957e-05
2941,āvaṭṭentassa,20,2.5401792858539957e-05
2942,paṇidahantassa,20,2.5401792858539957e-05
2943,upapattesiyena,20,2.5401792858539957e-05
2944,kusalāti,20,2.5401792858539957e-05
2945,sahajātānaṁ,20,2.5401792858539957e-05
2946,saṅkhārapaccayāpi,20,2.5401792858539957e-05
2947,pisuṇaṁ,20,2.5401792858539957e-05
2948,avicāro,20,2.5401792858539957e-05
2949,manindriyanti,20,2.5401792858539957e-05
2950,āgamma,20,2.5401792858539957e-05
2951,bhikkhū,20,2.5401792858539957e-05
2952,gāmaghātaṁ,20,2.5401792858539957e-05
2953,jānātīti,20,2.5401792858539957e-05
2954,niyataṁ,20,2.5401792858539957e-05
2955,tamhā,20,2.5401792858539957e-05
2956,ṭhānāṭhāne,20,2.5401792858539957e-05
2957,okkantaniyāmo,20,2.5401792858539957e-05
2958,sakadāgāmiphalena,20,2.5401792858539957e-05
2959,pāvacane,20,2.5401792858539957e-05
2960,anuttaro,20,2.5401792858539957e-05
2961,kāmadhātu,20,2.5401792858539957e-05
2962,paṭiccavāro,20,2.5401792858539957e-05
2963,anuppanno,20,2.5401792858539957e-05
2964,taṁsampayuttakā,20,2.5401792858539957e-05
2965,purejātasadisaṁ,20,2.5401792858539957e-05
2966,anidassanaappaṭighānaṁ,20,2.5401792858539957e-05
2967,narūpiṁ,20,2.5401792858539957e-05
2968,naaraṇañca,20,2.5401792858539957e-05
2969,naappaccayo,20,2.5401792858539957e-05
2970,chabbīsa,20,2.5401792858539957e-05
2971,vattati,20,2.5401792858539957e-05
2972,naasaṅkiliṭṭhasaṅkilesiko,20,2.5401792858539957e-05
2973,nasāsavo,20,2.5401792858539957e-05
2974,pacchājātāsevana,20,2.5401792858539957e-05
2975,upādāniyañceva,20,2.5401792858539957e-05
2976,sappītikena,20,2.5401792858539957e-05
2977,ganthānaṁ,20,2.5401792858539957e-05
2978,nīvaraṇavippayuttassa,20,2.5401792858539957e-05
2979,avaṇṇaṁ,20,2.5401792858539957e-05
2980,labhanto,20,2.5401792858539957e-05
2981,alabhanto,20,2.5401792858539957e-05
2982,gajjitā,20,2.5401792858539957e-05
2983,vassitā,20,2.5401792858539957e-05
2984,gādhaṁ,20,2.5401792858539957e-05
2985,vasitā,20,2.5401792858539957e-05
2986,sakagavacaṇḍo,20,2.5401792858539957e-05
2987,paragavacaṇḍo,20,2.5401792858539957e-05
2988,āgataviso,20,2.5401792858539957e-05
2989,ghoraviso,20,2.5401792858539957e-05
2990,yodhājīvo,20,2.5401792858539957e-05
2991,manoviññāṇadhātusamphasso,20,2.5401792858539957e-05
2992,sotasamphassapaccayā,20,2.5401792858539957e-05
2993,ghānasamphassapaccayā,20,2.5401792858539957e-05
2994,jivhāsamphassapaccayā,20,2.5401792858539957e-05
2995,kāyasamphassapaccayā,20,2.5401792858539957e-05
2996,somanassavippayuttacittassa,20,2.5401792858539957e-05
2997,atītavāra,20,2.5401792858539957e-05
2998,anāgatavāra,20,2.5401792858539957e-05
2999,saghānakā,20,2.5401792858539957e-05
3000,paccuppannātītavāra,20,2.5401792858539957e-05
3001,paccuppannānāgatavāra,20,2.5401792858539957e-05
3002,nappajahissanti,20,2.5401792858539957e-05
3003,tesaṁyeva,20,2.5401792858539957e-05
3004,avitakkaavicārapacchimacittasamaṅgīnaṁ,20,2.5401792858539957e-05
3005,apacayagāmino,19,2.4131703215612958e-05
3006,majjhimā,19,2.4131703215612958e-05
3007,ajjhattārammaṇattika,19,2.4131703215612958e-05
3008,sahetukaduka,19,2.4131703215612958e-05
3009,antavā,19,2.4131703215612958e-05
3010,anantavā,19,2.4131703215612958e-05
3011,mātikā,19,2.4131703215612958e-05
3012,anikkhittachandatā,19,2.4131703215612958e-05
3013,anikkhittadhuratā,19,2.4131703215612958e-05
3014,hiribalaṁ,19,2.4131703215612958e-05
3015,ottappabalaṁ,19,2.4131703215612958e-05
3016,parāmaṭṭhaṁ,19,2.4131703215612958e-05
3017,navaka,19,2.4131703215612958e-05
3018,indriyānaṁ,19,2.4131703215612958e-05
3019,āpo,19,2.4131703215612958e-05
3020,attani,19,2.4131703215612958e-05
3021,sīlena,19,2.4131703215612958e-05
3022,sassato,19,2.4131703215612958e-05
3023,sabbāpi,19,2.4131703215612958e-05
3024,maññanā,19,2.4131703215612958e-05
3025,maññitattaṁ,19,2.4131703215612958e-05
3026,ketukamyatā,19,2.4131703215612958e-05
3027,anottappena,19,2.4131703215612958e-05
3028,paṭipajjati,19,2.4131703215612958e-05
3029,ṭhitiyā,19,2.4131703215612958e-05
3030,ñāṇan,19,2.4131703215612958e-05
3031,kāmāvacarakusalato,19,2.4131703215612958e-05
3032,cātipi,19,2.4131703215612958e-05
3033,dhātukathā,19,2.4131703215612958e-05
3034,appamaññāyo,19,2.4131703215612958e-05
3035,pahātabbehi,19,2.4131703215612958e-05
3036,pahātabbahetukehi,19,2.4131703215612958e-05
3037,appiyaṁ,19,2.4131703215612958e-05
3038,devo,19,2.4131703215612958e-05
3039,kammavipāko,19,2.4131703215612958e-05
3040,uppādo,19,2.4131703215612958e-05
3041,samayavimutto,19,2.4131703215612958e-05
3042,asamayavimutto,19,2.4131703215612958e-05
3043,tattheva,19,2.4131703215612958e-05
3044,dhāreti,19,2.4131703215612958e-05
3045,vigataṁ,19,2.4131703215612958e-05
3046,atthaṅgataṁ,19,2.4131703215612958e-05
3047,saṅkhārakkhandhapariyāpanno,19,2.4131703215612958e-05
3048,kappe,19,2.4131703215612958e-05
3049,cīvaraṁ,19,2.4131703215612958e-05
3050,jāyanti,19,2.4131703215612958e-05
3051,rūparāgo,19,2.4131703215612958e-05
3052,samphaṁ,19,2.4131703215612958e-05
3053,nillopaṁ,19,2.4131703215612958e-05
3054,paripanthe,19,2.4131703215612958e-05
3055,nānākaraṇaṁ,19,2.4131703215612958e-05
3056,puññaṁ,19,2.4131703215612958e-05
3057,jāneyya,19,2.4131703215612958e-05
3058,arahāti,19,2.4131703215612958e-05
3059,sahajātasadisaṁ,19,2.4131703215612958e-05
3060,navipāka,19,2.4131703215612958e-05
3061,pañcaviññāṇasahagataṁ,19,2.4131703215612958e-05
3062,yathākammūpagañāṇaṁ,19,2.4131703215612958e-05
3063,kāyaviññāṇasahagatānaṁ,19,2.4131703215612958e-05
3064,vipākadhammadhamme,19,2.4131703215612958e-05
3065,nabahiddhā,19,2.4131703215612958e-05
3066,nahetusampayuttaṁ,19,2.4131703215612958e-05
3067,naappaccayaṁ,19,2.4131703215612958e-05
3068,sampayuttavārepi,19,2.4131703215612958e-05
3069,nasahetukañca,19,2.4131703215612958e-05
3070,nabahiddhārammaṇo,19,2.4131703215612958e-05
3071,nanahetussa,19,2.4131703215612958e-05
3072,naabyākatassa,19,2.4131703215612958e-05
3073,naahetukassa,19,2.4131703215612958e-05
3074,naviññeyyaṁ,19,2.4131703215612958e-05
3075,naviññeyyo,19,2.4131703215612958e-05
3076,anārammaṇassa,19,2.4131703215612958e-05
3077,nakāmāvacarā,19,2.4131703215612958e-05
3078,ganthasampayuttaṁ,19,2.4131703215612958e-05
3079,ganthasampayuttañca,19,2.4131703215612958e-05
3080,nīvaraṇasampayuttañceva,19,2.4131703215612958e-05
3081,ayañca,19,2.4131703215612958e-05
3082,idhekaccassa,19,2.4131703215612958e-05
3083,tadekajjhaṁ,19,2.4131703215612958e-05
3084,abhisaññūhitvā,19,2.4131703215612958e-05
3085,abhisaṅkhipitvā,19,2.4131703215612958e-05
3086,ekādasāyatanā,19,2.4131703215612958e-05
3087,nevācayagāmināpacayagāmino,18,2.286161357268596e-05
3088,micchattaniyatattika,18,2.286161357268596e-05
3089,upādānagocchaka,18,2.286161357268596e-05
3090,nikkamo,18,2.286161357268596e-05
3091,parakkamo,18,2.286161357268596e-05
3092,uyyāmo,18,2.286161357268596e-05
3093,ussāho,18,2.286161357268596e-05
3094,ussoḷhī,18,2.286161357268596e-05
3095,thāmo,18,2.286161357268596e-05
3096,asithilaparakkamatā,18,2.286161357268596e-05
3097,dhurasampaggāho,18,2.286161357268596e-05
3098,kammavipākaṁ,18,2.286161357268596e-05
3099,atthaṅgamā,18,2.286161357268596e-05
3100,saṅkappo,18,2.286161357268596e-05
3101,āyatanāni,18,2.286161357268596e-05
3102,upekkhako,18,2.286161357268596e-05
3103,duvaṅgikaṁ,18,2.286161357268596e-05
3104,kummaggo,18,2.286161357268596e-05
3105,caṇḍikkaṁ,18,2.286161357268596e-05
3106,asuropo,18,2.286161357268596e-05
3107,anattamanatā,18,2.286161357268596e-05
3108,ganthaniyaṁ,18,2.286161357268596e-05
3109,upādāniyaṁ,18,2.286161357268596e-05
3110,pañcavidhena,18,2.286161357268596e-05
3111,sappaṭighamhi,18,2.286161357268596e-05
3112,bhedo,18,2.286161357268596e-05
3113,ogho,18,2.286161357268596e-05
3114,yogo,18,2.286161357268596e-05
3115,sotaviññeyyā,18,2.286161357268596e-05
3116,ghānaviññeyyā,18,2.286161357268596e-05
3117,jivhāviññeyyā,18,2.286161357268596e-05
3118,unnati,18,2.286161357268596e-05
3119,dhajo,18,2.286161357268596e-05
3120,sampaggāho,18,2.286161357268596e-05
3121,vicikicchānīvaraṇaṁ,18,2.286161357268596e-05
3122,pitā,18,2.286161357268596e-05
3123,sabbepi,18,2.286161357268596e-05
3124,avītikkamo,18,2.286161357268596e-05
3125,asaṁvutaṁ,18,2.286161357268596e-05
3126,viharantaṁ,18,2.286161357268596e-05
3127,abhijjhādomanassā,18,2.286161357268596e-05
3128,anvāssaveyyuṁ,18,2.286161357268596e-05
3129,saṁvarāya,18,2.286161357268596e-05
3130,rakkhati,18,2.286161357268596e-05
3131,saṁvaraṁ,18,2.286161357268596e-05
3132,vītikkamo,18,2.286161357268596e-05
3133,paṭiccasamuppādo,18,2.286161357268596e-05
3134,cakkhuviññāṇadhātuyā,18,2.286161357268596e-05
3135,sahetukehi,18,2.286161357268596e-05
3136,hetusampayuttehi,18,2.286161357268596e-05
3137,kilesasampayuttehi,18,2.286161357268596e-05
3138,tajjāteti,18,2.286161357268596e-05
3139,natthī,18,2.286161357268596e-05
3140,iṭṭhaphalaṁ,18,2.286161357268596e-05
3141,āpāthaṁ,18,2.286161357268596e-05
3142,kalyāṇapāpakāni,18,2.286161357268596e-05
3143,pajānātīti,18,2.286161357268596e-05
3144,āyasmā,18,2.286161357268596e-05
3145,oḷāriko,18,2.286161357268596e-05
3146,kāmarāgapariyuṭṭhānaṁ,18,2.286161357268596e-05
3147,niyāmaṁ,18,2.286161357268596e-05
3148,manussesu,18,2.286161357268596e-05
3149,sīlehi,18,2.286161357268596e-05
3150,abhiññāya,18,2.286161357268596e-05
3151,bandhituṁ,18,2.286161357268596e-05
3152,atītan,18,2.286161357268596e-05
3153,anāgatan,18,2.286161357268596e-05
3154,vaḍḍhatīti,18,2.286161357268596e-05
3155,samannāhāro,18,2.286161357268596e-05
3156,lokiyāya,18,2.286161357268596e-05
3157,saṅkhārakkhandhapariyāpannā,18,2.286161357268596e-05
3158,samaṇo,18,2.286161357268596e-05
3159,kareyyāti,18,2.286161357268596e-05
3160,methunaṁ,18,2.286161357268596e-05
3161,akusalāti,18,2.286161357268596e-05
3162,paṭisandahati,18,2.286161357268596e-05
3163,cittanti,18,2.286161357268596e-05
3164,anārammaṇanti,18,2.286161357268596e-05
3165,manasikaronto,18,2.286161357268596e-05
3166,saṅghassa,18,2.286161357268596e-05
3167,sandhiṁ,18,2.286161357268596e-05
3168,ekāgārikaṁ,18,2.286161357268596e-05
3169,paradāraṁ,18,2.286161357268596e-05
3170,eso,18,2.286161357268596e-05
3171,vitakkavicārā,18,2.286161357268596e-05
3172,anodhiṁ,18,2.286161357268596e-05
3173,pahīnanti,18,2.286161357268596e-05
3174,nevasaññānāsaññāyatane,18,2.286161357268596e-05
3175,appaṇihitārammaṇanti,18,2.286161357268596e-05
3176,maṁsacakkhuṁ,18,2.286161357268596e-05
3177,aparihīnoti,18,2.286161357268596e-05
3178,tvaṁ,18,2.286161357268596e-05
3179,puggalena,18,2.286161357268596e-05
3180,cetopariyāye,18,2.286161357268596e-05
3181,vimuttanti,18,2.286161357268596e-05
3182,jīyanti,18,2.286161357268596e-05
3183,mīyanti,18,2.286161357268596e-05
3184,upapajjantīti,18,2.286161357268596e-05
3185,petānaṁ,18,2.286161357268596e-05
3186,paccayavāre,18,2.286161357268596e-05
3187,sekkhañca,18,2.286161357268596e-05
3188,kusalapada,18,2.286161357268596e-05
3189,noatthipaccayā,18,2.286161357268596e-05
3190,paccanīya,18,2.286161357268596e-05
3191,tevīsaka,18,2.286161357268596e-05
3192,cakkhuviññāṇasahagato,18,2.286161357268596e-05
3193,tettiṁsa,18,2.286161357268596e-05
3194,nanakenaci,18,2.286161357268596e-05
3195,nacetasikaṁ,18,2.286161357268596e-05
3196,naāsavavippayuttañca,18,2.286161357268596e-05
3197,sārammaṇañca,18,2.286161357268596e-05
3198,cittānuparivattiṁ,18,2.286161357268596e-05
3199,naappaṭigho,18,2.286161357268596e-05
3200,cittavippayuttassa,18,2.286161357268596e-05
3201,nocittasamuṭṭhānañca,18,2.286161357268596e-05
3202,diṭṭhigatavippayuttalobhasahagataṁ,18,2.286161357268596e-05
3203,saṅkiliṭṭhañca,18,2.286161357268596e-05
3204,sappītike,18,2.286161357268596e-05
3205,narūpāvacarañca,18,2.286161357268596e-05
3206,rūpissa,18,2.286161357268596e-05
3207,ganthasampayuttañceva,18,2.286161357268596e-05
3208,nīvaraṇānaṁ,18,2.286161357268596e-05
3209,asaṅkilesiko,18,2.286161357268596e-05
3210,naganthavippayutto,18,2.286161357268596e-05
3211,avaṇṇārahassa,18,2.286161357268596e-05
3212,vaṇṇārahassa,18,2.286161357268596e-05
3213,pariññaṁ,18,2.286161357268596e-05
3214,jātiyo,18,2.286161357268596e-05
3215,vibhaṅga,18,2.286161357268596e-05
3216,abhijjhādomanassaṁ,18,2.286161357268596e-05
3217,paṭilābho,18,2.286161357268596e-05
3218,viramantassa,18,2.286161357268596e-05
3219,netaṁ,18,2.286161357268596e-05
3220,ṭhānametaṁ,18,2.286161357268596e-05
3221,jhāyī,18,2.286161357268596e-05
3222,cittāni,18,2.286161357268596e-05
3223,manodhātusamphassajā,18,2.286161357268596e-05
3224,saṁyojanasampayutto,18,2.286161357268596e-05
3225,kusalamūlā,18,2.286161357268596e-05
3226,itthindriyamūlakaṁ,18,2.286161357268596e-05
3227,upekkhāvippayuttacittassa,18,2.286161357268596e-05
3228,yassayatthakampi,18,2.286161357268596e-05
3229,saccanti,18,2.286161357268596e-05
3230,hetusampayuttaduka,17,2.1591523929758963e-05
3231,sappaṭighā,17,2.1591523929758963e-05
3232,kāyapassaddhi,17,2.1591523929758963e-05
3233,cittapassaddhi,17,2.1591523929758963e-05
3234,sañjānanā,17,2.1591523929758963e-05
3235,sañjānitattaṁ,17,2.1591523929758963e-05
3236,saṅkhārakkhandhassa,17,2.1591523929758963e-05
3237,ārati,17,2.1591523929758963e-05
3238,virati,17,2.1591523929758963e-05
3239,paṭivirati,17,2.1591523929758963e-05
3240,akiriyā,17,2.1591523929758963e-05
3241,akaraṇaṁ,17,2.1591523929758963e-05
3242,anajjhāpatti,17,2.1591523929758963e-05
3243,velāanatikkamo,17,2.1591523929758963e-05
3244,setughāto,17,2.1591523929758963e-05
3245,vīsati,17,2.1591523929758963e-05
3246,asampajaññaṁ,17,2.1591523929758963e-05
3247,suññatanti,17,2.1591523929758963e-05
3248,appaṇihitanti,17,2.1591523929758963e-05
3249,dasaka,17,2.1591523929758963e-05
3250,ekādasaka,17,2.1591523929758963e-05
3251,sāyati,17,2.1591523929758963e-05
3252,kusalamūlāni,17,2.1591523929758963e-05
3253,tadekaṭṭhā,17,2.1591523929758963e-05
3254,attato,17,2.1591523929758963e-05
3255,samanupassati,17,2.1591523929758963e-05
3256,suddhi,17,2.1591523929758963e-05
3257,māyā,17,2.1591523929758963e-05
3258,padoso,17,2.1591523929758963e-05
3259,evarūpaṁ,17,2.1591523929758963e-05
3260,yatvādhikaraṇamenaṁ,17,2.1591523929758963e-05
3261,kāmāvacarakusalassa,17,2.1591523929758963e-05
3262,domanassasahagatacittuppādā,17,2.1591523929758963e-05
3263,cittuppāde,17,2.1591523929758963e-05
3264,ariyena,17,2.1591523929758963e-05
3265,āsavasampayuttehi,17,2.1591523929758963e-05
3266,saṅkiliṭṭhehi,17,2.1591523929758963e-05
3267,pare,17,2.1591523929758963e-05
3268,iddhipādo,17,2.1591523929758963e-05
3269,manena,17,2.1591523929758963e-05
3270,tiṇakaṭṭhavanappatīnaṁ,17,2.1591523929758963e-05
3271,vipākapaṭisaṁvedī,17,2.1591523929758963e-05
3272,phoṭṭhabbā,17,2.1591523929758963e-05
3273,arahatā,17,2.1591523929758963e-05
3274,apubbaṁ,17,2.1591523929758963e-05
3275,acarimaṁ,17,2.1591523929758963e-05
3276,parinibbāyatīti,17,2.1591523929758963e-05
3277,kolaṅkolo,17,2.1591523929758963e-05
3278,abbhatthaṅgatanti,17,2.1591523929758963e-05
3279,āyatananti,17,2.1591523929758963e-05
3280,sāvajjānavajjā,17,2.1591523929758963e-05
3281,hīnapaṇītā,17,2.1591523929758963e-05
3282,kaṇhasukkasappaṭibhāgā,17,2.1591523929758963e-05
3283,cakkhuviññāṇanti,17,2.1591523929758963e-05
3284,cittānuparivattī,17,2.1591523929758963e-05
3285,abyākatoti,17,2.1591523929758963e-05
3286,diṭṭhipariyuṭṭhānaṁ,17,2.1591523929758963e-05
3287,kāyakammanti,17,2.1591523929758963e-05
3288,sukhavedaniyo,17,2.1591523929758963e-05
3289,yāpeti,17,2.1591523929758963e-05
3290,addhānaṁ,17,2.1591523929758963e-05
3291,suññatā,17,2.1591523929758963e-05
3292,asaṅkhatāti,17,2.1591523929758963e-05
3293,tiriyaṁ,17,2.1591523929758963e-05
3294,buddhānaṁ,17,2.1591523929758963e-05
3295,asekhaṁ,17,2.1591523929758963e-05
3296,uppādenti,17,2.1591523929758963e-05
3297,cittasaṅkhāroti,17,2.1591523929758963e-05
3298,sampayuttavāro,17,2.1591523929758963e-05
3299,ātāpeti,17,2.1591523929758963e-05
3300,paritāpeti,17,2.1591523929758963e-05
3301,sekkhe,17,2.1591523929758963e-05
3302,akusalapada,17,2.1591523929758963e-05
3303,anidassanasappaṭighassa,17,2.1591523929758963e-05
3304,pītisahagate,17,2.1591523929758963e-05
3305,naahetukañceva,17,2.1591523929758963e-05
3306,nahetuvippayuttañca,17,2.1591523929758963e-05
3307,naappaṭighaṁ,17,2.1591523929758963e-05
3308,naarūpiṁ,17,2.1591523929758963e-05
3309,nacittasampayuttaṁ,17,2.1591523929758963e-05
3310,naāsavasampayuttaṁ,17,2.1591523929758963e-05
3311,nasaṅkiliṭṭhasaṅkilesiko,17,2.1591523929758963e-05
3312,naanārammaṇo,17,2.1591523929758963e-05
3313,naappaccayassa,17,2.1591523929758963e-05
3314,cetasikañca,17,2.1591523929758963e-05
3315,noupādānā,17,2.1591523929758963e-05
3316,appītikena,17,2.1591523929758963e-05
3317,nakāmāvacare,17,2.1591523929758963e-05
3318,āsavasampayutte,17,2.1591523929758963e-05
3319,parāmāsasampayuttaṁ,17,2.1591523929758963e-05
3320,parāmaṭṭhañceva,17,2.1591523929758963e-05
3321,sahajātavārādi,17,2.1591523929758963e-05
3322,naaganthaniyo,17,2.1591523929758963e-05
3323,paripūrakārī,17,2.1591523929758963e-05
3324,sāmaṁ,17,2.1591523929758963e-05
3325,parikkhayā,17,2.1591523929758963e-05
3326,lābho,17,2.1591523929758963e-05
3327,pamādo,17,2.1591523929758963e-05
3328,nimittaṁ,17,2.1591523929758963e-05
3329,vatthunā,17,2.1591523929758963e-05
3330,abhiññeyyā,17,2.1591523929758963e-05
3331,pariññeyyā,17,2.1591523929758963e-05
3332,pahīyamānā,17,2.1591523929758963e-05
3333,pahīyati,17,2.1591523929758963e-05
3334,nirujjhamānā,17,2.1591523929758963e-05
3335,saṅkhārahetukaṁ,17,2.1591523929758963e-05
3336,viññāṇahetukaṁ,17,2.1591523929758963e-05
3337,saṅkhārasampayuttaṁ,17,2.1591523929758963e-05
3338,viññāṇasampayuttaṁ,17,2.1591523929758963e-05
3339,viññāṇapaccayāpi,17,2.1591523929758963e-05
3340,phassapaccayāpi,17,2.1591523929758963e-05
3341,pavattivāra,17,2.1591523929758963e-05
3342,somanassasampayuttacittassa,17,2.1591523929758963e-05
3343,saddhāvippayuttacittassa,17,2.1591523929758963e-05
3344,manāyatanamūlakaṁ,17,2.1591523929758963e-05
3345,pucchā,17,2.1591523929758963e-05
3346,yassakampi,17,2.1591523929758963e-05
3347,dukkhasaccanti,17,2.1591523929758963e-05
3348,ajjhattattika,16,2.0321434286831964e-05
3349,nahetusahetukaduka,16,2.0321434286831964e-05
3350,rūpino,16,2.0321434286831964e-05
3351,dhiti,16,2.0321434286831964e-05
3352,paṭissati,16,2.0321434286831964e-05
3353,kāmarāgabyāpādānaṁ,16,2.0321434286831964e-05
3354,ahirikabalaṁ,16,2.0321434286831964e-05
3355,anottappabalaṁ,16,2.0321434286831964e-05
3356,diṭṭhigahanaṁ,16,2.0321434286831964e-05
3357,diṭṭhikantāro,16,2.0321434286831964e-05
3358,diṭṭhivisūkāyikaṁ,16,2.0321434286831964e-05
3359,diṭṭhivipphanditaṁ,16,2.0321434286831964e-05
3360,gāho,16,2.0321434286831964e-05
3361,abhiniveso,16,2.0321434286831964e-05
3362,micchāpatho,16,2.0321434286831964e-05
3363,micchattaṁ,16,2.0321434286831964e-05
3364,kāyasamphassajaṁ,16,2.0321434286831964e-05
3365,nīvaraṇiyaṁ,16,2.0321434286831964e-05
3366,dhammāyatanapariyāpannaṁ,16,2.0321434286831964e-05
3367,anidassanena,16,2.0321434286831964e-05
3368,sappaṭighena,16,2.0321434286831964e-05
3369,anidassanamhi,16,2.0321434286831964e-05
3370,rūpīnaṁ,16,2.0321434286831964e-05
3371,pharusaṁ,16,2.0321434286831964e-05
3372,cittajaṁ,16,2.0321434286831964e-05
3373,cittahetukaṁ,16,2.0321434286831964e-05
3374,vāyo,16,2.0321434286831964e-05
3375,sikkhāya,16,2.0321434286831964e-05
3376,idappaccayatā,16,2.0321434286831964e-05
3377,saddataṇhā,16,2.0321434286831964e-05
3378,phoṭṭhabbataṇhā,16,2.0321434286831964e-05
3379,acari,16,2.0321434286831964e-05
3380,aññamaññaṁ,16,2.0321434286831964e-05
3381,kāmacchando,16,2.0321434286831964e-05
3382,bhavesu,16,2.0321434286831964e-05
3383,kāmarāgasaññojanaṁ,16,2.0321434286831964e-05
3384,sotaviññāṇadhātu,16,2.0321434286831964e-05
3385,saḷāyatanapaccayā,16,2.0321434286831964e-05
3386,bhiyyobhāvāya,16,2.0321434286831964e-05
3387,vepullāya,16,2.0321434286831964e-05
3388,sammappadhānā,16,2.0321434286831964e-05
3389,atha,16,2.0321434286831964e-05
3390,sabbadā,16,2.0321434286831964e-05
3391,upalabbhanti,16,2.0321434286831964e-05
3392,aññindriyanti,16,2.0321434286831964e-05
3393,cuto,16,2.0321434286831964e-05
3394,anicco,16,2.0321434286831964e-05
3395,vijānātīti,16,2.0321434286831964e-05
3396,khayaṁ,16,2.0321434286831964e-05
3397,saddhānusārī,16,2.0321434286831964e-05
3398,aṇusahagato,16,2.0321434286831964e-05
3399,pariññātaṁ,16,2.0321434286831964e-05
3400,sammā,16,2.0321434286831964e-05
3401,uddhaṁsoto,16,2.0321434286831964e-05
3402,anupubbena,16,2.0321434286831964e-05
3403,atītena,16,2.0321434286831964e-05
3404,sadiṭṭhikoti,16,2.0321434286831964e-05
3405,saṅkhārānaṁ,16,2.0321434286831964e-05
3406,adinnādānā,16,2.0321434286831964e-05
3407,musāvādā,16,2.0321434286831964e-05
3408,suññatañca,16,2.0321434286831964e-05
3409,tiṭṭheyya,16,2.0321434286831964e-05
3410,cittiddhipādo,16,2.0321434286831964e-05
3411,saṅghabhedako,16,2.0321434286831964e-05
3412,gilānapaccayabhesajjaparikkhāraṁ,16,2.0321434286831964e-05
3413,voropeti,16,2.0321434286831964e-05
3414,vicāramatto,16,2.0321434286831964e-05
3415,sāmisaṁ,16,2.0321434286831964e-05
3416,nirāmisaṁ,16,2.0321434286831964e-05
3417,dakkhanto,16,2.0321434286831964e-05
3418,voropetvā,16,2.0321434286831964e-05
3419,vinipātaṁ,16,2.0321434286831964e-05
3420,viparīte,16,2.0321434286831964e-05
3421,viññāṇaṭṭhiti,16,2.0321434286831964e-05
3422,vacīsaṅkhāroti,16,2.0321434286831964e-05
3423,saṁvattati,16,2.0321434286831964e-05
3424,pavattipaṭisandhi,16,2.0321434286831964e-05
3425,naārammaṇādi,16,2.0321434286831964e-05
3426,vipākādi,16,2.0321434286831964e-05
3427,bāvīsa,16,2.0321434286831964e-05
3428,sampayuttāya,16,2.0321434286831964e-05
3429,gaṇetabbā,16,2.0321434286831964e-05
3430,savitakkasavicārāya,16,2.0321434286831964e-05
3431,avitakkavicāramattāya,16,2.0321434286831964e-05
3432,nanevavipākanavipākadhammadhammaṁ,16,2.0321434286831964e-05
3433,nasaṅkiliṭṭhasaṅkilesikaṁ,16,2.0321434286831964e-05
3434,nasavitakkasavicāraṁ,16,2.0321434286831964e-05
3435,nabahiddhārammaṇaṁ,16,2.0321434286831964e-05
3436,nacittasaṁsaṭṭhaṁ,16,2.0321434286831964e-05
3437,naanāsavañceva,16,2.0321434286831964e-05
3438,naappamāṇo,16,2.0321434286831964e-05
3439,viññeyyañca,16,2.0321434286831964e-05
3440,anārammaṇañca,16,2.0321434286831964e-05
3441,cittasaṁsaṭṭhasamuṭṭhānasahabhuṁ,16,2.0321434286831964e-05
3442,nocittasamuṭṭhānā,16,2.0321434286831964e-05
3443,bāhirānañca,16,2.0321434286831964e-05
3444,upādānasampayutte,16,2.0321434286831964e-05
3445,aniyyānikassa,16,2.0321434286831964e-05
3446,noganthā,16,2.0321434286831964e-05
3447,nīvaraṇasampayuttaṁ,16,2.0321434286831964e-05
3448,noparāmāsā,16,2.0321434286831964e-05
3449,saṅkilesikañceva,16,2.0321434286831964e-05
3450,majjhimassa,16,2.0321434286831964e-05
3451,parikkhīṇā,16,2.0321434286831964e-05
3452,idamassa,16,2.0321434286831964e-05
3453,santā,16,2.0321434286831964e-05
3454,samitā,16,2.0321434286831964e-05
3455,vūpasantā,16,2.0321434286831964e-05
3456,appitā,16,2.0321434286831964e-05
3457,byappitā,16,2.0321434286831964e-05
3458,sositā,16,2.0321434286831964e-05
3459,visositā,16,2.0321434286831964e-05
3460,byantīkatā,16,2.0321434286831964e-05
3461,sampatti,16,2.0321434286831964e-05
3462,sacchikiriyā,16,2.0321434286831964e-05
3463,upasampadā,16,2.0321434286831964e-05
3464,sabbadhi,16,2.0321434286831964e-05
3465,sabbattatāya,16,2.0321434286831964e-05
3466,sabbāvantaṁ,16,2.0321434286831964e-05
3467,atthekaccāni,16,2.0321434286831964e-05
3468,kammasamādānāni,16,2.0321434286831964e-05
3469,bhayāni,16,2.0321434286831964e-05
3470,taṇhāvicaritāni,16,2.0321434286831964e-05
3471,unnāmo,16,2.0321434286831964e-05
3472,gottena,16,2.0321434286831964e-05
3473,kolaputtiyena,16,2.0321434286831964e-05
3474,asmīti,16,2.0321434286831964e-05
3475,arogo,16,2.0321434286831964e-05
3476,āpattiyā,16,2.0321434286831964e-05
3477,parapuggalaṁ,16,2.0321434286831964e-05
3478,upanidhāya,16,2.0321434286831964e-05
3479,sutā,16,2.0321434286831964e-05
3480,mutā,16,2.0321434286831964e-05
3481,viññātā,16,2.0321434286831964e-05
3482,catuvīsatividhena,16,2.0321434286831964e-05
3483,avijjāhetuko,16,2.0321434286831964e-05
3484,avijjāsampayutto,16,2.0321434286831964e-05
3485,svāvatthitaṁ,16,2.0321434286831964e-05
3486,padhānasaṅkhāro,16,2.0321434286831964e-05
3487,bhāvetī,16,2.0321434286831964e-05
3488,aññamaññamūlā,16,2.0321434286831964e-05
3489,aññamaññamūlamūlā,16,2.0321434286831964e-05
3490,aññamaññamūlakā,16,2.0321434286831964e-05
3491,aññamaññamūlamūlakā,16,2.0321434286831964e-05
3492,upekkhāsampayuttacittassa,16,2.0321434286831964e-05
3493,somanassasampayuttapacchimacittassa,16,2.0321434286831964e-05
3494,sacchikaritthāti,16,2.0321434286831964e-05
3495,satteva,16,2.0321434286831964e-05
3496,ācayagāmino,15,1.9051344643904965e-05
3497,hetuvippayuttā,15,1.9051344643904965e-05
3498,sanidassanā,15,1.9051344643904965e-05
3499,cetasikaduka,15,1.9051344643904965e-05
3500,acetasikā,15,1.9051344643904965e-05
3501,pāpamittatā,15,1.9051344643904965e-05
3502,amattaññutā,15,1.9051344643904965e-05
3503,phoṭṭhabbārammaṇā,15,1.9051344643904965e-05
3504,nākusalaṁ,15,1.9051344643904965e-05
3505,amanasikārā,15,1.9051344643904965e-05
3506,kāyalahutā,15,1.9051344643904965e-05
3507,cittalahutā,15,1.9051344643904965e-05
3508,kāyamudutā,15,1.9051344643904965e-05
3509,cittamudutā,15,1.9051344643904965e-05
3510,kāyakammaññatā,15,1.9051344643904965e-05
3511,cittakammaññatā,15,1.9051344643904965e-05
3512,kāyapāguññatā,15,1.9051344643904965e-05
3513,cittapāguññatā,15,1.9051344643904965e-05
3514,kāyujukatā,15,1.9051344643904965e-05
3515,cittujukatā,15,1.9051344643904965e-05
3516,appanā,15,1.9051344643904965e-05
3517,byappanā,15,1.9051344643904965e-05
3518,abhiniropanā,15,1.9051344643904965e-05
3519,saraṇatā,15,1.9051344643904965e-05
3520,dhāraṇatā,15,1.9051344643904965e-05
3521,apilāpanatā,15,1.9051344643904965e-05
3522,asammussanatā,15,1.9051344643904965e-05
3523,viññāṇakkhandhassa,15,1.9051344643904965e-05
3524,vivicca,15,1.9051344643904965e-05
3525,passaddhisambojjhaṅgo,15,1.9051344643904965e-05
3526,dutiyo,15,1.9051344643904965e-05
3527,tikaṁ,15,1.9051344643904965e-05
3528,sattaka,15,1.9051344643904965e-05
3529,aṭṭhaka,15,1.9051344643904965e-05
3530,yamhi,15,1.9051344643904965e-05
3531,phusati,15,1.9051344643904965e-05
3532,panaññopi,15,1.9051344643904965e-05
3533,tejo,15,1.9051344643904965e-05
3534,akusalamūlāni,15,1.9051344643904965e-05
3535,saññojanāni,15,1.9051344643904965e-05
3536,arahattaphalaṁ,15,1.9051344643904965e-05
3537,uppajjitvā,15,1.9051344643904965e-05
3538,metti,15,1.9051344643904965e-05
3539,mettāyanā,15,1.9051344643904965e-05
3540,mettāyitattaṁ,15,1.9051344643904965e-05
3541,carissatīti,15,1.9051344643904965e-05
3542,asaṅkhato,15,1.9051344643904965e-05
3543,issā,15,1.9051344643904965e-05
3544,ghānaviññāṇadhātu,15,1.9051344643904965e-05
3545,jivhāviññāṇadhātu,15,1.9051344643904965e-05
3546,ayoniso,15,1.9051344643904965e-05
3547,pāripūriyā,15,1.9051344643904965e-05
3548,cutūpapāte,15,1.9051344643904965e-05
3549,parāmāsehi,15,1.9051344643904965e-05
3550,upādānagocchakādi,15,1.9051344643904965e-05
3551,atthaṭṭho,15,1.9051344643904965e-05
3552,natthaṭṭho,15,1.9051344643904965e-05
3553,aññe,15,1.9051344643904965e-05
3554,viññāṇan,15,1.9051344643904965e-05
3555,saṁvijjamāno,15,1.9051344643904965e-05
3556,puggalaṁ,15,1.9051344643904965e-05
3557,paññāyati,15,1.9051344643904965e-05
3558,vesso,15,1.9051344643904965e-05
3559,suddo,15,1.9051344643904965e-05
3560,vaṭṭupacchedo,15,1.9051344643904965e-05
3561,anupādāparinibbānanti,15,1.9051344643904965e-05
3562,diṭṭhippatto,15,1.9051344643904965e-05
3563,adhimattā,15,1.9051344643904965e-05
3564,dosappahānāya,15,1.9051344643904965e-05
3565,abhiññeyyaṁ,15,1.9051344643904965e-05
3566,pariññeyyaṁ,15,1.9051344643904965e-05
3567,bhikkhūnaṁ,15,1.9051344643904965e-05
3568,pahīyantīti,15,1.9051344643904965e-05
3569,adhuvaṁ,15,1.9051344643904965e-05
3570,asassataṁ,15,1.9051344643904965e-05
3571,bhavissatī,15,1.9051344643904965e-05
3572,samādhinā,15,1.9051344643904965e-05
3573,samādhīti,15,1.9051344643904965e-05
3574,parinipphannāti,15,1.9051344643904965e-05
3575,nirayaṁ,15,1.9051344643904965e-05
3576,mettāya,15,1.9051344643904965e-05
3577,ghānaviññāṇassa,15,1.9051344643904965e-05
3578,anupādāniyaṁ,15,1.9051344643904965e-05
3579,samāpattesiyena,15,1.9051344643904965e-05
3580,rūpadhātupariyāpanno,15,1.9051344643904965e-05
3581,arūpadhātupariyāpanno,15,1.9051344643904965e-05
3582,sotāpattimaggo,15,1.9051344643904965e-05
3583,addhā,15,1.9051344643904965e-05
3584,samādhiṁ,15,1.9051344643904965e-05
3585,paggaṇhātī,15,1.9051344643904965e-05
3586,pāṇātipāto,15,1.9051344643904965e-05
3587,denti,15,1.9051344643904965e-05
3588,saṅkhatanti,15,1.9051344643904965e-05
3589,ākāsānañcāyatanassa,15,1.9051344643904965e-05
3590,sukkavissaṭṭhi,15,1.9051344643904965e-05
3591,imasmiṁ,15,1.9051344643904965e-05
3592,bāttiṁsa,15,1.9051344643904965e-05
3593,paṭipadaṁ,15,1.9051344643904965e-05
3594,navaṁ,15,1.9051344643904965e-05
3595,sāvakasādhāraṇanti,15,1.9051344643904965e-05
3596,caritabrahmacariyo,15,1.9051344643904965e-05
3597,phalāni,15,1.9051344643904965e-05
3598,paṭiladdhāni,15,1.9051344643904965e-05
3599,napurejāta,15,1.9051344643904965e-05
3600,niyāmetabbaṁ,15,1.9051344643904965e-05
3601,pariyiṭṭhimūlakaṁ,15,1.9051344643904965e-05
3602,kammādi,15,1.9051344643904965e-05
3603,appamāṇañca,15,1.9051344643904965e-05
3604,mātughātikammassa,15,1.9051344643904965e-05
3605,maggaghaṭanā,15,1.9051344643904965e-05
3606,anupādinnupādāniye,15,1.9051344643904965e-05
3607,avitakkaavicāre,15,1.9051344643904965e-05
3608,sukhasahagatānaṁ,15,1.9051344643904965e-05
3609,upekkhāsahagate,15,1.9051344643904965e-05
3610,pītisahagatāya,15,1.9051344643904965e-05
3611,sukhasahagatāya,15,1.9051344643904965e-05
3612,pahātabbādhipati,15,1.9051344643904965e-05
3613,naatītārammaṇaṁ,15,1.9051344643904965e-05
3614,naajjhattārammaṇaṁ,15,1.9051344643904965e-05
3615,naupādā,15,1.9051344643904965e-05
3616,nasauttaraṁ,15,1.9051344643904965e-05
3617,naanuttaraṁ,15,1.9051344643904965e-05
3618,naācayagāmī,15,1.9051344643904965e-05
3619,naapacayagāmī,15,1.9051344643904965e-05
3620,nasekkho,15,1.9051344643904965e-05
3621,naasekkho,15,1.9051344643904965e-05
3622,namahaggato,15,1.9051344643904965e-05
3623,naavitakkavicāramatto,15,1.9051344643904965e-05
3624,naavitakkaavicāro,15,1.9051344643904965e-05
3625,narūpī,15,1.9051344643904965e-05
3626,nalokiyo,15,1.9051344643904965e-05
3627,nanocitto,15,1.9051344643904965e-05
3628,nocittañca,15,1.9051344643904965e-05
3629,cittasaṁsaṭṭhasamuṭṭhānānuparivattiṁ,15,1.9051344643904965e-05
3630,nanoupādā,15,1.9051344643904965e-05
3631,nasappītiko,15,1.9051344643904965e-05
3632,nasaraṇassa,15,1.9051344643904965e-05
3633,naarūpī,15,1.9051344643904965e-05
3634,sārammaṇe,15,1.9051344643904965e-05
3635,cakkhuviññāṇasahagatā,15,1.9051344643904965e-05
3636,cittasaṁsaṭṭhasamuṭṭhānañca,15,1.9051344643904965e-05
3637,cūḷantaraduke,15,1.9051344643904965e-05
3638,nokilesañca,15,1.9051344643904965e-05
3639,appītike,15,1.9051344643904965e-05
3640,upekkhañca,15,1.9051344643904965e-05
3641,saññojanañca,15,1.9051344643904965e-05
3642,labhati,15,1.9051344643904965e-05
3643,nasaññojanavippayutto,15,1.9051344643904965e-05
3644,upanāho,15,1.9051344643904965e-05
3645,abhidhammabhājanīya,15,1.9051344643904965e-05
3646,abhidhammabhājanīyaṁ,15,1.9051344643904965e-05
3647,vedanānupassī,15,1.9051344643904965e-05
3648,cittānupassī,15,1.9051344643904965e-05
3649,vipaccanti,15,1.9051344643904965e-05
3650,ittheke,15,1.9051344643904965e-05
3651,vātā,15,1.9051344643904965e-05
3652,ñāṇavippayuttacittassa,15,1.9051344643904965e-05
3653,samudayasaccanti,15,1.9051344643904965e-05
3654,maggasaccanti,15,1.9051344643904965e-05
3655,hetusahetukaduka,14,1.778125500097797e-05
3656,hetuhetusampayuttaduka,14,1.778125500097797e-05
3657,lokiyaduka,14,1.778125500097797e-05
3658,sāsavaduka,14,1.778125500097797e-05
3659,cittavippayuttā,14,1.778125500097797e-05
3660,ottappitabbena,14,1.778125500097797e-05
3661,vedanākkhandhassa,14,1.778125500097797e-05
3662,saññākkhandhassa,14,1.778125500097797e-05
3663,pañcaṅgikaṁ,14,1.778125500097797e-05
3664,sacchikiriyāya,14,1.778125500097797e-05
3665,thambhitattaṁ,14,1.778125500097797e-05
3666,catubbidhena,14,1.778125500097797e-05
3667,ghāyati,14,1.778125500097797e-05
3668,odātaṁ,14,1.778125500097797e-05
3669,adassāvī,14,1.778125500097797e-05
3670,akovido,14,1.778125500097797e-05
3671,avinīto,14,1.778125500097797e-05
3672,paṭiccasamuppannesu,14,1.778125500097797e-05
3673,paritte,14,1.778125500097797e-05
3674,ajjhatte,14,1.778125500097797e-05
3675,dukkhasamudaye,14,1.778125500097797e-05
3676,dukkhanirodhe,14,1.778125500097797e-05
3677,seyyohamasmīti,14,1.778125500097797e-05
3678,sadisohamasmīti,14,1.778125500097797e-05
3679,hīnohamasmīti,14,1.778125500097797e-05
3680,middhaṁ,14,1.778125500097797e-05
3681,ahirikena,14,1.778125500097797e-05
3682,upapannassa,14,1.778125500097797e-05
3683,asaṁvaro,14,1.778125500097797e-05
3684,anuppādāya,14,1.778125500097797e-05
3685,asammosāya,14,1.778125500097797e-05
3686,āruppā,14,1.778125500097797e-05
3687,vipākahetu,14,1.778125500097797e-05
3688,saññākkhandhena,14,1.778125500097797e-05
3689,upekkhāsahagatehi,14,1.778125500097797e-05
3690,saṁyojanagocchakādi,14,1.778125500097797e-05
3691,uddhaṁ,14,1.778125500097797e-05
3692,saññāti,14,1.778125500097797e-05
3693,dukkhassantakaro,14,1.778125500097797e-05
3694,upapajjati,14,1.778125500097797e-05
3695,saddhāvimutto,14,1.778125500097797e-05
3696,vediyamāno,14,1.778125500097797e-05
3697,ānanda,14,1.778125500097797e-05
3698,tampi,14,1.778125500097797e-05
3699,bhāvetabbaṁ,14,1.778125500097797e-05
3700,sacchikatanti,14,1.778125500097797e-05
3701,sāriputto,14,1.778125500097797e-05
3702,ariyakantehi,14,1.778125500097797e-05
3703,antarāparinibbāyī,14,1.778125500097797e-05
3704,vipariṇataṁ,14,1.778125500097797e-05
3705,asañjātaṁ,14,1.778125500097797e-05
3706,anibbattaṁ,14,1.778125500097797e-05
3707,vipariṇāmadhammaṁ,14,1.778125500097797e-05
3708,phusatīti,14,1.778125500097797e-05
3709,satiyā,14,1.778125500097797e-05
3710,kāmesumicchācārā,14,1.778125500097797e-05
3711,ahaṁ,14,1.778125500097797e-05
3712,sāvakānaṁ,14,1.778125500097797e-05
3713,vuṭṭhānaṁ,14,1.778125500097797e-05
3714,saññāvedayitanirodhasamāpatti,14,1.778125500097797e-05
3715,asaññī,14,1.778125500097797e-05
3716,kammena,14,1.778125500097797e-05
3717,upādānapaccayāpi,14,1.778125500097797e-05
3718,visujjhati,14,1.778125500097797e-05
3719,saṅkamatīti,14,1.778125500097797e-05
3720,avitakke,14,1.778125500097797e-05
3721,aññāṇan,14,1.778125500097797e-05
3722,bhāsati,14,1.778125500097797e-05
3723,yeneva,14,1.778125500097797e-05
3724,ādittaṁ,14,1.778125500097797e-05
3725,dukkhasamudayaṁ,14,1.778125500097797e-05
3726,dukkhanirodhaṁ,14,1.778125500097797e-05
3727,gacchanti,14,1.778125500097797e-05
3728,kāle,14,1.778125500097797e-05
3729,yathākammūpagataṁ,14,1.778125500097797e-05
3730,gihi,14,1.778125500097797e-05
3731,ssa,14,1.778125500097797e-05
3732,paṭisambhidāti,14,1.778125500097797e-05
3733,paribhogamayaṁ,14,1.778125500097797e-05
3734,saṁyojanan,14,1.778125500097797e-05
3735,saṁsaṭṭhavārasadiso,14,1.778125500097797e-05
3736,apacayagāmiñca,14,1.778125500097797e-05
3737,napurejātādi,14,1.778125500097797e-05
3738,niyatamicchādiṭṭhiyā,14,1.778125500097797e-05
3739,sanidassanasappaṭighānaṁ,14,1.778125500097797e-05
3740,ninnānākaraṇā,14,1.778125500097797e-05
3741,maggaṅgā,14,1.778125500097797e-05
3742,anulomañca,14,1.778125500097797e-05
3743,passitvā,14,1.778125500097797e-05
3744,naācayagāmiṁ,14,1.778125500097797e-05
3745,nasekkhaṁ,14,1.778125500097797e-05
3746,nahīnaṁ,14,1.778125500097797e-05
3747,namicchattaniyataṁ,14,1.778125500097797e-05
3748,nahetuvippayuttaṁ,14,1.778125500097797e-05
3749,nacittaṁ,14,1.778125500097797e-05
3750,naāsavavippayuttaṁ,14,1.778125500097797e-05
3751,naāsavavippayuttañceva,14,1.778125500097797e-05
3752,naasaṅkiliṭṭhaasaṅkilesiko,14,1.778125500097797e-05
3753,dassanattika,14,1.778125500097797e-05
3754,naajjhattiko,14,1.778125500097797e-05
3755,naapariyāpanno,14,1.778125500097797e-05
3756,naanidassano,14,1.778125500097797e-05
3757,sappaṭighañca,14,1.778125500097797e-05
3758,upanissayā,14,1.778125500097797e-05
3759,nocittasahabhu,14,1.778125500097797e-05
3760,nocittasaṁsaṭṭhasamuṭṭhānañca,14,1.778125500097797e-05
3761,ajjhattikānañca,14,1.778125500097797e-05
3762,upādānañca,14,1.778125500097797e-05
3763,diṭṭhigatavippayuttalobhasahagato,14,1.778125500097797e-05
3764,saṅkilesikañca,14,1.778125500097797e-05
3765,saṅkilesikassa,14,1.778125500097797e-05
3766,naupekkhāsahagatassa,14,1.778125500097797e-05
3767,saññojanavippayuttañca,14,1.778125500097797e-05
3768,saññojanasampayuttañceva,14,1.778125500097797e-05
3769,ganthañca,14,1.778125500097797e-05
3770,ganthasampayutte,14,1.778125500097797e-05
3771,kāmacchandanīvaraṇañca,14,1.778125500097797e-05
3772,parāmāsañca,14,1.778125500097797e-05
3773,gaṇitakena,14,1.778125500097797e-05
3774,naasaññojaniyo,14,1.778125500097797e-05
3775,makkho,14,1.778125500097797e-05
3776,khayā,14,1.778125500097797e-05
3777,yadapi,14,1.778125500097797e-05
3778,tadapi,14,1.778125500097797e-05
3779,sambodhāya,14,1.778125500097797e-05
3780,nibbānāya,14,1.778125500097797e-05
3781,pañhāpucchaka,14,1.778125500097797e-05
3782,pañhāpucchakaṁ,14,1.778125500097797e-05
3783,mettācetovimutti,14,1.778125500097797e-05
3784,samanantarāpi,14,1.778125500097797e-05
3785,upādāyupādāya,14,1.778125500097797e-05
3786,ganthavippayuttaganthaniyā,14,1.778125500097797e-05
3787,parāmāsavippayuttaparāmaṭṭhā,14,1.778125500097797e-05
3788,avasesānañca,14,1.778125500097797e-05
3789,paṇṇattivāra,14,1.778125500097797e-05
3790,padasodhanavāra,14,1.778125500097797e-05
3791,padasodhanamūlacakkavāra,14,1.778125500097797e-05
3792,saddhāsampayuttacittassa,14,1.778125500097797e-05
3793,arahantañca,14,1.778125500097797e-05
3794,cakkhāyatananti,14,1.778125500097797e-05
3795,nirodhasaccanti,14,1.778125500097797e-05
3796,kāyasaṅkhāroti,14,1.778125500097797e-05
3797,anidassanasappaṭighā,13,1.651116535805097e-05
3798,rūpīduka,13,1.651116535805097e-05
3799,kenaciviññeyyaduka,13,1.651116535805097e-05
3800,āsavasampayuttaduka,13,1.651116535805097e-05
3801,āsavavippayuttasāsavaduka,13,1.651116535805097e-05
3802,hiriyitabbena,13,1.651116535805097e-05
3803,abyāpajjo,13,1.651116535805097e-05
3804,karuṇāsahagataṁ,13,1.651116535805097e-05
3805,muditāsahagataṁ,13,1.651116535805097e-05
3806,dussanā,13,1.651116535805097e-05
3807,dussitattaṁ,13,1.651116535805097e-05
3808,byāpajjanā,13,1.651116535805097e-05
3809,virodho,13,1.651116535805097e-05
3810,cakkhuviññeyyaṁ,13,1.651116535805097e-05
3811,dhātūnaṁ,13,1.651116535805097e-05
3812,samuṭṭhitā,13,1.651116535805097e-05
3813,vibhavataṇhā,13,1.651116535805097e-05
3814,paṭighāto,13,1.651116535805097e-05
3815,bhavāsavo,13,1.651116535805097e-05
3816,asassato,13,1.651116535805097e-05
3817,attavādupādānaṁ,13,1.651116535805097e-05
3818,uddhaccena,13,1.651116535805097e-05
3819,deve,13,1.651116535805097e-05
3820,ghāyitvā,13,1.651116535805097e-05
3821,sāyitvā,13,1.651116535805097e-05
3822,viññāya,13,1.651116535805097e-05
3823,akusalato,13,1.651116535805097e-05
3824,diṭṭhupādānañca,13,1.651116535805097e-05
3825,saṅkhārakkhandhena,13,1.651116535805097e-05
3826,bojjhaṅgehi,13,1.651116535805097e-05
3827,sotaviññāṇadhātuyā,13,1.651116535805097e-05
3828,ghānaviññāṇadhātuyā,13,1.651116535805097e-05
3829,jivhāviññāṇadhātuyā,13,1.651116535805097e-05
3830,kāyaviññāṇadhātuyā,13,1.651116535805097e-05
3831,adhimuccanā,13,1.651116535805097e-05
3832,atītanti,13,1.651116535805097e-05
3833,saṅkhārāti,13,1.651116535805097e-05
3834,buddhena,13,1.651116535805097e-05
3835,savipākaṁ,13,1.651116535805097e-05
3836,paṭisaṁvedetīti,13,1.651116535805097e-05
3837,saddā,13,1.651116535805097e-05
3838,gandhā,13,1.651116535805097e-05
3839,rasā,13,1.651116535805097e-05
3840,paññāpeti,13,1.651116535805097e-05
3841,saṇṭhātīti,13,1.651116535805097e-05
3842,sotāpannena,13,1.651116535805097e-05
3843,sakadāgāminā,13,1.651116535805097e-05
3844,anāgāminā,13,1.651116535805097e-05
3845,katakaraṇīyo,13,1.651116535805097e-05
3846,kāmarāgasaṁyojanaṁ,13,1.651116535805097e-05
3847,buddhe,13,1.651116535805097e-05
3848,aganthaniyo,13,1.651116535805097e-05
3849,kissa,13,1.651116535805097e-05
3850,sabbamatthīti,13,1.651116535805097e-05
3851,aggi,13,1.651116535805097e-05
3852,aññamaññassa,13,1.651116535805097e-05
3853,gocaravisayaṁ,13,1.651116535805097e-05
3854,suttanto,13,1.651116535805097e-05
3855,avijjāsaṁyojanaṁ,13,1.651116535805097e-05
3856,aniccan,13,1.651116535805097e-05
3857,iddhibalena,13,1.651116535805097e-05
3858,upapajjeyya,13,1.651116535805097e-05
3859,savipākāti,13,1.651116535805097e-05
3860,evameva,13,1.651116535805097e-05
3861,sammattaniyāmaṁ,13,1.651116535805097e-05
3862,piṇḍapātaṁ,13,1.651116535805097e-05
3863,karuṇāya,13,1.651116535805097e-05
3864,muditāya,13,1.651116535805097e-05
3865,vuttāni,13,1.651116535805097e-05
3866,samāpajjanti,13,1.651116535805097e-05
3867,niyāmo,13,1.651116535805097e-05
3868,sahagataṁ,13,1.651116535805097e-05
3869,amatanti,13,1.651116535805097e-05
3870,somanassindriyanti,13,1.651116535805097e-05
3871,kukkuḷā,13,1.651116535805097e-05
3872,nirayesu,13,1.651116535805097e-05
3873,adhippāyaiddhi,13,1.651116535805097e-05
3874,pacchimāya,13,1.651116535805097e-05
3875,supinagatassa,13,1.651116535805097e-05
3876,sāvakassa,13,1.651116535805097e-05
3877,maṁsasotaṁ,13,1.651116535805097e-05
3878,buddhoti,13,1.651116535805097e-05
3879,paccuppannāya,13,1.651116535805097e-05
3880,dahati,13,1.651116535805097e-05
3881,sucaritaṁ,13,1.651116535805097e-05
3882,ruhiruppādakammassa,13,1.651116535805097e-05
3883,api,13,1.651116535805097e-05
3884,assu,13,1.651116535805097e-05
3885,sedo,13,1.651116535805097e-05
3886,ninnānaṁ,13,1.651116535805097e-05
3887,ṭhānāṭhānakosallassa,13,1.651116535805097e-05
3888,naārammaṇapaccayasadisaṁ,13,1.651116535805097e-05
3889,mahaggatānaṁ,13,1.651116535805097e-05
3890,aniccānupassanā,13,1.651116535805097e-05
3891,dukkhānupassanā,13,1.651116535805097e-05
3892,anattānupassanā,13,1.651116535805097e-05
3893,aniccānupassanāya,13,1.651116535805097e-05
3894,dukkhānupassanāya,13,1.651116535805097e-05
3895,anattānupassanāya,13,1.651116535805097e-05
3896,anumajjantena,13,1.651116535805097e-05
3897,kabaḷīkāraṁ,13,1.651116535805097e-05
3898,mahābhūtassa,13,1.651116535805097e-05
3899,ārammaṇapaccayasadisaṁ,13,1.651116535805097e-05
3900,dvādasaka,13,1.651116535805097e-05
3901,pakiṇṇakaghaṭanā,13,1.651116535805097e-05
3902,sahajātaghaṭanā,13,1.651116535805097e-05
3903,anupādinnaanupādāniye,13,1.651116535805097e-05
3904,catuvīsati,13,1.651116535805097e-05
3905,naanupādinnupādāniyaṁ,13,1.651116535805097e-05
3906,naparittaṁ,13,1.651116535805097e-05
3907,naparittārammaṇaṁ,13,1.651116535805097e-05
3908,nahetuvippayuttañceva,13,1.651116535805097e-05
3909,noyogaṁ,13,1.651116535805097e-05
3910,naanārammaṇaṁ,13,1.651116535805097e-05
3911,nasavitakkaṁ,13,1.651116535805097e-05
3912,nasanidassanasappaṭighassa,13,1.651116535805097e-05
3913,dassanahetuttika,13,1.651116535805097e-05
3914,anupādinnañca,13,1.651116535805097e-05
3915,cittasaṁsaṭṭho,13,1.651116535805097e-05
3916,lokiyadukaṁ,13,1.651116535805097e-05
3917,upādānavippayutte,13,1.651116535805097e-05
3918,savitakkānaṁ,13,1.651116535805097e-05
3919,sappītikānaṁ,13,1.651116535805097e-05
3920,rūpāvacarañca,13,1.651116535805097e-05
3921,saññojanānaṁ,13,1.651116535805097e-05
3922,asaññojaniyaṁ,13,1.651116535805097e-05
3923,ganthañceva,13,1.651116535805097e-05
3924,nonīvaraṇañca,13,1.651116535805097e-05
3925,nīvaraṇasampayutte,13,1.651116535805097e-05
3926,vimokkhe,13,1.651116535805097e-05
3927,assa,13,1.651116535805097e-05
3928,sāṭheyyaṁ,13,1.651116535805097e-05
3929,panekacco,13,1.651116535805097e-05
3930,dīgharattaṁ,13,1.651116535805097e-05
3931,pāsādikaṁ,13,1.651116535805097e-05
3932,vaṇṇapokkharatāya,13,1.651116535805097e-05
3933,evamāha,13,1.651116535805097e-05
3934,daṭṭhabbā,13,1.651116535805097e-05
3935,suttantabhājanīya,13,1.651116535805097e-05
3936,suttantabhājanīyaṁ,13,1.651116535805097e-05
3937,araṇāti,13,1.651116535805097e-05
3938,sattassa,13,1.651116535805097e-05
3939,anārammaṇārammaṇā,13,1.651116535805097e-05
3940,sukhadukkhāhi,13,1.651116535805097e-05
3941,upādānan,13,1.651116535805097e-05
3942,upādānavippayuttaupādāniyā,13,1.651116535805097e-05
3943,chaṭṭhāyatanahetuko,13,1.651116535805097e-05
3944,phassahetukā,13,1.651116535805097e-05
3945,nāmasampayuttaṁ,13,1.651116535805097e-05
3946,chaṭṭhāyatanasampayutto,13,1.651116535805097e-05
3947,chaṭṭhāyatanapaccayāpi,13,1.651116535805097e-05
3948,uppādavāra,13,1.651116535805097e-05
3949,paccanīkampi,13,1.651116535805097e-05
3950,uppannañceva,13,1.651116535805097e-05
3951,sanidassanaduka,12,1.5241075715123973e-05
3952,sappaṭighaduka,12,1.5241075715123973e-05
3953,āsavaduka,12,1.5241075715123973e-05
3954,āsavaāsavasampayuttaduka,12,1.5241075715123973e-05
3955,cittaduka,12,1.5241075715123973e-05
3956,cittasaṁsaṭṭhasamuṭṭhānaduka,12,1.5241075715123973e-05
3957,mattaññutā,12,1.5241075715123973e-05
3958,yoniso,12,1.5241075715123973e-05
3959,saddahanā,12,1.5241075715123973e-05
3960,okappanā,12,1.5241075715123973e-05
3961,abhippasādo,12,1.5241075715123973e-05
3962,phassāhāro,12,1.5241075715123973e-05
3963,manosañcetanāhāro,12,1.5241075715123973e-05
3964,viññāṇāhāro,12,1.5241075715123973e-05
3965,vivekajaṁ,12,1.5241075715123973e-05
3966,diṭṭhigatasampayuttaṁ,12,1.5241075715123973e-05
3967,patiṭṭhāho,12,1.5241075715123973e-05
3968,byāpajjitattaṁ,12,1.5241075715123973e-05
3969,manovilekho,12,1.5241075715123973e-05
3970,vikkhepo,12,1.5241075715123973e-05
3971,saññojaniyaṁ,12,1.5241075715123973e-05
3972,nārammaṇaṁ,12,1.5241075715123973e-05
3973,pañcaka,12,1.5241075715123973e-05
3974,cakkhusamphasso,12,1.5241075715123973e-05
3975,āyatanānaṁ,12,1.5241075715123973e-05
3976,vayo,12,1.5241075715123973e-05
3977,antaradhānaṁ,12,1.5241075715123973e-05
3978,sineho,12,1.5241075715123973e-05
3979,parasattānaṁ,12,1.5241075715123973e-05
3980,parapuggalānaṁ,12,1.5241075715123973e-05
3981,suttaṁ,12,1.5241075715123973e-05
3982,gandhataṇhā,12,1.5241075715123973e-05
3983,rasataṇhā,12,1.5241075715123973e-05
3984,pariyuṭṭhānaṁ,12,1.5241075715123973e-05
3985,byāpādanīvaraṇaṁ,12,1.5241075715123973e-05
3986,imañca,12,1.5241075715123973e-05
3987,avijjāya,12,1.5241075715123973e-05
3988,sattapi,12,1.5241075715123973e-05
3989,kāyiko,12,1.5241075715123973e-05
3990,vācasiko,12,1.5241075715123973e-05
3991,kāyikavācasiko,12,1.5241075715123973e-05
3992,asati,12,1.5241075715123973e-05
3993,kusalahetu,12,1.5241075715123973e-05
3994,cakkhudhātuyā,12,1.5241075715123973e-05
3995,viññāṇena,12,1.5241075715123973e-05
3996,pītisahagatehi,12,1.5241075715123973e-05
3997,sukhasahagatehi,12,1.5241075715123973e-05
3998,cittehi,12,1.5241075715123973e-05
3999,sabbesu,12,1.5241075715123973e-05
4000,tajjāte,12,1.5241075715123973e-05
4001,sarīran,12,1.5241075715123973e-05
4002,lokan,12,1.5241075715123973e-05
4003,aniccā,12,1.5241075715123973e-05
4004,sukhudrayaṁ,12,1.5241075715123973e-05
4005,teneva,12,1.5241075715123973e-05
4006,dhammānusārī,12,1.5241075715123973e-05
4007,purisayugā,12,1.5241075715123973e-05
4008,purisapuggalā,12,1.5241075715123973e-05
4009,vediyāmī,12,1.5241075715123973e-05
4010,rūpena,12,1.5241075715123973e-05
4011,parihāyamāno,12,1.5241075715123973e-05
4012,bahutarā,12,1.5241075715123973e-05
4013,bojjhaṅgabhāvanā,12,1.5241075715123973e-05
4014,ekadese,12,1.5241075715123973e-05
4015,ekabījī,12,1.5241075715123973e-05
4016,kāmarāgabyāpādaṁ,12,1.5241075715123973e-05
4017,anupādāniyo,12,1.5241075715123973e-05
4018,abhūtaṁ,12,1.5241075715123973e-05
4019,anabhinibbattaṁ,12,1.5241075715123973e-05
4020,dhuvaṁ,12,1.5241075715123973e-05
4021,sassataṁ,12,1.5241075715123973e-05
4022,avipariṇāmadhammanti,12,1.5241075715123973e-05
4023,nvātītaṁ,12,1.5241075715123973e-05
4024,nvānāgataṁ,12,1.5241075715123973e-05
4025,ñāṇakaraṇīyaṁ,12,1.5241075715123973e-05
4026,akusalampi,12,1.5241075715123973e-05
4027,lokuttarena,12,1.5241075715123973e-05
4028,savipākanti,12,1.5241075715123973e-05
4029,āvuso,12,1.5241075715123973e-05
4030,dukkhavedaniyaṁ,12,1.5241075715123973e-05
4031,okkamatīti,12,1.5241075715123973e-05
4032,satiṁ,12,1.5241075715123973e-05
4033,bhuñjati,12,1.5241075715123973e-05
4034,samāpattesiyo,12,1.5241075715123973e-05
4035,upapattesiyo,12,1.5241075715123973e-05
4036,vaccha,12,1.5241075715123973e-05
4037,bojjhaṅgoti,12,1.5241075715123973e-05
4038,tamenaṁ,12,1.5241075715123973e-05
4039,muhuttaṁ,12,1.5241075715123973e-05
4040,taṇhāpaccayāpi,12,1.5241075715123973e-05
4041,chattiṁsa,12,1.5241075715123973e-05
4042,mahapphalan,12,1.5241075715123973e-05
4043,kaṇṭako,12,1.5241075715123973e-05
4044,ākiñcaññāyatanassa,12,1.5241075715123973e-05
4045,viloketi,12,1.5241075715123973e-05
4046,asuciṁ,12,1.5241075715123973e-05
4047,sukkavissaṭṭhiṁ,12,1.5241075715123973e-05
4048,jānanto,12,1.5241075715123973e-05
4049,bhāsatīti,12,1.5241075715123973e-05
4050,vassasahassāni,12,1.5241075715123973e-05
4051,itipi,12,1.5241075715123973e-05
4052,tāva,12,1.5241075715123973e-05
4053,adho,12,1.5241075715123973e-05
4054,rāsi,12,1.5241075715123973e-05
4055,vipākābyākate,12,1.5241075715123973e-05
4056,āsevanapaccayatāti,12,1.5241075715123973e-05
4057,tatiyavagga,12,1.5241075715123973e-05
4058,anuppannassa,12,1.5241075715123973e-05
4059,vītivattoti,12,1.5241075715123973e-05
4060,bodhikaraṇīyaṁ,12,1.5241075715123973e-05
4061,paṭipannena,12,1.5241075715123973e-05
4062,pattassa,12,1.5241075715123973e-05
4063,avimuttaṁ,12,1.5241075715123973e-05
4064,pañcavokārabhavoti,12,1.5241075715123973e-05
4065,sahajātādi,12,1.5241075715123973e-05
4066,naanantarādi,12,1.5241075715123973e-05
4067,navippayutta,12,1.5241075715123973e-05
4068,micchattaniyate,12,1.5241075715123973e-05
4069,maggahetukañca,12,1.5241075715123973e-05
4070,cakkhāyatanassa,12,1.5241075715123973e-05
4071,paṭhamagamanasadisaṁ,12,1.5241075715123973e-05
4072,sāsevana,12,1.5241075715123973e-05
4073,anulomapaccanīyagaṇanā,12,1.5241075715123973e-05
4074,yathākammupagañāṇassa,12,1.5241075715123973e-05
4075,vipākābyākato,12,1.5241075715123973e-05
4076,indriyādhipati,12,1.5241075715123973e-05
4077,saindriya,12,1.5241075715123973e-05
4078,vipākamanoviññāṇadhātu,12,1.5241075715123973e-05
4079,kiriyamanoviññāṇadhātuyā,12,1.5241075715123973e-05
4080,sattavīsa,12,1.5241075715123973e-05
4081,pītisahagatānañca,12,1.5241075715123973e-05
4082,sukhasahagatānañca,12,1.5241075715123973e-05
4083,naasaṅkiliṭṭhaasaṅkilesikaṁ,12,1.5241075715123973e-05
4084,aṭṭhacattālīsa,12,1.5241075715123973e-05
4085,namaggārammaṇaṁ,12,1.5241075715123973e-05
4086,napaccuppannārammaṇaṁ,12,1.5241075715123973e-05
4087,nooghaṁ,12,1.5241075715123973e-05
4088,naajjhattikaṁ,12,1.5241075715123973e-05
4089,napariyāpannaṁ,12,1.5241075715123973e-05
4090,naapariyāpannaṁ,12,1.5241075715123973e-05
4091,naniyyānikaṁ,12,1.5241075715123973e-05
4092,naniyataṁ,12,1.5241075715123973e-05
4093,naparitto,12,1.5241075715123973e-05
4094,namicchattaniyato,12,1.5241075715123973e-05
4095,naatītassa,12,1.5241075715123973e-05
4096,cittasampayuttakā,12,1.5241075715123973e-05
4097,purejātādi,12,1.5241075715123973e-05
4098,anupādinne,12,1.5241075715123973e-05
4099,upādānavippayuttañca,12,1.5241075715123973e-05
4100,nokilesā,12,1.5241075715123973e-05
4101,itarepi,12,1.5241075715123973e-05
4102,kāmāvacarañca,12,1.5241075715123973e-05
4103,niyyānikassa,12,1.5241075715123973e-05
4104,adosassa,12,1.5241075715123973e-05
4105,amohassa,12,1.5241075715123973e-05
4106,anidassanañca,12,1.5241075715123973e-05
4107,anidassanānaṁ,12,1.5241075715123973e-05
4108,appaṭighānañca,12,1.5241075715123973e-05
4109,āsavasampayuttakā,12,1.5241075715123973e-05
4110,saññojaniyañceva,12,1.5241075715123973e-05
4111,nonīvaraṇā,12,1.5241075715123973e-05
4112,cittasaṁsaṭṭhasamuṭṭhānānuparivattī,12,1.5241075715123973e-05
4113,yuttappaṭibhāno,12,1.5241075715123973e-05
4114,muttappaṭibhāno,12,1.5241075715123973e-05
4115,ananuvicca,12,1.5241075715123973e-05
4116,apariyogāhetvā,12,1.5241075715123973e-05
4117,ṭhāne,12,1.5241075715123973e-05
4118,pasādaṁ,12,1.5241075715123973e-05
4119,upadaṁsitā,12,1.5241075715123973e-05
4120,anuvicca,12,1.5241075715123973e-05
4121,pariyogāhetvā,12,1.5241075715123973e-05
4122,parahitāya,12,1.5241075715123973e-05
4123,cetosamathassa,12,1.5241075715123973e-05
4124,adhipaññādhammavipassanāya,12,1.5241075715123973e-05
4125,pāpuṇāti,12,1.5241075715123973e-05
4126,paḷāso,12,1.5241075715123973e-05
4127,jaññā,12,1.5241075715123973e-05
4128,icchati,12,1.5241075715123973e-05
4129,sappāyāni,12,1.5241075715123973e-05
4130,vuṭṭhāti,12,1.5241075715123973e-05
4131,tassā,12,1.5241075715123973e-05
4132,kathāya,12,1.5241075715123973e-05
4133,abhikkantaṁ,12,1.5241075715123973e-05
4134,paṭikkantaṁ,12,1.5241075715123973e-05
4135,ālokitaṁ,12,1.5241075715123973e-05
4136,vilokitaṁ,12,1.5241075715123973e-05
4137,samiñjitaṁ,12,1.5241075715123973e-05
4138,pasāritaṁ,12,1.5241075715123973e-05
4139,saṅghāṭipattacīvaradhāraṇaṁ,12,1.5241075715123973e-05
4140,saṁsīdati,12,1.5241075715123973e-05
4141,visīdati,12,1.5241075715123973e-05
4142,santhambhati,12,1.5241075715123973e-05
4143,sakkoti,12,1.5241075715123973e-05
4144,rajaggaṁ,12,1.5241075715123973e-05
4145,pahāyā,12,1.5241075715123973e-05
4146,karuṇāyanā,12,1.5241075715123973e-05
4147,karuṇāyitattaṁ,12,1.5241075715123973e-05
4148,karuṇācetovimutti,12,1.5241075715123973e-05
4149,saṁyojanavippayuttā,12,1.5241075715123973e-05
4150,āsabhaṁ,12,1.5241075715123973e-05
4151,paṭijānāti,12,1.5241075715123973e-05
4152,parisāsu,12,1.5241075715123973e-05
4153,sīhanādaṁ,12,1.5241075715123973e-05
4154,nadati,12,1.5241075715123973e-05
4155,brahmacakkaṁ,12,1.5241075715123973e-05
4156,pavatteti,12,1.5241075715123973e-05
4157,seyyassa,12,1.5241075715123973e-05
4158,sadisassa,12,1.5241075715123973e-05
4159,duccaritāni,12,1.5241075715123973e-05
4160,diṭṭhiyo,12,1.5241075715123973e-05
4161,manāpiyesu,12,1.5241075715123973e-05
4162,amanāpiyesu,12,1.5241075715123973e-05
4163,samucchinno,12,1.5241075715123973e-05
4164,bhavissan,12,1.5241075715123973e-05
4165,asurānaṁ,12,1.5241075715123973e-05
4166,tiracchānagatānaṁ,12,1.5241075715123973e-05
4167,nerayikānaṁ,12,1.5241075715123973e-05
4168,aparopi,12,1.5241075715123973e-05
4169,āsavavippayuttasāsavā,12,1.5241075715123973e-05
4170,saṁyojanavippayuttasaṁyojaniyā,12,1.5241075715123973e-05
4171,ganthavippayuttaaganthaniyā,12,1.5241075715123973e-05
4172,nīvaraṇan,12,1.5241075715123973e-05
4173,nīvaraṇavippayuttanīvaraṇiyā,12,1.5241075715123973e-05
4174,parāmāsavippayuttaaparāmaṭṭhā,12,1.5241075715123973e-05
4175,upādānavippayuttaanupādāniyā,12,1.5241075715123973e-05
4176,kilesavippayuttasaṅkilesikā,12,1.5241075715123973e-05
4177,vedanāhetukā,12,1.5241075715123973e-05
4178,taṇhāhetukaṁ,12,1.5241075715123973e-05
4179,tadadhimuttatā,12,1.5241075715123973e-05
4180,adhimokkhaṁ,12,1.5241075715123973e-05
4181,asantaṁ,12,1.5241075715123973e-05
4182,janetī,12,1.5241075715123973e-05
4183,vāyamatī,12,1.5241075715123973e-05
4184,ārabhatī,12,1.5241075715123973e-05
4185,nāmāti,12,1.5241075715123973e-05
4186,sotindriyanti,12,1.5241075715123973e-05
4187,domanassindriyamūlakaṁ,12,1.5241075715123973e-05
4188,anaññātaññassāmītindriyamūlakaṁ,12,1.5241075715123973e-05
4189,aññindriyamūlakaṁ,12,1.5241075715123973e-05
4190,nappajahissati,12,1.5241075715123973e-05
4191,nāyatananti,12,1.5241075715123973e-05
4192,āsavasāsavaduka,11,1.3970986072196976e-05
4193,sārammaṇaduka,11,1.3970986072196976e-05
4194,cittavisaṁsaṭṭhā,11,1.3970986072196976e-05
4195,pariyāpannaduka,11,1.3970986072196976e-05
4196,niyyānikaduka,11,1.3970986072196976e-05
4197,niyataduka,11,1.3970986072196976e-05
4198,sauttaraduka,11,1.3970986072196976e-05
4199,sassatadiṭṭhi,11,1.3970986072196976e-05
4200,ucchedadiṭṭhi,11,1.3970986072196976e-05
4201,sīlavipatti,11,1.3970986072196976e-05
4202,diṭṭhivipatti,11,1.3970986072196976e-05
4203,caturaṅgiko,11,1.3970986072196976e-05
4204,apariyogāhanā,11,1.3970986072196976e-05
4205,uddesa,11,1.3970986072196976e-05
4206,catunnañca,11,1.3970986072196976e-05
4207,kakkhaḷaṁ,11,1.3970986072196976e-05
4208,icchā,11,1.3970986072196976e-05
4209,anusayo,11,1.3970986072196976e-05
4210,kujjhanā,11,1.3970986072196976e-05
4211,kujjhitattaṁ,11,1.3970986072196976e-05
4212,dosena,11,1.3970986072196976e-05
4213,sīlabbatupādānaṁ,11,1.3970986072196976e-05
4214,kilesavatthūni,11,1.3970986072196976e-05
4215,samāpattīnaṁ,11,1.3970986072196976e-05
4216,maggasamaṅgissa,11,1.3970986072196976e-05
4217,domanassasahagatesu,11,1.3970986072196976e-05
4218,rūpakkhandhena,11,1.3970986072196976e-05
4219,vedanākkhandhena,11,1.3970986072196976e-05
4220,viññāṇakkhandhena,11,1.3970986072196976e-05
4221,sāsavehi,11,1.3970986072196976e-05
4222,saṅkilesikehi,11,1.3970986072196976e-05
4223,padā,11,1.3970986072196976e-05
4224,dvādasahi,11,1.3970986072196976e-05
4225,ekavokārabhavo,11,1.3970986072196976e-05
4226,padāni,11,1.3970986072196976e-05
4227,paccuppannanti,11,1.3970986072196976e-05
4228,paṭikammaṁ,11,1.3970986072196976e-05
4229,khayadhammaṁ,11,1.3970986072196976e-05
4230,vayadhammaṁ,11,1.3970986072196976e-05
4231,virāgadhammaṁ,11,1.3970986072196976e-05
4232,sammādiṭṭhiyā,11,1.3970986072196976e-05
4233,rājā,11,1.3970986072196976e-05
4234,mahāsamuddo,11,1.3970986072196976e-05
4235,pabbajito,11,1.3970986072196976e-05
4236,ubhatobhāgavimutto,11,1.3970986072196976e-05
4237,etadavoca,11,1.3970986072196976e-05
4238,nu,11,1.3970986072196976e-05
4239,seniya,11,1.3970986072196976e-05
4240,sotāpattiphalā,11,1.3970986072196976e-05
4241,samayavimuttassa,11,1.3970986072196976e-05
4242,paccekasambuddhā,11,1.3970986072196976e-05
4243,sāvakayugaṁ,11,1.3970986072196976e-05
4244,bhāvitena,11,1.3970986072196976e-05
4245,upahaccaparinibbāyī,11,1.3970986072196976e-05
4246,asaṅkhāraparinibbāyī,11,1.3970986072196976e-05
4247,sasaṅkhāraparinibbāyī,11,1.3970986072196976e-05
4248,khayagāmī,11,1.3970986072196976e-05
4249,anīvaraṇiyo,11,1.3970986072196976e-05
4250,anāgāmimaggena,11,1.3970986072196976e-05
4251,yampi,11,1.3970986072196976e-05
4252,apātubhūtanti,11,1.3970986072196976e-05
4253,jātaṁ,11,1.3970986072196976e-05
4254,anāgatena,11,1.3970986072196976e-05
4255,paccuppannena,11,1.3970986072196976e-05
4256,visaṁ,11,1.3970986072196976e-05
4257,satthaṁ,11,1.3970986072196976e-05
4258,asaṁyojaniyā,11,1.3970986072196976e-05
4259,asaṅkilesikaṁ,11,1.3970986072196976e-05
4260,santiṭṭhati,11,1.3970986072196976e-05
4261,dasamavagga,11,1.3970986072196976e-05
4262,veramaṇīti,11,1.3970986072196976e-05
4263,sataṁ,11,1.3970986072196976e-05
4264,saññāhi,11,1.3970986072196976e-05
4265,dussīlo,11,1.3970986072196976e-05
4266,vicikicchāsaṁyojanaṁ,11,1.3970986072196976e-05
4267,cittasantati,11,1.3970986072196976e-05
4268,ṭhitatā,11,1.3970986072196976e-05
4269,diṭṭhisampannassa,11,1.3970986072196976e-05
4270,voropito,11,1.3970986072196976e-05
4271,paṭiggaṇheyya,11,1.3970986072196976e-05
4272,ṭhite,11,1.3970986072196976e-05
4273,vatthusmiṁ,11,1.3970986072196976e-05
4274,jivhañca,11,1.3970986072196976e-05
4275,diṭṭhadhammasukhavihāro,11,1.3970986072196976e-05
4276,pannarasamavagga,11,1.3970986072196976e-05
4277,paccavekkhaṇā,11,1.3970986072196976e-05
4278,kiriyābyākatānaṁ,11,1.3970986072196976e-05
4279,nāmarūpapaccayāpi,11,1.3970986072196976e-05
4280,paggaṇhātīti,11,1.3970986072196976e-05
4281,upapattesiyaṁ,11,1.3970986072196976e-05
4282,sattarasamavagga,11,1.3970986072196976e-05
4283,lokassa,11,1.3970986072196976e-05
4284,pivati,11,1.3970986072196976e-05
4285,tīṇeva,11,1.3970986072196976e-05
4286,nibbānadhātu,11,1.3970986072196976e-05
4287,dutiyavagga,11,1.3970986072196976e-05
4288,kaṇḍako,11,1.3970986072196976e-05
4289,paṭipannakoti,11,1.3970986072196976e-05
4290,asañcicca,11,1.3970986072196976e-05
4291,gabbhaseyyāya,11,1.3970986072196976e-05
4292,sattesu,11,1.3970986072196976e-05
4293,vīriyindriyanti,11,1.3970986072196976e-05
4294,satindriyanti,11,1.3970986072196976e-05
4295,samādhindriyanti,11,1.3970986072196976e-05
4296,duggatiṁ,11,1.3970986072196976e-05
4297,cakkavattisattassa,11,1.3970986072196976e-05
4298,sāvakoti,11,1.3970986072196976e-05
4299,paresaṁ,11,1.3970986072196976e-05
4300,sampanno,11,1.3970986072196976e-05
4301,aṭṭhamavagga,11,1.3970986072196976e-05
4302,kāmā,11,1.3970986072196976e-05
4303,navamavagga,11,1.3970986072196976e-05
4304,napacchājātādi,11,1.3970986072196976e-05
4305,paccayavāro,11,1.3970986072196976e-05
4306,paripuṇṇā,11,1.3970986072196976e-05
4307,asekkhañca,11,1.3970986072196976e-05
4308,patthayamāno,11,1.3970986072196976e-05
4309,najhāna,11,1.3970986072196976e-05
4310,sādhipati,11,1.3970986072196976e-05
4311,anupādinnupādāniyānaṁ,11,1.3970986072196976e-05
4312,naupādinnupādāniyaṁ,11,1.3970986072196976e-05
4313,namahaggataṁ,11,1.3970986072196976e-05
4314,naanāgatārammaṇaṁ,11,1.3970986072196976e-05
4315,naajjhattaṁ,11,1.3970986072196976e-05
4316,nacittānuparivattiṁ,11,1.3970986072196976e-05
4317,nabāhiraṁ,11,1.3970986072196976e-05
4318,naanupādinnaṁ,11,1.3970986072196976e-05
4319,nanakāmāvacaraṁ,11,1.3970986072196976e-05
4320,naajjhattārammaṇo,11,1.3970986072196976e-05
4321,naaniyato,11,1.3970986072196976e-05
4322,lokiyañca,11,1.3970986072196976e-05
4323,nacittasamuṭṭhāno,11,1.3970986072196976e-05
4324,aniyyānikañca,11,1.3970986072196976e-05
4325,naniyato,11,1.3970986072196976e-05
4326,nocittānuparivattī,11,1.3970986072196976e-05
4327,lokiyadukasadisaṁ,11,1.3970986072196976e-05
4328,naatīto,11,1.3970986072196976e-05
4329,ārammaṇādhipatiyeva,11,1.3970986072196976e-05
4330,cetasikānaṁ,11,1.3970986072196976e-05
4331,ajjhattikānaṁ,11,1.3970986072196976e-05
4332,noupādāne,11,1.3970986072196976e-05
4333,upādāniyañca,11,1.3970986072196976e-05
4334,nasukhasahagatassa,11,1.3970986072196976e-05
4335,nahetusahetukānaṁ,11,1.3970986072196976e-05
4336,saññojanasampayutte,11,1.3970986072196976e-05
4337,nonīvaraṇe,11,1.3970986072196976e-05
4338,parāmāsasampayutte,11,1.3970986072196976e-05
4339,nanoāsavañca,11,1.3970986072196976e-05
4340,paṇītassa,11,1.3970986072196976e-05
4341,hetuvippayuttassa,11,1.3970986072196976e-05
4342,nagantho,11,1.3970986072196976e-05
4343,naasaṅkilesiko,11,1.3970986072196976e-05
4344,kāyasakkhī,11,1.3970986072196976e-05
4345,samādhismiṁ,11,1.3970986072196976e-05
4346,aparepi,11,1.3970986072196976e-05
4347,macchariyaṁ,11,1.3970986072196976e-05
4348,bhikkhūsu,11,1.3970986072196976e-05
4349,kāsikavatthaṁ,11,1.3970986072196976e-05
4350,sāro,11,1.3970986072196976e-05
4351,kappeti,11,1.3970986072196976e-05
4352,bhikkhuṁ,11,1.3970986072196976e-05
4353,samupeto,11,1.3970986072196976e-05
4354,muditāyanā,11,1.3970986072196976e-05
4355,muditāyitattaṁ,11,1.3970986072196976e-05
4356,muditācetovimutti,11,1.3970986072196976e-05
4357,uppādinī,11,1.3970986072196976e-05
4358,parehi,11,1.3970986072196976e-05
4359,saññī,11,1.3970986072196976e-05
4360,terasindriyā,11,1.3970986072196976e-05
4361,cattārindriyā,11,1.3970986072196976e-05
4362,āsavavippayuttasāsavo,11,1.3970986072196976e-05
4363,āsavavippayuttaanāsavā,11,1.3970986072196976e-05
4364,saṁyojanavippayuttaasaṁyojaniyā,11,1.3970986072196976e-05
4365,nīvaraṇavippayuttaanīvaraṇiyā,11,1.3970986072196976e-05
4366,kilesavippayuttaasaṅkilesikā,11,1.3970986072196976e-05
4367,phassasampayuttā,11,1.3970986072196976e-05
4368,vedanāpaccayāpi,11,1.3970986072196976e-05
4369,padahatī,11,1.3970986072196976e-05
4370,ghānindriyanti,11,1.3970986072196976e-05
4371,jivhindriyanti,11,1.3970986072196976e-05
4372,kāyindriyanti,11,1.3970986072196976e-05
4373,itthindriyanti,11,1.3970986072196976e-05
4374,purisindriyanti,11,1.3970986072196976e-05
4375,upekkhindriyanti,11,1.3970986072196976e-05
4376,ñāṇasampayuttacittassa,11,1.3970986072196976e-05
4377,khandhayamaka,11,1.3970986072196976e-05
4378,nirodhavāra,11,1.3970986072196976e-05
4379,āyatanayamaka,11,1.3970986072196976e-05
4380,saccayamaka,11,1.3970986072196976e-05
4381,appaccayā,10,1.2700896429269979e-05
4382,asaññojaniyā,10,1.2700896429269979e-05
4383,ganthagocchaka,10,1.2700896429269979e-05
4384,parāmāsagocchaka,10,1.2700896429269979e-05
4385,cittasampayuttaduka,10,1.2700896429269979e-05
4386,cittasaṁsaṭṭhaduka,10,1.2700896429269979e-05
4387,cittasamuṭṭhānaduka,10,1.2700896429269979e-05
4388,cittasahabhūduka,10,1.2700896429269979e-05
4389,upādinnaduka,10,1.2700896429269979e-05
4390,bhāvanāyapahātabbahetukaduka,10,1.2700896429269979e-05
4391,kāmāvacaraduka,10,1.2700896429269979e-05
4392,arūpāvacaraduka,10,1.2700896429269979e-05
4393,padhānaṁ,10,1.2700896429269979e-05
4394,asantuṭṭhitā,10,1.2700896429269979e-05
4395,vijjā,10,1.2700896429269979e-05
4396,cittuppādakaṇḍa,10,1.2700896429269979e-05
4397,rūpasaññānaṁ,10,1.2700896429269979e-05
4398,samatikkamā,10,1.2700896429269979e-05
4399,paṭighasaññānaṁ,10,1.2700896429269979e-05
4400,nānattasaññānaṁ,10,1.2700896429269979e-05
4401,tajjāmanoviññāṇadhātusamphassajā,10,1.2700896429269979e-05
4402,cetayitattaṁ,10,1.2700896429269979e-05
4403,cāro,10,1.2700896429269979e-05
4404,anuvicāro,10,1.2700896429269979e-05
4405,upavicāro,10,1.2700896429269979e-05
4406,anupekkhanatā,10,1.2700896429269979e-05
4407,caturaṅgikaṁ,10,1.2700896429269979e-05
4408,pubbeva,10,1.2700896429269979e-05
4409,catuttho,10,1.2700896429269979e-05
4410,kāyaviññeyyaṁ,10,1.2700896429269979e-05
4411,sukhasamphassaṁ,10,1.2700896429269979e-05
4412,sotasamphasso,10,1.2700896429269979e-05
4413,nīlaṁ,10,1.2700896429269979e-05
4414,khīraṁ,10,1.2700896429269979e-05
4415,vatena,10,1.2700896429269979e-05
4416,ajātā,10,1.2700896429269979e-05
4417,dutiyā,10,1.2700896429269979e-05
4418,arūpataṇhā,10,1.2700896429269979e-05
4419,vicikicchāsaññojanaṁ,10,1.2700896429269979e-05
4420,idameva,10,1.2700896429269979e-05
4421,moghamaññanti,10,1.2700896429269979e-05
4422,yiṭṭhaṁ,10,1.2700896429269979e-05
4423,anādariyaṁ,10,1.2700896429269979e-05
4424,pañcapi,10,1.2700896429269979e-05
4425,aguttadvāratā,10,1.2700896429269979e-05
4426,anubyañjanaggāhī,10,1.2700896429269979e-05
4427,cakkhundriye,10,1.2700896429269979e-05
4428,āhāreti,10,1.2700896429269979e-05
4429,nānubyañjanaggāhī,10,1.2700896429269979e-05
4430,bhāvanā,10,1.2700896429269979e-05
4431,diṭṭhigatasampayuttacittuppādā,10,1.2700896429269979e-05
4432,diṭṭhigatavippayuttalobhasahagatacittuppādā,10,1.2700896429269979e-05
4433,aṭṭhasu,10,1.2700896429269979e-05
4434,upādānena,10,1.2700896429269979e-05
4435,balehi,10,1.2700896429269979e-05
4436,aṭṭhaṅgikena,10,1.2700896429269979e-05
4437,nīvaraṇehi,10,1.2700896429269979e-05
4438,jarāya,10,1.2700896429269979e-05
4439,pañcavokārabhavo,10,1.2700896429269979e-05
4440,arūpabhavo,10,1.2700896429269979e-05
4441,paṭhamavagga,10,1.2700896429269979e-05
4442,vedanāti,10,1.2700896429269979e-05
4443,jīvoti,10,1.2700896429269979e-05
4444,paṭiccasamuppannaṁ,10,1.2700896429269979e-05
4445,pañceva,10,1.2700896429269979e-05
4446,soti,10,1.2700896429269979e-05
4447,aññoti,10,1.2700896429269979e-05
4448,mānusakaṁ,10,1.2700896429269979e-05
4449,kārako,10,1.2700896429269979e-05
4450,iddhiṁ,10,1.2700896429269979e-05
4451,gahaṭṭho,10,1.2700896429269979e-05
4452,paññāvimutto,10,1.2700896429269979e-05
4453,suññaṁ,10,1.2700896429269979e-05
4454,anāgāmiphalā,10,1.2700896429269979e-05
4455,ucchinnamūlo,10,1.2700896429269979e-05
4456,tālāvatthukato,10,1.2700896429269979e-05
4457,anabhāvaṅkato,10,1.2700896429269979e-05
4458,kāmogho,10,1.2700896429269979e-05
4459,kāmayogo,10,1.2700896429269979e-05
4460,upacayaṁ,10,1.2700896429269979e-05
4461,payirupāsanti,10,1.2700896429269979e-05
4462,sammattaṁ,10,1.2700896429269979e-05
4463,sammāsambuddhā,10,1.2700896429269979e-05
4464,janapadesu,10,1.2700896429269979e-05
4465,pañcorambhāgiyāni,10,1.2700896429269979e-05
4466,pañcuddhambhāgiyāni,10,1.2700896429269979e-05
4467,ariyasāvakassa,10,1.2700896429269979e-05
4468,accantaṁ,10,1.2700896429269979e-05
4469,anavasesaṁ,10,1.2700896429269979e-05
4470,sacchikaronto,10,1.2700896429269979e-05
4471,bodhagāmī,10,1.2700896429269979e-05
4472,asaṁyojaniyo,10,1.2700896429269979e-05
4473,aparāmaṭṭho,10,1.2700896429269979e-05
4474,byāpādena,10,1.2700896429269979e-05
4475,byāpannacittoti,10,1.2700896429269979e-05
4476,ahosī,10,1.2700896429269979e-05
4477,satīti,10,1.2700896429269979e-05
4478,suvidūravidūraṁ,10,1.2700896429269979e-05
4479,phassehi,10,1.2700896429269979e-05
4480,avipākanti,10,1.2700896429269979e-05
4481,viya,10,1.2700896429269979e-05
4482,cittasampayuttoti,10,1.2700896429269979e-05
4483,jīvite,10,1.2700896429269979e-05
4484,jīvitāvasese,10,1.2700896429269979e-05
4485,samādhī,10,1.2700896429269979e-05
4486,dvādasamavagga,10,1.2700896429269979e-05
4487,sañcicca,10,1.2700896429269979e-05
4488,duṭṭhena,10,1.2700896429269979e-05
4489,terasamavagga,10,1.2700896429269979e-05
4490,anantarāpayutto,10,1.2700896429269979e-05
4491,ārammaṇanti,10,1.2700896429269979e-05
4492,anāvaṭṭentassa,10,1.2700896429269979e-05
4493,appaṇidahantassa,10,1.2700896429269979e-05
4494,aganthaniyaṁ,10,1.2700896429269979e-05
4495,abyākatan,10,1.2700896429269979e-05
4496,idhāpi,10,1.2700896429269979e-05
4497,sārammaṇanti,10,1.2700896429269979e-05
4498,sārammaṇoti,10,1.2700896429269979e-05
4499,addhāti,10,1.2700896429269979e-05
4500,soḷasamavagga,10,1.2700896429269979e-05
4501,niggaṇhātīti,10,1.2700896429269979e-05
4502,alobhaṁ,10,1.2700896429269979e-05
4503,dvipadānaṁ,10,1.2700896429269979e-05
4504,dakkhiṇeyyā,10,1.2700896429269979e-05
4505,paṭiggāhakato,10,1.2700896429269979e-05
4506,sabbamidaṁ,10,1.2700896429269979e-05
4507,khādati,10,1.2700896429269979e-05
4508,bhaṇeyya,10,1.2700896429269979e-05
4509,karontīti,10,1.2700896429269979e-05
4510,suṇanti,10,1.2700896429269979e-05
4511,mārakāyikā,10,1.2700896429269979e-05
4512,devatā,10,1.2700896429269979e-05
4513,arahattaṁ,10,1.2700896429269979e-05
4514,vassāni,10,1.2700896429269979e-05
4515,vassasatāni,10,1.2700896429269979e-05
4516,rattiyā,10,1.2700896429269979e-05
4517,ākāsānañcāyatanūpagānaṁ,10,1.2700896429269979e-05
4518,panassa,10,1.2700896429269979e-05
4519,pisuṇāya,10,1.2700896429269979e-05
4520,pharusāya,10,1.2700896429269979e-05
4521,asaṁvarā,10,1.2700896429269979e-05
4522,ariyanti,10,1.2700896429269979e-05
4523,animittārammaṇaṁ,10,1.2700896429269979e-05
4524,vītarāgaṁ,10,1.2700896429269979e-05
4525,vītadosaṁ,10,1.2700896429269979e-05
4526,vītamohaṁ,10,1.2700896429269979e-05
4527,ekaṁyeva,10,1.2700896429269979e-05
4528,apāyaṁ,10,1.2700896429269979e-05
4529,sugatiṁ,10,1.2700896429269979e-05
4530,saggaṁ,10,1.2700896429269979e-05
4531,catutthavagga,10,1.2700896429269979e-05
4532,anāgāmiphalena,10,1.2700896429269979e-05
4533,apāyagamanīyaṁ,10,1.2700896429269979e-05
4534,gatiyo,10,1.2700896429269979e-05
4535,pañcamavagga,10,1.2700896429269979e-05
4536,sammutiñāṇaṁ,10,1.2700896429269979e-05
4537,aññārammaṇan,10,1.2700896429269979e-05
4538,samāhitaṁ,10,1.2700896429269979e-05
4539,chaṭṭhavagga,10,1.2700896429269979e-05
4540,sattamavagga,10,1.2700896429269979e-05
4541,vipākadhammadhammoti,10,1.2700896429269979e-05
4542,dinnena,10,1.2700896429269979e-05
4543,ciraṁ,10,1.2700896429269979e-05
4544,samuṭṭhito,10,1.2700896429269979e-05
4545,chandarāgo,10,1.2700896429269979e-05
4546,samiddhi,10,1.2700896429269979e-05
4547,vedayatī,10,1.2700896429269979e-05
4548,pañcaviññāṇaṁ,10,1.2700896429269979e-05
4549,adhipatyādi,10,1.2700896429269979e-05
4550,saṁsaṭṭhavāro,10,1.2700896429269979e-05
4551,vicikicchāsahagatassa,10,1.2700896429269979e-05
4552,uddhaccasahagatassa,10,1.2700896429269979e-05
4553,naāsevana,10,1.2700896429269979e-05
4554,sekkhānaṁ,10,1.2700896429269979e-05
4555,phalasamāpattiṁ,10,1.2700896429269979e-05
4556,vitthāretabbāni,10,1.2700896429269979e-05
4557,arahantaghātikammassa,10,1.2700896429269979e-05
4558,maggādhipatīnañca,10,1.2700896429269979e-05
4559,jhānādi,10,1.2700896429269979e-05
4560,taṁsamuṭṭhānānañca,10,1.2700896429269979e-05
4561,abyākatānaṁ,10,1.2700896429269979e-05
4562,asammohantena,10,1.2700896429269979e-05
4563,bāvīsaka,10,1.2700896429269979e-05
4564,terasaka,10,1.2700896429269979e-05
4565,naadhipatiduka,10,1.2700896429269979e-05
4566,napurejātaduka,10,1.2700896429269979e-05
4567,navippayuttaduka,10,1.2700896429269979e-05
4568,kāyaviññāṇasahagato,10,1.2700896429269979e-05
4569,upādinnupādāniyānaṁ,10,1.2700896429269979e-05
4570,vibhattā,10,1.2700896429269979e-05
4571,cuticittañca,10,1.2700896429269979e-05
4572,vodānañca,10,1.2700896429269979e-05
4573,naanupādinnaanupādāniyaṁ,10,1.2700896429269979e-05
4574,naasaṅkiliṭṭhasaṅkilesikaṁ,10,1.2700896429269979e-05
4575,naavitakkavicāramattaṁ,10,1.2700896429269979e-05
4576,naavitakkaavicāraṁ,10,1.2700896429269979e-05
4577,namajjhimaṁ,10,1.2700896429269979e-05
4578,nacittasamuṭṭhānaṁ,10,1.2700896429269979e-05
4579,nacittasahabhuṁ,10,1.2700896429269979e-05
4580,upādānadukādi,10,1.2700896429269979e-05
4581,nasaraṇañca,10,1.2700896429269979e-05
4582,naavitakkaṁ,10,1.2700896429269979e-05
4583,nasavicāraṁ,10,1.2700896429269979e-05
4584,nasappītikaṁ,10,1.2700896429269979e-05
4585,naaniyyānikaṁ,10,1.2700896429269979e-05
4586,nasauttaro,10,1.2700896429269979e-05
4587,naanupādinnupādāniyassa,10,1.2700896429269979e-05
4588,yogaṁ,10,1.2700896429269979e-05
4589,nasavitakko,10,1.2700896429269979e-05
4590,naniyyāniko,10,1.2700896429269979e-05
4591,nocittānuparivattiṁ,10,1.2700896429269979e-05
4592,nasanidassanassa,10,1.2700896429269979e-05
4593,nocittasaṁsaṭṭhasamuṭṭhānasahabhuṁ,10,1.2700896429269979e-05
4594,naanuppanno,10,1.2700896429269979e-05
4595,nauppādī,10,1.2700896429269979e-05
4596,naanāgato,10,1.2700896429269979e-05
4597,cittasampayutte,10,1.2700896429269979e-05
4598,cittasampayuttañca,10,1.2700896429269979e-05
4599,cittavippayuttañca,10,1.2700896429269979e-05
4600,cittasaṁsaṭṭhasamuṭṭhānānuparivatti,10,1.2700896429269979e-05
4601,upādānasampayuttañceva,10,1.2700896429269979e-05
4602,nokilese,10,1.2700896429269979e-05
4603,saṅkiliṭṭhe,10,1.2700896429269979e-05
4604,nakāmāvacarañca,10,1.2700896429269979e-05
4605,narūpāvacarā,10,1.2700896429269979e-05
4606,noāsave,10,1.2700896429269979e-05
4607,kāmāsavañca,10,1.2700896429269979e-05
4608,nosaññojanañca,10,1.2700896429269979e-05
4609,kāmarāgasaññojanañca,10,1.2700896429269979e-05
4610,noganthe,10,1.2700896429269979e-05
4611,noganthañca,10,1.2700896429269979e-05
4612,nīvaraṇiyassa,10,1.2700896429269979e-05
4613,noparāmāse,10,1.2700896429269979e-05
4614,parāmaṭṭhassa,10,1.2700896429269979e-05
4615,kilesasampayuttañceva,10,1.2700896429269979e-05
4616,ajjhattañca,10,1.2700896429269979e-05
4617,naganthañceva,10,1.2700896429269979e-05
4618,naaparāmaṭṭho,10,1.2700896429269979e-05
4619,pāpadhammo,10,1.2700896429269979e-05
4620,kalyāṇadhammo,10,1.2700896429269979e-05
4621,uṭṭhānaphalūpajīvī,10,1.2700896429269979e-05
4622,puññaphalūpajīvī,10,1.2700896429269979e-05
4623,rūpasahagatānaṁ,10,1.2700896429269979e-05
4624,arūpasahagatānaṁ,10,1.2700896429269979e-05
4625,laddhaṁ,10,1.2700896429269979e-05
4626,khvassa,10,1.2700896429269979e-05
4627,cepi,10,1.2700896429269979e-05
4628,tuccho,10,1.2700896429269979e-05
4629,pihito,10,1.2700896429269979e-05
4630,pūro,10,1.2700896429269979e-05
4631,vivaṭo,10,1.2700896429269979e-05
4632,uttāno,10,1.2700896429269979e-05
4633,gambhīrobhāso,10,1.2700896429269979e-05
4634,gambhīro,10,1.2700896429269979e-05
4635,uttānobhāso,10,1.2700896429269979e-05
4636,pheggu,10,1.2700896429269979e-05
4637,sāraparivāro,10,1.2700896429269979e-05
4638,phegguparivāro,10,1.2700896429269979e-05
4639,evarūpopi,10,1.2700896429269979e-05
4640,upāgato,10,1.2700896429269979e-05
4641,samupāgato,10,1.2700896429269979e-05
4642,parisodhetī,10,1.2700896429269979e-05
4643,maggādhipatinī,10,1.2700896429269979e-05
4644,nibbatteyya,10,1.2700896429269979e-05
4645,papañcitāni,10,1.2700896429269979e-05
4646,tamañño,10,1.2700896429269979e-05
4647,neso,10,1.2700896429269979e-05
4648,aṭṭhindriyā,10,1.2700896429269979e-05
4649,āsavavippayuttaanāsavo,10,1.2700896429269979e-05
4650,vedanāsampayuttā,10,1.2700896429269979e-05
4651,taṇhāsampayuttaṁ,10,1.2700896429269979e-05
4652,sotāyatanassa,10,1.2700896429269979e-05
4653,ghānāyatanassa,10,1.2700896429269979e-05
4654,jivhāyatanassa,10,1.2700896429269979e-05
4655,kāyāyatanassa,10,1.2700896429269979e-05
4656,satipaṭṭhānasampayuttā,10,1.2700896429269979e-05
4657,sukhindriyanti,10,1.2700896429269979e-05
4658,dukkhindriyanti,10,1.2700896429269979e-05
4659,domanassindriyanti,10,1.2700896429269979e-05
4660,anaññātaññassāmītindriyanti,10,1.2700896429269979e-05
4661,itarāsaṁ,10,1.2700896429269979e-05
4662,cavantīnaṁ,10,1.2700896429269979e-05
4663,aggaphalaṁ,10,1.2700896429269979e-05
4664,pajahitthāti,10,1.2700896429269979e-05
4665,nappajahitthāti,10,1.2700896429269979e-05
4666,uppādanirodhavāra,10,1.2700896429269979e-05
4667,sotāyatananti,10,1.2700896429269979e-05
4668,saccañceva,10,1.2700896429269979e-05
4669,avītikkantaṁ,10,1.2700896429269979e-05
4670,dassanenapahātabbattika,9,1.143080678634298e-05
4671,sanidassanasappaṭighā,9,1.143080678634298e-05
4672,hetugocchakaṁ,9,1.143080678634298e-05
4673,oghaniyā,9,1.143080678634298e-05
4674,yoganiyā,9,1.143080678634298e-05
4675,cittānuparivattiduka,9,1.143080678634298e-05
4676,ajjhattikaduka,9,1.143080678634298e-05
4677,upādāduka,9,1.143080678634298e-05
4678,saṅkiliṭṭhaduka,9,1.143080678634298e-05
4679,bhāvanāyapahātabbaduka,9,1.143080678634298e-05
4680,savitakkaduka,9,1.143080678634298e-05
4681,savicāraduka,9,1.143080678634298e-05
4682,sappītikaduka,9,1.143080678634298e-05
4683,rūpāvacaraduka,9,1.143080678634298e-05
4684,guttadvāratā,9,1.143080678634298e-05
4685,tīṇindriyāni,9,1.143080678634298e-05
4686,attamanatā,9,1.143080678634298e-05
4687,alubbhanā,9,1.143080678634298e-05
4688,alubbhitattaṁ,9,1.143080678634298e-05
4689,asārāgo,9,1.143080678634298e-05
4690,asārajjanā,9,1.143080678634298e-05
4691,asārajjitattaṁ,9,1.143080678634298e-05
4692,adussanā,9,1.143080678634298e-05
4693,adussitattaṁ,9,1.143080678634298e-05
4694,indriyāni,9,1.143080678634298e-05
4695,ārammaṇāni,9,1.143080678634298e-05
4696,navindriyāni,9,1.143080678634298e-05
4697,kaṅkhāyanā,9,1.143080678634298e-05
4698,kaṅkhāyitattaṁ,9,1.143080678634298e-05
4699,avūpasamo,9,1.143080678634298e-05
4700,bhantattaṁ,9,1.143080678634298e-05
4701,catukkaṁ,9,1.143080678634298e-05
4702,pañcakaṁ,9,1.143080678634298e-05
4703,sotaviññeyyaṁ,9,1.143080678634298e-05
4704,ghānaviññeyyaṁ,9,1.143080678634298e-05
4705,jivhāviññeyyaṁ,9,1.143080678634298e-05
4706,ghānasamphasso,9,1.143080678634298e-05
4707,jivhāsamphasso,9,1.143080678634298e-05
4708,kāyasamphasso,9,1.143080678634298e-05
4709,pītakaṁ,9,1.143080678634298e-05
4710,lohitakaṁ,9,1.143080678634298e-05
4711,phoṭṭhabbadhātupesā,9,1.143080678634298e-05
4712,savitakkasavicārabhūmiyaṁ,9,1.143080678634298e-05
4713,avitakkaavicārabhūmiyaṁ,9,1.143080678634298e-05
4714,rūpasmiṁ,9,1.143080678634298e-05
4715,viññāṇasmiṁ,9,1.143080678634298e-05
4716,sīlabbatena,9,1.143080678634298e-05
4717,jātā,9,1.143080678634298e-05
4718,sañjātā,9,1.143080678634298e-05
4719,nibbattā,9,1.143080678634298e-05
4720,abhinibbattā,9,1.143080678634298e-05
4721,pātubhūtā,9,1.143080678634298e-05
4722,nandī,9,1.143080678634298e-05
4723,vevicchaṁ,9,1.143080678634298e-05
4724,paṭighasaññojanaṁ,9,1.143080678634298e-05
4725,avijjāsaññojanena,9,1.143080678634298e-05
4726,idaṁsaccābhiniveso,9,1.143080678634298e-05
4727,diṭṭhadhammasukhavihārissa,9,1.143080678634298e-05
4728,samaññā,9,1.143080678634298e-05
4729,manindriye,9,1.143080678634298e-05
4730,channaṁ,9,1.143080678634298e-05
4731,dhammesū,9,1.143080678634298e-05
4732,rūpāvacaratikacatukkajjhānā,9,1.143080678634298e-05
4733,upekkhindriyena,9,1.143080678634298e-05
4734,dukkhena,9,1.143080678634298e-05
4735,domanassena,9,1.143080678634298e-05
4736,manasikārena,9,1.143080678634298e-05
4737,adhimokkhena,9,1.143080678634298e-05
4738,anāsavehi,9,1.143080678634298e-05
4739,parāmaṭṭhehi,9,1.143080678634298e-05
4740,upādānehi,9,1.143080678634298e-05
4741,cuddasindriyā,9,1.143080678634298e-05
4742,dukkhindriyañca,9,1.143080678634298e-05
4743,saññābhavo,9,1.143080678634298e-05
4744,rūpabhavo,9,1.143080678634298e-05
4745,paridevo,9,1.143080678634298e-05
4746,sampayuttoti,9,1.143080678634298e-05
4747,anāgatanti,9,1.143080678634298e-05
4748,niggaho,9,1.143080678634298e-05
4749,sace,9,1.143080678634298e-05
4750,nirodhadhammaṁ,9,1.143080678634298e-05
4751,kantaphalaṁ,9,1.143080678634298e-05
4752,manuññaphalaṁ,9,1.143080678634298e-05
4753,asecanakaphalaṁ,9,1.143080678634298e-05
4754,visuddhena,9,1.143080678634298e-05
4755,atikkantamānusakena,9,1.143080678634298e-05
4756,āgacchatīti,9,1.143080678634298e-05
4757,antakiriyā,9,1.143080678634298e-05
4758,nibbānassa,9,1.143080678634298e-05
4759,mahāpathavī,9,1.143080678634298e-05
4760,sinerupabbatarājā,9,1.143080678634298e-05
4761,tiṇakaṭṭhavanappatayo,9,1.143080678634298e-05
4762,saccavādī,9,1.143080678634298e-05
4763,kālavādī,9,1.143080678634298e-05
4764,bhūtavādī,9,1.143080678634298e-05
4765,atthāya,9,1.143080678634298e-05
4766,bhante,9,1.143080678634298e-05
4767,satthāro,9,1.143080678634298e-05
4768,ekacco,9,1.143080678634298e-05
4769,parihīne,9,1.143080678634298e-05
4770,ucchinnamūlaṁ,9,1.143080678634298e-05
4771,tālāvatthukataṁ,9,1.143080678634298e-05
4772,anabhāvaṅkataṁ,9,1.143080678634298e-05
4773,balā,9,1.143080678634298e-05
4774,asamayavimuttassa,9,1.143080678634298e-05
4775,tahiṁ,9,1.143080678634298e-05
4776,maggenāti,9,1.143080678634298e-05
4777,apātubhūtaṁ,9,1.143080678634298e-05
4778,atītāya,9,1.143080678634298e-05
4779,rāgena,9,1.143080678634298e-05
4780,kameyyāti,9,1.143080678634298e-05
4781,atītānāgatā,9,1.143080678634298e-05
4782,avipākā,9,1.143080678634298e-05
4783,satipaṭṭhānāti,9,1.143080678634298e-05
4784,adhigamāya,9,1.143080678634298e-05
4785,upapattesiye,9,1.143080678634298e-05
4786,paññāhi,9,1.143080678634298e-05
4787,cetasikāti,9,1.143080678634298e-05
4788,sarāgo,9,1.143080678634298e-05
4789,cittavippayuttanti,9,1.143080678634298e-05
4790,cakkhuviññāṇasamaṅgī,9,1.143080678634298e-05
4791,pāpakāni,9,1.143080678634298e-05
4792,dhammaṭṭhitatā,9,1.143080678634298e-05
4793,duggati,9,1.143080678634298e-05
4794,dukkhavedaniyo,9,1.143080678634298e-05
4795,sattakkhattuparamatāniyatoti,9,1.143080678634298e-05
4796,abhabbo,9,1.143080678634298e-05
4797,āpāyike,9,1.143080678634298e-05
4798,paṭiseveyya,9,1.143080678634298e-05
4799,bhijjatīti,9,1.143080678634298e-05
4800,vīmaṁsiddhipādo,9,1.143080678634298e-05
4801,pānīyaṁ,9,1.143080678634298e-05
4802,cetiyaṁ,9,1.143080678634298e-05
4803,āropeyya,9,1.143080678634298e-05
4804,sotāpattimaggaṁ,9,1.143080678634298e-05
4805,cuddasamavagga,9,1.143080678634298e-05
4806,arati,9,1.143080678634298e-05
4807,dantā,9,1.143080678634298e-05
4808,ariyarūpaṁ,9,1.143080678634298e-05
4809,aparāmaṭṭhaṁ,9,1.143080678634298e-05
4810,diṭṭhadhammasukhavihārena,9,1.143080678634298e-05
4811,ekavatthuko,9,1.143080678634298e-05
4812,cittādhipati,9,1.143080678634298e-05
4813,māraṇantiyā,9,1.143080678634298e-05
4814,anuppadetīti,9,1.143080678634298e-05
4815,seṭṭho,9,1.143080678634298e-05
4816,dāyakatova,9,1.143080678634298e-05
4817,paṭiggaṇhāti,9,1.143080678634298e-05
4818,mahapphalaṁ,9,1.143080678634298e-05
4819,paṭiggaṇhātī,9,1.143080678634298e-05
4820,aṭṭhārasamavagga,9,1.143080678634298e-05
4821,manussaloke,9,1.143080678634298e-05
4822,accutaṁ,9,1.143080678634298e-05
4823,lokuttare,9,1.143080678634298e-05
4824,vohāraṁ,9,1.143080678634298e-05
4825,kiñca,9,1.143080678634298e-05
4826,itthipurisānaṁ,9,1.143080678634298e-05
4827,anupubbābhisamayoti,9,1.143080678634298e-05
4828,dukkhanirodhagāminiṁ,9,1.143080678634298e-05
4829,disāya,9,1.143080678634298e-05
4830,āneñje,9,1.143080678634298e-05
4831,pāṇātipātassa,9,1.143080678634298e-05
4832,adinnādānaṁ,9,1.143080678634298e-05
4833,satthāraṁ,9,1.143080678634298e-05
4834,asaññabhavo,9,1.143080678634298e-05
4835,catuvokārabhavoti,9,1.143080678634298e-05
4836,indriyaparopariyattaṁ,9,1.143080678634298e-05
4837,sāvakasādhāraṇan,9,1.143080678634298e-05
4838,sadiso,9,1.143080678634298e-05
4839,vikkhittaṁ,9,1.143080678634298e-05
4840,amahaggataṁ,9,1.143080678634298e-05
4841,asamāhitaṁ,9,1.143080678634298e-05
4842,abhisambujjhati,9,1.143080678634298e-05
4843,katamakkhandhagaṇanaṁ,9,1.143080678634298e-05
4844,dhammoti,9,1.143080678634298e-05
4845,dānanti,9,1.143080678634298e-05
4846,etena,9,1.143080678634298e-05
4847,seyyaṁ,9,1.143080678634298e-05
4848,cattārome,9,1.143080678634298e-05
4849,kammahetu,9,1.143080678634298e-05
4850,saṅghabhedakammassa,9,1.143080678634298e-05
4851,ārammaṇasadisaṁ,9,1.143080678634298e-05
4852,navipākādi,9,1.143080678634298e-05
4853,indriyādi,9,1.143080678634298e-05
4854,ākāsānañcāyatanakusalaṁ,9,1.143080678634298e-05
4855,ākiñcaññāyatanakusalaṁ,9,1.143080678634298e-05
4856,kiriyasamāpattiṁ,9,1.143080678634298e-05
4857,asekkhe,9,1.143080678634298e-05
4858,atthappaṭisambhidāya,9,1.143080678634298e-05
4859,phalasamāpatti,9,1.143080678634298e-05
4860,paṭighātatthāya,9,1.143080678634298e-05
4861,maggahetuke,9,1.143080678634298e-05
4862,namagga,9,1.143080678634298e-05
4863,maggādhipatīnaṁ,9,1.143080678634298e-05
4864,tīsupi,9,1.143080678634298e-05
4865,paccavekkhaṇāya,9,1.143080678634298e-05
4866,hetupaccayo,9,1.143080678634298e-05
4867,anidassanaappaṭighānañca,9,1.143080678634298e-05
4868,sahajātapaccayasadisaṁ,9,1.143080678634298e-05
4869,āhārasamuṭṭhāne,9,1.143080678634298e-05
4870,utusamuṭṭhāne,9,1.143080678634298e-05
4871,ārammaṇamūlakaṁ,9,1.143080678634298e-05
4872,vippaṭisārissa,9,1.143080678634298e-05
4873,abhijjhāya,9,1.143080678634298e-05
4874,paccanīyagaṇanā,9,1.143080678634298e-05
4875,vipākamanodhātuyā,9,1.143080678634298e-05
4876,vibhattaṁ,9,1.143080678634298e-05
4877,upekkhāsahagatānaṁ,9,1.143080678634298e-05
4878,kātabbāni,9,1.143080678634298e-05
4879,naapacayagāmiṁ,9,1.143080678634298e-05
4880,nanevācayagāmināpacayagāmiṁ,9,1.143080678634298e-05
4881,naasekkhaṁ,9,1.143080678634298e-05
4882,naappamāṇaṁ,9,1.143080678634298e-05
4883,namahaggatārammaṇaṁ,9,1.143080678634298e-05
4884,naappamāṇārammaṇaṁ,9,1.143080678634298e-05
4885,napaṇītaṁ,9,1.143080678634298e-05
4886,nasammattaniyataṁ,9,1.143080678634298e-05
4887,namaggahetukaṁ,9,1.143080678634298e-05
4888,namaggādhipatiṁ,9,1.143080678634298e-05
4889,naasaṅkhataṁ,9,1.143080678634298e-05
4890,nacittasaṁsaṭṭhasamuṭṭhānaṁ,9,1.143080678634298e-05
4891,naupādinnaṁ,9,1.143080678634298e-05
4892,saññojanadukādi,9,1.143080678634298e-05
4893,nasammattaniyato,9,1.143080678634298e-05
4894,naatītārammaṇo,9,1.143080678634298e-05
4895,naanāgatārammaṇo,9,1.143080678634298e-05
4896,naanidassanasappaṭighassa,9,1.143080678634298e-05
4897,navipākadhammadhammassa,9,1.143080678634298e-05
4898,nanevavipākanavipākadhammadhammassa,9,1.143080678634298e-05
4899,naanupādinnupādāniyo,9,1.143080678634298e-05
4900,lokuttarañca,9,1.143080678634298e-05
4901,oghaṁ,9,1.143080678634298e-05
4902,upādinnañca,9,1.143080678634298e-05
4903,nanakāmāvacaro,9,1.143080678634298e-05
4904,hetuvippayuttañca,9,1.143080678634298e-05
4905,nasanidassano,9,1.143080678634298e-05
4906,naanāgatassa,9,1.143080678634298e-05
4907,naacetasiko,9,1.143080678634298e-05
4908,nocittasaṁsaṭṭhasamuṭṭhānasahabhū,9,1.143080678634298e-05
4909,nocittasaṁsaṭṭhasamuṭṭhānānuparivattī,9,1.143080678634298e-05
4910,ekavīsati,9,1.143080678634298e-05
4911,nānaṁ,9,1.143080678634298e-05
4912,vuṭṭhānampi,9,1.143080678634298e-05
4913,mūlā,9,1.143080678634298e-05
4914,nahetvādi,9,1.143080678634298e-05
4915,kilesasampayuttaṁ,9,1.143080678634298e-05
4916,naarūpāvacarā,9,1.143080678634298e-05
4917,niyyānike,9,1.143080678634298e-05
4918,alobhañca,9,1.143080678634298e-05
4919,nahetūnaṁ,9,1.143080678634298e-05
4920,anidassanānañca,9,1.143080678634298e-05
4921,sappaṭighānaṁ,9,1.143080678634298e-05
4922,arūpiñca,9,1.143080678634298e-05
4923,avijjāsavassa,9,1.143080678634298e-05
4924,saññojanasampayuttakā,9,1.143080678634298e-05
4925,ganthānañca,9,1.143080678634298e-05
4926,ganthavippayuttaganthaniyo,9,1.143080678634298e-05
4927,naāsavaṁ,9,1.143080678634298e-05
4928,ganthaniyañceva,9,1.143080678634298e-05
4929,nīvaraṇiyañceva,9,1.143080678634298e-05
4930,naanidassanasappaṭighañca,9,1.143080678634298e-05
4931,naganthavippayuttañca,9,1.143080678634298e-05
4932,nakilesañceva,9,1.143080678634298e-05
4933,kodhano,9,1.143080678634298e-05
4934,sīlesu,9,1.143080678634298e-05
4935,mattaso,9,1.143080678634298e-05
4936,attantapo,9,1.143080678634298e-05
4937,attaparitāpanānuyogamanuyutto,9,1.143080678634298e-05
4938,parantapo,9,1.143080678634298e-05
4939,paraparitāpanānuyogamanuyutto,9,1.143080678634298e-05
4940,vippaṭisārī,9,1.143080678634298e-05
4941,yatthassa,9,1.143080678634298e-05
4942,aparisesā,9,1.143080678634298e-05
4943,orambhāgiyānaṁ,9,1.143080678634298e-05
4944,opapātiko,9,1.143080678634298e-05
4945,parinibbāyī,9,1.143080678634298e-05
4946,anāvattidhammo,9,1.143080678634298e-05
4947,sañjaneti,9,1.143080678634298e-05
4948,byāpajjati,9,1.143080678634298e-05
4949,khippaṁ,9,1.143080678634298e-05
4950,potthako,9,1.143080678634298e-05
4951,daṭṭhabbo,9,1.143080678634298e-05
4952,sāvajjena,9,1.143080678634298e-05
4953,appaṁ,9,1.143080678634298e-05
4954,anavajjena,9,1.143080678634298e-05
4955,geyyaṁ,9,1.143080678634298e-05
4956,veyyākaraṇaṁ,9,1.143080678634298e-05
4957,gāthaṁ,9,1.143080678634298e-05
4958,udānaṁ,9,1.143080678634298e-05
4959,itivuttakaṁ,9,1.143080678634298e-05
4960,jātakaṁ,9,1.143080678634298e-05
4961,abbhutadhammaṁ,9,1.143080678634298e-05
4962,vedallaṁ,9,1.143080678634298e-05
4963,saṅgāmaṁ,9,1.143080678634298e-05
4964,dhajaggaṁ,9,1.143080678634298e-05
4965,sikkhaṁ,9,1.143080678634298e-05
4966,piṇḍapātiko,9,1.143080678634298e-05
4967,sosāniko,9,1.143080678634298e-05
4968,apacayāya,9,1.143080678634298e-05
4969,nibbidāya,9,1.143080678634298e-05
4970,paṭivedhāya,9,1.143080678634298e-05
4971,hānabhāginī,9,1.143080678634298e-05
4972,vimokkho,9,1.143080678634298e-05
4973,omāno,9,1.143080678634298e-05
4974,anariyavohārā,9,1.143080678634298e-05
4975,jano,9,1.143080678634298e-05
4976,jānātū,9,1.143080678634298e-05
4977,kammāyatanena,9,1.143080678634298e-05
4978,sippāyatanena,9,1.143080678634298e-05
4979,vijjāṭṭhānena,9,1.143080678634298e-05
4980,paṭibhānena,9,1.143080678634298e-05
4981,carissatī,9,1.143080678634298e-05
4982,paramadiṭṭhadhammanibbānappatto,9,1.143080678634298e-05
4983,iñjitametaṁ,9,1.143080678634298e-05
4984,saṅkhatametaṁ,9,1.143080678634298e-05
4985,sārammaṇārammaṇā,9,1.143080678634298e-05
4986,ekādasindriyā,9,1.143080678634298e-05
4987,bahiddho,9,1.143080678634298e-05
4988,ajjhattabahiddho,9,1.143080678634298e-05
4989,saṁyojanavippayutto,9,1.143080678634298e-05
4990,saṁyojanavippayuttasaṁyojaniyo,9,1.143080678634298e-05
4991,oghaniyo,9,1.143080678634298e-05
4992,oghasampayutto,9,1.143080678634298e-05
4993,yoganiyo,9,1.143080678634298e-05
4994,yogasampayutto,9,1.143080678634298e-05
4995,sāsavāni,9,1.143080678634298e-05
4996,nāmapaccayāpi,9,1.143080678634298e-05
4997,vedayamāno,9,1.143080678634298e-05
4998,vedayāmī,9,1.143080678634298e-05
4999,vedayamānaṁ,9,1.143080678634298e-05
5000,kāmacchandassa,9,1.143080678634298e-05
5001,ekamūlaṁ,9,1.143080678634298e-05
5002,ekamūlamūlaṁ,9,1.143080678634298e-05
5003,ekamūlamūlakaṁ,9,1.143080678634298e-05
5004,indriyayamaka,9,1.143080678634298e-05
5005,indriyañca,9,1.143080678634298e-05
5006,dukkhañca,9,1.143080678634298e-05
5007,sacchikaronti,9,1.143080678634298e-05
5008,pajahissatīti,9,1.143080678634298e-05
5009,nappajahissatīti,9,1.143080678634298e-05
5010,āyatanañceva,9,1.143080678634298e-05
5011,cakkhudhātūti,9,1.143080678634298e-05
5012,taṇhāvippayuttacittassa,9,1.143080678634298e-05
5013,maggavippayuttacittassa,9,1.143080678634298e-05
5014,anusayayamaka,9,1.143080678634298e-05
5015,dassanenapahātabbahetukattika,8,1.0160717143415982e-05
5016,saṅkhataduka,8,1.0160717143415982e-05
5017,cittasaṁsaṭṭhasamuṭṭhānasahabhūduka,8,1.0160717143415982e-05
5018,cittasaṁsaṭṭhasamuṭṭhānānuparivattiduka,8,1.0160717143415982e-05
5019,dassanenapahātabbaduka,8,1.0160717143415982e-05
5020,dassanenapahātabbahetukaduka,8,1.0160717143415982e-05
5021,upekkhāsahagataduka,8,1.0160717143415982e-05
5022,tajjāmanoviññāṇadhātusamphassajaṁ,8,1.0160717143415982e-05
5023,pāmojjaṁ,8,1.0160717143415982e-05
5024,āmodanā,8,1.0160717143415982e-05
5025,pamodanā,8,1.0160717143415982e-05
5026,hāso,8,1.0160717143415982e-05
5027,pahāso,8,1.0160717143415982e-05
5028,vitti,8,1.0160717143415982e-05
5029,odagyaṁ,8,1.0160717143415982e-05
5030,maddavatā,8,1.0160717143415982e-05
5031,akakkhaḷatā,8,1.0160717143415982e-05
5032,akathinatā,8,1.0160717143415982e-05
5033,samādhijaṁ,8,1.0160717143415982e-05
5034,sukhavihārī,8,1.0160717143415982e-05
5035,somanassadomanassānaṁ,8,1.0160717143415982e-05
5036,aṭṭhakkhattukaṁ,8,1.0160717143415982e-05
5037,soḷasakkhattukāni,8,1.0160717143415982e-05
5038,cetanaṁ,8,1.0160717143415982e-05
5039,anabhisamayo,8,1.0160717143415982e-05
5040,ananubodho,8,1.0160717143415982e-05
5041,asambodho,8,1.0160717143415982e-05
5042,appaṭivedho,8,1.0160717143415982e-05
5043,apaccakkhakammaṁ,8,1.0160717143415982e-05
5044,dummejjhaṁ,8,1.0160717143415982e-05
5045,bālyaṁ,8,1.0160717143415982e-05
5046,pamoho,8,1.0160717143415982e-05
5047,sammoho,8,1.0160717143415982e-05
5048,saṁsayo,8,1.0160717143415982e-05
5049,animittanti,8,1.0160717143415982e-05
5050,cakkhusamphassajāya,8,1.0160717143415982e-05
5051,sotasamphassassa,8,1.0160717143415982e-05
5052,ghānasamphassassa,8,1.0160717143415982e-05
5053,jivhāsamphassassa,8,1.0160717143415982e-05
5054,kāyasamphassajāya,8,1.0160717143415982e-05
5055,mutaṁ,8,1.0160717143415982e-05
5056,viññātaṁ,8,1.0160717143415982e-05
5057,chakka,8,1.0160717143415982e-05
5058,dukkhasamphassaṁ,8,1.0160717143415982e-05
5059,rūpadhātupesā,8,1.0160717143415982e-05
5060,itthattaṁ,8,1.0160717143415982e-05
5061,jīraṇatā,8,1.0160717143415982e-05
5062,āyuno,8,1.0160717143415982e-05
5063,saṁhāni,8,1.0160717143415982e-05
5064,maṁsaṁ,8,1.0160717143415982e-05
5065,āpogataṁ,8,1.0160717143415982e-05
5066,sinehagataṁ,8,1.0160717143415982e-05
5067,bandhanattaṁ,8,1.0160717143415982e-05
5068,ariyadhammassa,8,1.0160717143415982e-05
5069,samaṇabrāhmaṇānaṁ,8,1.0160717143415982e-05
5070,sabbeva,8,1.0160717143415982e-05
5071,bhūtā,8,1.0160717143415982e-05
5072,vigatā,8,1.0160717143415982e-05
5073,paccuppanne,8,1.0160717143415982e-05
5074,pāṭipuggalikā,8,1.0160717143415982e-05
5075,piyassa,8,1.0160717143415982e-05
5076,manāpassa,8,1.0160717143415982e-05
5077,appiyassa,8,1.0160717143415982e-05
5078,amanāpassa,8,1.0160717143415982e-05
5079,kopo,8,1.0160717143415982e-05
5080,pakopo,8,1.0160717143415982e-05
5081,sampakopo,8,1.0160717143415982e-05
5082,sampadoso,8,1.0160717143415982e-05
5083,manopadoso,8,1.0160717143415982e-05
5084,kāmajjhosānaṁ,8,1.0160717143415982e-05
5085,bhavarāgo,8,1.0160717143415982e-05
5086,mānasaññojanaṁ,8,1.0160717143415982e-05
5087,sīlabbataparāmāsasaññojanaṁ,8,1.0160717143415982e-05
5088,bhavarāgasaññojanaṁ,8,1.0160717143415982e-05
5089,macchariyāni,8,1.0160717143415982e-05
5090,kāyaganthaṁ,8,1.0160717143415982e-05
5091,upādānāni,8,1.0160717143415982e-05
5092,sammāpaṭipannā,8,1.0160717143415982e-05
5093,assaddhā,8,1.0160717143415982e-05
5094,duppaññā,8,1.0160717143415982e-05
5095,sevanā,8,1.0160717143415982e-05
5096,nisevanā,8,1.0160717143415982e-05
5097,saṁsevanā,8,1.0160717143415982e-05
5098,bhajanā,8,1.0160717143415982e-05
5099,sambhajanā,8,1.0160717143415982e-05
5100,bhatti,8,1.0160717143415982e-05
5101,sambhatti,8,1.0160717143415982e-05
5102,tāhi,8,1.0160717143415982e-05
5103,appaṭisaṅkhā,8,1.0160717143415982e-05
5104,paṭisaṅkhā,8,1.0160717143415982e-05
5105,ñāṇavippayutte,8,1.0160717143415982e-05
5106,diṭṭhigatavippayuttalobhasahagatesu,8,1.0160717143415982e-05
5107,samudayasaccena,8,1.0160717143415982e-05
5108,maggasaccena,8,1.0160717143415982e-05
5109,itthindriyena,8,1.0160717143415982e-05
5110,purisindriyena,8,1.0160717143415982e-05
5111,sukhindriyena,8,1.0160717143415982e-05
5112,dukkhindriyena,8,1.0160717143415982e-05
5113,somanassindriyena,8,1.0160717143415982e-05
5114,domanassindriyena,8,1.0160717143415982e-05
5115,saddhindriyena,8,1.0160717143415982e-05
5116,vīriyindriyena,8,1.0160717143415982e-05
5117,satindriyena,8,1.0160717143415982e-05
5118,samādhindriyena,8,1.0160717143415982e-05
5119,paññindriyena,8,1.0160717143415982e-05
5120,anaññātaññassāmītindriyena,8,1.0160717143415982e-05
5121,aññindriyena,8,1.0160717143415982e-05
5122,aññātāvindriyena,8,1.0160717143415982e-05
5123,kammabhavena,8,1.0160717143415982e-05
5124,sokena,8,1.0160717143415982e-05
5125,upāyāsena,8,1.0160717143415982e-05
5126,satipaṭṭhānena,8,1.0160717143415982e-05
5127,sammappadhānena,8,1.0160717143415982e-05
5128,appamaññāya,8,1.0160717143415982e-05
5129,indriyehi,8,1.0160717143415982e-05
5130,saṁyojanehi,8,1.0160717143415982e-05
5131,ganthehi,8,1.0160717143415982e-05
5132,oghehi,8,1.0160717143415982e-05
5133,yogehi,8,1.0160717143415982e-05
5134,aparāmaṭṭhehi,8,1.0160717143415982e-05
5135,cittasaṁsaṭṭhehi,8,1.0160717143415982e-05
5136,asaṅkilesikehi,8,1.0160717143415982e-05
5137,terasahi,8,1.0160717143415982e-05
5138,nirodhasaccañca,8,1.0160717143415982e-05
5139,sukhindriyañca,8,1.0160717143415982e-05
5140,chahāyatanehi,8,1.0160717143415982e-05
5141,soko,8,1.0160717143415982e-05
5142,upāyāso,8,1.0160717143415982e-05
5143,atthibhāvo,8,1.0160717143415982e-05
5144,natthibhāvo,8,1.0160717143415982e-05
5145,rūpan,8,1.0160717143415982e-05
5146,aññātāvindriyan,8,1.0160717143415982e-05
5147,upapajjatīti,8,1.0160717143415982e-05
5148,paṭiccasamuppanno,8,1.0160717143415982e-05
5149,khayadhammo,8,1.0160717143415982e-05
5150,vayadhammo,8,1.0160717143415982e-05
5151,virāgadhammo,8,1.0160717143415982e-05
5152,nirodhadhammo,8,1.0160717143415982e-05
5153,vipariṇāmadhammoti,8,1.0160717143415982e-05
5154,micchādiṭṭhiyā,8,1.0160717143415982e-05
5155,cavati,8,1.0160717143415982e-05
5156,hīne,8,1.0160717143415982e-05
5157,tatiyā,8,1.0160717143415982e-05
5158,paññāyatīti,8,1.0160717143415982e-05
5159,avekkhatīti,8,1.0160717143415982e-05
5160,tathavādī,8,1.0160717143415982e-05
5161,avitathavādī,8,1.0160717143415982e-05
5162,anaññathavādīti,8,1.0160717143415982e-05
5163,bhagavantaṁ,8,1.0160717143415982e-05
5164,suññā,8,1.0160717143415982e-05
5165,abhisamparāyañca,8,1.0160717143415982e-05
5166,bhabbo,8,1.0160717143415982e-05
5167,sakadāgāmiphalā,8,1.0160717143415982e-05
5168,anāgāmiphale,8,1.0160717143415982e-05
5169,bhāvitāti,8,1.0160717143415982e-05
5170,bhāvitaṁ,8,1.0160717143415982e-05
5171,bhikkhuno,8,1.0160717143415982e-05
5172,iṭṭhā,8,1.0160717143415982e-05
5173,kāmacchandanīvaraṇanti,8,1.0160717143415982e-05
5174,bhikkhunīnaṁ,8,1.0160717143415982e-05
5175,upāsakānaṁ,8,1.0160717143415982e-05
5176,appahīnāni,8,1.0160717143415982e-05
5177,bhāvīyati,8,1.0160717143415982e-05
5178,dukkhadassanena,8,1.0160717143415982e-05
5179,samudayadassanena,8,1.0160717143415982e-05
5180,nirodhadassanena,8,1.0160717143415982e-05
5181,maggadassanena,8,1.0160717143415982e-05
5182,akaniṭṭhagāmī,8,1.0160717143415982e-05
5183,akaniṭṭhagāmīti,8,1.0160717143415982e-05
5184,khaṇe,8,1.0160717143415982e-05
5185,pahīyanti,8,1.0160717143415982e-05
5186,anoghaniyo,8,1.0160717143415982e-05
5187,ayoganiyo,8,1.0160717143415982e-05
5188,katamesaṁ,8,1.0160717143415982e-05
5189,abbhatthaṅgataṁ,8,1.0160717143415982e-05
5190,paccuppannabhāvaṁ,8,1.0160717143415982e-05
5191,nibbānabhāvaṁ,8,1.0160717143415982e-05
5192,suṇātīti,8,1.0160717143415982e-05
5193,cakkavattī,8,1.0160717143415982e-05
5194,vipakkavipākā,8,1.0160717143415982e-05
5195,hontīti,8,1.0160717143415982e-05
5196,dadantassa,8,1.0160717143415982e-05
5197,cattārimāni,8,1.0160717143415982e-05
5198,nabhañca,8,1.0160717143415982e-05
5199,uppannavatthukā,8,1.0160717143415982e-05
5200,lokiye,8,1.0160717143415982e-05
5201,acetasikanti,8,1.0160717143415982e-05
5202,ekādasamavagga,8,1.0160717143415982e-05
5203,ñāṇī,8,1.0160717143415982e-05
5204,parinipphannaṁ,8,1.0160717143415982e-05
5205,voropeyya,8,1.0160717143415982e-05
5206,arahantaṁ,8,1.0160717143415982e-05
5207,uppādeyya,8,1.0160717143415982e-05
5208,kappo,8,1.0160717143415982e-05
5209,kesā,8,1.0160717143415982e-05
5210,lomā,8,1.0160717143415982e-05
5211,anīvaraṇiyaṁ,8,1.0160717143415982e-05
5212,ekārammaṇoti,8,1.0160717143415982e-05
5213,saddarāgo,8,1.0160717143415982e-05
5214,gandharāgo,8,1.0160717143415982e-05
5215,rasarāgo,8,1.0160717143415982e-05
5216,phoṭṭhabbarāgo,8,1.0160717143415982e-05
5217,arahattamaggo,8,1.0160717143415982e-05
5218,paññāti,8,1.0160717143415982e-05
5219,saphassakassa,8,1.0160717143415982e-05
5220,sacittakassa,8,1.0160717143415982e-05
5221,puññakkhettaṁ,8,1.0160717143415982e-05
5222,dakkhiṇā,8,1.0160717143415982e-05
5223,indriyabaddhaññeva,8,1.0160717143415982e-05
5224,gilānapaccayabhesajjaparikkhāro,8,1.0160717143415982e-05
5225,yadaniccaṁ,8,1.0160717143415982e-05
5226,dukkhoti,8,1.0160717143415982e-05
5227,karuṇāti,8,1.0160717143415982e-05
5228,sotāpannoti,8,1.0160717143415982e-05
5229,ekūnavīsatimavagga,8,1.0160717143415982e-05
5230,sakiṁ,8,1.0160717143415982e-05
5231,nibbānānīti,8,1.0160717143415982e-05
5232,sukkavissaṭṭhī,8,1.0160717143415982e-05
5233,upasaṁharantīti,8,1.0160717143415982e-05
5234,vimatīti,8,1.0160717143415982e-05
5235,dhāreyya,8,1.0160717143415982e-05
5236,mohappahānāya,8,1.0160717143415982e-05
5237,sadhammakusalo,8,1.0160717143415982e-05
5238,paradhammakusalo,8,1.0160717143415982e-05
5239,cīvarapiṇḍapātasenāsanagilānapaccayabhesajjaparikkhāraṁ,8,1.0160717143415982e-05
5240,divasaṁ,8,1.0160717143415982e-05
5241,pāṇātipātī,8,1.0160717143415982e-05
5242,nirayapālāti,8,1.0160717143415982e-05
5243,nirayapālā,8,1.0160717143415982e-05
5244,ariyasaccan,8,1.0160717143415982e-05
5245,panidaṁ,8,1.0160717143415982e-05
5246,ekavīsatimavagga,8,1.0160717143415982e-05
5247,arahattappattīti,8,1.0160717143415982e-05
5248,niyatanti,8,1.0160717143415982e-05
5249,bāvīsatimavagga,8,1.0160717143415982e-05
5250,karonto,8,1.0160717143415982e-05
5251,parinibbāyatī,8,1.0160717143415982e-05
5252,dhammābhisamayo,8,1.0160717143415982e-05
5253,sabbalahuso,8,1.0160717143415982e-05
5254,manussabhūtassa,8,1.0160717143415982e-05
5255,veramaṇi,8,1.0160717143415982e-05
5256,sāvakaasādhāraṇanti,8,1.0160717143415982e-05
5257,suññatārammaṇanti,8,1.0160717143415982e-05
5258,vimuccatīti,8,1.0160717143415982e-05
5259,sotanti,8,1.0160717143415982e-05
5260,sakadāgāmīti,8,1.0160717143415982e-05
5261,anāgatāya,8,1.0160717143415982e-05
5262,lakkhaṇasamannāgato,8,1.0160717143415982e-05
5263,jāyamānassa,8,1.0160717143415982e-05
5264,pathaviṁ,8,1.0160717143415982e-05
5265,sekhassa,8,1.0160717143415982e-05
5266,vimuttantaṁ,8,1.0160717143415982e-05
5267,chindati,8,1.0160717143415982e-05
5268,samāgamo,8,1.0160717143415982e-05
5269,paribhuñjantīti,8,1.0160717143415982e-05
5270,rūpajīvitindriyanti,8,1.0160717143415982e-05
5271,arūpadhātu,8,1.0160717143415982e-05
5272,antarābhave,8,1.0160717143415982e-05
5273,tappaṭisaññutto,8,1.0160717143415982e-05
5274,tappaṭisaṁyutto,8,1.0160717143415982e-05
5275,kāmo,8,1.0160717143415982e-05
5276,gandhāyatananti,8,1.0160717143415982e-05
5277,nikāmalābhī,8,1.0160717143415982e-05
5278,vācāti,8,1.0160717143415982e-05
5279,naāhārādi,8,1.0160717143415982e-05
5280,anulome,8,1.0160717143415982e-05
5281,pañhāvāro,8,1.0160717143415982e-05
5282,passanti,8,1.0160717143415982e-05
5283,napacchājāta,8,1.0160717143415982e-05
5284,parittānaṁ,8,1.0160717143415982e-05
5285,micchattaniyatañca,8,1.0160717143415982e-05
5286,micchattaniyatādhipati,8,1.0160717143415982e-05
5287,sammattaniyatādhipati,8,1.0160717143415982e-05
5288,pitughātikammassa,8,1.0160717143415982e-05
5289,uppannāya,8,1.0160717143415982e-05
5290,tikañceva,8,1.0160717143415982e-05
5291,dukañca,8,1.0160717143415982e-05
5292,vipākaduka,8,1.0160717143415982e-05
5293,naāhāra,8,1.0160717143415982e-05
5294,naindriya,8,1.0160717143415982e-05
5295,nonatthi,8,1.0160717143415982e-05
5296,nakammaduka,8,1.0160717143415982e-05
5297,navipākaduka,8,1.0160717143415982e-05
5298,harati,8,1.0160717143415982e-05
5299,musāvādo,8,1.0160717143415982e-05
5300,upanissayanti,8,1.0160717143415982e-05
5301,indriyaghaṭanā,8,1.0160717143415982e-05
5302,kusalattikassa,8,1.0160717143415982e-05
5303,vipākamanodhātu,8,1.0160717143415982e-05
5304,vipākamanoviññāṇadhātuyā,8,1.0160717143415982e-05
5305,paccanīyānulomagaṇanā,8,1.0160717143415982e-05
5306,asaṅkiliṭṭhasaṅkilesikañca,8,1.0160717143415982e-05
5307,avitakkaavicārāya,8,1.0160717143415982e-05
5308,avitakkaavicārānaṁ,8,1.0160717143415982e-05
5309,bhavaṅgañca,8,1.0160717143415982e-05
5310,savitakkasavicārāni,8,1.0160717143415982e-05
5311,nanevasekkhanāsekkhaṁ,8,1.0160717143415982e-05
5312,naanuppannaṁ,8,1.0160717143415982e-05
5313,nauppādiṁ,8,1.0160717143415982e-05
5314,nacittasaṁsaṭṭhasamuṭṭhānasahabhuṁ,8,1.0160717143415982e-05
5315,nacittasaṁsaṭṭhasamuṭṭhānānuparivattiṁ,8,1.0160717143415982e-05
5316,nanaupekkhāsahagataṁ,8,1.0160717143415982e-05
5317,nanarūpāvacaraṁ,8,1.0160717143415982e-05
5318,nanaarūpāvacaraṁ,8,1.0160717143415982e-05
5319,navipākañca,8,1.0160717143415982e-05
5320,navipākadhammadhammañca,8,1.0160717143415982e-05
5321,namaggārammaṇo,8,1.0160717143415982e-05
5322,namaggahetuko,8,1.0160717143415982e-05
5323,napaccuppannārammaṇo,8,1.0160717143415982e-05
5324,navipākassa,8,1.0160717143415982e-05
5325,anāsavañca,8,1.0160717143415982e-05
5326,naarūpāvacarañca,8,1.0160717143415982e-05
5327,saraṇañca,8,1.0160717143415982e-05
5328,naaraṇassa,8,1.0160717143415982e-05
5329,nocittasaṁsaṭṭhasamuṭṭhānānuparivattiṁ,8,1.0160717143415982e-05
5330,kāyaviññāṇasahagatā,8,1.0160717143415982e-05
5331,āvajjanāpi,8,1.0160717143415982e-05
5332,cittavisaṁsaṭṭho,8,1.0160717143415982e-05
5333,cittasahabhuñca,8,1.0160717143415982e-05
5334,nocittasahabhuñca,8,1.0160717143415982e-05
5335,upādānānañca,8,1.0160717143415982e-05
5336,heṭṭhā,8,1.0160717143415982e-05
5337,pahātabbahetukādhipati,8,1.0160717143415982e-05
5338,savitakkañca,8,1.0160717143415982e-05
5339,avitakkañca,8,1.0160717143415982e-05
5340,naupekkhāsahagatañca,8,1.0160717143415982e-05
5341,dosañca,8,1.0160717143415982e-05
5342,sahetukādhipati,8,1.0160717143415982e-05
5343,appaṭighānaṁ,8,1.0160717143415982e-05
5344,diṭṭhāsavassa,8,1.0160717143415982e-05
5345,āsavavippayutte,8,1.0160717143415982e-05
5346,āsavasampayuttakānaṁ,8,1.0160717143415982e-05
5347,nosaññojanā,8,1.0160717143415982e-05
5348,saññojanasampayuttakānaṁ,8,1.0160717143415982e-05
5349,asaññojaniyo,8,1.0160717143415982e-05
5350,ganthavippayuttañca,8,1.0160717143415982e-05
5351,ganthasampayuttakā,8,1.0160717143415982e-05
5352,ganthaniyassa,8,1.0160717143415982e-05
5353,nīvaraṇānañca,8,1.0160717143415982e-05
5354,nasaññojanañceva,8,1.0160717143415982e-05
5355,nasaññojano,8,1.0160717143415982e-05
5356,nasaṅkilesikaṁ,8,1.0160717143415982e-05
5357,avītarāgo,8,1.0160717143415982e-05
5358,appasādaṁ,8,1.0160717143415982e-05
5359,appassuto,8,1.0160717143415982e-05
5360,avajānāti,8,1.0160717143415982e-05
5361,sabbaññutaṁ,8,1.0160717143415982e-05
5362,balesu,8,1.0160717143415982e-05
5363,vasībhāvaṁ,8,1.0160717143415982e-05
5364,anabhisambujjhati,8,1.0160717143415982e-05
5365,bhajati,8,1.0160717143415982e-05
5366,jānāsi,8,1.0160717143415982e-05
5367,āha,8,1.0160717143415982e-05
5368,parisuddhaṁ,8,1.0160717143415982e-05
5369,abhiṇhaṁ,8,1.0160717143415982e-05
5370,kujjhati,8,1.0160717143415982e-05
5371,sevanti,8,1.0160717143415982e-05
5372,bhajanti,8,1.0160717143415982e-05
5373,dhammakathiko,8,1.0160717143415982e-05
5374,itipīti,8,1.0160717143415982e-05
5375,saṁvijjati,8,1.0160717143415982e-05
5376,ettakā,8,1.0160717143415982e-05
5377,vivittaṁ,8,1.0160717143415982e-05
5378,thinamiddhaṁ,8,1.0160717143415982e-05
5379,uddhaccakukkuccaṁ,8,1.0160717143415982e-05
5380,paccakkhāya,8,1.0160717143415982e-05
5381,iriyati,8,1.0160717143415982e-05
5382,pāleti,8,1.0160717143415982e-05
5383,yapeti,8,1.0160717143415982e-05
5384,sikkhā,8,1.0160717143415982e-05
5385,upasampajjā,8,1.0160717143415982e-05
5386,mettāsahagatena,8,1.0160717143415982e-05
5387,uddhamadho,8,1.0160717143415982e-05
5388,vipulena,8,1.0160717143415982e-05
5389,mahaggatena,8,1.0160717143415982e-05
5390,appamāṇena,8,1.0160717143415982e-05
5391,averena,8,1.0160717143415982e-05
5392,abyāpajjena,8,1.0160717143415982e-05
5393,karuṇāsahagatena,8,1.0160717143415982e-05
5394,muditāsahagatena,8,1.0160717143415982e-05
5395,vidisaṁ,8,1.0160717143415982e-05
5396,adhimuccitvā,8,1.0160717143415982e-05
5397,avero,8,1.0160717143415982e-05
5398,ācayagāminī,8,1.0160717143415982e-05
5399,apacayagāminī,8,1.0160717143415982e-05
5400,nevācayagāmināpacayagāminī,8,1.0160717143415982e-05
5401,ācayāya,8,1.0160717143415982e-05
5402,ṭhitibhāginī,8,1.0160717143415982e-05
5403,visesabhāginī,8,1.0160717143415982e-05
5404,nibbedhabhāginī,8,1.0160717143415982e-05
5405,gocaravisayampi,8,1.0160717143415982e-05
5406,uppannasamanantarā,8,1.0160717143415982e-05
5407,uppannasamanantarāpi,8,1.0160717143415982e-05
5408,manodhātuyāpi,8,1.0160717143415982e-05
5409,abbhaññaṁsu,8,1.0160717143415982e-05
5410,imaññeva,8,1.0160717143415982e-05
5411,tannidānaṁ,8,1.0160717143415982e-05
5412,tappaccayā,8,1.0160717143415982e-05
5413,kalyāṇāni,8,1.0160717143415982e-05
5414,hīnādhimuttikā,8,1.0160717143415982e-05
5415,paṇītādhimuttikā,8,1.0160717143415982e-05
5416,mahicchatā,8,1.0160717143415982e-05
5417,aparānipi,8,1.0160717143415982e-05
5418,dhanena,8,1.0160717143415982e-05
5419,ajjhenena,8,1.0160717143415982e-05
5420,pāpakena,8,1.0160717143415982e-05
5421,gehasito,8,1.0160717143415982e-05
5422,ucchedaṁ,8,1.0160717143415982e-05
5423,vināsaṁ,8,1.0160717143415982e-05
5424,vibhavaṁ,8,1.0160717143415982e-05
5425,vipariṇāmadhammā,8,1.0160717143415982e-05
5426,handāhaṁ,8,1.0160717143415982e-05
5427,nipajjāmī,8,1.0160717143415982e-05
5428,nipajjati,8,1.0160717143415982e-05
5429,appattassa,8,1.0160717143415982e-05
5430,anadhigatassa,8,1.0160717143415982e-05
5431,asacchikatassa,8,1.0160717143415982e-05
5432,kusītavatthu,8,1.0160717143415982e-05
5433,codenti,8,1.0160717143415982e-05
5434,bhikkhūhi,8,1.0160717143415982e-05
5435,codīyamāno,8,1.0160717143415982e-05
5436,purisadoso,8,1.0160717143415982e-05
5437,nevasaññīnāsaññīti,8,1.0160717143415982e-05
5438,itthasmīti,8,1.0160717143415982e-05
5439,evasmīti,8,1.0160717143415982e-05
5440,aññathāsmīti,8,1.0160717143415982e-05
5441,dasāyatanāni,8,1.0160717143415982e-05
5442,aparāni,8,1.0160717143415982e-05
5443,terasindriyāni,8,1.0160717143415982e-05
5444,gabbhaseyyakānaṁ,8,1.0160717143415982e-05
5445,sāsavānaṁ,8,1.0160717143415982e-05
5446,saṁyojanavippayuttaasaṁyojaniyo,8,1.0160717143415982e-05
5447,dukkho,8,1.0160717143415982e-05
5448,kāyañca,8,1.0160717143415982e-05
5449,tamhi,8,1.0160717143415982e-05
5450,nāmarūpahetukaṁ,8,1.0160717143415982e-05
5451,vavatthapeti,8,1.0160717143415982e-05
5452,āsevitvā,8,1.0160717143415982e-05
5453,bahulīkaritvā,8,1.0160717143415982e-05
5454,vavatthapetvā,8,1.0160717143415982e-05
5455,upasaṁharati,8,1.0160717143415982e-05
5456,abhijjhādomanassan,8,1.0160717143415982e-05
5457,pāripūrī,8,1.0160717143415982e-05
5458,padhānasaṅkhārā,8,1.0160717143415982e-05
5459,padhānasaṅkhārena,8,1.0160717143415982e-05
5460,iddhī,8,1.0160717143415982e-05
5461,iddhi,8,1.0160717143415982e-05
5462,ijjhanā,8,1.0160717143415982e-05
5463,samijjhanā,8,1.0160717143415982e-05
5464,tathābhūtassa,8,1.0160717143415982e-05
5465,nayacatukka,8,1.0160717143415982e-05
5466,mūlanaya,8,1.0160717143415982e-05
5467,mūlamūlanaya,8,1.0160717143415982e-05
5468,mūlakanaya,8,1.0160717143415982e-05
5469,mūlamūlakanaya,8,1.0160717143415982e-05
5470,taṇhāsotaṁ,8,1.0160717143415982e-05
5471,sotañceva,8,1.0160717143415982e-05
5472,upekkhāsampayuttapacchimacittassa,8,1.0160717143415982e-05
5473,upekkhāsampayuttapacchimacittasamaṅgīnaṁ,8,1.0160717143415982e-05
5474,pajahissanti,8,1.0160717143415982e-05
5475,pajahissati,8,1.0160717143415982e-05
5476,yatthakaṁ,8,1.0160717143415982e-05
5477,dhammadhātūti,8,1.0160717143415982e-05
5478,kāyasaṅkhārañca,8,1.0160717143415982e-05
5479,vacīsaṅkhārañca,8,1.0160717143415982e-05
5480,cittasaṅkhārañca,8,1.0160717143415982e-05
5481,avitakkaavicārapacchimacittassa,8,1.0160717143415982e-05
5482,mahāvāra,8,1.0160717143415982e-05
5483,uppajjamānanti,8,1.0160717143415982e-05
5484,nirujjhamānanti,8,1.0160717143415982e-05
5485,sappaccayaduka,7,8.890627500488985e-06
5486,cūḷantaradukaṁ,7,8.890627500488985e-06
5487,oghavippayuttā,7,8.890627500488985e-06
5488,yogavippayuttā,7,8.890627500488985e-06
5489,saṅkilesikaduka,7,8.890627500488985e-06
5490,kilesasampayuttaduka,7,8.890627500488985e-06
5491,kilesasaṅkiliṭṭhaduka,7,8.890627500488985e-06
5492,kilesakilesasampayuttaduka,7,8.890627500488985e-06
5493,kilesavippayuttasaṅkilesikaduka,7,8.890627500488985e-06
5494,pītisahagataduka,7,8.890627500488985e-06
5495,sukhasahagataduka,7,8.890627500488985e-06
5496,nāmañca,7,8.890627500488985e-06
5497,sovacassatā,7,8.890627500488985e-06
5498,sīlasampadā,7,8.890627500488985e-06
5499,diṭṭhisampadā,7,8.890627500488985e-06
5500,anusandhānatā,7,8.890627500488985e-06
5501,lahupariṇāmatā,7,8.890627500488985e-06
5502,adandhanatā,7,8.890627500488985e-06
5503,avitthanatā,7,8.890627500488985e-06
5504,kammaññattaṁ,7,8.890627500488985e-06
5505,kammaññabhāvo,7,8.890627500488985e-06
5506,ācikkhanti,7,8.890627500488985e-06
5507,vicāramattaṁ,7,8.890627500488985e-06
5508,bojjhaṅgaṁ,7,8.890627500488985e-06
5509,asamapekkhanā,7,8.890627500488985e-06
5510,dveḷhakaṁ,7,8.890627500488985e-06
5511,anekaṁsaggāho,7,8.890627500488985e-06
5512,āsappanā,7,8.890627500488985e-06
5513,parisappanā,7,8.890627500488985e-06
5514,tajjāmanodhātu,7,8.890627500488985e-06
5515,ācayagāmi,7,8.890627500488985e-06
5516,mūlaraso,7,8.890627500488985e-06
5517,khandharaso,7,8.890627500488985e-06
5518,tacaraso,7,8.890627500488985e-06
5519,pattaraso,7,8.890627500488985e-06
5520,puppharaso,7,8.890627500488985e-06
5521,phalaraso,7,8.890627500488985e-06
5522,purisassa,7,8.890627500488985e-06
5523,kusalacittassa,7,8.890627500488985e-06
5524,ākāsagataṁ,7,8.890627500488985e-06
5525,aghaṁ,7,8.890627500488985e-06
5526,aghagataṁ,7,8.890627500488985e-06
5527,vivaro,7,8.890627500488985e-06
5528,vivaragataṁ,7,8.890627500488985e-06
5529,asamphuṭṭhaṁ,7,8.890627500488985e-06
5530,assutavā,7,8.890627500488985e-06
5531,ariyadhamme,7,8.890627500488985e-06
5532,sappurisānaṁ,7,8.890627500488985e-06
5533,sappurisadhammassa,7,8.890627500488985e-06
5534,sappurisadhamme,7,8.890627500488985e-06
5535,rūpavantaṁ,7,8.890627500488985e-06
5536,saṅkhāresu,7,8.890627500488985e-06
5537,viññāṇavantaṁ,7,8.890627500488985e-06
5538,jappā,7,8.890627500488985e-06
5539,nirodhataṇhā,7,8.890627500488985e-06
5540,aṭṭhāne,7,8.890627500488985e-06
5541,apaccavekkhaṇā,7,8.890627500488985e-06
5542,bhavajjhosānaṁ,7,8.890627500488985e-06
5543,akammaññatā,7,8.890627500488985e-06
5544,nīvaraṇāni,7,8.890627500488985e-06
5545,avijjānīvaraṇena,7,8.890627500488985e-06
5546,uddhaccanīvaraṇena,7,8.890627500488985e-06
5547,hutaṁ,7,8.890627500488985e-06
5548,sukatadukkaṭānaṁ,7,8.890627500488985e-06
5549,opapātikā,7,8.890627500488985e-06
5550,samaṇabrāhmaṇā,7,8.890627500488985e-06
5551,sammaggatā,7,8.890627500488985e-06
5552,heṭṭhato,7,8.890627500488985e-06
5553,pariyantaṁ,7,8.890627500488985e-06
5554,uparito,7,8.890627500488985e-06
5555,etasmiṁ,7,8.890627500488985e-06
5556,etthāvacarā,7,8.890627500488985e-06
5557,sahadhammike,7,8.890627500488985e-06
5558,vuccamāne,7,8.890627500488985e-06
5559,agāravatā,7,8.890627500488985e-06
5560,dussīlā,7,8.890627500488985e-06
5561,samāpattīhi,7,8.890627500488985e-06
5562,davāya,7,8.890627500488985e-06
5563,madāya,7,8.890627500488985e-06
5564,maṇḍanāya,7,8.890627500488985e-06
5565,vibhūsanāya,7,8.890627500488985e-06
5566,somanassasahagatacittuppādā,7,8.890627500488985e-06
5567,etthuppanne,7,8.890627500488985e-06
5568,dvepañcaviññāṇāni,7,8.890627500488985e-06
5569,sabbo,7,8.890627500488985e-06
5570,lobhasahagatesu,7,8.890627500488985e-06
5571,kāmāvacarakiriyato,7,8.890627500488985e-06
5572,diṭṭhigatasampayuttesu,7,8.890627500488985e-06
5573,cakkhāyatanena,7,8.890627500488985e-06
5574,cakkhundriyena,7,8.890627500488985e-06
5575,savitakkasavicārehi,7,8.890627500488985e-06
5576,cetasikehi,7,8.890627500488985e-06
5577,cittasampayuttehi,7,8.890627500488985e-06
5578,cittasaṁsaṭṭhasamuṭṭhānehi,7,8.890627500488985e-06
5579,cittasaṁsaṭṭhasamuṭṭhānasahabhūhi,7,8.890627500488985e-06
5580,cittasaṁsaṭṭhasamuṭṭhānānuparivattīhi,7,8.890627500488985e-06
5581,savitakkehi,7,8.890627500488985e-06
5582,savicārehi,7,8.890627500488985e-06
5583,kāmabhavena,7,8.890627500488985e-06
5584,pañcamo,7,8.890627500488985e-06
5585,devoti,7,8.890627500488985e-06
5586,sukhavipākanti,7,8.890627500488985e-06
5587,dukkhudrayaṁ,7,8.890627500488985e-06
5588,rukkho,7,8.890627500488985e-06
5589,paṇīte,7,8.890627500488985e-06
5590,āgacchanti,7,8.890627500488985e-06
5591,mānusakassa,7,8.890627500488985e-06
5592,āpāyikaṁ,7,8.890627500488985e-06
5593,āpāyikassa,7,8.890627500488985e-06
5594,nerayikaṁ,7,8.890627500488985e-06
5595,nerayikassa,7,8.890627500488985e-06
5596,sukhadukkhaṁ,7,8.890627500488985e-06
5597,hitāya,7,8.890627500488985e-06
5598,ānando,7,8.890627500488985e-06
5599,kittāvatā,7,8.890627500488985e-06
5600,attena,7,8.890627500488985e-06
5601,attaniyena,7,8.890627500488985e-06
5602,tatheva,7,8.890627500488985e-06
5603,sotāpattiphale,7,8.890627500488985e-06
5604,bhāvitoti,7,8.890627500488985e-06
5605,ohitabhāro,7,8.890627500488985e-06
5606,anuppattasadattho,7,8.890627500488985e-06
5607,parikkhīṇabhavasaṁyojano,7,8.890627500488985e-06
5608,sammadaññāvimutto,7,8.890627500488985e-06
5609,ukkhittapaligho,7,8.890627500488985e-06
5610,saṅkiṇṇaparikho,7,8.890627500488985e-06
5611,abbūḷhesiko,7,8.890627500488985e-06
5612,niraggaḷo,7,8.890627500488985e-06
5613,pannaddhajo,7,8.890627500488985e-06
5614,pannabhāro,7,8.890627500488985e-06
5615,visaññutto,7,8.890627500488985e-06
5616,suvijitavijayo,7,8.890627500488985e-06
5617,abhiññātaṁ,7,8.890627500488985e-06
5618,pasannā,7,8.890627500488985e-06
5619,pabbajjā,7,8.890627500488985e-06
5620,jāto,7,8.890627500488985e-06
5621,vihāya,7,8.890627500488985e-06
5622,odhisodhiso,7,8.890627500488985e-06
5623,sotāpattiphalappatto,7,8.890627500488985e-06
5624,sakadāgāmiphalappatto,7,8.890627500488985e-06
5625,katamena,7,8.890627500488985e-06
5626,sāvakā,7,8.890627500488985e-06
5627,sabbena,7,8.890627500488985e-06
5628,avigataṁ,7,8.890627500488985e-06
5629,sañjātaṁ,7,8.890627500488985e-06
5630,nibbattaṁ,7,8.890627500488985e-06
5631,rūpabhāvaṁ,7,8.890627500488985e-06
5632,ghāyatīti,7,8.890627500488985e-06
5633,sarāgoti,7,8.890627500488985e-06
5634,etarahi,7,8.890627500488985e-06
5635,pāṇātipātoti,7,8.890627500488985e-06
5636,surāmerayamajjapamādaṭṭhānanti,7,8.890627500488985e-06
5637,suvidūravidūrāni,7,8.890627500488985e-06
5638,asabbhi,7,8.890627500488985e-06
5639,ārakā,7,8.890627500488985e-06
5640,āgacchantī,7,8.890627500488985e-06
5641,pañcaviññāṇasamaṅgissa,7,8.890627500488985e-06
5642,kusalāpi,7,8.890627500488985e-06
5643,nirodhoti,7,8.890627500488985e-06
5644,maggabhāvanāti,7,8.890627500488985e-06
5645,manoviññāṇasamaṅgissa,7,8.890627500488985e-06
5646,akusalampīti,7,8.890627500488985e-06
5647,acetasikāti,7,8.890627500488985e-06
5648,iddhiyā,7,8.890627500488985e-06
5649,parinipphannanti,7,8.890627500488985e-06
5650,sattakkhattuparamatāniyato,7,8.890627500488985e-06
5651,uppāditaṁ,7,8.890627500488985e-06
5652,yehi,7,8.890627500488985e-06
5653,ekabījīti,7,8.890627500488985e-06
5654,pitaraṁ,7,8.890627500488985e-06
5655,tittiravaṭṭakamorakapiñjaraṁ,7,8.890627500488985e-06
5656,okkamati,7,8.890627500488985e-06
5657,vippaṭisāriyaṁ,7,8.890627500488985e-06
5658,kusaloti,7,8.890627500488985e-06
5659,samāhite,7,8.890627500488985e-06
5660,paṇidhī,7,8.890627500488985e-06
5661,nakhā,7,8.890627500488985e-06
5662,saṁyojaniyaṁ,7,8.890627500488985e-06
5663,arūpadhātupariyāpannoti,7,8.890627500488985e-06
5664,sahajātoti,7,8.890627500488985e-06
5665,sabyābajjhampi,7,8.890627500488985e-06
5666,abyābajjhampi,7,8.890627500488985e-06
5667,lokuttarānaṁ,7,8.890627500488985e-06
5668,adhipatīti,7,8.890627500488985e-06
5669,vīriyādhipati,7,8.890627500488985e-06
5670,vīmaṁsādhipati,7,8.890627500488985e-06
5671,kathaṁ,7,8.890627500488985e-06
5672,kataṁ,7,8.890627500488985e-06
5673,yadā,7,8.890627500488985e-06
5674,hetūti,7,8.890627500488985e-06
5675,aggo,7,8.890627500488985e-06
5676,visodheti,7,8.890627500488985e-06
5677,ādiyeyya,7,8.890627500488985e-06
5678,anindriyabaddhaṁ,7,8.890627500488985e-06
5679,visodhetī,7,8.890627500488985e-06
5680,samayaṁ,7,8.890627500488985e-06
5681,vo,7,8.890627500488985e-06
5682,ādīnavato,7,8.890627500488985e-06
5683,jhānantarikā,7,8.890627500488985e-06
5684,rūpasaññā,7,8.890627500488985e-06
5685,tāṇaṁ,7,8.890627500488985e-06
5686,leṇaṁ,7,8.890627500488985e-06
5687,tathatā,7,8.890627500488985e-06
5688,mātughātako,7,8.890627500488985e-06
5689,lokuttaroti,7,8.890627500488985e-06
5690,paṭivijānanti,7,8.890627500488985e-06
5691,sotassa,7,8.890627500488985e-06
5692,asitapītakhāyitasāyitassa,7,8.890627500488985e-06
5693,kaṅkheyya,7,8.890627500488985e-06
5694,paraneyyo,7,8.890627500488985e-06
5695,parapattiyo,7,8.890627500488985e-06
5696,parapaccayo,7,8.890627500488985e-06
5697,parapaṭibaddhabhū,7,8.890627500488985e-06
5698,vitāreyyuṁ,7,8.890627500488985e-06
5699,abhikkamati,7,8.890627500488985e-06
5700,cātumahārājikānaṁ,7,8.890627500488985e-06
5701,ādittā,7,8.890627500488985e-06
5702,kantā,7,8.890627500488985e-06
5703,manāpā,7,8.890627500488985e-06
5704,musāvādī,7,8.890627500488985e-06
5705,sāsanaṁ,7,8.890627500488985e-06
5706,saṅkilesiyaṁ,7,8.890627500488985e-06
5707,kusalacitto,7,8.890627500488985e-06
5708,haranti,7,8.890627500488985e-06
5709,gabbhaseyyaṁ,7,8.890627500488985e-06
5710,dukkarakārikaṁ,7,8.890627500488985e-06
5711,saññāgati,7,8.890627500488985e-06
5712,asaññagati,7,8.890627500488985e-06
5713,atītānāgatapaccuppannānaṁ,7,8.890627500488985e-06
5714,kammasamādānānaṁ,7,8.890627500488985e-06
5715,ṭhānaso,7,8.890627500488985e-06
5716,hetuso,7,8.890627500488985e-06
5717,sabbatthagāminiṁ,7,8.890627500488985e-06
5718,nānādhimuttikataṁ,7,8.890627500488985e-06
5719,jhānavimokkhasamādhisamāpattīnaṁ,7,8.890627500488985e-06
5720,saṅkilesaṁ,7,8.890627500488985e-06
5721,cutūpapātaṁ,7,8.890627500488985e-06
5722,mudutarehi,7,8.890627500488985e-06
5723,tamahaṁ,7,8.890627500488985e-06
5724,dibbacakkhunti,7,8.890627500488985e-06
5725,upapannā,7,8.890627500488985e-06
5726,upekkhāhi,7,8.890627500488985e-06
5727,gihisaṁyojanaṁ,7,8.890627500488985e-06
5728,paṭiladdhā,7,8.890627500488985e-06
5729,bodhisattoti,7,8.890627500488985e-06
5730,bodhisattassa,7,8.890627500488985e-06
5731,samannāgatassa,7,8.890627500488985e-06
5732,aparāpi,7,8.890627500488985e-06
5733,sekho,7,8.890627500488985e-06
5734,cittārammaṇaññeva,7,8.890627500488985e-06
5735,dhammaniyāmatā,7,8.890627500488985e-06
5736,kule,7,8.890627500488985e-06
5737,ānantariyassa,7,8.890627500488985e-06
5738,arūpūpagassa,7,8.890627500488985e-06
5739,kāmadhātūti,7,8.890627500488985e-06
5740,pañcevāyatanā,7,8.890627500488985e-06
5741,vitakkavipphāro,7,8.890627500488985e-06
5742,rāgaṭṭhāniyaṁ,7,8.890627500488985e-06
5743,dosaṭṭhāniyaṁ,7,8.890627500488985e-06
5744,kopaṭṭhāniyaṁ,7,8.890627500488985e-06
5745,mohaṭṭhāniyaṁ,7,8.890627500488985e-06
5746,aññāṇakaraṇaṁ,7,8.890627500488985e-06
5747,anārammaṇan,7,8.890627500488985e-06
5748,gaṇanāya,7,8.890627500488985e-06
5749,paṭisandhipi,7,8.890627500488985e-06
5750,nasampayutta,7,8.890627500488985e-06
5751,nevasekkhanāsekkhānaṁ,7,8.890627500488985e-06
5752,mahaggatādhipati,7,8.890627500488985e-06
5753,appamāṇādhipati,7,8.890627500488985e-06
5754,mātughātikammaṁ,7,8.890627500488985e-06
5755,mahaggatārammaṇe,7,8.890627500488985e-06
5756,sabbāni,7,8.890627500488985e-06
5757,paccayavārasadisaṁ,7,8.890627500488985e-06
5758,niyatamicchādiṭṭhi,7,8.890627500488985e-06
5759,maggārammaṇānañca,7,8.890627500488985e-06
5760,maggārammaṇānaṁ,7,8.890627500488985e-06
5761,vigatāvigata,7,8.890627500488985e-06
5762,kusalākusalapada,7,8.890627500488985e-06
5763,vitthārito,7,8.890627500488985e-06
5764,ajjhattānaṁ,7,8.890627500488985e-06
5765,hetupaccayasadisaṁ,7,8.890627500488985e-06
5766,āsevanaduka,7,8.890627500488985e-06
5767,naārammaṇaduka,7,8.890627500488985e-06
5768,ekavīsaka,7,8.890627500488985e-06
5769,najhānaduka,7,8.890627500488985e-06
5770,vipākābyākatānaṁ,7,8.890627500488985e-06
5771,palapati,7,8.890627500488985e-06
5772,gaṇitā,7,8.890627500488985e-06
5773,sajjhāyamaggena,7,8.890627500488985e-06
5774,nevavipākanavipākadhammadhamme,7,8.890627500488985e-06
5775,vipākadhammadhammānaṁ,7,8.890627500488985e-06
5776,upādinnupādāniyāni,7,8.890627500488985e-06
5777,pītisahagatānaṁ,7,8.890627500488985e-06
5778,upekkhāsahagatāya,7,8.890627500488985e-06
5779,naavicāraṁ,7,8.890627500488985e-06
5780,naappītikaṁ,7,8.890627500488985e-06
5781,nanapītisahagataṁ,7,8.890627500488985e-06
5782,nanasukhasahagataṁ,7,8.890627500488985e-06
5783,sahetukadukādi,7,8.890627500488985e-06
5784,nanevācayagāmināpacayagāmī,7,8.890627500488985e-06
5785,nanevasekkhanāsekkho,7,8.890627500488985e-06
5786,naparittārammaṇo,7,8.890627500488985e-06
5787,namaggādhipati,7,8.890627500488985e-06
5788,naajjhatto,7,8.890627500488985e-06
5789,naanupādinnaanupādāniyassa,7,8.890627500488985e-06
5790,naavitakko,7,8.890627500488985e-06
5791,nasavicāro,7,8.890627500488985e-06
5792,naavicāro,7,8.890627500488985e-06
5793,naappītiko,7,8.890627500488985e-06
5794,arūpāvacarañca,7,8.890627500488985e-06
5795,niyyānikañca,7,8.890627500488985e-06
5796,sappaccayasadisaṁ,7,8.890627500488985e-06
5797,abyākate,7,8.890627500488985e-06
5798,acetasike,7,8.890627500488985e-06
5799,cittasahabhūnaṁ,7,8.890627500488985e-06
5800,nocittasahabhūnaṁ,7,8.890627500488985e-06
5801,bāhirānaṁ,7,8.890627500488985e-06
5802,diṭṭhigatavippayuttassa,7,8.890627500488985e-06
5803,āmasanaṁ,7,8.890627500488985e-06
5804,upādāniyassa,7,8.890627500488985e-06
5805,asaṅkiliṭṭhañca,7,8.890627500488985e-06
5806,kilesadukasadisā,7,8.890627500488985e-06
5807,appītikañca,7,8.890627500488985e-06
5808,sappītikadukasadisaṁ,7,8.890627500488985e-06
5809,niyyānikādhipati,7,8.890627500488985e-06
5810,hetūnañca,7,8.890627500488985e-06
5811,sanidassanānaṁ,7,8.890627500488985e-06
5812,sappaṭighānañca,7,8.890627500488985e-06
5813,rūpiñca,7,8.890627500488985e-06
5814,kāmāsavaṁ,7,8.890627500488985e-06
5815,saññojaniyañca,7,8.890627500488985e-06
5816,abhijjhākāyaganthaṁ,7,8.890627500488985e-06
5817,pucchitabbā,7,8.890627500488985e-06
5818,ganthasampayuttakānaṁ,7,8.890627500488985e-06
5819,ganthaniyañca,7,8.890627500488985e-06
5820,anuttarassa,7,8.890627500488985e-06
5821,imamhi,7,8.890627500488985e-06
5822,nanosaññojano,7,8.890627500488985e-06
5823,nasaññojanavippayuttañca,7,8.890627500488985e-06
5824,nanogantho,7,8.890627500488985e-06
5825,paccekasambuddho,7,8.890627500488985e-06
5826,sīlasampanno,7,8.890627500488985e-06
5827,kārī,7,8.890627500488985e-06
5828,tiṇṇo,7,8.890627500488985e-06
5829,pāraṅgato,7,8.890627500488985e-06
5830,muṭṭhassaccaṁ,7,8.890627500488985e-06
5831,pavedentī,7,8.890627500488985e-06
5832,sīlavā,7,8.890627500488985e-06
5833,kopañca,7,8.890627500488985e-06
5834,appaccayañca,7,8.890627500488985e-06
5835,pātukaroti,7,8.890627500488985e-06
5836,bhogaṁ,7,8.890627500488985e-06
5837,desenti,7,8.890627500488985e-06
5838,ādikalyāṇaṁ,7,8.890627500488985e-06
5839,majjhekalyāṇaṁ,7,8.890627500488985e-06
5840,pariyosānakalyāṇaṁ,7,8.890627500488985e-06
5841,sātthaṁ,7,8.890627500488985e-06
5842,sabyañjanaṁ,7,8.890627500488985e-06
5843,kevalaparipuṇṇaṁ,7,8.890627500488985e-06
5844,pakāsenti,7,8.890627500488985e-06
5845,nisinno,7,8.890627500488985e-06
5846,āsanā,7,8.890627500488985e-06
5847,ādimpi,7,8.890627500488985e-06
5848,majjhampi,7,8.890627500488985e-06
5849,pariyosānampi,7,8.890627500488985e-06
5850,dubbaṇṇo,7,8.890627500488985e-06
5851,diṭṭhānugatiṁ,7,8.890627500488985e-06
5852,abyāpannacitto,7,8.890627500488985e-06
5853,paññañca,7,8.890627500488985e-06
5854,satisambojjhaṅgaṁ,7,8.890627500488985e-06
5855,upekkhāsambojjhaṅgaṁ,7,8.890627500488985e-06
5856,upekkhanā,7,8.890627500488985e-06
5857,ajjhupekkhanā,7,8.890627500488985e-06
5858,majjhattatā,7,8.890627500488985e-06
5859,anantaṁ,7,8.890627500488985e-06
5860,vanapatthan,7,8.890627500488985e-06
5861,senāsanānaṁ,7,8.890627500488985e-06
5862,adhivacanaṁ,7,8.890627500488985e-06
5863,yadeva,7,8.890627500488985e-06
5864,iriyāpathaṁ,7,8.890627500488985e-06
5865,abhijānissanti,7,8.890627500488985e-06
5866,lābhiṁ,7,8.890627500488985e-06
5867,tadanudhammatā,7,8.890627500488985e-06
5868,nibbidāsahagatā,7,8.890627500488985e-06
5869,virāgūpasañhitā,7,8.890627500488985e-06
5870,nādhimuccati,7,8.890627500488985e-06
5871,sampasīdati,7,8.890627500488985e-06
5872,ucchijjati,7,8.890627500488985e-06
5873,vinassati,7,8.890627500488985e-06
5874,akusalahetu,7,8.890627500488985e-06
5875,cuddasindriyāni,7,8.890627500488985e-06
5876,dvādasindriyāni,7,8.890627500488985e-06
5877,dasindriyāni,7,8.890627500488985e-06
5878,ganthavippayuttaaganthaniyo,7,8.890627500488985e-06
5879,oghavippayutto,7,8.890627500488985e-06
5880,oghavippayuttaoghaniyo,7,8.890627500488985e-06
5881,oghavippayuttaanoghaniyo,7,8.890627500488985e-06
5882,yogavippayutto,7,8.890627500488985e-06
5883,saṁyojanasampayuttañceva,7,8.890627500488985e-06
5884,sotañca,7,8.890627500488985e-06
5885,akusalacitta,7,8.890627500488985e-06
5886,evametesaṁ,7,8.890627500488985e-06
5887,akusalamūlapaccayā,7,8.890627500488985e-06
5888,chandikatā,7,8.890627500488985e-06
5889,kattukamyatā,7,8.890627500488985e-06
5890,dhammacchando,7,8.890627500488985e-06
5891,paṇṇattivārauddesa,7,8.890627500488985e-06
5892,paṇṇattiuddesavāro,7,8.890627500488985e-06
5893,paṇṇattivāraniddesa,7,8.890627500488985e-06
5894,itthiñca,7,8.890627500488985e-06
5895,purisañca,7,8.890627500488985e-06
5896,paṇṇattiniddesavāro,7,8.890627500488985e-06
5897,rūpañceva,7,8.890627500488985e-06
5898,rūpakkhandhañca,7,8.890627500488985e-06
5899,uppādavāre,7,8.890627500488985e-06
5900,manāyatananti,7,8.890627500488985e-06
5901,yatthakampi,7,8.890627500488985e-06
5902,uppādanirodhavārepi,7,8.890627500488985e-06
5903,saccañca,7,8.890627500488985e-06
5904,āsavagocchakaṁ,6,7.620537857561987e-06
5905,saññojaniyaduka,6,7.620537857561987e-06
5906,saññojanasampayuttaduka,6,7.620537857561987e-06
5907,saññojanasaññojaniyaduka,6,7.620537857561987e-06
5908,saññojanasaññojanasampayuttaduka,6,7.620537857561987e-06
5909,saññojanavippayuttasaññojaniyaduka,6,7.620537857561987e-06
5910,ganthaniyaduka,6,7.620537857561987e-06
5911,ganthasampayuttaduka,6,7.620537857561987e-06
5912,ganthaganthaniyaduka,6,7.620537857561987e-06
5913,ganthaganthasampayuttaduka,6,7.620537857561987e-06
5914,ganthavippayuttaganthaniyaduka,6,7.620537857561987e-06
5915,anoghaniyā,6,7.620537857561987e-06
5916,ayoganiyā,6,7.620537857561987e-06
5917,kilesaduka,6,7.620537857561987e-06
5918,kilesasaṅkilesikaduka,6,7.620537857561987e-06
5919,paṇḍitā,6,7.620537857561987e-06
5920,nirutti,6,7.620537857561987e-06
5921,bhavadiṭṭhi,6,7.620537857561987e-06
5922,vibhavadiṭṭhi,6,7.620537857561987e-06
5923,pubbantānudiṭṭhi,6,7.620537857561987e-06
5924,aparantānudiṭṭhi,6,7.620537857561987e-06
5925,khanti,6,7.620537857561987e-06
5926,sattindriyāni,6,7.620537857561987e-06
5927,sampasādanaṁ,6,7.620537857561987e-06
5928,ekodibhāvaṁ,6,7.620537857561987e-06
5929,tivaṅgikaṁ,6,7.620537857561987e-06
5930,upekkhāsatipārisuddhiṁ,6,7.620537857561987e-06
5931,soḷasakkhattukaṁ,6,7.620537857561987e-06
5932,āpokasiṇaṁ,6,7.620537857561987e-06
5933,tejokasiṇaṁ,6,7.620537857561987e-06
5934,kāmāvacarakusalaṁ,6,7.620537857561987e-06
5935,anavasesappahānāya,6,7.620537857561987e-06
5936,asaṅgāhanā,6,7.620537857561987e-06
5937,paṭighasampayuttaṁ,6,7.620537857561987e-06
5938,apacayagāmi,6,7.620537857561987e-06
5939,chakkaṁ,6,7.620537857561987e-06
5940,manodhātuviññeyyaṁ,6,7.620537857561987e-06
5941,manoviññāṇadhātuviññeyyaṁ,6,7.620537857561987e-06
5942,sattakaṁ,6,7.620537857561987e-06
5943,aṭṭhakaṁ,6,7.620537857561987e-06
5944,navakaṁ,6,7.620537857561987e-06
5945,dasakaṁ,6,7.620537857561987e-06
5946,saddārammaṇā,6,7.620537857561987e-06
5947,gandhārammaṇā,6,7.620537857561987e-06
5948,anidassanāya,6,7.620537857561987e-06
5949,sappaṭighāya,6,7.620537857561987e-06
5950,rasārammaṇā,6,7.620537857561987e-06
5951,chāyā,6,7.620537857561987e-06
5952,saddadhātupesā,6,7.620537857561987e-06
5953,mūlagandho,6,7.620537857561987e-06
5954,sāragandho,6,7.620537857561987e-06
5955,tacagandho,6,7.620537857561987e-06
5956,pattagandho,6,7.620537857561987e-06
5957,pupphagandho,6,7.620537857561987e-06
5958,phalagandho,6,7.620537857561987e-06
5959,vissagandho,6,7.620537857561987e-06
5960,sugandho,6,7.620537857561987e-06
5961,duggandho,6,7.620537857561987e-06
5962,gandhadhātupesā,6,7.620537857561987e-06
5963,ambilaṁ,6,7.620537857561987e-06
5964,madhuraṁ,6,7.620537857561987e-06
5965,tittakaṁ,6,7.620537857561987e-06
5966,kaṭukaṁ,6,7.620537857561987e-06
5967,kasāvo,6,7.620537857561987e-06
5968,sādu,6,7.620537857561987e-06
5969,rasadhātupesā,6,7.620537857561987e-06
5970,akusalacittassa,6,7.620537857561987e-06
5971,abyākatacittassa,6,7.620537857561987e-06
5972,viññāpanā,6,7.620537857561987e-06
5973,viññāpitattaṁ,6,7.620537857561987e-06
5974,paribhedo,6,7.620537857561987e-06
5975,dadhi,6,7.620537857561987e-06
5976,sappi,6,7.620537857561987e-06
5977,navanītaṁ,6,7.620537857561987e-06
5978,mudukaṁ,6,7.620537857561987e-06
5979,saṇhaṁ,6,7.620537857561987e-06
5980,garukaṁ,6,7.620537857561987e-06
5981,dukkhasamphasso,6,7.620537857561987e-06
5982,vitakkavicāre,6,7.620537857561987e-06
5983,adhipatiṁ,6,7.620537857561987e-06
5984,anuṭṭhitā,6,7.620537857561987e-06
5985,atītaṁsena,6,7.620537857561987e-06
5986,anāgataṁsena,6,7.620537857561987e-06
5987,paccuppannaṁsena,6,7.620537857561987e-06
5988,ajjhosānaṁ,6,7.620537857561987e-06
5989,latā,6,7.620537857561987e-06
5990,lobhena,6,7.620537857561987e-06
5991,kāmanandī,6,7.620537857561987e-06
5992,kāmasineho,6,7.620537857561987e-06
5993,kāmapariḷāho,6,7.620537857561987e-06
5994,kāmamucchā,6,7.620537857561987e-06
5995,issāsaññojanaṁ,6,7.620537857561987e-06
5996,macchariyasaññojanaṁ,6,7.620537857561987e-06
5997,suddhīti,6,7.620537857561987e-06
5998,āvāsamacchariyaṁ,6,7.620537857561987e-06
5999,kulamacchariyaṁ,6,7.620537857561987e-06
6000,lābhamacchariyaṁ,6,7.620537857561987e-06
6001,vaṇṇamacchariyaṁ,6,7.620537857561987e-06
6002,dhammamacchariyaṁ,6,7.620537857561987e-06
6003,tāneva,6,7.620537857561987e-06
6004,avasesañca,6,7.620537857561987e-06
6005,kāyaduccaritaṁ,6,7.620537857561987e-06
6006,vipaccanīkasātatā,6,7.620537857561987e-06
6007,tathārūpiṁ,6,7.620537857561987e-06
6008,sabbampi,6,7.620537857561987e-06
6009,maraṇabhayaṁ,6,7.620537857561987e-06
6010,akusalacittuppādā,6,7.620537857561987e-06
6011,upekkhāsahagatacittuppādā,6,7.620537857561987e-06
6012,cittuppādā,6,7.620537857561987e-06
6013,sabbākusalesu,6,7.620537857561987e-06
6014,āsavātipi,6,7.620537857561987e-06
6015,saṅgahitena,6,7.620537857561987e-06
6016,asaṅgahitena,6,7.620537857561987e-06
6017,manāyatanena,6,7.620537857561987e-06
6018,manindriyena,6,7.620537857561987e-06
6019,paridevena,6,7.620537857561987e-06
6020,arūpabhavena,6,7.620537857561987e-06
6021,iddhipādena,6,7.620537857561987e-06
6022,jhānena,6,7.620537857561987e-06
6023,avitakkavicāramattehi,6,7.620537857561987e-06
6024,hetusahetukehi,6,7.620537857561987e-06
6025,āsavavippayuttehi,6,7.620537857561987e-06
6026,parāmāsasampayuttehi,6,7.620537857561987e-06
6027,parāmāsavippayuttehi,6,7.620537857561987e-06
6028,kilesavippayuttehi,6,7.620537857561987e-06
6029,sappītikehi,6,7.620537857561987e-06
6030,dhammadhātuyā,6,7.620537857561987e-06
6031,maraṇena,6,7.620537857561987e-06
6032,visayo,6,7.620537857561987e-06
6033,sattacattālīsa,6,7.620537857561987e-06
6034,kammabhavo,6,7.620537857561987e-06
6035,hetusahetukā,6,7.620537857561987e-06
6036,mahiṁso,6,7.620537857561987e-06
6037,savipākā,6,7.620537857561987e-06
6038,saphalaṁ,6,7.620537857561987e-06
6039,niruddho,6,7.620537857561987e-06
6040,gāmaṁ,6,7.620537857561987e-06
6041,rañño,6,7.620537857561987e-06
6042,cavamāne,6,7.620537857561987e-06
6043,upapajjamāne,6,7.620537857561987e-06
6044,suvaṇṇe,6,7.620537857561987e-06
6045,dubbaṇṇe,6,7.620537857561987e-06
6046,sugate,6,7.620537857561987e-06
6047,duggate,6,7.620537857561987e-06
6048,yathākammūpage,6,7.620537857561987e-06
6049,paraṅkataṁ,6,7.620537857561987e-06
6050,kammakārako,6,7.620537857561987e-06
6051,pubbenivāsaṁ,6,7.620537857561987e-06
6052,nāsaṅkhatoti,6,7.620537857561987e-06
6053,aññathattaṁ,6,7.620537857561987e-06
6054,parinibbuto,6,7.620537857561987e-06
6055,arahanto,6,7.620537857561987e-06
6056,parihāyittha,6,7.620537857561987e-06
6057,mahāmoggallāno,6,7.620537857561987e-06
6058,mahāpanthako,6,7.620537857561987e-06
6059,pañcime,6,7.620537857561987e-06
6060,apacinitvā,6,7.620537857561987e-06
6061,vidhūpeti,6,7.620537857561987e-06
6062,sandhūpeti,6,7.620537857561987e-06
6063,vidhūpetvā,6,7.620537857561987e-06
6064,buddhaṁ,6,7.620537857561987e-06
6065,pañhaṁ,6,7.620537857561987e-06
6066,kammāvaraṇena,6,7.620537857561987e-06
6067,kilesāvaraṇena,6,7.620537857561987e-06
6068,vipākāvaraṇena,6,7.620537857561987e-06
6069,okkamituṁ,6,7.620537857561987e-06
6070,muṇḍiyaṁ,6,7.620537857561987e-06
6071,kāsāvadhāraṇā,6,7.620537857561987e-06
6072,pattadhāraṇā,6,7.620537857561987e-06
6073,mūle,6,7.620537857561987e-06
6074,majjhimesu,6,7.620537857561987e-06
6075,pahīnāni,6,7.620537857561987e-06
6076,kuhiṁ,6,7.620537857561987e-06
6077,avijjaṁ,6,7.620537857561987e-06
6078,thokaṁ,6,7.620537857561987e-06
6079,bhavanti,6,7.620537857561987e-06
6080,tissannaṁ,6,7.620537857561987e-06
6081,vedanānaṁ,6,7.620537857561987e-06
6082,aniruddhaṁ,6,7.620537857561987e-06
6083,abhinibbattaṁ,6,7.620537857561987e-06
6084,pātubhūtanti,6,7.620537857561987e-06
6085,anāgatabhāvaṁ,6,7.620537857561987e-06
6086,samohoti,6,7.620537857561987e-06
6087,atītāni,6,7.620537857561987e-06
6088,anāgatāni,6,7.620537857561987e-06
6089,paccuppannāni,6,7.620537857561987e-06
6090,atītānāgatapaccuppannaṁ,6,7.620537857561987e-06
6091,samaṇehi,6,7.620537857561987e-06
6092,brāhmaṇehi,6,7.620537857561987e-06
6093,anuppādino,6,7.620537857561987e-06
6094,asaṁyojaniyaṁ,6,7.620537857561987e-06
6095,santiṭṭhatīti,6,7.620537857561987e-06
6096,paṭilabhanti,6,7.620537857561987e-06
6097,samādānahetukaṁ,6,7.620537857561987e-06
6098,niyāmapaṇṇāsaka,6,7.620537857561987e-06
6099,cakkhuviññāṇasamaṅgissa,6,7.620537857561987e-06
6100,sābhogaṁ,6,7.620537857561987e-06
6101,lokuttarāya,6,7.620537857561987e-06
6102,sammāsamādhinā,6,7.620537857561987e-06
6103,vaḍḍhatī,6,7.620537857561987e-06
6104,anusayapaṇṇāsaka,6,7.620537857561987e-06
6105,diṭṭhisaṁyojanaṁ,6,7.620537857561987e-06
6106,ñāṇakathā,6,7.620537857561987e-06
6107,aññāṇe,6,7.620537857561987e-06
6108,saṅkhārakkhandhapariyāpannaṁ,6,7.620537857561987e-06
6109,paggahetunti,6,7.620537857561987e-06
6110,dukkhassantakiriyā,6,7.620537857561987e-06
6111,cakkhukammanti,6,7.620537857561987e-06
6112,manokammanti,6,7.620537857561987e-06
6113,voropitā,6,7.620537857561987e-06
6114,nivuto,6,7.620537857561987e-06
6115,sammukhībhūto,6,7.620537857561987e-06
6116,jhānanikanti,6,7.620537857561987e-06
6117,khādanīyaṁ,6,7.620537857561987e-06
6118,bhojanīyaṁ,6,7.620537857561987e-06
6119,abhidakkhiṇaṁ,6,7.620537857561987e-06
6120,parisuddhe,6,7.620537857561987e-06
6121,pariyodāte,6,7.620537857561987e-06
6122,anaṅgaṇe,6,7.620537857561987e-06
6123,vigatūpakkilese,6,7.620537857561987e-06
6124,mudubhūte,6,7.620537857561987e-06
6125,kammaniye,6,7.620537857561987e-06
6126,āneñjappatte,6,7.620537857561987e-06
6127,aññārammaṇanti,6,7.620537857561987e-06
6128,rūpadhātupariyāpannoti,6,7.620537857561987e-06
6129,sahagato,6,7.620537857561987e-06
6130,ekuppādo,6,7.620537857561987e-06
6131,ekanirodho,6,7.620537857561987e-06
6132,asaññīti,6,7.620537857561987e-06
6133,kammūpacayoti,6,7.620537857561987e-06
6134,kammavipākoti,6,7.620537857561987e-06
6135,vīmaṁsā,6,7.620537857561987e-06
6136,sahajātāti,6,7.620537857561987e-06
6137,katheyya,6,7.620537857561987e-06
6138,kareyyā,6,7.620537857561987e-06
6139,niggahapaṇṇāsaka,6,7.620537857561987e-06
6140,nirujjhī,6,7.620537857561987e-06
6141,attano,6,7.620537857561987e-06
6142,aññesaṁ,6,7.620537857561987e-06
6143,samāpattesiyaṁ,6,7.620537857561987e-06
6144,uttamo,6,7.620537857561987e-06
6145,pavaro,6,7.620537857561987e-06
6146,samasamo,6,7.620537857561987e-06
6147,akālamaccūti,6,7.620537857561987e-06
6148,āhuneyyo,6,7.620537857561987e-06
6149,sāyatī,6,7.620537857561987e-06
6150,aṭṭhāsī,6,7.620537857561987e-06
6151,desitoti,6,7.620537857561987e-06
6152,jino,6,7.620537857561987e-06
6153,sabbaññū,6,7.620537857561987e-06
6154,uccārapassāvo,6,7.620537857561987e-06
6155,anavasesappahānaṁ,6,7.620537857561987e-06
6156,paṭhamā,6,7.620537857561987e-06
6157,paṭivijānātīti,6,7.620537857561987e-06
6158,saṅkhārakkhandhapariyāpannāti,6,7.620537857561987e-06
6159,sabbadhammānaṁ,6,7.620537857561987e-06
6160,rūpatā,6,7.620537857561987e-06
6161,pitughātako,6,7.620537857561987e-06
6162,arahantaghātako,6,7.620537857561987e-06
6163,ruhiruppādako,6,7.620537857561987e-06
6164,nimuggo,6,7.620537857561987e-06
6165,nimuggova,6,7.620537857561987e-06
6166,saddhāti,6,7.620537857561987e-06
6167,sotaviññeyyo,6,7.620537857561987e-06
6168,sotasmiṁ,6,7.620537857561987e-06
6169,bhāventīti,6,7.620537857561987e-06
6170,voharatīti,6,7.620537857561987e-06
6171,anupubbābhisamayo,6,7.620537857561987e-06
6172,puttasambādhasayanaṁ,6,7.620537857561987e-06
6173,ajjhāvaseyya,6,7.620537857561987e-06
6174,kāsikacandanaṁ,6,7.620537857561987e-06
6175,paccanubhaveyya,6,7.620537857561987e-06
6176,mālāgandhavilepanaṁ,6,7.620537857561987e-06
6177,jātarūparajataṁ,6,7.620537857561987e-06
6178,avijjānīvaraṇanti,6,7.620537857561987e-06
6179,haneyya,6,7.620537857561987e-06
6180,jānatohaṁ,6,7.620537857561987e-06
6181,ajānato,6,7.620537857561987e-06
6182,apassato,6,7.620537857561987e-06
6183,nāmagottaṁ,6,7.620537857561987e-06
6184,maggāmaggaṁ,6,7.620537857561987e-06
6185,vicikicchānīvaraṇanti,6,7.620537857561987e-06
6186,dhammañca,6,7.620537857561987e-06
6187,samudayoti,6,7.620537857561987e-06
6188,dhammavinaye,6,7.620537857561987e-06
6189,dukkhassantaṁ,6,7.620537857561987e-06
6190,paṭikkamati,6,7.620537857561987e-06
6191,āloketi,6,7.620537857561987e-06
6192,pasāreti,6,7.620537857561987e-06
6193,kukkuḷāti,6,7.620537857561987e-06
6194,piyarūpā,6,7.620537857561987e-06
6195,kāmūpasaṁhitā,6,7.620537857561987e-06
6196,rajanīyā,6,7.620537857561987e-06
6197,sakadāgāmimaggaṁ,6,7.620537857561987e-06
6198,sotāpattiphalānīti,6,7.620537857561987e-06
6199,vīsatimavagga,6,7.620537857561987e-06
6200,tiracchānagatāti,6,7.620537857561987e-06
6201,tedhātukehi,6,7.620537857561987e-06
6202,rāsī,6,7.620537857561987e-06
6203,diṭṭhadhammavedanīyaṁ,6,7.620537857561987e-06
6204,upapajjavedanīyaṁ,6,7.620537857561987e-06
6205,aparāpariyavedanīyaṁ,6,7.620537857561987e-06
6206,upaṭṭhitassati,6,7.620537857561987e-06
6207,parinibbāyati,6,7.620537857561987e-06
6208,dhammābhisamayoti,6,7.620537857561987e-06
6209,dhammadesanā,6,7.620537857561987e-06
6210,pubbarattāpararattaṁ,6,7.620537857561987e-06
6211,supinantena,6,7.620537857561987e-06
6212,asaṁvaroti,6,7.620537857561987e-06
6213,yamhā,6,7.620537857561987e-06
6214,asaññasattāvāso,6,7.620537857561987e-06
6215,asaññasaṁsāro,6,7.620537857561987e-06
6216,asaññayoni,6,7.620537857561987e-06
6217,asaññattabhāvapaṭilābhoti,6,7.620537857561987e-06
6218,sāvakabalaṁ,6,7.620537857561987e-06
6219,yādisaṁ,6,7.620537857561987e-06
6220,tādisaṁ,6,7.620537857561987e-06
6221,saphassaṁ,6,7.620537857561987e-06
6222,savedanaṁ,6,7.620537857561987e-06
6223,sasaññaṁ,6,7.620537857561987e-06
6224,sacetanaṁ,6,7.620537857561987e-06
6225,sapaññaṁ,6,7.620537857561987e-06
6226,gotrabhuno,6,7.620537857561987e-06
6227,sabbathā,6,7.620537857561987e-06
6228,gocaro,6,7.620537857561987e-06
6229,dveva,6,7.620537857561987e-06
6230,bhonto,6,7.620537857561987e-06
6231,gahapati,6,7.620537857561987e-06
6232,anāsavanti,6,7.620537857561987e-06
6233,aparihīno,6,7.620537857561987e-06
6234,maggehi,6,7.620537857561987e-06
6235,cakkavattisatto,6,7.620537857561987e-06
6236,mahato,6,7.620537857561987e-06
6237,sukhanti,6,7.620537857561987e-06
6238,samāpajjantassa,6,7.620537857561987e-06
6239,nirodhasamāpatti,6,7.620537857561987e-06
6240,khipanti,6,7.620537857561987e-06
6241,udakaṁ,6,7.620537857561987e-06
6242,ekuppādā,6,7.620537857561987e-06
6243,rūpakkhandhagaṇanaṁ,6,7.620537857561987e-06
6244,dānan,6,7.620537857561987e-06
6245,ariyasāvako,6,7.620537857561987e-06
6246,dāyako,6,7.620537857561987e-06
6247,rūpajīvitindriyan,6,7.620537857561987e-06
6248,rūpabhavassa,6,7.620537857561987e-06
6249,kāmaguṇe,6,7.620537857561987e-06
6250,ghānāyatananti,6,7.620537857561987e-06
6251,rūpāyatananti,6,7.620537857561987e-06
6252,kāyakamman,6,7.620537857561987e-06
6253,ānisaṁsadassāvissa,6,7.620537857561987e-06
6254,mucchaniyanti,6,7.620537857561987e-06
6255,paṭighaṭṭhāniyanti,6,7.620537857561987e-06
6256,hetusadisā,6,7.620537857561987e-06
6257,aññamaññādi,6,7.620537857561987e-06
6258,ārammaṇasadisā,6,7.620537857561987e-06
6259,sadisā,6,7.620537857561987e-06
6260,gamanaṁ,6,7.620537857561987e-06
6261,chandarāgassa,6,7.620537857561987e-06
6262,ācayagāmīnaṁ,6,7.620537857561987e-06
6263,nevasaññānāsaññāyatanakusalaṁ,6,7.620537857561987e-06
6264,nevasaññānāsaññāyatanakiriyaṁ,6,7.620537857561987e-06
6265,asekkhānaṁ,6,7.620537857561987e-06
6266,sekkhāya,6,7.620537857561987e-06
6267,appamāṇānaṁ,6,7.620537857561987e-06
6268,parittārammaṇe,6,7.620537857561987e-06
6269,sammattaniyatañca,6,7.620537857561987e-06
6270,aniyate,6,7.620537857561987e-06
6271,aniyatānaṁ,6,7.620537857561987e-06
6272,vaṇṇasampadaṁ,6,7.620537857561987e-06
6273,vaṇṇasampadā,6,7.620537857561987e-06
6274,atītārammaṇe,6,7.620537857561987e-06
6275,anāgatārammaṇe,6,7.620537857561987e-06
6276,paccuppannārammaṇe,6,7.620537857561987e-06
6277,pañcāyatanāni,6,7.620537857561987e-06
6278,hetusabhāga,6,7.620537857561987e-06
6279,dvāvīsa,6,7.620537857561987e-06
6280,vigata,6,7.620537857561987e-06
6281,naāsevanaduka,6,7.620537857561987e-06
6282,ārammaṇaduka,6,7.620537857561987e-06
6283,namaggaduka,6,7.620537857561987e-06
6284,kāmesumicchācāro,6,7.620537857561987e-06
6285,kusalāni,6,7.620537857561987e-06
6286,akusalāni,6,7.620537857561987e-06
6287,saindriyaghaṭanā,6,7.620537857561987e-06
6288,āhārādhipati,6,7.620537857561987e-06
6289,anulomagaṇanā,6,7.620537857561987e-06
6290,sāhāra,6,7.620537857561987e-06
6291,catuvīsaka,6,7.620537857561987e-06
6292,paṭiccavāropi,6,7.620537857561987e-06
6293,anupādinnaanupādāniyānaṁ,6,7.620537857561987e-06
6294,anupādinnaanupādāniyāni,6,7.620537857561987e-06
6295,saṅkiliṭṭhasaṅkilesikānaṁ,6,7.620537857561987e-06
6296,savitakkasavicāramūlakā,6,7.620537857561987e-06
6297,phalañca,6,7.620537857561987e-06
6298,vārā,6,7.620537857561987e-06
6299,avitakkavicāramattāni,6,7.620537857561987e-06
6300,naatītaṁ,6,7.620537857561987e-06
6301,saññojanagocchakādi,6,7.620537857561987e-06
6302,naappaccayañca,6,7.620537857561987e-06
6303,ekūnavīsati,6,7.620537857561987e-06
6304,naanidassanaappaṭighassa,6,7.620537857561987e-06
6305,noogho,6,7.620537857561987e-06
6306,noyogo,6,7.620537857561987e-06
6307,nanocittasamuṭṭhāno,6,7.620537857561987e-06
6308,sahetukadukasadisaṁ,6,7.620537857561987e-06
6309,cittavisaṁsaṭṭhaṁ,6,7.620537857561987e-06
6310,garukārammaṇā,6,7.620537857561987e-06
6311,nocittasamuṭṭhāne,6,7.620537857561987e-06
6312,sahajātādhipatipi,6,7.620537857561987e-06
6313,anupādinnānaṁ,6,7.620537857561987e-06
6314,noupādānañca,6,7.620537857561987e-06
6315,upādānasampayuttakānaṁ,6,7.620537857561987e-06
6316,upādānadukasadisā,6,7.620537857561987e-06
6317,daṭṭhabbaṁ,6,7.620537857561987e-06
6318,upekkhāsahagatañca,6,7.620537857561987e-06
6319,nakāmāvacarādhipati,6,7.620537857561987e-06
6320,nakāmāvacarānaṁ,6,7.620537857561987e-06
6321,rūpāvacarādhipati,6,7.620537857561987e-06
6322,iha,6,7.620537857561987e-06
6323,sahetukānañceva,6,7.620537857561987e-06
6324,sanidassanañca,6,7.620537857561987e-06
6325,sanidassanānañca,6,7.620537857561987e-06
6326,sappaṭighe,6,7.620537857561987e-06
6327,appaṭighe,6,7.620537857561987e-06
6328,naviññeyyā,6,7.620537857561987e-06
6329,naviññeyyañca,6,7.620537857561987e-06
6330,noāsavānaṁ,6,7.620537857561987e-06
6331,nosaññojane,6,7.620537857561987e-06
6332,kāyaganthañca,6,7.620537857561987e-06
6333,ganthavippayutte,6,7.620537857561987e-06
6334,ārammaṇañca,6,7.620537857561987e-06
6335,parāmāsavippayutte,6,7.620537857561987e-06
6336,nanocittaṁ,6,7.620537857561987e-06
6337,naaniyatañca,6,7.620537857561987e-06
6338,nasauttarañca,6,7.620537857561987e-06
6339,nauppanno,6,7.620537857561987e-06
6340,sauttarassa,6,7.620537857561987e-06
6341,lokiyadukaabyākatasadisaṁ,6,7.620537857561987e-06
6342,sappaccayañca,6,7.620537857561987e-06
6343,asaṅkilesikassa,6,7.620537857561987e-06
6344,nasaññojaniyaṁ,6,7.620537857561987e-06
6345,naasaññojaniyañca,6,7.620537857561987e-06
6346,nasaññojanasampayutto,6,7.620537857561987e-06
6347,naganthaniyaṁ,6,7.620537857561987e-06
6348,naaganthaniyañca,6,7.620537857561987e-06
6349,naganthasampayutto,6,7.620537857561987e-06
6350,naganthavippayuttañceva,6,7.620537857561987e-06
6351,nakileso,6,7.620537857561987e-06
6352,saṭho,6,7.620537857561987e-06
6353,guttadvāro,6,7.620537857561987e-06
6354,mattaññū,6,7.620537857561987e-06
6355,vaḍḍhanti,6,7.620537857561987e-06
6356,samādhismiñca,6,7.620537857561987e-06
6357,appasādanīye,6,7.620537857561987e-06
6358,pasādanīye,6,7.620537857561987e-06
6359,tamo,6,7.620537857561987e-06
6360,tamaparāyano,6,7.620537857561987e-06
6361,jotiparāyano,6,7.620537857561987e-06
6362,joti,6,7.620537857561987e-06
6363,thale,6,7.620537857561987e-06
6364,anupapanno,6,7.620537857561987e-06
6365,bahussuto,6,7.620537857561987e-06
6366,akicchalābhī,6,7.620537857561987e-06
6367,akasiralābhī,6,7.620537857561987e-06
6368,yatthicchakaṁ,6,7.620537857561987e-06
6369,yadicchakaṁ,6,7.620537857561987e-06
6370,yāvaticchakaṁ,6,7.620537857561987e-06
6371,samāpajjatipi,6,7.620537857561987e-06
6372,vuṭṭhātipi,6,7.620537857561987e-06
6373,tathāgatappaveditā,6,7.620537857561987e-06
6374,vodiṭṭhā,6,7.620537857561987e-06
6375,vocaritā,6,7.620537857561987e-06
6376,appatissavatā,6,7.620537857561987e-06
6377,assati,6,7.620537857561987e-06
6378,sampajaññena,6,7.620537857561987e-06
6379,bhojanāni,6,7.620537857561987e-06
6380,bhesajjāni,6,7.620537857561987e-06
6381,patirūpaṁ,6,7.620537857561987e-06
6382,upaṭṭhākaṁ,6,7.620537857561987e-06
6383,tathāgataṁ,6,7.620537857561987e-06
6384,dassanāya,6,7.620537857561987e-06
6385,tathāgatappaveditaṁ,6,7.620537857561987e-06
6386,dhammavinayaṁ,6,7.620537857561987e-06
6387,savaṇāya,6,7.620537857561987e-06
6388,upāyāsabahulo,6,7.620537857561987e-06
6389,appampi,6,7.620537857561987e-06
6390,abhisajjati,6,7.620537857561987e-06
6391,kuppati,6,7.620537857561987e-06
6392,patitthīyati,6,7.620537857561987e-06
6393,yathārūpena,6,7.620537857561987e-06
6394,ārāmaṁ,6,7.620537857561987e-06
6395,gantā,6,7.620537857561987e-06
6396,abhikkhaṇaṁ,6,7.620537857561987e-06
6397,dhammassavaṇāya,6,7.620537857561987e-06
6398,āsane,6,7.620537857561987e-06
6399,kumbho,6,7.620537857561987e-06
6400,vuccamāno,6,7.620537857561987e-06
6401,anuddhato,6,7.620537857561987e-06
6402,purisapuggalo,6,7.620537857561987e-06
6403,adinnādāyī,6,7.620537857561987e-06
6404,samphappalāpā,6,7.620537857561987e-06
6405,bahulaṁ,6,7.620537857561987e-06
6406,parisā,6,7.620537857561987e-06
6407,āmo,6,7.620537857561987e-06
6408,pakkavaṇṇī,6,7.620537857561987e-06
6409,pakko,6,7.620537857561987e-06
6410,āmavaṇṇī,6,7.620537857561987e-06
6411,pāripūriṁ,6,7.620537857561987e-06
6412,haññantu,6,7.620537857561987e-06
6413,yaññatthāya,6,7.620537857561987e-06
6414,amutra,6,7.620537857561987e-06
6415,pakkamati,6,7.620537857561987e-06
6416,byāpādapadosā,6,7.620537857561987e-06
6417,thinamiddhā,6,7.620537857561987e-06
6418,uddhaccakukkuccā,6,7.620537857561987e-06
6419,akathaṅkathī,6,7.620537857561987e-06
6420,anekepi,6,7.620537857561987e-06
6421,otarituṁ,6,7.620537857561987e-06
6422,ussāraṇaṁ,6,7.620537857561987e-06
6423,sandhāretuṁ,6,7.620537857561987e-06
6424,sikkhādubbalyaṁ,6,7.620537857561987e-06
6425,āvikatvā,6,7.620537857561987e-06
6426,hīnāyāvattati,6,7.620537857561987e-06
6427,appicchataṁyeva,6,7.620537857561987e-06
6428,santuṭṭhiṁyeva,6,7.620537857561987e-06
6429,sallekhaṁyeva,6,7.620537857561987e-06
6430,idamatthitaṁyeva,6,7.620537857561987e-06
6431,ummujjati,6,7.620537857561987e-06
6432,sāhu,6,7.620537857561987e-06
6433,hetusahetuko,6,7.620537857561987e-06
6434,hetuahetuko,6,7.620537857561987e-06
6435,dussīlyaṁ,6,7.620537857561987e-06
6436,chambhitattaṁ,6,7.620537857561987e-06
6437,pharati,6,7.620537857561987e-06
6438,samatikkammā,6,7.620537857561987e-06
6439,vipulaṁ,6,7.620537857561987e-06
6440,supati,6,7.620537857561987e-06
6441,paṭibujjhati,6,7.620537857561987e-06
6442,supinaṁ,6,7.620537857561987e-06
6443,saccānulomikaṁ,6,7.620537857561987e-06
6444,uppādentassa,6,7.620537857561987e-06
6445,yogavihitesu,6,7.620537857561987e-06
6446,dukkhapaṭipadā,6,7.620537857561987e-06
6447,dandhābhiññā,6,7.620537857561987e-06
6448,khippābhiññā,6,7.620537857561987e-06
6449,sukhapaṭipadā,6,7.620537857561987e-06
6450,dandhaṁ,6,7.620537857561987e-06
6451,jarāmaraṇanti,6,7.620537857561987e-06
6452,upagaccheyya,6,7.620537857561987e-06
6453,hīnādhimuttike,6,7.620537857561987e-06
6454,paṇītādhimuttike,6,7.620537857561987e-06
6455,mado,6,7.620537857561987e-06
6456,pāpicchatā,6,7.620537857561987e-06
6457,līnattaṁ,6,7.620537857561987e-06
6458,vidhā,6,7.620537857561987e-06
6459,visamāni,6,7.620537857561987e-06
6460,kasāvā,6,7.620537857561987e-06
6461,kosajjaṁ,6,7.620537857561987e-06
6462,parihāniyā,6,7.620537857561987e-06
6463,gehasitāni,6,7.620537857561987e-06
6464,mānā,6,7.620537857561987e-06
6465,micchattā,6,7.620537857561987e-06
6466,āghātavatthūni,6,7.620537857561987e-06
6467,dasavatthukā,6,7.620537857561987e-06
6468,kāmavitakko,6,7.620537857561987e-06
6469,byāpādavitakko,6,7.620537857561987e-06
6470,vihiṁsāvitakko,6,7.620537857561987e-06
6471,byāpādadhātu,6,7.620537857561987e-06
6472,vihiṁsādhātu,6,7.620537857561987e-06
6473,evaṁvādī,6,7.620537857561987e-06
6474,evaṁdiṭṭhī,6,7.620537857561987e-06
6475,agāravo,6,7.620537857561987e-06
6476,appatisso,6,7.620537857561987e-06
6477,upavicarati,6,7.620537857561987e-06
6478,gehasitaṁ,6,7.620537857561987e-06
6479,upekkhāṭṭhāniyesu,6,7.620537857561987e-06
6480,passasi,6,7.620537857561987e-06
6481,passāmi,6,7.620537857561987e-06
6482,asasmīti,6,7.620537857561987e-06
6483,sātasmīti,6,7.620537857561987e-06
6484,anavakāriṁ,6,7.620537857561987e-06
6485,khattiyosmīti,6,7.620537857561987e-06
6486,brāhmaṇosmīti,6,7.620537857561987e-06
6487,nevasaññīnāsaññīsmīti,6,7.620537857561987e-06
6488,avakāriṁ,6,7.620537857561987e-06
6489,manodhātusamphasso,6,7.620537857561987e-06
6490,paṭhamakappikānaṁ,6,7.620537857561987e-06
6491,rattindivo,6,7.620537857561987e-06
6492,māso,6,7.620537857561987e-06
6493,māsena,6,7.620537857561987e-06
6494,dvādasamāsiyo,6,7.620537857561987e-06
6495,saṁvaccharo,6,7.620537857561987e-06
6496,saṁvaccharena,6,7.620537857561987e-06
6497,kappā,6,7.620537857561987e-06
6498,anārammaṇārammaṇaṁ,6,7.620537857561987e-06
6499,dvādasindriyā,6,7.620537857561987e-06
6500,dvindriyā,6,7.620537857561987e-06
6501,upādāyarūpaṁ,6,7.620537857561987e-06
6502,niyakā,6,7.620537857561987e-06
6503,yogavippayuttayoganiyo,6,7.620537857561987e-06
6504,yogavippayuttaayoganiyo,6,7.620537857561987e-06
6505,tiṁsatividhena,6,7.620537857561987e-06
6506,niruddhasamanantarā,6,7.620537857561987e-06
6507,manañca,6,7.620537857561987e-06
6508,ñātibyasanena,6,7.620537857561987e-06
6509,bhogabyasanena,6,7.620537857561987e-06
6510,rogabyasanena,6,7.620537857561987e-06
6511,sīlabyasanena,6,7.620537857561987e-06
6512,diṭṭhibyasanena,6,7.620537857561987e-06
6513,byasanena,6,7.620537857561987e-06
6514,dukkhadhammena,6,7.620537857561987e-06
6515,saṅgati,6,7.620537857561987e-06
6516,mahākusalacitta,6,7.620537857561987e-06
6517,anupassī,6,7.620537857561987e-06
6518,kāmacchandaṁ,6,7.620537857561987e-06
6519,anuppādo,6,7.620537857561987e-06
6520,satisambojjhaṅgassa,6,7.620537857561987e-06
6521,upekkhāsambojjhaṅgassa,6,7.620537857561987e-06
6522,chandasamādhipadhānasaṅkhārasamannāgataṁ,6,7.620537857561987e-06
6523,vīmaṁsāsamādhipadhānasaṅkhārasamannāgataṁ,6,7.620537857561987e-06
6524,kusalasamuṭṭhānaṁ,6,7.620537857561987e-06
6525,akusalasamuṭṭhānaṁ,6,7.620537857561987e-06
6526,nāmasamuṭṭhānaṁ,6,7.620537857561987e-06
6527,cakkhūti,6,7.620537857561987e-06
6528,ghānanti,6,7.620537857561987e-06
6529,manoti,6,7.620537857561987e-06
6530,pariññāvāro,6,7.620537857561987e-06
6531,diṭṭhisaññā,6,7.620537857561987e-06
6532,saṅkhārakkhandhaṁ,6,7.620537857561987e-06
6533,saññañca,6,7.620537857561987e-06
6534,vedanākkhandhañca,6,7.620537857561987e-06
6535,sotadhātūti,6,7.620537857561987e-06
6536,saṅkhārayamaka,6,7.620537857561987e-06
6537,dutiyajjhāne,6,7.620537857561987e-06
6538,tatiyajjhāne,6,7.620537857561987e-06
6539,catutthajjhāne,6,7.620537857561987e-06
6540,avitakkaavicāracittassa,6,7.620537857561987e-06
6541,aggamaggasamaṅgiṁ,6,7.620537857561987e-06
6542,cittayamaka,6,7.620537857561987e-06
6543,uppādanirodhakālasambhedavāra,6,7.620537857561987e-06
6544,uppāduppannavāra,6,7.620537857561987e-06
6545,nirodhuppannavāra,6,7.620537857561987e-06
6546,dhammayamaka,6,7.620537857561987e-06
6547,saññojanagocchaka,5,6.350448214634989e-06
6548,nīvaraṇagocchaka,5,6.350448214634989e-06
6549,nīvaraṇiyaduka,5,6.350448214634989e-06
6550,nīvaraṇasampayuttaduka,5,6.350448214634989e-06
6551,nīvaraṇanīvaraṇiyaduka,5,6.350448214634989e-06
6552,nīvaraṇanīvaraṇasampayuttaduka,5,6.350448214634989e-06
6553,nīvaraṇavippayuttanīvaraṇiyaduka,5,6.350448214634989e-06
6554,parāmāsaduka,5,6.350448214634989e-06
6555,parāmaṭṭhaduka,5,6.350448214634989e-06
6556,parāmāsaparāmaṭṭhaduka,5,6.350448214634989e-06
6557,parāmāsavippayuttaparāmaṭṭhaduka,5,6.350448214634989e-06
6558,mahantaradukaṁ,5,6.350448214634989e-06
6559,upādānasampayuttaduka,5,6.350448214634989e-06
6560,upādānaupādāniyaduka,5,6.350448214634989e-06
6561,upādānaupādānasampayuttaduka,5,6.350448214634989e-06
6562,upādānavippayuttaupādāniyaduka,5,6.350448214634989e-06
6563,adhivacanapathā,5,6.350448214634989e-06
6564,niruttipathā,5,6.350448214634989e-06
6565,anottappañca,5,6.350448214634989e-06
6566,kalyāṇamittatā,5,6.350448214634989e-06
6567,ākāsānañcāyatanasaññāsahagataṁ,5,6.350448214634989e-06
6568,viññāṇañcāyatanasaññāsahagataṁ,5,6.350448214634989e-06
6569,ākiñcaññāyatanasaññāsahagataṁ,5,6.350448214634989e-06
6570,passaddhi,5,6.350448214634989e-06
6571,passambhanā,5,6.350448214634989e-06
6572,ajimhatā,5,6.350448214634989e-06
6573,avaṅkatā,5,6.350448214634989e-06
6574,akuṭilatā,5,6.350448214634989e-06
6575,aṭṭhamaṁ,5,6.350448214634989e-06
6576,vāyokasiṇaṁ,5,6.350448214634989e-06
6577,nīlakasiṇaṁ,5,6.350448214634989e-06
6578,pītakasiṇaṁ,5,6.350448214634989e-06
6579,lohitakasiṇaṁ,5,6.350448214634989e-06
6580,odātakasiṇaṁ,5,6.350448214634989e-06
6581,rūparāgaarūparāgamānauddhaccaavijjāya,5,6.350448214634989e-06
6582,dvedhāpatho,5,6.350448214634989e-06
6583,tajjācakkhuviññāṇadhātu,5,6.350448214634989e-06
6584,oghaniyaṁ,5,6.350448214634989e-06
6585,yoganiyaṁ,5,6.350448214634989e-06
6586,ekakaṁ,5,6.350448214634989e-06
6587,ekādasavidhena,5,6.350448214634989e-06
6588,cakkhumpetaṁ,5,6.350448214634989e-06
6589,cakkhāyatanampetaṁ,5,6.350448214634989e-06
6590,cakkhudhātupesā,5,6.350448214634989e-06
6591,nettampetaṁ,5,6.350448214634989e-06
6592,sotāyatanampetaṁ,5,6.350448214634989e-06
6593,sotadhātupesā,5,6.350448214634989e-06
6594,sotindriyampetaṁ,5,6.350448214634989e-06
6595,ghānāyatanampetaṁ,5,6.350448214634989e-06
6596,ghānadhātupesā,5,6.350448214634989e-06
6597,ghānindriyampetaṁ,5,6.350448214634989e-06
6598,jivhāpesā,5,6.350448214634989e-06
6599,jivhādhātupesā,5,6.350448214634989e-06
6600,jivhindriyampetaṁ,5,6.350448214634989e-06
6601,kāyopeso,5,6.350448214634989e-06
6602,kāyāyatanampetaṁ,5,6.350448214634989e-06
6603,kāyadhātupesā,5,6.350448214634989e-06
6604,kāyindriyampetaṁ,5,6.350448214634989e-06
6605,kāḷakaṁ,5,6.350448214634989e-06
6606,mañjiṭṭhakaṁ,5,6.350448214634989e-06
6607,hari,5,6.350448214634989e-06
6608,harivaṇṇaṁ,5,6.350448214634989e-06
6609,ambaṅkuravaṇṇaṁ,5,6.350448214634989e-06
6610,dīghaṁ,5,6.350448214634989e-06
6611,rassaṁ,5,6.350448214634989e-06
6612,aṇuṁ,5,6.350448214634989e-06
6613,thūlaṁ,5,6.350448214634989e-06
6614,vaṭṭaṁ,5,6.350448214634989e-06
6615,parimaṇḍalaṁ,5,6.350448214634989e-06
6616,chaḷaṁsaṁ,5,6.350448214634989e-06
6617,aṭṭhaṁsaṁ,5,6.350448214634989e-06
6618,soḷasaṁsaṁ,5,6.350448214634989e-06
6619,ninnaṁ,5,6.350448214634989e-06
6620,thalaṁ,5,6.350448214634989e-06
6621,ātapo,5,6.350448214634989e-06
6622,andhakāro,5,6.350448214634989e-06
6623,abbhā,5,6.350448214634989e-06
6624,mahikā,5,6.350448214634989e-06
6625,dhūmo,5,6.350448214634989e-06
6626,rajo,5,6.350448214634989e-06
6627,candamaṇḍalassa,5,6.350448214634989e-06
6628,sūriyamaṇḍalassa,5,6.350448214634989e-06
6629,tārakarūpānaṁ,5,6.350448214634989e-06
6630,ādāsamaṇḍalassa,5,6.350448214634989e-06
6631,jātarūparajatassa,5,6.350448214634989e-06
6632,rūpāyatanampetaṁ,5,6.350448214634989e-06
6633,bherisaddo,5,6.350448214634989e-06
6634,mudiṅgasaddo,5,6.350448214634989e-06
6635,saṅkhasaddo,5,6.350448214634989e-06
6636,paṇavasaddo,5,6.350448214634989e-06
6637,gītasaddo,5,6.350448214634989e-06
6638,vāditasaddo,5,6.350448214634989e-06
6639,sammasaddo,5,6.350448214634989e-06
6640,pāṇisaddo,5,6.350448214634989e-06
6641,nigghosasaddo,5,6.350448214634989e-06
6642,sannighātasaddo,5,6.350448214634989e-06
6643,vātasaddo,5,6.350448214634989e-06
6644,udakasaddo,5,6.350448214634989e-06
6645,manussasaddo,5,6.350448214634989e-06
6646,amanussasaddo,5,6.350448214634989e-06
6647,saddopeso,5,6.350448214634989e-06
6648,saddāyatanampetaṁ,5,6.350448214634989e-06
6649,gandhopeso,5,6.350448214634989e-06
6650,gandhāyatanampetaṁ,5,6.350448214634989e-06
6651,loṇikaṁ,5,6.350448214634989e-06
6652,khārikaṁ,5,6.350448214634989e-06
6653,lambilaṁ,5,6.350448214634989e-06
6654,asādu,5,6.350448214634989e-06
6655,rasopeso,5,6.350448214634989e-06
6656,rasāyatanampetaṁ,5,6.350448214634989e-06
6657,ghoso,5,6.350448214634989e-06
6658,mahābhūtehi,5,6.350448214634989e-06
6659,khaṇḍiccaṁ,5,6.350448214634989e-06
6660,pāliccaṁ,5,6.350448214634989e-06
6661,valittacatā,5,6.350448214634989e-06
6662,paripāko,5,6.350448214634989e-06
6663,telaṁ,5,6.350448214634989e-06
6664,janapade,5,6.350448214634989e-06
6665,yāpenti,5,6.350448214634989e-06
6666,lahukaṁ,5,6.350448214634989e-06
6667,phoṭṭhabbopeso,5,6.350448214634989e-06
6668,kakkhaḷattaṁ,5,6.350448214634989e-06
6669,kakkhaḷabhāvo,5,6.350448214634989e-06
6670,tejogataṁ,5,6.350448214634989e-06
6671,usmā,5,6.350448214634989e-06
6672,usmāgataṁ,5,6.350448214634989e-06
6673,usumaṁ,5,6.350448214634989e-06
6674,usumagataṁ,5,6.350448214634989e-06
6675,vāyogataṁ,5,6.350448214634989e-06
6676,aṭṭhamo,5,6.350448214634989e-06
6677,ānantarikāni,5,6.350448214634989e-06
6678,samuppannā,5,6.350448214634989e-06
6679,uṭṭhitā,5,6.350448214634989e-06
6680,abhūtā,5,6.350448214634989e-06
6681,asañjātā,5,6.350448214634989e-06
6682,anibbattā,5,6.350448214634989e-06
6683,anabhinibbattā,5,6.350448214634989e-06
6684,apātubhūtā,5,6.350448214634989e-06
6685,asamuppannā,5,6.350448214634989e-06
6686,asamuṭṭhitā,5,6.350448214634989e-06
6687,anunayo,5,6.350448214634989e-06
6688,anurodho,5,6.350448214634989e-06
6689,saritā,5,6.350448214634989e-06
6690,bhavanetti,5,6.350448214634989e-06
6691,loluppaṁ,5,6.350448214634989e-06
6692,loluppāyanā,5,6.350448214634989e-06
6693,loluppāyitattaṁ,5,6.350448214634989e-06
6694,pucchañjikatā,5,6.350448214634989e-06
6695,sādhukamyatā,5,6.350448214634989e-06
6696,acarīti,5,6.350448214634989e-06
6697,caratīti,5,6.350448214634989e-06
6698,maccheraṁ,5,6.350448214634989e-06
6699,maccharāyanā,5,6.350448214634989e-06
6700,maccharāyitattaṁ,5,6.350448214634989e-06
6701,kadariyaṁ,5,6.350448214634989e-06
6702,kaṭukañcukatā,5,6.350448214634989e-06
6703,aggahitattaṁ,5,6.350448214634989e-06
6704,uddhaccakukkuccanīvaraṇaṁ,5,6.350448214634989e-06
6705,olīyanā,5,6.350448214634989e-06
6706,sallīyanā,5,6.350448214634989e-06
6707,līnaṁ,5,6.350448214634989e-06
6708,līyanā,5,6.350448214634989e-06
6709,līyitattaṁ,5,6.350448214634989e-06
6710,thiyanā,5,6.350448214634989e-06
6711,thiyitattaṁ,5,6.350448214634989e-06
6712,kukkuccanīvaraṇaṁ,5,6.350448214634989e-06
6713,diṭṭhiparāmāso,5,6.350448214634989e-06
6714,mānena,5,6.350448214634989e-06
6715,thinena,5,6.350448214634989e-06
6716,vacīduccaritaṁ,5,6.350448214634989e-06
6717,manoduccaritaṁ,5,6.350448214634989e-06
6718,dovacassāyaṁ,5,6.350448214634989e-06
6719,dovacassiyaṁ,5,6.350448214634989e-06
6720,anādaratā,5,6.350448214634989e-06
6721,appassutā,5,6.350448214634989e-06
6722,maccharino,5,6.350448214634989e-06
6723,taṁsampavaṅkatā,5,6.350448214634989e-06
6724,paññavanto,5,6.350448214634989e-06
6725,sabbopi,5,6.350448214634989e-06
6726,sīlasaṁvaro,5,6.350448214634989e-06
6727,āsevanā,5,6.350448214634989e-06
6728,kammassakatañāṇaṁ,5,6.350448214634989e-06
6729,jātibhayaṁ,5,6.350448214634989e-06
6730,jarābhayaṁ,5,6.350448214634989e-06
6731,asantuṭṭhassa,5,6.350448214634989e-06
6732,bhiyyokamyatā,5,6.350448214634989e-06
6733,lokuttaratikacatukkajjhānā,5,6.350448214634989e-06
6734,uddhaccañca,5,6.350448214634989e-06
6735,sampayogo,5,6.350448214634989e-06
6736,vippayogo,5,6.350448214634989e-06
6737,vippayuttena,5,6.350448214634989e-06
6738,asaññābhavena,5,6.350448214634989e-06
6739,ekavokārabhavena,5,6.350448214634989e-06
6740,kusalehi,5,6.350448214634989e-06
6741,upādādhammehi,5,6.350448214634989e-06
6742,kāmāvacarehi,5,6.350448214634989e-06
6743,rūpāvacarehi,5,6.350448214634989e-06
6744,arūpāvacarehi,5,6.350448214634989e-06
6745,saraṇehi,5,6.350448214634989e-06
6746,paññāsa,5,6.350448214634989e-06
6747,labbhanti,5,6.350448214634989e-06
6748,jivhindriyañca,5,6.350448214634989e-06
6749,vīriyindriyañca,5,6.350448214634989e-06
6750,satindriyañca,5,6.350448214634989e-06
6751,samādhindriyañca,5,6.350448214634989e-06
6752,sattahāyatanehi,5,6.350448214634989e-06
6753,pañcahāyatanehi,5,6.350448214634989e-06
6754,kāmabhavo,5,6.350448214634989e-06
6755,navahi,5,6.350448214634989e-06
6756,saṅkhārena,5,6.350448214634989e-06
6757,chaṭṭho,5,6.350448214634989e-06
6758,āyatanañca,5,6.350448214634989e-06
6759,sattamo,5,6.350448214634989e-06
6760,kintatthi,5,6.350448214634989e-06
6761,kinti,5,6.350448214634989e-06
6762,paṭiññāya,5,6.350448214634989e-06
6763,vijjamāno,5,6.350448214634989e-06
6764,nerayiko,5,6.350448214634989e-06
6765,puggalopi,5,6.350448214634989e-06
6766,iṭṭhaphalā,5,6.350448214634989e-06
6767,iṭṭhaphalo,5,6.350448214634989e-06
6768,kantaphalo,5,6.350448214634989e-06
6769,manuññaphalo,5,6.350448214634989e-06
6770,asecanakaphalo,5,6.350448214634989e-06
6771,sukhudrayo,5,6.350448214634989e-06
6772,sukhavipākoti,5,6.350448214634989e-06
6773,cakkhumā,5,6.350448214634989e-06
6774,manaṁ,5,6.350448214634989e-06
6775,nigaḷo,5,6.350448214634989e-06
6776,negaḷiko,5,6.350448214634989e-06
6777,kumārakoti,5,6.350448214634989e-06
6778,manussoti,5,6.350448214634989e-06
6779,cakkhusmiṁ,5,6.350448214634989e-06
6780,sukhadukkhanti,5,6.350448214634989e-06
6781,anussarati,5,6.350448214634989e-06
6782,parinibbute,5,6.350448214634989e-06
6783,tīṇimāni,5,6.350448214634989e-06
6784,bhavaṁ,5,6.350448214634989e-06
6785,manosamphasso,5,6.350448214634989e-06
6786,anuppādadhammoti,5,6.350448214634989e-06
6787,anuppādadhammo,5,6.350448214634989e-06
6788,anuppādadhammaṁ,5,6.350448214634989e-06
6789,vātena,5,6.350448214634989e-06
6790,saṁvattantī,5,6.350448214634989e-06
6791,attamanā,5,6.350448214634989e-06
6792,abhabbā,5,6.350448214634989e-06
6793,paccantimesu,5,6.350448214634989e-06
6794,milakkhesu,5,6.350448214634989e-06
6795,aviññātāresu,5,6.350448214634989e-06
6796,upāsikānaṁ,5,6.350448214634989e-06
6797,manussā,5,6.350448214634989e-06
6798,bhāvitabhāvano,5,6.350448214634989e-06
6799,aveccappasādena,5,6.350448214634989e-06
6800,anāgāmiphalappatto,5,6.350448214634989e-06
6801,arahattappatto,5,6.350448214634989e-06
6802,sahāvassa,5,6.350448214634989e-06
6803,dassanasampadāya,5,6.350448214634989e-06
6804,chaccābhiṭhānāni,5,6.350448214634989e-06
6805,abhabba,5,6.350448214634989e-06
6806,kātun,5,6.350448214634989e-06
6807,virajaṁ,5,6.350448214634989e-06
6808,vītamalaṁ,5,6.350448214634989e-06
6809,dhammacakkhuṁ,5,6.350448214634989e-06
6810,samudayadhammaṁ,5,6.350448214634989e-06
6811,nirodhadhamman,5,6.350448214634989e-06
6812,dassanuppādā,5,6.350448214634989e-06
6813,kāmarāgabyāpādanti,5,6.350448214634989e-06
6814,vikkhambhetīti,5,6.350448214634989e-06
6815,dhammābhisamayā,5,6.350448214634989e-06
6816,arahatte,5,6.350448214634989e-06
6817,sotāpattimaggenāti,5,6.350448214634989e-06
6818,samādhissa,5,6.350448214634989e-06
6819,vatthaṁ,5,6.350448214634989e-06
6820,sāyatīti,5,6.350448214634989e-06
6821,sādhāraṇoti,5,6.350448214634989e-06
6822,viññūhi,5,6.350448214634989e-06
6823,pātubhūtaṁ,5,6.350448214634989e-06
6824,avakkanti,5,6.350448214634989e-06
6825,vadāmī,5,6.350448214634989e-06
6826,pātubhāvā,5,6.350448214634989e-06
6827,sīlan,5,6.350448214634989e-06
6828,aviññatti,5,6.350448214634989e-06
6829,pāpakammaṁ,5,6.350448214634989e-06
6830,pañcakkhandhe,5,6.350448214634989e-06
6831,purejātavatthukā,5,6.350448214634989e-06
6832,ajjhattikavatthukā,5,6.350448214634989e-06
6833,asambhinnavatthukā,5,6.350448214634989e-06
6834,nānāvatthukā,5,6.350448214634989e-06
6835,asamannāhārā,5,6.350448214634989e-06
6836,abbokiṇṇā,5,6.350448214634989e-06
6837,sammāsaṅkappena,5,6.350448214634989e-06
6838,sammāājīvena,5,6.350448214634989e-06
6839,acetasikoti,5,6.350448214634989e-06
6840,cetasikoti,5,6.350448214634989e-06
6841,ahetukanti,5,6.350448214634989e-06
6842,cittavippayuttāti,5,6.350448214634989e-06
6843,cittasampayuttanti,5,6.350448214634989e-06
6844,saṅkhārakkhandhapariyāpannoti,5,6.350448214634989e-06
6845,saṅkhārakkhandhapariyāpannanti,5,6.350448214634989e-06
6846,samāpannoti,5,6.350448214634989e-06
6847,sotaviññāṇasamaṅgī,5,6.350448214634989e-06
6848,tāyeva,5,6.350448214634989e-06
6849,kamman,5,6.350448214634989e-06
6850,rajjeyyāti,5,6.350448214634989e-06
6851,paṭiggaṇheyyāti,5,6.350448214634989e-06
6852,chandiddhipādo,5,6.350448214634989e-06
6853,vīriyiddhipādo,5,6.350448214634989e-06
6854,paṭilabheyyāti,5,6.350448214634989e-06
6855,paṭivinodetvā,5,6.350448214634989e-06
6856,niyāmakathā,5,6.350448214634989e-06
6857,khayañāṇāya,5,6.350448214634989e-06
6858,kāmāsavāpi,5,6.350448214634989e-06
6859,avijjāsavāpi,5,6.350448214634989e-06
6860,vitakketi,5,6.350448214634989e-06
6861,kāmasaññā,5,6.350448214634989e-06
6862,byāpādasaññā,5,6.350448214634989e-06
6863,vihiṁsāsaññā,5,6.350448214634989e-06
6864,mātukucchismiṁ,5,6.350448214634989e-06
6865,mātukucchigatassa,5,6.350448214634989e-06
6866,uppajjatī,5,6.350448214634989e-06
6867,asaṅkilesiyanti,5,6.350448214634989e-06
6868,saṅkilesiyanti,5,6.350448214634989e-06
6869,kāmadhātupariyāpanno,5,6.350448214634989e-06
6870,anāgāmimaggo,5,6.350448214634989e-06
6871,samānaṁ,5,6.350448214634989e-06
6872,upapatti,5,6.350448214634989e-06
6873,parinipphannoti,5,6.350448214634989e-06
6874,anāsavāti,5,6.350448214634989e-06
6875,lokuttaranti,5,6.350448214634989e-06
6876,kālaṅkiriyā,5,6.350448214634989e-06
6877,aññassa,5,6.350448214634989e-06
6878,mahapphalanti,5,6.350448214634989e-06
6879,puññūpacayo,5,6.350448214634989e-06
6880,puññūpacayoti,5,6.350448214634989e-06
6881,samādhisampanno,5,6.350448214634989e-06
6882,ṭhitā,5,6.350448214634989e-06
6883,ete,5,6.350448214634989e-06
6884,ekamidāhaṁ,5,6.350448214634989e-06
6885,viharāmi,5,6.350448214634989e-06
6886,desito,5,6.350448214634989e-06
6887,sabbadassāvī,5,6.350448214634989e-06
6888,dhammassāmī,5,6.350448214634989e-06
6889,dhammappaṭisaraṇoti,5,6.350448214634989e-06
6890,upekkhāti,5,6.350448214634989e-06
6891,ariyamaggena,5,6.350448214634989e-06
6892,adiṭṭhaṁ,5,6.350448214634989e-06
6893,asacchikataṁ,5,6.350448214634989e-06
6894,kāme,5,6.350448214634989e-06
6895,jhānānaṁ,5,6.350448214634989e-06
6896,niruddhanti,5,6.350448214634989e-06
6897,sāmaññaphalaṁ,5,6.350448214634989e-06
6898,accantaniyāmatāti,5,6.350448214634989e-06
6899,accantaniyāmatā,5,6.350448214634989e-06
6900,pañcindriyānīti,5,6.350448214634989e-06
6901,sote,5,6.350448214634989e-06
6902,nirodhasaccānīti,5,6.350448214634989e-06
6903,leṇāni,5,6.350448214634989e-06
6904,asanti,5,6.350448214634989e-06
6905,pivanti,5,6.350448214634989e-06
6906,khādanti,5,6.350448214634989e-06
6907,sāyanti,5,6.350448214634989e-06
6908,āsayoti,5,6.350448214634989e-06
6909,sādiyeyyāti,5,6.350448214634989e-06
6910,aññāṇapakato,5,6.350448214634989e-06
6911,pajahanti,5,6.350448214634989e-06
6912,divase,5,6.350448214634989e-06
6913,vassasataṁ,5,6.350448214634989e-06
6914,saṭṭhi,5,6.350448214634989e-06
6915,bahumpi,5,6.350448214634989e-06
6916,samiñjeti,5,6.350448214634989e-06
6917,yāvatāyukaṁ,5,6.350448214634989e-06
6918,tāvatiṁsānaṁ,5,6.350448214634989e-06
6919,yāmānaṁ,5,6.350448214634989e-06
6920,tusitānaṁ,5,6.350448214634989e-06
6921,nimmānaratīnaṁ,5,6.350448214634989e-06
6922,paranimmitavasavattīnaṁ,5,6.350448214634989e-06
6923,akaniṭṭhānaṁ,5,6.350448214634989e-06
6924,ñāṇehi,5,6.350448214634989e-06
6925,bhaṇitvā,5,6.350448214634989e-06
6926,tattaṁ,5,6.350448214634989e-06
6927,ayokhīlaṁ,5,6.350448214634989e-06
6928,gamenti,5,6.350448214634989e-06
6929,gahetvā,5,6.350448214634989e-06
6930,kātunti,5,6.350448214634989e-06
6931,rukkhā,5,6.350448214634989e-06
6932,niyatāti,5,6.350448214634989e-06
6933,kammā,5,6.350448214634989e-06
6934,parato,5,6.350448214634989e-06
6935,ekacittakkhaṇikā,5,6.350448214634989e-06
6936,sahajātanti,5,6.350448214634989e-06
6937,tevīsatimavagga,5,6.350448214634989e-06
6938,ekādhippāyena,5,6.350448214634989e-06
6939,saṁvaroti,5,6.350448214634989e-06
6940,saññattabhāvapaṭilābhoti,5,6.350448214634989e-06
6941,saññākaraṇīyaṁ,5,6.350448214634989e-06
6942,santi,5,6.350448214634989e-06
6943,akkhātā,5,6.350448214634989e-06
6944,suññatārammaṇaṁ,5,6.350448214634989e-06
6945,vimuccamānanti,5,6.350448214634989e-06
6946,avimuttanti,5,6.350448214634989e-06
6947,muṭṭhassati,5,6.350448214634989e-06
6948,yadi,5,6.350448214634989e-06
6949,ajjhāvasati,5,6.350448214634989e-06
6950,arahaṁ,5,6.350448214634989e-06
6951,caritabrahmacariyoti,5,6.350448214634989e-06
6952,jātiṁ,5,6.350448214634989e-06
6953,anicce,5,6.350448214634989e-06
6954,anattani,5,6.350448214634989e-06
6955,asubhe,5,6.350448214634989e-06
6956,vipariyeso,5,6.350448214634989e-06
6957,samāpajjatīti,5,6.350448214634989e-06
6958,saccārammaṇaññeva,5,6.350448214634989e-06
6959,parāyanaṁ,5,6.350448214634989e-06
6960,saṅkhatāti,5,6.350448214634989e-06
6961,paṭṭhapeti,5,6.350448214634989e-06
6962,phassoti,5,6.350448214634989e-06
6963,sahagatā,5,6.350448214634989e-06
6964,ekanirodhā,5,6.350448214634989e-06
6965,ekavatthukā,5,6.350448214634989e-06
6966,deyyadhammo,5,6.350448214634989e-06
6967,sukhavedaniyā,5,6.350448214634989e-06
6968,dukkhavedaniyā,5,6.350448214634989e-06
6969,arūpajīvitindriyanti,5,6.350448214634989e-06
6970,arūpesu,5,6.350448214634989e-06
6971,saṅkapparāgo,5,6.350448214634989e-06
6972,rūpadhātūti,5,6.350448214634989e-06
6973,arūpadhātūti,5,6.350448214634989e-06
6974,jivhāyatananti,5,6.350448214634989e-06
6975,rasāyatananti,5,6.350448214634989e-06
6976,kāyāyatananti,5,6.350448214634989e-06
6977,sukhadukkhan,5,6.350448214634989e-06
6978,puṭṭho,5,6.350448214634989e-06
6979,amatārammaṇaṁ,5,6.350448214634989e-06
6980,nibbāne,5,6.350448214634989e-06
6981,rajaniyaṁ,5,6.350448214634989e-06
6982,kamaniyaṁ,5,6.350448214634989e-06
6983,madaniyaṁ,5,6.350448214634989e-06
6984,bandhaniyaṁ,5,6.350448214634989e-06
6985,anārammaṇāti,5,6.350448214634989e-06
6986,saddoti,5,6.350448214634989e-06
6987,navippayuttādi,5,6.350448214634989e-06
6988,dassanattikasadisaṁ,5,6.350448214634989e-06
6989,aññamaññasadisaṁ,5,6.350448214634989e-06
6990,pāḷiyaṁ,5,6.350448214634989e-06
6991,viññāṇañcāyatanavipākassa,5,6.350448214634989e-06
6992,nevācayagāmināpacayagāmīnaṁ,5,6.350448214634989e-06
6993,cattāripi,5,6.350448214634989e-06
6994,nevasekkhanāsekkhe,5,6.350448214634989e-06
6995,paṭibhānappaṭisambhidāya,5,6.350448214634989e-06
6996,najhānādi,5,6.350448214634989e-06
6997,anantarapaccayasadisaṁ,5,6.350448214634989e-06
6998,parittārammaṇānaṁ,5,6.350448214634989e-06
6999,appamāṇārammaṇāya,5,6.350448214634989e-06
7000,hīnañca,5,6.350448214634989e-06
7001,sammattaniyate,5,6.350448214634989e-06
7002,micchattaniyatānaṁ,5,6.350448214634989e-06
7003,anuppanne,5,6.350448214634989e-06
7004,paccuppannānaṁ,5,6.350448214634989e-06
7005,cittasampayuttakānaṁ,5,6.350448214634989e-06
7006,okkantikkhaṇe,5,6.350448214634989e-06
7007,dumūlakaṁ,5,6.350448214634989e-06
7008,atītārammaṇānaṁ,5,6.350448214634989e-06
7009,anāgatārammaṇānaṁ,5,6.350448214634989e-06
7010,paccuppannārammaṇānaṁ,5,6.350448214634989e-06
7011,taṁyeva,5,6.350448214634989e-06
7012,anulomapadāni,5,6.350448214634989e-06
7013,ajjhattārammaṇe,5,6.350448214634989e-06
7014,bahiddhārammaṇe,5,6.350448214634989e-06
7015,ante,5,6.350448214634989e-06
7016,kāyaviññāṇañca,5,6.350448214634989e-06
7017,sahajātapaccayasadisā,5,6.350448214634989e-06
7018,hetusāmaññaghaṭanā,5,6.350448214634989e-06
7019,kammaduka,5,6.350448214634989e-06
7020,novigata,5,6.350448214634989e-06
7021,adhipatiduka,5,6.350448214634989e-06
7022,cuddasaka,5,6.350448214634989e-06
7023,kiriyābyākato,5,6.350448214634989e-06
7024,samphappalāpo,5,6.350448214634989e-06
7025,sahetu,5,6.350448214634989e-06
7026,vitthāritā,5,6.350448214634989e-06
7027,saṅkiliṭṭhasaṅkilesike,5,6.350448214634989e-06
7028,asaṅkiliṭṭhasaṅkilesikānaṁ,5,6.350448214634989e-06
7029,asaṅkiliṭṭhaasaṅkilesikānaṁ,5,6.350448214634989e-06
7030,paccanīye,5,6.350448214634989e-06
7031,catuttiṁsa,5,6.350448214634989e-06
7032,sukhasahagate,5,6.350448214634989e-06
7033,pahātabbacittasamaṅgissa,5,6.350448214634989e-06
7034,naanāgataṁ,5,6.350448214634989e-06
7035,paccayavārepi,5,6.350448214634989e-06
7036,saṁsaṭṭhavārepi,5,6.350448214634989e-06
7037,nabahiddhārammaṇañca,5,6.350448214634989e-06
7038,naupādānaṁ,5,6.350448214634989e-06
7039,mahantaradukādi,5,6.350448214634989e-06
7040,nahīno,5,6.350448214634989e-06
7041,naanuppannassa,5,6.350448214634989e-06
7042,naupādinnupādāniyassa,5,6.350448214634989e-06
7043,pañhāvāre,5,6.350448214634989e-06
7044,nacittasahabhū,5,6.350448214634989e-06
7045,nabāhiro,5,6.350448214634989e-06
7046,napariyāpanno,5,6.350448214634989e-06
7047,pariyāpannañca,5,6.350448214634989e-06
7048,sauttarañca,5,6.350448214634989e-06
7049,namahaggatārammaṇo,5,6.350448214634989e-06
7050,namajjhimo,5,6.350448214634989e-06
7051,nauppādissa,5,6.350448214634989e-06
7052,hetusahetukadukādi,5,6.350448214634989e-06
7053,upāyena,5,6.350448214634989e-06
7054,ajjhattattikadvaya,5,6.350448214634989e-06
7055,sārammaṇānaṁ,5,6.350448214634989e-06
7056,nocittānaṁ,5,6.350448214634989e-06
7057,cakkhuviññāṇasahagate,5,6.350448214634989e-06
7058,kāyaviññāṇasahagate,5,6.350448214634989e-06
7059,pacchājāto,5,6.350448214634989e-06
7060,cittasamuṭṭhānadukasadisaṁ,5,6.350448214634989e-06
7061,cittasahabhūnañca,5,6.350448214634989e-06
7062,nocittasahabhūnañca,5,6.350448214634989e-06
7063,imampi,5,6.350448214634989e-06
7064,ekāyeva,5,6.350448214634989e-06
7065,cittasahabhūdukasadisā,5,6.350448214634989e-06
7066,cittasaṁsaṭṭhasamuṭṭhānānaṁ,5,6.350448214634989e-06
7067,upādinnānaṁ,5,6.350448214634989e-06
7068,noupādānānaṁ,5,6.350448214634989e-06
7069,kāmupādānassa,5,6.350448214634989e-06
7070,arūpaṁyeva,5,6.350448214634989e-06
7071,nokilesānaṁ,5,6.350448214634989e-06
7072,naupekkhāsahagatāya,5,6.350448214634989e-06
7073,narūpāvacare,5,6.350448214634989e-06
7074,arūpāvacarādhipati,5,6.350448214634989e-06
7075,nahetuahetukānaṁ,5,6.350448214634989e-06
7076,anidassane,5,6.350448214634989e-06
7077,lokiyānaṁ,5,6.350448214634989e-06
7078,viññeyyassa,5,6.350448214634989e-06
7079,saññojanavippayutte,5,6.350448214634989e-06
7080,majjhe,5,6.350448214634989e-06
7081,vicikicchānīvaraṇañca,5,6.350448214634989e-06
7082,uddhaccanīvaraṇañca,5,6.350448214634989e-06
7083,thinamiddhanīvaraṇassa,5,6.350448214634989e-06
7084,uddhaccanīvaraṇassa,5,6.350448214634989e-06
7085,avijjānīvaraṇassa,5,6.350448214634989e-06
7086,nīvaraṇavippayuttañca,5,6.350448214634989e-06
7087,nīvaraṇasampayuttakānaṁ,5,6.350448214634989e-06
7088,nīvaraṇiyañca,5,6.350448214634989e-06
7089,parāmāse,5,6.350448214634989e-06
7090,noparāmāsānaṁ,5,6.350448214634989e-06
7091,parāmāsasampayuttañca,5,6.350448214634989e-06
7092,parāmāsavippayuttañca,5,6.350448214634989e-06
7093,parāmāsasampayuttakānaṁ,5,6.350448214634989e-06
7094,parāmaṭṭhañca,5,6.350448214634989e-06
7095,nacittavippayuttaṁ,5,6.350448214634989e-06
7096,nasappaccayo,5,6.350448214634989e-06
7097,naacetasikaṁ,5,6.350448214634989e-06
7098,chasu,5,6.350448214634989e-06
7099,lokiyadukakusalasadisaṁ,5,6.350448214634989e-06
7100,nadassane,5,6.350448214634989e-06
7101,atītampi,5,6.350448214634989e-06
7102,anāgatampi,5,6.350448214634989e-06
7103,saññojaniyassa,5,6.350448214634989e-06
7104,naaparāmaṭṭhañca,5,6.350448214634989e-06
7105,naasaṅkilesikañca,5,6.350448214634989e-06
7106,naasaṅkiliṭṭho,5,6.350448214634989e-06
7107,niṭṭhā,5,6.350448214634989e-06
7108,yāvatā,5,6.350448214634989e-06
7109,pāpamitto,5,6.350448214634989e-06
7110,phalasamaṅgino,5,6.350448214634989e-06
7111,ariyapuggalā,5,6.350448214634989e-06
7112,adhimattaṁ,5,6.350448214634989e-06
7113,avinipātadhammo,5,6.350448214634989e-06
7114,sambodhiparāyano,5,6.350448214634989e-06
7115,kulāni,5,6.350448214634989e-06
7116,upariṭṭhimānaṁ,5,6.350448214634989e-06
7117,sīlasampadāya,5,6.350448214634989e-06
7118,sevati,5,6.350448214634989e-06
7119,ādiṁ,5,6.350448214634989e-06
7120,majjhaṁ,5,6.350448214634989e-06
7121,pariyosānaṁ,5,6.350448214634989e-06
7122,appaggho,5,6.350448214634989e-06
7123,mūsikā,5,6.350448214634989e-06
7124,paccājāto,5,6.350448214634989e-06
7125,paramāya,5,6.350448214634989e-06
7126,anekavihitaṁ,5,6.350448214634989e-06
7127,ekissā,5,6.350448214634989e-06
7128,saṅghāṭipattacīvaradhāraṇe,5,6.350448214634989e-06
7129,asite,5,6.350448214634989e-06
7130,pīte,5,6.350448214634989e-06
7131,khāyite,5,6.350448214634989e-06
7132,sāyite,5,6.350448214634989e-06
7133,uccārapassāvakamme,5,6.350448214634989e-06
7134,gate,5,6.350448214634989e-06
7135,nisinne,5,6.350448214634989e-06
7136,sutte,5,6.350448214634989e-06
7137,jāgarite,5,6.350448214634989e-06
7138,bhāsite,5,6.350448214634989e-06
7139,tuṇhībhāve,5,6.350448214634989e-06
7140,pallaṅkaṁ,5,6.350448214634989e-06
7141,ābhujitvā,5,6.350448214634989e-06
7142,parimukhaṁ,5,6.350448214634989e-06
7143,upaṭṭhapetvā,5,6.350448214634989e-06
7144,abhijjhaṁ,5,6.350448214634989e-06
7145,vigatābhijjhena,5,6.350448214634989e-06
7146,byāpādapadosaṁ,5,6.350448214634989e-06
7147,vigatathinamiddho,5,6.350448214634989e-06
7148,ālokasaññī,5,6.350448214634989e-06
7149,vūpasantacitto,5,6.350448214634989e-06
7150,tiṇṇavicikiccho,5,6.350448214634989e-06
7151,dubbalīkaraṇe,5,6.350448214634989e-06
7152,amunā,5,6.350448214634989e-06
7153,pañcamena,5,6.350448214634989e-06
7154,kimassa,5,6.350448214634989e-06
7155,yodhājīvūpamo,5,6.350448214634989e-06
7156,hāyatiyeva,5,6.350448214634989e-06
7157,hāyati,5,6.350448214634989e-06
7158,ananto,5,6.350448214634989e-06
7159,kiñcī,5,6.350448214634989e-06
7160,ācāro,5,6.350448214634989e-06
7161,anācāro,5,6.350448214634989e-06
7162,asesaṁ,5,6.350448214634989e-06
7163,nissesaṁ,5,6.350448214634989e-06
7164,sodheti,5,6.350448214634989e-06
7165,moceti,5,6.350448214634989e-06
7166,vimoceti,5,6.350448214634989e-06
7167,parimoceti,5,6.350448214634989e-06
7168,jhānan,5,6.350448214634989e-06
7169,dutiyan,5,6.350448214634989e-06
7170,nānattasaññā,5,6.350448214634989e-06
7171,upekkhāyanā,5,6.350448214634989e-06
7172,upekkhāyitattaṁ,5,6.350448214634989e-06
7173,upekkhācetovimutti,5,6.350448214634989e-06
7174,bhāvanāmayā,5,6.350448214634989e-06
7175,paccattaññeva,5,6.350448214634989e-06
7176,amanāpo,5,6.350448214634989e-06
7177,puññābhisaṅkhāro,5,6.350448214634989e-06
7178,apuññābhisaṅkhāro,5,6.350448214634989e-06
7179,āneñjābhisaṅkhāro,5,6.350448214634989e-06
7180,lābhaṁ,5,6.350448214634989e-06
7181,kāyaduccarite,5,6.350448214634989e-06
7182,vacīduccarite,5,6.350448214634989e-06
7183,manoduccarite,5,6.350448214634989e-06
7184,pañcasu,5,6.350448214634989e-06
7185,kāmaguṇesu,5,6.350448214634989e-06
7186,vossaggo,5,6.350448214634989e-06
7187,vossaggānuppadānaṁ,5,6.350448214634989e-06
7188,asakkaccakiriyatā,5,6.350448214634989e-06
7189,asātaccakiriyatā,5,6.350448214634989e-06
7190,anaṭṭhitakiriyatā,5,6.350448214634989e-06
7191,olīnavuttitā,5,6.350448214634989e-06
7192,nikkhittachandatā,5,6.350448214634989e-06
7193,nikkhittadhuratā,5,6.350448214634989e-06
7194,anāsevanā,5,6.350448214634989e-06
7195,abhāvanā,5,6.350448214634989e-06
7196,abahulīkammaṁ,5,6.350448214634989e-06
7197,anadhiṭṭhānaṁ,5,6.350448214634989e-06
7198,ananuyogo,5,6.350448214634989e-06
7199,kāmaguṇehi,5,6.350448214634989e-06
7200,icchāgatā,5,6.350448214634989e-06
7201,omānaṁ,5,6.350448214634989e-06
7202,omaññanā,5,6.350448214634989e-06
7203,omaññitattaṁ,5,6.350448214634989e-06
7204,hīḷanā,5,6.350448214634989e-06
7205,ohīḷanā,5,6.350448214634989e-06
7206,ohīḷitattaṁ,5,6.350448214634989e-06
7207,attuññā,5,6.350448214634989e-06
7208,attavaññā,5,6.350448214634989e-06
7209,attaparibhavo,5,6.350448214634989e-06
7210,kāmesanā,5,6.350448214634989e-06
7211,bhavesanā,5,6.350448214634989e-06
7212,brahmacariyesanā,5,6.350448214634989e-06
7213,yāvadatthaṁ,5,6.350448214634989e-06
7214,paramadiṭṭhadhammanibbānaṁ,5,6.350448214634989e-06
7215,rūpesu,5,6.350448214634989e-06
7216,saddesu,5,6.350448214634989e-06
7217,gandhesu,5,6.350448214634989e-06
7218,rasesu,5,6.350448214634989e-06
7219,phoṭṭhabbesu,5,6.350448214634989e-06
7220,mānusakāni,5,6.350448214634989e-06
7221,dibbāni,5,6.350448214634989e-06
7222,vassasatasahassāni,5,6.350448214634989e-06
7223,vassakoṭiyo,5,6.350448214634989e-06
7224,sārammaṇārammaṇaṁ,5,6.350448214634989e-06
7225,pañcāyatanā,5,6.350448214634989e-06
7226,nīvaraṇavippayuttanīvaraṇiyo,5,6.350448214634989e-06
7227,parāmāsavippayuttaparāmaṭṭho,5,6.350448214634989e-06
7228,upādānavippayuttaupādāniyo,5,6.350448214634989e-06
7229,kilesavippayuttasaṅkilesiko,5,6.350448214634989e-06
7230,saṁyojanagocchaka,5,6.350448214634989e-06
7231,oghayoganīvaraṇagocchaka,5,6.350448214634989e-06
7232,paṇḍarampetaṁ,5,6.350448214634989e-06
7233,vatthumpetaṁ,5,6.350448214634989e-06
7234,tīrampetaṁ,5,6.350448214634989e-06
7235,hetuahetukā,5,6.350448214634989e-06
7236,saṁyojaniyañceva,5,6.350448214634989e-06
7237,ganthasampayuttañcā,5,6.350448214634989e-06
7238,chāyatanā,5,6.350448214634989e-06
7239,sañjāti,5,6.350448214634989e-06
7240,abhinibbatti,5,6.350448214634989e-06
7241,nāmahetukaṁ,5,6.350448214634989e-06
7242,atthissa,5,6.350448214634989e-06
7243,sammappadhānasampayuttā,5,6.350448214634989e-06
7244,vīriyasamādhipadhānasaṅkhārasamannāgataṁ,5,6.350448214634989e-06
7245,cittasamādhipadhānasaṅkhārasamannāgataṁ,5,6.350448214634989e-06
7246,abyākatamūlāni,5,6.350448214634989e-06
7247,nāmamūlāni,5,6.350448214634989e-06
7248,pavattivāro,5,6.350448214634989e-06
7249,vedanañca,5,6.350448214634989e-06
7250,uppādavāro,5,6.350448214634989e-06
7251,nirodhavāro,5,6.350448214634989e-06
7252,uppādanirodhavāro,5,6.350448214634989e-06
7253,nirodhepi,5,6.350448214634989e-06
7254,uppādanirodhepi,5,6.350448214634989e-06
7255,nirodhasamāpannānanti,5,6.350448214634989e-06
7256,paṭilomapuggala,5,6.350448214634989e-06
7257,paṭilomaokāsa,5,6.350448214634989e-06
7258,paṭilomapuggalokāsa,5,6.350448214634989e-06
7259,paṭilomaṁ,5,6.350448214634989e-06
7260,uppajjamānananirodhavāra,5,6.350448214634989e-06
7261,uppajjamānuppannavāra,5,6.350448214634989e-06
7262,nirujjhamānuppannavāra,5,6.350448214634989e-06
7263,uppannuppādavāra,5,6.350448214634989e-06
7264,uppannuppajjamānavāra,5,6.350448214634989e-06
7265,niruddhanirujjhamānavāra,5,6.350448214634989e-06
7266,atikkantakālavāra,5,6.350448214634989e-06
7267,atītañca,5,6.350448214634989e-06
7268,tikamātikā,4,5.080358571707991e-06
7269,saññojanaduka,4,5.080358571707991e-06
7270,ganthaduka,4,5.080358571707991e-06
7271,nīvaraṇaduka,4,5.080358571707991e-06
7272,parāmāsasampayuttaduka,4,5.080358571707991e-06
7273,upādāniyaduka,4,5.080358571707991e-06
7274,bālā,4,5.080358571707991e-06
7275,kaṇhā,4,5.080358571707991e-06
7276,sukkā,4,5.080358571707991e-06
7277,tapanīyā,4,5.080358571707991e-06
7278,atapanīyā,4,5.080358571707991e-06
7279,paññattipathā,4,5.080358571707991e-06
7280,āpattikusalatā,4,5.080358571707991e-06
7281,samāpattikusalatā,4,5.080358571707991e-06
7282,dhātukusalatā,4,5.080358571707991e-06
7283,manasikārakusalatā,4,5.080358571707991e-06
7284,āyatanakusalatā,4,5.080358571707991e-06
7285,sīlavisuddhi,4,5.080358571707991e-06
7286,vimutti,4,5.080358571707991e-06
7287,paṭipassaddhi,4,5.080358571707991e-06
7288,paṭipassambhanā,4,5.080358571707991e-06
7289,paṭipassambhitattaṁ,4,5.080358571707991e-06
7290,paguṇatā,4,5.080358571707991e-06
7291,paguṇattaṁ,4,5.080358571707991e-06
7292,paguṇabhāvo,4,5.080358571707991e-06
7293,ujutā,4,5.080358571707991e-06
7294,ujukatā,4,5.080358571707991e-06
7295,suvaṇṇadubbaṇṇāni,4,5.080358571707991e-06
7296,subhanti,4,5.080358571707991e-06
7297,suddhikapaṭipadā,4,5.080358571707991e-06
7298,samathaṁ,4,5.080358571707991e-06
7299,dhātuṁ,4,5.080358571707991e-06
7300,tivaṅgiko,4,5.080358571707991e-06
7301,tajjākāyaviññāṇadhātu,4,5.080358571707991e-06
7302,passi,4,5.080358571707991e-06
7303,passissati,4,5.080358571707991e-06
7304,passe,4,5.080358571707991e-06
7305,cakkhundriyaṁpetaṁ,4,5.080358571707991e-06
7306,nayanaṁpetaṁ,4,5.080358571707991e-06
7307,suṇi,4,5.080358571707991e-06
7308,suṇissati,4,5.080358571707991e-06
7309,suṇe,4,5.080358571707991e-06
7310,sotaṁpetaṁ,4,5.080358571707991e-06
7311,ghāyi,4,5.080358571707991e-06
7312,ghāyissati,4,5.080358571707991e-06
7313,ghāye,4,5.080358571707991e-06
7314,ghānaṁpetaṁ,4,5.080358571707991e-06
7315,sāyi,4,5.080358571707991e-06
7316,sāyissati,4,5.080358571707991e-06
7317,sāye,4,5.080358571707991e-06
7318,jivhāyatanaṁpetaṁ,4,5.080358571707991e-06
7319,phusi,4,5.080358571707991e-06
7320,phusissati,4,5.080358571707991e-06
7321,phuse,4,5.080358571707991e-06
7322,caturaṁsaṁ,4,5.080358571707991e-06
7323,maṇisaṅkhamuttāveḷuriyassa,4,5.080358571707991e-06
7324,rūpaṁpetaṁ,4,5.080358571707991e-06
7325,āmakagandho,4,5.080358571707991e-06
7326,itthiyā,4,5.080358571707991e-06
7327,itthiliṅgaṁ,4,5.080358571707991e-06
7328,itthinimittaṁ,4,5.080358571707991e-06
7329,itthikuttaṁ,4,5.080358571707991e-06
7330,itthākappo,4,5.080358571707991e-06
7331,itthibhāvo,4,5.080358571707991e-06
7332,purisaliṅgaṁ,4,5.080358571707991e-06
7333,purisanimittaṁ,4,5.080358571707991e-06
7334,purisakuttaṁ,4,5.080358571707991e-06
7335,purisākappo,4,5.080358571707991e-06
7336,purisattaṁ,4,5.080358571707991e-06
7337,purisabhāvo,4,5.080358571707991e-06
7338,thambhanā,4,5.080358571707991e-06
7339,madhu,4,5.080358571707991e-06
7340,phāṇitaṁ,4,5.080358571707991e-06
7341,phoṭṭhabbāyatanaṁpetaṁ,4,5.080358571707991e-06
7342,sukhabhūmiyaṁ,4,5.080358571707991e-06
7343,paṭiggāho,4,5.080358571707991e-06
7344,pahātabbahetū,4,5.080358571707991e-06
7345,ariyamaggasamaṅgissa,4,5.080358571707991e-06
7346,vipariṇatā,4,5.080358571707991e-06
7347,apariyāpannahetū,4,5.080358571707991e-06
7348,mucchā,4,5.080358571707991e-06
7349,gedho,4,5.080358571707991e-06
7350,saṅgo,4,5.080358571707991e-06
7351,paṅko,4,5.080358571707991e-06
7352,ejā,4,5.080358571707991e-06
7353,janikā,4,5.080358571707991e-06
7354,sañjananī,4,5.080358571707991e-06
7355,sibbinī,4,5.080358571707991e-06
7356,jālinī,4,5.080358571707991e-06
7357,visattikā,4,5.080358571707991e-06
7358,visaṭā,4,5.080358571707991e-06
7359,vanaṁ,4,5.080358571707991e-06
7360,vanatho,4,5.080358571707991e-06
7361,santhavo,4,5.080358571707991e-06
7362,apekkhā,4,5.080358571707991e-06
7363,paṭibandhu,4,5.080358571707991e-06
7364,āsā,4,5.080358571707991e-06
7365,rūpāsā,4,5.080358571707991e-06
7366,saddāsā,4,5.080358571707991e-06
7367,gandhāsā,4,5.080358571707991e-06
7368,rasāsā,4,5.080358571707991e-06
7369,phoṭṭhabbāsā,4,5.080358571707991e-06
7370,lābhāsā,4,5.080358571707991e-06
7371,dhanāsā,4,5.080358571707991e-06
7372,puttāsā,4,5.080358571707991e-06
7373,jīvitāsā,4,5.080358571707991e-06
7374,abhijappā,4,5.080358571707991e-06
7375,jappanā,4,5.080358571707991e-06
7376,jappitattaṁ,4,5.080358571707991e-06
7377,adhammarāgo,4,5.080358571707991e-06
7378,visamalobho,4,5.080358571707991e-06
7379,nikanti,4,5.080358571707991e-06
7380,nikāmanā,4,5.080358571707991e-06
7381,pihanā,4,5.080358571707991e-06
7382,sampatthanā,4,5.080358571707991e-06
7383,āvaraṇaṁ,4,5.080358571707991e-06
7384,bandhanaṁ,4,5.080358571707991e-06
7385,upakkileso,4,5.080358571707991e-06
7386,dukkhamūlaṁ,4,5.080358571707991e-06
7387,dukkhanidānaṁ,4,5.080358571707991e-06
7388,dukkhappabhavo,4,5.080358571707991e-06
7389,mārapāso,4,5.080358571707991e-06
7390,mārabaḷisaṁ,4,5.080358571707991e-06
7391,māravisayo,4,5.080358571707991e-06
7392,taṇhānadī,4,5.080358571707991e-06
7393,taṇhājālaṁ,4,5.080358571707991e-06
7394,taṇhāgaddulaṁ,4,5.080358571707991e-06
7395,taṇhāsamuddo,4,5.080358571707991e-06
7396,eva,4,5.080358571707991e-06
7397,paralābhasakkāragarukāramānanavandanapūjanāsu,4,5.080358571707991e-06
7398,issāyanā,4,5.080358571707991e-06
7399,issāyitattaṁ,4,5.080358571707991e-06
7400,usūyā,4,5.080358571707991e-06
7401,usūyanā,4,5.080358571707991e-06
7402,usūyitattaṁ,4,5.080358571707991e-06
7403,paranimmitavasavattī,4,5.080358571707991e-06
7404,anto,4,5.080358571707991e-06
7405,sokaparidevadukkhadomanassupāyāsā,4,5.080358571707991e-06
7406,agutti,4,5.080358571707991e-06
7407,agopanā,4,5.080358571707991e-06
7408,anārakkho,4,5.080358571707991e-06
7409,ārakkho,4,5.080358571707991e-06
7410,ananussati,4,5.080358571707991e-06
7411,appaṭissati,4,5.080358571707991e-06
7412,adhāraṇatā,4,5.080358571707991e-06
7413,pilāpanatā,4,5.080358571707991e-06
7414,sammussanatā,4,5.080358571707991e-06
7415,phalasamaṅgissa,4,5.080358571707991e-06
7416,pubbenivāsānussati,4,5.080358571707991e-06
7417,lobhasahagatacittuppādā,4,5.080358571707991e-06
7418,kiriyāhetukamanoviññāṇadhātu,4,5.080358571707991e-06
7419,ñāṇasampayuttacittuppādā,4,5.080358571707991e-06
7420,manodhātuyo,4,5.080358571707991e-06
7421,paccuppannārammaṇātipi,4,5.080358571707991e-06
7422,phoṭṭhabbāyatanena,4,5.080358571707991e-06
7423,phoṭṭhabbadhātuyā,4,5.080358571707991e-06
7424,nirodhasaccena,4,5.080358571707991e-06
7425,kāyindriyena,4,5.080358571707991e-06
7426,rūpabhavena,4,5.080358571707991e-06
7427,nevasaññānāsaññābhavena,4,5.080358571707991e-06
7428,catuvokārabhavena,4,5.080358571707991e-06
7429,vipākehi,4,5.080358571707991e-06
7430,vipākadhammadhammehi,4,5.080358571707991e-06
7431,saṅkiliṭṭhasaṅkilesikehi,4,5.080358571707991e-06
7432,anupādinnaanupādāniyehi,4,5.080358571707991e-06
7433,asaṅkiliṭṭhaasaṅkilesikehi,4,5.080358571707991e-06
7434,ācayagāmīhi,4,5.080358571707991e-06
7435,apacayagāmīhi,4,5.080358571707991e-06
7436,sekkhehi,4,5.080358571707991e-06
7437,asekkhehi,4,5.080358571707991e-06
7438,mahaggatehi,4,5.080358571707991e-06
7439,appamāṇehi,4,5.080358571707991e-06
7440,paṇītehi,4,5.080358571707991e-06
7441,parittārammaṇehi,4,5.080358571707991e-06
7442,mahaggatārammaṇehi,4,5.080358571707991e-06
7443,appamāṇārammaṇehi,4,5.080358571707991e-06
7444,hīnehi,4,5.080358571707991e-06
7445,micchattaniyatehi,4,5.080358571707991e-06
7446,sammattaniyatehi,4,5.080358571707991e-06
7447,maggārammaṇehi,4,5.080358571707991e-06
7448,maggahetukehi,4,5.080358571707991e-06
7449,maggādhipatīhi,4,5.080358571707991e-06
7450,atītārammaṇehi,4,5.080358571707991e-06
7451,anāgatārammaṇehi,4,5.080358571707991e-06
7452,paccuppannārammaṇehi,4,5.080358571707991e-06
7453,ajjhattārammaṇehi,4,5.080358571707991e-06
7454,bahiddhārammaṇehi,4,5.080358571707991e-06
7455,ajjhattabahiddhārammaṇehi,4,5.080358571707991e-06
7456,sanidassanasappaṭighehi,4,5.080358571707991e-06
7457,anidassanasappaṭighehi,4,5.080358571707991e-06
7458,appaccayehi,4,5.080358571707991e-06
7459,asaṅkhatehi,4,5.080358571707991e-06
7460,sanidassanehi,4,5.080358571707991e-06
7461,sappaṭighehi,4,5.080358571707991e-06
7462,rūpīhi,4,5.080358571707991e-06
7463,lokuttarehi,4,5.080358571707991e-06
7464,sārammaṇehi,4,5.080358571707991e-06
7465,anārammaṇehi,4,5.080358571707991e-06
7466,cittavippayuttehi,4,5.080358571707991e-06
7467,apariyāpannehi,4,5.080358571707991e-06
7468,anuttarehi,4,5.080358571707991e-06
7469,niyyānikehi,4,5.080358571707991e-06
7470,niyatehi,4,5.080358571707991e-06
7471,gocchake,4,5.080358571707991e-06
7472,atītehi,4,5.080358571707991e-06
7473,anāgatehi,4,5.080358571707991e-06
7474,paccuppannehi,4,5.080358571707991e-06
7475,gandhāyatanañca,4,5.080358571707991e-06
7476,rasāyatanañca,4,5.080358571707991e-06
7477,saṅgahitāni,4,5.080358571707991e-06
7478,asaṅgahitāni,4,5.080358571707991e-06
7479,upapattibhavo,4,5.080358571707991e-06
7480,asaññābhavo,4,5.080358571707991e-06
7481,anulomapaccanīka,4,5.080358571707991e-06
7482,hetāya,4,5.080358571707991e-06
7483,niggahetabbe,4,5.080358571707991e-06
7484,mayaṁ,4,5.080358571707991e-06
7485,niggaṇhāsi,4,5.080358571707991e-06
7486,niggahe,4,5.080358571707991e-06
7487,paccanīkānuloma,4,5.080358571707991e-06
7488,manussabhūto,4,5.080358571707991e-06
7489,svevāyaṁ,4,5.080358571707991e-06
7490,anañño,4,5.080358571707991e-06
7491,katānaṁ,4,5.080358571707991e-06
7492,manussalokā,4,5.080358571707991e-06
7493,devalokaṁ,4,5.080358571707991e-06
7494,tatthapi,4,5.080358571707991e-06
7495,saphalo,4,5.080358571707991e-06
7496,savipāko,4,5.080358571707991e-06
7497,aniṭṭhaphalaṁ,4,5.080358571707991e-06
7498,akantaphalaṁ,4,5.080358571707991e-06
7499,amanuññaphalaṁ,4,5.080358571707991e-06
7500,secanakaphalaṁ,4,5.080358571707991e-06
7501,dukkhavipākanti,4,5.080358571707991e-06
7502,dvādasannaṁ,4,5.080358571707991e-06
7503,aṭṭhārasannaṁ,4,5.080358571707991e-06
7504,kumārikāti,4,5.080358571707991e-06
7505,paṭisaṁvedīti,4,5.080358571707991e-06
7506,bhātā,4,5.080358571707991e-06
7507,bhaginī,4,5.080358571707991e-06
7508,ṭhitassa,4,5.080358571707991e-06
7509,suññato,4,5.080358571707991e-06
7510,passatī,4,5.080358571707991e-06
7511,abhisamparāyaṁ,4,5.080358571707991e-06
7512,sotāpattiphalassa,4,5.080358571707991e-06
7513,anuppādadhammanti,4,5.080358571707991e-06
7514,mahākassapo,4,5.080358571707991e-06
7515,mahākoṭṭhiko,4,5.080358571707991e-06
7516,chinnassa,4,5.080358571707991e-06
7517,katassa,4,5.080358571707991e-06
7518,bhassārāmatā,4,5.080358571707991e-06
7519,niddārāmatā,4,5.080358571707991e-06
7520,anusayāti,4,5.080358571707991e-06
7521,upādiyati,4,5.080358571707991e-06
7522,pajahitvā,4,5.080358571707991e-06
7523,visineti,4,5.080358571707991e-06
7524,ussineti,4,5.080358571707991e-06
7525,saṅghabhedakā,4,5.080358571707991e-06
7526,bhabbā,4,5.080358571707991e-06
7527,sammādiṭṭhikā,4,5.080358571707991e-06
7528,pabbajati,4,5.080358571707991e-06
7529,pattaṁ,4,5.080358571707991e-06
7530,nuppajjanti,4,5.080358571707991e-06
7531,saññasattesu,4,5.080358571707991e-06
7532,handa,4,5.080358571707991e-06
7533,niṭṭhassa,4,5.080358571707991e-06
7534,rūparāgaṁ,4,5.080358571707991e-06
7535,arūparāgaṁ,4,5.080358571707991e-06
7536,rūpāvacarena,4,5.080358571707991e-06
7537,ahu,4,5.080358571707991e-06
7538,khīṇā,4,5.080358571707991e-06
7539,avipariṇataṁ,4,5.080358571707991e-06
7540,odātan,4,5.080358571707991e-06
7541,vatthan,4,5.080358571707991e-06
7542,anottappīti,4,5.080358571707991e-06
7543,paggahaniggahupago,4,5.080358571707991e-06
7544,nibbānanti,4,5.080358571707991e-06
7545,tayome,4,5.080358571707991e-06
7546,saṅkiyanti,4,5.080358571707991e-06
7547,saṅkiyissanti,4,5.080358571707991e-06
7548,chinnapapañce,4,5.080358571707991e-06
7549,chinnavaṭume,4,5.080358571707991e-06
7550,pariyādinnavaṭṭe,4,5.080358571707991e-06
7551,sabbadukkhavītivatte,4,5.080358571707991e-06
7552,paññāpayamāno,4,5.080358571707991e-06
7553,kusalan,4,5.080358571707991e-06
7554,nāmarūpassa,4,5.080358571707991e-06
7555,vuddhi,4,5.080358571707991e-06
7556,punabbhavābhinibbatti,4,5.080358571707991e-06
7557,jātijarāmaraṇaṁ,4,5.080358571707991e-06
7558,phasse,4,5.080358571707991e-06
7559,viññāṇe,4,5.080358571707991e-06
7560,vipaccissantīti,4,5.080358571707991e-06
7561,paccuppannāti,4,5.080358571707991e-06
7562,satipaṭṭhānanti,4,5.080358571707991e-06
7563,paribhuñjanti,4,5.080358571707991e-06
7564,visuddhiyā,4,5.080358571707991e-06
7565,sīlanti,4,5.080358571707991e-06
7566,aniruddhe,4,5.080358571707991e-06
7567,sābhogā,4,5.080358571707991e-06
7568,nirodhakathā,4,5.080358571707991e-06
7569,navannaṁ,4,5.080358571707991e-06
7570,mato,4,5.080358571707991e-06
7571,uppannārammaṇāti,4,5.080358571707991e-06
7572,uppannārammaṇā,4,5.080358571707991e-06
7573,purejātārammaṇā,4,5.080358571707991e-06
7574,bāhirārammaṇā,4,5.080358571707991e-06
7575,asambhinnārammaṇā,4,5.080358571707991e-06
7576,nānārammaṇā,4,5.080358571707991e-06
7577,paccanubhonti,4,5.080358571707991e-06
7578,cetanāhi,4,5.080358571707991e-06
7579,saddhāhi,4,5.080358571707991e-06
7580,vīriyehi,4,5.080358571707991e-06
7581,satīhi,4,5.080358571707991e-06
7582,samādhīhi,4,5.080358571707991e-06
7583,vīriyena,4,5.080358571707991e-06
7584,sammāvācāya,4,5.080358571707991e-06
7585,sammāvāyāmena,4,5.080358571707991e-06
7586,sammāsatiyā,4,5.080358571707991e-06
7587,cetasikanti,4,5.080358571707991e-06
7588,aphalaṁ,4,5.080358571707991e-06
7589,paṭighasaṁyojanaṁ,4,5.080358571707991e-06
7590,mānasaṁyojanaṁ,4,5.080358571707991e-06
7591,bhavarāgasaṁyojanaṁ,4,5.080358571707991e-06
7592,sahetukanti,4,5.080358571707991e-06
7593,katamakkhandhapariyāpannoti,4,5.080358571707991e-06
7594,cittasampayuttāti,4,5.080358571707991e-06
7595,tissopi,4,5.080358571707991e-06
7596,nikkileso,4,5.080358571707991e-06
7597,katamakkhandhapariyāpannanti,4,5.080358571707991e-06
7598,tiṭṭheyyā,4,5.080358571707991e-06
7599,pāṭibhogo,4,5.080358571707991e-06
7600,māro,4,5.080358571707991e-06
7601,brahmā,4,5.080358571707991e-06
7602,aniccatāya,4,5.080358571707991e-06
7603,maraṇassa,4,5.080358571707991e-06
7604,parinipphannā,4,5.080358571707991e-06
7605,duggatī,4,5.080358571707991e-06
7606,tiracchānayoniṁ,4,5.080358571707991e-06
7607,duggatīti,4,5.080358571707991e-06
7608,kāyindriyasaṁvaro,4,5.080358571707991e-06
7609,kāyindriyaasaṁvaro,4,5.080358571707991e-06
7610,kammakathā,4,5.080358571707991e-06
7611,avipākāti,4,5.080358571707991e-06
7612,bhinnoti,4,5.080358571707991e-06
7613,niyamo,4,5.080358571707991e-06
7614,okkamanti,4,5.080358571707991e-06
7615,asātarāgo,4,5.080358571707991e-06
7616,iddhimāti,4,5.080358571707991e-06
7617,āpāyiko,4,5.080358571707991e-06
7618,dadeyyāti,4,5.080358571707991e-06
7619,cetiye,4,5.080358571707991e-06
7620,mālaṁ,4,5.080358571707991e-06
7621,vilepanaṁ,4,5.080358571707991e-06
7622,okkameyyāti,4,5.080358571707991e-06
7623,sakadāgāmi,4,5.080358571707991e-06
7624,okkamatī,4,5.080358571707991e-06
7625,ratto,4,5.080358571707991e-06
7626,vimuccatī,4,5.080358571707991e-06
7627,vedeti,4,5.080358571707991e-06
7628,vitakkena,4,5.080358571707991e-06
7629,vicārena,4,5.080358571707991e-06
7630,ajjhosāya,4,5.080358571707991e-06
7631,tiṭṭhanti,4,5.080358571707991e-06
7632,rāgānusayo,4,5.080358571707991e-06
7633,vedayati,4,5.080358571707991e-06
7634,byāpādassa,4,5.080358571707991e-06
7635,akusalamūlan,4,5.080358571707991e-06
7636,yasmiññeva,4,5.080358571707991e-06
7637,tasmiññeva,4,5.080358571707991e-06
7638,virajjati,4,5.080358571707991e-06
7639,saṇṭhanti,4,5.080358571707991e-06
7640,gandhañca,4,5.080358571707991e-06
7641,rasañca,4,5.080358571707991e-06
7642,kāmarāgapariyuṭṭhānanti,4,5.080358571707991e-06
7643,paṭighapariyuṭṭhānanti,4,5.080358571707991e-06
7644,mānapariyuṭṭhānanti,4,5.080358571707991e-06
7645,diṭṭhipariyuṭṭhānanti,4,5.080358571707991e-06
7646,vicikicchāpariyuṭṭhānanti,4,5.080358571707991e-06
7647,bhavarāgapariyuṭṭhānanti,4,5.080358571707991e-06
7648,avijjāpariyuṭṭhānanti,4,5.080358571707991e-06
7649,ekārammaṇo,4,5.080358571707991e-06
7650,saddadhātuṁ,4,5.080358571707991e-06
7651,saddadhātupariyāpannoti,4,5.080358571707991e-06
7652,phoṭṭhabbadhātuṁ,4,5.080358571707991e-06
7653,phoṭṭhabbadhātupariyāpannoti,4,5.080358571707991e-06
7654,saddadhātupariyāpanno,4,5.080358571707991e-06
7655,phoṭṭhabbadhātupariyāpanno,4,5.080358571707991e-06
7656,abyākatakathā,4,5.080358571707991e-06
7657,puṇṇa,4,5.080358571707991e-06
7658,sakadāgāmimaggo,4,5.080358571707991e-06
7659,asaññasattupikāti,4,5.080358571707991e-06
7660,asaññasattupikā,4,5.080358571707991e-06
7661,aphassakassa,4,5.080358571707991e-06
7662,acittakassa,4,5.080358571707991e-06
7663,bhijjamānaṁ,4,5.080358571707991e-06
7664,kāyasaṅkhāraṁ,4,5.080358571707991e-06
7665,abhisaṅkharoti,4,5.080358571707991e-06
7666,vacīsaṅkhāraṁ,4,5.080358571707991e-06
7667,phusanti,4,5.080358571707991e-06
7668,paccayatā,4,5.080358571707991e-06
7669,khaṇo,4,5.080358571707991e-06
7670,sotāpattimaggassa,4,5.080358571707991e-06
7671,arahattamaggassa,4,5.080358571707991e-06
7672,arahattaphalassa,4,5.080358571707991e-06
7673,lokuttarāti,4,5.080358571707991e-06
7674,niyāmena,4,5.080358571707991e-06
7675,adhigayha,4,5.080358571707991e-06
7676,balappattā,4,5.080358571707991e-06
7677,bahūnaṁ,4,5.080358571707991e-06
7678,esa,4,5.080358571707991e-06
7679,akusalampī,4,5.080358571707991e-06
7680,ekuppādaṁ,4,5.080358571707991e-06
7681,ekavatthukaṁ,4,5.080358571707991e-06
7682,ekārammaṇanti,4,5.080358571707991e-06
7683,paṭiggāhakatoti,4,5.080358571707991e-06
7684,lokassāti,4,5.080358571707991e-06
7685,ārādhentīti,4,5.080358571707991e-06
7686,ārādhenti,4,5.080358571707991e-06
7687,atthānanda,4,5.080358571707991e-06
7688,dāyakato,4,5.080358571707991e-06
7689,issariyasaṁvattaniyaṁ,4,5.080358571707991e-06
7690,adhipaccasaṁvattaniyaṁ,4,5.080358571707991e-06
7691,nevācināti,4,5.080358571707991e-06
7692,arahantaghātakoti,4,5.080358571707991e-06
7693,kammatoti,4,5.080358571707991e-06
7694,saphaloti,4,5.080358571707991e-06
7695,aphaloti,4,5.080358571707991e-06
7696,ariyasaccāni,4,5.080358571707991e-06
7697,ariyamaggo,4,5.080358571707991e-06
7698,pāhuneyyo,4,5.080358571707991e-06
7699,dakkhiṇeyyo,4,5.080358571707991e-06
7700,añjalikaraṇīyo,4,5.080358571707991e-06
7701,kena,4,5.080358571707991e-06
7702,dullabhā,4,5.080358571707991e-06
7703,ativiya,4,5.080358571707991e-06
7704,gandhajāte,4,5.080358571707991e-06
7705,arahattamaggenāti,4,5.080358571707991e-06
7706,tanubhāvaṁ,4,5.080358571707991e-06
7707,anadhigataṁ,4,5.080358571707991e-06
7708,saṅkamati,4,5.080358571707991e-06
7709,saṅkamatī,4,5.080358571707991e-06
7710,jhānanti,4,5.080358571707991e-06
7711,suṇātī,4,5.080358571707991e-06
7712,manoviññāṇanti,4,5.080358571707991e-06
7713,appaṇihito,4,5.080358571707991e-06
7714,sāmaññaṁ,4,5.080358571707991e-06
7715,viññāṇatā,4,5.080358571707991e-06
7716,accantaniyatassa,4,5.080358571707991e-06
7717,sassatadiṭṭhiyā,4,5.080358571707991e-06
7718,ucchedadiṭṭhiyā,4,5.080358571707991e-06
7719,ekantakāḷakehi,4,5.080358571707991e-06
7720,patarati,4,5.080358571707991e-06
7721,patigādhappatto,4,5.080358571707991e-06
7722,āgacchati,4,5.080358571707991e-06
7723,bālaputhujjanā,4,5.080358571707991e-06
7724,lokiyampi,4,5.080358571707991e-06
7725,lokuttarampi,4,5.080358571707991e-06
7726,nirodhāti,4,5.080358571707991e-06
7727,saraṇāni,4,5.080358571707991e-06
7728,accutāni,4,5.080358571707991e-06
7729,amatāni,4,5.080358571707991e-06
7730,nibbānānaṁ,4,5.080358571707991e-06
7731,uccanīcatā,4,5.080358571707991e-06
7732,hīnapaṇītatā,4,5.080358571707991e-06
7733,ukkaṁsāvakaṁso,4,5.080358571707991e-06
7734,sīmā,4,5.080358571707991e-06
7735,rāji,4,5.080358571707991e-06
7736,devatānaṁ,4,5.080358571707991e-06
7737,nissandoti,4,5.080358571707991e-06
7738,nissando,4,5.080358571707991e-06
7739,atthaṅgamo,4,5.080358571707991e-06
7740,have,4,5.080358571707991e-06
7741,ātāpino,4,5.080358571707991e-06
7742,sammūḷho,4,5.080358571707991e-06
7743,asampajānoti,4,5.080358571707991e-06
7744,asammūḷho,4,5.080358571707991e-06
7745,kāyabhedoti,4,5.080358571707991e-06
7746,saddagocaranti,4,5.080358571707991e-06
7747,vacīsaṅkhārā,4,5.080358571707991e-06
7748,vitakkasamuṭṭhānā,4,5.080358571707991e-06
7749,māse,4,5.080358571707991e-06
7750,āditto,4,5.080358571707991e-06
7751,sukhavipākaṁ,4,5.080358571707991e-06
7752,kāmānaṁ,4,5.080358571707991e-06
7753,anāgāmimaggaṁ,4,5.080358571707991e-06
7754,nirodhe,4,5.080358571707991e-06
7755,paṭipannako,4,5.080358571707991e-06
7756,sattasattati,4,5.080358571707991e-06
7757,hantvā,4,5.080358571707991e-06
7758,ānantarikoti,4,5.080358571707991e-06
7759,dhammasaññī,4,5.080358571707991e-06
7760,samāpajjeyya,4,5.080358571707991e-06
7761,kammakāraṇā,4,5.080358571707991e-06
7762,kāraṇikāti,4,5.080358571707991e-06
7763,saccānaṁ,4,5.080358571707991e-06
7764,gacchatī,4,5.080358571707991e-06
7765,subhadda,4,5.080358571707991e-06
7766,dvādasavatthukaṁ,4,5.080358571707991e-06
7767,khuddakaaḍḍhapaṇṇāsaka,4,5.080358571707991e-06
7768,katanti,4,5.080358571707991e-06
7769,asaṅkilesiyaṁ,4,5.080358571707991e-06
7770,avivittoti,4,5.080358571707991e-06
7771,kammehi,4,5.080358571707991e-06
7772,sadoso,4,5.080358571707991e-06
7773,samoho,4,5.080358571707991e-06
7774,nirāgo,4,5.080358571707991e-06
7775,buddhehi,4,5.080358571707991e-06
7776,disā,4,5.080358571707991e-06
7777,buddhā,4,5.080358571707991e-06
7778,mātāpitaro,4,5.080358571707991e-06
7779,rāsīti,4,5.080358571707991e-06
7780,micchattaniyatanti,4,5.080358571707991e-06
7781,sammattaniyatanti,4,5.080358571707991e-06
7782,parinibbānanti,4,5.080358571707991e-06
7783,suttassa,4,5.080358571707991e-06
7784,pamattassa,4,5.080358571707991e-06
7785,muṭṭhassatissa,4,5.080358571707991e-06
7786,asampajānassa,4,5.080358571707991e-06
7787,āsevito,4,5.080358571707991e-06
7788,adinnādānassa,4,5.080358571707991e-06
7789,kāmesumicchācārassa,4,5.080358571707991e-06
7790,musāvādassa,4,5.080358571707991e-06
7791,tajjo,4,5.080358571707991e-06
7792,tajjassa,4,5.080358571707991e-06
7793,viññāṇabhāgassa,4,5.080358571707991e-06
7794,bhaṇitabbaṁ,4,5.080358571707991e-06
7795,nattheva,4,5.080358571707991e-06
7796,akāsi,4,5.080358571707991e-06
7797,dukkhaññeva,4,5.080358571707991e-06
7798,cutikāle,4,5.080358571707991e-06
7799,upapattikāle,4,5.080358571707991e-06
7800,ṭhitikāle,4,5.080358571707991e-06
7801,yādiso,4,5.080358571707991e-06
7802,pubbayogo,4,5.080358571707991e-06
7803,pubbacariyā,4,5.080358571707991e-06
7804,dhammakkhānaṁ,4,5.080358571707991e-06
7805,tādiso,4,5.080358571707991e-06
7806,pubbenivāsānussatiṁ,4,5.080358571707991e-06
7807,ṭhānāṭhānañca,4,5.080358571707991e-06
7808,appaṇihitañca,4,5.080358571707991e-06
7809,animittārammaṇā,4,5.080358571707991e-06
7810,appaṇihitārammaṇāti,4,5.080358571707991e-06
7811,appaṇihitārammaṇā,4,5.080358571707991e-06
7812,cutūpapātañca,4,5.080358571707991e-06
7813,ariyan,4,5.080358571707991e-06
7814,vimuttikathā,4,5.080358571707991e-06
7815,vimuccamānan,4,5.080358571707991e-06
7816,appahīnanti,4,5.080358571707991e-06
7817,diṭṭhipariyuṭṭhānapahānāya,4,5.080358571707991e-06
7818,sāsavena,4,5.080358571707991e-06
7819,saṅkilesiyenāti,4,5.080358571707991e-06
7820,pahīnan,4,5.080358571707991e-06
7821,ānubhāvo,4,5.080358571707991e-06
7822,paññācakkhuṁ,4,5.080358571707991e-06
7823,cakkhūni,4,5.080358571707991e-06
7824,micchādiṭṭhikā,4,5.080358571707991e-06
7825,sabbasaṁyojanānaṁ,4,5.080358571707991e-06
7826,pahīyantī,4,5.080358571707991e-06
7827,gihī,4,5.080358571707991e-06
7828,anāsavoti,4,5.080358571707991e-06
7829,sāsavanti,4,5.080358571707991e-06
7830,samitaṁ,4,5.080358571707991e-06
7831,bodhipaṭilābhā,4,5.080358571707991e-06
7832,paṭiggahetvā,4,5.080358571707991e-06
7833,mātu,4,5.080358571707991e-06
7834,nibbuto,4,5.080358571707991e-06
7835,khandhapaññatti,4,5.080358571707991e-06
7836,āyatanapaññatti,4,5.080358571707991e-06
7837,dhātupaññatti,4,5.080358571707991e-06
7838,saccapaññatti,4,5.080358571707991e-06
7839,indriyapaññatti,4,5.080358571707991e-06
7840,paṭuppanne,4,5.080358571707991e-06
7841,paṭiladdhassa,4,5.080358571707991e-06
7842,adhigatassa,4,5.080358571707991e-06
7843,sacchikatassa,4,5.080358571707991e-06
7844,aviditaṁ,4,5.080358571707991e-06
7845,sotāpattimagge,4,5.080358571707991e-06
7846,uḷāro,4,5.080358571707991e-06
7847,vipariyesoti,4,5.080358571707991e-06
7848,nibbānato,4,5.080358571707991e-06
7849,aniyāmagamanāya,4,5.080358571707991e-06
7850,dhovati,4,5.080358571707991e-06
7851,sanidassananti,4,5.080358571707991e-06
7852,kāyakammañca,4,5.080358571707991e-06
7853,samuppādenti,4,5.080358571707991e-06
7854,nibbattenti,4,5.080358571707991e-06
7855,abhinibbattenti,4,5.080358571707991e-06
7856,janenti,4,5.080358571707991e-06
7857,sañjanentīti,4,5.080358571707991e-06
7858,tathāgatānaṁ,4,5.080358571707991e-06
7859,vuṭṭhitassa,4,5.080358571707991e-06
7860,ākāsaṁ,4,5.080358571707991e-06
7861,cālenti,4,5.080358571707991e-06
7862,ākāsañca,4,5.080358571707991e-06
7863,antaraṁ,4,5.080358571707991e-06
7864,sanidassanāti,4,5.080358571707991e-06
7865,pathavīdhātuñca,4,5.080358571707991e-06
7866,pabbataṁ,4,5.080358571707991e-06
7867,ariyadhammavipāko,4,5.080358571707991e-06
7868,saṅgahitan,4,5.080358571707991e-06
7869,vedanākkhandhagaṇanaṁ,4,5.080358571707991e-06
7870,saññākkhandhagaṇanaṁ,4,5.080358571707991e-06
7871,piṇḍapāto,4,5.080358571707991e-06
7872,ādisati,4,5.080358571707991e-06
7873,dātunti,4,5.080358571707991e-06
7874,aparimāṇānaṁ,4,5.080358571707991e-06
7875,abhayaṁ,4,5.080358571707991e-06
7876,averaṁ,4,5.080358571707991e-06
7877,abyābajjhaṁ,4,5.080358571707991e-06
7878,puññanti,4,5.080358571707991e-06
7879,ābhogassa,4,5.080358571707991e-06
7880,iṭṭhāya,4,5.080358571707991e-06
7881,kantāya,4,5.080358571707991e-06
7882,manāpāya,4,5.080358571707991e-06
7883,paribhuñjamāno,4,5.080358571707991e-06
7884,vissajjeti,4,5.080358571707991e-06
7885,rājāno,4,5.080358571707991e-06
7886,yāpentīti,4,5.080358571707991e-06
7887,yāpentī,4,5.080358571707991e-06
7888,puttaṁ,4,5.080358571707991e-06
7889,icchanti,4,5.080358571707991e-06
7890,kusalānañca,4,5.080358571707991e-06
7891,akusalānañca,4,5.080358571707991e-06
7892,dānaphalaṁ,4,5.080358571707991e-06
7893,bhāvanāphalaṁ,4,5.080358571707991e-06
7894,ācayagāmīti,4,5.080358571707991e-06
7895,apacayagāmīti,4,5.080358571707991e-06
7896,rūpīnañca,4,5.080358571707991e-06
7897,arūpīnañca,4,5.080358571707991e-06
7898,bhijjamāne,4,5.080358571707991e-06
7899,saḷāyataniko,4,5.080358571707991e-06
7900,attabhāvo,4,5.080358571707991e-06
7901,gatiyoti,4,5.080358571707991e-06
7902,samānavaṇṇā,4,5.080358571707991e-06
7903,samānabhogā,4,5.080358571707991e-06
7904,samānāhārā,4,5.080358571707991e-06
7905,samānāyukā,4,5.080358571707991e-06
7906,āvāhavivāhaṁ,4,5.080358571707991e-06
7907,vepacittiparisā,4,5.080358571707991e-06
7908,antarābhavūpagaṁ,4,5.080358571707991e-06
7909,antarābhavūpagā,4,5.080358571707991e-06
7910,kāmadhātū,4,5.080358571707991e-06
7911,arūpesūti,4,5.080358571707991e-06
7912,nissaraṇaṁ,4,5.080358571707991e-06
7913,phassavippayuttā,4,5.080358571707991e-06
7914,phassavippayutto,4,5.080358571707991e-06
7915,tividhā,4,5.080358571707991e-06
7916,kāyasañcetanā,4,5.080358571707991e-06
7917,vacīsañcetanā,4,5.080358571707991e-06
7918,manosañcetanā,4,5.080358571707991e-06
7919,vitakkayato,4,5.080358571707991e-06
7920,vicārayato,4,5.080358571707991e-06
7921,vipariṇāmadhammato,4,5.080358571707991e-06
7922,ānisaṁsadassāvī,4,5.080358571707991e-06
7923,maññati,4,5.080358571707991e-06
7924,sārammaṇāti,4,5.080358571707991e-06
7925,vitakkānupatitanti,4,5.080358571707991e-06
7926,katheti,4,5.080358571707991e-06
7927,ālapati,4,5.080358571707991e-06
7928,kiriyassa,4,5.080358571707991e-06
7929,nevasaññānāsaññāyatanavipākassa,4,5.080358571707991e-06
7930,viññāṇañcāyatanakiriyassa,4,5.080358571707991e-06
7931,nevasaññānāsaññāyatanakiriyassa,4,5.080358571707991e-06
7932,nissayapaccaye,4,5.080358571707991e-06
7933,asekkhāya,4,5.080358571707991e-06
7934,hetupaccayasadisā,4,5.080358571707991e-06
7935,kusalattikasadisaṁ,4,5.080358571707991e-06
7936,maggapaccavekkhaṇaṁ,4,5.080358571707991e-06
7937,phalapaccavekkhaṇaṁ,4,5.080358571707991e-06
7938,nibbānapaccavekkhaṇaṁ,4,5.080358571707991e-06
7939,mahaggatārammaṇāya,4,5.080358571707991e-06
7940,parittārammaṇāya,4,5.080358571707991e-06
7941,majjhimañca,4,5.080358571707991e-06
7942,naanantara,4,5.080358571707991e-06
7943,bhinditvā,4,5.080358571707991e-06
7944,maggahetukādhipati,4,5.080358571707991e-06
7945,uppādiṁ,4,5.080358571707991e-06
7946,saddasampadaṁ,4,5.080358571707991e-06
7947,gandhasampadaṁ,4,5.080358571707991e-06
7948,rasasampadaṁ,4,5.080358571707991e-06
7949,phoṭṭhabbasampadaṁ,4,5.080358571707991e-06
7950,cakkhusampadaṁ,4,5.080358571707991e-06
7951,kāyasampadaṁ,4,5.080358571707991e-06
7952,cakkhusampadā,4,5.080358571707991e-06
7953,atthisadisaṁ,4,5.080358571707991e-06
7954,padesu,4,5.080358571707991e-06
7955,vattanti,4,5.080358571707991e-06
7956,pacchājātapaccayā,4,5.080358571707991e-06
7957,timūlakaṁ,4,5.080358571707991e-06
7958,catumūlakaṁ,4,5.080358571707991e-06
7959,ekekassa,4,5.080358571707991e-06
7960,tikañca,4,5.080358571707991e-06
7961,paṭṭhānavaraṁ,4,5.080358571707991e-06
7962,dukuttamaṁ,4,5.080358571707991e-06
7963,nayā,4,5.080358571707991e-06
7964,sugambhīrāti,4,5.080358571707991e-06
7965,anāgatārammaṇāya,4,5.080358571707991e-06
7966,paccuppannārammaṇāya,4,5.080358571707991e-06
7967,ajjhattārammaṇānaṁ,4,5.080358571707991e-06
7968,bahiddhārammaṇānaṁ,4,5.080358571707991e-06
7969,mahābhūtañca,4,5.080358571707991e-06
7970,anidassanaappaṭighamūlake,4,5.080358571707991e-06
7971,nissayādi,4,5.080358571707991e-06
7972,ghaṭane,4,5.080358571707991e-06
7973,ṭhitena,4,5.080358571707991e-06
7974,naanantaradukādi,4,5.080358571707991e-06
7975,nasampayuttaduka,4,5.080358571707991e-06
7976,novigataduka,4,5.080358571707991e-06
7977,purejātaduka,4,5.080358571707991e-06
7978,āhāraduka,4,5.080358571707991e-06
7979,indriyaduka,4,5.080358571707991e-06
7980,jhānaduka,4,5.080358571707991e-06
7981,maggaduka,4,5.080358571707991e-06
7982,vippayuttaduka,4,5.080358571707991e-06
7983,napacchājātaduka,4,5.080358571707991e-06
7984,naāhāraduka,4,5.080358571707991e-06
7985,naindriyaduka,4,5.080358571707991e-06
7986,pannarasaka,4,5.080358571707991e-06
7987,hetupaccayaṁ,4,5.080358571707991e-06
7988,nissayavāre,4,5.080358571707991e-06
7989,avasesesu,4,5.080358571707991e-06
7990,vipākābyākatāni,4,5.080358571707991e-06
7991,sāmaññaghaṭanā,4,5.080358571707991e-06
7992,samaggaghaṭanā,4,5.080358571707991e-06
7993,sajhānaghaṭanā,4,5.080358571707991e-06
7994,sattarasaka,4,5.080358571707991e-06
7995,saupanissaya,4,5.080358571707991e-06
7996,sakamma,4,5.080358571707991e-06
7997,vibhajitabbāni,4,5.080358571707991e-06
7998,nevavipākanavipākadhammadhammānaṁ,4,5.080358571707991e-06
7999,vitthārena,4,5.080358571707991e-06
8000,tevīsati,4,5.080358571707991e-06
8001,saṅkiliṭṭhasaṅkilesikañca,4,5.080358571707991e-06
8002,uddharitabbā,4,5.080358571707991e-06
8003,avitakkavicāramattamūlakā,4,5.080358571707991e-06
8004,nanokilesaṁ,4,5.080358571707991e-06
8005,dassanenapahātabbadukādi,4,5.080358571707991e-06
8006,naanuttarañca,4,5.080358571707991e-06
8007,dukadukapaṭṭhānaṁ,4,5.080358571707991e-06
8008,micchattattika,4,5.080358571707991e-06
8009,naanupādinno,4,5.080358571707991e-06
8010,nanapītisahagato,4,5.080358571707991e-06
8011,nanasukhasahagato,4,5.080358571707991e-06
8012,nanaupekkhāsahagato,4,5.080358571707991e-06
8013,nanarūpāvacaro,4,5.080358571707991e-06
8014,nanaarūpāvacaro,4,5.080358571707991e-06
8015,sappaccayadukādi,4,5.080358571707991e-06
8016,hetuhetusampayuttadukaṁ,4,5.080358571707991e-06
8017,nanocittasahabhū,4,5.080358571707991e-06
8018,cittadukasadisaṁ,4,5.080358571707991e-06
8019,naaniyyāniko,4,5.080358571707991e-06
8020,paccayavārasadisā,4,5.080358571707991e-06
8021,pañcaviññāṇampi,4,5.080358571707991e-06
8022,cittasamuṭṭhānadukasadisā,4,5.080358571707991e-06
8023,tiṇṇampi,4,5.080358571707991e-06
8024,nakammādi,4,5.080358571707991e-06
8025,nikkhittapadāni,4,5.080358571707991e-06
8026,ekoyeva,4,5.080358571707991e-06
8027,diṭṭhigatavippayuttalobhasahagatādhipati,4,5.080358571707991e-06
8028,vicikicchañca,4,5.080358571707991e-06
8029,thinassa,4,5.080358571707991e-06
8030,uddhaccassa,4,5.080358571707991e-06
8031,ahirikassa,4,5.080358571707991e-06
8032,anottappassa,4,5.080358571707991e-06
8033,paṭisandhiyāpi,4,5.080358571707991e-06
8034,avitakkāya,4,5.080358571707991e-06
8035,avitakkānaṁ,4,5.080358571707991e-06
8036,sahajātāpi,4,5.080358571707991e-06
8037,savitakkadukaṁ,4,5.080358571707991e-06
8038,sappītikadukaṁ,4,5.080358571707991e-06
8039,appītikānaṁ,4,5.080358571707991e-06
8040,sappītikāya,4,5.080358571707991e-06
8041,pacchājātādi,4,5.080358571707991e-06
8042,sappītikadukasadisā,4,5.080358571707991e-06
8043,nasukhasahagatā,4,5.080358571707991e-06
8044,naupekkhāsahagatā,4,5.080358571707991e-06
8045,arūpadukasadisā,4,5.080358571707991e-06
8046,niyate,4,5.080358571707991e-06
8047,saraṇānaṁ,4,5.080358571707991e-06
8048,diṭṭhāsavaṁ,4,5.080358571707991e-06
8049,bhavāsavaṁ,4,5.080358571707991e-06
8050,domanassasahagatādhipati,4,5.080358571707991e-06
8051,sāsavānañceva,4,5.080358571707991e-06
8052,āsavasadisaṁ,4,5.080358571707991e-06
8053,abhijjhākāyaganthassa,4,5.080358571707991e-06
8054,ganthavippayuttānaṁ,4,5.080358571707991e-06
8055,nonīvaraṇānaṁ,4,5.080358571707991e-06
8056,parāmāsañceva,4,5.080358571707991e-06
8057,parāmaṭṭhe,4,5.080358571707991e-06
8058,nalokiyañca,4,5.080358571707991e-06
8059,nasārammaṇañca,4,5.080358571707991e-06
8060,naanārammaṇañca,4,5.080358571707991e-06
8061,nasavitakkañca,4,5.080358571707991e-06
8062,naavitakkañca,4,5.080358571707991e-06
8063,nanaupekkhāsahagatañca,4,5.080358571707991e-06
8064,naaniyyānikañca,4,5.080358571707991e-06
8065,ajjhattabahiddhārammaṇaṁ,4,5.080358571707991e-06
8066,sappaccayadukasadisaṁ,4,5.080358571707991e-06
8067,upanissayādi,4,5.080358571707991e-06
8068,kilesavippayuttassa,4,5.080358571707991e-06
8069,apariyāpannassa,4,5.080358571707991e-06
8070,nasappaṭighassa,4,5.080358571707991e-06
8071,nanosaññojanaṁ,4,5.080358571707991e-06
8072,nanosaññojanañca,4,5.080358571707991e-06
8073,nasaññojaniyo,4,5.080358571707991e-06
8074,nasaññojanavippayuttañceva,4,5.080358571707991e-06
8075,naganthaniyo,4,5.080358571707991e-06
8076,naaganthaniyañceva,4,5.080358571707991e-06
8077,naparāmaṭṭhaṁ,4,5.080358571707991e-06
8078,naparāmāsañceva,4,5.080358571707991e-06
8079,naparāmāso,4,5.080358571707991e-06
8080,nasaṅkilesiko,4,5.080358571707991e-06
8081,naasaṅkilesikaṁ,4,5.080358571707991e-06
8082,nasaṅkiliṭṭho,4,5.080358571707991e-06
8083,naasaṅkiliṭṭhaṁ,4,5.080358571707991e-06
8084,naasaṅkiliṭṭhañca,4,5.080358571707991e-06
8085,nakilesavippayutto,4,5.080358571707991e-06
8086,nakilesavippayuttañca,4,5.080358571707991e-06
8087,ahiriko,4,5.080358571707991e-06
8088,anottappī,4,5.080358571707991e-06
8089,asampajāno,4,5.080358571707991e-06
8090,kalyāṇamitto,4,5.080358571707991e-06
8091,gilānūpamā,4,5.080358571707991e-06
8092,potthakūpamā,4,5.080358571707991e-06
8093,kāsikavatthūpamā,4,5.080358571707991e-06
8094,sakkatvā,4,5.080358571707991e-06
8095,jigucchitabbo,4,5.080358571707991e-06
8096,ajjhupekkhitabbo,4,5.080358571707991e-06
8097,kalyāṇo,4,5.080358571707991e-06
8098,vajjabahulo,4,5.080358571707991e-06
8099,valāhakūpamā,4,5.080358571707991e-06
8100,mūsikūpamā,4,5.080358571707991e-06
8101,ambūpamā,4,5.080358571707991e-06
8102,kumbhūpamā,4,5.080358571707991e-06
8103,udakarahadūpamā,4,5.080358571707991e-06
8104,balībaddūpamā,4,5.080358571707991e-06
8105,āsīvisūpamā,4,5.080358571707991e-06
8106,rukkhūpamā,4,5.080358571707991e-06
8107,saṁvāsena,4,5.080358571707991e-06
8108,yodhājīvūpamā,4,5.080358571707991e-06
8109,panetaṁ,4,5.080358571707991e-06
8110,pamādamāgamma,4,5.080358571707991e-06
8111,pubbakālaṁ,4,5.080358571707991e-06
8112,aparakālaṁ,4,5.080358571707991e-06
8113,ṭhapanā,4,5.080358571707991e-06
8114,saṇṭhapanā,4,5.080358571707991e-06
8115,parikkhattatā,4,5.080358571707991e-06
8116,pārikkhattiyaṁ,4,5.080358571707991e-06
8117,vippaṭikulaggāhitā,4,5.080358571707991e-06
8118,apariyogāhaṇā,4,5.080358571707991e-06
8119,kukkuccāyitabbaṁ,4,5.080358571707991e-06
8120,kukkuccāyati,4,5.080358571707991e-06
8121,payirupāsati,4,5.080358571707991e-06
8122,gilānā,4,5.080358571707991e-06
8123,gilāno,4,5.080358571707991e-06
8124,ābādhā,4,5.080358571707991e-06
8125,jānāmī,4,5.080358571707991e-06
8126,passāmī,4,5.080358571707991e-06
8127,kaṭṭhena,4,5.080358571707991e-06
8128,kaṭhalāya,4,5.080358571707991e-06
8129,bhiyyoso,4,5.080358571707991e-06
8130,mattāya,4,5.080358571707991e-06
8131,sāvajjānavajje,4,5.080358571707991e-06
8132,hīnappaṇīte,4,5.080358571707991e-06
8133,kaṇhasukkasappaṭibhāge,4,5.080358571707991e-06
8134,vuṭṭhitopi,4,5.080358571707991e-06
8135,vuṭṭhito,4,5.080358571707991e-06
8136,āpajjanti,4,5.080358571707991e-06
8137,mahānisaṁsaṁ,4,5.080358571707991e-06
8138,phāsu,4,5.080358571707991e-06
8139,kiñcāpi,4,5.080358571707991e-06
8140,kāmānañca,4,5.080358571707991e-06
8141,rūpānañca,4,5.080358571707991e-06
8142,kāmesumicchācārī,4,5.080358571707991e-06
8143,kāyakammena,4,5.080358571707991e-06
8144,vacīkammena,4,5.080358571707991e-06
8145,manokammena,4,5.080358571707991e-06
8146,saṅkhittena,4,5.080358571707991e-06
8147,bhāsitassa,4,5.080358571707991e-06
8148,vadati,4,5.080358571707991e-06
8149,sahitāsahitassa,4,5.080358571707991e-06
8150,evarūpāya,4,5.080358571707991e-06
8151,parisāya,4,5.080358571707991e-06
8152,dhammakathikotveva,4,5.080358571707991e-06
8153,saṅkhaṁ,4,5.080358571707991e-06
8154,valāhako,4,5.080358571707991e-06
8155,pariyāpuṇāti,4,5.080358571707991e-06
8156,āmaṁ,4,5.080358571707991e-06
8157,pakkavaṇṇi,4,5.080358571707991e-06
8158,pakkaṁ,4,5.080358571707991e-06
8159,āmavaṇṇi,4,5.080358571707991e-06
8160,ambaṁ,4,5.080358571707991e-06
8161,udakarahado,4,5.080358571707991e-06
8162,ubbejitā,4,5.080358571707991e-06
8163,balībaddo,4,5.080358571707991e-06
8164,āsīviso,4,5.080358571707991e-06
8165,vaṇṇopi,4,5.080358571707991e-06
8166,avaṇṇopi,4,5.080358571707991e-06
8167,avaṇṇo,4,5.080358571707991e-06
8168,vaṇṇo,4,5.080358571707991e-06
8169,kasirena,4,5.080358571707991e-06
8170,annassa,4,5.080358571707991e-06
8171,pānassa,4,5.080358571707991e-06
8172,vatthassa,4,5.080358571707991e-06
8173,yānassa,4,5.080358571707991e-06
8174,mālāgandhavilepanassa,4,5.080358571707991e-06
8175,seyyāvasathapadīpeyyassa,4,5.080358571707991e-06
8176,pamāṇaṁ,4,5.080358571707991e-06
8177,samādhisampadāya,4,5.080358571707991e-06
8178,paññāsampanno,4,5.080358571707991e-06
8179,paññāsampadāya,4,5.080358571707991e-06
8180,vimuttisampanno,4,5.080358571707991e-06
8181,vimuttisampadāya,4,5.080358571707991e-06
8182,vimuttiñāṇadassanasampanno,4,5.080358571707991e-06
8183,vimuttiñāṇadassanasampadāya,4,5.080358571707991e-06
8184,thane,4,5.080358571707991e-06
8185,sabbapāṇabhūtahitānukampī,4,5.080358571707991e-06
8186,araññaṁ,4,5.080358571707991e-06
8187,rukkhamūlaṁ,4,5.080358571707991e-06
8188,susānaṁ,4,5.080358571707991e-06
8189,nisīdati,4,5.080358571707991e-06
8190,ujuṁ,4,5.080358571707991e-06
8191,paṇidhāya,4,5.080358571707991e-06
8192,upakkilese,4,5.080358571707991e-06
8193,abhininnāmeti,4,5.080358571707991e-06
8194,evaṁnāmo,4,5.080358571707991e-06
8195,evaṅgotto,4,5.080358571707991e-06
8196,evaṁvaṇṇo,4,5.080358571707991e-06
8197,evamāhāro,4,5.080358571707991e-06
8198,evamāyupariyanto,4,5.080358571707991e-06
8199,lokuttaramaggassa,4,5.080358571707991e-06
8200,atthamaññāya,4,5.080358571707991e-06
8201,dhammamaññāya,4,5.080358571707991e-06
8202,dhammānudhammappaṭipanno,4,5.080358571707991e-06
8203,evamassa,4,5.080358571707991e-06
8204,vacanīyo,4,5.080358571707991e-06
8205,āyasmato,4,5.080358571707991e-06
8206,ārambhajā,4,5.080358571707991e-06
8207,saṁvijjanti,4,5.080358571707991e-06
8208,vippaṭisārajā,4,5.080358571707991e-06
8209,vatāyasmā,4,5.080358571707991e-06
8210,bhāvetu,4,5.080358571707991e-06
8211,evamāyasmā,4,5.080358571707991e-06
8212,itthiṁ,4,5.080358571707991e-06
8213,araññagato,4,5.080358571707991e-06
8214,rukkhamūlagato,4,5.080358571707991e-06
8215,suññāgāragato,4,5.080358571707991e-06
8216,pāmokkho,4,5.080358571707991e-06
8217,nirāmisā,4,5.080358571707991e-06
8218,vivekanissitaṁ,4,5.080358571707991e-06
8219,virāganissitaṁ,4,5.080358571707991e-06
8220,nirodhanissitaṁ,4,5.080358571707991e-06
8221,vossaggapariṇāmiṁ,4,5.080358571707991e-06
8222,dhammavicayasambojjhaṅgaṁ,4,5.080358571707991e-06
8223,vīriyasambojjhaṅgaṁ,4,5.080358571707991e-06
8224,pītisambojjhaṅgaṁ,4,5.080358571707991e-06
8225,passaddhisambojjhaṅgaṁ,4,5.080358571707991e-06
8226,samādhisambojjhaṅgaṁ,4,5.080358571707991e-06
8227,jīvikaṁ,4,5.080358571707991e-06
8228,aṇumattesu,4,5.080358571707991e-06
8229,vajjesu,4,5.080358571707991e-06
8230,bhayadassāvī,4,5.080358571707991e-06
8231,samādāya,4,5.080358571707991e-06
8232,appasaddaṁ,4,5.080358571707991e-06
8233,anākiṇṇaṁ,4,5.080358571707991e-06
8234,gahaṭṭhehi,4,5.080358571707991e-06
8235,pabbajitehi,4,5.080358571707991e-06
8236,tadeva,4,5.080358571707991e-06
8237,pañcupādānakkhandhā,4,5.080358571707991e-06
8238,akalyatā,4,5.080358571707991e-06
8239,pītisukhan,4,5.080358571707991e-06
8240,gaṇanānupubbatā,4,5.080358571707991e-06
8241,atikkanto,4,5.080358571707991e-06
8242,vītikkanto,4,5.080358571707991e-06
8243,samatikkanto,4,5.080358571707991e-06
8244,parittārammaṇan,4,5.080358571707991e-06
8245,mahaggatārammaṇan,4,5.080358571707991e-06
8246,maggahetukan,4,5.080358571707991e-06
8247,manāpaṁ,4,5.080358571707991e-06
8248,disan,4,5.080358571707991e-06
8249,puratthimaṁ,4,5.080358571707991e-06
8250,pacchimaṁ,4,5.080358571707991e-06
8251,uttaraṁ,4,5.080358571707991e-06
8252,yatheva,4,5.080358571707991e-06
8253,pariyādāyavacanametaṁ,4,5.080358571707991e-06
8254,vipulenā,4,5.080358571707991e-06
8255,jarāmaraṇe,4,5.080358571707991e-06
8256,jarāmaraṇanirodhagāminiyā,4,5.080358571707991e-06
8257,saṅkhāranirodhagāminiyā,4,5.080358571707991e-06
8258,paṭivijānāti,4,5.080358571707991e-06
8259,dānamayā,4,5.080358571707991e-06
8260,sīlamayā,4,5.080358571707991e-06
8261,pariye,4,5.080358571707991e-06
8262,ṭhānato,4,5.080358571707991e-06
8263,aṭṭhānañca,4,5.080358571707991e-06
8264,aṭṭhānato,4,5.080358571707991e-06
8265,aniccanti,4,5.080358571707991e-06
8266,taṇṭhānaṁ,4,5.080358571707991e-06
8267,abhijānantassa,4,5.080358571707991e-06
8268,nikāmalābhissa,4,5.080358571707991e-06
8269,pharantassa,4,5.080358571707991e-06
8270,saṅkhāraṁ,4,5.080358571707991e-06
8271,lokadhātuyā,4,5.080358571707991e-06
8272,iṭṭho,4,5.080358571707991e-06
8273,kanto,4,5.080358571707991e-06
8274,manāpo,4,5.080358571707991e-06
8275,aniṭṭho,4,5.080358571707991e-06
8276,akanto,4,5.080358571707991e-06
8277,seviṁsu,4,5.080358571707991e-06
8278,bhajiṁsu,4,5.080358571707991e-06
8279,payirupāsiṁsu,4,5.080358571707991e-06
8280,sevissanti,4,5.080358571707991e-06
8281,bhajissanti,4,5.080358571707991e-06
8282,pacceti,4,5.080358571707991e-06
8283,samādhikusalo,4,5.080358571707991e-06
8284,samāpattikusalo,4,5.080358571707991e-06
8285,thambho,4,5.080358571707991e-06
8286,sārambho,4,5.080358571707991e-06
8287,atricchatā,4,5.080358571707991e-06
8288,siṅgaṁ,4,5.080358571707991e-06
8289,tintiṇaṁ,4,5.080358571707991e-06
8290,cāpalyaṁ,4,5.080358571707991e-06
8291,tandī,4,5.080358571707991e-06
8292,kuhanā,4,5.080358571707991e-06
8293,lapanā,4,5.080358571707991e-06
8294,atimāno,4,5.080358571707991e-06
8295,mānātimāno,4,5.080358571707991e-06
8296,adhimāno,4,5.080358571707991e-06
8297,asmimāno,4,5.080358571707991e-06
8298,micchāmāno,4,5.080358571707991e-06
8299,anajjavo,4,5.080358571707991e-06
8300,akkhanti,4,5.080358571707991e-06
8301,esanā,4,5.080358571707991e-06
8302,assādadiṭṭhi,4,5.080358571707991e-06
8303,attānudiṭṭhi,4,5.080358571707991e-06
8304,assaddhiyaṁ,4,5.080358571707991e-06
8305,adassanakamyatā,4,5.080358571707991e-06
8306,asotukamyatā,4,5.080358571707991e-06
8307,diṭṭhadhammanibbānavādā,4,5.080358571707991e-06
8308,chandarāgā,4,5.080358571707991e-06
8309,gehasitā,4,5.080358571707991e-06
8310,antaggāhikā,4,5.080358571707991e-06
8311,lābhasakkārasilokasannissitassa,4,5.080358571707991e-06
8312,pāpicchassa,4,5.080358571707991e-06
8313,icchāpakatassa,4,5.080358571707991e-06
8314,bhavacchando,4,5.080358571707991e-06
8315,pisuṇā,4,5.080358571707991e-06
8316,pharusā,4,5.080358571707991e-06
8317,seyyohamasmī,4,5.080358571707991e-06
8318,sadisohamasmī,4,5.080358571707991e-06
8319,hīnohamasmī,4,5.080358571707991e-06
8320,saññāvipariyāso,4,5.080358571707991e-06
8321,cittavipariyāso,4,5.080358571707991e-06
8322,diṭṭhivipariyāso,4,5.080358571707991e-06
8323,abhivadanti,4,5.080358571707991e-06
8324,bhikkhunā,4,5.080358571707991e-06
8325,kilanto,4,5.080358571707991e-06
8326,nigamaṁ,4,5.080358571707991e-06
8327,piṇḍāya,4,5.080358571707991e-06
8328,caranto,4,5.080358571707991e-06
8329,lūkhassa,4,5.080358571707991e-06
8330,bhojanassa,4,5.080358571707991e-06
8331,vessosmīti,4,5.080358571707991e-06
8332,suddosmīti,4,5.080358571707991e-06
8333,gahaṭṭhosmīti,4,5.080358571707991e-06
8334,pabbajitosmīti,4,5.080358571707991e-06
8335,devosmīti,4,5.080358571707991e-06
8336,manussosmīti,4,5.080358571707991e-06
8337,rūpīsmīti,4,5.080358571707991e-06
8338,arūpīsmīti,4,5.080358571707991e-06
8339,saññīsmīti,4,5.080358571707991e-06
8340,asaññīsmīti,4,5.080358571707991e-06
8341,ekādasāyatanāni,4,5.080358571707991e-06
8342,navāyatanāni,4,5.080358571707991e-06
8343,sattāyatanāni,4,5.080358571707991e-06
8344,cattārindriyāni,4,5.080358571707991e-06
8345,tiṁsarattiyo,4,5.080358571707991e-06
8346,bhāvetabbo,4,5.080358571707991e-06
8347,sacchikātabbo,4,5.080358571707991e-06
8348,savitakkasavicāran,4,5.080358571707991e-06
8349,avitakkavicāramattan,4,5.080358571707991e-06
8350,avitakkaavicāran,4,5.080358571707991e-06
8351,niyakaṁ,4,5.080358571707991e-06
8352,pāṭipuggalikaṁ,4,5.080358571707991e-06
8353,akusalāya,4,5.080358571707991e-06
8354,akusalābyākatā,4,5.080358571707991e-06
8355,kusalāya,4,5.080358571707991e-06
8356,abyākatāya,4,5.080358571707991e-06
8357,anāsavāya,4,5.080358571707991e-06
8358,sāsavāya,4,5.080358571707991e-06
8359,nīvaraṇavippayuttaanīvaraṇiyo,4,5.080358571707991e-06
8360,parāmāsavippayuttaaparāmaṭṭho,4,5.080358571707991e-06
8361,upādānavippayuttaanupādāniyo,4,5.080358571707991e-06
8362,kilesavippayuttaasaṅkilesiko,4,5.080358571707991e-06
8363,ubhatovaḍḍhakaṁ,4,5.080358571707991e-06
8364,dukkhasahagatā,4,5.080358571707991e-06
8365,sahetukañcā,4,5.080358571707991e-06
8366,hetusampayuttañcā,4,5.080358571707991e-06
8367,hetusahetukaṁ,4,5.080358571707991e-06
8368,hetuahetukaṁ,4,5.080358571707991e-06
8369,hetusahetukan,4,5.080358571707991e-06
8370,hetuahetukan,4,5.080358571707991e-06
8371,āsavasampayuttañcā,4,5.080358571707991e-06
8372,saṁyojanasampayuttañcā,4,5.080358571707991e-06
8373,nīvaraṇasampayuttañcā,4,5.080358571707991e-06
8374,upādānasampayuttañcā,4,5.080358571707991e-06
8375,saṅkiliṭṭhañcā,4,5.080358571707991e-06
8376,kilesasampayuttañcā,4,5.080358571707991e-06
8377,kharigataṁ,4,5.080358571707991e-06
8378,taco,4,5.080358571707991e-06
8379,nhāru,4,5.080358571707991e-06
8380,aṭṭhi,4,5.080358571707991e-06
8381,aṭṭhimiñjaṁ,4,5.080358571707991e-06
8382,vakkaṁ,4,5.080358571707991e-06
8383,yakanaṁ,4,5.080358571707991e-06
8384,kilomakaṁ,4,5.080358571707991e-06
8385,pihakaṁ,4,5.080358571707991e-06
8386,papphāsaṁ,4,5.080358571707991e-06
8387,antaṁ,4,5.080358571707991e-06
8388,antaguṇaṁ,4,5.080358571707991e-06
8389,udariyaṁ,4,5.080358571707991e-06
8390,karīsaṁ,4,5.080358571707991e-06
8391,pittaṁ,4,5.080358571707991e-06
8392,semhaṁ,4,5.080358571707991e-06
8393,pubbo,4,5.080358571707991e-06
8394,medo,4,5.080358571707991e-06
8395,vasā,4,5.080358571707991e-06
8396,kheḷo,4,5.080358571707991e-06
8397,siṅghāṇikā,4,5.080358571707991e-06
8398,lasikā,4,5.080358571707991e-06
8399,asitapītakhāyitasāyitaṁ,4,5.080358571707991e-06
8400,nekkhammadhātu,4,5.080358571707991e-06
8401,abyāpādadhātu,4,5.080358571707991e-06
8402,avihiṁsādhātu,4,5.080358571707991e-06
8403,ghānañca,4,5.080358571707991e-06
8404,yampicchaṁ,4,5.080358571707991e-06
8405,sattanikāye,4,5.080358571707991e-06
8406,tiṇṇañca,4,5.080358571707991e-06
8407,kusalamūlānaṁ,4,5.080358571707991e-06
8408,soḷasindriyā,4,5.080358571707991e-06
8409,nāmahetuko,4,5.080358571707991e-06
8410,nāmasampayutto,4,5.080358571707991e-06
8411,upekkhāsantīraṇacitta,4,5.080358571707991e-06
8412,anupassanā,4,5.080358571707991e-06
8413,ātāpo,4,5.080358571707991e-06
8414,upādānakkhandhā,4,5.080358571707991e-06
8415,vinītā,4,5.080358571707991e-06
8416,paṭivinītā,4,5.080358571707991e-06
8417,natthissa,4,5.080358571707991e-06
8418,uṭṭhapeti,4,5.080358571707991e-06
8419,samuṭṭhapeti,4,5.080358571707991e-06
8420,nibbatteti,4,5.080358571707991e-06
8421,abhinibbatteti,4,5.080358571707991e-06
8422,vāyāmena,4,5.080358571707991e-06
8423,samārabhati,4,5.080358571707991e-06
8424,sampaggaṇhāti,4,5.080358571707991e-06
8425,upatthambheti,4,5.080358571707991e-06
8426,paccupatthambheti,4,5.080358571707991e-06
8427,padhānena,4,5.080358571707991e-06
8428,asammoso,4,5.080358571707991e-06
8429,bhiyyobhāvo,4,5.080358571707991e-06
8430,vepullaṁ,4,5.080358571707991e-06
8431,cittassekaggataṁ,4,5.080358571707991e-06
8432,saṅkhyaṁ,4,5.080358571707991e-06
8433,mūlayamaka,4,5.080358571707991e-06
8434,kusalamūlamūlā,4,5.080358571707991e-06
8435,akusalamūlā,4,5.080358571707991e-06
8436,akusalamūlamūlā,4,5.080358571707991e-06
8437,abyākatamūlā,4,5.080358571707991e-06
8438,abyākatamūlamūlā,4,5.080358571707991e-06
8439,nāmamūlā,4,5.080358571707991e-06
8440,nāmamūlamūlā,4,5.080358571707991e-06
8441,ekamūlāti,4,5.080358571707991e-06
8442,aññamaññamūlāti,4,5.080358571707991e-06
8443,ekamūlāni,4,5.080358571707991e-06
8444,aññamaññamūlāni,4,5.080358571707991e-06
8445,kusalamūlasahajātā,4,5.080358571707991e-06
8446,ekamūlamūlāti,4,5.080358571707991e-06
8447,aññamaññamūlamūlāti,4,5.080358571707991e-06
8448,ekamūlamūlāni,4,5.080358571707991e-06
8449,aññamaññamūlamūlāni,4,5.080358571707991e-06
8450,ekamūlakāti,4,5.080358571707991e-06
8451,aññamaññamūlakāti,4,5.080358571707991e-06
8452,ekamūlakāni,4,5.080358571707991e-06
8453,aññamaññamūlakāni,4,5.080358571707991e-06
8454,ekamūlamūlakāti,4,5.080358571707991e-06
8455,aññamaññamūlamūlakāti,4,5.080358571707991e-06
8456,ekamūlamūlakāni,4,5.080358571707991e-06
8457,aññamaññamūlamūlakāni,4,5.080358571707991e-06
8458,akusalamūlasahajātā,4,5.080358571707991e-06
8459,abyākatamūlasahajātā,4,5.080358571707991e-06
8460,nāmamūlasahajātā,4,5.080358571707991e-06
8461,jivhāti,4,5.080358571707991e-06
8462,somanassasampayuttapacchimacittasamaṅgīnaṁ,4,5.080358571707991e-06
8463,sīlagandho,4,5.080358571707991e-06
8464,samādhigandho,4,5.080358571707991e-06
8465,paññāgandho,4,5.080358571707991e-06
8466,gandhoti,4,5.080358571707991e-06
8467,attharaso,4,5.080358571707991e-06
8468,dhammaraso,4,5.080358571707991e-06
8469,vimuttiraso,4,5.080358571707991e-06
8470,rasoti,4,5.080358571707991e-06
8471,uppādavārepi,4,5.080358571707991e-06
8472,nirodhavārepi,4,5.080358571707991e-06
8473,paccuppannātītā,4,5.080358571707991e-06
8474,dhātuyamaka,4,5.080358571707991e-06
8475,manoviññāṇadhātūti,4,5.080358571707991e-06
8476,paṇṇatti,4,5.080358571707991e-06
8477,maggañca,4,5.080358571707991e-06
8478,aggaphalassa,4,5.080358571707991e-06
8479,vaciñca,4,5.080358571707991e-06
8480,paṭhamajjhāne,4,5.080358571707991e-06
8481,anāgāmimaggasamaṅgiṁ,4,5.080358571707991e-06
8482,upapajjamāno,4,5.080358571707991e-06
8483,kāmadhātuṁyeva,4,5.080358571707991e-06
8484,uppajjamānañca,4,5.080358571707991e-06
8485,uppādakkhaṇaṁ,4,5.080358571707991e-06
8486,bhaṅgakkhaṇaṁ,4,5.080358571707991e-06
8487,uppādakkhaṇañca,4,5.080358571707991e-06
8488,bhaṅgakkhaṇañca,4,5.080358571707991e-06
8489,kusalavippayuttaakusalavippayuttacittassa,4,5.080358571707991e-06
8490,akusalavippayuttakusalavippayuttacittassa,4,5.080358571707991e-06
8491,dukamātikā,3,3.8102689287809933e-06
8492,saññojanagocchakaṁ,3,3.8102689287809933e-06
8493,ganthagocchakaṁ,3,3.8102689287809933e-06
8494,oghagocchaka,3,3.8102689287809933e-06
8495,oghasampayuttā,3,3.8102689287809933e-06
8496,yogagocchaka,3,3.8102689287809933e-06
8497,yogasampayuttā,3,3.8102689287809933e-06
8498,nīvaraṇagocchakaṁ,3,3.8102689287809933e-06
8499,parāmāsagocchakaṁ,3,3.8102689287809933e-06
8500,upādānaduka,3,3.8102689287809933e-06
8501,upādānagocchakaṁ,3,3.8102689287809933e-06
8502,piṭṭhidukaṁ,3,3.8102689287809933e-06
8503,vijjābhāgino,3,3.8102689287809933e-06
8504,avijjābhāgino,3,3.8102689287809933e-06
8505,vijjūpamā,3,3.8102689287809933e-06
8506,vajirūpamā,3,3.8102689287809933e-06
8507,adhivacanā,3,3.8102689287809933e-06
8508,ahirikañca,3,3.8102689287809933e-06
8509,ottappañca,3,3.8102689287809933e-06
8510,āpattivuṭṭhānakusalatā,3,3.8102689287809933e-06
8511,samāpattivuṭṭhānakusalatā,3,3.8102689287809933e-06
8512,paṭiccasamuppādakusalatā,3,3.8102689287809933e-06
8513,ṭhānakusalatā,3,3.8102689287809933e-06
8514,aṭṭhānakusalatā,3,3.8102689287809933e-06
8515,ajjavo,3,3.8102689287809933e-06
8516,maddavo,3,3.8102689287809933e-06
8517,paṭisanthāro,3,3.8102689287809933e-06
8518,diṭṭhivisuddhi,3,3.8102689287809933e-06
8519,paṭhamabhāṇavāro,3,3.8102689287809933e-06
8520,sattamaṁ,3,3.8102689287809933e-06
8521,rūpāvacarakusala,3,3.8102689287809933e-06
8522,abhibhāyatanāni,3,3.8102689287809933e-06
8523,imānipi,3,3.8102689287809933e-06
8524,arūpāvacarakusala,3,3.8102689287809933e-06
8525,vacīduccaritehi,3,3.8102689287809933e-06
8526,kāyaduccaritehi,3,3.8102689287809933e-06
8527,tanubhāvāya,3,3.8102689287809933e-06
8528,diṭṭhānaṁ,3,3.8102689287809933e-06
8529,pattānaṁ,3,3.8102689287809933e-06
8530,viditānaṁ,3,3.8102689287809933e-06
8531,sacchikatānaṁ,3,3.8102689287809933e-06
8532,vicikicchāsampayuttaṁ,3,3.8102689287809933e-06
8533,uddhaccasampayuttaṁ,3,3.8102689287809933e-06
8534,kusalavipākā,3,3.8102689287809933e-06
8535,dandhābhiññanti,3,3.8102689287809933e-06
8536,khippābhiññanti,3,3.8102689287809933e-06
8537,rūpakaṇḍa,3,3.8102689287809933e-06
8538,manoviññeyyaṁ,3,3.8102689287809933e-06
8539,ekakaniddesa,3,3.8102689287809933e-06
8540,cakkhumhi,3,3.8102689287809933e-06
8541,abhikkamantassa,3,3.8102689287809933e-06
8542,paṭikkamantassa,3,3.8102689287809933e-06
8543,ālokentassa,3,3.8102689287809933e-06
8544,vilokentassa,3,3.8102689287809933e-06
8545,samiñjentassa,3,3.8102689287809933e-06
8546,pasārentassa,3,3.8102689287809933e-06
8547,santhambhanā,3,3.8102689287809933e-06
8548,santhambhitattaṁ,3,3.8102689287809933e-06
8549,girā,3,3.8102689287809933e-06
8550,byappatho,3,3.8102689287809933e-06
8551,udīraṇaṁ,3,3.8102689287809933e-06
8552,ghosakammaṁ,3,3.8102689287809933e-06
8553,ācayo,3,3.8102689287809933e-06
8554,odano,3,3.8102689287809933e-06
8555,kummāso,3,3.8102689287809933e-06
8556,sattu,3,3.8102689287809933e-06
8557,maccho,3,3.8102689287809933e-06
8558,mukhāsiyaṁ,3,3.8102689287809933e-06
8559,dantavikhādanaṁ,3,3.8102689287809933e-06
8560,galajjhoharaṇīyaṁ,3,3.8102689287809933e-06
8561,kucchivitthambhanaṁ,3,3.8102689287809933e-06
8562,ojāya,3,3.8102689287809933e-06
8563,tikaniddesa,3,3.8102689287809933e-06
8564,nikkhepakaṇḍa,3,3.8102689287809933e-06
8565,pītibhūmiyaṁ,3,3.8102689287809933e-06
8566,upekkhābhūmiyaṁ,3,3.8102689287809933e-06
8567,tadekaṭṭho,3,3.8102689287809933e-06
8568,sammādiṭṭhiṁ,3,3.8102689287809933e-06
8569,kāmāvacarahetū,3,3.8102689287809933e-06
8570,rūpāvacarahetū,3,3.8102689287809933e-06
8571,arūpāvacarahetū,3,3.8102689287809933e-06
8572,nandīrāgo,3,3.8102689287809933e-06
8573,paligedho,3,3.8102689287809933e-06
8574,āyūhinī,3,3.8102689287809933e-06
8575,āsisanā,3,3.8102689287809933e-06
8576,āsisitattaṁ,3,3.8102689287809933e-06
8577,pajappā,3,3.8102689287809933e-06
8578,chādanaṁ,3,3.8102689287809933e-06
8579,kiriyābyākatesu,3,3.8102689287809933e-06
8580,bhavachando,3,3.8102689287809933e-06
8581,bhavanandī,3,3.8102689287809933e-06
8582,bhavasineho,3,3.8102689287809933e-06
8583,bhavapariḷāho,3,3.8102689287809933e-06
8584,bhavamucchā,3,3.8102689287809933e-06
8585,avijjāsavena,3,3.8102689287809933e-06
8586,akallatā,3,3.8102689287809933e-06
8587,pavedentīti,3,3.8102689287809933e-06
8588,sīlabbatupādānañca,3,3.8102689287809933e-06
8589,attavādupādānañca,3,3.8102689287809933e-06
8590,kāmupādānena,3,3.8102689287809933e-06
8591,akaniṭṭhe,3,3.8102689287809933e-06
8592,nāmakammaṁ,3,3.8102689287809933e-06
8593,nāmadheyyaṁ,3,3.8102689287809933e-06
8594,byañjanaṁ,3,3.8102689287809933e-06
8595,abhilāpo,3,3.8102689287809933e-06
8596,sīlavanto,3,3.8102689287809933e-06
8597,samāpatti,3,3.8102689287809933e-06
8598,sambhavanti,3,3.8102689287809933e-06
8599,soraccaṁ,3,3.8102689287809933e-06
8600,kaṇṇasukhā,3,3.8102689287809933e-06
8601,pemanīyā,3,3.8102689287809933e-06
8602,hadayaṅgamā,3,3.8102689287809933e-06
8603,porī,3,3.8102689287809933e-06
8604,bahujanakantā,3,3.8102689287809933e-06
8605,bahujanamanāpā,3,3.8102689287809933e-06
8606,gutti,3,3.8102689287809933e-06
8607,gopanā,3,3.8102689287809933e-06
8608,yāvadeva,3,3.8102689287809933e-06
8609,yāpanāya,3,3.8102689287809933e-06
8610,vihiṁsūparatiyā,3,3.8102689287809933e-06
8611,brahmacariyānuggahāya,3,3.8102689287809933e-06
8612,purāṇañca,3,3.8102689287809933e-06
8613,paṭihaṅkhāmi,3,3.8102689287809933e-06
8614,navañca,3,3.8102689287809933e-06
8615,uppādessāmi,3,3.8102689287809933e-06
8616,yātrā,3,3.8102689287809933e-06
8617,anavajjatā,3,3.8102689287809933e-06
8618,santuṭṭhitā,3,3.8102689287809933e-06
8619,bhāvanābalaṁ,3,3.8102689287809933e-06
8620,adhimutti,3,3.8102689287809933e-06
8621,sampayuttātipi,3,3.8102689287809933e-06
8622,rūpāvacaradukatikajjhānā,3,3.8102689287809933e-06
8623,lokuttaradukatikajjhānā,3,3.8102689287809933e-06
8624,ñāṇavippayuttacittuppādā,3,3.8102689287809933e-06
8625,parittārammaṇātipi,3,3.8102689287809933e-06
8626,mahaggatārammaṇātipi,3,3.8102689287809933e-06
8627,maggārammaṇātipi,3,3.8102689287809933e-06
8628,maggādhipatinotipi,3,3.8102689287809933e-06
8629,uppādinoti,3,3.8102689287809933e-06
8630,atītārammaṇātipi,3,3.8102689287809933e-06
8631,anāgatārammaṇātipi,3,3.8102689287809933e-06
8632,kiriyahetu,3,3.8102689287809933e-06
8633,ahetukamanoviññāṇadhātuyo,3,3.8102689287809933e-06
8634,vicikicchāsahagatesu,3,3.8102689287809933e-06
8635,nīvaraṇātipi,3,3.8102689287809933e-06
8636,kilesātipi,3,3.8102689287809933e-06
8637,saṅgaho,3,3.8102689287809933e-06
8638,cittavisaṁsaṭṭhehi,3,3.8102689287809933e-06
8639,gocchakesu,3,3.8102689287809933e-06
8640,dasamo,3,3.8102689287809933e-06
8641,upari,3,3.8102689287809933e-06
8642,tikesu,3,3.8102689287809933e-06
8643,mahantaraduke,3,3.8102689287809933e-06
8644,jīvitindriyena,3,3.8102689287809933e-06
8645,cittasahabhūhi,3,3.8102689287809933e-06
8646,cittānuparivattīhi,3,3.8102689287809933e-06
8647,saddāyatanañca,3,3.8102689287809933e-06
8648,nevasaññānāsaññābhavo,3,3.8102689287809933e-06
8649,tīhāyatanehi,3,3.8102689287809933e-06
8650,sampayuttanti,3,3.8102689287809933e-06
8651,oṭṭho,3,3.8102689287809933e-06
8652,goṇo,3,3.8102689287809933e-06
8653,gadrabho,3,3.8102689287809933e-06
8654,sūkaro,3,3.8102689287809933e-06
8655,sotāpannova,3,3.8102689287809933e-06
8656,khandhesu,3,3.8102689287809933e-06
8657,kusalopi,3,3.8102689287809933e-06
8658,niruddhāya,3,3.8102689287809933e-06
8659,micchāājīvaṁ,3,3.8102689287809933e-06
8660,cakkhudhātuṁ,3,3.8102689287809933e-06
8661,dhammadhātuṁ,3,3.8102689287809933e-06
8662,bāvīsatīnaṁ,3,3.8102689287809933e-06
8663,rukkhaṁ,3,3.8102689287809933e-06
8664,chāyāya,3,3.8102689287809933e-06
8665,raṭṭhaṁ,3,3.8102689287809933e-06
8666,rūpavā,3,3.8102689287809933e-06
8667,itthīti,3,3.8102689287809933e-06
8668,purisoti,3,3.8102689287809933e-06
8669,sayaṅkataṁ,3,3.8102689287809933e-06
8670,sayaṅkatañca,3,3.8102689287809933e-06
8671,paraṅkatañca,3,3.8102689287809933e-06
8672,asayaṅkāraṁ,3,3.8102689287809933e-06
8673,aparaṅkāraṁ,3,3.8102689287809933e-06
8674,adhiccasamuppannaṁ,3,3.8102689287809933e-06
8675,vikubbati,3,3.8102689287809933e-06
8676,paracittaṁ,3,3.8102689287809933e-06
8677,buddhapātubhāvā,3,3.8102689287809933e-06
8678,saṅkhatañca,3,3.8102689287809933e-06
8679,asaṅkhatañca,3,3.8102689287809933e-06
8680,atthaññā,3,3.8102689287809933e-06
8681,nikkhamitvā,3,3.8102689287809933e-06
8682,dukkhameva,3,3.8102689287809933e-06
8683,yampidaṁ,3,3.8102689287809933e-06
8684,assā,3,3.8102689287809933e-06
8685,bhavissāmi,3,3.8102689287809933e-06
8686,nicco,3,3.8102689287809933e-06
8687,parihānīti,3,3.8102689287809933e-06
8688,sabbesaṁyeva,3,3.8102689287809933e-06
8689,sakadāgāmiphale,3,3.8102689287809933e-06
8690,kiccaṁ,3,3.8102689287809933e-06
8691,karaṇīyaṁ,3,3.8102689287809933e-06
8692,ṭhitaṁ,3,3.8102689287809933e-06
8693,kammārāmatā,3,3.8102689287809933e-06
8694,saṅgaṇikārāmatā,3,3.8102689287809933e-06
8695,pariyuṭṭhito,3,3.8102689287809933e-06
8696,anusayaṁ,3,3.8102689287809933e-06
8697,hatthasaṁvācikā,3,3.8102689287809933e-06
8698,subhāsitadubbhāsitānaṁ,3,3.8102689287809933e-06
8699,atthamaññātuṁ,3,3.8102689287809933e-06
8700,pañhe,3,3.8102689287809933e-06
8701,acchandikā,3,3.8102689287809933e-06
8702,pāṇātipātino,3,3.8102689287809933e-06
8703,adinnādāyino,3,3.8102689287809933e-06
8704,kāmesumicchācārino,3,3.8102689287809933e-06
8705,musāvādino,3,3.8102689287809933e-06
8706,chandikā,3,3.8102689287809933e-06
8707,lumbiniyā,3,3.8102689287809933e-06
8708,dhammacakkaṁ,3,3.8102689287809933e-06
8709,natthaññatra,3,3.8102689287809933e-06
8710,upāsikānanti,3,3.8102689287809933e-06
8711,anohaṭabhāro,3,3.8102689287809933e-06
8712,appaṭividdhākuppo,3,3.8102689287809933e-06
8713,gantvā,3,3.8102689287809933e-06
8714,tayassu,3,3.8102689287809933e-06
8715,jahitā,3,3.8102689287809933e-06
8716,sakkāyadiṭṭhī,3,3.8102689287809933e-06
8717,vicikicchitañca,3,3.8102689287809933e-06
8718,sīlabbataṁ,3,3.8102689287809933e-06
8719,vāpi,3,3.8102689287809933e-06
8720,yadatthi,3,3.8102689287809933e-06
8721,catūhapāyehi,3,3.8102689287809933e-06
8722,vippamutto,3,3.8102689287809933e-06
8723,samūlaṁ,3,3.8102689287809933e-06
8724,asaṅkilesiyoti,3,3.8102689287809933e-06
8725,saṅkilesiyoti,3,3.8102689287809933e-06
8726,kāmarāgabyāpādan,3,3.8102689287809933e-06
8727,saññānaṁ,3,3.8102689287809933e-06
8728,ahesuṁ,3,3.8102689287809933e-06
8729,virājetvā,3,3.8102689287809933e-06
8730,ahosi,3,3.8102689287809933e-06
8731,sokehi,3,3.8102689287809933e-06
8732,paridevehi,3,3.8102689287809933e-06
8733,dukkhehi,3,3.8102689287809933e-06
8734,domanassehi,3,3.8102689287809933e-06
8735,upāyāsehi,3,3.8102689287809933e-06
8736,ananubodhā,3,3.8102689287809933e-06
8737,appaṭivedhā,3,3.8102689287809933e-06
8738,ariyassa,3,3.8102689287809933e-06
8739,ariyāya,3,3.8102689287809933e-06
8740,vimuttiyā,3,3.8102689287809933e-06
8741,anubuddhā,3,3.8102689287809933e-06
8742,dāni,3,3.8102689287809933e-06
8743,punabbhavo,3,3.8102689287809933e-06
8744,rajjamānaṁ,3,3.8102689287809933e-06
8745,hatthā,3,3.8102689287809933e-06
8746,atītesu,3,3.8102689287809933e-06
8747,pādā,3,3.8102689287809933e-06
8748,chedanabhedanupago,3,3.8102689287809933e-06
8749,kākehi,3,3.8102689287809933e-06
8750,gijjhehi,3,3.8102689287809933e-06
8751,kulalehi,3,3.8102689287809933e-06
8752,addubandhanena,3,3.8102689287809933e-06
8753,rajjubandhanena,3,3.8102689287809933e-06
8754,saṅkhalikabandhanena,3,3.8102689287809933e-06
8755,kaṇṭhapañcamehi,3,3.8102689287809933e-06
8756,bandhanehi,3,3.8102689287809933e-06
8757,bandhitunti,3,3.8102689287809933e-06
8758,tenātītaṁ,3,3.8102689287809933e-06
8759,tenānāgataṁ,3,3.8102689287809933e-06
8760,nibbānan,3,3.8102689287809933e-06
8761,phagguna,3,3.8102689287809933e-06
8762,cete,3,3.8102689287809933e-06
8763,ceteti,3,3.8102689287809933e-06
8764,niruddhāti,3,3.8102689287809933e-06
8765,kāyagatāsati,3,3.8102689287809933e-06
8766,upasamānussatīti,3,3.8102689287809933e-06
8767,paccupaṭṭhitāti,3,3.8102689287809933e-06
8768,kāyagatāsatiṁ,3,3.8102689287809933e-06
8769,bojjhaṅgāti,3,3.8102689287809933e-06
8770,dussilyanti,3,3.8102689287809933e-06
8771,āsīti,3,3.8102689287809933e-06
8772,āsi,3,3.8102689287809933e-06
8773,paṇṇāsako,3,3.8102689287809933e-06
8774,anābhogāti,3,3.8102689287809933e-06
8775,anābhogā,3,3.8102689287809933e-06
8776,maggakathā,3,3.8102689287809933e-06
8777,akusalāpī,3,3.8102689287809933e-06
8778,sābhoganti,3,3.8102689287809933e-06
8779,sīle,3,3.8102689287809933e-06
8780,acetasikan,3,3.8102689287809933e-06
8781,tiṇaṁ,3,3.8102689287809933e-06
8782,vitakkentassa,3,3.8102689287809933e-06
8783,sīlasampannā,3,3.8102689287809933e-06
8784,janā,3,3.8102689287809933e-06
8785,paṭighapariyuṭṭhānaṁ,3,3.8102689287809933e-06
8786,mānapariyuṭṭhānaṁ,3,3.8102689287809933e-06
8787,bhavarāgapariyuṭṭhānaṁ,3,3.8102689287809933e-06
8788,ahetukāti,3,3.8102689287809933e-06
8789,ahetukoti,3,3.8102689287809933e-06
8790,sahetukoti,3,3.8102689287809933e-06
8791,jātidhammā,3,3.8102689287809933e-06
8792,bahulīkatā,3,3.8102689287809933e-06
8793,samādhikathā,3,3.8102689287809933e-06
8794,upapajjeyyāti,3,3.8102689287809933e-06
8795,kolaṅkolatāniyato,3,3.8102689287809933e-06
8796,ekabījitāniyato,3,3.8102689287809933e-06
8797,cakkhundriyasaṁvaro,3,3.8102689287809933e-06
8798,sotindriyasaṁvaro,3,3.8102689287809933e-06
8799,ghānindriyasaṁvaro,3,3.8102689287809933e-06
8800,jivhindriyasaṁvaro,3,3.8102689287809933e-06
8801,manindriyasaṁvaro,3,3.8102689287809933e-06
8802,cakkhundriyaasaṁvaro,3,3.8102689287809933e-06
8803,sotindriyaasaṁvaro,3,3.8102689287809933e-06
8804,ghānindriyaasaṁvaro,3,3.8102689287809933e-06
8805,jivhindriyaasaṁvaro,3,3.8102689287809933e-06
8806,manindriyaasaṁvaro,3,3.8102689287809933e-06
8807,vipākotikathā,3,3.8102689287809933e-06
8808,niyamena,3,3.8102689287809933e-06
8809,voropeyyāti,3,3.8102689287809933e-06
8810,agāravoti,3,3.8102689287809933e-06
8811,voropeyyā,3,3.8102689287809933e-06
8812,mayā,3,3.8102689287809933e-06
8813,ajeḷakaṁ,3,3.8102689287809933e-06
8814,kukkuṭasūkaraṁ,3,3.8102689287809933e-06
8815,hatthigavassavaḷavaṁ,3,3.8102689287809933e-06
8816,yāyaṁ,3,3.8102689287809933e-06
8817,tatratatrābhinandinī,3,3.8102689287809933e-06
8818,vandeyya,3,3.8102689287809933e-06
8819,okkamitunti,3,3.8102689287809933e-06
8820,paṭisaṁharitvā,3,3.8102689287809933e-06
8821,paṭivinetvā,3,3.8102689287809933e-06
8822,arahattamaggaṁ,3,3.8102689287809933e-06
8823,duṭṭho,3,3.8102689287809933e-06
8824,mūḷho,3,3.8102689287809933e-06
8825,kiliṭṭho,3,3.8102689287809933e-06
8826,abhininnāmetī,3,3.8102689287809933e-06
8827,sañjānāti,3,3.8102689287809933e-06
8828,asātarāgoti,3,3.8102689287809933e-06
8829,patthenti,3,3.8102689287809933e-06
8830,pihenti,3,3.8102689287809933e-06
8831,esanti,3,3.8102689287809933e-06
8832,gavesanti,3,3.8102689287809933e-06
8833,pariyesanti,3,3.8102689287809933e-06
8834,tiṭṭhantīti,3,3.8102689287809933e-06
8835,kusalamūlanti,3,3.8102689287809933e-06
8836,akusalamūlanti,3,3.8102689287809933e-06
8837,rajjati,3,3.8102689287809933e-06
8838,sīsaṁ,3,3.8102689287809933e-06
8839,aṭṭhī,3,3.8102689287809933e-06
8840,uppajjantī,3,3.8102689287809933e-06
8841,sotaviññāṇanti,3,3.8102689287809933e-06
8842,kāyaviññāṇanti,3,3.8102689287809933e-06
8843,upādāyāti,3,3.8102689287809933e-06
8844,vajjāni,3,3.8102689287809933e-06
8845,abyākatametaṁ,3,3.8102689287809933e-06
8846,ahitāya,3,3.8102689287809933e-06
8847,apariyāpannanti,3,3.8102689287809933e-06
8848,kammamhi,3,3.8102689287809933e-06
8849,vavatthitāti,3,3.8102689287809933e-06
8850,chandādhipati,3,3.8102689287809933e-06
8851,āsevanāti,3,3.8102689287809933e-06
8852,pañcaddhāti,3,3.8102689287809933e-06
8853,parinipphanno,3,3.8102689287809933e-06
8854,parinipphannan,3,3.8102689287809933e-06
8855,lokiyāti,3,3.8102689287809933e-06
8856,māraṇantiyo,3,3.8102689287809933e-06
8857,māraṇantiyaṁ,3,3.8102689287809933e-06
8858,attanāva,3,3.8102689287809933e-06
8859,pāpaṁ,3,3.8102689287809933e-06
8860,niggaṇhātī,3,3.8102689287809933e-06
8861,anuppadeti,3,3.8102689287809933e-06
8862,nibbindati,3,3.8102689287809933e-06
8863,sahetukan,3,3.8102689287809933e-06
8864,akusalan,3,3.8102689287809933e-06
8865,adukkhamasukhavedaniyaṁ,3,3.8102689287809933e-06
8866,ekanirodhaṁ,3,3.8102689287809933e-06
8867,arūpāvacaran,3,3.8102689287809933e-06
8868,kammato,3,3.8102689287809933e-06
8869,apacināti,3,3.8102689287809933e-06
8870,voropetīti,3,3.8102689287809933e-06
8871,kammavipākena,3,3.8102689287809933e-06
8872,palapeyya,3,3.8102689287809933e-06
8873,chindeyya,3,3.8102689287809933e-06
8874,hareyya,3,3.8102689287809933e-06
8875,gaccheyya,3,3.8102689287809933e-06
8876,gāmaghātakaṁ,3,3.8102689287809933e-06
8877,nigamaghātakaṁ,3,3.8102689287809933e-06
8878,indriyabaddhaṁ,3,3.8102689287809933e-06
8879,pariññāya,3,3.8102689287809933e-06
8880,bhagavati,3,3.8102689287809933e-06
8881,dukkhasamudayopi,3,3.8102689287809933e-06
8882,paṭiggaṇhātīti,3,3.8102689287809933e-06
8883,anupalitto,3,3.8102689287809933e-06
8884,sāriputta,3,3.8102689287809933e-06
8885,deseyyaṁ,3,3.8102689287809933e-06
8886,desemi,3,3.8102689287809933e-06
8887,desayato,3,3.8102689287809933e-06
8888,anāgāmīti,3,3.8102689287809933e-06
8889,sacchikarontīti,3,3.8102689287809933e-06
8890,samādhimhi,3,3.8102689287809933e-06
8891,vitakkavicārāti,3,3.8102689287809933e-06
8892,ākāsānañcāyatanasaññā,3,3.8102689287809933e-06
8893,viññāṇañcāyatanasaññā,3,3.8102689287809933e-06
8894,ākiñcaññāyatanasaññā,3,3.8102689287809933e-06
8895,phusatī,3,3.8102689287809933e-06
8896,vipariṇāmadhammo,3,3.8102689287809933e-06
8897,cīvarassa,3,3.8102689287809933e-06
8898,gilānapaccayabhesajjaparikkhārassa,3,3.8102689287809933e-06
8899,uppajjeyyāti,3,3.8102689287809933e-06
8900,nuppajjeyyāti,3,3.8102689287809933e-06
8901,sakadāgāmimaggena,3,3.8102689287809933e-06
8902,indriyakathā,3,3.8102689287809933e-06
8903,lokiyāni,3,3.8102689287809933e-06
8904,paṭivijānantīti,3,3.8102689287809933e-06
8905,vohāre,3,3.8102689287809933e-06
8906,rāgaṭṭhāniyo,3,3.8102689287809933e-06
8907,rajanīyo,3,3.8102689287809933e-06
8908,kamanīyo,3,3.8102689287809933e-06
8909,madanīyo,3,3.8102689287809933e-06
8910,bandhanīyo,3,3.8102689287809933e-06
8911,dosaṭṭhāniyo,3,3.8102689287809933e-06
8912,kopaṭṭhāniyo,3,3.8102689287809933e-06
8913,mohaṭṭhāniyo,3,3.8102689287809933e-06
8914,aññāṇakaraṇo,3,3.8102689287809933e-06
8915,acakkhukaraṇo,3,3.8102689287809933e-06
8916,voharati,3,3.8102689287809933e-06
8917,accantabhaggā,3,3.8102689287809933e-06
8918,paṭisaṅkhāniruddhāpi,3,3.8102689287809933e-06
8919,parūpahāro,3,3.8102689287809933e-06
8920,mārakāyikānaṁ,3,3.8102689287809933e-06
8921,upasaṁharanti,3,3.8102689287809933e-06
8922,upasaṁhareyyunti,3,3.8102689287809933e-06
8923,anabhijānaṁ,3,3.8102689287809933e-06
8924,aparijānaṁ,3,3.8102689287809933e-06
8925,avirājayaṁ,3,3.8102689287809933e-06
8926,appajahaṁ,3,3.8102689287809933e-06
8927,dukkhakkhayāya,3,3.8102689287809933e-06
8928,abhijānaṁ,3,3.8102689287809933e-06
8929,parijānaṁ,3,3.8102689287809933e-06
8930,virājayaṁ,3,3.8102689287809933e-06
8931,pajahaṁ,3,3.8102689287809933e-06
8932,dukkhakkhayāyā,3,3.8102689287809933e-06
8933,jāneyyāti,3,3.8102689287809933e-06
8934,jhāyato,3,3.8102689287809933e-06
8935,brāhmaṇassa,3,3.8102689287809933e-06
8936,tā,3,3.8102689287809933e-06
8937,nāmagotte,3,3.8102689287809933e-06
8938,maggāmagge,3,3.8102689287809933e-06
8939,nāme,3,3.8102689287809933e-06
8940,kaṅkheyyāti,3,3.8102689287809933e-06
8941,sampajānoti,3,3.8102689287809933e-06
8942,vitāreyyunti,3,3.8102689287809933e-06
8943,saccagocaraṁ,3,3.8102689287809933e-06
8944,assāsapassāsā,3,3.8102689287809933e-06
8945,bhāsanti,3,3.8102689287809933e-06
8946,uppādakkhaṇo,3,3.8102689287809933e-06
8947,vayakkhaṇoti,3,3.8102689287809933e-06
8948,cattārīsa,3,3.8102689287809933e-06
8949,vassasahassaṁ,3,3.8102689287809933e-06
8950,catusaṭṭhi,3,3.8102689287809933e-06
8951,lahuparivattāti,3,3.8102689287809933e-06
8952,gaṇhati,3,3.8102689287809933e-06
8953,yamidaṁ,3,3.8102689287809933e-06
8954,avihānaṁ,3,3.8102689287809933e-06
8955,atappānaṁ,3,3.8102689287809933e-06
8956,sudassānaṁ,3,3.8102689287809933e-06
8957,sudassīnaṁ,3,3.8102689287809933e-06
8958,kappassa,3,3.8102689287809933e-06
8959,ākāsānañcāyatanūpagā,3,3.8102689287809933e-06
8960,ve,3,3.8102689287809933e-06
8961,sukhan,3,3.8102689287809933e-06
8962,dukkhasamudayampi,3,3.8102689287809933e-06
8963,dukkhanirodhampi,3,3.8102689287809933e-06
8964,paṭipadampi,3,3.8102689287809933e-06
8965,dukkhampi,3,3.8102689287809933e-06
8966,ādiyitvā,3,3.8102689287809933e-06
8967,samāpajjeyyāti,3,3.8102689287809933e-06
8968,nopi,3,3.8102689287809933e-06
8969,pāde,3,3.8102689287809933e-06
8970,mahantaṁ,3,3.8102689287809933e-06
8971,sakimpi,3,3.8102689287809933e-06
8972,samantā,3,3.8102689287809933e-06
8973,ājīvo,3,3.8102689287809933e-06
8974,pariññātanti,3,3.8102689287809933e-06
8975,hotu,3,3.8102689287809933e-06
8976,hotū,3,3.8102689287809933e-06
8977,gāme,3,3.8102689287809933e-06
8978,nigame,3,3.8102689287809933e-06
8979,rūpaṭṭhena,3,3.8102689287809933e-06
8980,viññāṇaṭṭhena,3,3.8102689287809933e-06
8981,diṭṭhadhammavedanīyaṭṭhena,3,3.8102689287809933e-06
8982,aparāpariyavedanīyaṭṭhena,3,3.8102689287809933e-06
8983,arahattappatti,3,3.8102689287809933e-06
8984,dhammassavanaṁ,3,3.8102689287809933e-06
8985,bahulīkato,3,3.8102689287809933e-06
8986,samphappalāpassa,3,3.8102689287809933e-06
8987,cakkhuviññāṇena,3,3.8102689287809933e-06
8988,ajjhattikañceva,3,3.8102689287809933e-06
8989,aparibhinnaṁ,3,3.8102689287809933e-06
8990,kāyaviññāṇena,3,3.8102689287809933e-06
8991,aparibhinno,3,3.8102689287809933e-06
8992,methuno,3,3.8102689287809933e-06
8993,hotabbaṁ,3,3.8102689287809933e-06
8994,gantabbo,3,3.8102689287809933e-06
8995,vaṇṇena,3,3.8102689287809933e-06
8996,amanussā,3,3.8102689287809933e-06
8997,bhaṇanti,3,3.8102689287809933e-06
8998,akāsīti,3,3.8102689287809933e-06
8999,akāsī,3,3.8102689287809933e-06
9000,aparantapaṁ,3,3.8102689287809933e-06
9001,uddisīti,3,3.8102689287809933e-06
9002,uddisī,3,3.8102689287809933e-06
9003,aparinipphannanti,3,3.8102689287809933e-06
9004,saññāsattāvāso,3,3.8102689287809933e-06
9005,saññāsaṁsāro,3,3.8102689287809933e-06
9006,saññāyoni,3,3.8102689287809933e-06
9007,attabhāvapaṭilābho,3,3.8102689287809933e-06
9008,ākāsānañcāyatane,3,3.8102689287809933e-06
9009,tathāgatabalanti,3,3.8102689287809933e-06
9010,uppādetā,3,3.8102689287809933e-06
9011,asañjātassa,3,3.8102689287809933e-06
9012,sañjanetā,3,3.8102689287809933e-06
9013,anakkhātassa,3,3.8102689287809933e-06
9014,maggaññū,3,3.8102689287809933e-06
9015,maggavidū,3,3.8102689287809933e-06
9016,maggakovidoti,3,3.8102689287809933e-06
9017,ṭhānāṭhānaṁ,3,3.8102689287809933e-06
9018,anekadhātuṁ,3,3.8102689287809933e-06
9019,nānādhātuṁ,3,3.8102689287809933e-06
9020,āsavakkhayaṁ,3,3.8102689287809933e-06
9021,suññatārammaṇan,3,3.8102689287809933e-06
9022,suññatārammaṇā,3,3.8102689287809933e-06
9023,bhavāsavāpi,3,3.8102689287809933e-06
9024,amaggena,3,3.8102689287809933e-06
9025,kusīto,3,3.8102689287809933e-06
9026,asamāhito,3,3.8102689287809933e-06
9027,duppañño,3,3.8102689287809933e-06
9028,pañcimāni,3,3.8102689287809933e-06
9029,maṁsacakkhunti,3,3.8102689287809933e-06
9030,cakkhūnīti,3,3.8102689287809933e-06
9031,cakkhūnī,3,3.8102689287809933e-06
9032,maṁsasotanti,3,3.8102689287809933e-06
9033,kāyaduccaritena,3,3.8102689287809933e-06
9034,vacīduccaritena,3,3.8102689287809933e-06
9035,manoduccaritena,3,3.8102689287809933e-06
9036,upavādakā,3,3.8102689287809933e-06
9037,micchādiṭṭhikammasamādānā,3,3.8102689287809933e-06
9038,kāyasucaritena,3,3.8102689287809933e-06
9039,vacīsucaritena,3,3.8102689287809933e-06
9040,manosucaritena,3,3.8102689287809933e-06
9041,anupavādakā,3,3.8102689287809933e-06
9042,sammādiṭṭhikammasamādānā,3,3.8102689287809933e-06
9043,dibbacakkhun,3,3.8102689287809933e-06
9044,vatthāni,3,3.8102689287809933e-06
9045,anāsave,3,3.8102689287809933e-06
9046,samannāgatakathā,3,3.8102689287809933e-06
9047,satataṁ,3,3.8102689287809933e-06
9048,abbokiṇṇaṁ,3,3.8102689287809933e-06
9049,bodhīhi,3,3.8102689287809933e-06
9050,putto,3,3.8102689287809933e-06
9051,agārasmā,3,3.8102689287809933e-06
9052,anagāriyaṁ,3,3.8102689287809933e-06
9053,hatthako,3,3.8102689287809933e-06
9054,āḷavako,3,3.8102689287809933e-06
9055,paṭiladdhaṁ,3,3.8102689287809933e-06
9056,puggalapaññattīti,3,3.8102689287809933e-06
9057,viditaṁ,3,3.8102689287809933e-06
9058,niccanti,3,3.8102689287809933e-06
9059,attāti,3,3.8102689287809933e-06
9060,saññāvipariyeso,3,3.8102689287809933e-06
9061,cittavipariyeso,3,3.8102689287809933e-06
9062,pathavito,3,3.8102689287809933e-06
9063,phassārammaṇe,3,3.8102689287809933e-06
9064,anottappārammaṇe,3,3.8102689287809933e-06
9065,pāṭaliputtassa,3,3.8102689287809933e-06
9066,ñāṇassa,3,3.8102689287809933e-06
9067,tacchati,3,3.8102689287809933e-06
9068,parāmasati,3,3.8102689287809933e-06
9069,parāyanāni,3,3.8102689287809933e-06
9070,sotāpattiniyāmo,3,3.8102689287809933e-06
9071,arahattaniyāmo,3,3.8102689287809933e-06
9072,micchattaniyāmo,3,3.8102689287809933e-06
9073,asaṅkhate,3,3.8102689287809933e-06
9074,aggiṁ,3,3.8102689287809933e-06
9075,ekārammaṇāti,3,3.8102689287809933e-06
9076,balībaddā,3,3.8102689287809933e-06
9077,musāvādaṁ,3,3.8102689287809933e-06
9078,samannāharantassa,3,3.8102689287809933e-06
9079,manasikarontassa,3,3.8102689287809933e-06
9080,sukhavipāko,3,3.8102689287809933e-06
9081,petā,3,3.8102689287809933e-06
9082,ṭhānāni,3,3.8102689287809933e-06
9083,adukkhamasukhavedaniyā,3,3.8102689287809933e-06
9084,sīlaphalaṁ,3,3.8102689287809933e-06
9085,arūpajīvitindriyan,3,3.8102689287809933e-06
9086,kāmabhavassa,3,3.8102689287809933e-06
9087,arūpabhavassa,3,3.8102689287809933e-06
9088,sabbesaññeva,3,3.8102689287809933e-06
9089,tappaṭisaññuttaṁ,3,3.8102689287809933e-06
9090,kāmāti,3,3.8102689287809933e-06
9091,tappaṭisaṁyuttaṁ,3,3.8102689287809933e-06
9092,bhavehi,3,3.8102689287809933e-06
9093,rūpagati,3,3.8102689287809933e-06
9094,rūpattabhāvapaṭilābhoti,3,3.8102689287809933e-06
9095,arūpagati,3,3.8102689287809933e-06
9096,arūpattabhāvapaṭilābhoti,3,3.8102689287809933e-06
9097,arūpesū,3,3.8102689287809933e-06
9098,arūpanti,3,3.8102689287809933e-06
9099,dukkhavipākaṁ,3,3.8102689287809933e-06
9100,sañcetaniyaṁ,3,3.8102689287809933e-06
9101,pāṭaliputta,3,3.8102689287809933e-06
9102,abhikkamitukāmo,3,3.8102689287809933e-06
9103,pasāretukāmo,3,3.8102689287809933e-06
9104,pasāretīti,3,3.8102689287809933e-06
9105,bāvīsatindriyehi,3,3.8102689287809933e-06
9106,atītānāgatehi,3,3.8102689287809933e-06
9107,atītānāgatārammaṇaṁ,3,3.8102689287809933e-06
9108,pahānan,3,3.8102689287809933e-06
9109,anibbānasaṁvattaniyanti,3,3.8102689287809933e-06
9110,nibbānasaṁvattaniyanti,3,3.8102689287809933e-06
9111,sārammaṇan,3,3.8102689287809933e-06
9112,atītārammaṇan,3,3.8102689287809933e-06
9113,anāgatārammaṇan,3,3.8102689287809933e-06
9114,vitakkānupatitan,3,3.8102689287809933e-06
9115,bhaṇitukāmo,3,3.8102689287809933e-06
9116,kathetukāmo,3,3.8102689287809933e-06
9117,ālapitukāmo,3,3.8102689287809933e-06
9118,voharitukāmo,3,3.8102689287809933e-06
9119,sakabhaṇḍe,3,3.8102689287809933e-06
9120,parabhaṇḍe,3,3.8102689287809933e-06
9121,sakapariggahe,3,3.8102689287809933e-06
9122,parapariggahe,3,3.8102689287809933e-06
9123,kusalattikasadisā,3,3.8102689287809933e-06
9124,viññāṇañcāyatanakusalassa,3,3.8102689287809933e-06
9125,nevasaññānāsaññāyatanakusalassa,3,3.8102689287809933e-06
9126,ākāsānañcāyatanakiriyaṁ,3,3.8102689287809933e-06
9127,ākiñcaññāyatanakiriyaṁ,3,3.8102689287809933e-06
9128,aññamaññapaccaye,3,3.8102689287809933e-06
9129,kusalasamāpattiṁ,3,3.8102689287809933e-06
9130,atthapaṭisambhidāya,3,3.8102689287809933e-06
9131,paṭibhānapaṭisambhidāya,3,3.8102689287809933e-06
9132,apacayagāmīnaṁ,3,3.8102689287809933e-06
9133,sekkhādhipati,3,3.8102689287809933e-06
9134,asekkhādhipati,3,3.8102689287809933e-06
9135,nissayapaccayasadisaṁ,3,3.8102689287809933e-06
9136,parittāya,3,3.8102689287809933e-06
9137,mahaggatāya,3,3.8102689287809933e-06
9138,appamāṇāya,3,3.8102689287809933e-06
9139,mahaggatārammaṇānaṁ,3,3.8102689287809933e-06
9140,appamāṇārammaṇānaṁ,3,3.8102689287809933e-06
9141,paṇītañca,3,3.8102689287809933e-06
9142,domanassassa,3,3.8102689287809933e-06
9143,sammattaniyatānaṁ,3,3.8102689287809933e-06
9144,maggārammaṇe,3,3.8102689287809933e-06
9145,maggārammaṇādhipati,3,3.8102689287809933e-06
9146,phoṭṭhabbasampadā,3,3.8102689287809933e-06
9147,adhipatipaccayo,3,3.8102689287809933e-06
9148,nissayapaccayo,3,3.8102689287809933e-06
9149,purejātapaccayo,3,3.8102689287809933e-06
9150,atthipaccayo,3,3.8102689287809933e-06
9151,asammuyhantena,3,3.8102689287809933e-06
9152,paccanīyepi,3,3.8102689287809933e-06
9153,anulomasahajātasadisaṁ,3,3.8102689287809933e-06
9154,atītārammaṇāya,3,3.8102689287809933e-06
9155,nahetusadisaṁ,3,3.8102689287809933e-06
9156,bahiddhārammaṇāya,3,3.8102689287809933e-06
9157,ajjhattārammaṇāya,3,3.8102689287809933e-06
9158,sanidassanasappaṭighattika,3,3.8102689287809933e-06
9159,arūpeyeva,3,3.8102689287809933e-06
9160,utusamuṭṭhānā,3,3.8102689287809933e-06
9161,asaññasattānañca,3,3.8102689287809933e-06
9162,dhammānulome,3,3.8102689287809933e-06
9163,avigataduka,3,3.8102689287809933e-06
9164,naadhipatipaccayasadisaṁ,3,3.8102689287809933e-06
9165,samanantaraduka,3,3.8102689287809933e-06
9166,sahajātaduka,3,3.8102689287809933e-06
9167,aññamaññaduka,3,3.8102689287809933e-06
9168,upanissayaduka,3,3.8102689287809933e-06
9169,sahajātamūlakaṁ,3,3.8102689287809933e-06
9170,sampayuttaduka,3,3.8102689287809933e-06
9171,sahajātapaccayaṁ,3,3.8102689287809933e-06
9172,saṁsaṭṭhavāre,3,3.8102689287809933e-06
9173,avasesāni,3,3.8102689287809933e-06
9174,kusalādhipati,3,3.8102689287809933e-06
9175,akusalādhipati,3,3.8102689287809933e-06
9176,dhammappaṭisambhidāya,3,3.8102689287809933e-06
9177,niruttippaṭisambhidāya,3,3.8102689287809933e-06
9178,ārammaṇaghaṭanā,3,3.8102689287809933e-06
9179,sahajātasāmaññaghaṭanā,3,3.8102689287809933e-06
9180,sahetādhipati,3,3.8102689287809933e-06
9181,soḷasaka,3,3.8102689287809933e-06
9182,naaññamaññamūlakaṁ,3,3.8102689287809933e-06
9183,nahetupaccayasadisaṁ,3,3.8102689287809933e-06
9184,noavigataduka,3,3.8102689287809933e-06
9185,kusalattikaṁ,3,3.8102689287809933e-06
9186,hetudukādi,3,3.8102689287809933e-06
9187,sampayuttacittasamaṅgissa,3,3.8102689287809933e-06
9188,sampayuttādhipati,3,3.8102689287809933e-06
9189,dukkhasahagatassa,3,3.8102689287809933e-06
9190,sota,3,3.8102689287809933e-06
9191,vipākādhipati,3,3.8102689287809933e-06
9192,vipākadhammadhammādhipati,3,3.8102689287809933e-06
9193,sabhāga,3,3.8102689287809933e-06
9194,anupādinnaanupādāniyādhipati,3,3.8102689287809933e-06
9195,asaṅkiliṭṭhasaṅkilesike,3,3.8102689287809933e-06
9196,saṅkiliṭṭhasaṅkilesikādhipati,3,3.8102689287809933e-06
9197,asaṅkiliṭṭhaasaṅkilesikādhipati,3,3.8102689287809933e-06
9198,naārammaṇasadisaṁ,3,3.8102689287809933e-06
9199,pavattipi,3,3.8102689287809933e-06
9200,vipākanti,3,3.8102689287809933e-06
9201,niyāmetabbā,3,3.8102689287809933e-06
9202,pītisahagatādhipati,3,3.8102689287809933e-06
9203,sukhasahagatādhipati,3,3.8102689287809933e-06
9204,ekatiṁsa,3,3.8102689287809933e-06
9205,nissayavārepi,3,3.8102689287809933e-06
9206,hetusampayuttadukādi,3,3.8102689287809933e-06
9207,vitakkattikādi,3,3.8102689287809933e-06
9208,sukhāyavedanāyasampayuttapada,3,3.8102689287809933e-06
9209,dukkhāyavedanāyasampayuttapada,3,3.8102689287809933e-06
9210,āsavagocchakasadisaṁ,3,3.8102689287809933e-06
9211,naappamāṇārammaṇo,3,3.8102689287809933e-06
9212,napaṇīto,3,3.8102689287809933e-06
9213,hetusahetukadukasadisaṁ,3,3.8102689287809933e-06
9214,āsavaāsavasampayuttadukaṁ,3,3.8102689287809933e-06
9215,cittavippayutte,3,3.8102689287809933e-06
9216,appaṭighena,3,3.8102689287809933e-06
9217,nahetusahetuko,3,3.8102689287809933e-06
9218,atītattikadvaya,3,3.8102689287809933e-06
9219,sārammaṇādhipati,3,3.8102689287809933e-06
9220,gamanā,3,3.8102689287809933e-06
9221,cetasikādhipati,3,3.8102689287809933e-06
9222,acetasikādhipati,3,3.8102689287809933e-06
9223,paṭhamagamanaṁ,3,3.8102689287809933e-06
9224,cittasampayuttādhipati,3,3.8102689287809933e-06
9225,vipākāhāra,3,3.8102689287809933e-06
9226,cittasampayuttadukaṁ,3,3.8102689287809933e-06
9227,ārammaṇādhipatipi,3,3.8102689287809933e-06
9228,cittasahabhūdukaṁ,3,3.8102689287809933e-06
9229,adhipatī,3,3.8102689287809933e-06
9230,noupādāmūlake,3,3.8102689287809933e-06
9231,noupādādhipati,3,3.8102689287809933e-06
9232,upādinnamūlake,3,3.8102689287809933e-06
9233,kāmupādānañca,3,3.8102689287809933e-06
9234,noupādānamūlake,3,3.8102689287809933e-06
9235,noupādānādhipati,3,3.8102689287809933e-06
9236,upādānasampayuttādhipati,3,3.8102689287809933e-06
9237,upādāniye,3,3.8102689287809933e-06
9238,nokilesādhipati,3,3.8102689287809933e-06
9239,kilesānañca,3,3.8102689287809933e-06
9240,asaṅkiliṭṭhe,3,3.8102689287809933e-06
9241,saṅkiliṭṭhādhipati,3,3.8102689287809933e-06
9242,saṅkiliṭṭhānaṁ,3,3.8102689287809933e-06
9243,uddharitabbo,3,3.8102689287809933e-06
9244,dassanadukasadisā,3,3.8102689287809933e-06
9245,pahātabbahetukadukasadisā,3,3.8102689287809933e-06
9246,savitakkādhipati,3,3.8102689287809933e-06
9247,nānākkhaṇikāpi,3,3.8102689287809933e-06
9248,sappītikañca,3,3.8102689287809933e-06
9249,sappītikādhipati,3,3.8102689287809933e-06
9250,kusalākusalañca,3,3.8102689287809933e-06
9251,nasukhasahagatena,3,3.8102689287809933e-06
9252,naupekkhāsahagatānaṁ,3,3.8102689287809933e-06
9253,narūpāvacarānaṁ,3,3.8102689287809933e-06
9254,naarūpāvacare,3,3.8102689287809933e-06
9255,aniyyānike,3,3.8102689287809933e-06
9256,niyatādhipati,3,3.8102689287809933e-06
9257,araṇe,3,3.8102689287809933e-06
9258,saraṇādhipati,3,3.8102689287809933e-06
9259,paṭhamagamanaṁyeva,3,3.8102689287809933e-06
9260,ekasadisaṁ,3,3.8102689287809933e-06
9261,saddhiṁ,3,3.8102689287809933e-06
9262,anidassanādhipati,3,3.8102689287809933e-06
9263,appaṭighādhipati,3,3.8102689287809933e-06
9264,lokuttarādhipati,3,3.8102689287809933e-06
9265,āsavasampayuttādhipati,3,3.8102689287809933e-06
9266,domanassasahagatassa,3,3.8102689287809933e-06
9267,āsavavippayuttānaṁ,3,3.8102689287809933e-06
9268,saññojanasampayuttādhipati,3,3.8102689287809933e-06
9269,saññojanavippayuttānaṁ,3,3.8102689287809933e-06
9270,noganthādhipati,3,3.8102689287809933e-06
9271,noganthānaṁ,3,3.8102689287809933e-06
9272,ekampi,3,3.8102689287809933e-06
9273,paṭiccavārampi,3,3.8102689287809933e-06
9274,ganthaniye,3,3.8102689287809933e-06
9275,nonīvaraṇādhipati,3,3.8102689287809933e-06
9276,nīvaraṇavippayutte,3,3.8102689287809933e-06
9277,nīvaraṇasampayuttādhipati,3,3.8102689287809933e-06
9278,nīvaraṇiye,3,3.8102689287809933e-06
9279,nīvaraṇādhipati,3,3.8102689287809933e-06
9280,noparāmāsañca,3,3.8102689287809933e-06
9281,noparāmāsādhipati,3,3.8102689287809933e-06
9282,parāmāsasampayuttādhipati,3,3.8102689287809933e-06
9283,nasāsavañca,3,3.8102689287809933e-06
9284,saññojanādichagocchaka,3,3.8102689287809933e-06
9285,nasaññojanaṁ,3,3.8102689287809933e-06
9286,naganthaṁ,3,3.8102689287809933e-06
9287,naoghaṁ,3,3.8102689287809933e-06
9288,nanīvaraṇaṁ,3,3.8102689287809933e-06
9289,naparāmāsaṁ,3,3.8102689287809933e-06
9290,nakilesaṁ,3,3.8102689287809933e-06
9291,kilesadukādi,3,3.8102689287809933e-06
9292,napaccuppanno,3,3.8102689287809933e-06
9293,purimanayena,3,3.8102689287809933e-06
9294,kilesadukaakusalasadisaṁ,3,3.8102689287809933e-06
9295,abyākatampi,3,3.8102689287809933e-06
9296,sahajātādhipatiyeva,3,3.8102689287809933e-06
9297,pariyāpannassa,3,3.8102689287809933e-06
9298,nahetusahetukaṁ,3,3.8102689287809933e-06
9299,naanuppannañca,3,3.8102689287809933e-06
9300,nauppādiñca,3,3.8102689287809933e-06
9301,narūpiñca,3,3.8102689287809933e-06
9302,naarūpiñca,3,3.8102689287809933e-06
9303,naāsavasampayuttañca,3,3.8102689287809933e-06
9304,nasaññojanasampayuttaṁ,3,3.8102689287809933e-06
9305,nasaññojanavippayuttaṁ,3,3.8102689287809933e-06
9306,nasaññojanasampayuttañca,3,3.8102689287809933e-06
9307,nanoganthaṁ,3,3.8102689287809933e-06
9308,nanoganthañca,3,3.8102689287809933e-06
9309,naganthasampayuttaṁ,3,3.8102689287809933e-06
9310,naganthavippayuttaṁ,3,3.8102689287809933e-06
9311,naganthasampayuttañca,3,3.8102689287809933e-06
9312,naparāmaṭṭho,3,3.8102689287809933e-06
9313,nacetasikañca,3,3.8102689287809933e-06
9314,naacetasikañca,3,3.8102689287809933e-06
9315,nanokileso,3,3.8102689287809933e-06
9316,naasaṅkilesikañceva,3,3.8102689287809933e-06
9317,naasaṅkiliṭṭhañceva,3,3.8102689287809933e-06
9318,nakilesavippayuttañceva,3,3.8102689287809933e-06
9319,kuppadhammo,3,3.8102689287809933e-06
9320,akuppadhammo,3,3.8102689287809933e-06
9321,parihānadhammo,3,3.8102689287809933e-06
9322,aparihānadhammo,3,3.8102689287809933e-06
9323,cetanābhabbo,3,3.8102689287809933e-06
9324,anurakkhaṇābhabbo,3,3.8102689287809933e-06
9325,gotrabhū,3,3.8102689287809933e-06
9326,samasīsī,3,3.8102689287809933e-06
9327,ṭhitakappī,3,3.8102689287809933e-06
9328,tevijjo,3,3.8102689287809933e-06
9329,chaḷabhiñño,3,3.8102689287809933e-06
9330,arahattaphalasacchikiriyāya,3,3.8102689287809933e-06
9331,upanāhī,3,3.8102689287809933e-06
9332,makkhī,3,3.8102689287809933e-06
9333,paḷāsī,3,3.8102689287809933e-06
9334,issukī,3,3.8102689287809933e-06
9335,maccharī,3,3.8102689287809933e-06
9336,māyāvī,3,3.8102689287809933e-06
9337,dubbaco,3,3.8102689287809933e-06
9338,aguttadvāro,3,3.8102689287809933e-06
9339,amattaññū,3,3.8102689287809933e-06
9340,sīlavipanno,3,3.8102689287809933e-06
9341,diṭṭhivipanno,3,3.8102689287809933e-06
9342,ajjhattasaṁyojano,3,3.8102689287809933e-06
9343,bahiddhāsaṁyojano,3,3.8102689287809933e-06
9344,akkodhano,3,3.8102689287809933e-06
9345,anupanāhī,3,3.8102689287809933e-06
9346,amakkhī,3,3.8102689287809933e-06
9347,apaḷāsī,3,3.8102689287809933e-06
9348,anissukī,3,3.8102689287809933e-06
9349,amaccharī,3,3.8102689287809933e-06
9350,asaṭho,3,3.8102689287809933e-06
9351,amāyāvī,3,3.8102689287809933e-06
9352,hirimā,3,3.8102689287809933e-06
9353,ottappī,3,3.8102689287809933e-06
9354,suvaco,3,3.8102689287809933e-06
9355,duttappayā,3,3.8102689287809933e-06
9356,sutappayā,3,3.8102689287809933e-06
9357,hīnādhimutto,3,3.8102689287809933e-06
9358,paṇītādhimutto,3,3.8102689287809933e-06
9359,titto,3,3.8102689287809933e-06
9360,nirāso,3,3.8102689287809933e-06
9361,āsaṁso,3,3.8102689287809933e-06
9362,vigatāso,3,3.8102689287809933e-06
9363,gūthabhāṇī,3,3.8102689287809933e-06
9364,pupphabhāṇī,3,3.8102689287809933e-06
9365,madhubhāṇī,3,3.8102689287809933e-06
9366,arukūpamacitto,3,3.8102689287809933e-06
9367,vijjūpamacitto,3,3.8102689287809933e-06
9368,vajirūpamacitto,3,3.8102689287809933e-06
9369,andho,3,3.8102689287809933e-06
9370,ekacakkhu,3,3.8102689287809933e-06
9371,dvicakkhu,3,3.8102689287809933e-06
9372,avakujjapañño,3,3.8102689287809933e-06
9373,ucchaṅgapañño,3,3.8102689287809933e-06
9374,puthupañño,3,3.8102689287809933e-06
9375,pāsāṇalekhūpamo,3,3.8102689287809933e-06
9376,pathavilekhūpamo,3,3.8102689287809933e-06
9377,udakalekhūpamo,3,3.8102689287809933e-06
9378,suppameyyo,3,3.8102689287809933e-06
9379,duppameyyo,3,3.8102689287809933e-06
9380,appameyyo,3,3.8102689287809933e-06
9381,asappuriso,3,3.8102689287809933e-06
9382,asappurisena,3,3.8102689287809933e-06
9383,asappurisataro,3,3.8102689287809933e-06
9384,sappuriso,3,3.8102689287809933e-06
9385,sappurisena,3,3.8102689287809933e-06
9386,sappurisataro,3,3.8102689287809933e-06
9387,pāpo,3,3.8102689287809933e-06
9388,pāpena,3,3.8102689287809933e-06
9389,pāpataro,3,3.8102689287809933e-06
9390,kalyāṇena,3,3.8102689287809933e-06
9391,kalyāṇataro,3,3.8102689287809933e-06
9392,pāpadhammena,3,3.8102689287809933e-06
9393,pāpadhammataro,3,3.8102689287809933e-06
9394,kalyāṇadhammena,3,3.8102689287809933e-06
9395,kalyāṇadhammataro,3,3.8102689287809933e-06
9396,sāvajjo,3,3.8102689287809933e-06
9397,appavajjo,3,3.8102689287809933e-06
9398,anavajjo,3,3.8102689287809933e-06
9399,ugghaṭitaññū,3,3.8102689287809933e-06
9400,vipañcitaññū,3,3.8102689287809933e-06
9401,neyyo,3,3.8102689287809933e-06
9402,padaparamo,3,3.8102689287809933e-06
9403,dhammakathikā,3,3.8102689287809933e-06
9404,oṇatoṇato,3,3.8102689287809933e-06
9405,oṇatuṇṇato,3,3.8102689287809933e-06
9406,uṇṇatoṇato,3,3.8102689287809933e-06
9407,uṇṇatuṇṇato,3,3.8102689287809933e-06
9408,rūpappamāṇo,3,3.8102689287809933e-06
9409,rūpappasanno,3,3.8102689287809933e-06
9410,ghosappamāṇo,3,3.8102689287809933e-06
9411,ghosappasanno,3,3.8102689287809933e-06
9412,lūkhappamāṇo,3,3.8102689287809933e-06
9413,lūkhappasanno,3,3.8102689287809933e-06
9414,dhammappamāṇo,3,3.8102689287809933e-06
9415,dhammappasanno,3,3.8102689287809933e-06
9416,anattantapo,3,3.8102689287809933e-06
9417,aparantapo,3,3.8102689287809933e-06
9418,nicchāto,3,3.8102689287809933e-06
9419,sītībhūto,3,3.8102689287809933e-06
9420,sukhappaṭisaṁvedī,3,3.8102689287809933e-06
9421,brahmabhūtena,3,3.8102689287809933e-06
9422,anusotagāmī,3,3.8102689287809933e-06
9423,paṭisotagāmī,3,3.8102689287809933e-06
9424,ṭhitatto,3,3.8102689287809933e-06
9425,samaṇamacalo,3,3.8102689287809933e-06
9426,samaṇapadumo,3,3.8102689287809933e-06
9427,samaṇapuṇḍarīko,3,3.8102689287809933e-06
9428,samaṇesu,3,3.8102689287809933e-06
9429,samaṇasukhumālo,3,3.8102689287809933e-06
9430,nārabhati,3,3.8102689287809933e-06
9431,ādheyyamukho,3,3.8102689287809933e-06
9432,lolo,3,3.8102689287809933e-06
9433,mando,3,3.8102689287809933e-06
9434,momūho,3,3.8102689287809933e-06
9435,piṇḍapātikā,3,3.8102689287809933e-06
9436,sosānikā,3,3.8102689287809933e-06
9437,nimujjati,3,3.8102689287809933e-06
9438,samayena,3,3.8102689287809933e-06
9439,ariye,3,3.8102689287809933e-06
9440,saddhāvāhiṁ,3,3.8102689287809933e-06
9441,saddhāpubbaṅgamaṁ,3,3.8102689287809933e-06
9442,rāgadosamohānaṁ,3,3.8102689287809933e-06
9443,tanuttā,3,3.8102689287809933e-06
9444,sakideva,3,3.8102689287809933e-06
9445,āgantvā,3,3.8102689287809933e-06
9446,upanayhanā,3,3.8102689287809933e-06
9447,upanayhitattaṁ,3,3.8102689287809933e-06
9448,aṭṭhapanā,3,3.8102689287809933e-06
9449,anusaṁsandanā,3,3.8102689287809933e-06
9450,anuppabandhanā,3,3.8102689287809933e-06
9451,daḷhīkammaṁ,3,3.8102689287809933e-06
9452,kodhassa,3,3.8102689287809933e-06
9453,makkhāyanā,3,3.8102689287809933e-06
9454,makkhāyitattaṁ,3,3.8102689287809933e-06
9455,niṭṭhuriyaṁ,3,3.8102689287809933e-06
9456,niṭṭhuriyakammaṁ,3,3.8102689287809933e-06
9457,paḷāsāyanā,3,3.8102689287809933e-06
9458,paḷāsāhāro,3,3.8102689287809933e-06
9459,vivādaṭṭhānaṁ,3,3.8102689287809933e-06
9460,yugaggāho,3,3.8102689287809933e-06
9461,appaṭinissaggo,3,3.8102689287809933e-06
9462,parisaṭho,3,3.8102689287809933e-06
9463,saṭhaṁ,3,3.8102689287809933e-06
9464,saṭhatā,3,3.8102689287809933e-06
9465,kakkaratā,3,3.8102689287809933e-06
9466,kakkariyaṁ,3,3.8102689287809933e-06
9467,pāpikaṁ,3,3.8102689287809933e-06
9468,icchaṁ,3,3.8102689287809933e-06
9469,paṇidahati,3,3.8102689287809933e-06
9470,parakkamati,3,3.8102689287809933e-06
9471,māyāvitā,3,3.8102689287809933e-06
9472,accāsarā,3,3.8102689287809933e-06
9473,vañcanā,3,3.8102689287809933e-06
9474,nikati,3,3.8102689287809933e-06
9475,vikiraṇā,3,3.8102689287809933e-06
9476,pariharaṇā,3,3.8102689287809933e-06
9477,gūhanā,3,3.8102689287809933e-06
9478,parigūhanā,3,3.8102689287809933e-06
9479,chādanā,3,3.8102689287809933e-06
9480,paṭicchādanā,3,3.8102689287809933e-06
9481,anuttānīkammaṁ,3,3.8102689287809933e-06
9482,anāvikammaṁ,3,3.8102689287809933e-06
9483,vocchādanā,3,3.8102689287809933e-06
9484,pāpakiriyā,3,3.8102689287809933e-06
9485,sampavaṅkatā,3,3.8102689287809933e-06
9486,assaraṇatā,3,3.8102689287809933e-06
9487,itthannāmo,3,3.8102689287809933e-06
9488,kira,3,3.8102689287809933e-06
9489,kudāssu,3,3.8102689287809933e-06
9490,nāmāhampi,3,3.8102689287809933e-06
9491,viharissāmī,3,3.8102689287809933e-06
9492,anuññātaṁ,3,3.8102689287809933e-06
9493,ghaṭṭito,3,3.8102689287809933e-06
9494,tathārūpaṁ,3,3.8102689287809933e-06
9495,adhigaccheyya,3,3.8102689287809933e-06
9496,adhigataṁ,3,3.8102689287809933e-06
9497,phātiṁ,3,3.8102689287809933e-06
9498,tathārūpampissa,3,3.8102689287809933e-06
9499,sotāpannasakadāgāmino,3,3.8102689287809933e-06
9500,lekhā,3,3.8102689287809933e-06
9501,lujjati,3,3.8102689287809933e-06
9502,ciraṭṭhitikā,3,3.8102689287809933e-06
9503,jiṇṇampi,3,3.8102689287809933e-06
9504,saṅghamajjhe,3,3.8102689287809933e-06
9505,tvampi,3,3.8102689287809933e-06
9506,vaṇṇavantañceva,3,3.8102689287809933e-06
9507,sukhasamphassañca,3,3.8102689287809933e-06
9508,mahagghañca,3,3.8102689287809933e-06
9509,āyasmanto,3,3.8102689287809933e-06
9510,pavattinī,3,3.8102689287809933e-06
9511,aparipūraṁ,3,3.8102689287809933e-06
9512,paripūressāmi,3,3.8102689287809933e-06
9513,paripūraṁ,3,3.8102689287809933e-06
9514,evarūpassa,3,3.8102689287809933e-06
9515,kittisaddo,3,3.8102689287809933e-06
9516,abbhuggacchati,3,3.8102689287809933e-06
9517,pāṇātipāte,3,3.8102689287809933e-06
9518,adinnādāne,3,3.8102689287809933e-06
9519,atthe,3,3.8102689287809933e-06
9520,yuttaṁ,3,3.8102689287809933e-06
9521,sīghaṁ,3,3.8102689287809933e-06
9522,sakaparisaṁ,3,3.8102689287809933e-06
9523,paraparisaṁ,3,3.8102689287809933e-06
9524,kesamassuṁ,3,3.8102689287809933e-06
9525,ohāretvā,3,3.8102689287809933e-06
9526,abhikkante,3,3.8102689287809933e-06
9527,paṭikkante,3,3.8102689287809933e-06
9528,ālokite,3,3.8102689287809933e-06
9529,vilokite,3,3.8102689287809933e-06
9530,samiñjite,3,3.8102689287809933e-06
9531,pasārite,3,3.8102689287809933e-06
9532,kandaraṁ,3,3.8102689287809933e-06
9533,giriguhaṁ,3,3.8102689287809933e-06
9534,vanapatthaṁ,3,3.8102689287809933e-06
9535,abbhokāsaṁ,3,3.8102689287809933e-06
9536,palālapuñjaṁ,3,3.8102689287809933e-06
9537,paṭisevati,3,3.8102689287809933e-06
9538,rajaggaññeva,3,3.8102689287809933e-06
9539,dhajaggaññeva,3,3.8102689287809933e-06
9540,ussāraṇaññeva,3,3.8102689287809933e-06
9541,sampahāre,3,3.8102689287809933e-06
9542,haññati,3,3.8102689287809933e-06
9543,sampahāraṁ,3,3.8102689287809933e-06
9544,abhivijinitvā,3,3.8102689287809933e-06
9545,vijitasaṅgāmo,3,3.8102689287809933e-06
9546,tameva,3,3.8102689287809933e-06
9547,saṅgāmasīsaṁ,3,3.8102689287809933e-06
9548,araññagataṁ,3,3.8102689287809933e-06
9549,rukkhamūlagataṁ,3,3.8102689287809933e-06
9550,suññāgāragataṁ,3,3.8102689287809933e-06
9551,mātugāmo,3,3.8102689287809933e-06
9552,upasaṅkamitvā,3,3.8102689287809933e-06
9553,mātugāmena,3,3.8102689287809933e-06
9554,pāpiccho,3,3.8102689287809933e-06
9555,icchāpakato,3,3.8102689287809933e-06
9556,ācāragocarasampanno,3,3.8102689287809933e-06
9557,sikkhati,3,3.8102689287809933e-06
9558,jāgariyānuyogamanuyutto,3,3.8102689287809933e-06
9559,bodhipakkhikānaṁ,3,3.8102689287809933e-06
9560,bhāvanānuyogamanuyutto,3,3.8102689287809933e-06
9561,appanigghosaṁ,3,3.8102689287809933e-06
9562,vijanavātaṁ,3,3.8102689287809933e-06
9563,manussarāhasseyyakaṁ,3,3.8102689287809933e-06
9564,imissā,3,3.8102689287809933e-06
9565,agocaro,3,3.8102689287809933e-06
9566,caṅkamena,3,3.8102689287809933e-06
9567,nisajjāya,3,3.8102689287809933e-06
9568,āvaraṇīyehi,3,3.8102689287809933e-06
9569,imamhā,3,3.8102689287809933e-06
9570,imehi,3,3.8102689287809933e-06
9571,anusandhanatā,3,3.8102689287809933e-06
9572,saddasaññā,3,3.8102689287809933e-06
9573,phoṭṭhabbasaññā,3,3.8102689287809933e-06
9574,maggārammaṇan,3,3.8102689287809933e-06
9575,sikkhāpadāni,3,3.8102689287809933e-06
9576,kusalāyeva,3,3.8102689287809933e-06
9577,dhammavāra,3,3.8102689287809933e-06
9578,atthajāpikā,3,3.8102689287809933e-06
9579,cintāmayā,3,3.8102689287809933e-06
9580,sutamayā,3,3.8102689287809933e-06
9581,adhisīle,3,3.8102689287809933e-06
9582,adhicitte,3,3.8102689287809933e-06
9583,adhipaññāya,3,3.8102689287809933e-06
9584,āyakosallaṁ,3,3.8102689287809933e-06
9585,apāyakosallaṁ,3,3.8102689287809933e-06
9586,anvaye,3,3.8102689287809933e-06
9587,pañcañāṇiko,3,3.8102689287809933e-06
9588,abhiññāsu,3,3.8102689287809933e-06
9589,ñāṇavatthūni,3,3.8102689287809933e-06
9590,navasu,3,3.8102689287809933e-06
9591,anupubbavihārasamāpattīsu,3,3.8102689287809933e-06
9592,sabbāva,3,3.8102689287809933e-06
9593,pītisampayuttā,3,3.8102689287809933e-06
9594,kāmāvacarakusalābyākate,3,3.8102689287809933e-06
9595,paṭipadāyapetaṁ,3,3.8102689287809933e-06
9596,saḷāyatananti,3,3.8102689287809933e-06
9597,payirupāsissanti,3,3.8102689287809933e-06
9598,caritaṁ,3,3.8102689287809933e-06
9599,sattānusayā,3,3.8102689287809933e-06
9600,mahārajakkhā,3,3.8102689287809933e-06
9601,apparajakkhā,3,3.8102689287809933e-06
9602,mudindriyā,3,3.8102689287809933e-06
9603,tikkhindriyā,3,3.8102689287809933e-06
9604,dvākārā,3,3.8102689287809933e-06
9605,svākārā,3,3.8102689287809933e-06
9606,jātimado,3,3.8102689287809933e-06
9607,asabhāgavutti,3,3.8102689287809933e-06
9608,vijambhitā,3,3.8102689287809933e-06
9609,bhattasammado,3,3.8102689287809933e-06
9610,nemittikatā,3,3.8102689287809933e-06
9611,nippesikatā,3,3.8102689287809933e-06
9612,lābhena,3,3.8102689287809933e-06
9613,nijigīsanatā,3,3.8102689287809933e-06
9614,ñātivitakko,3,3.8102689287809933e-06
9615,janapadavitakko,3,3.8102689287809933e-06
9616,amaravitakko,3,3.8102689287809933e-06
9617,parānuddayatāpaṭisaṁyutto,3,3.8102689287809933e-06
9618,lābhasakkārasilokapaṭisaṁyutto,3,3.8102689287809933e-06
9619,anavaññattipaṭisaṁyutto,3,3.8102689287809933e-06
9620,antavādiṭṭhi,3,3.8102689287809933e-06
9621,anantavādiṭṭhi,3,3.8102689287809933e-06
9622,amaddavo,3,3.8102689287809933e-06
9623,appaṭisanthāro,3,3.8102689287809933e-06
9624,akusalavitakkā,3,3.8102689287809933e-06
9625,akusalasaññā,3,3.8102689287809933e-06
9626,akusaladhātuyo,3,3.8102689287809933e-06
9627,tamāni,3,3.8102689287809933e-06
9628,titthāyatanāni,3,3.8102689287809933e-06
9629,kiñcanā,3,3.8102689287809933e-06
9630,aṅgaṇāni,3,3.8102689287809933e-06
9631,malāni,3,3.8102689287809933e-06
9632,aggī,3,3.8102689287809933e-06
9633,vihesā,3,3.8102689287809933e-06
9634,adhammacariyā,3,3.8102689287809933e-06
9635,asampajaññatā,3,3.8102689287809933e-06
9636,avadaññutā,3,3.8102689287809933e-06
9637,saddhammaṁ,3,3.8102689287809933e-06
9638,upārambhacittatā,3,3.8102689287809933e-06
9639,kummaggasevanā,3,3.8102689287809933e-06
9640,taṇhuppādā,3,3.8102689287809933e-06
9641,agatigamanāni,3,3.8102689287809933e-06
9642,vipariyāsā,3,3.8102689287809933e-06
9643,saṅgā,3,3.8102689287809933e-06
9644,sallā,3,3.8102689287809933e-06
9645,cetokhilā,3,3.8102689287809933e-06
9646,verā,3,3.8102689287809933e-06
9647,byasanā,3,3.8102689287809933e-06
9648,akkhantiyā,3,3.8102689287809933e-06
9649,ādīnavā,3,3.8102689287809933e-06
9650,vivādamūlāni,3,3.8102689287809933e-06
9651,virodhavatthūni,3,3.8102689287809933e-06
9652,taṇhākāyā,3,3.8102689287809933e-06
9653,agāravā,3,3.8102689287809933e-06
9654,somanassupavicārā,3,3.8102689287809933e-06
9655,domanassupavicārā,3,3.8102689287809933e-06
9656,upekkhupavicārā,3,3.8102689287809933e-06
9657,somanassāni,3,3.8102689287809933e-06
9658,domanassāni,3,3.8102689287809933e-06
9659,pariyuṭṭhānāni,3,3.8102689287809933e-06
9660,asaddhammā,3,3.8102689287809933e-06
9661,kusītavatthūni,3,3.8102689287809933e-06
9662,lokadhammesu,3,3.8102689287809933e-06
9663,purisadosā,3,3.8102689287809933e-06
9664,purisamalāni,3,3.8102689287809933e-06
9665,navavidhā,3,3.8102689287809933e-06
9666,taṇhāmūlakā,3,3.8102689287809933e-06
9667,iñjitāni,3,3.8102689287809933e-06
9668,saṅkhatāni,3,3.8102689287809933e-06
9669,akusalakammapathā,3,3.8102689287809933e-06
9670,dvāsaṭṭhi,3,3.8102689287809933e-06
9671,diṭṭhigatāni,3,3.8102689287809933e-06
9672,brahmajāle,3,3.8102689287809933e-06
9673,veyyākaraṇe,3,3.8102689287809933e-06
9674,majjanā,3,3.8102689287809933e-06
9675,majjitattaṁ,3,3.8102689287809933e-06
9676,pamajjanā,3,3.8102689287809933e-06
9677,pamajjitattaṁ,3,3.8102689287809933e-06
9678,amudutā,3,3.8102689287809933e-06
9679,assaddho,3,3.8102689287809933e-06
9680,aññataraññataresu,3,3.8102689287809933e-06
9681,seyyo,3,3.8102689287809933e-06
9682,asoraccaṁ,3,3.8102689287809933e-06
9683,acarī,3,3.8102689287809933e-06
9684,caratī,3,3.8102689287809933e-06
9685,kāmapaṭisaṁyutto,3,3.8102689287809933e-06
9686,byāpādapaṭisaṁyutto,3,3.8102689287809933e-06
9687,vihiṁsāpaṭisaṁyutto,3,3.8102689287809933e-06
9688,ucchedadiṭṭhisahagato,3,3.8102689287809933e-06
9689,bhayaṁ,3,3.8102689287809933e-06
9690,bhayānakaṁ,3,3.8102689287809933e-06
9691,lomahaṁso,3,3.8102689287809933e-06
9692,utrāso,3,3.8102689287809933e-06
9693,kiñcāyaṁ,3,3.8102689287809933e-06
9694,kiñcanaṁ,3,3.8102689287809933e-06
9695,aṅgaṇaṁ,3,3.8102689287809933e-06
9696,malaṁ,3,3.8102689287809933e-06
9697,visamaṁ,3,3.8102689287809933e-06
9698,adhammacariyāvisamacariyā,3,3.8102689287809933e-06
9699,micchāvācā,3,3.8102689287809933e-06
9700,micchākammanto,3,3.8102689287809933e-06
9701,micchāājīvo,3,3.8102689287809933e-06
9702,micchāsati,3,3.8102689287809933e-06
9703,akkhāyati,3,3.8102689287809933e-06
9704,sañjānāmī,3,3.8102689287809933e-06
9705,akammañño,3,3.8102689287809933e-06
9706,asaññīvādā,3,3.8102689287809933e-06
9707,nevasaññīnāsaññīvādā,3,3.8102689287809933e-06
9708,ekādasindriyāni,3,3.8102689287809933e-06
9709,kāmadhātupariyāpannaṁ,3,3.8102689287809933e-06
9710,paripuṇṇāyatanānaṁ,3,3.8102689287809933e-06
9711,jaccandhānaṁ,3,3.8102689287809933e-06
9712,jaccabadhirānaṁ,3,3.8102689287809933e-06
9713,jaccandhabadhirānaṁ,3,3.8102689287809933e-06
9714,antokaritvā,3,3.8102689287809933e-06
9715,abhiññeyyo,3,3.8102689287809933e-06
9716,pariññeyyo,3,3.8102689287809933e-06
9717,pañcindriyā,3,3.8102689287809933e-06
9718,atītānāgatapaccuppannā,3,3.8102689287809933e-06
9719,sukhadukkhā,3,3.8102689287809933e-06
9720,sampayuttāhi,3,3.8102689287809933e-06
9721,sampayuttānaṁ,3,3.8102689287809933e-06
9722,sukhindriyasampayutto,3,3.8102689287809933e-06
9723,dukkhindriyasampayutto,3,3.8102689287809933e-06
9724,somanassindriyasampayutto,3,3.8102689287809933e-06
9725,domanassindriyasampayutto,3,3.8102689287809933e-06
9726,upekkhindriyasampayutto,3,3.8102689287809933e-06
9727,phassasampayuttaṁ,3,3.8102689287809933e-06
9728,saṁyojaniyañca,3,3.8102689287809933e-06
9729,saṁyojanasampayuttañca,3,3.8102689287809933e-06
9730,parāmaṭṭhañcā,3,3.8102689287809933e-06
9731,vippayuttan,3,3.8102689287809933e-06
9732,saṁsaṭṭhan,3,3.8102689287809933e-06
9733,visaṁsaṭṭhan,3,3.8102689287809933e-06
9734,viññāṇadhātu,3,3.8102689287809933e-06
9735,sukhadhātu,3,3.8102689287809933e-06
9736,dukkhadhātu,3,3.8102689287809933e-06
9737,somanassadhātu,3,3.8102689287809933e-06
9738,domanassadhātu,3,3.8102689287809933e-06
9739,upekkhādhātu,3,3.8102689287809933e-06
9740,avijjādhātu,3,3.8102689287809933e-06
9741,appiyehi,3,3.8102689287809933e-06
9742,piyehi,3,3.8102689287809933e-06
9743,pītisahagatan,3,3.8102689287809933e-06
9744,nevācayagāmināpacayagāmi,3,3.8102689287809933e-06
9745,āsavavippayuttasāsavan,3,3.8102689287809933e-06
9746,āsavavippayuttaanāsavan,3,3.8102689287809933e-06
9747,saṁyojanasampayuttaṁ,3,3.8102689287809933e-06
9748,saṁyojanavippayuttasaṁyojaniyan,3,3.8102689287809933e-06
9749,saṁyojanavippayuttaasaṁyojaniyan,3,3.8102689287809933e-06
9750,nīvaraṇavippayuttanīvaraṇiyan,3,3.8102689287809933e-06
9751,nīvaraṇavippayuttaanīvaraṇiyan,3,3.8102689287809933e-06
9752,kilesavippayuttasaṅkilesikan,3,3.8102689287809933e-06
9753,kilesavippayuttaasaṅkilesikan,3,3.8102689287809933e-06
9754,arūpajīvitindriyaṁ,3,3.8102689287809933e-06
9755,nibbatti,3,3.8102689287809933e-06
9756,chaṭṭhāyatananti,3,3.8102689287809933e-06
9757,paṭighapaccayā,3,3.8102689287809933e-06
9758,vicikicchāpaccayā,3,3.8102689287809933e-06
9759,uddhaccapaccayā,3,3.8102689287809933e-06
9760,cakkhuviññāṇacitta,3,3.8102689287809933e-06
9761,sampaṭicchanacitta,3,3.8102689287809933e-06
9762,pādatalā,3,3.8102689287809933e-06
9763,kesamatthakā,3,3.8102689287809933e-06
9764,tacapariyantaṁ,3,3.8102689287809933e-06
9765,pūraṁ,3,3.8102689287809933e-06
9766,nānappakārassa,3,3.8102689287809933e-06
9767,asucino,3,3.8102689287809933e-06
9768,muttan,3,3.8102689287809933e-06
9769,sāmisā,3,3.8102689287809933e-06
9770,pahīnassa,3,3.8102689287809933e-06
9771,anuppannāya,3,3.8102689287809933e-06
9772,pahīnāya,3,3.8102689287809933e-06
9773,vīriyasamādhi,3,3.8102689287809933e-06
9774,cittasamādhi,3,3.8102689287809933e-06
9775,kusalamūlakā,3,3.8102689287809933e-06
9776,kusalamūlamūlakā,3,3.8102689287809933e-06
9777,akusalamūlakā,3,3.8102689287809933e-06
9778,akusalamūlamūlakā,3,3.8102689287809933e-06
9779,abyākatamūlakā,3,3.8102689287809933e-06
9780,abyākatamūlamūlakā,3,3.8102689287809933e-06
9781,nāmamūlakā,3,3.8102689287809933e-06
9782,nāmamūlamūlakā,3,3.8102689287809933e-06
9783,ekamūlañceva,3,3.8102689287809933e-06
9784,ekamūlamūlañceva,3,3.8102689287809933e-06
9785,ekamūlakañceva,3,3.8102689287809933e-06
9786,ekamūlamūlakañceva,3,3.8102689287809933e-06
9787,akusalamūlakaṁ,3,3.8102689287809933e-06
9788,akusalamūlamūlakaṁ,3,3.8102689287809933e-06
9789,nāmamūlakaṁ,3,3.8102689287809933e-06
9790,nāmamūlamūlakaṁ,3,3.8102689287809933e-06
9791,purisaṁ,3,3.8102689287809933e-06
9792,jīvitañca,3,3.8102689287809933e-06
9793,somanassañca,3,3.8102689287809933e-06
9794,domanassañca,3,3.8102689287809933e-06
9795,saddhañca,3,3.8102689287809933e-06
9796,vīriyañca,3,3.8102689287809933e-06
9797,satiñca,3,3.8102689287809933e-06
9798,samādhiñca,3,3.8102689287809933e-06
9799,anaññātaññassāmītiṁ,3,3.8102689287809933e-06
9800,anaññātaññassāmītiñca,3,3.8102689287809933e-06
9801,aññañca,3,3.8102689287809933e-06
9802,aññātāviṁ,3,3.8102689287809933e-06
9803,aññātāviñca,3,3.8102689287809933e-06
9804,uppādepi,3,3.8102689287809933e-06
9805,nirodhavāre,3,3.8102689287809933e-06
9806,kāyadhātūti,3,3.8102689287809933e-06
9807,cakkhuviññāṇadhātūti,3,3.8102689287809933e-06
9808,manodhātūti,3,3.8102689287809933e-06
9809,dhātuñca,3,3.8102689287809933e-06
9810,apāye,3,3.8102689287809933e-06
9811,taṇhāvippayuttamaggavippayuttacittassa,3,3.8102689287809933e-06
9812,maggavippayuttataṇhāvippayuttacittassa,3,3.8102689287809933e-06
9813,yassayatthake,3,3.8102689287809933e-06
9814,sabbasakkāyapariyāpannesu,3,3.8102689287809933e-06
9815,cittasamaṅgīnaṁ,3,3.8102689287809933e-06
9816,cittake,3,3.8102689287809933e-06
9817,kilesagocchakaṁ,2,2.5401792858539955e-06
9818,suttantikadukamātikā,2,2.5401792858539955e-06
9819,vijjābhāgīduka,2,2.5401792858539955e-06
9820,vijjūpamaduka,2,2.5401792858539955e-06
9821,bāladuka,2,2.5401792858539955e-06
9822,kaṇhaduka,2,2.5401792858539955e-06
9823,tapanīyaduka,2,2.5401792858539955e-06
9824,adhivacanaduka,2,2.5401792858539955e-06
9825,niruttiduka,2,2.5401792858539955e-06
9826,paññattiduka,2,2.5401792858539955e-06
9827,nāmaduka,2,2.5401792858539955e-06
9828,avijjāduka,2,2.5401792858539955e-06
9829,bhavadiṭṭhiduka,2,2.5401792858539955e-06
9830,sassatadiṭṭhiduka,2,2.5401792858539955e-06
9831,antavādiṭṭhiduka,2,2.5401792858539955e-06
9832,pubbantānudiṭṭhiduka,2,2.5401792858539955e-06
9833,ahirikaduka,2,2.5401792858539955e-06
9834,hiriduka,2,2.5401792858539955e-06
9835,dovacassatāduka,2,2.5401792858539955e-06
9836,sovacassatāduka,2,2.5401792858539955e-06
9837,āpattikusalatāduka,2,2.5401792858539955e-06
9838,samāpattikusalatāduka,2,2.5401792858539955e-06
9839,dhātukusalatāduka,2,2.5401792858539955e-06
9840,āyatanakusalatāduka,2,2.5401792858539955e-06
9841,ṭhānakusalatāduka,2,2.5401792858539955e-06
9842,ajjavaduka,2,2.5401792858539955e-06
9843,khantiduka,2,2.5401792858539955e-06
9844,sākhalyaduka,2,2.5401792858539955e-06
9845,indriyesuaguttadvāratāduka,2,2.5401792858539955e-06
9846,indriyesuguttadvāratāduka,2,2.5401792858539955e-06
9847,muṭṭhasaccaduka,2,2.5401792858539955e-06
9848,asampajaññañca,2,2.5401792858539955e-06
9849,satisampajaññaduka,2,2.5401792858539955e-06
9850,paṭisaṅkhānabaladuka,2,2.5401792858539955e-06
9851,samathavipassanāduka,2,2.5401792858539955e-06
9852,samathanimittaduka,2,2.5401792858539955e-06
9853,paggāhaduka,2,2.5401792858539955e-06
9854,sīlavipattiduka,2,2.5401792858539955e-06
9855,sīlasampadāduka,2,2.5401792858539955e-06
9856,sīlavisuddhiduka,2,2.5401792858539955e-06
9857,diṭṭhivisuddhikhopanaduka,2,2.5401792858539955e-06
9858,yathādiṭṭhissa,2,2.5401792858539955e-06
9859,saṁvegasaṁvejananiyaṭṭhānaduka,2,2.5401792858539955e-06
9860,saṁvego,2,2.5401792858539955e-06
9861,ṭhānesu,2,2.5401792858539955e-06
9862,saṁviggassa,2,2.5401792858539955e-06
9863,asantuṭṭhitākusaladhammaduka,2,2.5401792858539955e-06
9864,appaṭivānitā,2,2.5401792858539955e-06
9865,vijjāduka,2,2.5401792858539955e-06
9866,khayeñāṇaduka,2,2.5401792858539955e-06
9867,anuppāde,2,2.5401792858539955e-06
9868,kiriyāmanodhātu,2,2.5401792858539955e-06
9869,rūpāvacarakiriyā,2,2.5401792858539955e-06
9870,arūpāvacarakiriyā,2,2.5401792858539955e-06
9871,kāmāvacarakusala,2,2.5401792858539955e-06
9872,chaṭṭhaṁ,2,2.5401792858539955e-06
9873,dutiyabhāṇavāro,2,2.5401792858539955e-06
9874,aṭṭhakasiṇaṁ,2,2.5401792858539955e-06
9875,aparampi,2,2.5401792858539955e-06
9876,odātāni,2,2.5401792858539955e-06
9877,vimokkhāni,2,2.5401792858539955e-06
9878,brahmavihārajhānāni,2,2.5401792858539955e-06
9879,asubhajhānaṁ,2,2.5401792858539955e-06
9880,rūpāvacarakusalaṁ,2,2.5401792858539955e-06
9881,arūpajhānāni,2,2.5401792858539955e-06
9882,arūpāvacarakusalaṁ,2,2.5401792858539955e-06
9883,lokuttarakusala,2,2.5401792858539955e-06
9884,anaññātānaṁ,2,2.5401792858539955e-06
9885,adiṭṭhānaṁ,2,2.5401792858539955e-06
9886,appattānaṁ,2,2.5401792858539955e-06
9887,aviditānaṁ,2,2.5401792858539955e-06
9888,asacchikatānaṁ,2,2.5401792858539955e-06
9889,micchāājīvā,2,2.5401792858539955e-06
9890,suññatamūlakapaṭipadā,2,2.5401792858539955e-06
9891,appaṇihitamūlakapaṭipadā,2,2.5401792858539955e-06
9892,mahānaya,2,2.5401792858539955e-06
9893,mahānayā,2,2.5401792858539955e-06
9894,dutiyāya,2,2.5401792858539955e-06
9895,tatiyāya,2,2.5401792858539955e-06
9896,catutthāya,2,2.5401792858539955e-06
9897,ñātānaṁ,2,2.5401792858539955e-06
9898,lubbhanā,2,2.5401792858539955e-06
9899,lubbhitattaṁ,2,2.5401792858539955e-06
9900,sārajjanā,2,2.5401792858539955e-06
9901,sārajjitattaṁ,2,2.5401792858539955e-06
9902,tajjācakkhuviññāṇadhātusamphassajā,2,2.5401792858539955e-06
9903,tajjākāyaviññāṇadhātusamphassajaṁ,2,2.5401792858539955e-06
9904,tajjākāyaviññāṇadhātusamphassajā,2,2.5401792858539955e-06
9905,tajjāmanodhātusamphassajā,2,2.5401792858539955e-06
9906,rūpāvacaravipāka,2,2.5401792858539955e-06
9907,arūpāvacaravipāka,2,2.5401792858539955e-06
9908,lokuttaravipāka,2,2.5401792858539955e-06
9909,suññatapaṭipadā,2,2.5401792858539955e-06
9910,appaṇihitapaṭipadā,2,2.5401792858539955e-06
9911,chandādhipateyyasuddhikapaṭipadā,2,2.5401792858539955e-06
9912,aññātāvīnaṁ,2,2.5401792858539955e-06
9913,akusalavipākā,2,2.5401792858539955e-06
9914,jarābhibhūtaṁ,2,2.5401792858539955e-06
9915,vatthudukaṁ,2,2.5401792858539955e-06
9916,ārammaṇadukaṁ,2,2.5401792858539955e-06
9917,āyatanadukaṁ,2,2.5401792858539955e-06
9918,dhātudukaṁ,2,2.5401792858539955e-06
9919,indriyadukaṁ,2,2.5401792858539955e-06
9920,sukhumarūpadukaṁ,2,2.5401792858539955e-06
9921,pakiṇṇakatikaṁ,2,2.5401792858539955e-06
9922,vatthutikaṁ,2,2.5401792858539955e-06
9923,ārammaṇatikaṁ,2,2.5401792858539955e-06
9924,āyatanatikaṁ,2,2.5401792858539955e-06
9925,dhātutikaṁ,2,2.5401792858539955e-06
9926,indriyatikaṁ,2,2.5401792858539955e-06
9927,sukhumarūpatikaṁ,2,2.5401792858539955e-06
9928,ekādasakaṁ,2,2.5401792858539955e-06
9929,rūpavibhatti,2,2.5401792858539955e-06
9930,hetumeva,2,2.5401792858539955e-06
9931,ahetukameva,2,2.5401792858539955e-06
9932,hetuvippayuttameva,2,2.5401792858539955e-06
9933,sappaccayameva,2,2.5401792858539955e-06
9934,saṅkhatameva,2,2.5401792858539955e-06
9935,lokiyameva,2,2.5401792858539955e-06
9936,sāsavameva,2,2.5401792858539955e-06
9937,ganthaniyameva,2,2.5401792858539955e-06
9938,oghaniyameva,2,2.5401792858539955e-06
9939,yoganiyameva,2,2.5401792858539955e-06
9940,nīvaraṇiyameva,2,2.5401792858539955e-06
9941,parāmaṭṭhameva,2,2.5401792858539955e-06
9942,upādāniyameva,2,2.5401792858539955e-06
9943,saṅkilesikameva,2,2.5401792858539955e-06
9944,abyākatameva,2,2.5401792858539955e-06
9945,acetasikameva,2,2.5401792858539955e-06
9946,asaṅkiliṭṭhasaṅkilesikameva,2,2.5401792858539955e-06
9947,savitakkasavicārameva,2,2.5401792858539955e-06
9948,avitakkavicāramattameva,2,2.5401792858539955e-06
9949,avitakkaavicārameva,2,2.5401792858539955e-06
9950,pītisahagatameva,2,2.5401792858539955e-06
9951,pahātabbameva,2,2.5401792858539955e-06
9952,pahātabbahetukameva,2,2.5401792858539955e-06
9953,nevasekkhanāsekkhameva,2,2.5401792858539955e-06
9954,parittameva,2,2.5401792858539955e-06
9955,kāmāvacarameva,2,2.5401792858539955e-06
9956,rūpāvacarameva,2,2.5401792858539955e-06
9957,arūpāvacarameva,2,2.5401792858539955e-06
9958,pariyāpannameva,2,2.5401792858539955e-06
9959,apariyāpannameva,2,2.5401792858539955e-06
9960,aniyatameva,2,2.5401792858539955e-06
9961,aniyyānikameva,2,2.5401792858539955e-06
9962,aniccameva,2,2.5401792858539955e-06
9963,jarābhibhūtameva,2,2.5401792858539955e-06
9964,ekakaniddeso,2,2.5401792858539955e-06
9965,rūpamhi,2,2.5401792858539955e-06
9966,sanidassanamhi,2,2.5401792858539955e-06
9967,rūpārammaṇo,2,2.5401792858539955e-06
9968,sotamhi,2,2.5401792858539955e-06
9969,saddamhi,2,2.5401792858539955e-06
9970,saddārammaṇo,2,2.5401792858539955e-06
9971,ghānamhi,2,2.5401792858539955e-06
9972,gandhamhi,2,2.5401792858539955e-06
9973,gandhārammaṇo,2,2.5401792858539955e-06
9974,rasamhi,2,2.5401792858539955e-06
9975,rasārammaṇo,2,2.5401792858539955e-06
9976,kāyamhi,2,2.5401792858539955e-06
9977,phoṭṭhabbamhi,2,2.5401792858539955e-06
9978,phoṭṭhabbārammaṇo,2,2.5401792858539955e-06
9979,rūpakaṇḍe,2,2.5401792858539955e-06
9980,dukaniddeso,2,2.5401792858539955e-06
9981,tikaniddeso,2,2.5401792858539955e-06
9982,suddhī,2,2.5401792858539955e-06
9983,heṭṭhimāni,2,2.5401792858539955e-06
9984,upariṭṭhimaṁ,2,2.5401792858539955e-06
9985,anukampā,2,2.5401792858539955e-06
9986,nikkhepakaṇḍe,2,2.5401792858539955e-06
9987,unnamo,2,2.5401792858539955e-06
9988,sarīraṁ,2,2.5401792858539955e-06
9989,abhijjhākāyaganthena,2,2.5401792858539955e-06
9990,kāyaganthena,2,2.5401792858539955e-06
9991,onāho,2,2.5401792858539955e-06
9992,pariyonāho,2,2.5401792858539955e-06
9993,antosamorodho,2,2.5401792858539955e-06
9994,soppaṁ,2,2.5401792858539955e-06
9995,pacalāyikā,2,2.5401792858539955e-06
9996,akappiye,2,2.5401792858539955e-06
9997,kappiyasaññitā,2,2.5401792858539955e-06
9998,kappiye,2,2.5401792858539955e-06
9999,akappiyasaññitā,2,2.5401792858539955e-06
10000,avajje,2,2.5401792858539955e-06
10001,vajjasaññitā,2,2.5401792858539955e-06
10002,vajje,2,2.5401792858539955e-06
10003,avajjasaññitā,2,2.5401792858539955e-06
10004,kukkuccāyanā,2,2.5401792858539955e-06
10005,kukkuccāyitattaṁ,2,2.5401792858539955e-06
10006,vippaṭisāro,2,2.5401792858539955e-06
10007,kāmacchandanīvaraṇena,2,2.5401792858539955e-06
10008,byāpādanīvaraṇena,2,2.5401792858539955e-06
10009,thinamiddhanīvaraṇena,2,2.5401792858539955e-06
10010,kukkuccanīvaraṇena,2,2.5401792858539955e-06
10011,vicikicchānīvaraṇena,2,2.5401792858539955e-06
10012,sampayuttantipi,2,2.5401792858539955e-06
10013,vippayuttantipi,2,2.5401792858539955e-06
10014,saṁsaṭṭhantipi,2,2.5401792858539955e-06
10015,visaṁsaṭṭhantipi,2,2.5401792858539955e-06
10016,brahmalokaṁ,2,2.5401792858539955e-06
10017,arahattamagge,2,2.5401792858539955e-06
10018,ahirīkañca,2,2.5401792858539955e-06
10019,ucchijjissati,2,2.5401792858539955e-06
10020,pubbantaṁ,2,2.5401792858539955e-06
10021,aparantaṁ,2,2.5401792858539955e-06
10022,vippaṭikūlaggāhitā,2,2.5401792858539955e-06
10023,sovacassāyaṁ,2,2.5401792858539955e-06
10024,sovacassiyaṁ,2,2.5401792858539955e-06
10025,avipaccanīkasātatā,2,2.5401792858539955e-06
10026,sagāravatā,2,2.5401792858539955e-06
10027,sādariyaṁ,2,2.5401792858539955e-06
10028,bahussutā,2,2.5401792858539955e-06
10029,cāgavanto,2,2.5401792858539955e-06
10030,āpattikkhandhā,2,2.5401792858539955e-06
10031,āpattiyo,2,2.5401792858539955e-06
10032,vuṭṭhānakusalatā,2,2.5401792858539955e-06
10033,ṭhānanti,2,2.5401792858539955e-06
10034,sākhalyaṁ,2,2.5401792858539955e-06
10035,kakkasā,2,2.5401792858539955e-06
10036,parakaṭukā,2,2.5401792858539955e-06
10037,parābhisajjanī,2,2.5401792858539955e-06
10038,kodhasāmantā,2,2.5401792858539955e-06
10039,asamādhisaṁvattanikā,2,2.5401792858539955e-06
10040,paṭisanthārā,2,2.5401792858539955e-06
10041,āmisapaṭisanthāro,2,2.5401792858539955e-06
10042,dhammapaṭisanthāro,2,2.5401792858539955e-06
10043,āmisapaṭisanthārena,2,2.5401792858539955e-06
10044,dhammapaṭisanthārena,2,2.5401792858539955e-06
10045,phāsuvihāro,2,2.5401792858539955e-06
10046,muṭṭhasaccaṁ,2,2.5401792858539955e-06
10047,paṭisaṅkhānabalaṁ,2,2.5401792858539955e-06
10048,bahulīkammaṁ,2,2.5401792858539955e-06
10049,samathanimittaṁ,2,2.5401792858539955e-06
10050,paggāhanimittaṁ,2,2.5401792858539955e-06
10051,dussilyaṁ,2,2.5401792858539955e-06
10052,padhānan,2,2.5401792858539955e-06
10053,byādhibhayaṁ,2,2.5401792858539955e-06
10054,aṭṭhakathākaṇḍa,2,2.5401792858539955e-06
10055,rūpāvacaratikatikajjhānā,2,2.5401792858539955e-06
10056,lokuttaratikatikajjhānā,2,2.5401792858539955e-06
10057,diṭṭhigatavippayuttā,2,2.5401792858539955e-06
10058,kāmāvacarakiriyābyākataṁ,2,2.5401792858539955e-06
10059,appamāṇārammaṇātipi,2,2.5401792858539955e-06
10060,maggahetukātipi,2,2.5401792858539955e-06
10061,anuppannāti,2,2.5401792858539955e-06
10062,anindriyabaddharūpañca,2,2.5401792858539955e-06
10063,vipākesu,2,2.5401792858539955e-06
10064,kiriyesu,2,2.5401792858539955e-06
10065,hetūtipi,2,2.5401792858539955e-06
10066,saññojanātipi,2,2.5401792858539955e-06
10067,ganthātipi,2,2.5401792858539955e-06
10068,sasaṅkhārikesu,2,2.5401792858539955e-06
10069,akusalesu,2,2.5401792858539955e-06
10070,upādānātipi,2,2.5401792858539955e-06
10071,rūpāvacaradukadukajjhānā,2,2.5401792858539955e-06
10072,lokuttaradukadukajjhānā,2,2.5401792858539955e-06
10073,asaṅgaho,2,2.5401792858539955e-06
10074,nevavipākanavipākadhammadhammehi,2,2.5401792858539955e-06
10075,anupādinnupādāniyehi,2,2.5401792858539955e-06
10076,avitakkaavicārehi,2,2.5401792858539955e-06
10077,anuppannehi,2,2.5401792858539955e-06
10078,anupādinnehi,2,2.5401792858539955e-06
10079,mahābhavā,2,2.5401792858539955e-06
10080,tikesvekūnavīsati,2,2.5401792858539955e-06
10081,cūḷantare,2,2.5401792858539955e-06
10082,mahantare,2,2.5401792858539955e-06
10083,padasataṁ,2,2.5401792858539955e-06
10084,sampayoge,2,2.5401792858539955e-06
10085,labbhatīti,2,2.5401792858539955e-06
10086,vippayuttapadaniddeso,2,2.5401792858539955e-06
10087,paṭiccapadā,2,2.5401792858539955e-06
10088,gocchakapadamettha,2,2.5401792858539955e-06
10089,tiṁsavidhāti,2,2.5401792858539955e-06
10090,sampayuttavippayuttapadaniddeso,2,2.5401792858539955e-06
10091,ekādasamo,2,2.5401792858539955e-06
10092,arūpakkhandhā,2,2.5401792858539955e-06
10093,manāyatanameva,2,2.5401792858539955e-06
10094,viññāṇadhātuyo,2,2.5401792858539955e-06
10095,paccaye,2,2.5401792858539955e-06
10096,tecattālīsameva,2,2.5401792858539955e-06
10097,navamassa,2,2.5401792858539955e-06
10098,padassete,2,2.5401792858539955e-06
10099,niddese,2,2.5401792858539955e-06
10100,saṅgahaṁ,2,2.5401792858539955e-06
10101,gatāti,2,2.5401792858539955e-06
10102,dhammāyatanena,2,2.5401792858539955e-06
10103,nāmarūpena,2,2.5401792858539955e-06
10104,cūḷantaradukādi,2,2.5401792858539955e-06
10105,arūpīhi,2,2.5401792858539955e-06
10106,cittasamuṭṭhānehi,2,2.5401792858539955e-06
10107,bāhirehi,2,2.5401792858539955e-06
10108,anupādāniyehi,2,2.5401792858539955e-06
10109,upādānasampayuttehi,2,2.5401792858539955e-06
10110,asaṅkiliṭṭhehi,2,2.5401792858539955e-06
10111,itthipumaṁ,2,2.5401792858539955e-06
10112,bhavā,2,2.5401792858539955e-06
10113,maccurūpaṁ,2,2.5401792858539955e-06
10114,visaṁsaṭṭhaṁ,2,2.5401792858539955e-06
10115,anuparivatti,2,2.5401792858539955e-06
10116,esanayo,2,2.5401792858539955e-06
10117,terasamo,2,2.5401792858539955e-06
10118,saccādi,2,2.5401792858539955e-06
10119,abyākatehi,2,2.5401792858539955e-06
10120,aniyatehi,2,2.5401792858539955e-06
10121,araṇehi,2,2.5401792858539955e-06
10122,jātijarāmataṁ,2,2.5401792858539955e-06
10123,tike,2,2.5401792858539955e-06
10124,labbhare,2,2.5401792858539955e-06
10125,paṭhamantare,2,2.5401792858539955e-06
10126,matthake,2,2.5401792858539955e-06
10127,iccete,2,2.5401792858539955e-06
10128,samucchede,2,2.5401792858539955e-06
10129,moghapucchakena,2,2.5401792858539955e-06
10130,cuddasamo,2,2.5401792858539955e-06
10131,khandha,2,2.5401792858539955e-06
10132,āyatana,2,2.5401792858539955e-06
10133,jivhāyatanañca,2,2.5401792858539955e-06
10134,appamaññā,2,2.5401792858539955e-06
10135,navahāyatanehi,2,2.5401792858539955e-06
10136,asaṅgahitapadaniddeso,2,2.5401792858539955e-06
10137,saṅgahitapadaniddeso,2,2.5401792858539955e-06
10138,caturo,2,2.5401792858539955e-06
10139,indriyato,2,2.5401792858539955e-06
10140,sampayuttapadaniddeso,2,2.5401792858539955e-06
10141,navamo,2,2.5401792858539955e-06
10142,hevatthikathā,2,2.5401792858539955e-06
10143,hevatthīti,2,2.5401792858539955e-06
10144,odhiso,2,2.5401792858539955e-06
10145,puggalakathā,2,2.5401792858539955e-06
10146,paṭikammacatukkaṁ,2,2.5401792858539955e-06
10147,tvañce,2,2.5401792858539955e-06
10148,maññasi,2,2.5401792858539955e-06
10149,tava,2,2.5401792858539955e-06
10150,paṭijānantaṁ,2,2.5401792858539955e-06
10151,niggaṇhāma,2,2.5401792858539955e-06
10152,suniggahito,2,2.5401792858539955e-06
10153,hosi,2,2.5401792858539955e-06
10154,niggahacatukkaṁ,2,2.5401792858539955e-06
10155,ese,2,2.5401792858539955e-06
10156,dunniggahite,2,2.5401792858539955e-06
10157,hevamevaṁ,2,2.5401792858539955e-06
10158,dakkha,2,2.5401792858539955e-06
10159,tayā,2,2.5401792858539955e-06
10160,paṭijānantā,2,2.5401792858539955e-06
10161,niggahetabbā,2,2.5401792858539955e-06
10162,dunniggahitā,2,2.5401792858539955e-06
10163,homa,2,2.5401792858539955e-06
10164,upanayanacatukkaṁ,2,2.5401792858539955e-06
10165,kate,2,2.5401792858539955e-06
10166,se,2,2.5401792858539955e-06
10167,dukkaṭe,2,2.5401792858539955e-06
10168,sukate,2,2.5401792858539955e-06
10169,paṭikamme,2,2.5401792858539955e-06
10170,sukatā,2,2.5401792858539955e-06
10171,paṭipādanāti,2,2.5401792858539955e-06
10172,niggamanacatukkaṁ,2,2.5401792858539955e-06
10173,cakkhāyatanasmiṁ,2,2.5401792858539955e-06
10174,cakkhāyatanā,2,2.5401792858539955e-06
10175,dhammāyatanasmiṁ,2,2.5401792858539955e-06
10176,dhammāyatanā,2,2.5401792858539955e-06
10177,cakkhundriyasmiṁ,2,2.5401792858539955e-06
10178,cakkhundriyā,2,2.5401792858539955e-06
10179,aññātāvindriyasmiṁ,2,2.5401792858539955e-06
10180,aññātāvindriyā,2,2.5401792858539955e-06
10181,sanimitto,2,2.5401792858539955e-06
10182,animittoti,2,2.5401792858539955e-06
10183,vacanasodhana,2,2.5401792858539955e-06
10184,kāmī,2,2.5401792858539955e-06
10185,kāmino,2,2.5401792858539955e-06
10186,upacchinno,2,2.5401792858539955e-06
10187,jātoti,2,2.5401792858539955e-06
10188,satto,2,2.5401792858539955e-06
10189,hehiti,2,2.5401792858539955e-06
10190,pāṇātipātopi,2,2.5401792858539955e-06
10191,vipaccamāne,2,2.5401792858539955e-06
10192,mahiṁsoti,2,2.5401792858539955e-06
10193,brāhmaṇoti,2,2.5401792858539955e-06
10194,hatthacchinno,2,2.5401792858539955e-06
10195,hatthacchinnova,2,2.5401792858539955e-06
10196,pādacchinno,2,2.5401792858539955e-06
10197,pādacchinnova,2,2.5401792858539955e-06
10198,hatthapādacchinno,2,2.5401792858539955e-06
10199,hatthapādacchinnova,2,2.5401792858539955e-06
10200,kaṇṇacchinno,2,2.5401792858539955e-06
10201,nāsacchinno,2,2.5401792858539955e-06
10202,kaṇṇanāsacchinno,2,2.5401792858539955e-06
10203,aṅgulicchinno,2,2.5401792858539955e-06
10204,aḷacchinno,2,2.5401792858539955e-06
10205,kaṇḍaracchinno,2,2.5401792858539955e-06
10206,kuṇihatthako,2,2.5401792858539955e-06
10207,phaṇahatthako,2,2.5401792858539955e-06
10208,kuṭṭhiyo,2,2.5401792858539955e-06
10209,gaṇḍiyo,2,2.5401792858539955e-06
10210,kilāsiyo,2,2.5401792858539955e-06
10211,sosiyo,2,2.5401792858539955e-06
10212,apamāriyo,2,2.5401792858539955e-06
10213,mahiṁsova,2,2.5401792858539955e-06
10214,avigato,2,2.5401792858539955e-06
10215,sarūpo,2,2.5401792858539955e-06
10216,saviññāṇo,2,2.5401792858539955e-06
10217,arūpo,2,2.5401792858539955e-06
10218,aviññāṇo,2,2.5401792858539955e-06
10219,bhijjamānesu,2,2.5401792858539955e-06
10220,bhijjati,2,2.5401792858539955e-06
10221,bhavati,2,2.5401792858539955e-06
10222,saphalā,2,2.5401792858539955e-06
10223,akusalopi,2,2.5401792858539955e-06
10224,aniṭṭhaphalo,2,2.5401792858539955e-06
10225,akantaphalo,2,2.5401792858539955e-06
10226,amanuññaphalo,2,2.5401792858539955e-06
10227,secanakaphalo,2,2.5401792858539955e-06
10228,dukkhudrayo,2,2.5401792858539955e-06
10229,dukkhavipākoti,2,2.5401792858539955e-06
10230,abyākatopi,2,2.5401792858539955e-06
10231,manavā,2,2.5401792858539955e-06
10232,micchādiṭṭhiyo,2,2.5401792858539955e-06
10233,micchāsamādhiyo,2,2.5401792858539955e-06
10234,sammādiṭṭhiyo,2,2.5401792858539955e-06
10235,sammāsaṅkappaṁ,2,2.5401792858539955e-06
10236,sammāvācaṁ,2,2.5401792858539955e-06
10237,sammākammantaṁ,2,2.5401792858539955e-06
10238,sammāājīvaṁ,2,2.5401792858539955e-06
10239,sammāvāyāmaṁ,2,2.5401792858539955e-06
10240,sammāsatiṁ,2,2.5401792858539955e-06
10241,sammāsamādhiṁ,2,2.5401792858539955e-06
10242,sammāsamādhiyo,2,2.5401792858539955e-06
10243,ekavokārabhavaṁ,2,2.5401792858539955e-06
10244,ekavokārabhave,2,2.5401792858539955e-06
10245,ekova,2,2.5401792858539955e-06
10246,puggalāti,2,2.5401792858539955e-06
10247,aniccoti,2,2.5401792858539955e-06
10248,gāmikassa,2,2.5401792858539955e-06
10249,rūpavāti,2,2.5401792858539955e-06
10250,passāmahaṁ,2,2.5401792858539955e-06
10251,pajānāmī,2,2.5401792858539955e-06
10252,vipākapaṭisaṁvedīti,2,2.5401792858539955e-06
10253,paṭisaṁvedentīti,2,2.5401792858539955e-06
10254,paṭisaṁvedenti,2,2.5401792858539955e-06
10255,vikubbatīti,2,2.5401792858539955e-06
10256,kāyasakkhi,2,2.5401792858539955e-06
10257,pātubhavatīti,2,2.5401792858539955e-06
10258,koṭīti,2,2.5401792858539955e-06
10259,ṭhitānaṁ,2,2.5401792858539955e-06
10260,paññāyatī,2,2.5401792858539955e-06
10261,natthatthamhīti,2,2.5401792858539955e-06
10262,sadā,2,2.5401792858539955e-06
10263,avekkhati,2,2.5401792858539955e-06
10264,abbhantaragato,2,2.5401792858539955e-06
10265,sattoti,2,2.5401792858539955e-06
10266,sambhoti,2,2.5401792858539955e-06
10267,veti,2,2.5401792858539955e-06
10268,nirujjhatī,2,2.5401792858539955e-06
10269,vuccatī,2,2.5401792858539955e-06
10270,yasmā,2,2.5401792858539955e-06
10271,attaniye,2,2.5401792858539955e-06
10272,dhuvo,2,2.5401792858539955e-06
10273,avipariṇāmadhammo,2,2.5401792858539955e-06
10274,kevalo,2,2.5401792858539955e-06
10275,paripūro,2,2.5401792858539955e-06
10276,bāladhammo,2,2.5401792858539955e-06
10277,sassatavādo,2,2.5401792858539955e-06
10278,ucchedavādo,2,2.5401792858539955e-06
10279,lokasmin,2,2.5401792858539955e-06
10280,niccā,2,2.5401792858539955e-06
10281,dhuvā,2,2.5401792858539955e-06
10282,sassatā,2,2.5401792858539955e-06
10283,avipariṇāmadhammāti,2,2.5401792858539955e-06
10284,parihānikathā,2,2.5401792858539955e-06
10285,parihāyantīti,2,2.5401792858539955e-06
10286,satasahassehi,2,2.5401792858539955e-06
10287,seṭṭhī,2,2.5401792858539955e-06
10288,seṭṭhittaṁ,2,2.5401792858539955e-06
10289,kārento,2,2.5401792858539955e-06
10290,satasahasse,2,2.5401792858539955e-06
10291,parihīno,2,2.5401792858539955e-06
10292,sabbasāpateyyā,2,2.5401792858539955e-06
10293,parihāyitunti,2,2.5401792858539955e-06
10294,puthujjanabhūmiyaṁ,2,2.5401792858539955e-06
10295,mahākaccāyano,2,2.5401792858539955e-06
10296,pāraṁ,2,2.5401792858539955e-06
10297,nayidaṁ,2,2.5401792858539955e-06
10298,chediyanti,2,2.5401792858539955e-06
10299,paticayoti,2,2.5401792858539955e-06
10300,paticayo,2,2.5401792858539955e-06
10301,aniṭṭhā,2,2.5401792858539955e-06
10302,parihānāya,2,2.5401792858539955e-06
10303,saṁvattanti,2,2.5401792858539955e-06
10304,kammārāmatāti,2,2.5401792858539955e-06
10305,saṅgaṇikārāmatāti,2,2.5401792858539955e-06
10306,avijjānusayoti,2,2.5401792858539955e-06
10307,upādiyatīti,2,2.5401792858539955e-06
10308,visinetīti,2,2.5401792858539955e-06
10309,ussinetīti,2,2.5401792858539955e-06
10310,vidhūpetīti,2,2.5401792858539955e-06
10311,sandhūpetīti,2,2.5401792858539955e-06
10312,nevācinati,2,2.5401792858539955e-06
10313,apacinati,2,2.5401792858539955e-06
10314,visinitvā,2,2.5401792858539955e-06
10315,brahmacariyakathā,2,2.5401792858539955e-06
10316,pucchanti,2,2.5401792858539955e-06
10317,vissajjite,2,2.5401792858539955e-06
10318,mātughātakā,2,2.5401792858539955e-06
10319,pitughātakā,2,2.5401792858539955e-06
10320,arahantaghātakā,2,2.5401792858539955e-06
10321,ruhiruppādakā,2,2.5401792858539955e-06
10322,pisuṇāvācā,2,2.5401792858539955e-06
10323,pharusāvācā,2,2.5401792858539955e-06
10324,samphappalāpino,2,2.5401792858539955e-06
10325,abhijjhāluno,2,2.5401792858539955e-06
10326,ajaḷā,2,2.5401792858539955e-06
10327,anelamūgā,2,2.5401792858539955e-06
10328,viññū,2,2.5401792858539955e-06
10329,paṭibalā,2,2.5401792858539955e-06
10330,muṇḍo,2,2.5401792858539955e-06
10331,kāsāvaṁ,2,2.5401792858539955e-06
10332,nuppajjantīti,2,2.5401792858539955e-06
10333,abhisambuddho,2,2.5401792858539955e-06
10334,bārāṇasiyaṁ,2,2.5401792858539955e-06
10335,pavattitaṁ,2,2.5401792858539955e-06
10336,tāvatiṁse,2,2.5401792858539955e-06
10337,sūrā,2,2.5401792858539955e-06
10338,sāvatthiyaṁ,2,2.5401792858539955e-06
10339,phaluppatti,2,2.5401792858539955e-06
10340,bhāroharaṇaṁ,2,2.5401792858539955e-06
10341,dukkhapariññātaṁ,2,2.5401792858539955e-06
10342,kilesappahānaṁ,2,2.5401792858539955e-06
10343,nirodhasacchikiriyā,2,2.5401792858539955e-06
10344,akuppapaṭivedho,2,2.5401792858539955e-06
10345,parinibbāyipuggalo,2,2.5401792858539955e-06
10346,punabbhavoti,2,2.5401792858539955e-06
10347,gatiṁ,2,2.5401792858539955e-06
10348,bhāroharaṇāya,2,2.5401792858539955e-06
10349,apariññātadukkho,2,2.5401792858539955e-06
10350,appahīnakileso,2,2.5401792858539955e-06
10351,asacchikatanirodho,2,2.5401792858539955e-06
10352,akuppapaṭivedhāya,2,2.5401792858539955e-06
10353,migo,2,2.5401792858539955e-06
10354,sallena,2,2.5401792858539955e-06
10355,viddho,2,2.5401792858539955e-06
10356,dūrampi,2,2.5401792858539955e-06
10357,sasallova,2,2.5401792858539955e-06
10358,odhisokathā,2,2.5401792858539955e-06
10359,medhāvī,2,2.5401792858539955e-06
10360,kammāro,2,2.5401792858539955e-06
10361,rajatasseva,2,2.5401792858539955e-06
10362,niddhame,2,2.5401792858539955e-06
10363,malamattano,2,2.5401792858539955e-06
10364,jahatikathā,2,2.5401792858539955e-06
10365,appaṭisandhiyaṁ,2,2.5401792858539955e-06
10366,sataṇhaṁ,2,2.5401792858539955e-06
10367,sānusayaṁ,2,2.5401792858539955e-06
10368,akuppaṁ,2,2.5401792858539955e-06
10369,paṭivijjhanto,2,2.5401792858539955e-06
10370,cetanānaṁ,2,2.5401792858539955e-06
10371,anāgāmimaggenāti,2,2.5401792858539955e-06
10372,tanubhāvā,2,2.5401792858539955e-06
10373,saṇṭhahantīti,2,2.5401792858539955e-06
10374,nirāmagandhā,2,2.5401792858539955e-06
10375,karuṇedhimuttā,2,2.5401792858539955e-06
10376,kāmasaṁyojanātigā,2,2.5401792858539955e-06
10377,brahmalokūpagā,2,2.5401792858539955e-06
10378,aparimutto,2,2.5401792858539955e-06
10379,paṭividdhā,2,2.5401792858539955e-06
10380,sabbamatthītikathā,2,2.5401792858539955e-06
10381,vādayutti,2,2.5401792858539955e-06
10382,odātabhāvaṁ,2,2.5401792858539955e-06
10383,vatthabhāvaṁ,2,2.5401792858539955e-06
10384,nvatthīti,2,2.5401792858539955e-06
10385,nvatthi,2,2.5401792858539955e-06
10386,gāmabandhanena,2,2.5401792858539955e-06
10387,nigamabandhanena,2,2.5401792858539955e-06
10388,nagarabandhanena,2,2.5401792858539955e-06
10389,janapadabandhanena,2,2.5401792858539955e-06
10390,catupaññāsa,2,2.5401792858539955e-06
10391,dhātuyoti,2,2.5401792858539955e-06
10392,sammukhībhāvo,2,2.5401792858539955e-06
10393,suttasādhana,2,2.5401792858539955e-06
10394,asaṅkiṇṇā,2,2.5401792858539955e-06
10395,asaṅkiṇṇapubbā,2,2.5401792858539955e-06
10396,appaṭikuṭṭhā,2,2.5401792858539955e-06
10397,yepi,2,2.5401792858539955e-06
10398,paññāpeyyā,2,2.5401792858539955e-06
10399,tadahu,2,2.5401792858539955e-06
10400,iccetaṁ,2,2.5401792858539955e-06
10401,kabaḷīkāre,2,2.5401792858539955e-06
10402,patiṭṭhitaṁ,2,2.5401792858539955e-06
10403,virūḷhaṁ,2,2.5401792858539955e-06
10404,sarajaṁ,2,2.5401792858539955e-06
10405,saupāyāsanti,2,2.5401792858539955e-06
10406,manosañcetanāya,2,2.5401792858539955e-06
10407,appatiṭṭhitaṁ,2,2.5401792858539955e-06
10408,avirūḷhaṁ,2,2.5401792858539955e-06
10409,arajaṁ,2,2.5401792858539955e-06
10410,anupāyāsanti,2,2.5401792858539955e-06
10411,atītakkhandhādikathā,2,2.5401792858539955e-06
10412,khandhāti,2,2.5401792858539955e-06
10413,satipaṭṭhānakathā,2,2.5401792858539955e-06
10414,ekāyanamaggo,2,2.5401792858539955e-06
10415,buddhānussati,2,2.5401792858539955e-06
10416,dhammānussati,2,2.5401792858539955e-06
10417,saṅghānussati,2,2.5401792858539955e-06
10418,sīlānussati,2,2.5401792858539955e-06
10419,cāgānussati,2,2.5401792858539955e-06
10420,devatānussati,2,2.5401792858539955e-06
10421,ānāpānassati,2,2.5401792858539955e-06
10422,maraṇānussati,2,2.5401792858539955e-06
10423,cakkavattissa,2,2.5401792858539955e-06
10424,ratanānaṁ,2,2.5401792858539955e-06
10425,bojjhaṅgaratanānaṁ,2,2.5401792858539955e-06
10426,puññañca,2,2.5401792858539955e-06
10427,apuññañca,2,2.5401792858539955e-06
10428,vaḍḍhantīti,2,2.5401792858539955e-06
10429,dussilyan,2,2.5401792858539955e-06
10430,samādinno,2,2.5401792858539955e-06
10431,dasannaṁ,2,2.5401792858539955e-06
10432,kālaṅkato,2,2.5401792858539955e-06
10433,akusalāpīti,2,2.5401792858539955e-06
10434,sābhogātikathā,2,2.5401792858539955e-06
10435,sābhogāti,2,2.5401792858539955e-06
10436,dvīhisīlehikathā,2,2.5401792858539955e-06
10437,sammākammantena,2,2.5401792858539955e-06
10438,samādānahetukathā,2,2.5401792858539955e-06
10439,māluvā,2,2.5401792858539955e-06
10440,muñjapuñjo,2,2.5401792858539955e-06
10441,kāmavitakkaṁ,2,2.5401792858539955e-06
10442,byāpādavitakkaṁ,2,2.5401792858539955e-06
10443,vihiṁsāvitakkaṁ,2,2.5401792858539955e-06
10444,ārāmaropā,2,2.5401792858539955e-06
10445,vanaropā,2,2.5401792858539955e-06
10446,dhammaṭṭhā,2,2.5401792858539955e-06
10447,saggagāmino,2,2.5401792858539955e-06
10448,diṭṭhogho,2,2.5401792858539955e-06
10449,diṭṭhiyogo,2,2.5401792858539955e-06
10450,hetunā,2,2.5401792858539955e-06
10451,rāge,2,2.5401792858539955e-06
10452,dose,2,2.5401792858539955e-06
10453,mohe,2,2.5401792858539955e-06
10454,ñāṇīti,2,2.5401792858539955e-06
10455,cittavippayuttan,2,2.5401792858539955e-06
10456,cittavippayuttantikathā,2,2.5401792858539955e-06
10457,iddhibalakathā,2,2.5401792858539955e-06
10458,iddhimayiko,2,2.5401792858539955e-06
10459,nirujjhīti,2,2.5401792858539955e-06
10460,hotūti,2,2.5401792858539955e-06
10461,jarādhammā,2,2.5401792858539955e-06
10462,byādhidhammā,2,2.5401792858539955e-06
10463,maraṇadhammā,2,2.5401792858539955e-06
10464,ajātanti,2,2.5401792858539955e-06
10465,dhammaṭṭhitatākathā,2,2.5401792858539955e-06
10466,aniccatākathā,2,2.5401792858539955e-06
10467,pavattati,2,2.5401792858539955e-06
10468,sattamabhavikakathā,2,2.5401792858539955e-06
10469,sattamabhavikassa,2,2.5401792858539955e-06
10470,pettivisayaṁ,2,2.5401792858539955e-06
10471,jivhākammanti,2,2.5401792858539955e-06
10472,saṁvaropi,2,2.5401792858539955e-06
10473,asaṁvaropi,2,2.5401792858539955e-06
10474,kammantikathā,2,2.5401792858539955e-06
10475,sañcetanikānaṁ,2,2.5401792858539955e-06
10476,upacitānaṁ,2,2.5401792858539955e-06
10477,apare,2,2.5401792858539955e-06
10478,pariyāye,2,2.5401792858539955e-06
10479,adukkhamasukhavedaniyo,2,2.5401792858539955e-06
10480,saḷāyatanakathā,2,2.5401792858539955e-06
10481,sattakkhattuparamakathā,2,2.5401792858539955e-06
10482,antarā,2,2.5401792858539955e-06
10483,abhisametunti,2,2.5401792858539955e-06
10484,sotāpattiniyāmaṁ,2,2.5401792858539955e-06
10485,kolaṅkolakathā,2,2.5401792858539955e-06
10486,ekabījīkathā,2,2.5401792858539955e-06
10487,sagāravoti,2,2.5401792858539955e-06
10488,sagāravo,2,2.5401792858539955e-06
10489,buddhathūpe,2,2.5401792858539955e-06
10490,duggatikathā,2,2.5401792858539955e-06
10491,amanussitthiyā,2,2.5401792858539955e-06
10492,tiracchānagatitthiyā,2,2.5401792858539955e-06
10493,nāgakaññāya,2,2.5401792858539955e-06
10494,lobhoti,2,2.5401792858539955e-06
10495,ponobbhavikā,2,2.5401792858539955e-06
10496,nandīrāgasahagatā,2,2.5401792858539955e-06
10497,dhammataṇhāti,2,2.5401792858539955e-06
10498,kappaṭṭhakathā,2,2.5401792858539955e-06
10499,kappaṭṭhiyaṁ,2,2.5401792858539955e-06
10500,vehāsaṁ,2,2.5401792858539955e-06
10501,vaggarato,2,2.5401792858539955e-06
10502,adhammaṭṭho,2,2.5401792858539955e-06
10503,yogakkhemā,2,2.5401792858539955e-06
10504,padhaṁsati,2,2.5401792858539955e-06
10505,samaggaṁ,2,2.5401792858539955e-06
10506,bhetvāna,2,2.5401792858539955e-06
10507,nirayamhi,2,2.5401792858539955e-06
10508,paccatī,2,2.5401792858539955e-06
10509,kusalapaṭilābhakathā,2,2.5401792858539955e-06
10510,paṭilabheyyā,2,2.5401792858539955e-06
10511,anantarāpayuttakathā,2,2.5401792858539955e-06
10512,payuttaṁ,2,2.5401792858539955e-06
10513,okkameyyā,2,2.5401792858539955e-06
10514,paṭisaṁhaṭaṁ,2,2.5401792858539955e-06
10515,paṭivinoditaṁ,2,2.5401792858539955e-06
10516,payutto,2,2.5401792858539955e-06
10517,anāgāmi,2,2.5401792858539955e-06
10518,nivutakathā,2,2.5401792858539955e-06
10519,sammukhībhūtakathā,2,2.5401792858539955e-06
10520,jhānārammaṇāti,2,2.5401792858539955e-06
10521,cinteti,2,2.5401792858539955e-06
10522,vicāreti,2,2.5401792858539955e-06
10523,piyāyati,2,2.5401792858539955e-06
10524,sarati,2,2.5401792858539955e-06
10525,nikāmeti,2,2.5401792858539955e-06
10526,vittiṁ,2,2.5401792858539955e-06
10527,asātarāgakathā,2,2.5401792858539955e-06
10528,sukhābhinandino,2,2.5401792858539955e-06
10529,kusalākusalapaṭisandahanakathā,2,2.5401792858539955e-06
10530,kusalamūlan,2,2.5401792858539955e-06
10531,saḷāyatanuppattikathā,2,2.5401792858539955e-06
10532,sabbaṅgapaccaṅgī,2,2.5401792858539955e-06
10533,ahīnindriyo,2,2.5401792858539955e-06
10534,kaṇṇo,2,2.5401792858539955e-06
10535,nāsikā,2,2.5401792858539955e-06
10536,mukhaṁ,2,2.5401792858539955e-06
10537,saṇṭhantīti,2,2.5401792858539955e-06
10538,pesi,2,2.5401792858539955e-06
10539,annaṁ,2,2.5401792858539955e-06
10540,anantarapaccayakathā,2,2.5401792858539955e-06
10541,rūpanimittaṁ,2,2.5401792858539955e-06
10542,rūpārammaṇaññeva,2,2.5401792858539955e-06
10543,sotaviññāṇan,2,2.5401792858539955e-06
10544,rasanimittaṁ,2,2.5401792858539955e-06
10545,rasārammaṇaññeva,2,2.5401792858539955e-06
10546,kāyaviññāṇan,2,2.5401792858539955e-06
10547,jivhāviññāṇan,2,2.5401792858539955e-06
10548,naccati,2,2.5401792858539955e-06
10549,gāyati,2,2.5401792858539955e-06
10550,vādeti,2,2.5401792858539955e-06
10551,saddañca,2,2.5401792858539955e-06
10552,phoṭṭhabbañca,2,2.5401792858539955e-06
10553,ariyarūpakathā,2,2.5401792858539955e-06
10554,anoghaniyaṁ,2,2.5401792858539955e-06
10555,ayoganiyaṁ,2,2.5401792858539955e-06
10556,pariyuṭṭhānanti,2,2.5401792858539955e-06
10557,pariyāpannakathā,2,2.5401792858539955e-06
10558,kāmadhātupariyāpannoti,2,2.5401792858539955e-06
10559,diṭṭhigatasampayutto,2,2.5401792858539955e-06
10560,diṭṭhigatasampayuttā,2,2.5401792858539955e-06
10561,micchādiṭṭhiparamāni,2,2.5401792858539955e-06
10562,aññataraṁ,2,2.5401792858539955e-06
10563,apariyāpannakathā,2,2.5401792858539955e-06
10564,asaññasattupikakathā,2,2.5401792858539955e-06
10565,tatrāpi,2,2.5401792858539955e-06
10566,kammūpacayakathā,2,2.5401792858539955e-06
10567,kammūpacayato,2,2.5401792858539955e-06
10568,manosaṅkhāraṁ,2,2.5401792858539955e-06
10569,abhisaṅkharitvā,2,2.5401792858539955e-06
10570,upapannaṁ,2,2.5401792858539955e-06
10571,vavatthitā,2,2.5401792858539955e-06
10572,layo,2,2.5401792858539955e-06
10573,paccayatākathā,2,2.5401792858539955e-06
10574,maggaṅganti,2,2.5401792858539955e-06
10575,aññamaññapaccayakathā,2,2.5401792858539955e-06
10576,avijjāpaccayāva,2,2.5401792858539955e-06
10577,avijjāpaccayāpi,2,2.5401792858539955e-06
10578,taṇhāpaccayāva,2,2.5401792858539955e-06
10579,taṇhāti,2,2.5401792858539955e-06
10580,addhākathā,2,2.5401792858539955e-06
10581,kathāvatthūni,2,2.5401792858539955e-06
10582,atītamaddhānan,2,2.5401792858539955e-06
10583,anāgatamaddhānan,2,2.5401792858539955e-06
10584,kathāvatthūnī,2,2.5401792858539955e-06
10585,khaṇalayamuhuttakathā,2,2.5401792858539955e-06
10586,āsavakathā,2,2.5401792858539955e-06
10587,jarāmaraṇakathā,2,2.5401792858539955e-06
10588,sotāpattimaggoti,2,2.5401792858539955e-06
10589,sotāpattiphalanti,2,2.5401792858539955e-06
10590,sakadāgāmimaggassa,2,2.5401792858539955e-06
10591,sakadāgāmiphalassa,2,2.5401792858539955e-06
10592,anāgāmimaggassa,2,2.5401792858539955e-06
10593,anāgāmiphalassa,2,2.5401792858539955e-06
10594,arahattamaggoti,2,2.5401792858539955e-06
10595,arahattaphalanti,2,2.5401792858539955e-06
10596,satipaṭṭhānānaṁ,2,2.5401792858539955e-06
10597,sammappadhānānaṁ,2,2.5401792858539955e-06
10598,iddhipādānaṁ,2,2.5401792858539955e-06
10599,bojjhaṅgānaṁ,2,2.5401792858539955e-06
10600,lokuttaran,2,2.5401792858539955e-06
10601,saññāvedayitakathā,2,2.5401792858539955e-06
10602,dutiyasaññāvedayitakathā,2,2.5401792858539955e-06
10603,tatiyasaññāvedayitakathā,2,2.5401792858539955e-06
10604,avedanakassa,2,2.5401792858539955e-06
10605,kālaṅkiriyāti,2,2.5401792858539955e-06
10606,niggahakathā,2,2.5401792858539955e-06
10607,rajji,2,2.5401792858539955e-06
10608,dussi,2,2.5401792858539955e-06
10609,muyhi,2,2.5401792858539955e-06
10610,kilissī,2,2.5401792858539955e-06
10611,nāñño,2,2.5401792858539955e-06
10612,visodhaye,2,2.5401792858539955e-06
10613,vasībhūtāti,2,2.5401792858539955e-06
10614,vasībhūtā,2,2.5401792858539955e-06
10615,paggahakathā,2,2.5401792858539955e-06
10616,adosaṁ,2,2.5401792858539955e-06
10617,amohaṁ,2,2.5401792858539955e-06
10618,sukhānuppadānakathā,2,2.5401792858539955e-06
10619,nevattano,2,2.5401792858539955e-06
10620,anuppadetī,2,2.5401792858539955e-06
10621,apahattā,2,2.5401792858539955e-06
10622,upahattā,2,2.5401792858539955e-06
10623,adhigayhamanasikārakathā,2,2.5401792858539955e-06
10624,dukkhāti,2,2.5401792858539955e-06
10625,upādāyarūpānaṁ,2,2.5401792858539955e-06
10626,sappaccayanti,2,2.5401792858539955e-06
10627,ekārammaṇaṁ,2,2.5401792858539955e-06
10628,kāmāvacarakammassa,2,2.5401792858539955e-06
10629,pamokkho,2,2.5401792858539955e-06
10630,asamo,2,2.5401792858539955e-06
10631,asamasamo,2,2.5401792858539955e-06
10632,appaṭisamo,2,2.5401792858539955e-06
10633,appaṭibhāgo,2,2.5401792858539955e-06
10634,gato,2,2.5401792858539955e-06
10635,mahapphalantikathā,2,2.5401792858539955e-06
10636,dakkhiṇāvisuddhikathā,2,2.5401792858539955e-06
10637,paṭiggāhakā,2,2.5401792858539955e-06
10638,āhuneyyā,2,2.5401792858539955e-06
10639,pāhuneyyā,2,2.5401792858539955e-06
10640,añjalikaraṇīyā,2,2.5401792858539955e-06
10641,sotāpanne,2,2.5401792858539955e-06
10642,parakataṁ,2,2.5401792858539955e-06
10643,visuddhiyo,2,2.5401792858539955e-06
10644,apuññūpacayoti,2,2.5401792858539955e-06
10645,puññābhisaṅkhāraṁ,2,2.5401792858539955e-06
10646,āneñjābhisaṅkhāraṁ,2,2.5401792858539955e-06
10647,gatisaṁvattaniyaṁ,2,2.5401792858539955e-06
10648,bhavasaṁvattaniyaṁ,2,2.5401792858539955e-06
10649,mahābhogasaṁvattaniyaṁ,2,2.5401792858539955e-06
10650,mahāparivārasaṁvattaniyaṁ,2,2.5401792858539955e-06
10651,devasobhagyasaṁvattaniyaṁ,2,2.5401792858539955e-06
10652,manussasobhagyasaṁvattaniyaṁ,2,2.5401792858539955e-06
10653,visinetvā,2,2.5401792858539955e-06
10654,akālamaccū,2,2.5401792858539955e-06
10655,kammavipākatoti,2,2.5401792858539955e-06
10656,haneyyāti,2,2.5401792858539955e-06
10657,kammunā,2,2.5401792858539955e-06
10658,vattatī,2,2.5401792858539955e-06
10659,viditvā,2,2.5401792858539955e-06
10660,indriyabaddhakathā,2,2.5401792858539955e-06
10661,ariyasaccānīti,2,2.5401792858539955e-06
10662,paṭipadāti,2,2.5401792858539955e-06
10663,kenaṭṭhenāti,2,2.5401792858539955e-06
10664,dentīti,2,2.5401792858539955e-06
10665,visodhetīti,2,2.5401792858539955e-06
10666,saṅghabhattāni,2,2.5401792858539955e-06
10667,uddesabhattāni,2,2.5401792858539955e-06
10668,yāgupānāni,2,2.5401792858539955e-06
10669,gaṇabhojanaṁ,2,2.5401792858539955e-06
10670,paramparabhojanaṁ,2,2.5401792858539955e-06
10671,atirittabhojanaṁ,2,2.5401792858539955e-06
10672,pānāni,2,2.5401792858539955e-06
10673,ambapānaṁ,2,2.5401792858539955e-06
10674,jambupānaṁ,2,2.5401792858539955e-06
10675,cocapānaṁ,2,2.5401792858539955e-06
10676,mocapānaṁ,2,2.5401792858539955e-06
10677,madhukapānaṁ,2,2.5401792858539955e-06
10678,muddikapānaṁ,2,2.5401792858539955e-06
10679,sālukapānaṁ,2,2.5401792858539955e-06
10680,yajamānānaṁ,2,2.5401792858539955e-06
10681,puññapekkhāna,2,2.5401792858539955e-06
10682,pāṇinaṁ,2,2.5401792858539955e-06
10683,karotaṁ,2,2.5401792858539955e-06
10684,opadhikaṁ,2,2.5401792858539955e-06
10685,paṭipannā,2,2.5401792858539955e-06
10686,dadanti,2,2.5401792858539955e-06
10687,manussalokakathā,2,2.5401792858539955e-06
10688,buddhavutthāni,2,2.5401792858539955e-06
10689,cetiyāni,2,2.5401792858539955e-06
10690,ārāmavihāragāmanigamanagarāni,2,2.5401792858539955e-06
10691,raṭṭhāni,2,2.5401792858539955e-06
10692,kusinārāyaṁ,2,2.5401792858539955e-06
10693,parinibbutoti,2,2.5401792858539955e-06
10694,aṭṭhāsīti,2,2.5401792858539955e-06
10695,saṁvaḍḍho,2,2.5401792858539955e-06
10696,dhammadesanākathā,2,2.5401792858539955e-06
10697,anabhiññāya,2,2.5401792858539955e-06
10698,anidānaṁ,2,2.5401792858539955e-06
10699,appāṭihāriyaṁ,2,2.5401792858539955e-06
10700,alaṁ,2,2.5401792858539955e-06
10701,karuṇākathā,2,2.5401792858539955e-06
10702,mettāti,2,2.5401792858539955e-06
10703,kāruṇiko,2,2.5401792858539955e-06
10704,lokahito,2,2.5401792858539955e-06
10705,lokānukampako,2,2.5401792858539955e-06
10706,mahākaruṇāsamāpattiṁ,2,2.5401792858539955e-06
10707,gandhajātikathā,2,2.5401792858539955e-06
10708,adhiggaṇhātīti,2,2.5401792858539955e-06
10709,odanakummāsaṁ,2,2.5401792858539955e-06
10710,nikkhipanti,2,2.5401792858539955e-06
10711,ekamaggakathā,2,2.5401792858539955e-06
10712,jhānasaṅkantikathā,2,2.5401792858539955e-06
10713,savicāranti,2,2.5401792858539955e-06
10714,sappītikanti,2,2.5401792858539955e-06
10715,sukhasahagatanti,2,2.5401792858539955e-06
10716,jhānantarikakathā,2,2.5401792858539955e-06
10717,paṭuppannānamantare,2,2.5401792858539955e-06
10718,vicāramatte,2,2.5401792858539955e-06
10719,aṭṭhāsi,2,2.5401792858539955e-06
10720,kilesajahanakathā,2,2.5401792858539955e-06
10721,suññatākathā,2,2.5401792858539955e-06
10722,rūpakkhandhassa,2,2.5401792858539955e-06
10723,sāmaññaphalakathā,2,2.5401792858539955e-06
10724,parāyaṇaṁ,2,2.5401792858539955e-06
10725,pattikathā,2,2.5401792858539955e-06
10726,piṇḍapātassa,2,2.5401792858539955e-06
10727,senāsanassa,2,2.5401792858539955e-06
10728,tathatākathā,2,2.5401792858539955e-06
10729,vedanatā,2,2.5401792858539955e-06
10730,saññatā,2,2.5401792858539955e-06
10731,saṅkhāratā,2,2.5401792858539955e-06
10732,kusalakathā,2,2.5401792858539955e-06
10733,accantaniyāmakathā,2,2.5401792858539955e-06
10734,sabbakālaṁ,2,2.5401792858539955e-06
10735,apparajakkhe,2,2.5401792858539955e-06
10736,mahārajakkhe,2,2.5401792858539955e-06
10737,tikkhindriye,2,2.5401792858539955e-06
10738,mudindriye,2,2.5401792858539955e-06
10739,svākāre,2,2.5401792858539955e-06
10740,suviññāpaye,2,2.5401792858539955e-06
10741,vohārakathā,2,2.5401792858539955e-06
10742,mucchanīyoti,2,2.5401792858539955e-06
10743,paṭighaṭṭhāniyoti,2,2.5401792858539955e-06
10744,paññāvuddhiko,2,2.5401792858539955e-06
10745,avighātapakkhiko,2,2.5401792858539955e-06
10746,laṭṭhiyā,2,2.5401792858539955e-06
10747,dhaññapuñjopi,2,2.5401792858539955e-06
10748,suvaṇṇapuñjopi,2,2.5401792858539955e-06
10749,ācikkhitunti,2,2.5401792858539955e-06
10750,vohārena,2,2.5401792858539955e-06
10751,anibbānaṁ,2,2.5401792858539955e-06
10752,avedanā,2,2.5401792858539955e-06
10753,aviññāṇaṁ,2,2.5401792858539955e-06
10754,dukkhanirodhāti,2,2.5401792858539955e-06
10755,appaṭisaṅkhāniruddhe,2,2.5401792858539955e-06
10756,appaṭisaṅkhāniruddhāpi,2,2.5401792858539955e-06
10757,appaṭisaṅkhāniruddhā,2,2.5401792858539955e-06
10758,dukkhāhāro,2,2.5401792858539955e-06
10759,parūpahārakathā,2,2.5401792858539955e-06
10760,upasaṁharantī,2,2.5401792858539955e-06
10761,muccati,2,2.5401792858539955e-06
10762,aññāṇakathā,2,2.5401792858539955e-06
10763,kaṅkhākathā,2,2.5401792858539955e-06
10764,athassa,2,2.5401792858539955e-06
10765,vapayanti,2,2.5401792858539955e-06
10766,tesu,2,2.5401792858539955e-06
10767,paravitāraṇakathā,2,2.5401792858539955e-06
10768,vacībhedakathā,2,2.5401792858539955e-06
10769,saccagocaranti,2,2.5401792858539955e-06
10770,saññāsamuṭṭhānā,2,2.5401792858539955e-06
10771,hontī,2,2.5401792858539955e-06
10772,brahmaloke,2,2.5401792858539955e-06
10773,dukkhāhārakathā,2,2.5401792858539955e-06
10774,cittaṭṭhitikathā,2,2.5401792858539955e-06
10775,upaḍḍhadivaso,2,2.5401792858539955e-06
10776,divaso,2,2.5401792858539955e-06
10777,kappasatāni,2,2.5401792858539955e-06
10778,caturāsīti,2,2.5401792858539955e-06
10779,dvecattārīsa,2,2.5401792858539955e-06
10780,lahuparivattaṁ,2,2.5401792858539955e-06
10781,lahuparivattā,2,2.5401792858539955e-06
10782,muñcitvā,2,2.5401792858539955e-06
10783,rāgasahagataṁ,2,2.5401792858539955e-06
10784,dosasahagataṁ,2,2.5401792858539955e-06
10785,mohasahagataṁ,2,2.5401792858539955e-06
10786,brahmapārisajjānaṁ,2,2.5401792858539955e-06
10787,brahmapurohitānaṁ,2,2.5401792858539955e-06
10788,mahābrahmānaṁ,2,2.5401792858539955e-06
10789,parittābhānaṁ,2,2.5401792858539955e-06
10790,appamāṇābhānaṁ,2,2.5401792858539955e-06
10791,ābhassarānaṁ,2,2.5401792858539955e-06
10792,parittasubhānaṁ,2,2.5401792858539955e-06
10793,appamāṇasubhānaṁ,2,2.5401792858539955e-06
10794,subhakiṇhānaṁ,2,2.5401792858539955e-06
10795,vehapphalānaṁ,2,2.5401792858539955e-06
10796,kappasahassaṁ,2,2.5401792858539955e-06
10797,kukkuḷakathā,2,2.5401792858539955e-06
10798,rāgagginā,2,2.5401792858539955e-06
10799,dosagginā,2,2.5401792858539955e-06
10800,mohagginā,2,2.5401792858539955e-06
10801,ādittan,2,2.5401792858539955e-06
10802,lābhā,2,2.5401792858539955e-06
10803,suladdhaṁ,2,2.5401792858539955e-06
10804,brahmacariyavāsāya,2,2.5401792858539955e-06
10805,phassāyatanikā,2,2.5401792858539955e-06
10806,aniṭṭharūpaññeva,2,2.5401792858539955e-06
10807,iṭṭharūpaṁ,2,2.5401792858539955e-06
10808,akantarūpaññeva,2,2.5401792858539955e-06
10809,kantarūpaṁ,2,2.5401792858539955e-06
10810,amanāparūpaññeva,2,2.5401792858539955e-06
10811,iṭṭharūpaññeva,2,2.5401792858539955e-06
10812,aniṭṭharūpaṁ,2,2.5401792858539955e-06
10813,kantarūpaññeva,2,2.5401792858539955e-06
10814,akantarūpaṁ,2,2.5401792858539955e-06
10815,manāparūpaññeva,2,2.5401792858539955e-06
10816,uposatho,2,2.5401792858539955e-06
10817,saṁyamo,2,2.5401792858539955e-06
10818,paramaṁ,2,2.5401792858539955e-06
10819,sukhena,2,2.5401792858539955e-06
10820,anupubbābhisamayakathā,2,2.5401792858539955e-06
10821,niratthiyaṁ,2,2.5401792858539955e-06
10822,āyatakeneva,2,2.5401792858539955e-06
10823,sammukhā,2,2.5401792858539955e-06
10824,asañciccakathā,2,2.5401792858539955e-06
10825,voropitoti,2,2.5401792858539955e-06
10826,ānantarikāti,2,2.5401792858539955e-06
10827,atthupāli,2,2.5401792858539955e-06
10828,atekiccho,2,2.5401792858539955e-06
10829,paccupalakkhaṇāti,2,2.5401792858539955e-06
10830,nirayapālakathā,2,2.5401792858539955e-06
10831,kammakāraṇāti,2,2.5401792858539955e-06
10832,hananti,2,2.5401792858539955e-06
10833,hatthe,2,2.5401792858539955e-06
10834,tibbā,2,2.5401792858539955e-06
10835,kaṭukā,2,2.5401792858539955e-06
10836,tacchanti,2,2.5401792858539955e-06
10837,uddhampādaṁ,2,2.5401792858539955e-06
10838,adhosiraṁ,2,2.5401792858539955e-06
10839,ādittāya,2,2.5401792858539955e-06
10840,pathaviyā,2,2.5401792858539955e-06
10841,sampajjalitāya,2,2.5401792858539955e-06
10842,sajotibhūtāya,2,2.5401792858539955e-06
10843,pakkhipanti,2,2.5401792858539955e-06
10844,pheṇuddehakaṁ,2,2.5401792858539955e-06
10845,paccati,2,2.5401792858539955e-06
10846,bhūmi,2,2.5401792858539955e-06
10847,tiracchānakathā,2,2.5401792858539955e-06
10848,devāti,2,2.5401792858539955e-06
10849,makkhikā,2,2.5401792858539955e-06
10850,erāvaṇo,2,2.5401792858539955e-06
10851,hatthināgo,2,2.5401792858539955e-06
10852,sahassayuttaṁ,2,2.5401792858539955e-06
10853,yānaṁ,2,2.5401792858539955e-06
10854,tiracchānagatā,2,2.5401792858539955e-06
10855,samaṇopi,2,2.5401792858539955e-06
10856,dutiyopi,2,2.5401792858539955e-06
10857,tatiyopi,2,2.5401792858539955e-06
10858,catutthopi,2,2.5401792858539955e-06
10859,lokuttarañāṇānīti,2,2.5401792858539955e-06
10860,sotāpattimaggāti,2,2.5401792858539955e-06
10861,arahattamaggāti,2,2.5401792858539955e-06
10862,pariññeyyan,2,2.5401792858539955e-06
10863,pahātabban,2,2.5401792858539955e-06
10864,sacchikātabban,2,2.5401792858539955e-06
10865,bhāvetabban,2,2.5401792858539955e-06
10866,bhāvitanti,2,2.5401792858539955e-06
10867,udapādī,2,2.5401792858539955e-06
10868,sāsanakathā,2,2.5401792858539955e-06
10869,katāti,2,2.5401792858539955e-06
10870,avivittakathā,2,2.5401792858539955e-06
10871,tedhātukāhi,2,2.5401792858539955e-06
10872,avivitto,2,2.5401792858539955e-06
10873,saṁyojanakathā,2,2.5401792858539955e-06
10874,sakilesoti,2,2.5401792858539955e-06
10875,nikkilesoti,2,2.5401792858539955e-06
10876,arahattappattī,2,2.5401792858539955e-06
10877,buddhavisayaṁ,2,2.5401792858539955e-06
10878,iddhikathā,2,2.5401792858539955e-06
10879,hontu,2,2.5401792858539955e-06
10880,pilindavaccho,2,2.5401792858539955e-06
10881,māgadhassa,2,2.5401792858539955e-06
10882,seniyassa,2,2.5401792858539955e-06
10883,bimbisārassa,2,2.5401792858539955e-06
10884,pāsādaṁ,2,2.5401792858539955e-06
10885,suvaṇṇan,2,2.5401792858539955e-06
10886,tveva,2,2.5401792858539955e-06
10887,adhimucci,2,2.5401792858539955e-06
10888,suvaṇṇo,2,2.5401792858539955e-06
10889,buddhakathā,2,2.5401792858539955e-06
10890,sabbadisākathā,2,2.5401792858539955e-06
10891,puratthimāya,2,2.5401792858539955e-06
10892,kiṁnāmo,2,2.5401792858539955e-06
10893,kīdisaṁ,2,2.5401792858539955e-06
10894,heṭṭhimāya,2,2.5401792858539955e-06
10895,uparimāya,2,2.5401792858539955e-06
10896,cātumahārājike,2,2.5401792858539955e-06
10897,dhammakathā,2,2.5401792858539955e-06
10898,micchattaniyatāti,2,2.5401792858539955e-06
10899,sammattaniyatāti,2,2.5401792858539955e-06
10900,parinibbānakathā,2,2.5401792858539955e-06
10901,parinibbānan,2,2.5401792858539955e-06
10902,kusalacittakathā,2,2.5401792858539955e-06
10903,abhisaṅkharonto,2,2.5401792858539955e-06
10904,āneñjakathā,2,2.5401792858539955e-06
10905,pakaticitte,2,2.5401792858539955e-06
10906,vipākacitte,2,2.5401792858539955e-06
10907,catutthajjhānā,2,2.5401792858539955e-06
10908,dhammābhisamayakathā,2,2.5401792858539955e-06
10909,jāgariyānuyogoti,2,2.5401792858539955e-06
10910,tissopikathā,2,2.5401792858539955e-06
10911,abbohāriyaṁ,2,2.5401792858539955e-06
10912,āsevanapaccayakathā,2,2.5401792858539955e-06
10913,pettivisayasaṁvattaniko,2,2.5401792858539955e-06
10914,āsevitaṁ,2,2.5401792858539955e-06
10915,āsevitā,2,2.5401792858539955e-06
10916,khaṇikakathā,2,2.5401792858539955e-06
10917,sahajātan,2,2.5401792858539955e-06
10918,ekādhippāyakathā,2,2.5401792858539955e-06
10919,paṭisevitabboti,2,2.5401792858539955e-06
10920,arahantavaṇṇakathā,2,2.5401792858539955e-06
10921,paccāgacchi,2,2.5401792858539955e-06
10922,paccāgacchīti,2,2.5401792858539955e-06
10923,patirūpakathā,2,2.5401792858539955e-06
10924,phassapatirūpako,2,2.5401792858539955e-06
10925,paññāpatirūpikāti,2,2.5401792858539955e-06
10926,dosapatirūpako,2,2.5401792858539955e-06
10927,mohapatirūpako,2,2.5401792858539955e-06
10928,aparinipphannakathā,2,2.5401792858539955e-06
10929,aparinipphannan,2,2.5401792858539955e-06
10930,saṁvarakathā,2,2.5401792858539955e-06
10931,asaññakathā,2,2.5401792858539955e-06
10932,saññasattā,2,2.5401792858539955e-06
10933,saññabhavo,2,2.5401792858539955e-06
10934,ekavokārabhavoti,2,2.5401792858539955e-06
10935,kaṁ,2,2.5401792858539955e-06
10936,nevasaññānāsaññāyatanakathā,2,2.5401792858539955e-06
10937,ākiñcaññāyatane,2,2.5401792858539955e-06
10938,nevasaññānāsaññāyatananti,2,2.5401792858539955e-06
10939,vimuccamānaṁ,2,2.5401792858539955e-06
10940,balakathā,2,2.5401792858539955e-06
10941,dhammadesanāti,2,2.5401792858539955e-06
10942,āsavakkhayena,2,2.5401792858539955e-06
10943,ariyantikathā,2,2.5401792858539955e-06
10944,suññatārammaṇāti,2,2.5401792858539955e-06
10945,appaṇihitārammaṇan,2,2.5401792858539955e-06
10946,vimuccamānakathā,2,2.5401792858539955e-06
10947,uddhaṁsotoakaniṭṭhagāmī,2,2.5401792858539955e-06
10948,rattañceva,2,2.5401792858539955e-06
10949,arattañca,2,2.5401792858539955e-06
10950,duṭṭhañceva,2,2.5401792858539955e-06
10951,aduṭṭhañca,2,2.5401792858539955e-06
10952,mūḷhañceva,2,2.5401792858539955e-06
10953,amūḷhañca,2,2.5401792858539955e-06
10954,chinnañceva,2,2.5401792858539955e-06
10955,achinnañca,2,2.5401792858539955e-06
10956,bhinnañceva,2,2.5401792858539955e-06
10957,abhinnañca,2,2.5401792858539955e-06
10958,katañceva,2,2.5401792858539955e-06
10959,aṭṭhamakakathā,2,2.5401792858539955e-06
10960,vicikicchāpariyuṭṭhānapahānāya,2,2.5401792858539955e-06
10961,abhāvitāti,2,2.5401792858539955e-06
10962,niyyānikāti,2,2.5401792858539955e-06
10963,puthujjanapakkhe,2,2.5401792858539955e-06
10964,dibbacakkhukathā,2,2.5401792858539955e-06
10965,maṁsacakkhussa,2,2.5401792858539955e-06
10966,gocaroti,2,2.5401792858539955e-06
10967,paññācakkhunti,2,2.5401792858539955e-06
10968,cakkhuno,2,2.5401792858539955e-06
10969,pamuccatī,2,2.5401792858539955e-06
10970,dibbasotakathā,2,2.5401792858539955e-06
10971,sotāni,2,2.5401792858539955e-06
10972,yathākammūpagatañāṇakathā,2,2.5401792858539955e-06
10973,yathākammūpagatañca,2,2.5401792858539955e-06
10974,adibbacakkhuko,2,2.5401792858539955e-06
10975,appaṭiladdho,2,2.5401792858539955e-06
10976,anadhigato,2,2.5401792858539955e-06
10977,asacchikato,2,2.5401792858539955e-06
10978,atthāyasmato,2,2.5401792858539955e-06
10979,sāriputtassa,2,2.5401792858539955e-06
10980,sotadhātuvisuddhiyā,2,2.5401792858539955e-06
10981,sabbasaṁyojanappahānakathā,2,2.5401792858539955e-06
10982,arahattanti,2,2.5401792858539955e-06
10983,arahattan,2,2.5401792858539955e-06
10984,gihisaṁyojananti,2,2.5401792858539955e-06
10985,yaso,2,2.5401792858539955e-06
10986,kulaputto,2,2.5401792858539955e-06
10987,uttiyo,2,2.5401792858539955e-06
10988,setu,2,2.5401792858539955e-06
10989,māṇavo,2,2.5401792858539955e-06
10990,gihibyañjanena,2,2.5401792858539955e-06
10991,upapattikathā,2,2.5401792858539955e-06
10992,mahākaccāno,2,2.5401792858539955e-06
10993,khayagāmi,2,2.5401792858539955e-06
10994,bodhagāmi,2,2.5401792858539955e-06
10995,anāsavakathā,2,2.5401792858539955e-06
10996,bojjhaṅgo,2,2.5401792858539955e-06
10997,upekkhāsamannāgatakathā,2,2.5401792858539955e-06
10998,samohito,2,2.5401792858539955e-06
10999,lakkhaṇakathā,2,2.5401792858539955e-06
11000,paṭiggaṇhanti,2,2.5401792858539955e-06
11001,devaputtā,2,2.5401792858539955e-06
11002,purato,2,2.5401792858539955e-06
11003,ṭhapenti,2,2.5401792858539955e-06
11004,devi,2,2.5401792858539955e-06
11005,hohi,2,2.5401792858539955e-06
11006,mahesakkho,2,2.5401792858539955e-06
11007,udakassa,2,2.5401792858539955e-06
11008,dhārā,2,2.5401792858539955e-06
11009,antalikkhā,2,2.5401792858539955e-06
11010,sītassa,2,2.5401792858539955e-06
11011,uṇhassa,2,2.5401792858539955e-06
11012,udakakiccaṁ,2,2.5401792858539955e-06
11013,sampatijāto,2,2.5401792858539955e-06
11014,samehi,2,2.5401792858539955e-06
11015,pādehi,2,2.5401792858539955e-06
11016,patiṭṭhahitvā,2,2.5401792858539955e-06
11017,uttarena,2,2.5401792858539955e-06
11018,abhimukho,2,2.5401792858539955e-06
11019,sattapadavītihārena,2,2.5401792858539955e-06
11020,setamhi,2,2.5401792858539955e-06
11021,chatte,2,2.5401792858539955e-06
11022,anudhāriyamāne,2,2.5401792858539955e-06
11023,āsabhiñca,2,2.5401792858539955e-06
11024,aggohamasmi,2,2.5401792858539955e-06
11025,jeṭṭhohamasmi,2,2.5401792858539955e-06
11026,seṭṭhohamasmi,2,2.5401792858539955e-06
11027,ayamantimā,2,2.5401792858539955e-06
11028,ālokassa,2,2.5401792858539955e-06
11029,obhāsassa,2,2.5401792858539955e-06
11030,bhūmicālassa,2,2.5401792858539955e-06
11031,pakatikāyo,2,2.5401792858539955e-06
11032,byāmaṁ,2,2.5401792858539955e-06
11033,mahāsupinaṁ,2,2.5401792858539955e-06
11034,mahāpurisassa,2,2.5401792858539955e-06
11035,agāraṁ,2,2.5401792858539955e-06
11036,dhammena,2,2.5401792858539955e-06
11037,niyāmokkantikathā,2,2.5401792858539955e-06
11038,anussaviyoti,2,2.5401792858539955e-06
11039,abhisambuddhānīti,2,2.5401792858539955e-06
11040,dukkarakāriyaṁ,2,2.5401792858539955e-06
11041,dassanasampanno,2,2.5401792858539955e-06
11042,phalañāṇakathā,2,2.5401792858539955e-06
11043,sotāpattiphalasamaṅgissa,2,2.5401792858539955e-06
11044,sakadāgāmiphalasamaṅgissa,2,2.5401792858539955e-06
11045,anāgāmiphalasamaṅgissa,2,2.5401792858539955e-06
11046,arahattaphalasamaṅgissa,2,2.5401792858539955e-06
11047,asekhañāṇakathā,2,2.5401792858539955e-06
11048,asekhassa,2,2.5401792858539955e-06
11049,asekho,2,2.5401792858539955e-06
11050,viparītakathā,2,2.5401792858539955e-06
11051,diṭṭhivipariyesoti,2,2.5401792858539955e-06
11052,viparītaṁ,2,2.5401792858539955e-06
11053,niyāmoti,2,2.5401792858539955e-06
11054,okkamissati,2,2.5401792858539955e-06
11055,paṭisambhidākathā,2,2.5401792858539955e-06
11056,paṭisambhidāpattāti,2,2.5401792858539955e-06
11057,sammutiñāṇakathā,2,2.5401792858539955e-06
11058,pathavīkasiṇañca,2,2.5401792858539955e-06
11059,sammutisaccamhīti,2,2.5401792858539955e-06
11060,sammutisaccamhi,2,2.5401792858539955e-06
11061,cittārammaṇakathā,2,2.5401792858539955e-06
11062,vedanārammaṇe,2,2.5401792858539955e-06
11063,saññārammaṇe,2,2.5401792858539955e-06
11064,anāgatañāṇakathā,2,2.5401792858539955e-06
11065,paṭuppannañāṇakathā,2,2.5401792858539955e-06
11066,muttaṁ,2,2.5401792858539955e-06
11067,sabbasaṅkhāre,2,2.5401792858539955e-06
11068,sanidassanan,2,2.5401792858539955e-06
11069,abhikkamantaṁ,2,2.5401792858539955e-06
11070,paṭikkamantaṁ,2,2.5401792858539955e-06
11071,ālokentaṁ,2,2.5401792858539955e-06
11072,vilokentaṁ,2,2.5401792858539955e-06
11073,samiñjentaṁ,2,2.5401792858539955e-06
11074,uṭṭhāpenti,2,2.5401792858539955e-06
11075,samuṭṭhāpenti,2,2.5401792858539955e-06
11076,uppajja,2,2.5401792858539955e-06
11077,paṭiccasamuppādakathā,2,2.5401792858539955e-06
11078,uppādā,2,2.5401792858539955e-06
11079,anuppādā,2,2.5401792858539955e-06
11080,ṭhitāva,2,2.5401792858539955e-06
11081,deseti,2,2.5401792858539955e-06
11082,uttāniṁ,2,2.5401792858539955e-06
11083,passathā,2,2.5401792858539955e-06
11084,cāha,2,2.5401792858539955e-06
11085,saccakathā,2,2.5401792858539955e-06
11086,sokaparidevadukkhadomanassaupāyāsā,2,2.5401792858539955e-06
11087,tathāni,2,2.5401792858539955e-06
11088,avitathāni,2,2.5401792858539955e-06
11089,tathametaṁ,2,2.5401792858539955e-06
11090,avitathametaṁ,2,2.5401792858539955e-06
11091,anaññathametaṁ,2,2.5401792858539955e-06
11092,āruppakathā,2,2.5401792858539955e-06
11093,anejā,2,2.5401792858539955e-06
11094,nirodhasamāpattikathā,2,2.5401792858539955e-06
11095,uṭṭhapenti,2,2.5401792858539955e-06
11096,samuṭṭhapenti,2,2.5401792858539955e-06
11097,vuṭṭhitaṁ,2,2.5401792858539955e-06
11098,animitto,2,2.5401792858539955e-06
11099,vivekaninnaṁ,2,2.5401792858539955e-06
11100,vivekapoṇaṁ,2,2.5401792858539955e-06
11101,vivekapabbhāranti,2,2.5401792858539955e-06
11102,ākāsakathā,2,2.5401792858539955e-06
11103,anākāsaṁ,2,2.5401792858539955e-06
11104,ākāse,2,2.5401792858539955e-06
11105,pakkhino,2,2.5401792858539955e-06
11106,candimasūriyā,2,2.5401792858539955e-06
11107,tārakarūpāni,2,2.5401792858539955e-06
11108,vikubbanti,2,2.5401792858539955e-06
11109,bāhuṁ,2,2.5401792858539955e-06
11110,pāṇiṁ,2,2.5401792858539955e-06
11111,leḍḍuṁ,2,2.5401792858539955e-06
11112,laguḷaṁ,2,2.5401792858539955e-06
11113,usuṁ,2,2.5401792858539955e-06
11114,khipantīti,2,2.5401792858539955e-06
11115,parivāretvā,2,2.5401792858539955e-06
11116,gharāni,2,2.5401792858539955e-06
11117,koṭṭhāni,2,2.5401792858539955e-06
11118,pūriyamāne,2,2.5401792858539955e-06
11119,antaradhāyatīti,2,2.5401792858539955e-06
11120,sanidassanoti,2,2.5401792858539955e-06
11121,rukkhānaṁ,2,2.5401792858539955e-06
11122,thambhānaṁ,2,2.5401792858539955e-06
11123,tāḷacchiddaṁ,2,2.5401792858539955e-06
11124,bhūmiṁ,2,2.5401792858539955e-06
11125,pāsāṇaṁ,2,2.5401792858539955e-06
11126,rukkhe,2,2.5401792858539955e-06
11127,sanidassanānī,2,2.5401792858539955e-06
11128,saṅgahitakathā,2,2.5401792858539955e-06
11129,saṅgahitāti,2,2.5401792858539955e-06
11130,gaṇanaṁ,2,2.5401792858539955e-06
11131,uddesaṁ,2,2.5401792858539955e-06
11132,pariyāpannāti,2,2.5401792858539955e-06
11133,saṅkhārakkhandhagaṇanaṁ,2,2.5401792858539955e-06
11134,viññāṇakkhandhagaṇanaṁ,2,2.5401792858539955e-06
11135,dāmena,2,2.5401792858539955e-06
11136,yottena,2,2.5401792858539955e-06
11137,sikkāya,2,2.5401792858539955e-06
11138,gaddulena,2,2.5401792858539955e-06
11139,sampayuttakathā,2,2.5401792858539955e-06
11140,ekārammaṇā,2,2.5401792858539955e-06
11141,cetasikakathā,2,2.5401792858539955e-06
11142,cittampi,2,2.5401792858539955e-06
11143,dānakathā,2,2.5401792858539955e-06
11144,vadanti,2,2.5401792858539955e-06
11145,dānāni,2,2.5401792858539955e-06
11146,mahādānāni,2,2.5401792858539955e-06
11147,aggaññāni,2,2.5401792858539955e-06
11148,rattaññāni,2,2.5401792858539955e-06
11149,vaṁsaññāni,2,2.5401792858539955e-06
11150,porāṇāni,2,2.5401792858539955e-06
11151,asaṅkiṇṇāni,2,2.5401792858539955e-06
11152,asaṅkiṇṇapubbāni,2,2.5401792858539955e-06
11153,appaṭikuṭṭhāni,2,2.5401792858539955e-06
11154,pāṇātipātaṁ,2,2.5401792858539955e-06
11155,aparimāṇassa,2,2.5401792858539955e-06
11156,abhayassa,2,2.5401792858539955e-06
11157,averassa,2,2.5401792858539955e-06
11158,abyābajjhassa,2,2.5401792858539955e-06
11159,bhāgī,2,2.5401792858539955e-06
11160,mahādānaṁ,2,2.5401792858539955e-06
11161,aggaññaṁ,2,2.5401792858539955e-06
11162,rattaññaṁ,2,2.5401792858539955e-06
11163,vaṁsaññaṁ,2,2.5401792858539955e-06
11164,porāṇaṁ,2,2.5401792858539955e-06
11165,asaṅkiṇṇaṁ,2,2.5401792858539955e-06
11166,asaṅkiṇṇapubbaṁ,2,2.5401792858539955e-06
11167,saṅkiyati,2,2.5401792858539955e-06
11168,saṅkiyissati,2,2.5401792858539955e-06
11169,appaṭikuṭṭhaṁ,2,2.5401792858539955e-06
11170,paribhogamayapuññakathā,2,2.5401792858539955e-06
11171,anābhogassa,2,2.5401792858539955e-06
11172,cetayantassa,2,2.5401792858539955e-06
11173,patthayantassa,2,2.5401792858539955e-06
11174,tīraṁ,2,2.5401792858539955e-06
11175,samuddassa,2,2.5401792858539955e-06
11176,verocano,2,2.5401792858539955e-06
11177,abbhudeti,2,2.5401792858539955e-06
11178,atthameti,2,2.5401792858539955e-06
11179,satañca,2,2.5401792858539955e-06
11180,asatañca,2,2.5401792858539955e-06
11181,puññābhisandā,2,2.5401792858539955e-06
11182,kusalābhisandā,2,2.5401792858539955e-06
11183,sukhassāhārā,2,2.5401792858539955e-06
11184,sovaggikā,2,2.5401792858539955e-06
11185,sukhavipākā,2,2.5401792858539955e-06
11186,saggasaṁvattanikā,2,2.5401792858539955e-06
11187,cetosamādhiṁ,2,2.5401792858539955e-06
11188,puññābhisando,2,2.5401792858539955e-06
11189,kusalābhisando,2,2.5401792858539955e-06
11190,sukhassāhāro,2,2.5401792858539955e-06
11191,sovaggiko,2,2.5401792858539955e-06
11192,saggasaṁvattaniko,2,2.5401792858539955e-06
11193,paṭiggāhako,2,2.5401792858539955e-06
11194,paribhuñjati,2,2.5401792858539955e-06
11195,chaḍḍeti,2,2.5401792858539955e-06
11196,paṭiggāhake,2,2.5401792858539955e-06
11197,paṭiggahite,2,2.5401792858539955e-06
11198,corā,2,2.5401792858539955e-06
11199,vahati,2,2.5401792858539955e-06
11200,appiyā,2,2.5401792858539955e-06
11201,dāyādā,2,2.5401792858539955e-06
11202,dentaṁ,2,2.5401792858539955e-06
11203,anumodenti,2,2.5401792858539955e-06
11204,pasādenti,2,2.5401792858539955e-06
11205,upakappati,2,2.5401792858539955e-06
11206,sampassantā,2,2.5401792858539955e-06
11207,bhaṭo,2,2.5401792858539955e-06
11208,bharissati,2,2.5401792858539955e-06
11209,karissati,2,2.5401792858539955e-06
11210,kulavaṁso,2,2.5401792858539955e-06
11211,dāyajjaṁ,2,2.5401792858539955e-06
11212,anuppadassati,2,2.5401792858539955e-06
11213,sampassaṁ,2,2.5401792858539955e-06
11214,kataññū,2,2.5401792858539955e-06
11215,ketuṁ,2,2.5401792858539955e-06
11216,vikketuṁ,2,2.5401792858539955e-06
11217,āṭhapetuṁ,2,2.5401792858539955e-06
11218,ocinituṁ,2,2.5401792858539955e-06
11219,vicinitunti,2,2.5401792858539955e-06
11220,parinibbāyantīti,2,2.5401792858539955e-06
11221,dubbaṇṇasaṁvattaniyaṁ,2,2.5401792858539955e-06
11222,appāyukasaṁvattaniyaṁ,2,2.5401792858539955e-06
11223,ariyadhammavipākakathā,2,2.5401792858539955e-06
11224,ariyadhammavipākoti,2,2.5401792858539955e-06
11225,jīvitindriyakathā,2,2.5401792858539955e-06
11226,pālanāti,2,2.5401792858539955e-06
11227,kammahetukathā,2,2.5401792858539955e-06
11228,chagatikathā,2,2.5401792858539955e-06
11229,nirayo,2,2.5401792858539955e-06
11230,tiracchānayoni,2,2.5401792858539955e-06
11231,pettivisayo,2,2.5401792858539955e-06
11232,kālakañcikā,2,2.5401792858539955e-06
11233,asurā,2,2.5401792858539955e-06
11234,petehi,2,2.5401792858539955e-06
11235,gacchantīti,2,2.5401792858539955e-06
11236,devehi,2,2.5401792858539955e-06
11237,antarābhavakathā,2,2.5401792858539955e-06
11238,kāmabhave,2,2.5401792858539955e-06
11239,rūpabhave,2,2.5401792858539955e-06
11240,arūpabhave,2,2.5401792858539955e-06
11241,kāmaguṇakathā,2,2.5401792858539955e-06
11242,chandoti,2,2.5401792858539955e-06
11243,pītisomanassanti,2,2.5401792858539955e-06
11244,pītisomanassaṁ,2,2.5401792858539955e-06
11245,kāmaguṇūpagaṁ,2,2.5401792858539955e-06
11246,kāmaguṇūpagā,2,2.5401792858539955e-06
11247,kāmakathā,2,2.5401792858539955e-06
11248,vinaye,2,2.5401792858539955e-06
11249,citrāni,2,2.5401792858539955e-06
11250,dhīrā,2,2.5401792858539955e-06
11251,rūpadhātukathā,2,2.5401792858539955e-06
11252,rūpūpagaṁ,2,2.5401792858539955e-06
11253,rūpūpagā,2,2.5401792858539955e-06
11254,arūpadhātukathā,2,2.5401792858539955e-06
11255,vedanūpagaṁ,2,2.5401792858539955e-06
11256,vedanūpagā,2,2.5401792858539955e-06
11257,āmagandho,2,2.5401792858539955e-06
11258,ghānanimittaṁ,2,2.5401792858539955e-06
11259,jivhānimittaṁ,2,2.5401792858539955e-06
11260,rūpasattāvāso,2,2.5401792858539955e-06
11261,rūpasaṁsāro,2,2.5401792858539955e-06
11262,rūpayoni,2,2.5401792858539955e-06
11263,arūpasattāvāso,2,2.5401792858539955e-06
11264,arūpasaṁsāro,2,2.5401792858539955e-06
11265,arūpayoni,2,2.5401792858539955e-06
11266,catubbidhā,2,2.5401792858539955e-06
11267,moghapuriso,2,2.5401792858539955e-06
11268,paribbājakassa,2,2.5401792858539955e-06
11269,byākaramāno,2,2.5401792858539955e-06
11270,paṭikkamitukāmo,2,2.5401792858539955e-06
11271,āloketukāmo,2,2.5401792858539955e-06
11272,viloketukāmo,2,2.5401792858539955e-06
11273,samiñjitukāmo,2,2.5401792858539955e-06
11274,gacchissāmī,2,2.5401792858539955e-06
11275,pasāressāmī,2,2.5401792858539955e-06
11276,aṭṭhavimokkhajhāyī,2,2.5401792858539955e-06
11277,anupubbavihārasamāpattīnaṁ,2,2.5401792858539955e-06
11278,ānisaṁsadassāvīkathā,2,2.5401792858539955e-06
11279,pahānanti,2,2.5401792858539955e-06
11280,amatārammaṇakathā,2,2.5401792858539955e-06
11281,saṁyojananti,2,2.5401792858539955e-06
11282,acakkhukaraṇaṁ,2,2.5401792858539955e-06
11283,paññavāti,2,2.5401792858539955e-06
11284,atītānāgatārammaṇakathā,2,2.5401792858539955e-06
11285,atītārammaṇanti,2,2.5401792858539955e-06
11286,anāgatārammaṇanti,2,2.5401792858539955e-06
11287,vitakkānupatitakathā,2,2.5401792858539955e-06
11288,vitakkavipphārasaddakathā,2,2.5401792858539955e-06
11289,bhaṇissāmī,2,2.5401792858539955e-06
11290,voharissāmī,2,2.5401792858539955e-06
11291,imepi,2,2.5401792858539955e-06
11292,paṭiccavārapaccanīye,2,2.5401792858539955e-06
11293,dassanattikaṁ,2,2.5401792858539955e-06
11294,nissayavārasadisaṁ,2,2.5401792858539955e-06
11295,visuṁ,2,2.5401792858539955e-06
11296,āsevanamūlake,2,2.5401792858539955e-06
11297,anantarasadisā,2,2.5401792858539955e-06
11298,upadhāretvā,2,2.5401792858539955e-06
11299,gaṇentena,2,2.5401792858539955e-06
11300,missakapañhā,2,2.5401792858539955e-06
11301,likhitā,2,2.5401792858539955e-06
11302,ācayagāmicittasamaṅgissa,2,2.5401792858539955e-06
11303,apacayagāmicittasamaṅgissa,2,2.5401792858539955e-06
11304,nevācayagāmināpacayagāmicittasamaṅgissa,2,2.5401792858539955e-06
11305,sahajātapaccaye,2,2.5401792858539955e-06
11306,ācayagāmiyā,2,2.5401792858539955e-06
11307,mahābhūtāpi,2,2.5401792858539955e-06
11308,sekkhasadisā,2,2.5401792858539955e-06
11309,sekkhamūlake,2,2.5401792858539955e-06
11310,sekkhasadisaṁ,2,2.5401792858539955e-06
11311,appamāṇārammaṇe,2,2.5401792858539955e-06
11312,paṭhamajjhānapaccavekkhaṇaṁ,2,2.5401792858539955e-06
11313,anāgataṁsañāṇapaccavekkhaṇaṁ,2,2.5401792858539955e-06
11314,hīnattikaṁ,2,2.5401792858539955e-06
11315,paccayāni,2,2.5401792858539955e-06
11316,naāsevanādi,2,2.5401792858539955e-06
11317,aniyatādhipati,2,2.5401792858539955e-06
11318,aniyatamicchādiṭṭhi,2,2.5401792858539955e-06
11319,pitughātikammaṁ,2,2.5401792858539955e-06
11320,arahantaghātikammaṁ,2,2.5401792858539955e-06
11321,ruhiruppādakammaṁ,2,2.5401792858539955e-06
11322,saṅghabhedakammaṁ,2,2.5401792858539955e-06
11323,uppādetvā,2,2.5401792858539955e-06
11324,aniyatāya,2,2.5401792858539955e-06
11325,maggahetukānañca,2,2.5401792858539955e-06
11326,maggahetukānaṁ,2,2.5401792858539955e-06
11327,sotasampadaṁ,2,2.5401792858539955e-06
11328,kāyasampadā,2,2.5401792858539955e-06
11329,sotudhātuyā,2,2.5401792858539955e-06
11330,atītattikaṁ,2,2.5401792858539955e-06
11331,ārammaṇapaccayo,2,2.5401792858539955e-06
11332,anantarapaccayo,2,2.5401792858539955e-06
11333,samanantarapaccayo,2,2.5401792858539955e-06
11334,sahajātapaccayo,2,2.5401792858539955e-06
11335,aññamaññapaccayo,2,2.5401792858539955e-06
11336,upanissayapaccayo,2,2.5401792858539955e-06
11337,pacchājātapaccayo,2,2.5401792858539955e-06
11338,āsevanapaccayo,2,2.5401792858539955e-06
11339,kammapaccayo,2,2.5401792858539955e-06
11340,vipākapaccayo,2,2.5401792858539955e-06
11341,āhārapaccayo,2,2.5401792858539955e-06
11342,indriyapaccayo,2,2.5401792858539955e-06
11343,jhānapaccayo,2,2.5401792858539955e-06
11344,maggapaccayo,2,2.5401792858539955e-06
11345,sampayuttapaccayo,2,2.5401792858539955e-06
11346,vippayuttapaccayo,2,2.5401792858539955e-06
11347,natthipaccayo,2,2.5401792858539955e-06
11348,vigatapaccayo,2,2.5401792858539955e-06
11349,kesañci,2,2.5401792858539955e-06
11350,paṭuppannānaṁ,2,2.5401792858539955e-06
11351,cittacetasikānaṁ,2,2.5401792858539955e-06
11352,avigatapaccayo,2,2.5401792858539955e-06
11353,vācanāmaggena,2,2.5401792858539955e-06
11354,saṅkhittā,2,2.5401792858539955e-06
11355,pañcamūlakaṁ,2,2.5401792858539955e-06
11356,sabbamūlakaṁ,2,2.5401792858539955e-06
11357,padassa,2,2.5401792858539955e-06
11358,nahetupaccayo,2,2.5401792858539955e-06
11359,tevīsatipaccayā,2,2.5401792858539955e-06
11360,purejātepi,2,2.5401792858539955e-06
11361,āsevanepi,2,2.5401792858539955e-06
11362,paṭisandhicittaṁ,2,2.5401792858539955e-06
11363,atirekaṁ,2,2.5401792858539955e-06
11364,vippayuttasadisaṁ,2,2.5401792858539955e-06
11365,cittasamaṅgissa,2,2.5401792858539955e-06
11366,ajjhattāya,2,2.5401792858539955e-06
11367,mātikāpadāni,2,2.5401792858539955e-06
11368,gaṇetabbāni,2,2.5401792858539955e-06
11369,anidassanasappaṭighamūlake,2,2.5401792858539955e-06
11370,anidassanasappaṭighamūlakā,2,2.5401792858539955e-06
11371,anidassanaappaṭighādhipati,2,2.5401792858539955e-06
11372,sādhukaṁ,2,2.5401792858539955e-06
11373,tividharūpasaṅgaho,2,2.5401792858539955e-06
11374,anidassanasappaṭighānaṁ,2,2.5401792858539955e-06
11375,itthindriyassa,2,2.5401792858539955e-06
11376,avigatapaccayaṁ,2,2.5401792858539955e-06
11377,kammapaccayasadisaṁ,2,2.5401792858539955e-06
11378,atthipaccayaṁ,2,2.5401792858539955e-06
11379,natthipaccayampi,2,2.5401792858539955e-06
11380,vigatapaccayampi,2,2.5401792858539955e-06
11381,sajjhāyantena,2,2.5401792858539955e-06
11382,hetumūlakā,2,2.5401792858539955e-06
11383,āhāradukādi,2,2.5401792858539955e-06
11384,paccayaṁ,2,2.5401792858539955e-06
11385,kātuna,2,2.5401792858539955e-06
11386,nasamanantara,2,2.5401792858539955e-06
11387,naaññamañña,2,2.5401792858539955e-06
11388,naupanissaya,2,2.5401792858539955e-06
11389,napacchājātapaccayampi,2,2.5401792858539955e-06
11390,naāsevanapaccayampi,2,2.5401792858539955e-06
11391,naāhāradukādi,2,2.5401792858539955e-06
11392,atthiduka,2,2.5401792858539955e-06
11393,vigataduka,2,2.5401792858539955e-06
11394,paṭiccattaṁ,2,2.5401792858539955e-06
11395,sahajātattaṁ,2,2.5401792858539955e-06
11396,ārammaṇapaccayaṁ,2,2.5401792858539955e-06
11397,nissayaduka,2,2.5401792858539955e-06
11398,paccayattaṁ,2,2.5401792858539955e-06
11399,nissayattaṁ,2,2.5401792858539955e-06
11400,nakammapaccayasadisaṁ,2,2.5401792858539955e-06
11401,naadhipatimūlakaṁ,2,2.5401792858539955e-06
11402,nahetumūlakasadisaṁ,2,2.5401792858539955e-06
11403,napurejātamūlake,2,2.5401792858539955e-06
11404,pañho,2,2.5401792858539955e-06
11405,saṁsaṭṭhattaṁ,2,2.5401792858539955e-06
11406,sampayuttattaṁ,2,2.5401792858539955e-06
11407,kusalacittasamaṅgissa,2,2.5401792858539955e-06
11408,akusalacittasamaṅgissa,2,2.5401792858539955e-06
11409,vipākābyākatakiriyābyākatacittasamaṅgissa,2,2.5401792858539955e-06
11410,kiriyābyākatāni,2,2.5401792858539955e-06
11411,anantarapaccayaṁ,2,2.5401792858539955e-06
11412,ārammaṇasabhāga,2,2.5401792858539955e-06
11413,adhipatisabhāga,2,2.5401792858539955e-06
11414,adhipatimissakaghaṭanā,2,2.5401792858539955e-06
11415,cittādhipatighaṭanā,2,2.5401792858539955e-06
11416,vīriyādhipatighaṭanā,2,2.5401792858539955e-06
11417,vīmaṁsādhipatighaṭanā,2,2.5401792858539955e-06
11418,adhipatimūlakaṁ,2,2.5401792858539955e-06
11419,anantarasabhāga,2,2.5401792858539955e-06
11420,anantaraghaṭanā,2,2.5401792858539955e-06
11421,anantaramūlakaṁ,2,2.5401792858539955e-06
11422,samanantaraghaṭanā,2,2.5401792858539955e-06
11423,samanantaramūlakaṁ,2,2.5401792858539955e-06
11424,aññamaññaghaṭanā,2,2.5401792858539955e-06
11425,aññamaññamūlakaṁ,2,2.5401792858539955e-06
11426,nissayamissakaghaṭanā,2,2.5401792858539955e-06
11427,nissayamūlakaṁ,2,2.5401792858539955e-06
11428,upanissayasabhāga,2,2.5401792858539955e-06
11429,upanissayaghaṭanā,2,2.5401792858539955e-06
11430,upanissayamūlakaṁ,2,2.5401792858539955e-06
11431,purejātaghaṭanā,2,2.5401792858539955e-06
11432,purejātamūlakaṁ,2,2.5401792858539955e-06
11433,pacchājātaghaṭanā,2,2.5401792858539955e-06
11434,pacchājātamūlakaṁ,2,2.5401792858539955e-06
11435,āsevanasabhāga,2,2.5401792858539955e-06
11436,āsevanaghaṭanā,2,2.5401792858539955e-06
11437,āsevanamūlakaṁ,2,2.5401792858539955e-06
11438,kammasabhāga,2,2.5401792858539955e-06
11439,kammapakiṇṇakaghaṭanā,2,2.5401792858539955e-06
11440,kammamūlakaṁ,2,2.5401792858539955e-06
11441,vipākasabhāga,2,2.5401792858539955e-06
11442,vipākaghaṭanā,2,2.5401792858539955e-06
11443,vipākamūlakaṁ,2,2.5401792858539955e-06
11444,āhārasabhāga,2,2.5401792858539955e-06
11445,āhāramissakaghaṭanā,2,2.5401792858539955e-06
11446,sakammaghaṭanā,2,2.5401792858539955e-06
11447,āhāramūlakaṁ,2,2.5401792858539955e-06
11448,indriyasabhāga,2,2.5401792858539955e-06
11449,indriyamissakaghaṭanā,2,2.5401792858539955e-06
11450,sajhāna,2,2.5401792858539955e-06
11451,sāhāraghaṭanā,2,2.5401792858539955e-06
11452,āhāraghaṭanā,2,2.5401792858539955e-06
11453,indriyamūlakaṁ,2,2.5401792858539955e-06
11454,jhānasabhāga,2,2.5401792858539955e-06
11455,jhānamūlakaṁ,2,2.5401792858539955e-06
11456,maggasabhāga,2,2.5401792858539955e-06
11457,maggasāmaññaghaṭanā,2,2.5401792858539955e-06
11458,jhānaghaṭanā,2,2.5401792858539955e-06
11459,maggamūlakaṁ,2,2.5401792858539955e-06
11460,sampayuttasabhāga,2,2.5401792858539955e-06
11461,sampayuttaghaṭanā,2,2.5401792858539955e-06
11462,sampayuttamūlakaṁ,2,2.5401792858539955e-06
11463,vippayuttamissakaghaṭanā,2,2.5401792858539955e-06
11464,vippayuttamūlakaṁ,2,2.5401792858539955e-06
11465,atthimissakaghaṭanā,2,2.5401792858539955e-06
11466,atthimūlakaṁ,2,2.5401792858539955e-06
11467,naārammaṇamūlakaṁ,2,2.5401792858539955e-06
11468,nasahajātaduka,2,2.5401792858539955e-06
11469,nasahajātamūlakaṁ,2,2.5401792858539955e-06
11470,naaññamaññaduka,2,2.5401792858539955e-06
11471,nanissayaduka,2,2.5401792858539955e-06
11472,nanissayamūlakaṁ,2,2.5401792858539955e-06
11473,naupanissayaduka,2,2.5401792858539955e-06
11474,naupanissayamūlakaṁ,2,2.5401792858539955e-06
11475,napurejātamūlakaṁ,2,2.5401792858539955e-06
11476,napacchājātamūlakaṁ,2,2.5401792858539955e-06
11477,aṭṭhārasaka,2,2.5401792858539955e-06
11478,noatthiduka,2,2.5401792858539955e-06
11479,nonatthiduka,2,2.5401792858539955e-06
11480,najhānamūlakaṁ,2,2.5401792858539955e-06
11481,noatthimūlakaṁ,2,2.5401792858539955e-06
11482,paṭisandhikaṁ,2,2.5401792858539955e-06
11483,catuviññāṇasahagataṁ,2,2.5401792858539955e-06
11484,napacchājātadukādi,2,2.5401792858539955e-06
11485,nissayampi,2,2.5401792858539955e-06
11486,vitthāritaṁ,2,2.5401792858539955e-06
11487,ghāna,2,2.5401792858539955e-06
11488,kāya,2,2.5401792858539955e-06
11489,vipākacittasamaṅgissa,2,2.5401792858539955e-06
11490,vipākadhammadhammacittasamaṅgissa,2,2.5401792858539955e-06
11491,nevavipākanavipākadhammadhammacittasamaṅgissa,2,2.5401792858539955e-06
11492,paṭiccagaṇanā,2,2.5401792858539955e-06
11493,anupādinnupādāniyāya,2,2.5401792858539955e-06
11494,ṭhānāṭṭhānakosallassa,2,2.5401792858539955e-06
11495,anupādinnupādāniyāni,2,2.5401792858539955e-06
11496,asaṅkiliṭṭhaasaṅkilesike,2,2.5401792858539955e-06
11497,asaṅkiliṭṭhaasaṅkilesikañca,2,2.5401792858539955e-06
11498,naāsevanamūlake,2,2.5401792858539955e-06
11499,napurejātasadisaṁ,2,2.5401792858539955e-06
11500,dassetabbo,2,2.5401792858539955e-06
11501,avitakkaavicārāni,2,2.5401792858539955e-06
11502,vipākattikādi,2,2.5401792858539955e-06
11503,pañcacattālīsa,2,2.5401792858539955e-06
11504,catucattālīsa,2,2.5401792858539955e-06
11505,nanocittapadaṁ,2,2.5401792858539955e-06
11506,noāsavañceva,2,2.5401792858539955e-06
11507,kusalattikapiṭṭhidukaṁ,2,2.5401792858539955e-06
11508,nanevāsekkhanāsekkhaṁ,2,2.5401792858539955e-06
11509,vedanāttikādi,2,2.5401792858539955e-06
11510,adukkhamasukhavedanāyasampayuttapada,2,2.5401792858539955e-06
11511,hīnattikādi,2,2.5401792858539955e-06
11512,vīsa,2,2.5401792858539955e-06
11513,nacittasaṁsaṭṭhasamuṭṭhāno,2,2.5401792858539955e-06
11514,nacittasaṁsaṭṭhasamuṭṭhānasahabhū,2,2.5401792858539955e-06
11515,kusalasadisaṁ,2,2.5401792858539955e-06
11516,āsavasāsavadukādi,2,2.5401792858539955e-06
11517,abyākatamūle,2,2.5401792858539955e-06
11518,appaccayasadisaṁ,2,2.5401792858539955e-06
11519,nanoparāmāso,2,2.5401792858539955e-06
11520,āsavagocchakādi,2,2.5401792858539955e-06
11521,sahetukasadisaṁ,2,2.5401792858539955e-06
11522,nacittavippayutto,2,2.5401792858539955e-06
11523,chabbīsati,2,2.5401792858539955e-06
11524,naupādinnupādāniyañca,2,2.5401792858539955e-06
11525,naanupādinnaanupādāniyañca,2,2.5401792858539955e-06
11526,naanupādinnupādāniyañca,2,2.5401792858539955e-06
11527,pūretukāmena,2,2.5401792858539955e-06
11528,paṭisandhikkhaṇepi,2,2.5401792858539955e-06
11529,tīsuyeva,2,2.5401792858539955e-06
11530,acetasikacittasamaṅgissa,2,2.5401792858539955e-06
11531,pañhāghaṭanā,2,2.5401792858539955e-06
11532,cittasaṁsaṭṭhadukaṁ,2,2.5401792858539955e-06
11533,sadisāyeva,2,2.5401792858539955e-06
11534,pañhānaṁ,2,2.5401792858539955e-06
11535,cittasamuṭṭhānadukaṁ,2,2.5401792858539955e-06
11536,ahetukan,2,2.5401792858539955e-06
11537,channampi,2,2.5401792858539955e-06
11538,purejātampi,2,2.5401792858539955e-06
11539,cittasaṁsaṭṭhasamuṭṭhānadukaṁ,2,2.5401792858539955e-06
11540,ekasadisā,2,2.5401792858539955e-06
11541,pacchājātasadisaṁ,2,2.5401792858539955e-06
11542,paṭhamaghaṭanānayena,2,2.5401792858539955e-06
11543,paripuṇṇāni,2,2.5401792858539955e-06
11544,vibhajantena,2,2.5401792858539955e-06
11545,upādānadukaṁ,2,2.5401792858539955e-06
11546,diṭṭhigatavippayuttalobhassa,2,2.5401792858539955e-06
11547,upādānavippayuttānaṁ,2,2.5401792858539955e-06
11548,upādānavippayuttakānaṁ,2,2.5401792858539955e-06
11549,ninnānā,2,2.5401792858539955e-06
11550,upādānadukasadisaṁ,2,2.5401792858539955e-06
11551,ghaṭanādhipatipi,2,2.5401792858539955e-06
11552,anupādāniye,2,2.5401792858539955e-06
11553,ārammaṇapaccaye,2,2.5401792858539955e-06
11554,kilesasampayuttadukaṁ,2,2.5401792858539955e-06
11555,saṅkiliṭṭhadukasadisaṁ,2,2.5401792858539955e-06
11556,kilesadukasadisaṁ,2,2.5401792858539955e-06
11557,saṅkilesike,2,2.5401792858539955e-06
11558,saṅkilesikānañceva,2,2.5401792858539955e-06
11559,parantena,2,2.5401792858539955e-06
11560,anulomasadisā,2,2.5401792858539955e-06
11561,savitakkāya,2,2.5401792858539955e-06
11562,savitakkaduke,2,2.5401792858539955e-06
11563,appītikāya,2,2.5401792858539955e-06
11564,kiriyañca,2,2.5401792858539955e-06
11565,savitakkadukasadisaṁ,2,2.5401792858539955e-06
11566,yadipi,2,2.5401792858539955e-06
11567,paccavekkhitvā,2,2.5401792858539955e-06
11568,pītisahagatadukaṁ,2,2.5401792858539955e-06
11569,sukhasahagatadukaṁ,2,2.5401792858539955e-06
11570,adhipatiyāpi,2,2.5401792858539955e-06
11571,dutiyagamanasadisaṁ,2,2.5401792858539955e-06
11572,paccanīyavibhaṅgopi,2,2.5401792858539955e-06
11573,vatthupi,2,2.5401792858539955e-06
11574,savitakkadukassa,2,2.5401792858539955e-06
11575,naupekkhāsahagatena,2,2.5401792858539955e-06
11576,pākatikā,2,2.5401792858539955e-06
11577,suddhake,2,2.5401792858539955e-06
11578,vipākan,2,2.5401792858539955e-06
11579,kāmāvacarāya,2,2.5401792858539955e-06
11580,nakāmāvacarāya,2,2.5401792858539955e-06
11581,rūpāvacarāya,2,2.5401792858539955e-06
11582,narūpāvacarāya,2,2.5401792858539955e-06
11583,naarūpāvacarānaṁ,2,2.5401792858539955e-06
11584,naarūpāvacarāya,2,2.5401792858539955e-06
11585,niyyānikadukaṁ,2,2.5401792858539955e-06
11586,arūpadukasadisaṁ,2,2.5401792858539955e-06
11587,araṇānaṁ,2,2.5401792858539955e-06
11588,dvīsupi,2,2.5401792858539955e-06
11589,arūpameva,2,2.5401792858539955e-06
11590,hetumūlake,2,2.5401792858539955e-06
11591,vajjetabbā,2,2.5401792858539955e-06
11592,sahetukadukaṁ,2,2.5401792858539955e-06
11593,hetusampayuttadukaṁ,2,2.5401792858539955e-06
11594,dvinnampi,2,2.5401792858539955e-06
11595,pucchitabbāni,2,2.5401792858539955e-06
11596,hetusahetukadukaṁ,2,2.5401792858539955e-06
11597,sappaccaye,2,2.5401792858539955e-06
11598,sappaccayadukaṁ,2,2.5401792858539955e-06
11599,āhārasamuṭṭhānā,2,2.5401792858539955e-06
11600,jānitvā,2,2.5401792858539955e-06
11601,agge,2,2.5401792858539955e-06
11602,āpodhātuyā,2,2.5401792858539955e-06
11603,paccanīyasadisā,2,2.5401792858539955e-06
11604,āsavadukaṁ,2,2.5401792858539955e-06
11605,purimāti,2,2.5401792858539955e-06
11606,ārammaṇasadisaṁyeva,2,2.5401792858539955e-06
11607,vibhajanā,2,2.5401792858539955e-06
11608,gaṇitabbāni,2,2.5401792858539955e-06
11609,vicikicchāsaññojanañca,2,2.5401792858539955e-06
11610,saññojanagocchake,2,2.5401792858539955e-06
11611,kāmarāgasaññojano,2,2.5401792858539955e-06
11612,diṭṭhisaññojanassa,2,2.5401792858539955e-06
11613,avijjāsaññojanassa,2,2.5401792858539955e-06
11614,imāsu,2,2.5401792858539955e-06
11615,ārammaṇanayena,2,2.5401792858539955e-06
11616,parivattetabbā,2,2.5401792858539955e-06
11617,idaṁsaccābhinivesaṁ,2,2.5401792858539955e-06
11618,ganthasampayuttādhipati,2,2.5401792858539955e-06
11619,idaṁsaccābhinivesakāyaganthaṁ,2,2.5401792858539955e-06
11620,ganthadukasadisaṁ,2,2.5401792858539955e-06
11621,upanissayepi,2,2.5401792858539955e-06
11622,oghayogagocchaka,2,2.5401792858539955e-06
11623,oghadukādi,2,2.5401792858539955e-06
11624,nīvaraṇadukaṁ,2,2.5401792858539955e-06
11625,nīvaraṇiyadukaṁ,2,2.5401792858539955e-06
11626,nīvaraṇavippayuttānaṁ,2,2.5401792858539955e-06
11627,parāmāsadukaṁ,2,2.5401792858539955e-06
11628,parāmaṭṭhadukaṁ,2,2.5401792858539955e-06
11629,parāmāsasampayuttakā,2,2.5401792858539955e-06
11630,parāmāsavippayuttānaṁ,2,2.5401792858539955e-06
11631,parāmāsadukasadisaṁ,2,2.5401792858539955e-06
11632,nasappaṭighañca,2,2.5401792858539955e-06
11633,naappaṭighañca,2,2.5401792858539955e-06
11634,nalokuttarañca,2,2.5401792858539955e-06
11635,nayogaṁ,2,2.5401792858539955e-06
11636,nacittañca,2,2.5401792858539955e-06
11637,nanocittañca,2,2.5401792858539955e-06
11638,nanakāmāvacarañca,2,2.5401792858539955e-06
11639,napariyāpannañca,2,2.5401792858539955e-06
11640,naapariyāpannañca,2,2.5401792858539955e-06
11641,naniyyānikañca,2,2.5401792858539955e-06
11642,naniyatañca,2,2.5401792858539955e-06
11643,naakusale,2,2.5401792858539955e-06
11644,naabyākate,2,2.5401792858539955e-06
11645,dukamūlaṁ,2,2.5401792858539955e-06
11646,pañhāyeva,2,2.5401792858539955e-06
11647,nacittavisaṁsaṭṭhaṁ,2,2.5401792858539955e-06
11648,nanocittasamuṭṭhānaṁ,2,2.5401792858539955e-06
11649,nanocittasahabhuṁ,2,2.5401792858539955e-06
11650,nanocittānuparivattiṁ,2,2.5401792858539955e-06
11651,nanocittasaṁsaṭṭhasamuṭṭhānaṁ,2,2.5401792858539955e-06
11652,nanocittasaṁsaṭṭhasamuṭṭhānasahabhuṁ,2,2.5401792858539955e-06
11653,nanocittasaṁsaṭṭhasamuṭṭhānānuparivattiṁ,2,2.5401792858539955e-06
11654,sattameva,2,2.5401792858539955e-06
11655,sauttarapada,2,2.5401792858539955e-06
11656,anuttarapada,2,2.5401792858539955e-06
11657,cittadukakusalasadisaṁ,2,2.5401792858539955e-06
11658,nocittasaṁsaṭṭhaṁ,2,2.5401792858539955e-06
11659,cittasaṁsaṭṭhasamuṭṭhānadukaabyākatasadisaṁ,2,2.5401792858539955e-06
11660,ārammaṇapurejātampi,2,2.5401792858539955e-06
11661,vatthupurejātampi,2,2.5401792858539955e-06
11662,upādānadukaakusalasadisaṁ,2,2.5401792858539955e-06
11663,dassane,2,2.5401792858539955e-06
11664,pītisahagatadukādi,2,2.5401792858539955e-06
11665,arūpāvacaramūle,2,2.5401792858539955e-06
11666,parittapada,2,2.5401792858539955e-06
11667,parittārammaṇañca,2,2.5401792858539955e-06
11668,mahaggatārammaṇañca,2,2.5401792858539955e-06
11669,appamāṇārammaṇañca,2,2.5401792858539955e-06
11670,hīnapada,2,2.5401792858539955e-06
11671,paṇītapada,2,2.5401792858539955e-06
11672,dukatike,2,2.5401792858539955e-06
11673,atītārammaṇapada,2,2.5401792858539955e-06
11674,atītārammaṇañca,2,2.5401792858539955e-06
11675,anāgatārammaṇapada,2,2.5401792858539955e-06
11676,anāgatārammaṇañca,2,2.5401792858539955e-06
11677,paccuppannārammaṇapada,2,2.5401792858539955e-06
11678,paccuppannārammaṇañca,2,2.5401792858539955e-06
11679,ajjhattapada,2,2.5401792858539955e-06
11680,bahiddhāpada,2,2.5401792858539955e-06
11681,ajjhattārammaṇañca,2,2.5401792858539955e-06
11682,lokiyalokuttaragamanasadisaṁ,2,2.5401792858539955e-06
11683,ahetukapada,2,2.5401792858539955e-06
11684,gocchakaṁ,2,2.5401792858539955e-06
11685,naappaṭighassa,2,2.5401792858539955e-06
11686,naasaññojaniyaṁ,2,2.5401792858539955e-06
11687,nasaññojaniyañca,2,2.5401792858539955e-06
11688,naasaññojaniyañceva,2,2.5401792858539955e-06
11689,naaganthaniyaṁ,2,2.5401792858539955e-06
11690,naganthaniyañca,2,2.5401792858539955e-06
11691,āmasanasadisaṁ,2,2.5401792858539955e-06
11692,naaparāmaṭṭhañceva,2,2.5401792858539955e-06
11693,nasaṅkilesikañca,2,2.5401792858539955e-06
11694,nasaṅkiliṭṭhaṁ,2,2.5401792858539955e-06
11695,nakilesasampayuttaṁ,2,2.5401792858539955e-06
11696,nakilesasampayutto,2,2.5401792858539955e-06
11697,nakilesavippayuttaṁ,2,2.5401792858539955e-06
11698,bhayūparato,2,2.5401792858539955e-06
11699,abhayūparato,2,2.5401792858539955e-06
11700,bhabbāgamano,2,2.5401792858539955e-06
11701,abhabbāgamano,2,2.5401792858539955e-06
11702,tappetā,2,2.5401792858539955e-06
11703,khalupacchābhattikā,2,2.5401792858539955e-06
11704,ekāsanikā,2,2.5401792858539955e-06
11705,paṁsukūlikā,2,2.5401792858539955e-06
11706,tecīvarikā,2,2.5401792858539955e-06
11707,āraññikā,2,2.5401792858539955e-06
11708,rukkhamūlikā,2,2.5401792858539955e-06
11709,abbhokāsikā,2,2.5401792858539955e-06
11710,nesajjikā,2,2.5401792858539955e-06
11711,yathāsanthatikā,2,2.5401792858539955e-06
11712,sāvakapāramiñca,2,2.5401792858539955e-06
11713,sāvakapāramiṁ,2,2.5401792858539955e-06
11714,anāgantā,2,2.5401792858539955e-06
11715,āgantā,2,2.5401792858539955e-06
11716,samāpattiyo,2,2.5401792858539955e-06
11717,kuppeyyuṁ,2,2.5401792858539955e-06
11718,parihāyeyya,2,2.5401792858539955e-06
11719,anusañceteti,2,2.5401792858539955e-06
11720,anurakkhati,2,2.5401792858539955e-06
11721,diṭṭhippattassa,2,2.5401792858539955e-06
11722,paññāvāhiṁ,2,2.5401792858539955e-06
11723,paññāpubbaṅgamaṁ,2,2.5401792858539955e-06
11724,sandhāvitvā,2,2.5401792858539955e-06
11725,saṁsaritvā,2,2.5401792858539955e-06
11726,vemajjhaṁ,2,2.5401792858539955e-06
11727,kāmarāgabyāpādā,2,2.5401792858539955e-06
11728,anavasesā,2,2.5401792858539955e-06
11729,paḷāsāyitattaṁ,2,2.5401792858539955e-06
11730,appahīnaṁ,2,2.5401792858539955e-06
11731,paṭicchādanahetu,2,2.5401792858539955e-06
11732,saṅkappati,2,2.5401792858539955e-06
11733,anādariyatā,2,2.5401792858539955e-06
11734,asaṅgāhaṇā,2,2.5401792858539955e-06
11735,guttadvāratāya,2,2.5401792858539955e-06
11736,mattaññutāya,2,2.5401792858539955e-06
11737,nikkhipati,2,2.5401792858539955e-06
11738,saṅkassarasamācāro,2,2.5401792858539955e-06
11739,paṭicchannakammanto,2,2.5401792858539955e-06
11740,assamaṇo,2,2.5401792858539955e-06
11741,samaṇapaṭiñño,2,2.5401792858539955e-06
11742,abrahmacārī,2,2.5401792858539955e-06
11743,brahmacāripaṭiñño,2,2.5401792858539955e-06
11744,antopūti,2,2.5401792858539955e-06
11745,avassuto,2,2.5401792858539955e-06
11746,kasambujāto,2,2.5401792858539955e-06
11747,gilānaṁ,2,2.5401792858539955e-06
11748,sabhaggato,2,2.5401792858539955e-06
11749,parisaggato,2,2.5401792858539955e-06
11750,ñātimajjhagato,2,2.5401792858539955e-06
11751,pūgamajjhagato,2,2.5401792858539955e-06
11752,rājakulamajjhagato,2,2.5401792858539955e-06
11753,abhinīto,2,2.5401792858539955e-06
11754,sakkhipuṭṭho,2,2.5401792858539955e-06
11755,ehambho,2,2.5401792858539955e-06
11756,purisa,2,2.5401792858539955e-06
11757,vadehī,2,2.5401792858539955e-06
11758,ajānaṁ,2,2.5401792858539955e-06
11759,jānaṁ,2,2.5401792858539955e-06
11760,apassaṁ,2,2.5401792858539955e-06
11761,passaṁ,2,2.5401792858539955e-06
11762,attahetu,2,2.5401792858539955e-06
11763,parahetu,2,2.5401792858539955e-06
11764,āmisakiñcikkhahetu,2,2.5401792858539955e-06
11765,sampajānamusā,2,2.5401792858539955e-06
11766,nelā,2,2.5401792858539955e-06
11767,duṭṭhāruko,2,2.5401792858539955e-06
11768,maṇi,2,2.5401792858539955e-06
11769,pāsāṇo,2,2.5401792858539955e-06
11770,āsittaṁ,2,2.5401792858539955e-06
11771,vivaṭṭati,2,2.5401792858539955e-06
11772,udakena,2,2.5401792858539955e-06
11773,āgāḷhenapi,2,2.5401792858539955e-06
11774,pharusenapi,2,2.5401792858539955e-06
11775,amanāpenapi,2,2.5401792858539955e-06
11776,saṁsandatimeva,2,2.5401792858539955e-06
11777,sandhiyatimeva,2,2.5401792858539955e-06
11778,sammodatimeva,2,2.5401792858539955e-06
11779,potthakaṁ,2,2.5401792858539955e-06
11780,navo,2,2.5401792858539955e-06
11781,dubbaṇṇatāya,2,2.5401792858539955e-06
11782,dukkhasamphassatāya,2,2.5401792858539955e-06
11783,appagghatāya,2,2.5401792858539955e-06
11784,evamāhaṁsu,2,2.5401792858539955e-06
11785,tuyhaṁ,2,2.5401792858539955e-06
11786,bālassa,2,2.5401792858539955e-06
11787,abyattassa,2,2.5401792858539955e-06
11788,bhaṇitena,2,2.5401792858539955e-06
11789,maññasī,2,2.5401792858539955e-06
11790,kupito,2,2.5401792858539955e-06
11791,anattamano,2,2.5401792858539955e-06
11792,suvaṇṇatāya,2,2.5401792858539955e-06
11793,vaṇṇavantaṁ,2,2.5401792858539955e-06
11794,sukhasamphassatāya,2,2.5401792858539955e-06
11795,mahagghatāya,2,2.5401792858539955e-06
11796,mahagghaṁ,2,2.5401792858539955e-06
11797,sīlakkhandhaṁ,2,2.5401792858539955e-06
11798,anuggahessāmi,2,2.5401792858539955e-06
11799,samādhikkhandhaṁ,2,2.5401792858539955e-06
11800,paññākkhandhaṁ,2,2.5401792858539955e-06
11801,pāpako,2,2.5401792858539955e-06
11802,pāpasahāyo,2,2.5401792858539955e-06
11803,pāpasampavaṅko,2,2.5401792858539955e-06
11804,kārino,2,2.5401792858539955e-06
11805,vedanānañca,2,2.5401792858539955e-06
11806,surāmerayamajjapamādaṭṭhāyī,2,2.5401792858539955e-06
11807,kāmesumicchācāre,2,2.5401792858539955e-06
11808,musāvāde,2,2.5401792858539955e-06
11809,pisuṇavāco,2,2.5401792858539955e-06
11810,pharusavāco,2,2.5401792858539955e-06
11811,samphappalāpī,2,2.5401792858539955e-06
11812,abhijjhālu,2,2.5401792858539955e-06
11813,byāpannacitto,2,2.5401792858539955e-06
11814,anabhijjhālu,2,2.5401792858539955e-06
11815,appañca,2,2.5401792858539955e-06
11816,asahitañca,2,2.5401792858539955e-06
11817,sahitañca,2,2.5401792858539955e-06
11818,bahuñca,2,2.5401792858539955e-06
11819,naheva,2,2.5401792858539955e-06
11820,duppaṭipannānaṁ,2,2.5401792858539955e-06
11821,micchāpaṭipannānaṁ,2,2.5401792858539955e-06
11822,titthiyānaṁ,2,2.5401792858539955e-06
11823,titthiyasāvakānaṁ,2,2.5401792858539955e-06
11824,suppaṭipannā,2,2.5401792858539955e-06
11825,suppaṭipannānaṁ,2,2.5401792858539955e-06
11826,sammāpaṭipannānaṁ,2,2.5401792858539955e-06
11827,buddhasāvakānaṁ,2,2.5401792858539955e-06
11828,duppaṭipannā,2,2.5401792858539955e-06
11829,micchāpaṭipannā,2,2.5401792858539955e-06
11830,duppaṭipadāya,2,2.5401792858539955e-06
11831,micchāpaṭipadāya,2,2.5401792858539955e-06
11832,suppaṭipadā,2,2.5401792858539955e-06
11833,sammāpaṭipadā,2,2.5401792858539955e-06
11834,suppaṭipadāya,2,2.5401792858539955e-06
11835,sammāpaṭipadāya,2,2.5401792858539955e-06
11836,duppaṭipadā,2,2.5401792858539955e-06
11837,micchāpaṭipadā,2,2.5401792858539955e-06
11838,yopi,2,2.5401792858539955e-06
11839,uṭṭhahato,2,2.5401792858539955e-06
11840,ghaṭato,2,2.5401792858539955e-06
11841,vāyamato,2,2.5401792858539955e-06
11842,abhinibbattati,2,2.5401792858539955e-06
11843,puññato,2,2.5401792858539955e-06
11844,puññaphalūpajīvino,2,2.5401792858539955e-06
11845,uṭṭhānaphalūpajīvino,2,2.5401792858539955e-06
11846,nīce,2,2.5401792858539955e-06
11847,caṇḍālakule,2,2.5401792858539955e-06
11848,nesādakule,2,2.5401792858539955e-06
11849,venakule,2,2.5401792858539955e-06
11850,rathakārakule,2,2.5401792858539955e-06
11851,pukkusakule,2,2.5401792858539955e-06
11852,dalidde,2,2.5401792858539955e-06
11853,appannapānabhojane,2,2.5401792858539955e-06
11854,kasiravuttike,2,2.5401792858539955e-06
11855,ghāsacchādo,2,2.5401792858539955e-06
11856,duddasiko,2,2.5401792858539955e-06
11857,okoṭimako,2,2.5401792858539955e-06
11858,bahvābādho,2,2.5401792858539955e-06
11859,kāṇo,2,2.5401792858539955e-06
11860,kuṇī,2,2.5401792858539955e-06
11861,khañjo,2,2.5401792858539955e-06
11862,pakkhahato,2,2.5401792858539955e-06
11863,ucce,2,2.5401792858539955e-06
11864,khattiyamahāsālakule,2,2.5401792858539955e-06
11865,brāhmaṇamahāsālakule,2,2.5401792858539955e-06
11866,gahapatimahāsālakule,2,2.5401792858539955e-06
11867,aḍḍhe,2,2.5401792858539955e-06
11868,mahaddhane,2,2.5401792858539955e-06
11869,mahābhoge,2,2.5401792858539955e-06
11870,pahūtajātarūparajate,2,2.5401792858539955e-06
11871,pahūtavittūpakaraṇe,2,2.5401792858539955e-06
11872,pahūtadhanadhaññe,2,2.5401792858539955e-06
11873,abhirūpo,2,2.5401792858539955e-06
11874,dassanīyo,2,2.5401792858539955e-06
11875,pāsādiko,2,2.5401792858539955e-06
11876,sīlavatī,2,2.5401792858539955e-06
11877,kalyāṇadhammā,2,2.5401792858539955e-06
11878,pāpadhammā,2,2.5401792858539955e-06
11879,parisāpissa,2,2.5401792858539955e-06
11880,ārohaṁ,2,2.5401792858539955e-06
11881,pariṇāhaṁ,2,2.5401792858539955e-06
11882,saṇṭhānaṁ,2,2.5401792858539955e-06
11883,dattīhi,2,2.5401792858539955e-06
11884,sandhāgāraṁ,2,2.5401792858539955e-06
11885,abbhokāso,2,2.5401792858539955e-06
11886,kāsāyāni,2,2.5401792858539955e-06
11887,acchādetvā,2,2.5401792858539955e-06
11888,bhogakkhandhaṁ,2,2.5401792858539955e-06
11889,ñātiparivaṭṭaṁ,2,2.5401792858539955e-06
11890,bhedāya,2,2.5401792858539955e-06
11891,santuṭṭho,2,2.5401792858539955e-06
11892,kāyaparihārikena,2,2.5401792858539955e-06
11893,cīvarena,2,2.5401792858539955e-06
11894,kucchiparihārikena,2,2.5401792858539955e-06
11895,piṇḍapātena,2,2.5401792858539955e-06
11896,samādāyeva,2,2.5401792858539955e-06
11897,ḍeti,2,2.5401792858539955e-06
11898,sīlakkhandhena,2,2.5401792858539955e-06
11899,indriyasaṁvarena,2,2.5401792858539955e-06
11900,catassopi,2,2.5401792858539955e-06
11901,dasapi,2,2.5401792858539955e-06
11902,vīsampi,2,2.5401792858539955e-06
11903,tiṁsampi,2,2.5401792858539955e-06
11904,cattālīsampi,2,2.5401792858539955e-06
11905,paññāsampi,2,2.5401792858539955e-06
11906,jātisatampi,2,2.5401792858539955e-06
11907,jātisahassampi,2,2.5401792858539955e-06
11908,jātisatasahassampi,2,2.5401792858539955e-06
11909,saṁvaṭṭakappe,2,2.5401792858539955e-06
11910,vivaṭṭakappe,2,2.5401792858539955e-06
11911,saṁvaṭṭavivaṭṭakappe,2,2.5401792858539955e-06
11912,amutrāsiṁ,2,2.5401792858539955e-06
11913,evaṁsukhadukkhapaṭisaṁvedī,2,2.5401792858539955e-06
11914,udapādiṁ,2,2.5401792858539955e-06
11915,tatrāpāsiṁ,2,2.5401792858539955e-06
11916,idhūpapanno,2,2.5401792858539955e-06
11917,sākāraṁ,2,2.5401792858539955e-06
11918,sauddesaṁ,2,2.5401792858539955e-06
11919,āsavasamudayo,2,2.5401792858539955e-06
11920,āsavanirodho,2,2.5401792858539955e-06
11921,āsavanirodhagāminī,2,2.5401792858539955e-06
11922,vimuttasmiṁ,2,2.5401792858539955e-06
11923,vimuttamiti,2,2.5401792858539955e-06
11924,vusitaṁ,2,2.5401792858539955e-06
11925,nāparaṁ,2,2.5401792858539955e-06
11926,itthattāyā,2,2.5401792858539955e-06
11927,pāpañca,2,2.5401792858539955e-06
11928,sahāpi,2,2.5401792858539955e-06
11929,appakaṁ,2,2.5401792858539955e-06
11930,appakassa,2,2.5401792858539955e-06
11931,bahukaṁ,2,2.5401792858539955e-06
11932,bahukassa,2,2.5401792858539955e-06
11933,pavaḍḍhanti,2,2.5401792858539955e-06
11934,ārambhaje,2,2.5401792858539955e-06
11935,vippaṭisāraje,2,2.5401792858539955e-06
11936,nappavaḍḍhanti,2,2.5401792858539955e-06
11937,yodhājīvā,2,2.5401792858539955e-06
11938,rajaggasmiṁ,2,2.5401792858539955e-06
11939,asukasmiṁ,2,2.5401792858539955e-06
11940,kumārī,2,2.5401792858539955e-06
11941,abhirūpā,2,2.5401792858539955e-06
11942,dassanīyā,2,2.5401792858539955e-06
11943,pāsādikā,2,2.5401792858539955e-06
11944,dhajaggasmiṁ,2,2.5401792858539955e-06
11945,ussāraṇāya,2,2.5401792858539955e-06
11946,sampahārasmiṁ,2,2.5401792858539955e-06
11947,abhinisīdati,2,2.5401792858539955e-06
11948,abhinipajjati,2,2.5401792858539955e-06
11949,ajjhottharati,2,2.5401792858539955e-06
11950,abhinisīdiyamāno,2,2.5401792858539955e-06
11951,abhinipajjiyamāno,2,2.5401792858539955e-06
11952,ajjhotthariyamāno,2,2.5401792858539955e-06
11953,saṅgāmavijayasmiṁ,2,2.5401792858539955e-06
11954,mandattā,2,2.5401792858539955e-06
11955,momūhattā,2,2.5401792858539955e-06
11956,ummādā,2,2.5401792858539955e-06
11957,cittavikkhepā,2,2.5401792858539955e-06
11958,vaṇṇitaṁ,2,2.5401792858539955e-06
11959,buddhasāvakehī,2,2.5401792858539955e-06
11960,piṇḍapātikānaṁ,2,2.5401792858539955e-06
11961,gavā,2,2.5401792858539955e-06
11962,khīramhā,2,2.5401792858539955e-06
11963,dadhimhā,2,2.5401792858539955e-06
11964,navanītamhā,2,2.5401792858539955e-06
11965,sappimhā,2,2.5401792858539955e-06
11966,sappimaṇḍo,2,2.5401792858539955e-06
11967,sappimaṇḍaṁ,2,2.5401792858539955e-06
11968,aggamakkhāyati,2,2.5401792858539955e-06
11969,sosānikānaṁ,2,2.5401792858539955e-06
11970,saddhāvimuttoti,2,2.5401792858539955e-06
11971,passambhati,2,2.5401792858539955e-06
11972,satisambojjhaṅgasampayuttā,2,2.5401792858539955e-06
11973,dhammavicayasambojjhaṅgasampayuttā,2,2.5401792858539955e-06
11974,vīriyasambojjhaṅgasampayuttā,2,2.5401792858539955e-06
11975,pītisambojjhaṅgasampayuttā,2,2.5401792858539955e-06
11976,passaddhisambojjhaṅgasampayuttā,2,2.5401792858539955e-06
11977,samādhisambojjhaṅgasampayuttā,2,2.5401792858539955e-06
11978,upekkhāsambojjhaṅgasampayuttā,2,2.5401792858539955e-06
11979,nekkhammasaṅkappo,2,2.5401792858539955e-06
11980,abyāpādasaṅkappo,2,2.5401792858539955e-06
11981,avihiṁsāsaṅkappo,2,2.5401792858539955e-06
11982,pañcaṅgikena,2,2.5401792858539955e-06
11983,pātimokkhasaṁvarasaṁvuto,2,2.5401792858539955e-06
11984,paṭisallānasāruppaṁ,2,2.5401792858539955e-06
11985,idhā,2,2.5401792858539955e-06
11986,veḷudānena,2,2.5401792858539955e-06
11987,pattadānena,2,2.5401792858539955e-06
11988,pupphadānena,2,2.5401792858539955e-06
11989,phaladānena,2,2.5401792858539955e-06
11990,sinānadānena,2,2.5401792858539955e-06
11991,dantakaṭṭhadānena,2,2.5401792858539955e-06
11992,cāṭukamyatāya,2,2.5401792858539955e-06
11993,muggasūpyatāya,2,2.5401792858539955e-06
11994,pāribhaṭyatāya,2,2.5401792858539955e-06
11995,jaṅghapesanikena,2,2.5401792858539955e-06
11996,buddhapaṭikuṭṭhena,2,2.5401792858539955e-06
11997,micchāājīvena,2,2.5401792858539955e-06
11998,vesiyāgocaro,2,2.5401792858539955e-06
11999,vidhavāgocaro,2,2.5401792858539955e-06
12000,thullakumārigocaro,2,2.5401792858539955e-06
12001,paṇḍakagocaro,2,2.5401792858539955e-06
12002,bhikkhunigocaro,2,2.5401792858539955e-06
12003,pānāgāragocaro,2,2.5401792858539955e-06
12004,rājūhi,2,2.5401792858539955e-06
12005,rājamahāmattehi,2,2.5401792858539955e-06
12006,titthiyehi,2,2.5401792858539955e-06
12007,titthiyasāvakehi,2,2.5401792858539955e-06
12008,ananulomikena,2,2.5401792858539955e-06
12009,saṁsaggena,2,2.5401792858539955e-06
12010,tathārūpāni,2,2.5401792858539955e-06
12011,aṇumattā,2,2.5401792858539955e-06
12012,vajjā,2,2.5401792858539955e-06
12013,sikkhāpadesū,2,2.5401792858539955e-06
12014,bodhipakkhikā,2,2.5401792858539955e-06
12015,sabbametaṁ,2,2.5401792858539955e-06
12016,bhajatī,2,2.5401792858539955e-06
12017,pabbato,2,2.5401792858539955e-06
12018,suppaṁ,2,2.5401792858539955e-06
12019,cattattā,2,2.5401792858539955e-06
12020,vantattā,2,2.5401792858539955e-06
12021,muttattā,2,2.5401792858539955e-06
12022,pahīnattā,2,2.5401792858539955e-06
12023,paṭinissaṭṭhattā,2,2.5401792858539955e-06
12024,pahīnapaṭinissaṭṭhattā,2,2.5401792858539955e-06
12025,vivaṭā,2,2.5401792858539955e-06
12026,parisuddhā,2,2.5401792858539955e-06
12027,pariyodātā,2,2.5401792858539955e-06
12028,dvidhāpatho,2,2.5401792858539955e-06
12029,dhammehī,2,2.5401792858539955e-06
12030,savicāran,2,2.5401792858539955e-06
12031,vivekajan,2,2.5401792858539955e-06
12032,avicāran,2,2.5401792858539955e-06
12033,samādhijan,2,2.5401792858539955e-06
12034,sampasādo,2,2.5401792858539955e-06
12035,paṭisaṁvedetī,2,2.5401792858539955e-06
12036,ācikkhantī,2,2.5401792858539955e-06
12037,buddhasāvakā,2,2.5401792858539955e-06
12038,adukkhamasukhan,2,2.5401792858539955e-06
12039,upekkhāsatipārisuddhin,2,2.5401792858539955e-06
12040,rūpasaññāyo,2,2.5401792858539955e-06
12041,paṭighasaññāyo,2,2.5401792858539955e-06
12042,samaṅgissa,2,2.5401792858539955e-06
12043,nānattasaññāyo,2,2.5401792858539955e-06
12044,appamāṇārammaṇan,2,2.5401792858539955e-06
12045,paccuppannārammaṇan,2,2.5401792858539955e-06
12046,ajjhattārammaṇan,2,2.5401792858539955e-06
12047,bahiddhārammaṇan,2,2.5401792858539955e-06
12048,ajjhattabahiddhārammaṇan,2,2.5401792858539955e-06
12049,piyaṁ,2,2.5401792858539955e-06
12050,amanāpaṁ,2,2.5401792858539955e-06
12051,jarāmaraṇasamudaye,2,2.5401792858539955e-06
12052,jarāmaraṇanirodhe,2,2.5401792858539955e-06
12053,saḷāyatane,2,2.5401792858539955e-06
12054,nāmarūpe,2,2.5401792858539955e-06
12055,saṅkhārasamudaye,2,2.5401792858539955e-06
12056,saṅkhāranirodhe,2,2.5401792858539955e-06
12057,attho,2,2.5401792858539955e-06
12058,kāmāvacara,2,2.5401792858539955e-06
12059,arūpāvacara,2,2.5401792858539955e-06
12060,lokuttara,2,2.5401792858539955e-06
12061,ñāṇasampayuttesu,2,2.5401792858539955e-06
12062,ekakamātikā,2,2.5401792858539955e-06
12063,yāthāvakavatthuvibhāvanā,2,2.5401792858539955e-06
12064,jāpitatthā,2,2.5401792858539955e-06
12065,upāyakosallaṁ,2,2.5401792858539955e-06
12066,catukkamātikā,2,2.5401792858539955e-06
12067,pañcakamātikā,2,2.5401792858539955e-06
12068,chakkamātikā,2,2.5401792858539955e-06
12069,sattakamātikā,2,2.5401792858539955e-06
12070,aṭṭhakamātikā,2,2.5401792858539955e-06
12071,navakamātikā,2,2.5401792858539955e-06
12072,dasakamātikā,2,2.5401792858539955e-06
12073,tathāgatabalāni,2,2.5401792858539955e-06
12074,anekadhātu,2,2.5401792858539955e-06
12075,nānādhātulokaṁ,2,2.5401792858539955e-06
12076,kappetīti,2,2.5401792858539955e-06
12077,nisajjaṁ,2,2.5401792858539955e-06
12078,paṭṭhapetīti,2,2.5401792858539955e-06
12079,samādiyatīti,2,2.5401792858539955e-06
12080,vuṭṭhātīti,2,2.5401792858539955e-06
12081,dukaniddesa,2,2.5401792858539955e-06
12082,vitakkavippayuttā,2,2.5401792858539955e-06
12083,vicārasampayuttā,2,2.5401792858539955e-06
12084,pītivippayuttā,2,2.5401792858539955e-06
12085,sukhasampayuttā,2,2.5401792858539955e-06
12086,upekkhāsampayuttā,2,2.5401792858539955e-06
12087,rūpāvacarakusalābyākate,2,2.5401792858539955e-06
12088,arūpāvacarakusalābyākate,2,2.5401792858539955e-06
12089,kammāyatanesu,2,2.5401792858539955e-06
12090,sippāyatanesu,2,2.5401792858539955e-06
12091,vijjāṭṭhānesu,2,2.5401792858539955e-06
12092,kammassakataṁ,2,2.5401792858539955e-06
12093,evarūpiṁ,2,2.5401792858539955e-06
12094,anulomikaṁ,2,2.5401792858539955e-06
12095,khantiṁ,2,2.5401792858539955e-06
12096,ruciṁ,2,2.5401792858539955e-06
12097,mudiṁ,2,2.5401792858539955e-06
12098,pekkhaṁ,2,2.5401792858539955e-06
12099,dhammanijjhānakkhantiṁ,2,2.5401792858539955e-06
12100,panime,2,2.5401792858539955e-06
12101,arahattaphale,2,2.5401792858539955e-06
12102,catukkaniddesa,2,2.5401792858539955e-06
12103,anulomikā,2,2.5401792858539955e-06
12104,samaṇā,2,2.5401792858539955e-06
12105,brāhmaṇā,2,2.5401792858539955e-06
12106,abhiññāyo,2,2.5401792858539955e-06
12107,paṭivijjhati,2,2.5401792858539955e-06
12108,ākāsānañcāyatanasahagatā,2,2.5401792858539955e-06
12109,viññāṇañcāyatanasahagatā,2,2.5401792858539955e-06
12110,kicchena,2,2.5401792858539955e-06
12111,akicchena,2,2.5401792858539955e-06
12112,akasirena,2,2.5401792858539955e-06
12113,pañcakaniddesa,2,2.5401792858539955e-06
12114,pītipharaṇatā,2,2.5401792858539955e-06
12115,sukhapharaṇatā,2,2.5401792858539955e-06
12116,cetopharaṇatā,2,2.5401792858539955e-06
12117,ālokapharaṇatā,2,2.5401792858539955e-06
12118,paccavekkhaṇānimittaṁ,2,2.5401792858539955e-06
12119,jhānesu,2,2.5401792858539955e-06
12120,paracitte,2,2.5401792858539955e-06
12121,samādhimhā,2,2.5401792858539955e-06
12122,paccavekkhaṇāñāṇaṁ,2,2.5401792858539955e-06
12123,panāhaṁ,2,2.5401792858539955e-06
12124,chakkaniddesa,2,2.5401792858539955e-06
12125,sattakaniddesa,2,2.5401792858539955e-06
12126,yampissa,2,2.5401792858539955e-06
12127,dhammaṭṭhitiñāṇaṁ,2,2.5401792858539955e-06
12128,nirodhadhammanti,2,2.5401792858539955e-06
12129,aṭṭhakaniddesa,2,2.5401792858539955e-06
12130,navakaniddesa,2,2.5401792858539955e-06
12131,dasakaniddesa,2,2.5401792858539955e-06
12132,niccato,2,2.5401792858539955e-06
12133,sukhato,2,2.5401792858539955e-06
12134,atthato,2,2.5401792858539955e-06
12135,sakkattaṁ,2,2.5401792858539955e-06
12136,mārattaṁ,2,2.5401792858539955e-06
12137,brahmattaṁ,2,2.5401792858539955e-06
12138,kāyaduccaritassa,2,2.5401792858539955e-06
12139,vacīduccaritassa,2,2.5401792858539955e-06
12140,manoduccaritassa,2,2.5401792858539955e-06
12141,kāyasucaritassa,2,2.5401792858539955e-06
12142,vacīsucaritassa,2,2.5401792858539955e-06
12143,manosucaritassa,2,2.5401792858539955e-06
12144,kāyaduccaritasamaṅgī,2,2.5401792858539955e-06
12145,vacīduccaritasamaṅgī,2,2.5401792858539955e-06
12146,manoduccaritasamaṅgī,2,2.5401792858539955e-06
12147,kāyasucaritasamaṅgī,2,2.5401792858539955e-06
12148,vacīsucaritasamaṅgī,2,2.5401792858539955e-06
12149,manosucaritasamaṅgī,2,2.5401792858539955e-06
12150,anekadhātunānādhātulokaṁ,2,2.5401792858539955e-06
12151,āsayo,2,2.5401792858539955e-06
12152,āsevitāni,2,2.5401792858539955e-06
12153,bhāvitāni,2,2.5401792858539955e-06
12154,bahulīkatāni,2,2.5401792858539955e-06
12155,ussadagatāni,2,2.5401792858539955e-06
12156,anāsevitāni,2,2.5401792858539955e-06
12157,abhāvitāni,2,2.5401792858539955e-06
12158,abahulīkatāni,2,2.5401792858539955e-06
12159,anussadagatāni,2,2.5401792858539955e-06
12160,duviññāpayā,2,2.5401792858539955e-06
12161,sampattiṁyeva,2,2.5401792858539955e-06
12162,vipattīti,2,2.5401792858539955e-06
12163,vipattiṁyeva,2,2.5401792858539955e-06
12164,sampattīti,2,2.5401792858539955e-06
12165,evaṁsukhadukkhappaṭisaṁvedī,2,2.5401792858539955e-06
12166,gottamado,2,2.5401792858539955e-06
12167,pāripūrimado,2,2.5401792858539955e-06
12168,cetasovinibandhā,2,2.5401792858539955e-06
12169,maññitāni,2,2.5401792858539955e-06
12170,phanditāni,2,2.5401792858539955e-06
12171,anavaññātaṁ,2,2.5401792858539955e-06
12172,kakkhaḷiyaṁ,2,2.5401792858539955e-06
12173,phārusiyaṁ,2,2.5401792858539955e-06
12174,ujucittatā,2,2.5401792858539955e-06
12175,itarītaracīvarapiṇḍapātasenāsanagilānappaccayabhesajjaparikkhārehi,2,2.5401792858539955e-06
12176,muṭṭhassatī,2,2.5401792858539955e-06
12177,pantesu,2,2.5401792858539955e-06
12178,senāsanesu,2,2.5401792858539955e-06
12179,adhikusalesu,2,2.5401792858539955e-06
12180,aratitā,2,2.5401792858539955e-06
12181,anabhirati,2,2.5401792858539955e-06
12182,anabhiramaṇā,2,2.5401792858539955e-06
12183,ukkaṇṭhitā,2,2.5401792858539955e-06
12184,paritassitā,2,2.5401792858539955e-06
12185,āmisaṁ,2,2.5401792858539955e-06
12186,pariyesanā,2,2.5401792858539955e-06
12187,asākhalyaṁ,2,2.5401792858539955e-06
12188,ajjhattasaṁyojanaṁ,2,2.5401792858539955e-06
12189,nandirāgo,2,2.5401792858539955e-06
12190,kāmadhātupaṭisaṁyutto,2,2.5401792858539955e-06
12191,rūpadhātupaṭisaṁyutto,2,2.5401792858539955e-06
12192,arūpadhātupaṭisaṁyutto,2,2.5401792858539955e-06
12193,ahetu,2,2.5401792858539955e-06
12194,pāṇinā,2,2.5401792858539955e-06
12195,leḍḍunā,2,2.5401792858539955e-06
12196,daṇḍena,2,2.5401792858539955e-06
12197,satthena,2,2.5401792858539955e-06
12198,rajjuyā,2,2.5401792858539955e-06
12199,viheṭheti,2,2.5401792858539955e-06
12200,heṭhanā,2,2.5401792858539955e-06
12201,viheṭhanā,2,2.5401792858539955e-06
12202,hiṁsanā,2,2.5401792858539955e-06
12203,vihiṁsanā,2,2.5401792858539955e-06
12204,rosanā,2,2.5401792858539955e-06
12205,virosanā,2,2.5401792858539955e-06
12206,parūpaghāto,2,2.5401792858539955e-06
12207,itarītaracīvarapiṇḍapātasenāsanagilānapaccayabhesajjaparikkhārehi,2,2.5401792858539955e-06
12208,saddhammo,2,2.5401792858539955e-06
12209,upārambho,2,2.5401792858539955e-06
12210,niccan,2,2.5401792858539955e-06
12211,subhan,2,2.5401792858539955e-06
12212,adiṭṭhe,2,2.5401792858539955e-06
12213,diṭṭhavāditā,2,2.5401792858539955e-06
12214,assute,2,2.5401792858539955e-06
12215,sutavāditā,2,2.5401792858539955e-06
12216,amute,2,2.5401792858539955e-06
12217,mutavāditā,2,2.5401792858539955e-06
12218,aviññāte,2,2.5401792858539955e-06
12219,viññātavāditā,2,2.5401792858539955e-06
12220,adiṭṭhavāditā,2,2.5401792858539955e-06
12221,sute,2,2.5401792858539955e-06
12222,assutavāditā,2,2.5401792858539955e-06
12223,mute,2,2.5401792858539955e-06
12224,amutavāditā,2,2.5401792858539955e-06
12225,viññāte,2,2.5401792858539955e-06
12226,aviññātavāditā,2,2.5401792858539955e-06
12227,duggatibhayaṁ,2,2.5401792858539955e-06
12228,somanassaṭṭhāniyaṁ,2,2.5401792858539955e-06
12229,domanassaṭṭhāniyaṁ,2,2.5401792858539955e-06
12230,upekkhāṭṭhāniyaṁ,2,2.5401792858539955e-06
12231,dibbo,2,2.5401792858539955e-06
12232,karontassa,2,2.5401792858539955e-06
12233,kilamissati,2,2.5401792858539955e-06
12234,gacchantassa,2,2.5401792858539955e-06
12235,appamattako,2,2.5401792858539955e-06
12236,ābādho,2,2.5401792858539955e-06
12237,aciravuṭṭhito,2,2.5401792858539955e-06
12238,gelaññā,2,2.5401792858539955e-06
12239,codakaṁyeva,2,2.5401792858539955e-06
12240,anādiyitvā,2,2.5401792858539955e-06
12241,tumhe,2,2.5401792858539955e-06
12242,nevarūpīnārūpī,2,2.5401792858539955e-06
12243,nevantavā,2,2.5401792858539955e-06
12244,nānantavā,2,2.5401792858539955e-06
12245,asmī,2,2.5401792858539955e-06
12246,ahamasmī,2,2.5401792858539955e-06
12247,ayamahamasmī,2,2.5401792858539955e-06
12248,niccosmi,2,2.5401792858539955e-06
12249,dhuvosmi,2,2.5401792858539955e-06
12250,sassatosmi,2,2.5401792858539955e-06
12251,avipariṇāmadhammosmīti,2,2.5401792858539955e-06
12252,ucchijjissāmi,2,2.5401792858539955e-06
12253,vinassissāmi,2,2.5401792858539955e-06
12254,bhavissāmīti,2,2.5401792858539955e-06
12255,kabaḷīkārāhāro,2,2.5401792858539955e-06
12256,rūpadhātupariyāpannaṁ,2,2.5401792858539955e-06
12257,arūpadhātupariyāpannaṁ,2,2.5401792858539955e-06
12258,aparā,2,2.5401792858539955e-06
12259,napuṁsakānaṁ,2,2.5401792858539955e-06
12260,avīcinirayaṁ,2,2.5401792858539955e-06
12261,khandhadhātuāyatanā,2,2.5401792858539955e-06
12262,sammutidevā,2,2.5401792858539955e-06
12263,upapattidevā,2,2.5401792858539955e-06
12264,visuddhidevā,2,2.5401792858539955e-06
12265,rattiyo,2,2.5401792858539955e-06
12266,cattārīsañca,2,2.5401792858539955e-06
12267,vassakoṭisatāni,2,2.5401792858539955e-06
12268,viññāṇañcāyatanūpagānaṁ,2,2.5401792858539955e-06
12269,ākiñcaññāyatanūpagānaṁ,2,2.5401792858539955e-06
12270,nevasaññānāsaññāyatanūpagānaṁ,2,2.5401792858539955e-06
12271,suto,2,2.5401792858539955e-06
12272,muto,2,2.5401792858539955e-06
12273,viññāto,2,2.5401792858539955e-06
12274,rūpakkhandha,2,2.5401792858539955e-06
12275,asamuppannaṁ,2,2.5401792858539955e-06
12276,anuṭṭhitaṁ,2,2.5401792858539955e-06
12277,asamuṭṭhitaṁ,2,2.5401792858539955e-06
12278,samuppannaṁ,2,2.5401792858539955e-06
12279,uṭṭhitaṁ,2,2.5401792858539955e-06
12280,vedanākkhandha,2,2.5401792858539955e-06
12281,kusalābyākatāhi,2,2.5401792858539955e-06
12282,akusalābyākatāhi,2,2.5401792858539955e-06
12283,kusalākusalāhi,2,2.5401792858539955e-06
12284,saññākkhandha,2,2.5401792858539955e-06
12285,saṅkhārakkhandha,2,2.5401792858539955e-06
12286,kusalābyākatehi,2,2.5401792858539955e-06
12287,akusalābyākatehi,2,2.5401792858539955e-06
12288,kusalākusalehi,2,2.5401792858539955e-06
12289,viññāṇakkhandha,2,2.5401792858539955e-06
12290,tiṁsavidhena,2,2.5401792858539955e-06
12291,visaṁsaṭṭho,2,2.5401792858539955e-06
12292,sukhindriyasampayuttaṁ,2,2.5401792858539955e-06
12293,dukkhindriyasampayuttaṁ,2,2.5401792858539955e-06
12294,somanassindriyasampayuttaṁ,2,2.5401792858539955e-06
12295,domanassindriyasampayuttaṁ,2,2.5401792858539955e-06
12296,upekkhindriyasampayuttaṁ,2,2.5401792858539955e-06
12297,rāgakkhayo,2,2.5401792858539955e-06
12298,dosakkhayo,2,2.5401792858539955e-06
12299,mohakkhayo,2,2.5401792858539955e-06
12300,uppannan,2,2.5401792858539955e-06
12301,anuppannan,2,2.5401792858539955e-06
12302,navāyatanā,2,2.5401792858539955e-06
12303,appaccayaṁ,2,2.5401792858539955e-06
12304,sāsavañcā,2,2.5401792858539955e-06
12305,ganthaniyañcā,2,2.5401792858539955e-06
12306,nīvaraṇiyañcā,2,2.5401792858539955e-06
12307,parāmāsasampayuttan,2,2.5401792858539955e-06
12308,parāmāsavippayuttan,2,2.5401792858539955e-06
12309,upādāniyañcā,2,2.5401792858539955e-06
12310,saṅkilesikañcā,2,2.5401792858539955e-06
12311,maṁsalohitehi,2,2.5401792858539955e-06
12312,okkanti,2,2.5401792858539955e-06
12313,sattanikāyā,2,2.5401792858539955e-06
12314,cuti,2,2.5401792858539955e-06
12315,cavanatā,2,2.5401792858539955e-06
12316,maccu,2,2.5401792858539955e-06
12317,kālakiriyā,2,2.5401792858539955e-06
12318,kaḷevarassa,2,2.5401792858539955e-06
12319,nikkhepo,2,2.5401792858539955e-06
12320,jīvitindriyassupacchedo,2,2.5401792858539955e-06
12321,socanā,2,2.5401792858539955e-06
12322,socitattaṁ,2,2.5401792858539955e-06
12323,antosoko,2,2.5401792858539955e-06
12324,antoparisoko,2,2.5401792858539955e-06
12325,parijjhāyanā,2,2.5401792858539955e-06
12326,sokasallaṁ,2,2.5401792858539955e-06
12327,ādevo,2,2.5401792858539955e-06
12328,ādevanā,2,2.5401792858539955e-06
12329,paridevanā,2,2.5401792858539955e-06
12330,ādevitattaṁ,2,2.5401792858539955e-06
12331,paridevitattaṁ,2,2.5401792858539955e-06
12332,palāpo,2,2.5401792858539955e-06
12333,vippalāpo,2,2.5401792858539955e-06
12334,lālappo,2,2.5401792858539955e-06
12335,lālappanā,2,2.5401792858539955e-06
12336,lālappitattaṁ,2,2.5401792858539955e-06
12337,āyāso,2,2.5401792858539955e-06
12338,āyāsitattaṁ,2,2.5401792858539955e-06
12339,upāyāsitattaṁ,2,2.5401792858539955e-06
12340,aho,2,2.5401792858539955e-06
12341,assāma,2,2.5401792858539955e-06
12342,icchāya,2,2.5401792858539955e-06
12343,pattabbaṁ,2,2.5401792858539955e-06
12344,panesā,2,2.5401792858539955e-06
12345,gandhasaññā,2,2.5401792858539955e-06
12346,rasasaññā,2,2.5401792858539955e-06
12347,dhammasaññā,2,2.5401792858539955e-06
12348,rūpasañcetanā,2,2.5401792858539955e-06
12349,saddasañcetanā,2,2.5401792858539955e-06
12350,gandhasañcetanā,2,2.5401792858539955e-06
12351,rasasañcetanā,2,2.5401792858539955e-06
12352,phoṭṭhabbasañcetanā,2,2.5401792858539955e-06
12353,dhammasañcetanā,2,2.5401792858539955e-06
12354,rūpavitakko,2,2.5401792858539955e-06
12355,saddavitakko,2,2.5401792858539955e-06
12356,gandhavitakko,2,2.5401792858539955e-06
12357,rasavitakko,2,2.5401792858539955e-06
12358,phoṭṭhabbavitakko,2,2.5401792858539955e-06
12359,dhammavitakko,2,2.5401792858539955e-06
12360,rūpavicāro,2,2.5401792858539955e-06
12361,saddavicāro,2,2.5401792858539955e-06
12362,gandhavicāro,2,2.5401792858539955e-06
12363,rasavicāro,2,2.5401792858539955e-06
12364,phoṭṭhabbavicāro,2,2.5401792858539955e-06
12365,dhammavicāro,2,2.5401792858539955e-06
12366,sukhasahagatan,2,2.5401792858539955e-06
12367,upekkhāsahagatan,2,2.5401792858539955e-06
12368,sattarasindriyā,2,2.5401792858539955e-06
12369,paccayacatukkaṁ,2,2.5401792858539955e-06
12370,hetucatukka,2,2.5401792858539955e-06
12371,hetucatukkaṁ,2,2.5401792858539955e-06
12372,sampayuttacatukka,2,2.5401792858539955e-06
12373,sampayuttacatukkaṁ,2,2.5401792858539955e-06
12374,aññamaññacatukka,2,2.5401792858539955e-06
12375,aññamaññacatukkaṁ,2,2.5401792858539955e-06
12376,nāmarūpahetukanti,2,2.5401792858539955e-06
12377,rūpāvacarakusalacitta,2,2.5401792858539955e-06
12378,arūpāvacarakusalacitta,2,2.5401792858539955e-06
12379,lokuttarakusalacitta,2,2.5401792858539955e-06
12380,ahetukakusalavipākacitta,2,2.5401792858539955e-06
12381,kāyaviññāṇacitta,2,2.5401792858539955e-06
12382,kāmāvacaravipākacitta,2,2.5401792858539955e-06
12383,rūpāvacaravipākacitta,2,2.5401792858539955e-06
12384,arūpāvacaravipākacitta,2,2.5401792858539955e-06
12385,lokuttaravipākacitta,2,2.5401792858539955e-06
12386,sotaviññāṇa,2,2.5401792858539955e-06
12387,anupassanāya,2,2.5401792858539955e-06
12388,ātāpena,2,2.5401792858539955e-06
12389,chandiddhipāda,2,2.5401792858539955e-06
12390,chandasamādhi,2,2.5401792858539955e-06
12391,chandena,2,2.5401792858539955e-06
12392,chandasamādhipadhānasaṅkhārasamannāgato,2,2.5401792858539955e-06
12393,vīriyiddhipāda,2,2.5401792858539955e-06
12394,vīriyasamādhipadhānasaṅkhārasamannāgato,2,2.5401792858539955e-06
12395,cittiddhipāda,2,2.5401792858539955e-06
12396,cittasamādhipadhānasaṅkhārasamannāgato,2,2.5401792858539955e-06
12397,vīmaṁsiddhipāda,2,2.5401792858539955e-06
12398,vīmaṁsāsamādhi,2,2.5401792858539955e-06
12399,vīmaṁsāya,2,2.5401792858539955e-06
12400,vīmaṁsāsamādhipadhānasaṅkhārasamannāgato,2,2.5401792858539955e-06
12401,nāmapada,2,2.5401792858539955e-06
12402,kusalanidānā,2,2.5401792858539955e-06
12403,kusalasambhavā,2,2.5401792858539955e-06
12404,kusalappabhavā,2,2.5401792858539955e-06
12405,kusalasamuṭṭhānā,2,2.5401792858539955e-06
12406,kusalāhārā,2,2.5401792858539955e-06
12407,kusalārammaṇā,2,2.5401792858539955e-06
12408,kusalapaccayā,2,2.5401792858539955e-06
12409,kusalasamudayā,2,2.5401792858539955e-06
12410,nidānañca,2,2.5401792858539955e-06
12411,sambhavo,2,2.5401792858539955e-06
12412,pabhavena,2,2.5401792858539955e-06
12413,samuṭṭhānāhārārammaṇā,2,2.5401792858539955e-06
12414,samudayena,2,2.5401792858539955e-06
12415,uddesavāro,2,2.5401792858539955e-06
12416,abyākatamūlakaṁ,2,2.5401792858539955e-06
12417,abyākatamūlamūlakaṁ,2,2.5401792858539955e-06
12418,naveva,2,2.5401792858539955e-06
12419,suddhindriyavāra,2,2.5401792858539955e-06
12420,suddhindriyamūlacakkavāra,2,2.5401792858539955e-06
12421,jīvitanti,2,2.5401792858539955e-06
12422,somanassanti,2,2.5401792858539955e-06
12423,domanassanti,2,2.5401792858539955e-06
12424,vīriyanti,2,2.5401792858539955e-06
12425,aññanti,2,2.5401792858539955e-06
12426,aññātāvīti,2,2.5401792858539955e-06
12427,somanassasampayuttasaddhāvippayuttacittassa,2,2.5401792858539955e-06
12428,somanassasampayuttasaddhāsampayuttacittassa,2,2.5401792858539955e-06
12429,saddhāsampayuttasomanassavippayuttacittassa,2,2.5401792858539955e-06
12430,saddhāsampayuttasomanassasampayuttacittassa,2,2.5401792858539955e-06
12431,somanassasampayuttañāṇavippayuttacittassa,2,2.5401792858539955e-06
12432,somanassasampayuttañāṇasampayuttacittassa,2,2.5401792858539955e-06
12433,ñāṇasampayuttasomanassavippayuttacittassa,2,2.5401792858539955e-06
12434,ñāṇasampayuttasomanassasampayuttacittassa,2,2.5401792858539955e-06
12435,upekkhāsampayuttasaddhāvippayuttacittassa,2,2.5401792858539955e-06
12436,upekkhāsampayuttasaddhāsampayuttacittassa,2,2.5401792858539955e-06
12437,saddhāsampayuttaupekkhāvippayuttacittassa,2,2.5401792858539955e-06
12438,saddhāsampayuttaupekkhāsampayuttacittassa,2,2.5401792858539955e-06
12439,upekkhāsampayuttañāṇavippayuttacittassa,2,2.5401792858539955e-06
12440,upekkhāsampayuttañāṇasampayuttacittassa,2,2.5401792858539955e-06
12441,ñāṇasampayuttaupekkhāvippayuttacittassa,2,2.5401792858539955e-06
12442,ñāṇasampayuttaupekkhāsampayuttacittassa,2,2.5401792858539955e-06
12443,saddhāsampayuttañāṇavippayuttacittassa,2,2.5401792858539955e-06
12444,saddhāsampayuttañāṇasampayuttacittassa,2,2.5401792858539955e-06
12445,somanassavippayuttaupekkhāvippayuttacittassa,2,2.5401792858539955e-06
12446,upekkhāvippayuttasomanassavippayuttacittassa,2,2.5401792858539955e-06
12447,somanassavippayuttasaddhāsampayuttacittassa,2,2.5401792858539955e-06
12448,somanassavippayuttasaddhāvippayuttacittassa,2,2.5401792858539955e-06
12449,saddhāvippayuttasomanassasampayuttacittassa,2,2.5401792858539955e-06
12450,saddhāvippayuttasomanassavippayuttacittassa,2,2.5401792858539955e-06
12451,somanassavippayuttañāṇasampayuttacittassa,2,2.5401792858539955e-06
12452,somanassavippayuttañāṇavippayuttacittassa,2,2.5401792858539955e-06
12453,ñāṇavippayuttasomanassasampayuttacittassa,2,2.5401792858539955e-06
12454,ñāṇavippayuttasomanassavippayuttacittassa,2,2.5401792858539955e-06
12455,upekkhāvippayuttasaddhāsampayuttacittassa,2,2.5401792858539955e-06
12456,upekkhāvippayuttasaddhāvippayuttacittassa,2,2.5401792858539955e-06
12457,saddhāvippayuttaupekkhāsampayuttacittassa,2,2.5401792858539955e-06
12458,saddhāvippayuttaupekkhāvippayuttacittassa,2,2.5401792858539955e-06
12459,upekkhāvippayuttañāṇasampayuttacittassa,2,2.5401792858539955e-06
12460,upekkhāvippayuttañāṇavippayuttacittassa,2,2.5401792858539955e-06
12461,ñāṇavippayuttaupekkhāsampayuttacittassa,2,2.5401792858539955e-06
12462,ñāṇavippayuttaupekkhāvippayuttacittassa,2,2.5401792858539955e-06
12463,ñāṇavippayuttasaddhāsampayuttacittassa,2,2.5401792858539955e-06
12464,ñāṇavippayuttasaddhāvippayuttacittassa,2,2.5401792858539955e-06
12465,sacchākāsi,2,2.5401792858539955e-06
12466,suddhakhandhavāra,2,2.5401792858539955e-06
12467,suddhakhandhamūlacakkavāra,2,2.5401792858539955e-06
12468,suddhāyatanavāra,2,2.5401792858539955e-06
12469,suddhāyatanamūlacakkavāra,2,2.5401792858539955e-06
12470,saddāyatananti,2,2.5401792858539955e-06
12471,phoṭṭhabboti,2,2.5401792858539955e-06
12472,yassakasadisaṁ,2,2.5401792858539955e-06
12473,paccuppannātītepi,2,2.5401792858539955e-06
12474,yatthakānaṁ,2,2.5401792858539955e-06
12475,āyatanayamake,2,2.5401792858539955e-06
12476,suddhadhātuvāra,2,2.5401792858539955e-06
12477,suddhadhātumūlacakkavāra,2,2.5401792858539955e-06
12478,ghānadhātūti,2,2.5401792858539955e-06
12479,kāyadhātuṁ,2,2.5401792858539955e-06
12480,ghānasadiso,2,2.5401792858539955e-06
12481,gandhadhātūti,2,2.5401792858539955e-06
12482,rasadhātūti,2,2.5401792858539955e-06
12483,manodhātuṁ,2,2.5401792858539955e-06
12484,suddhasaccavāra,2,2.5401792858539955e-06
12485,suddhasaccamūlacakkavāra,2,2.5401792858539955e-06
12486,samudayañca,2,2.5401792858539955e-06
12487,avasese,2,2.5401792858539955e-06
12488,yassayatthakepi,2,2.5401792858539955e-06
12489,suddhasaṅkhāravāra,2,2.5401792858539955e-06
12490,vacīti,2,2.5401792858539955e-06
12491,pariññāvāraṁ,2,2.5401792858539955e-06
12492,anusayavāre,2,2.5401792858539955e-06
12493,sānusayavāre,2,2.5401792858539955e-06
12494,pajahanavāre,2,2.5401792858539955e-06
12495,pariññāvāre,2,2.5401792858539955e-06
12496,pahīnavāre,2,2.5401792858539955e-06
12497,kāmadhātumūlakaṁ,2,2.5401792858539955e-06
12498,rūpadhātumūlakaṁ,2,2.5401792858539955e-06
12499,arūpadhātumūlakaṁ,2,2.5401792858539955e-06
12500,nakāmadhātumūlakaṁ,2,2.5401792858539955e-06
12501,narūpadhātumūlakaṁ,2,2.5401792858539955e-06
12502,naarūpadhātumūlakaṁ,2,2.5401792858539955e-06
12503,nakāmanaarūpadhātumūlakaṁ,2,2.5401792858539955e-06
12504,narūpanaarūpadhātumūlakaṁ,2,2.5401792858539955e-06
12505,nakāmanarūpadhātumūlakaṁ,2,2.5401792858539955e-06
12506,suddhacittasāmañña,2,2.5401792858539955e-06
12507,puggalavāra,2,2.5401792858539955e-06
12508,puggaladhammavāra,2,2.5401792858539955e-06
12509,suttantacittamissakavisesa,2,2.5401792858539955e-06
12510,abhidhammacittamissakavisesa,2,2.5401792858539955e-06
12511,saraṇaaraṇā,2,2.5401792858539955e-06
12512,nirujjhamānañca,2,2.5401792858539955e-06
12513,uppannañca,2,2.5401792858539955e-06
12514,niddiṭṭhe,2,2.5401792858539955e-06
12515,suddhadhammavāra,2,2.5401792858539955e-06
12516,suddhadhammamūlacakkavāra,2,2.5401792858539955e-06
12517,sahetukāpi,1,1.2700896429269978e-06
12518,ahetukāpi,1,1.2700896429269978e-06
12519,sāsavāpi,1,1.2700896429269978e-06
12520,anāsavāpi,1,1.2700896429269978e-06
12521,saññojaniyāpi,1,1.2700896429269978e-06
12522,asaññojaniyāpi,1,1.2700896429269978e-06
12523,ganthaniyāpi,1,1.2700896429269978e-06
12524,aganthaniyāpi,1,1.2700896429269978e-06
12525,oghaduka,1,1.2700896429269978e-06
12526,oghaniyaduka,1,1.2700896429269978e-06
12527,oghasampayuttaduka,1,1.2700896429269978e-06
12528,oghaoghaniyaduka,1,1.2700896429269978e-06
12529,oghaoghasampayuttaduka,1,1.2700896429269978e-06
12530,oghavippayuttaoghaniyaduka,1,1.2700896429269978e-06
12531,oghaniyāpi,1,1.2700896429269978e-06
12532,anoghaniyāpi,1,1.2700896429269978e-06
12533,oghagocchakaṁ,1,1.2700896429269978e-06
12534,yogaduka,1,1.2700896429269978e-06
12535,yoganiyaduka,1,1.2700896429269978e-06
12536,yogasampayuttaduka,1,1.2700896429269978e-06
12537,yogayoganiyaduka,1,1.2700896429269978e-06
12538,yogayogasampayuttaduka,1,1.2700896429269978e-06
12539,yogavippayuttayoganiyaduka,1,1.2700896429269978e-06
12540,yoganiyāpi,1,1.2700896429269978e-06
12541,ayoganiyāpi,1,1.2700896429269978e-06
12542,yogagocchakaṁ,1,1.2700896429269978e-06
12543,nīvaraṇiyāpi,1,1.2700896429269978e-06
12544,anīvaraṇiyāpi,1,1.2700896429269978e-06
12545,parāmaṭṭhāpi,1,1.2700896429269978e-06
12546,aparāmaṭṭhāpi,1,1.2700896429269978e-06
12547,upādāniyāpi,1,1.2700896429269978e-06
12548,anupādāniyāpi,1,1.2700896429269978e-06
12549,saṅkilesikāpi,1,1.2700896429269978e-06
12550,asaṅkilesikāpi,1,1.2700896429269978e-06
12551,abhidhammadukamātikā,1,1.2700896429269978e-06
12552,soraccañca,1,1.2700896429269978e-06
12553,sākhalyañca,1,1.2700896429269978e-06
12554,indriyesuaguttadvāratā,1,1.2700896429269978e-06
12555,muṭṭhasaccañca,1,1.2700896429269978e-06
12556,sampajaññañca,1,1.2700896429269978e-06
12557,paṭisaṅkhānabalañca,1,1.2700896429269978e-06
12558,bhāvanābalañca,1,1.2700896429269978e-06
12559,samathanimittañca,1,1.2700896429269978e-06
12560,paggāhanimittañca,1,1.2700896429269978e-06
12561,diṭṭhivisuddhikhopana,1,1.2700896429269978e-06
12562,saṁvejaniyesu,1,1.2700896429269978e-06
12563,padhānasmiṁ,1,1.2700896429269978e-06
12564,khayeñāṇaṁ,1,1.2700896429269978e-06
12565,ahetukakiriyāabyākata,1,1.2700896429269978e-06
12566,kiriyāmanoviññāṇadhātusomanassasahagata,1,1.2700896429269978e-06
12567,kiriyāmanoviññāṇadhātuupekkhāsahagata,1,1.2700896429269978e-06
12568,sahetukakāmāvacarakiriyā,1,1.2700896429269978e-06
12569,kāmāvacarakiriyā,1,1.2700896429269978e-06
12570,cittuppādakaṇḍaṁ,1,1.2700896429269978e-06
12571,padabhājanī,1,1.2700896429269978e-06
12572,padabhājanīyaṁ,1,1.2700896429269978e-06
12573,koṭṭhāsavāra,1,1.2700896429269978e-06
12574,koṭṭhāsavāro,1,1.2700896429269978e-06
12575,suññatavāra,1,1.2700896429269978e-06
12576,suññatavāro,1,1.2700896429269978e-06
12577,kāmāvacaramahākusalacittāni,1,1.2700896429269978e-06
12578,catukkanaya,1,1.2700896429269978e-06
12579,catukkanayo,1,1.2700896429269978e-06
12580,pañcakanaya,1,1.2700896429269978e-06
12581,pañcakanayo,1,1.2700896429269978e-06
12582,nīlāni,1,1.2700896429269978e-06
12583,nīlavaṇṇāni,1,1.2700896429269978e-06
12584,nīlanidassanāni,1,1.2700896429269978e-06
12585,nīlanibhāsāni,1,1.2700896429269978e-06
12586,pītāni,1,1.2700896429269978e-06
12587,pītavaṇṇāni,1,1.2700896429269978e-06
12588,pītanidassanāni,1,1.2700896429269978e-06
12589,pītanibhāsāni,1,1.2700896429269978e-06
12590,lohitakāni,1,1.2700896429269978e-06
12591,lohitakavaṇṇāni,1,1.2700896429269978e-06
12592,lohitakanidassanāni,1,1.2700896429269978e-06
12593,lohitakanibhāsāni,1,1.2700896429269978e-06
12594,odātavaṇṇāni,1,1.2700896429269978e-06
12595,odātanidassanāni,1,1.2700896429269978e-06
12596,odātanibhāsāni,1,1.2700896429269978e-06
12597,uddhumātakasaññāsahagataṁ,1,1.2700896429269978e-06
12598,vinīlakasaññāsahagataṁ,1,1.2700896429269978e-06
12599,vipubbakasaññāsahagataṁ,1,1.2700896429269978e-06
12600,vicchiddakasaññāsahagataṁ,1,1.2700896429269978e-06
12601,vikkhāyitakasaññāsahagataṁ,1,1.2700896429269978e-06
12602,vikkhittakasaññāsahagataṁ,1,1.2700896429269978e-06
12603,hatavikkhittakasaññāsahagataṁ,1,1.2700896429269978e-06
12604,lohitakasaññāsahagataṁ,1,1.2700896429269978e-06
12605,puḷavakasaññāsahagataṁ,1,1.2700896429269978e-06
12606,aṭṭhikasaññāsahagataṁ,1,1.2700896429269978e-06
12607,tebhūmakakusala,1,1.2700896429269978e-06
12608,suññata,1,1.2700896429269978e-06
12609,appaṇihita,1,1.2700896429269978e-06
12610,akusala,1,1.2700896429269978e-06
12611,apaccavekkhanā,1,1.2700896429269978e-06
12612,duvaṅgiko,1,1.2700896429269978e-06
12613,akusalacittāni,1,1.2700896429269978e-06
12614,abyākatavipāka,1,1.2700896429269978e-06
12615,kusalavipākapañcaviññāṇa,1,1.2700896429269978e-06
12616,tajjācakkhuviññāṇadhātusamphassajaṁ,1,1.2700896429269978e-06
12617,kusalavipākāni,1,1.2700896429269978e-06
12618,pañcaviññāṇāni,1,1.2700896429269978e-06
12619,kusalavipākamanodhātu,1,1.2700896429269978e-06
12620,tajjāmanodhātusamphassajaṁ,1,1.2700896429269978e-06
12621,kusalavipākamanoviññāṇadhātusomanassasahagata,1,1.2700896429269978e-06
12622,kusalavipākamanoviññāṇadhātuupekkhāsahagata,1,1.2700896429269978e-06
12623,aṭṭhamahāvipāka,1,1.2700896429269978e-06
12624,aṭṭhamahāvipākā,1,1.2700896429269978e-06
12625,rūpāvacaravipākā,1,1.2700896429269978e-06
12626,arūpāvacaravipākā,1,1.2700896429269978e-06
12627,paṭhamamaggavipāka,1,1.2700896429269978e-06
12628,suddhikasuññata,1,1.2700896429269978e-06
12629,suddhikasuññataṁ,1,1.2700896429269978e-06
12630,suddhikaappaṇihita,1,1.2700896429269978e-06
12631,suddhikaappaṇihitaṁ,1,1.2700896429269978e-06
12632,chandādhipateyyasuddhikasuññata,1,1.2700896429269978e-06
12633,chandādhipateyyasuddhikasuññatā,1,1.2700896429269978e-06
12634,paṭhamamaggavipāko,1,1.2700896429269978e-06
12635,dutiyādimaggavipāka,1,1.2700896429269978e-06
12636,dutiyādimaggavipāko,1,1.2700896429269978e-06
12637,lokuttaravipāko,1,1.2700896429269978e-06
12638,akusalavipākaabyākata,1,1.2700896429269978e-06
12639,akusalavipākapañcaviññāṇa,1,1.2700896429269978e-06
12640,akusalavipākapañcaviññāṇāni,1,1.2700896429269978e-06
12641,akusalavipākamanodhātu,1,1.2700896429269978e-06
12642,akusalavipākamanoviññāṇadhātu,1,1.2700896429269978e-06
12643,ekaka,1,1.2700896429269978e-06
12644,pakiṇṇakadukaṁ,1,1.2700896429269978e-06
12645,rūpameva,1,1.2700896429269978e-06
12646,saññojaniyameva,1,1.2700896429269978e-06
12647,anārammaṇameva,1,1.2700896429269978e-06
12648,cittavippayuttameva,1,1.2700896429269978e-06
12649,nevavipākanavipākadhammadhammameva,1,1.2700896429269978e-06
12650,sukhasahagatameva,1,1.2700896429269978e-06
12651,upekkhāsahagatameva,1,1.2700896429269978e-06
12652,apacayagāmimeva,1,1.2700896429269978e-06
12653,viññeyyameva,1,1.2700896429269978e-06
12654,dukaniddesaupādābhājanīya,1,1.2700896429269978e-06
12655,upādābhājanīyaṁ,1,1.2700896429269978e-06
12656,kharagataṁ,1,1.2700896429269978e-06
12657,manāpiyo,1,1.2700896429269978e-06
12658,sukhasamphasso,1,1.2700896429269978e-06
12659,amanāpiyo,1,1.2700896429269978e-06
12660,bhāṇavāro,1,1.2700896429269978e-06
12661,rūpakaṇḍaṁ,1,1.2700896429269978e-06
12662,tikanikkhepa,1,1.2700896429269978e-06
12663,dukkhabhūmiyaṁ,1,1.2700896429269978e-06
12664,adukkhamasukhabhūmiyaṁ,1,1.2700896429269978e-06
12665,avitakkavicāramattabhūmiyaṁ,1,1.2700896429269978e-06
12666,vedanāvantaṁ,1,1.2700896429269978e-06
12667,saññāvantaṁ,1,1.2700896429269978e-06
12668,saṅkhāravantaṁ,1,1.2700896429269978e-06
12669,micchādiṭṭhiniyatā,1,1.2700896429269978e-06
12670,maggahetū,1,1.2700896429269978e-06
12671,bhāvayantassa,1,1.2700896429269978e-06
12672,vīmaṁsaṁ,1,1.2700896429269978e-06
12673,uppannaṁsena,1,1.2700896429269978e-06
12674,anuppannaṁsena,1,1.2700896429269978e-06
12675,avipakkavipākānaṁ,1,1.2700896429269978e-06
12676,tadubhayaṁ,1,1.2700896429269978e-06
12677,dukanikkhepa,1,1.2700896429269978e-06
12678,anuddā,1,1.2700896429269978e-06
12679,anuddāyanā,1,1.2700896429269978e-06
12680,anudāyitattaṁ,1,1.2700896429269978e-06
12681,hitesitā,1,1.2700896429269978e-06
12682,yeva,1,1.2700896429269978e-06
12683,teyeva,1,1.2700896429269978e-06
12684,kāmāsavena,1,1.2700896429269978e-06
12685,bhavāsavena,1,1.2700896429269978e-06
12686,diṭṭhāsavena,1,1.2700896429269978e-06
12687,kāmarāgasaññojanena,1,1.2700896429269978e-06
12688,paṭighasaññojanena,1,1.2700896429269978e-06
12689,mānasaññojanena,1,1.2700896429269978e-06
12690,diṭṭhisaññojanena,1,1.2700896429269978e-06
12691,vicikicchāsaññojanena,1,1.2700896429269978e-06
12692,sīlabbataparāmāsasaññojanena,1,1.2700896429269978e-06
12693,bhavarāgasaññojanena,1,1.2700896429269978e-06
12694,issāsaññojanena,1,1.2700896429269978e-06
12695,macchariyasaññojanena,1,1.2700896429269978e-06
12696,saccābhiniveso,1,1.2700896429269978e-06
12697,sīlabbataparāmāsena,1,1.2700896429269978e-06
12698,idaṁsaccābhinivesena,1,1.2700896429269978e-06
12699,supanā,1,1.2700896429269978e-06
12700,supitattaṁ,1,1.2700896429269978e-06
12701,diṭṭhupādānena,1,1.2700896429269978e-06
12702,sīlabbatupādānena,1,1.2700896429269978e-06
12703,attavādupādānena,1,1.2700896429269978e-06
12704,ahirīkaṁ,1,1.2700896429269978e-06
12705,savitakkabhūmiyaṁ,1,1.2700896429269978e-06
12706,avitakkabhūmiyaṁ,1,1.2700896429269978e-06
12707,savicārabhūmiyaṁ,1,1.2700896429269978e-06
12708,avicārabhūmiyaṁ,1,1.2700896429269978e-06
12709,sappītikabhūmiyaṁ,1,1.2700896429269978e-06
12710,appītikabhūmiyaṁ,1,1.2700896429269978e-06
12711,avicinirayaṁ,1,1.2700896429269978e-06
12712,khandhadhātu,1,1.2700896429269978e-06
12713,ākāsānañcāyatanupage,1,1.2700896429269978e-06
12714,nevasaññānāsaññāyatanupage,1,1.2700896429269978e-06
12715,abhidhammadukaṁ,1,1.2700896429269978e-06
12716,suttantikadukanikkhepa,1,1.2700896429269978e-06
12717,vijjāya,1,1.2700896429269978e-06
12718,heṭṭhimesu,1,1.2700896429269978e-06
12719,ariyamaggesu,1,1.2700896429269978e-06
12720,upariṭṭhime,1,1.2700896429269978e-06
12721,kāyasucaritaṁ,1,1.2700896429269978e-06
12722,vacīsucaritaṁ,1,1.2700896429269978e-06
12723,manosucaritaṁ,1,1.2700896429269978e-06
12724,appaṭissavatā,1,1.2700896429269978e-06
12725,appaṭikūlaggāhitā,1,1.2700896429269978e-06
12726,sādaratā,1,1.2700896429269978e-06
12727,sappaṭissavatā,1,1.2700896429269978e-06
12728,āpattīnaṁ,1,1.2700896429269978e-06
12729,āpattīhi,1,1.2700896429269978e-06
12730,aṭṭhānanti,1,1.2700896429269978e-06
12731,ajjavatā,1,1.2700896429269978e-06
12732,nīcacittatā,1,1.2700896429269978e-06
12733,khamanatā,1,1.2700896429269978e-06
12734,adhivāsanatā,1,1.2700896429269978e-06
12735,acaṇḍikkaṁ,1,1.2700896429269978e-06
12736,anasuropo,1,1.2700896429269978e-06
12737,aṇḍakā,1,1.2700896429269978e-06
12738,neḷā,1,1.2700896429269978e-06
12739,saṇhavācatā,1,1.2700896429269978e-06
12740,sakhilavācatā,1,1.2700896429269978e-06
12741,apharusavācatā,1,1.2700896429269978e-06
12742,paṭisanthārako,1,1.2700896429269978e-06
12743,asaraṇatā,1,1.2700896429269978e-06
12744,saccānulomikañāṇaṁ,1,1.2700896429269978e-06
12745,panā,1,1.2700896429269978e-06
12746,saṁvejaniyaṁ,1,1.2700896429269978e-06
12747,byādhi,1,1.2700896429269978e-06
12748,padhānasmin,1,1.2700896429269978e-06
12749,sakkaccakiriyatā,1,1.2700896429269978e-06
12750,sātaccakiriyatā,1,1.2700896429269978e-06
12751,aṭṭhitakiriyatā,1,1.2700896429269978e-06
12752,anolīnavuttitā,1,1.2700896429269978e-06
12753,vimuttī,1,1.2700896429269978e-06
12754,vimuttiyo,1,1.2700896429269978e-06
12755,nikkhepakaṇḍo,1,1.2700896429269978e-06
12756,tikaatthuddhāra,1,1.2700896429269978e-06
12757,dvādasākusalacittuppādā,1,1.2700896429269978e-06
12758,rūpāvacarapañcakanaye,1,1.2700896429269978e-06
12759,lokuttarapañcakanaye,1,1.2700896429269978e-06
12760,pañcakanaye,1,1.2700896429269978e-06
12761,vitakkasahajāto,1,1.2700896429269978e-06
12762,savitakkasavicārotipi,1,1.2700896429269978e-06
12763,avitakkavicāramattotipi,1,1.2700896429269978e-06
12764,avitakkaavicārotipi,1,1.2700896429269978e-06
12765,pītisahagatanti,1,1.2700896429269978e-06
12766,dukkhasahagatakāyaviññāṇaṁ,1,1.2700896429269978e-06
12767,pītisahagatātipi,1,1.2700896429269978e-06
12768,sukhasahagatātipi,1,1.2700896429269978e-06
12769,upekkhāsahagatātipi,1,1.2700896429269978e-06
12770,ariyamaggā,1,1.2700896429269978e-06
12771,maggādhipatinoti,1,1.2700896429269978e-06
12772,rūpāvacaracatutthaṁ,1,1.2700896429269978e-06
12773,maggārammaṇāti,1,1.2700896429269978e-06
12774,uppannantipi,1,1.2700896429269978e-06
12775,anuppannantipi,1,1.2700896429269978e-06
12776,uppādinotipi,1,1.2700896429269978e-06
12777,atītantipi,1,1.2700896429269978e-06
12778,anāgatantipi,1,1.2700896429269978e-06
12779,paccuppannantipi,1,1.2700896429269978e-06
12780,niyogā,1,1.2700896429269978e-06
12781,ajjhattārammaṇantipi,1,1.2700896429269978e-06
12782,bahiddhārammaṇantipi,1,1.2700896429269978e-06
12783,ajjhattabahiddhārammaṇantipi,1,1.2700896429269978e-06
12784,dukaatthuddhāra,1,1.2700896429269978e-06
12785,sahetukātipi,1,1.2700896429269978e-06
12786,ahetukātipi,1,1.2700896429269978e-06
12787,sāsavātipi,1,1.2700896429269978e-06
12788,anāsavātipi,1,1.2700896429269978e-06
12789,issāsaññojanañca,1,1.2700896429269978e-06
12790,macchariyasaññojanañca,1,1.2700896429269978e-06
12791,saññojaniyātipi,1,1.2700896429269978e-06
12792,asaññojaniyātipi,1,1.2700896429269978e-06
12793,ganthaniyātipi,1,1.2700896429269978e-06
12794,aganthaniyātipi,1,1.2700896429269978e-06
12795,uddhaccasahagatesu,1,1.2700896429269978e-06
12796,nīvaraṇiyātipi,1,1.2700896429269978e-06
12797,anīvaraṇiyātipi,1,1.2700896429269978e-06
12798,parāmāsasampayuttotipi,1,1.2700896429269978e-06
12799,parāmāsavippayuttotipi,1,1.2700896429269978e-06
12800,parāmāsātipi,1,1.2700896429269978e-06
12801,parāmaṭṭhātipi,1,1.2700896429269978e-06
12802,aparāmaṭṭhātipi,1,1.2700896429269978e-06
12803,diṭṭhigatasampayuttalobhasahagatacittuppādā,1,1.2700896429269978e-06
12804,upādāniyātipi,1,1.2700896429269978e-06
12805,anupādāniyātipi,1,1.2700896429269978e-06
12806,saṅkilesikātipi,1,1.2700896429269978e-06
12807,asaṅkilesikātipi,1,1.2700896429269978e-06
12808,rūpāvacaraekakadukajjhānā,1,1.2700896429269978e-06
12809,lokuttaraekakadukajjhānā,1,1.2700896429269978e-06
12810,rūpāvacaracatukkapañcakajjhānā,1,1.2700896429269978e-06
12811,atthuddhāro,1,1.2700896429269978e-06
12812,dhammasaṅgaṇīpakaraṇaṁ,1,1.2700896429269978e-06
12813,nayamātikā,1,1.2700896429269978e-06
12814,abbhantaramātikā,1,1.2700896429269978e-06
12815,nayamukhamātikā,1,1.2700896429269978e-06
12816,lakkhaṇamātikā,1,1.2700896429269978e-06
12817,sabhāgo,1,1.2700896429269978e-06
12818,visabhāgo,1,1.2700896429269978e-06
12819,bāhiramātikā,1,1.2700896429269978e-06
12820,dhātukathāya,1,1.2700896429269978e-06
12821,mātikāti,1,1.2700896429269978e-06
12822,dasamanaya,1,1.2700896429269978e-06
12823,vippayuttenavippayuttapadaniddesa,1,1.2700896429269978e-06
12824,avitakkehi,1,1.2700896429269978e-06
12825,avicārehi,1,1.2700896429269978e-06
12826,ekādasamanaya,1,1.2700896429269978e-06
12827,saṅgahitenasampayuttavippayuttapadaniddesa,1,1.2700896429269978e-06
12828,dvādasamanaya,1,1.2700896429269978e-06
12829,sampayuttenasaṅgahitāsaṅgahitapadaniddesa,1,1.2700896429269978e-06
12830,piṭṭhidukesu,1,1.2700896429269978e-06
12831,saṅgahitāsaṅgahitapadaniddeso,1,1.2700896429269978e-06
12832,dvādasamo,1,1.2700896429269978e-06
12833,terasamanaya,1,1.2700896429269978e-06
12834,asaṅgahitenasampayuttavippayuttapadaniddesa,1,1.2700896429269978e-06
12835,asaṁyojaniyehi,1,1.2700896429269978e-06
12836,aganthaniyehi,1,1.2700896429269978e-06
12837,anoghaniyehi,1,1.2700896429269978e-06
12838,ayoganiyehi,1,1.2700896429269978e-06
12839,anīvaraṇiyehi,1,1.2700896429269978e-06
12840,upādānavippayuttehi,1,1.2700896429269978e-06
12841,jātijarā,1,1.2700896429269978e-06
12842,samuṭṭhānasahabhu,1,1.2700896429269978e-06
12843,subuddhoti,1,1.2700896429269978e-06
12844,cuddasamanaya,1,1.2700896429269978e-06
12845,vippayuttenasaṅgahitāsaṅgahitapadaniddesa,1,1.2700896429269978e-06
12846,khandhādi,1,1.2700896429269978e-06
12847,dukkhasaccena,1,1.2700896429269978e-06
12848,upapattibhavena,1,1.2700896429269978e-06
12849,saññābhavena,1,1.2700896429269978e-06
12850,pañcavokārabhavena,1,1.2700896429269978e-06
12851,phassādisattaka,1,1.2700896429269978e-06
12852,upādinnupādāniyehi,1,1.2700896429269978e-06
12853,asaṅkiliṭṭhasaṅkilesikehi,1,1.2700896429269978e-06
12854,nevācayagāmināpacayagāmīhi,1,1.2700896429269978e-06
12855,nevasekkhanāsekkhehi,1,1.2700896429269978e-06
12856,parittehi,1,1.2700896429269978e-06
12857,majjhimehi,1,1.2700896429269978e-06
12858,uppannehi,1,1.2700896429269978e-06
12859,uppādīhi,1,1.2700896429269978e-06
12860,ajjhattehi,1,1.2700896429269978e-06
12861,bahiddhāhi,1,1.2700896429269978e-06
12862,ahetukehi,1,1.2700896429269978e-06
12863,hetuvippayuttehi,1,1.2700896429269978e-06
12864,hetuahetukehi,1,1.2700896429269978e-06
12865,lokiyehi,1,1.2700896429269978e-06
12866,upādinnehi,1,1.2700896429269978e-06
12867,pariyāpannehi,1,1.2700896429269978e-06
12868,sauttarehi,1,1.2700896429269978e-06
12869,aniyyānikehi,1,1.2700896429269978e-06
12870,vippayuttenasaṅgahitāsaṅgahitapadaniddeso,1,1.2700896429269978e-06
12871,dhātukathāpakaraṇaṁ,1,1.2700896429269978e-06
12872,paṭhamanaya,1,1.2700896429269978e-06
12873,saṅgahāsaṅgahapadaniddesa,1,1.2700896429269978e-06
12874,dvādasāyatanehi,1,1.2700896429269978e-06
12875,dvādasakaṁ,1,1.2700896429269978e-06
12876,aṭṭhārasakaṁ,1,1.2700896429269978e-06
12877,sacca,1,1.2700896429269978e-06
12878,paṭiccasamuppādādi,1,1.2700896429269978e-06
12879,dassanenapahātabbahetukattikādi,1,1.2700896429269978e-06
12880,atītārammaṇattikādi,1,1.2700896429269978e-06
12881,saṅgahāsaṅgahapadaniddeso,1,1.2700896429269978e-06
12882,dutiyanaya,1,1.2700896429269978e-06
12883,saṅgahitenaasaṅgahitapadaniddesa,1,1.2700896429269978e-06
12884,sotindriyena,1,1.2700896429269978e-06
12885,ghānindriyena,1,1.2700896429269978e-06
12886,jivhindriyena,1,1.2700896429269978e-06
12887,punadeva,1,1.2700896429269978e-06
12888,upādāti,1,1.2700896429269978e-06
12889,tatiyanaya,1,1.2700896429269978e-06
12890,asaṅgahitenasaṅgahitapadaniddesa,1,1.2700896429269978e-06
12891,paccayākāre,1,1.2700896429269978e-06
12892,cuddasūpari,1,1.2700896429269978e-06
12893,samatiṁsa,1,1.2700896429269978e-06
12894,dasasvatha,1,1.2700896429269978e-06
12895,duve,1,1.2700896429269978e-06
12896,cūḷantaradukā,1,1.2700896429269978e-06
12897,mahantarāti,1,1.2700896429269978e-06
12898,catutthanaya,1,1.2700896429269978e-06
12899,saṅgahitenasaṅgahitapadaniddesa,1,1.2700896429269978e-06
12900,pañcamanaya,1,1.2700896429269978e-06
12901,asaṅgahitenaasaṅgahitapadaniddesa,1,1.2700896429269978e-06
12902,saḷāyatanena,1,1.2700896429269978e-06
12903,ajjhattikehi,1,1.2700896429269978e-06
12904,samuṭṭhāna,1,1.2700896429269978e-06
12905,sahabhu,1,1.2700896429269978e-06
12906,subuddho,1,1.2700896429269978e-06
12907,chaṭṭhanaya,1,1.2700896429269978e-06
12908,sampayogavippayogapadaniddesa,1,1.2700896429269978e-06
12909,sampayogavippayogapadaniddeso,1,1.2700896429269978e-06
12910,sattamanaya,1,1.2700896429269978e-06
12911,sampayuttenavippayuttapadaniddesa,1,1.2700896429269978e-06
12912,mekaṁ,1,1.2700896429269978e-06
12913,dhātūsu,1,1.2700896429269978e-06
12914,tathariva,1,1.2700896429269978e-06
12915,phassapañcamā,1,1.2700896429269978e-06
12916,sattantarā,1,1.2700896429269978e-06
12917,yuttā,1,1.2700896429269978e-06
12918,vitakkavicāraṇā,1,1.2700896429269978e-06
12919,upekkhakāya,1,1.2700896429269978e-06
12920,aṭṭhamanaya,1,1.2700896429269978e-06
12921,vippayuttenasampayuttapadaniddesa,1,1.2700896429269978e-06
12922,navamanaya,1,1.2700896429269978e-06
12923,sampayuttenasampayuttapadaniddesa,1,1.2700896429269978e-06
12924,piṭṭhi,1,1.2700896429269978e-06
12925,dukesu,1,1.2700896429269978e-06
12926,upalabbho,1,1.2700896429269978e-06
12927,parihāni,1,1.2700896429269978e-06
12928,pariññā,1,1.2700896429269978e-06
12929,kāmarāgappahānaṁ,1,1.2700896429269978e-06
12930,sabbatthivādo,1,1.2700896429269978e-06
12931,atītānāgato,1,1.2700896429269978e-06
12932,subhaṅgo,1,1.2700896429269978e-06
12933,mahāvaggo,1,1.2700896429269978e-06
12934,anulomapañcakaṁ,1,1.2700896429269978e-06
12935,paccanīkapañcakaṁ,1,1.2700896429269978e-06
12936,okāsasaccikaṭṭha,1,1.2700896429269978e-06
12937,kālasaccikaṭṭha,1,1.2700896429269978e-06
12938,avayavasaccikaṭṭha,1,1.2700896429269978e-06
12939,aṭṭhakaniggaho,1,1.2700896429269978e-06
12940,suddhikasaṁsandana,1,1.2700896429269978e-06
12941,suddhikasaṁsandanā,1,1.2700896429269978e-06
12942,opammasaṁsandana,1,1.2700896429269978e-06
12943,opammasaṁsandanaṁ,1,1.2700896429269978e-06
12944,catukkanayasaṁsandana,1,1.2700896429269978e-06
12945,catukkanayasaṁsandanaṁ,1,1.2700896429269978e-06
12946,lakkhaṇayutti,1,1.2700896429269978e-06
12947,lakkhaṇayuttikathā,1,1.2700896429269978e-06
12948,saccikaṭṭhoti,1,1.2700896429269978e-06
12949,vijjamānoti,1,1.2700896429269978e-06
12950,saṁvijjamānoti,1,1.2700896429269978e-06
12951,vacanasodhanaṁ,1,1.2700896429269978e-06
12952,paññattānuyoga,1,1.2700896429269978e-06
12953,paññattānuyogo,1,1.2700896429269978e-06
12954,gatianuyoga,1,1.2700896429269978e-06
12955,sa,1,1.2700896429269978e-06
12956,sattakkhattuparamaṁ,1,1.2700896429269978e-06
12957,sandhāvitvāna,1,1.2700896429269978e-06
12958,sabbasaṁyojanakkhayā,1,1.2700896429269978e-06
12959,anamataggoyaṁ,1,1.2700896429269978e-06
12960,pubbakoṭi,1,1.2700896429269978e-06
12961,avijjānīvaraṇānaṁ,1,1.2700896429269978e-06
12962,taṇhāsaṁyojanānaṁ,1,1.2700896429269978e-06
12963,sandhāvataṁ,1,1.2700896429269978e-06
12964,saṁsaratan,1,1.2700896429269978e-06
12965,yakkho,1,1.2700896429269978e-06
12966,peto,1,1.2700896429269978e-06
12967,tiracchānagato,1,1.2700896429269978e-06
12968,suddoti,1,1.2700896429269978e-06
12969,khattiyoti,1,1.2700896429269978e-06
12970,vessoti,1,1.2700896429269978e-06
12971,savedano,1,1.2700896429269978e-06
12972,sasañño,1,1.2700896429269978e-06
12973,sasaṅkhāro,1,1.2700896429269978e-06
12974,avedano,1,1.2700896429269978e-06
12975,asañño,1,1.2700896429269978e-06
12976,asaṅkhāro,1,1.2700896429269978e-06
12977,ucchedā,1,1.2700896429269978e-06
12978,vivajjitā,1,1.2700896429269978e-06
12979,nibbānena,1,1.2700896429269978e-06
12980,samasamoti,1,1.2700896429269978e-06
12981,gatianuyogo,1,1.2700896429269978e-06
12982,upādāpaññattānuyoga,1,1.2700896429269978e-06
12983,nīlakassa,1,1.2700896429269978e-06
12984,pītaṁ,1,1.2700896429269978e-06
12985,kantaphalā,1,1.2700896429269978e-06
12986,manuññaphalā,1,1.2700896429269978e-06
12987,asecanakaphalā,1,1.2700896429269978e-06
12988,sukhudrayā,1,1.2700896429269978e-06
12989,sukhavipākāti,1,1.2700896429269978e-06
12990,aniṭṭhaphalā,1,1.2700896429269978e-06
12991,akantaphalā,1,1.2700896429269978e-06
12992,amanuññaphalā,1,1.2700896429269978e-06
12993,secanakaphalā,1,1.2700896429269978e-06
12994,dukkhudrayā,1,1.2700896429269978e-06
12995,dukkhavipākāti,1,1.2700896429269978e-06
12996,khayadhammā,1,1.2700896429269978e-06
12997,vayadhammā,1,1.2700896429269978e-06
12998,virāgadhammā,1,1.2700896429269978e-06
12999,nirodhadhammā,1,1.2700896429269978e-06
13000,vipariṇāmadhammāti,1,1.2700896429269978e-06
13001,manamhi,1,1.2700896429269978e-06
13002,micchādiṭṭhiṁ,1,1.2700896429269978e-06
13003,micchāsaṅkappaṁ,1,1.2700896429269978e-06
13004,micchāvācaṁ,1,1.2700896429269978e-06
13005,micchākammantaṁ,1,1.2700896429269978e-06
13006,micchāvāyāmaṁ,1,1.2700896429269978e-06
13007,micchāsatiṁ,1,1.2700896429269978e-06
13008,micchāsamādhiṁ,1,1.2700896429269978e-06
13009,micchāsamādhimhi,1,1.2700896429269978e-06
13010,sammāsamādhimhi,1,1.2700896429269978e-06
13011,catuvokārabhavaṁ,1,1.2700896429269978e-06
13012,pañcavokārabhavaṁ,1,1.2700896429269978e-06
13013,catuvokārabhave,1,1.2700896429269978e-06
13014,cattārova,1,1.2700896429269978e-06
13015,pañcavokārabhave,1,1.2700896429269978e-06
13016,rukkhopi,1,1.2700896429269978e-06
13017,chāyāpi,1,1.2700896429269978e-06
13018,rūpampi,1,1.2700896429269978e-06
13019,gāmo,1,1.2700896429269978e-06
13020,gāmiko,1,1.2700896429269978e-06
13021,jīyati,1,1.2700896429269978e-06
13022,mīyati,1,1.2700896429269978e-06
13023,kumārikā,1,1.2700896429269978e-06
13024,gahaṭṭhoti,1,1.2700896429269978e-06
13025,pabbajitoti,1,1.2700896429269978e-06
13026,yathākammūpaganti,1,1.2700896429269978e-06
13027,nīlā,1,1.2700896429269978e-06
13028,pītakā,1,1.2700896429269978e-06
13029,lohitakā,1,1.2700896429269978e-06
13030,odātā,1,1.2700896429269978e-06
13031,paṭihaññanti,1,1.2700896429269978e-06
13032,yathākammūpagāti,1,1.2700896429269978e-06
13033,upādāpaññattānuyogo,1,1.2700896429269978e-06
13034,purisakārānuyoga,1,1.2700896429269978e-06
13035,mahāpathaviyā,1,1.2700896429269978e-06
13036,mahāsamuddassa,1,1.2700896429269978e-06
13037,sinerussa,1,1.2700896429269978e-06
13038,pabbatarājassa,1,1.2700896429269978e-06
13039,āpassa,1,1.2700896429269978e-06
13040,tejassa,1,1.2700896429269978e-06
13041,vāyassa,1,1.2700896429269978e-06
13042,aññāni,1,1.2700896429269978e-06
13043,kāretāti,1,1.2700896429269978e-06
13044,kammakārakoti,1,1.2700896429269978e-06
13045,purisakārānuyogo,1,1.2700896429269978e-06
13046,kalyāṇavaggo,1,1.2700896429269978e-06
13047,abhiññānuyoga,1,1.2700896429269978e-06
13048,abhiññānuyogo,1,1.2700896429269978e-06
13049,ñātakānuyogādi,1,1.2700896429269978e-06
13050,paṭivedhānuyoga,1,1.2700896429269978e-06
13051,saṅghānuyoga,1,1.2700896429269978e-06
13052,pātubhavantīti,1,1.2700896429269978e-06
13053,ucchinno,1,1.2700896429269978e-06
13054,saccikaṭṭhasabhāgānuyoga,1,1.2700896429269978e-06
13055,dvemā,1,1.2700896429269978e-06
13056,koṭī,1,1.2700896429269978e-06
13057,saṅkhatassa,1,1.2700896429269978e-06
13058,saṅkhatalakkhaṇāni,1,1.2700896429269978e-06
13059,saṅkhatānaṁ,1,1.2700896429269978e-06
13060,asaṅkhatassa,1,1.2700896429269978e-06
13061,asaṅkhatalakkhaṇāni,1,1.2700896429269978e-06
13062,asaṅkhatānaṁ,1,1.2700896429269978e-06
13063,atthatthamhi,1,1.2700896429269978e-06
13064,atthatthamhīti,1,1.2700896429269978e-06
13065,sassatoti,1,1.2700896429269978e-06
13066,ucchinnoti,1,1.2700896429269978e-06
13067,avekkhassu,1,1.2700896429269978e-06
13068,mogharāja,1,1.2700896429269978e-06
13069,attānudiṭṭhiṁ,1,1.2700896429269978e-06
13070,ūhacca,1,1.2700896429269978e-06
13071,maccutaro,1,1.2700896429269978e-06
13072,avekkhantaṁ,1,1.2700896429269978e-06
13073,maccurājā,1,1.2700896429269978e-06
13074,ekapuggalo,1,1.2700896429269978e-06
13075,uppajjamāno,1,1.2700896429269978e-06
13076,bahujanahitāya,1,1.2700896429269978e-06
13077,bahujanasukhāya,1,1.2700896429269978e-06
13078,lokānukampāya,1,1.2700896429269978e-06
13079,devamanussānan,1,1.2700896429269978e-06
13080,aparappaccayaññāṇamevassa,1,1.2700896429269978e-06
13081,kaccāna,1,1.2700896429269978e-06
13082,vajirā,1,1.2700896429269978e-06
13083,bhikkhunī,1,1.2700896429269978e-06
13084,māraṁ,1,1.2700896429269978e-06
13085,pāpimantaṁ,1,1.2700896429269978e-06
13086,paccesi,1,1.2700896429269978e-06
13087,māra,1,1.2700896429269978e-06
13088,suddhasaṅkhārapuñjoyaṁ,1,1.2700896429269978e-06
13089,nayidha,1,1.2700896429269978e-06
13090,sattupalabbhati,1,1.2700896429269978e-06
13091,aṅgasambhārā,1,1.2700896429269978e-06
13092,ratho,1,1.2700896429269978e-06
13093,santesu,1,1.2700896429269978e-06
13094,sammuti,1,1.2700896429269978e-06
13095,nāññatra,1,1.2700896429269978e-06
13096,nāññaṁ,1,1.2700896429269978e-06
13097,kiñcānanda,1,1.2700896429269978e-06
13098,attaniyaṁ,1,1.2700896429269978e-06
13099,anupalabbhiyamāne,1,1.2700896429269978e-06
13100,diṭṭhiṭṭhānaṁ,1,1.2700896429269978e-06
13101,pecca,1,1.2700896429269978e-06
13102,sassatisamaṁ,1,1.2700896429269978e-06
13103,ṭhassāmīti,1,1.2700896429269978e-06
13104,nanvāyaṁ,1,1.2700896429269978e-06
13105,kiñhi,1,1.2700896429269978e-06
13106,sappikumbho,1,1.2700896429269978e-06
13107,sappissa,1,1.2700896429269978e-06
13108,kumbhaṁ,1,1.2700896429269978e-06
13109,telakumbho,1,1.2700896429269978e-06
13110,madhukumbho,1,1.2700896429269978e-06
13111,phāṇitakumbho,1,1.2700896429269978e-06
13112,khīrakumbho,1,1.2700896429269978e-06
13113,udakakumbho,1,1.2700896429269978e-06
13114,pānīyathālakaṁ,1,1.2700896429269978e-06
13115,pānīyakosakaṁ,1,1.2700896429269978e-06
13116,pānīyasarāvakaṁ,1,1.2700896429269978e-06
13117,niccabhattaṁ,1,1.2700896429269978e-06
13118,dhuvayāgū,1,1.2700896429269978e-06
13119,yāgu,1,1.2700896429269978e-06
13120,aṭṭhakaniggahapeyyālā,1,1.2700896429269978e-06
13121,sandhāvaniyā,1,1.2700896429269978e-06
13122,kalyāṇaṁ,1,1.2700896429269978e-06
13123,iddhisuttāharaṇena,1,1.2700896429269978e-06
13124,vādayuttiparihāni,1,1.2700896429269978e-06
13125,seṭṭhittā,1,1.2700896429269978e-06
13126,ariyapuggalasaṁsandanaparihāni,1,1.2700896429269978e-06
13127,anāgāmiphaleti,1,1.2700896429269978e-06
13128,sakadāgāmiphaleti,1,1.2700896429269978e-06
13129,sotāpattiphaleti,1,1.2700896429269978e-06
13130,saṇṭhātī,1,1.2700896429269978e-06
13131,arahattaṁyeva,1,1.2700896429269978e-06
13132,satipaṭṭhānabhāvanā,1,1.2700896429269978e-06
13133,sammappadhānabhāvanā,1,1.2700896429269978e-06
13134,iddhipādabhāvanā,1,1.2700896429269978e-06
13135,indriyabhāvanā,1,1.2700896429269978e-06
13136,balabhāvanā,1,1.2700896429269978e-06
13137,ariyapuggalasaṁsandanaṁ,1,1.2700896429269978e-06
13138,suttasādhanaparihāni,1,1.2700896429269978e-06
13139,uccāvacā,1,1.2700896429269978e-06
13140,samaṇena,1,1.2700896429269978e-06
13141,pakāsitā,1,1.2700896429269978e-06
13142,diguṇaṁ,1,1.2700896429269978e-06
13143,yanti,1,1.2700896429269978e-06
13144,ekaguṇaṁ,1,1.2700896429269978e-06
13145,mutan,1,1.2700896429269978e-06
13146,vītataṇho,1,1.2700896429269978e-06
13147,anādāno,1,1.2700896429269978e-06
13148,chediyaṁ,1,1.2700896429269978e-06
13149,oghapāso,1,1.2700896429269978e-06
13150,samūhato,1,1.2700896429269978e-06
13151,chediyan,1,1.2700896429269978e-06
13152,vimuttassa,1,1.2700896429269978e-06
13153,santacittassa,1,1.2700896429269978e-06
13154,selo,1,1.2700896429269978e-06
13155,ekagghano,1,1.2700896429269978e-06
13156,samīrati,1,1.2700896429269978e-06
13157,kevalā,1,1.2700896429269978e-06
13158,nappavedhenti,1,1.2700896429269978e-06
13159,tādino,1,1.2700896429269978e-06
13160,vippamuttaṁ,1,1.2700896429269978e-06
13161,vayaṁ,1,1.2700896429269978e-06
13162,cassānupassatī,1,1.2700896429269978e-06
13163,yathāvimuttaṁ,1,1.2700896429269978e-06
13164,rāgapariyuṭṭhito,1,1.2700896429269978e-06
13165,dosapariyuṭṭhito,1,1.2700896429269978e-06
13166,mohapariyuṭṭhito,1,1.2700896429269978e-06
13167,parihāyamānassa,1,1.2700896429269978e-06
13168,ācinatīti,1,1.2700896429269978e-06
13169,apacinatīti,1,1.2700896429269978e-06
13170,suddhabrahmacariyakathā,1,1.2700896429269978e-06
13171,jaḷā,1,1.2700896429269978e-06
13172,elamūgā,1,1.2700896429269978e-06
13173,aviññū,1,1.2700896429269978e-06
13174,nappaṭibalā,1,1.2700896429269978e-06
13175,byāpannacittā,1,1.2700896429269978e-06
13176,micchādiṭṭhikāti,1,1.2700896429269978e-06
13177,abyāpannacittā,1,1.2700896429269978e-06
13178,sammādiṭṭhikāti,1,1.2700896429269978e-06
13179,magadhesu,1,1.2700896429269978e-06
13180,sabbadevesu,1,1.2700896429269978e-06
13181,sabbamanussesu,1,1.2700896429269978e-06
13182,ṭhānehi,1,1.2700896429269978e-06
13183,jambudīpakā,1,1.2700896429269978e-06
13184,uttarakuruke,1,1.2700896429269978e-06
13185,manusse,1,1.2700896429269978e-06
13186,adhigaṇhanti,1,1.2700896429269978e-06
13187,katamehi,1,1.2700896429269978e-06
13188,satimanto,1,1.2700896429269978e-06
13189,sāvatthiyaṁyeva,1,1.2700896429269978e-06
13190,phaluppattīti,1,1.2700896429269978e-06
13191,akuppapaṭivedhoti,1,1.2700896429269978e-06
13192,kenaṭṭhena,1,1.2700896429269978e-06
13193,saṁsandanabrahmacariyakathā,1,1.2700896429269978e-06
13194,bhavena,1,1.2700896429269978e-06
13195,gatiyā,1,1.2700896429269978e-06
13196,saṁsārena,1,1.2700896429269978e-06
13197,saṁsāraṁ,1,1.2700896429269978e-06
13198,upapattiṁ,1,1.2700896429269978e-06
13199,nasuttāharaṇakathā,1,1.2700896429269978e-06
13200,saṅkilesiyo,1,1.2700896429269978e-06
13201,saddhānaṁ,1,1.2700896429269978e-06
13202,vīriyānaṁ,1,1.2700896429269978e-06
13203,satīnaṁ,1,1.2700896429269978e-06
13204,samādhīnaṁ,1,1.2700896429269978e-06
13205,paññānaṁ,1,1.2700896429269978e-06
13206,sakadāgāmimaggenāti,1,1.2700896429269978e-06
13207,suttāharaṇakathā,1,1.2700896429269978e-06
13208,abhisamenti,1,1.2700896429269978e-06
13209,atītaṁse,1,1.2700896429269978e-06
13210,yasassino,1,1.2700896429269978e-06
13211,anekāni,1,1.2700896429269978e-06
13212,satānipi,1,1.2700896429269978e-06
13213,ahū,1,1.2700896429269978e-06
13214,sunetto,1,1.2700896429269978e-06
13215,dīghāyuko,1,1.2700896429269978e-06
13216,ciraṭṭhitiko,1,1.2700896429269978e-06
13217,dukkhasmā,1,1.2700896429269978e-06
13218,tayidaṁ,1,1.2700896429269978e-06
13219,anubuddhaṁ,1,1.2700896429269978e-06
13220,paṭividdhaṁ,1,1.2700896429269978e-06
13221,anubuddho,1,1.2700896429269978e-06
13222,paṭividdho,1,1.2700896429269978e-06
13223,ucchinnā,1,1.2700896429269978e-06
13224,gotamena,1,1.2700896429269978e-06
13225,yasassinā,1,1.2700896429269978e-06
13226,dhammamakkhāsi,1,1.2700896429269978e-06
13227,bhikkhunaṁ,1,1.2700896429269978e-06
13228,ayoganti,1,1.2700896429269978e-06
13229,tampatthīti,1,1.2700896429269978e-06
13230,micchādiṭṭhīti,1,1.2700896429269978e-06
13231,sammādiṭṭhīti,1,1.2700896429269978e-06
13232,hevamatthīti,1,1.2700896429269978e-06
13233,kālasaṁsandana,1,1.2700896429269978e-06
13234,atītacakkhurūpādikathā,1,1.2700896429269978e-06
13235,atītañāṇādikathā,1,1.2700896429269978e-06
13236,arahantādikathā,1,1.2700896429269978e-06
13237,sadosoti,1,1.2700896429269978e-06
13238,samānoti,1,1.2700896429269978e-06
13239,savicikicchoti,1,1.2700896429269978e-06
13240,sathinoti,1,1.2700896429269978e-06
13241,sauddhaccoti,1,1.2700896429269978e-06
13242,saahirikoti,1,1.2700896429269978e-06
13243,saanottappīti,1,1.2700896429269978e-06
13244,atītahatthādikathā,1,1.2700896429269978e-06
13245,hatthesu,1,1.2700896429269978e-06
13246,ādānanikkhepanaṁ,1,1.2700896429269978e-06
13247,pādesu,1,1.2700896429269978e-06
13248,abhikkamapaṭikkamo,1,1.2700896429269978e-06
13249,pabbā,1,1.2700896429269978e-06
13250,pabbesu,1,1.2700896429269978e-06
13251,samiñjanapasāraṇaṁ,1,1.2700896429269978e-06
13252,kucchi,1,1.2700896429269978e-06
13253,atītasmiṁ,1,1.2700896429269978e-06
13254,kucchismiṁ,1,1.2700896429269978e-06
13255,jighacchā,1,1.2700896429269978e-06
13256,pipāsā,1,1.2700896429269978e-06
13257,āpena,1,1.2700896429269978e-06
13258,āpakaraṇīyaṁ,1,1.2700896429269978e-06
13259,tejena,1,1.2700896429269978e-06
13260,tejakaraṇīyaṁ,1,1.2700896429269978e-06
13261,vāyena,1,1.2700896429269978e-06
13262,vāyakaraṇīyaṁ,1,1.2700896429269978e-06
13263,atītakkhandhādisamodhānakathā,1,1.2700896429269978e-06
13264,rūpakkhandhāti,1,1.2700896429269978e-06
13265,pannarasakkhandhāti,1,1.2700896429269978e-06
13266,cakkhāyatanānīti,1,1.2700896429269978e-06
13267,chattiṁsāyatanānīti,1,1.2700896429269978e-06
13268,cakkhudhātuyoti,1,1.2700896429269978e-06
13269,cakkhundriyānīti,1,1.2700896429269978e-06
13270,chasaṭṭhindriyānīti,1,1.2700896429269978e-06
13271,rājūnaṁ,1,1.2700896429269978e-06
13272,cakkavattīnaṁ,1,1.2700896429269978e-06
13273,sammāsambuddhānaṁ,1,1.2700896429269978e-06
13274,padasodhanakathā,1,1.2700896429269978e-06
13275,nvātītanti,1,1.2700896429269978e-06
13276,nvātītan,1,1.2700896429269978e-06
13277,nvānāgatanti,1,1.2700896429269978e-06
13278,panānāgataṁ,1,1.2700896429269978e-06
13279,nvānāgatan,1,1.2700896429269978e-06
13280,ukkalā,1,1.2700896429269978e-06
13281,vassabhaññā,1,1.2700896429269978e-06
13282,ahetukavādā,1,1.2700896429269978e-06
13283,akiriyavādā,1,1.2700896429269978e-06
13284,natthikavādā,1,1.2700896429269978e-06
13285,tepime,1,1.2700896429269978e-06
13286,niruttipathe,1,1.2700896429269978e-06
13287,adhivacanapathe,1,1.2700896429269978e-06
13288,paññattipathe,1,1.2700896429269978e-06
13289,garahitabbaṁ,1,1.2700896429269978e-06
13290,paṭikkositabbaṁ,1,1.2700896429269978e-06
13291,amaññiṁsu,1,1.2700896429269978e-06
13292,nindābyārosaupārambhabhayā,1,1.2700896429269978e-06
13293,phagguno,1,1.2700896429269978e-06
13294,paññāpeyyāti,1,1.2700896429269978e-06
13295,paññāpeyya,1,1.2700896429269978e-06
13296,nandako,1,1.2700896429269978e-06
13297,sasokaṁ,1,1.2700896429269978e-06
13298,asokaṁ,1,1.2700896429269978e-06
13299,nasuttasādhana,1,1.2700896429269978e-06
13300,viññūhīti,1,1.2700896429269978e-06
13301,ekaccaṁatthītikathā,1,1.2700896429269978e-06
13302,atītādiekaccakathā,1,1.2700896429269978e-06
13303,vipaccissanti,1,1.2700896429269978e-06
13304,anāgatādiekaccakathā,1,1.2700896429269978e-06
13305,ajātāti,1,1.2700896429269978e-06
13306,atthītikathā,1,1.2700896429269978e-06
13307,phassapaṭṭhānāti,1,1.2700896429269978e-06
13308,cittapaṭṭhānāti,1,1.2700896429269978e-06
13309,upaṭṭhitasatino,1,1.2700896429269978e-06
13310,samohitā,1,1.2700896429269978e-06
13311,paribhuñjantī,1,1.2700896429269978e-06
13312,āsevanti,1,1.2700896429269978e-06
13313,bahulīkarontīti,1,1.2700896429269978e-06
13314,ekāyano,1,1.2700896429269978e-06
13315,sokaparidevānaṁ,1,1.2700896429269978e-06
13316,samatikkamāya,1,1.2700896429269978e-06
13317,dukkhadomanassānaṁ,1,1.2700896429269978e-06
13318,atthaṅgamāya,1,1.2700896429269978e-06
13319,ñāyassa,1,1.2700896429269978e-06
13320,yadidaṁ,1,1.2700896429269978e-06
13321,ekāyanamaggoti,1,1.2700896429269978e-06
13322,cakkaratanassa,1,1.2700896429269978e-06
13323,hatthiratanassa,1,1.2700896429269978e-06
13324,assaratanassa,1,1.2700896429269978e-06
13325,maṇiratanassa,1,1.2700896429269978e-06
13326,itthiratanassa,1,1.2700896429269978e-06
13327,gahapatiratanassa,1,1.2700896429269978e-06
13328,pariṇāyakaratanassa,1,1.2700896429269978e-06
13329,satisambojjhaṅgaratanassa,1,1.2700896429269978e-06
13330,dhammavicayasambojjhaṅgaratanassa,1,1.2700896429269978e-06
13331,vīriyasambojjhaṅgaratanassa,1,1.2700896429269978e-06
13332,pītisambojjhaṅgaratanassa,1,1.2700896429269978e-06
13333,passaddhisambojjhaṅgaratanassa,1,1.2700896429269978e-06
13334,samādhisambojjhaṅgaratanassa,1,1.2700896429269978e-06
13335,upekkhāsambojjhaṅgaratanassa,1,1.2700896429269978e-06
13336,satisambojjhaṅgaratanāva,1,1.2700896429269978e-06
13337,viññattisīlantikathā,1,1.2700896429269978e-06
13338,abhivādanaṁ,1,1.2700896429269978e-06
13339,paccuṭṭhānaṁ,1,1.2700896429269978e-06
13340,añjalikammaṁ,1,1.2700896429269978e-06
13341,sāmīcikammaṁ,1,1.2700896429269978e-06
13342,āsanābhihāro,1,1.2700896429269978e-06
13343,seyyābhihāro,1,1.2700896429269978e-06
13344,pādodakābhihāro,1,1.2700896429269978e-06
13345,pādakathalikābhihāro,1,1.2700896429269978e-06
13346,nhāne,1,1.2700896429269978e-06
13347,piṭṭhiparikammaṁ,1,1.2700896429269978e-06
13348,sīlantikathā,1,1.2700896429269978e-06
13349,aviññattidussilyantikathā,1,1.2700896429269978e-06
13350,adinnādānanti,1,1.2700896429269978e-06
13351,kāmesumicchācāroti,1,1.2700896429269978e-06
13352,musāvādoti,1,1.2700896429269978e-06
13353,dussilyantikathā,1,1.2700896429269978e-06
13354,akusalāpi,1,1.2700896429269978e-06
13355,viññattisīlaṁ,1,1.2700896429269978e-06
13356,niyāmasaṅgahagatānisaṁsatā,1,1.2700896429269978e-06
13357,kiriyāñāṇaṁ,1,1.2700896429269978e-06
13358,rūpaṁmaggotikathā,1,1.2700896429269978e-06
13359,maggotikathā,1,1.2700896429269978e-06
13360,pañcaviññāṇasamaṅgissamaggakathā,1,1.2700896429269978e-06
13361,pañcaviññāṇākusalāpiakusalāpītikathā,1,1.2700896429269978e-06
13362,akusalāpītikathā,1,1.2700896429269978e-06
13363,puthujjanoti,1,1.2700896429269978e-06
13364,khaṇḍasīlo,1,1.2700896429269978e-06
13365,chinnasīlo,1,1.2700896429269978e-06
13366,sīlaṁacetasikantikathā,1,1.2700896429269978e-06
13367,aniṭṭhaphalanti,1,1.2700896429269978e-06
13368,iṭṭhaphalanti,1,1.2700896429269978e-06
13369,acetasikantikathā,1,1.2700896429269978e-06
13370,sīlaṁnacittānuparivattītikathā,1,1.2700896429269978e-06
13371,cittānuparivattītikathā,1,1.2700896429269978e-06
13372,samādānahetuko,1,1.2700896429269978e-06
13373,tissopianusayakathā,1,1.2700896429269978e-06
13374,sahetukāti,1,1.2700896429269978e-06
13375,avijjāsaṅkhārakkhandhapariyāpannā,1,1.2700896429269978e-06
13376,anusayakathā,1,1.2700896429269978e-06
13377,niruddhena,1,1.2700896429269978e-06
13378,vigatena,1,1.2700896429269978e-06
13379,paṭipassaddhena,1,1.2700896429269978e-06
13380,ñāṇaṁcittavippayuttantikathā,1,1.2700896429269978e-06
13381,paññavā,1,1.2700896429269978e-06
13382,idaṁdukkhantikathā,1,1.2700896429269978e-06
13383,i,1,1.2700896429269978e-06
13384,dan,1,1.2700896429269978e-06
13385,du,1,1.2700896429269978e-06
13386,khan,1,1.2700896429269978e-06
13387,dukkhantikathā,1,1.2700896429269978e-06
13388,iddhimayikā,1,1.2700896429269978e-06
13389,attabhāvappaṭilābhoti,1,1.2700896429269978e-06
13390,jāyiṁsūti,1,1.2700896429269978e-06
13391,jīriṁsūti,1,1.2700896429269978e-06
13392,byādhiyiṁsūti,1,1.2700896429269978e-06
13393,mīyiṁsūti,1,1.2700896429269978e-06
13394,yānīkatā,1,1.2700896429269978e-06
13395,vatthukatā,1,1.2700896429269978e-06
13396,paricitā,1,1.2700896429269978e-06
13397,susamāraddhā,1,1.2700896429269978e-06
13398,ākaṅkhamāno,1,1.2700896429269978e-06
13399,kappāvasesaṁ,1,1.2700896429269978e-06
13400,jarādhammo,1,1.2700896429269978e-06
13401,jīrī,1,1.2700896429269978e-06
13402,byādhidhammo,1,1.2700896429269978e-06
13403,byādhiyī,1,1.2700896429269978e-06
13404,maraṇadhammo,1,1.2700896429269978e-06
13405,mīyī,1,1.2700896429269978e-06
13406,katāni,1,1.2700896429269978e-06
13407,saṅkilesikāni,1,1.2700896429269978e-06
13408,ponobbhavikāni,1,1.2700896429269978e-06
13409,sadarāni,1,1.2700896429269978e-06
13410,dukkhavipākāni,1,1.2700896429269978e-06
13411,jātijarāmaraṇiyāni,1,1.2700896429269978e-06
13412,nibbattī,1,1.2700896429269978e-06
13413,ekacittakkhaṇiko,1,1.2700896429269978e-06
13414,ghānaviññāṇasamaṅgī,1,1.2700896429269978e-06
13415,jivhāviññāṇasamaṅgī,1,1.2700896429269978e-06
13416,kāyaviññāṇasamaṅgī,1,1.2700896429269978e-06
13417,akusalacittasamaṅgī,1,1.2700896429269978e-06
13418,rāgasahagatacittasamaṅgī,1,1.2700896429269978e-06
13419,dosasahagatacittasamaṅgī,1,1.2700896429269978e-06
13420,mohasahagatacittasamaṅgī,1,1.2700896429269978e-06
13421,anottappasahagatacittasamaṅgī,1,1.2700896429269978e-06
13422,akusalacittasantati,1,1.2700896429269978e-06
13423,rāgasahagatā,1,1.2700896429269978e-06
13424,dosasahagatā,1,1.2700896429269978e-06
13425,mohasahagatā,1,1.2700896429269978e-06
13426,anottappasahagatā,1,1.2700896429269978e-06
13427,nigaṇṭhā,1,1.2700896429269978e-06
13428,pahomi,1,1.2700896429269978e-06
13429,aniñjamāno,1,1.2700896429269978e-06
13430,abhāsamāno,1,1.2700896429269978e-06
13431,rattindivāni,1,1.2700896429269978e-06
13432,ekantasukhaṁ,1,1.2700896429269978e-06
13433,viharitun,1,1.2700896429269978e-06
13434,aniccatāti,1,1.2700896429269978e-06
13435,sattamabhaviko,1,1.2700896429269978e-06
13436,bārasamo,1,1.2700896429269978e-06
13437,sabbakammaṁ,1,1.2700896429269978e-06
13438,kolaṅkolapuggalo,1,1.2700896429269978e-06
13439,sattamabhavikassāti,1,1.2700896429269978e-06
13440,saṁvarokammantikathā,1,1.2700896429269978e-06
13441,savipākan,1,1.2700896429269978e-06
13442,appaṭisaṁviditvā,1,1.2700896429269978e-06
13443,byantibhāvaṁ,1,1.2700896429269978e-06
13444,upapajje,1,1.2700896429269978e-06
13445,saddovipākotikathā,1,1.2700896429269978e-06
13446,ussannattā,1,1.2700896429269978e-06
13447,vipulattā,1,1.2700896429269978e-06
13448,brahmassaro,1,1.2700896429269978e-06
13449,karavikabhāṇī,1,1.2700896429269978e-06
13450,sakadāgāminiyamenāti,1,1.2700896429269978e-06
13451,anāgāminiyamenāti,1,1.2700896429269978e-06
13452,arahattaniyamenāti,1,1.2700896429269978e-06
13453,niyamenāti,1,1.2700896429269978e-06
13454,sotāpattiniyamenāti,1,1.2700896429269978e-06
13455,sattakkhattuparamatāniyatāti,1,1.2700896429269978e-06
13456,sattakkhattuparamoti,1,1.2700896429269978e-06
13457,kolaṅkoloti,1,1.2700896429269978e-06
13458,jīvitāvoropanakathā,1,1.2700896429269978e-06
13459,bhindeyyāti,1,1.2700896429269978e-06
13460,ohadeyya,1,1.2700896429269978e-06
13461,omutteyya,1,1.2700896429269978e-06
13462,niṭṭhubheyya,1,1.2700896429269978e-06
13463,apabyāmato,1,1.2700896429269978e-06
13464,ṭhitadhammo,1,1.2700896429269978e-06
13465,velaṁ,1,1.2700896429269978e-06
13466,nātivattati,1,1.2700896429269978e-06
13467,paññattaṁ,1,1.2700896429269978e-06
13468,mama,1,1.2700896429269978e-06
13469,jīvitahetupi,1,1.2700896429269978e-06
13470,nātikkamantī,1,1.2700896429269978e-06
13471,voropanakathā,1,1.2700896429269978e-06
13472,rajjeyya,1,1.2700896429269978e-06
13473,dhammataṇhānadukkhasamudayotikathā,1,1.2700896429269978e-06
13474,dukkhasamudayotikathā,1,1.2700896429269978e-06
13475,paṭilabheyya,1,1.2700896429269978e-06
13476,okkameyya,1,1.2700896429269978e-06
13477,ḍayhante,1,1.2700896429269978e-06
13478,lokadhātuṁ,1,1.2700896429269978e-06
13479,aparāpariyavepakkanti,1,1.2700896429269978e-06
13480,kappaṭṭhena,1,1.2700896429269978e-06
13481,micchattaniyāmañca,1,1.2700896429269978e-06
13482,sammattaniyāmañca,1,1.2700896429269978e-06
13483,janitanti,1,1.2700896429269978e-06
13484,janitaṁ,1,1.2700896429269978e-06
13485,paṭivinītanti,1,1.2700896429269978e-06
13486,paṭivinītaṁ,1,1.2700896429269978e-06
13487,okkamitun,1,1.2700896429269978e-06
13488,niyatassaniyāmakathā,1,1.2700896429269978e-06
13489,micchattaniyāmaṁ,1,1.2700896429269978e-06
13490,arahattaniyāmaṁ,1,1.2700896429269978e-06
13491,nābhisametunti,1,1.2700896429269978e-06
13492,samāpannoassādetikathā,1,1.2700896429269978e-06
13493,jhānārammaṇā,1,1.2700896429269978e-06
13494,āpajjatī,1,1.2700896429269978e-06
13495,assādetikathā,1,1.2700896429269978e-06
13496,dukkhābhinandino,1,1.2700896429269978e-06
13497,anurodhavirodhaṁ,1,1.2700896429269978e-06
13498,abhivadati,1,1.2700896429269978e-06
13499,tiṭṭhatī,1,1.2700896429269978e-06
13500,dhammataṇhāabyākatātikathā,1,1.2700896429269978e-06
13501,abyākatātikathā,1,1.2700896429269978e-06
13502,kāmasaññāya,1,1.2700896429269978e-06
13503,nekkhammasaññā,1,1.2700896429269978e-06
13504,byāpādasaññāya,1,1.2700896429269978e-06
13505,abyāpādasaññā,1,1.2700896429269978e-06
13506,vihiṁsāsaññāya,1,1.2700896429269978e-06
13507,avihiṁsāsaññā,1,1.2700896429269978e-06
13508,vihiṁsāya,1,1.2700896429269978e-06
13509,aratiyā,1,1.2700896429269978e-06
13510,nekkhammasaññāya,1,1.2700896429269978e-06
13511,abyāpādasaññāya,1,1.2700896429269978e-06
13512,avihiṁsāsaññāya,1,1.2700896429269978e-06
13513,vihiṁsā,1,1.2700896429269978e-06
13514,rajjatīti,1,1.2700896429269978e-06
13515,cakkhupaṭilābhāya,1,1.2700896429269978e-06
13516,jivhāpaṭilābhāya,1,1.2700896429269978e-06
13517,aṭṭhipaṭilābhāya,1,1.2700896429269978e-06
13518,kalalaṁ,1,1.2700896429269978e-06
13519,kalalā,1,1.2700896429269978e-06
13520,abbudaṁ,1,1.2700896429269978e-06
13521,abbudā,1,1.2700896429269978e-06
13522,jāyate,1,1.2700896429269978e-06
13523,nibbattate,1,1.2700896429269978e-06
13524,ghano,1,1.2700896429269978e-06
13525,ghanā,1,1.2700896429269978e-06
13526,pasākhā,1,1.2700896429269978e-06
13527,nakhāpi,1,1.2700896429269978e-06
13528,yañcassa,1,1.2700896429269978e-06
13529,pānañca,1,1.2700896429269978e-06
13530,mātukucchigato,1,1.2700896429269978e-06
13531,naro,1,1.2700896429269978e-06
13532,jivhāviññāṇanti,1,1.2700896429269978e-06
13533,asaṅkilesiyāti,1,1.2700896429269978e-06
13534,saṅkilesiyāti,1,1.2700896429269978e-06
13535,upādāyā,1,1.2700896429269978e-06
13536,mahābhūtāni,1,1.2700896429269978e-06
13537,upādāyarūpan,1,1.2700896429269978e-06
13538,aññoanusayotikathā,1,1.2700896429269978e-06
13539,pariyuṭṭhānan,1,1.2700896429269978e-06
13540,anusayotikathā,1,1.2700896429269978e-06
13541,pariyuṭṭhānaṁcittavippayuttantikathā,1,1.2700896429269978e-06
13542,micchādiṭṭhissa,1,1.2700896429269978e-06
13543,gatīnaṁ,1,1.2700896429269978e-06
13544,abyākatametan,1,1.2700896429269978e-06
13545,micchādiṭṭhikassa,1,1.2700896429269978e-06
13546,purisapuggalassa,1,1.2700896429269978e-06
13547,yañceva,1,1.2700896429269978e-06
13548,yathādiṭṭhisamattaṁ,1,1.2700896429269978e-06
13549,samādinnaṁ,1,1.2700896429269978e-06
13550,aniṭṭhāya,1,1.2700896429269978e-06
13551,akantāya,1,1.2700896429269978e-06
13552,amanāpāya,1,1.2700896429269978e-06
13553,apariyāpannan,1,1.2700896429269978e-06
13554,vigatadiṭṭhiyo,1,1.2700896429269978e-06
13555,chaviññāṇakāyā,1,1.2700896429269978e-06
13556,yathādhātu,1,1.2700896429269978e-06
13557,phassūpacayo,1,1.2700896429269978e-06
13558,vedanūpacayo,1,1.2700896429269978e-06
13559,saññūpacayo,1,1.2700896429269978e-06
13560,cetanūpacayo,1,1.2700896429269978e-06
13561,cittūpacayo,1,1.2700896429269978e-06
13562,saddhūpacayo,1,1.2700896429269978e-06
13563,vīriyūpacayo,1,1.2700896429269978e-06
13564,satūpacayo,1,1.2700896429269978e-06
13565,samādhūpacayo,1,1.2700896429269978e-06
13566,paññūpacayo,1,1.2700896429269978e-06
13567,rāgūpacayo,1,1.2700896429269978e-06
13568,anottappūpacayoti,1,1.2700896429269978e-06
13569,nibbattatīti,1,1.2700896429269978e-06
13570,nibbattati,1,1.2700896429269978e-06
13571,sabyābajjhāpi,1,1.2700896429269978e-06
13572,abyābajjhāpi,1,1.2700896429269978e-06
13573,sabyābajjhehipi,1,1.2700896429269978e-06
13574,abyābajjhehipi,1,1.2700896429269978e-06
13575,phuṭṭho,1,1.2700896429269978e-06
13576,vokiṇṇasukhadukkhaṁ,1,1.2700896429269978e-06
13577,vinipātikā,1,1.2700896429269978e-06
13578,bhūtassa,1,1.2700896429269978e-06
13579,upapannametaṁ,1,1.2700896429269978e-06
13580,evampāhaṁ,1,1.2700896429269978e-06
13581,kammadāyādā,1,1.2700896429269978e-06
13582,pannarasamo,1,1.2700896429269978e-06
13583,asaññasattupapattiyā,1,1.2700896429269978e-06
13584,mūlañca,1,1.2700896429269978e-06
13585,āhāroti,1,1.2700896429269978e-06
13586,tañcārammaṇanti,1,1.2700896429269978e-06
13587,tañcārammaṇaṁ,1,1.2700896429269978e-06
13588,jarāmaraṇapaccayā,1,1.2700896429269978e-06
13589,pannarasaddhāti,1,1.2700896429269978e-06
13590,chasaṭṭhi,1,1.2700896429269978e-06
13591,atthaññeva,1,1.2700896429269978e-06
13592,balānaṁ,1,1.2700896429269978e-06
13593,lokiyanti,1,1.2700896429269978e-06
13594,kāmāvacarāti,1,1.2700896429269978e-06
13595,rūpāvacarāti,1,1.2700896429269978e-06
13596,arūpāvacarāti,1,1.2700896429269978e-06
13597,rūpārūpadhātupariyāpannakathā,1,1.2700896429269978e-06
13598,arūpadhātupariyāpannotikathā,1,1.2700896429269978e-06
13599,soḷasamo,1,1.2700896429269978e-06
13600,cittaniggaho,1,1.2700896429269978e-06
13601,cittapaggaho,1,1.2700896429269978e-06
13602,sukhānuppadānaṁ,1,1.2700896429269978e-06
13603,kāmadhātupariyāpannāti,1,1.2700896429269978e-06
13604,saṅkilissati,1,1.2700896429269978e-06
13605,akataṁ,1,1.2700896429269978e-06
13606,asuddhi,1,1.2700896429269978e-06
13607,janetīti,1,1.2700896429269978e-06
13608,udāyī,1,1.2700896429269978e-06
13609,dukkhadhammānaṁ,1,1.2700896429269978e-06
13610,sukhadhammānaṁ,1,1.2700896429269978e-06
13611,karotī,1,1.2700896429269978e-06
13612,aniccāti,1,1.2700896429269978e-06
13613,anattāti,1,1.2700896429269978e-06
13614,rūpaṁhetūtikathā,1,1.2700896429269978e-06
13615,upādāyahetūti,1,1.2700896429269978e-06
13616,upādāyahetu,1,1.2700896429269978e-06
13617,hetūtikathā,1,1.2700896429269978e-06
13618,rūpaṁsahetukantikathā,1,1.2700896429269978e-06
13619,alobhahetunāti,1,1.2700896429269978e-06
13620,adosahetunāti,1,1.2700896429269978e-06
13621,amohahetunāti,1,1.2700896429269978e-06
13622,lobhahetunā,1,1.2700896429269978e-06
13623,dosahetunā,1,1.2700896429269978e-06
13624,mohahetunāti,1,1.2700896429269978e-06
13625,sahetukantikathā,1,1.2700896429269978e-06
13626,rūpaṅkusalākusalantikathā,1,1.2700896429269978e-06
13627,kusalākusalantikathā,1,1.2700896429269978e-06
13628,rūpaṁvipākotikathā,1,1.2700896429269978e-06
13629,rūpaṁrūpāvacarārūpāvacarantikathā,1,1.2700896429269978e-06
13630,rūpāvacaranti,1,1.2700896429269978e-06
13631,rūpāvacaran,1,1.2700896429269978e-06
13632,arūpāvacaranti,1,1.2700896429269978e-06
13633,kāmāvacaranti,1,1.2700896429269978e-06
13634,rūpāvacarakammassa,1,1.2700896429269978e-06
13635,arūpāvacarakammassa,1,1.2700896429269978e-06
13636,rūpāvacarārūpāvacarantikathā,1,1.2700896429269978e-06
13637,navattabbaṁbuddhassadinnaṁmahapphalantikathā,1,1.2700896429269978e-06
13638,appaṭipuggaloti,1,1.2700896429269978e-06
13639,appaṭipuggalo,1,1.2700896429269978e-06
13640,paññāyāti,1,1.2700896429269978e-06
13641,nayimasmiṁ,1,1.2700896429269978e-06
13642,parasmiṁ,1,1.2700896429269978e-06
13643,samo,1,1.2700896429269978e-06
13644,yamāhuneyyānaṁ,1,1.2700896429269978e-06
13645,aggataṁ,1,1.2700896429269978e-06
13646,puññatthikānaṁ,1,1.2700896429269978e-06
13647,vipulapphalesinan,1,1.2700896429269978e-06
13648,visujjhatīti,1,1.2700896429269978e-06
13649,sattarasamo,1,1.2700896429269978e-06
13650,akālamaccu,1,1.2700896429269978e-06
13651,visuddhiyāti,1,1.2700896429269978e-06
13652,atthiarahatopuññūpacayotikathā,1,1.2700896429269978e-06
13653,ācinātīti,1,1.2700896429269978e-06
13654,apacinātīti,1,1.2700896429269978e-06
13655,nāpacināti,1,1.2700896429269978e-06
13656,puññūpacayotikathā,1,1.2700896429269978e-06
13657,natthiarahatoakālamaccūtikathā,1,1.2700896429269978e-06
13658,appaṭisaṁveditvā,1,1.2700896429269978e-06
13659,byantībhāvaṁ,1,1.2700896429269978e-06
13660,upapajjaṁ,1,1.2700896429269978e-06
13661,akālamaccūtikathā,1,1.2700896429269978e-06
13662,sabbamidaṅkammatotikathā,1,1.2700896429269978e-06
13663,kammampi,1,1.2700896429269978e-06
13664,pubbekatahetūti,1,1.2700896429269978e-06
13665,pajā,1,1.2700896429269978e-06
13666,kammanibandhanā,1,1.2700896429269978e-06
13667,rathassāṇīva,1,1.2700896429269978e-06
13668,yāyato,1,1.2700896429269978e-06
13669,kittiṁ,1,1.2700896429269978e-06
13670,labhate,1,1.2700896429269978e-06
13671,pasaṁsaṁ,1,1.2700896429269978e-06
13672,jāniñca,1,1.2700896429269978e-06
13673,vadhañca,1,1.2700896429269978e-06
13674,bandhaṁ,1,1.2700896429269978e-06
13675,kasmā,1,1.2700896429269978e-06
13676,vade,1,1.2700896429269978e-06
13677,kammatotikathā,1,1.2700896429269978e-06
13678,indriyabaddhassa,1,1.2700896429269978e-06
13679,vussati,1,1.2700896429269978e-06
13680,anindriyabaddhassa,1,1.2700896429269978e-06
13681,vussatīti,1,1.2700896429269978e-06
13682,ṭhapetvāariyamaggantikathā,1,1.2700896429269978e-06
13683,ariyasaccānī,1,1.2700896429269978e-06
13684,aniccaṭṭhena,1,1.2700896429269978e-06
13685,ariyamaggantikathā,1,1.2700896429269978e-06
13686,navattabbaṁsaṅghodakkhiṇaṁpaṭiggaṇhātikathā,1,1.2700896429269978e-06
13687,āhutiṁ,1,1.2700896429269978e-06
13688,jātavedova,1,1.2700896429269978e-06
13689,mahāmeghaṁva,1,1.2700896429269978e-06
13690,medanī,1,1.2700896429269978e-06
13691,dakkhiṇan,1,1.2700896429269978e-06
13692,paṭiggaṇhātītikathā,1,1.2700896429269978e-06
13693,navattabbaṁsaṅghodakkhiṇaṁvisodhetītikathā,1,1.2700896429269978e-06
13694,visodhetītikathā,1,1.2700896429269978e-06
13695,navattabbaṁsaṅghobhuñjatītikathā,1,1.2700896429269978e-06
13696,anatirittabhojanan,1,1.2700896429269978e-06
13697,anatirittabhojanaṁ,1,1.2700896429269978e-06
13698,phārusakapānanti,1,1.2700896429269978e-06
13699,phārusakapānaṁ,1,1.2700896429269978e-06
13700,bhuñjatītikathā,1,1.2700896429269978e-06
13701,navattabbaṁsaṅghassadinnaṁmahapphalantikathā,1,1.2700896429269978e-06
13702,gotami,1,1.2700896429269978e-06
13703,dehi,1,1.2700896429269978e-06
13704,dinne,1,1.2700896429269978e-06
13705,ahañceva,1,1.2700896429269978e-06
13706,pūjito,1,1.2700896429269978e-06
13707,sakko,1,1.2700896429269978e-06
13708,devānamindo,1,1.2700896429269978e-06
13709,ujubhūto,1,1.2700896429269978e-06
13710,paññāsīlasamāhito,1,1.2700896429269978e-06
13711,vipulo,1,1.2700896429269978e-06
13712,esappameyyo,1,1.2700896429269978e-06
13713,udadhīva,1,1.2700896429269978e-06
13714,sāgaro,1,1.2700896429269978e-06
13715,seṭṭhā,1,1.2700896429269978e-06
13716,naravīrasāvakā,1,1.2700896429269978e-06
13717,pabhaṅkarā,1,1.2700896429269978e-06
13718,dhammamudīrayanti,1,1.2700896429269978e-06
13719,sudinnaṁ,1,1.2700896429269978e-06
13720,suhutaṁ,1,1.2700896429269978e-06
13721,suyiṭṭhaṁ,1,1.2700896429269978e-06
13722,saṅghamuddissa,1,1.2700896429269978e-06
13723,saṅghagatā,1,1.2700896429269978e-06
13724,patiṭṭhitā,1,1.2700896429269978e-06
13725,mahapphalā,1,1.2700896429269978e-06
13726,lokavidūna,1,1.2700896429269978e-06
13727,vaṇṇitā,1,1.2700896429269978e-06
13728,etādisaṁ,1,1.2700896429269978e-06
13729,yaññamanussarantā,1,1.2700896429269978e-06
13730,vedajātā,1,1.2700896429269978e-06
13731,vicaranti,1,1.2700896429269978e-06
13732,maccheramalaṁ,1,1.2700896429269978e-06
13733,aninditā,1,1.2700896429269978e-06
13734,saggamupenti,1,1.2700896429269978e-06
13735,ṭhānan,1,1.2700896429269978e-06
13736,janapadānīti,1,1.2700896429269978e-06
13737,janapadāni,1,1.2700896429269978e-06
13738,cāpāle,1,1.2700896429269978e-06
13739,āyusaṅkhāro,1,1.2700896429269978e-06
13740,ossaṭṭho,1,1.2700896429269978e-06
13741,ukkaṭṭhāyaṁ,1,1.2700896429269978e-06
13742,subhagavane,1,1.2700896429269978e-06
13743,sālarājamūle,1,1.2700896429269978e-06
13744,uruvelāyaṁ,1,1.2700896429269978e-06
13745,ajapālanigrodhe,1,1.2700896429269978e-06
13746,paṭhamābhisambuddho,1,1.2700896429269978e-06
13747,rājagahe,1,1.2700896429269978e-06
13748,veḷuvane,1,1.2700896429269978e-06
13749,kalandakanivāpe,1,1.2700896429269978e-06
13750,jetavane,1,1.2700896429269978e-06
13751,anāthapiṇḍikassa,1,1.2700896429269978e-06
13752,ārāme,1,1.2700896429269978e-06
13753,vesāliyaṁ,1,1.2700896429269978e-06
13754,mahāvane,1,1.2700896429269978e-06
13755,kūṭāgārasālāyan,1,1.2700896429269978e-06
13756,lokenāti,1,1.2700896429269978e-06
13757,lokena,1,1.2700896429269978e-06
13758,abhinimmitena,1,1.2700896429269978e-06
13759,abhinimmito,1,1.2700896429269978e-06
13760,āyasmatā,1,1.2700896429269978e-06
13761,ānandena,1,1.2700896429269978e-06
13762,saṅkhittenapi,1,1.2700896429269978e-06
13763,vitthārenapi,1,1.2700896429269978e-06
13764,saṅkhittavitthārenapi,1,1.2700896429269978e-06
13765,aññātāro,1,1.2700896429269978e-06
13766,abhiññāyāhaṁ,1,1.2700896429269978e-06
13767,sanidānāhaṁ,1,1.2700896429269978e-06
13768,sappāṭihāriyāhaṁ,1,1.2700896429269978e-06
13769,mayhaṁ,1,1.2700896429269978e-06
13770,sanidānaṁ,1,1.2700896429269978e-06
13771,sappāṭihāriyaṁ,1,1.2700896429269978e-06
13772,karaṇīyo,1,1.2700896429269978e-06
13773,ovādo,1,1.2700896429269978e-06
13774,karaṇīyā,1,1.2700896429269978e-06
13775,anusāsanī,1,1.2700896429269978e-06
13776,alañca,1,1.2700896429269978e-06
13777,tuṭṭhiyā,1,1.2700896429269978e-06
13778,attamanatāya,1,1.2700896429269978e-06
13779,somanassāya,1,1.2700896429269978e-06
13780,svākkhāto,1,1.2700896429269978e-06
13781,suppaṭipanno,1,1.2700896429269978e-06
13782,imasmiñca,1,1.2700896429269978e-06
13783,veyyākaraṇasmiṁ,1,1.2700896429269978e-06
13784,bhaññamāne,1,1.2700896429269978e-06
13785,dasasahassilokadhātu,1,1.2700896429269978e-06
13786,akampitthā,1,1.2700896429269978e-06
13787,akāruṇikoti,1,1.2700896429269978e-06
13788,lokatthacaroti,1,1.2700896429269978e-06
13789,lokatthacaro,1,1.2700896429269978e-06
13790,samāpajjīti,1,1.2700896429269978e-06
13791,samāpajji,1,1.2700896429269978e-06
13792,gandhabhojīti,1,1.2700896429269978e-06
13793,bhuñjatīti,1,1.2700896429269978e-06
13794,adhiggaṇhātī,1,1.2700896429269978e-06
13795,uccārapassāvaṁ,1,1.2700896429269978e-06
13796,nhāyanti,1,1.2700896429269978e-06
13797,vilimpanti,1,1.2700896429269978e-06
13798,ucchādenti,1,1.2700896429269978e-06
13799,peḷāya,1,1.2700896429269978e-06
13800,paṭisāmenti,1,1.2700896429269978e-06
13801,karaṇḍāya,1,1.2700896429269978e-06
13802,āpaṇe,1,1.2700896429269978e-06
13803,pasārenti,1,1.2700896429269978e-06
13804,gandhena,1,1.2700896429269978e-06
13805,gandhakaraṇīyaṁ,1,1.2700896429269978e-06
13806,sacchikarotī,1,1.2700896429269978e-06
13807,ariyamaggehi,1,1.2700896429269978e-06
13808,dakkhanti,1,1.2700896429269978e-06
13809,adhigacchanti,1,1.2700896429269978e-06
13810,phassantarikā,1,1.2700896429269978e-06
13811,saññantarikāti,1,1.2700896429269978e-06
13812,paṭuppannanti,1,1.2700896429269978e-06
13813,paṭuppannaṁ,1,1.2700896429269978e-06
13814,saddaṁsuṇātītikathā,1,1.2700896429269978e-06
13815,manoviññāṇasamaṅgissāti,1,1.2700896429269978e-06
13816,assāsapassāso,1,1.2700896429269978e-06
13817,suṇātītikathā,1,1.2700896429269978e-06
13818,cakkhunārūpaṁpassatītikathā,1,1.2700896429269978e-06
13819,passatītikathā,1,1.2700896429269978e-06
13820,aṭṭhārasamo,1,1.2700896429269978e-06
13821,adhiggaṇhāti,1,1.2700896429269978e-06
13822,nirodheti,1,1.2700896429269978e-06
13823,vigameti,1,1.2700896429269978e-06
13824,khīṇaṁ,1,1.2700896429269978e-06
13825,khepeti,1,1.2700896429269978e-06
13826,atthaṅgameti,1,1.2700896429269978e-06
13827,abbhatthaṅgametīti,1,1.2700896429269978e-06
13828,ajaneti,1,1.2700896429269978e-06
13829,asañjaneti,1,1.2700896429269978e-06
13830,anibbatteti,1,1.2700896429269978e-06
13831,apātubhāvetīti,1,1.2700896429269978e-06
13832,saṅkhārakkhandhapariyāpannan,1,1.2700896429269978e-06
13833,rūpakkhandhapariyāpannāti,1,1.2700896429269978e-06
13834,viññāṇakkhandhapariyāpannāti,1,1.2700896429269978e-06
13835,rūpakkhandhapariyāpannā,1,1.2700896429269978e-06
13836,vedanākkhandhapariyāpannā,1,1.2700896429269978e-06
13837,saññākkhandhapariyāpannā,1,1.2700896429269978e-06
13838,viññāṇakkhandhapariyāpannā,1,1.2700896429269978e-06
13839,suññamidaṁ,1,1.2700896429269978e-06
13840,anavajjāti,1,1.2700896429269978e-06
13841,anavajjā,1,1.2700896429269978e-06
13842,accantaniyato,1,1.2700896429269978e-06
13843,accantaniyatoti,1,1.2700896429269978e-06
13844,asaṅkilesikoti,1,1.2700896429269978e-06
13845,saṅkilesikoti,1,1.2700896429269978e-06
13846,nimujjatī,1,1.2700896429269978e-06
13847,nimujjatīti,1,1.2700896429269978e-06
13848,addasaṁ,1,1.2700896429269978e-06
13849,buddhacakkhunā,1,1.2700896429269978e-06
13850,volokento,1,1.2700896429269978e-06
13851,paralokavajjabhayadassāvino,1,1.2700896429269978e-06
13852,viharante,1,1.2700896429269978e-06
13853,ekūnavīsatimo,1,1.2700896429269978e-06
13854,puthujjanāti,1,1.2700896429269978e-06
13855,paṭihaññatīti,1,1.2700896429269978e-06
13856,suṇantīti,1,1.2700896429269978e-06
13857,rajjeyyunti,1,1.2700896429269978e-06
13858,mucchanīyo,1,1.2700896429269978e-06
13859,dusseyyunti,1,1.2700896429269978e-06
13860,paṭighaṭṭhāniyo,1,1.2700896429269978e-06
13861,muyheyyunti,1,1.2700896429269978e-06
13862,paññānirodhiko,1,1.2700896429269978e-06
13863,vighātapakkhiko,1,1.2700896429269978e-06
13864,anibbānasaṁvattanikoti,1,1.2700896429269978e-06
13865,nibbānasaṁvattanikoti,1,1.2700896429269978e-06
13866,nibbānasaṁvattaniko,1,1.2700896429269978e-06
13867,sovaṇṇamayāya,1,1.2700896429269978e-06
13868,elaṇḍiyāya,1,1.2700896429269978e-06
13869,amaggaṁ,1,1.2700896429269978e-06
13870,amaggo,1,1.2700896429269978e-06
13871,avedanaṁ,1,1.2700896429269978e-06
13872,asaññaṁ,1,1.2700896429269978e-06
13873,asaññā,1,1.2700896429269978e-06
13874,asaṅkhāre,1,1.2700896429269978e-06
13875,asaṅkhārā,1,1.2700896429269978e-06
13876,dukkhasaccānīti,1,1.2700896429269978e-06
13877,samudayasaccānīti,1,1.2700896429269978e-06
13878,maggasaccānīti,1,1.2700896429269978e-06
13879,parāyaṇāni,1,1.2700896429269978e-06
13880,nirodhentīti,1,1.2700896429269978e-06
13881,nirodhenti,1,1.2700896429269978e-06
13882,accantabhaggāti,1,1.2700896429269978e-06
13883,paṭisaṅkhāniruddhā,1,1.2700896429269978e-06
13884,cittaṭṭhiti,1,1.2700896429269978e-06
13885,nirodhakoti,1,1.2700896429269978e-06
13886,lomakūpehi,1,1.2700896429269978e-06
13887,kāraṇāti,1,1.2700896429269978e-06
13888,vimatiṁ,1,1.2700896429269978e-06
13889,gāhayissāmāti,1,1.2700896429269978e-06
13890,vimatī,1,1.2700896429269978e-06
13891,dārakā,1,1.2700896429269978e-06
13892,dārakānaṁ,1,1.2700896429269978e-06
13893,paṇḍakā,1,1.2700896429269978e-06
13894,paṇḍakānaṁ,1,1.2700896429269978e-06
13895,satā,1,1.2700896429269978e-06
13896,sampajānā,1,1.2700896429269978e-06
13897,niddaṁ,1,1.2700896429269978e-06
13898,bāhirakā,1,1.2700896429269978e-06
13899,isayo,1,1.2700896429269978e-06
13900,vītarāgā,1,1.2700896429269978e-06
13901,tesampi,1,1.2700896429269978e-06
13902,mucceyyā,1,1.2700896429269978e-06
13903,upasaṁhareyyuṁ,1,1.2700896429269978e-06
13904,parūpahāroti,1,1.2700896429269978e-06
13905,ekāgāriyaṁ,1,1.2700896429269978e-06
13906,sahetudhammanti,1,1.2700896429269978e-06
13907,paccayānaṁ,1,1.2700896429269978e-06
13908,avedīti,1,1.2700896429269978e-06
13909,vidhūpayaṁ,1,1.2700896429269978e-06
13910,mārasenaṁ,1,1.2700896429269978e-06
13911,sūriyova,1,1.2700896429269978e-06
13912,obhāsayamantalikkhanti,1,1.2700896429269978e-06
13913,huraṁ,1,1.2700896429269978e-06
13914,sakavediyā,1,1.2700896429269978e-06
13915,paravediyā,1,1.2700896429269978e-06
13916,jhāyino,1,1.2700896429269978e-06
13917,carantāti,1,1.2700896429269978e-06
13918,kaṅkhāsamatikkantā,1,1.2700896429269978e-06
13919,kaṅkhābhūtesu,1,1.2700896429269978e-06
13920,pāṇisu,1,1.2700896429269978e-06
13921,asaṁsayā,1,1.2700896429269978e-06
13922,visaṁyuttā,1,1.2700896429269978e-06
13923,etādisī,1,1.2700896429269978e-06
13924,dhammapakāsanettha,1,1.2700896429269978e-06
13925,nitthiṇṇaoghaṁ,1,1.2700896429269978e-06
13926,vicikicchachinnaṁ,1,1.2700896429269978e-06
13927,namassāma,1,1.2700896429269978e-06
13928,jinaṁ,1,1.2700896429269978e-06
13929,janindā,1,1.2700896429269978e-06
13930,sahissāmi,1,1.2700896429269978e-06
13931,pamocanāya,1,1.2700896429269978e-06
13932,kathaṅkathiṁ,1,1.2700896429269978e-06
13933,dhotaka,1,1.2700896429269978e-06
13934,seṭṭhaṁ,1,1.2700896429269978e-06
13935,abhijānamāno,1,1.2700896429269978e-06
13936,tuvaṁ,1,1.2700896429269978e-06
13937,oghamimaṁ,1,1.2700896429269978e-06
13938,taresī,1,1.2700896429269978e-06
13939,sabbasamāpattīsu,1,1.2700896429269978e-06
13940,kiṅgocaranti,1,1.2700896429269978e-06
13941,gocaranti,1,1.2700896429269978e-06
13942,saddagocaraṁ,1,1.2700896429269978e-06
13943,lokiyasamāpattiṁ,1,1.2700896429269978e-06
13944,sikhissa,1,1.2700896429269978e-06
13945,abhibhū,1,1.2700896429269978e-06
13946,dasasahassilokadhātuṁ,1,1.2700896429269978e-06
13947,sarena,1,1.2700896429269978e-06
13948,viññāpesi,1,1.2700896429269978e-06
13949,ārabbhatha,1,1.2700896429269978e-06
13950,nikkamatha,1,1.2700896429269978e-06
13951,yuñjatha,1,1.2700896429269978e-06
13952,buddhasāsane,1,1.2700896429269978e-06
13953,dhunātha,1,1.2700896429269978e-06
13954,maccuno,1,1.2700896429269978e-06
13955,senaṁ,1,1.2700896429269978e-06
13956,naḷāgāraṁva,1,1.2700896429269978e-06
13957,kuñjaro,1,1.2700896429269978e-06
13958,appamatto,1,1.2700896429269978e-06
13959,vihassati,1,1.2700896429269978e-06
13960,jātisaṁsāraṁ,1,1.2700896429269978e-06
13961,karissatī,1,1.2700896429269978e-06
13962,maggapariyāpannanti,1,1.2700896429269978e-06
13963,māsaṁ,1,1.2700896429269978e-06
13964,saṁvaccharaṁ,1,1.2700896429269978e-06
13965,atthaññe,1,1.2700896429269978e-06
13966,ekāhaṁ,1,1.2700896429269978e-06
13967,ekadhammampi,1,1.2700896429269978e-06
13968,samanupassāmi,1,1.2700896429269978e-06
13969,yathayidaṁ,1,1.2700896429269978e-06
13970,yāvañcidaṁ,1,1.2700896429269978e-06
13971,upamāpi,1,1.2700896429269978e-06
13972,sukarā,1,1.2700896429269978e-06
13973,makkaṭo,1,1.2700896429269978e-06
13974,araññe,1,1.2700896429269978e-06
13975,pavane,1,1.2700896429269978e-06
13976,caramāno,1,1.2700896429269978e-06
13977,sākhaṁ,1,1.2700896429269978e-06
13978,divasassa,1,1.2700896429269978e-06
13979,aññadeva,1,1.2700896429269978e-06
13980,mānasahagataṁ,1,1.2700896429269978e-06
13981,diṭṭhisahagataṁ,1,1.2700896429269978e-06
13982,thinasahagataṁ,1,1.2700896429269978e-06
13983,ahirikasahagataṁ,1,1.2700896429269978e-06
13984,anottappasahagataṁ,1,1.2700896429269978e-06
13985,samiñjetīti,1,1.2700896429269978e-06
13986,tatiyabhāgaṁ,1,1.2700896429269978e-06
13987,upaḍḍhakappaṁ,1,1.2700896429269978e-06
13988,cavantīti,1,1.2700896429269978e-06
13989,lābhasukhaṁ,1,1.2700896429269978e-06
13990,sakkārasukhaṁ,1,1.2700896429269978e-06
13991,yānasukhaṁ,1,1.2700896429269978e-06
13992,sayanasukhaṁ,1,1.2700896429269978e-06
13993,issariyasukhaṁ,1,1.2700896429269978e-06
13994,ādhipaccasukhaṁ,1,1.2700896429269978e-06
13995,gihisukhaṁ,1,1.2700896429269978e-06
13996,sāmaññasukhaṁ,1,1.2700896429269978e-06
13997,upadhisukhaṁ,1,1.2700896429269978e-06
13998,nirūpadhisukhaṁ,1,1.2700896429269978e-06
13999,nippītikaṁ,1,1.2700896429269978e-06
14000,jhānasukhaṁ,1,1.2700896429269978e-06
14001,vimuttisukhaṁ,1,1.2700896429269978e-06
14002,kāmasukhaṁ,1,1.2700896429269978e-06
14003,nekkhammasukhaṁ,1,1.2700896429269978e-06
14004,vivekasukhaṁ,1,1.2700896429269978e-06
14005,upasamasukhaṁ,1,1.2700896429269978e-06
14006,sambodhasukhanti,1,1.2700896429269978e-06
14007,sambodhasukhaṁ,1,1.2700896429269978e-06
14008,sokaparidevadukkhadomanassaupāyāsāti,1,1.2700896429269978e-06
14009,nirayā,1,1.2700896429269978e-06
14010,manāparūpaṁ,1,1.2700896429269978e-06
14011,manāparūpan,1,1.2700896429269978e-06
14012,saggā,1,1.2700896429269978e-06
14013,amanāparūpaṁ,1,1.2700896429269978e-06
14014,amanāparūpan,1,1.2700896429269978e-06
14015,sukho,1,1.2700896429269978e-06
14016,viveko,1,1.2700896429269978e-06
14017,tuṭṭhassa,1,1.2700896429269978e-06
14018,sutadhammassa,1,1.2700896429269978e-06
14019,abyāpajjaṁ,1,1.2700896429269978e-06
14020,pāṇabhūtesu,1,1.2700896429269978e-06
14021,virāgatā,1,1.2700896429269978e-06
14022,samatikkamo,1,1.2700896429269978e-06
14023,asmimānassa,1,1.2700896429269978e-06
14024,vinayo,1,1.2700896429269978e-06
14025,accantasukhameva,1,1.2700896429269978e-06
14026,anuppattā,1,1.2700896429269978e-06
14027,bhāvitabbaṁ,1,1.2700896429269978e-06
14028,dukkhadassananti,1,1.2700896429269978e-06
14029,nirodhadassananti,1,1.2700896429269978e-06
14030,saccānīti,1,1.2700896429269978e-06
14031,rūpakkhandhe,1,1.2700896429269978e-06
14032,pañcakkhandhāti,1,1.2700896429269978e-06
14033,cakkhāyatane,1,1.2700896429269978e-06
14034,dvādasāyatanānīti,1,1.2700896429269978e-06
14035,diṭṭhāya,1,1.2700896429269978e-06
14036,bāvīsatindriyānīti,1,1.2700896429269978e-06
14037,catucattārīsāya,1,1.2700896429269978e-06
14038,catucattārīsaṁ,1,1.2700896429269978e-06
14039,sattasattatiyā,1,1.2700896429269978e-06
14040,anupubbaninno,1,1.2700896429269978e-06
14041,anupubbapoṇo,1,1.2700896429269978e-06
14042,anupubbapabbhāro,1,1.2700896429269978e-06
14043,papāto,1,1.2700896429269978e-06
14044,anupubbasikkhā,1,1.2700896429269978e-06
14045,anupubbakiriyā,1,1.2700896429269978e-06
14046,anupubbapaṭipadā,1,1.2700896429269978e-06
14047,aññāpaṭivedho,1,1.2700896429269978e-06
14048,nanvāyasmā,1,1.2700896429269978e-06
14049,gavampati,1,1.2700896429269978e-06
14050,metaṁ,1,1.2700896429269978e-06
14051,paṭiggahitaṁ,1,1.2700896429269978e-06
14052,voropitāti,1,1.2700896429269978e-06
14053,uppāditanti,1,1.2700896429269978e-06
14054,vessabhū,1,1.2700896429269978e-06
14055,pettirājā,1,1.2700896429269978e-06
14056,somo,1,1.2700896429269978e-06
14057,yamo,1,1.2700896429269978e-06
14058,vessavaṇo,1,1.2700896429269978e-06
14059,sakāni,1,1.2700896429269978e-06
14060,paṇunnaṁ,1,1.2700896429269978e-06
14061,paralokapattan,1,1.2700896429269978e-06
14062,pañcavidhabandhanaṁ,1,1.2700896429269978e-06
14063,kāraṇaṁ,1,1.2700896429269978e-06
14064,kārenti,1,1.2700896429269978e-06
14065,majjheurasmiṁ,1,1.2700896429269978e-06
14066,byantī,1,1.2700896429269978e-06
14067,saṁvesetvā,1,1.2700896429269978e-06
14068,kuṭhārīhi,1,1.2700896429269978e-06
14069,vāsīhi,1,1.2700896429269978e-06
14070,rathe,1,1.2700896429269978e-06
14071,yojetvā,1,1.2700896429269978e-06
14072,sārentipi,1,1.2700896429269978e-06
14073,paccāsārentipi,1,1.2700896429269978e-06
14074,aṅgārapabbataṁ,1,1.2700896429269978e-06
14075,sampajjalitaṁ,1,1.2700896429269978e-06
14076,sajotibhūtaṁ,1,1.2700896429269978e-06
14077,āropentipi,1,1.2700896429269978e-06
14078,oropentipi,1,1.2700896429269978e-06
14079,tattāya,1,1.2700896429269978e-06
14080,lohakumbhiyā,1,1.2700896429269978e-06
14081,paccamāno,1,1.2700896429269978e-06
14082,byantīhoti,1,1.2700896429269978e-06
14083,mahāniraye,1,1.2700896429269978e-06
14084,mahānirayo,1,1.2700896429269978e-06
14085,catukkaṇṇo,1,1.2700896429269978e-06
14086,catudvāro,1,1.2700896429269978e-06
14087,vibhatto,1,1.2700896429269978e-06
14088,bhāgaso,1,1.2700896429269978e-06
14089,mito,1,1.2700896429269978e-06
14090,ayopākārapariyanto,1,1.2700896429269978e-06
14091,ayasā,1,1.2700896429269978e-06
14092,paṭikujjito,1,1.2700896429269978e-06
14093,ayomayā,1,1.2700896429269978e-06
14094,jalitā,1,1.2700896429269978e-06
14095,tejasā,1,1.2700896429269978e-06
14096,yutā,1,1.2700896429269978e-06
14097,yojanasataṁ,1,1.2700896429269978e-06
14098,tiracchānagatesu,1,1.2700896429269978e-06
14099,devaloko,1,1.2700896429269978e-06
14100,tiracchānayonīti,1,1.2700896429269978e-06
14101,kīṭā,1,1.2700896429269978e-06
14102,paṭaṅgā,1,1.2700896429269978e-06
14103,makasā,1,1.2700896429269978e-06
14104,ahī,1,1.2700896429269978e-06
14105,vicchikā,1,1.2700896429269978e-06
14106,satapadī,1,1.2700896429269978e-06
14107,gaṇḍuppādāti,1,1.2700896429269978e-06
14108,yānanti,1,1.2700896429269978e-06
14109,hatthibandhā,1,1.2700896429269978e-06
14110,assabandhā,1,1.2700896429269978e-06
14111,yāvasikā,1,1.2700896429269978e-06
14112,kāraṇikā,1,1.2700896429269978e-06
14113,bhattakārakāti,1,1.2700896429269978e-06
14114,sammāsamādhīti,1,1.2700896429269978e-06
14115,maggānaṁ,1,1.2700896429269978e-06
14116,virāgo,1,1.2700896429269978e-06
14117,dvipadānañca,1,1.2700896429269978e-06
14118,suparisuddho,1,1.2700896429269978e-06
14119,evamassāyaṁ,1,1.2700896429269978e-06
14120,bhāvanāpāripūriṁ,1,1.2700896429269978e-06
14121,yasmiñca,1,1.2700896429269978e-06
14122,idheva,1,1.2700896429269978e-06
14123,parappavādā,1,1.2700896429269978e-06
14124,samaṇebhi,1,1.2700896429269978e-06
14125,aññehī,1,1.2700896429269978e-06
14126,sakadāgāmimaggā,1,1.2700896429269978e-06
14127,anāgāmimaggā,1,1.2700896429269978e-06
14128,arahattaphalānīti,1,1.2700896429269978e-06
14129,vīsatimo,1,1.2700896429269978e-06
14130,puññasañcayo,1,1.2700896429269978e-06
14131,satipaṭṭhāne,1,1.2700896429269978e-06
14132,sammappadhāne,1,1.2700896429269978e-06
14133,iddhipāde,1,1.2700896429269978e-06
14134,bale,1,1.2700896429269978e-06
14135,bojjhaṅge,1,1.2700896429269978e-06
14136,rūpadhātuarūpadhātūpagaṁ,1,1.2700896429269978e-06
14137,samakkho,1,1.2700896429269978e-06
14138,sapaḷāso,1,1.2700896429269978e-06
14139,saupāyāso,1,1.2700896429269978e-06
14140,niddoso,1,1.2700896429269978e-06
14141,nimmoho,1,1.2700896429269978e-06
14142,nimmāno,1,1.2700896429269978e-06
14143,nimmakkho,1,1.2700896429269978e-06
14144,nippaḷāso,1,1.2700896429269978e-06
14145,nirupāyāso,1,1.2700896429269978e-06
14146,niccapaṇṇā,1,1.2700896429269978e-06
14147,hontū,1,1.2700896429269978e-06
14148,niccapupphā,1,1.2700896429269978e-06
14149,niccaphalikā,1,1.2700896429269978e-06
14150,juṇhaṁ,1,1.2700896429269978e-06
14151,khemaṁ,1,1.2700896429269978e-06
14152,subhikkhaṁ,1,1.2700896429269978e-06
14153,suvatthi,1,1.2700896429269978e-06
14154,jāyiṁsū,1,1.2700896429269978e-06
14155,jīriṁsū,1,1.2700896429269978e-06
14156,byādhiyiṁsū,1,1.2700896429269978e-06
14157,mīyiṁsū,1,1.2700896429269978e-06
14158,hīnātirekatāti,1,1.2700896429269978e-06
14159,satipaṭṭhānatoti,1,1.2700896429269978e-06
14160,sammappadhānato,1,1.2700896429269978e-06
14161,iddhipādato,1,1.2700896429269978e-06
14162,balato,1,1.2700896429269978e-06
14163,bojjhaṅgato,1,1.2700896429269978e-06
14164,vasibhāvato,1,1.2700896429269978e-06
14165,sabbaññutañāṇadassanatoti,1,1.2700896429269978e-06
14166,kiṁjacco,1,1.2700896429269978e-06
14167,kiṅgotto,1,1.2700896429269978e-06
14168,kiṁnāmā,1,1.2700896429269978e-06
14169,kiṁnāmaṁ,1,1.2700896429269978e-06
14170,konāmo,1,1.2700896429269978e-06
14171,upaṭṭhāko,1,1.2700896429269978e-06
14172,katarasmiṁ,1,1.2700896429269978e-06
14173,nagare,1,1.2700896429269978e-06
14174,raṭṭhe,1,1.2700896429269978e-06
14175,dakkhiṇāya,1,1.2700896429269978e-06
14176,uttarāya,1,1.2700896429269978e-06
14177,yāme,1,1.2700896429269978e-06
14178,tusite,1,1.2700896429269978e-06
14179,nimmānaratiyā,1,1.2700896429269978e-06
14180,paranimmitavasavattiyā,1,1.2700896429269978e-06
14181,ekavīsatimo,1,1.2700896429269978e-06
14182,kātuṁ,1,1.2700896429269978e-06
14183,adhippāyiddhi,1,1.2700896429269978e-06
14184,hīnātirekatā,1,1.2700896429269978e-06
14185,ācinanto,1,1.2700896429269978e-06
14186,apacinanto,1,1.2700896429269978e-06
14187,pajahanto,1,1.2700896429269978e-06
14188,upādiyanto,1,1.2700896429269978e-06
14189,visinento,1,1.2700896429269978e-06
14190,ussinento,1,1.2700896429269978e-06
14191,vidhūpento,1,1.2700896429269978e-06
14192,sandhūpento,1,1.2700896429269978e-06
14193,kiriyamaye,1,1.2700896429269978e-06
14194,dhammasākacchā,1,1.2700896429269978e-06
14195,paripucchā,1,1.2700896429269978e-06
14196,sīlasamādānaṁ,1,1.2700896429269978e-06
14197,jāgariyānuyogo,1,1.2700896429269978e-06
14198,manasikāroti,1,1.2700896429269978e-06
14199,mucceyya,1,1.2700896429269978e-06
14200,nirayasaṁvattaniko,1,1.2700896429269978e-06
14201,tiracchānayonisaṁvattaniko,1,1.2700896429269978e-06
14202,appāyukasaṁvattaniko,1,1.2700896429269978e-06
14203,bahulīkataṁ,1,1.2700896429269978e-06
14204,nirayasaṁvattanikaṁ,1,1.2700896429269978e-06
14205,tiracchānayonisaṁvattanikaṁ,1,1.2700896429269978e-06
14206,pettivisayasaṁvattanikaṁ,1,1.2700896429269978e-06
14207,bhogabyasanasaṁvattaniko,1,1.2700896429269978e-06
14208,sapattaverasaṁvattaniko,1,1.2700896429269978e-06
14209,abbhūtabbhakkhānasaṁvattaniko,1,1.2700896429269978e-06
14210,mittehi,1,1.2700896429269978e-06
14211,bhedanasaṁvattaniko,1,1.2700896429269978e-06
14212,amanāpasaddasaṁvattaniko,1,1.2700896429269978e-06
14213,anādeyyavācāsaṁvattaniko,1,1.2700896429269978e-06
14214,surāmerayapānaṁ,1,1.2700896429269978e-06
14215,surāmerayapānassa,1,1.2700896429269978e-06
14216,ummattakasaṁvattaniko,1,1.2700896429269978e-06
14217,nirayasaṁvattanikā,1,1.2700896429269978e-06
14218,tiracchānayonisaṁvattanikā,1,1.2700896429269978e-06
14219,pettivisayasaṁvattanikā,1,1.2700896429269978e-06
14220,amatogadhā,1,1.2700896429269978e-06
14221,amataparāyanā,1,1.2700896429269978e-06
14222,amatapariyosānā,1,1.2700896429269978e-06
14223,amatogadho,1,1.2700896429269978e-06
14224,amataparāyano,1,1.2700896429269978e-06
14225,amatapariyosāno,1,1.2700896429269978e-06
14226,bāvīsatimo,1,1.2700896429269978e-06
14227,parinibbānaṁ,1,1.2700896429269978e-06
14228,āsevanapaccayatā,1,1.2700896429269978e-06
14229,assamaṇena,1,1.2700896429269978e-06
14230,abhikkhunā,1,1.2700896429269978e-06
14231,chinnamūlena,1,1.2700896429269978e-06
14232,pārājikena,1,1.2700896429269978e-06
14233,hotabbanti,1,1.2700896429269978e-06
14234,pāṇo,1,1.2700896429269978e-06
14235,hantabbo,1,1.2700896429269978e-06
14236,ādiyitabbaṁ,1,1.2700896429269978e-06
14237,bhaṇitabbā,1,1.2700896429269978e-06
14238,palapitabbaṁ,1,1.2700896429269978e-06
14239,sandhi,1,1.2700896429269978e-06
14240,cheditabbo,1,1.2700896429269978e-06
14241,hātabbaṁ,1,1.2700896429269978e-06
14242,ṭhātabbaṁ,1,1.2700896429269978e-06
14243,paradāro,1,1.2700896429269978e-06
14244,gāmaghātako,1,1.2700896429269978e-06
14245,nigamaghātako,1,1.2700896429269978e-06
14246,kātabboti,1,1.2700896429269978e-06
14247,paṭisevantīti,1,1.2700896429269978e-06
14248,ādiyanti,1,1.2700896429269978e-06
14249,palapanti,1,1.2700896429269978e-06
14250,chindanti,1,1.2700896429269978e-06
14251,issariyakāmakārikādikathā,1,1.2700896429269978e-06
14252,sañjīvaṁ,1,1.2700896429269978e-06
14253,kālasuttaṁ,1,1.2700896429269978e-06
14254,tāpanaṁ,1,1.2700896429269978e-06
14255,mahātāpanaṁ,1,1.2700896429269978e-06
14256,saṅghātakaṁ,1,1.2700896429269978e-06
14257,roruvaṁ,1,1.2700896429269978e-06
14258,avīciṁ,1,1.2700896429269978e-06
14259,bodhisattena,1,1.2700896429269978e-06
14260,issariyakāmakārikākathā,1,1.2700896429269978e-06
14261,rāgapatirūpakoti,1,1.2700896429269978e-06
14262,vedanāpatirūpikā,1,1.2700896429269978e-06
14263,saññāpatirūpikā,1,1.2700896429269978e-06
14264,cetanāpatirūpikā,1,1.2700896429269978e-06
14265,cittapatirūpakaṁ,1,1.2700896429269978e-06
14266,saddhāpatirūpikā,1,1.2700896429269978e-06
14267,vīriyapatirūpakaṁ,1,1.2700896429269978e-06
14268,satipatirūpikā,1,1.2700896429269978e-06
14269,samādhipatirūpako,1,1.2700896429269978e-06
14270,kilesapatirūpakoti,1,1.2700896429269978e-06
14271,tevīsatimo,1,1.2700896429269978e-06
14272,paṭisevitabbo,1,1.2700896429269978e-06
14273,paṭisevanti,1,1.2700896429269978e-06
14274,uddisi,1,1.2700896429269978e-06
14275,rāgapatirūpako,1,1.2700896429269978e-06
14276,kilesapatirūpako,1,1.2700896429269978e-06
14277,aparinipphannaṁ,1,1.2700896429269978e-06
14278,khuddako,1,1.2700896429269978e-06
14279,aḍḍhapaṇṇāsako,1,1.2700896429269978e-06
14280,nibbuti,1,1.2700896429269978e-06
14281,ekādhippāyoti,1,1.2700896429269978e-06
14282,paṇṇāsakuddānaṁ,1,1.2700896429269978e-06
14283,mahāniyāmo,1,1.2700896429269978e-06
14284,khuddakapañcamo,1,1.2700896429269978e-06
14285,parappavādamaddanā,1,1.2700896429269978e-06
14286,suttamūlasamāhitā,1,1.2700896429269978e-06
14287,ujjotanā,1,1.2700896429269978e-06
14288,satthusamaye,1,1.2700896429269978e-06
14289,kathāvatthupakaraṇeti,1,1.2700896429269978e-06
14290,pañcattiṁsabhāṇavāraṁ,1,1.2700896429269978e-06
14291,kathāvatthupakaraṇaṁ,1,1.2700896429269978e-06
14292,surāmerayamajjapamādaṭṭhāyinoti,1,1.2700896429269978e-06
14293,asaññattabhāvapaṭilābho,1,1.2700896429269978e-06
14294,saññuppādā,1,1.2700896429269978e-06
14295,kāyā,1,1.2700896429269978e-06
14296,cavantī,1,1.2700896429269978e-06
14297,saññattabhāvapaṭilābho,1,1.2700896429269978e-06
14298,sādhāraṇaṁ,1,1.2700896429269978e-06
14299,asañña,1,1.2700896429269978e-06
14300,bhavagganti,1,1.2700896429269978e-06
14301,sabbadassāvīti,1,1.2700896429269978e-06
14302,tathāgatassāpi,1,1.2700896429269978e-06
14303,sāvakassāpi,1,1.2700896429269978e-06
14304,khīṇāti,1,1.2700896429269978e-06
14305,vimuttīti,1,1.2700896429269978e-06
14306,rāgasahajātaṁ,1,1.2700896429269978e-06
14307,rāgasaṁsaṭṭhaṁ,1,1.2700896429269978e-06
14308,rāgasampayuttaṁ,1,1.2700896429269978e-06
14309,rāgasahabhu,1,1.2700896429269978e-06
14310,rāgānuparivatti,1,1.2700896429269978e-06
14311,dosasahajātaṁ,1,1.2700896429269978e-06
14312,dosasaṁsaṭṭhaṁ,1,1.2700896429269978e-06
14313,dosasampayuttaṁ,1,1.2700896429269978e-06
14314,dosasahabhu,1,1.2700896429269978e-06
14315,dosānuparivatti,1,1.2700896429269978e-06
14316,mohasahajātaṁ,1,1.2700896429269978e-06
14317,mohasaṁsaṭṭhaṁ,1,1.2700896429269978e-06
14318,mohasampayuttaṁ,1,1.2700896429269978e-06
14319,mohasahabhu,1,1.2700896429269978e-06
14320,mohānuparivatti,1,1.2700896429269978e-06
14321,nikkilesaṁ,1,1.2700896429269978e-06
14322,uddhaṁsotoakaniṭṭhagāmīti,1,1.2700896429269978e-06
14323,dussamānaṁ,1,1.2700896429269978e-06
14324,muyhamānaṁ,1,1.2700896429269978e-06
14325,kilissamānanti,1,1.2700896429269978e-06
14326,akatañcāti,1,1.2700896429269978e-06
14327,akatañca,1,1.2700896429269978e-06
14328,abhāvitoti,1,1.2700896429269978e-06
14329,abhāvito,1,1.2700896429269978e-06
14330,aṭṭhamakassaindriyakathā,1,1.2700896429269978e-06
14331,assaddhoti,1,1.2700896429269978e-06
14332,hīnavīriyoti,1,1.2700896429269978e-06
14333,vibbhantacittoti,1,1.2700896429269978e-06
14334,elamūgoti,1,1.2700896429269978e-06
14335,saddhindriyan,1,1.2700896429269978e-06
14336,paññindriyan,1,1.2700896429269978e-06
14337,samattā,1,1.2700896429269978e-06
14338,paripūrattā,1,1.2700896429269978e-06
14339,etāni,1,1.2700896429269978e-06
14340,akkhāsi,1,1.2700896429269978e-06
14341,purisuttamo,1,1.2700896429269978e-06
14342,paṭilābhā,1,1.2700896429269978e-06
14343,sabbadukkhā,1,1.2700896429269978e-06
14344,maṁsasotassa,1,1.2700896429269978e-06
14345,dibbasotan,1,1.2700896429269978e-06
14346,ekaññeva,1,1.2700896429269978e-06
14347,sotan,1,1.2700896429269978e-06
14348,pubbenivāsāya,1,1.2700896429269978e-06
14349,napi,1,1.2700896429269978e-06
14350,cetopariyāya,1,1.2700896429269978e-06
14351,cutiyā,1,1.2700896429269978e-06
14352,salakkhaṇasamannāgato,1,1.2700896429269978e-06
14353,phalena,1,1.2700896429269978e-06
14354,gihissaarahātikathā,1,1.2700896429269978e-06
14355,dukkhassantakaroti,1,1.2700896429269978e-06
14356,vacchagotto,1,1.2700896429269978e-06
14357,paribbājako,1,1.2700896429269978e-06
14358,gotama,1,1.2700896429269978e-06
14359,sādiyeyya,1,1.2700896429269978e-06
14360,cittavaṇḍavālamoḷiṁ,1,1.2700896429269978e-06
14361,dīghadasāni,1,1.2700896429269978e-06
14362,yāvajīvaṁ,1,1.2700896429269978e-06
14363,agāriyabhūto,1,1.2700896429269978e-06
14364,assāti,1,1.2700896429269978e-06
14365,pattoti,1,1.2700896429269978e-06
14366,patto,1,1.2700896429269978e-06
14367,arahātikathā,1,1.2700896429269978e-06
14368,maggacittaṁ,1,1.2700896429269978e-06
14369,phalacittanti,1,1.2700896429269978e-06
14370,gāmanigamanagarajanapadabandhanena,1,1.2700896429269978e-06
14371,passanto,1,1.2700896429269978e-06
14372,vijānanto,1,1.2700896429269978e-06
14373,upekkhāyo,1,1.2700896429269978e-06
14374,chaḷaṅgupekkhoti,1,1.2700896429269978e-06
14375,chaḷaṅgupekkho,1,1.2700896429269978e-06
14376,bodhiyābuddhotikathā,1,1.2700896429269978e-06
14377,vigatāya,1,1.2700896429269978e-06
14378,paṭipassaddhāya,1,1.2700896429269978e-06
14379,abuddho,1,1.2700896429269978e-06
14380,bodhiyo,1,1.2700896429269978e-06
14381,bodhīti,1,1.2700896429269978e-06
14382,buddhotikathā,1,1.2700896429269978e-06
14383,padesalakkhaṇehi,1,1.2700896429269978e-06
14384,padesabodhisattoti,1,1.2700896429269978e-06
14385,tibhāgalakkhaṇehi,1,1.2700896429269978e-06
14386,tibhāgabodhisattoti,1,1.2700896429269978e-06
14387,upaḍḍhalakkhaṇehi,1,1.2700896429269978e-06
14388,upaḍḍhabodhisattoti,1,1.2700896429269978e-06
14389,manussāti,1,1.2700896429269978e-06
14390,obhāsati,1,1.2700896429269978e-06
14391,obhāsatīti,1,1.2700896429269978e-06
14392,dvattiṁsimāni,1,1.2700896429269978e-06
14393,mahāpurisalakkhaṇāni,1,1.2700896429269978e-06
14394,anaññā,1,1.2700896429269978e-06
14395,dhammiko,1,1.2700896429269978e-06
14396,dhammarājā,1,1.2700896429269978e-06
14397,cāturanto,1,1.2700896429269978e-06
14398,vijitāvī,1,1.2700896429269978e-06
14399,janapadatthāvariyappatto,1,1.2700896429269978e-06
14400,sattaratanasamannāgato,1,1.2700896429269978e-06
14401,tassimāni,1,1.2700896429269978e-06
14402,ratanāni,1,1.2700896429269978e-06
14403,cakkaratanaṁ,1,1.2700896429269978e-06
14404,hatthiratanaṁ,1,1.2700896429269978e-06
14405,assaratanaṁ,1,1.2700896429269978e-06
14406,maṇiratanaṁ,1,1.2700896429269978e-06
14407,itthiratanaṁ,1,1.2700896429269978e-06
14408,gahapatiratanaṁ,1,1.2700896429269978e-06
14409,pariṇāyakaratanameva,1,1.2700896429269978e-06
14410,parosahassaṁ,1,1.2700896429269978e-06
14411,puttā,1,1.2700896429269978e-06
14412,vīraṅgarūpā,1,1.2700896429269978e-06
14413,parasenappamaddanā,1,1.2700896429269978e-06
14414,sāgarapariyantaṁ,1,1.2700896429269978e-06
14415,adaṇḍena,1,1.2700896429269978e-06
14416,asatthena,1,1.2700896429269978e-06
14417,abhivijiya,1,1.2700896429269978e-06
14418,vivaṭṭacchado,1,1.2700896429269978e-06
14419,sayambhūti,1,1.2700896429269978e-06
14420,sayambhū,1,1.2700896429269978e-06
14421,anussaviyo,1,1.2700896429269978e-06
14422,abhisambuddhāni,1,1.2700896429269978e-06
14423,uddiseyyāti,1,1.2700896429269978e-06
14424,asāvako,1,1.2700896429269978e-06
14425,kassape,1,1.2700896429269978e-06
14426,acariṁ,1,1.2700896429269978e-06
14427,sambodhāyā,1,1.2700896429269978e-06
14428,sabbābhibhū,1,1.2700896429269978e-06
14429,sabbavidūhamasmi,1,1.2700896429269978e-06
14430,sabbañjaho,1,1.2700896429269978e-06
14431,taṇhakkhaye,1,1.2700896429269978e-06
14432,vimutto,1,1.2700896429269978e-06
14433,kamuddiseyyaṁ,1,1.2700896429269978e-06
14434,ācariyo,1,1.2700896429269978e-06
14435,sadevakasmiṁ,1,1.2700896429269978e-06
14436,paṭipuggalo,1,1.2700896429269978e-06
14437,ahañhi,1,1.2700896429269978e-06
14438,ekomhi,1,1.2700896429269978e-06
14439,sītibhūtosmi,1,1.2700896429269978e-06
14440,pavattetuṁ,1,1.2700896429269978e-06
14441,gacchāmi,1,1.2700896429269978e-06
14442,kāsinaṁ,1,1.2700896429269978e-06
14443,puraṁ,1,1.2700896429269978e-06
14444,andhībhūtasmiṁ,1,1.2700896429269978e-06
14445,āhañchaṁ,1,1.2700896429269978e-06
14446,amatadundubhin,1,1.2700896429269978e-06
14447,paṭijānāsi,1,1.2700896429269978e-06
14448,arahasi,1,1.2700896429269978e-06
14449,anantajino,1,1.2700896429269978e-06
14450,mādisā,1,1.2700896429269978e-06
14451,jinā,1,1.2700896429269978e-06
14452,pattā,1,1.2700896429269978e-06
14453,jitā,1,1.2700896429269978e-06
14454,tasmāhaṁ,1,1.2700896429269978e-06
14455,upaka,1,1.2700896429269978e-06
14456,aparāpisamannāgatakathā,1,1.2700896429269978e-06
14457,paññāpetīti,1,1.2700896429269978e-06
14458,phalaparopariyatti,1,1.2700896429269978e-06
14459,indriyaparopariyatti,1,1.2700896429269978e-06
14460,puggalaparopariyattīti,1,1.2700896429269978e-06
14461,aññāṇīti,1,1.2700896429269978e-06
14462,mahāpaṇṇāsako,1,1.2700896429269978e-06
14463,tassāpi,1,1.2700896429269978e-06
14464,uddānaṁ,1,1.2700896429269978e-06
14465,sattupaladdhiṁ,1,1.2700896429269978e-06
14466,upaharato,1,1.2700896429269978e-06
14467,vimuttipañcamanti,1,1.2700896429269978e-06
14468,paccavekkhaṇañāṇaṁ,1,1.2700896429269978e-06
14469,sakadāgāmiphala,1,1.2700896429269978e-06
14470,anāgāmiphala,1,1.2700896429269978e-06
14471,diṭṭhivipariyeso,1,1.2700896429269978e-06
14472,pathavīti,1,1.2700896429269978e-06
14473,abhisametun,1,1.2700896429269978e-06
14474,abhisametuṁ,1,1.2700896429269978e-06
14475,sammutiṁ,1,1.2700896429269978e-06
14476,cetanārammaṇe,1,1.2700896429269978e-06
14477,cittārammaṇe,1,1.2700896429269978e-06
14478,saddhārammaṇe,1,1.2700896429269978e-06
14479,vīriyārammaṇe,1,1.2700896429269978e-06
14480,satārammaṇe,1,1.2700896429269978e-06
14481,samādhārammaṇe,1,1.2700896429269978e-06
14482,paññārammaṇe,1,1.2700896429269978e-06
14483,rāgārammaṇe,1,1.2700896429269978e-06
14484,dosārammaṇe,1,1.2700896429269978e-06
14485,mohārammaṇe,1,1.2700896429269978e-06
14486,phassapariyāye,1,1.2700896429269978e-06
14487,anottappapariyāye,1,1.2700896429269978e-06
14488,mūlato,1,1.2700896429269978e-06
14489,hetuto,1,1.2700896429269978e-06
14490,nidānato,1,1.2700896429269978e-06
14491,sambhavato,1,1.2700896429269978e-06
14492,pabhavato,1,1.2700896429269978e-06
14493,samuṭṭhānato,1,1.2700896429269978e-06
14494,āhārato,1,1.2700896429269978e-06
14495,ārammaṇato,1,1.2700896429269978e-06
14496,paccayato,1,1.2700896429269978e-06
14497,samudayato,1,1.2700896429269978e-06
14498,hetupaccayataṁ,1,1.2700896429269978e-06
14499,ārammaṇapaccayataṁ,1,1.2700896429269978e-06
14500,adhipatipaccayataṁ,1,1.2700896429269978e-06
14501,anantarapaccayataṁ,1,1.2700896429269978e-06
14502,samanantarapaccayataṁ,1,1.2700896429269978e-06
14503,antarāyā,1,1.2700896429269978e-06
14504,aggito,1,1.2700896429269978e-06
14505,udakato,1,1.2700896429269978e-06
14506,mithubhedā,1,1.2700896429269978e-06
14507,khaggena,1,1.2700896429269978e-06
14508,khaggaṁ,1,1.2700896429269978e-06
14509,pharasunā,1,1.2700896429269978e-06
14510,pharasuṁ,1,1.2700896429269978e-06
14511,kudhāriyā,1,1.2700896429269978e-06
14512,kudhāriṁ,1,1.2700896429269978e-06
14513,vāsiyā,1,1.2700896429269978e-06
14514,vāsiṁ,1,1.2700896429269978e-06
14515,sūciyā,1,1.2700896429269978e-06
14516,sūciṁ,1,1.2700896429269978e-06
14517,sibbeti,1,1.2700896429269978e-06
14518,aṅgulaggena,1,1.2700896429269978e-06
14519,aṅgulaggaṁ,1,1.2700896429269978e-06
14520,nāsikaggena,1,1.2700896429269978e-06
14521,nāsikaggaṁ,1,1.2700896429269978e-06
14522,matthakena,1,1.2700896429269978e-06
14523,matthakaṁ,1,1.2700896429269978e-06
14524,gūthena,1,1.2700896429269978e-06
14525,gūthaṁ,1,1.2700896429269978e-06
14526,muttena,1,1.2700896429269978e-06
14527,kheḷena,1,1.2700896429269978e-06
14528,kheḷaṁ,1,1.2700896429269978e-06
14529,pubbena,1,1.2700896429269978e-06
14530,pubbaṁ,1,1.2700896429269978e-06
14531,lohitena,1,1.2700896429269978e-06
14532,dhovatīti,1,1.2700896429269978e-06
14533,kāyakammaṁsanidassanantikathā,1,1.2700896429269978e-06
14534,pasārentanti,1,1.2700896429269978e-06
14535,pasārentaṁ,1,1.2700896429269978e-06
14536,sanidassanantikathā,1,1.2700896429269978e-06
14537,asaṅkhatāni,1,1.2700896429269978e-06
14538,sakadāgāminiyāmo,1,1.2700896429269978e-06
14539,anāgāminiyāmo,1,1.2700896429269978e-06
14540,sammattaniyāmo,1,1.2700896429269978e-06
14541,niyāme,1,1.2700896429269978e-06
14542,micchattaniyāme,1,1.2700896429269978e-06
14543,abhisameti,1,1.2700896429269978e-06
14544,abhisambujjhitvā,1,1.2700896429269978e-06
14545,abhisametvā,1,1.2700896429269978e-06
14546,ācikkhati,1,1.2700896429269978e-06
14547,vivarati,1,1.2700896429269978e-06
14548,vibhajati,1,1.2700896429269978e-06
14549,avitathatā,1,1.2700896429269978e-06
14550,anaññathatā,1,1.2700896429269978e-06
14551,jarāmaraṇan,1,1.2700896429269978e-06
14552,asaṅkhatānī,1,1.2700896429269978e-06
14553,anaññathāni,1,1.2700896429269978e-06
14554,anaññathānī,1,1.2700896429269978e-06
14555,ākāsānañcāyatanūpagaṁ,1,1.2700896429269978e-06
14556,asaṅkhatūpagaṁ,1,1.2700896429269978e-06
14557,asaṅkhatūpagā,1,1.2700896429269978e-06
14558,udapāne,1,1.2700896429269978e-06
14559,khaññamāne,1,1.2700896429269978e-06
14560,anākāso,1,1.2700896429269978e-06
14561,tucchaudapāne,1,1.2700896429269978e-06
14562,tucchakoṭṭhe,1,1.2700896429269978e-06
14563,tucchakumbhiyā,1,1.2700896429269978e-06
14564,pūriyamānāya,1,1.2700896429269978e-06
14565,ākāsosanidassanotikathā,1,1.2700896429269978e-06
14566,vātapānacchiddanti,1,1.2700896429269978e-06
14567,vātapānacchiddaṁ,1,1.2700896429269978e-06
14568,sanidassanotikathā,1,1.2700896429269978e-06
14569,pathavīdhātusanidassanātiādikathā,1,1.2700896429269978e-06
14570,pabbatanti,1,1.2700896429269978e-06
14571,udakanti,1,1.2700896429269978e-06
14572,jalantanti,1,1.2700896429269978e-06
14573,jalantaṁ,1,1.2700896429269978e-06
14574,sañcāliyamāneti,1,1.2700896429269978e-06
14575,sañcāliyamāne,1,1.2700896429269978e-06
14576,sanidassanātiādikathā,1,1.2700896429269978e-06
14577,cakkhundriyaṁsanidassanantiādikathā,1,1.2700896429269978e-06
14578,kāyanti,1,1.2700896429269978e-06
14579,sanidassanantiādikathā,1,1.2700896429269978e-06
14580,vipākovipākadhammadhammotikathā,1,1.2700896429269978e-06
14581,niraye,1,1.2700896429269978e-06
14582,sagge,1,1.2700896429269978e-06
14583,modatīti,1,1.2700896429269978e-06
14584,aññamaññapaccayāti,1,1.2700896429269978e-06
14585,vipākadhammadhammotikathā,1,1.2700896429269978e-06
14586,tilamhi,1,1.2700896429269978e-06
14587,anugataṁ,1,1.2700896429269978e-06
14588,anupaviṭṭhaṁ,1,1.2700896429269978e-06
14589,ucchumhi,1,1.2700896429269978e-06
14590,anugato,1,1.2700896429269978e-06
14591,anupaviṭṭho,1,1.2700896429269978e-06
14592,anugatā,1,1.2700896429269978e-06
14593,anupaviṭṭhāti,1,1.2700896429269978e-06
14594,cetasikan,1,1.2700896429269978e-06
14595,phassasikāti,1,1.2700896429269978e-06
14596,anottappāsikāti,1,1.2700896429269978e-06
14597,cittañhidaṁ,1,1.2700896429269978e-06
14598,saṁviditassa,1,1.2700896429269978e-06
14599,hīnappaṇītaṁ,1,1.2700896429269978e-06
14600,tadubhaye,1,1.2700896429269978e-06
14601,sammaddaso,1,1.2700896429269978e-06
14602,vedi,1,1.2700896429269978e-06
14603,palokadhamman,1,1.2700896429269978e-06
14604,kevaṭṭa,1,1.2700896429269978e-06
14605,cetasikampi,1,1.2700896429269978e-06
14606,vitakkitampi,1,1.2700896429269978e-06
14607,vicāritampi,1,1.2700896429269978e-06
14608,evampi,1,1.2700896429269978e-06
14609,itthampi,1,1.2700896429269978e-06
14610,hiriyaṁ,1,1.2700896429269978e-06
14611,sappurisānuyātā,1,1.2700896429269978e-06
14612,etañhi,1,1.2700896429269978e-06
14613,diviyaṁ,1,1.2700896429269978e-06
14614,devalokan,1,1.2700896429269978e-06
14615,kāmesumicchācāraṁ,1,1.2700896429269978e-06
14616,surāmerayamajjapamādaṭṭhānaṁ,1,1.2700896429269978e-06
14617,viññūhī,1,1.2700896429269978e-06
14618,pānaṁ,1,1.2700896429269978e-06
14619,āvasathaṁ,1,1.2700896429269978e-06
14620,padīpeyyaṁ,1,1.2700896429269978e-06
14621,detī,1,1.2700896429269978e-06
14622,paribhogamayo,1,1.2700896429269978e-06
14623,samannāharati,1,1.2700896429269978e-06
14624,asamannāharantassa,1,1.2700896429269978e-06
14625,amanasikarontassa,1,1.2700896429269978e-06
14626,acetayantassa,1,1.2700896429269978e-06
14627,apatthayantassa,1,1.2700896429269978e-06
14628,orimañca,1,1.2700896429269978e-06
14629,pārimañca,1,1.2700896429269978e-06
14630,suvidūravidūrānīti,1,1.2700896429269978e-06
14631,tadāhu,1,1.2700896429269978e-06
14632,pabhaṅkaro,1,1.2700896429269978e-06
14633,dūrataraṁ,1,1.2700896429269978e-06
14634,abyāyiko,1,1.2700896429269978e-06
14635,yāvampi,1,1.2700896429269978e-06
14636,khippañhi,1,1.2700896429269978e-06
14637,asataṁ,1,1.2700896429269978e-06
14638,setukārakā,1,1.2700896429269978e-06
14639,papañca,1,1.2700896429269978e-06
14640,udapānañca,1,1.2700896429269978e-06
14641,upassayaṁ,1,1.2700896429269978e-06
14642,divā,1,1.2700896429269978e-06
14643,pavaḍḍhati,1,1.2700896429269978e-06
14644,itodinnakathā,1,1.2700896429269978e-06
14645,paṭilabhantīti,1,1.2700896429269978e-06
14646,unname,1,1.2700896429269978e-06
14647,vuṭṭhaṁ,1,1.2700896429269978e-06
14648,yathāninnaṁ,1,1.2700896429269978e-06
14649,vārivahā,1,1.2700896429269978e-06
14650,pūrā,1,1.2700896429269978e-06
14651,paripūrenti,1,1.2700896429269978e-06
14652,sāgaraṁ,1,1.2700896429269978e-06
14653,kasī,1,1.2700896429269978e-06
14654,gorakkhettha,1,1.2700896429269978e-06
14655,vaṇijjā,1,1.2700896429269978e-06
14656,tādisī,1,1.2700896429269978e-06
14657,hiraññena,1,1.2700896429269978e-06
14658,kayākayaṁ,1,1.2700896429269978e-06
14659,kālaṅkatā,1,1.2700896429269978e-06
14660,tahin,1,1.2700896429269978e-06
14661,jāyamānaṁ,1,1.2700896429269978e-06
14662,ṭhassati,1,1.2700896429269978e-06
14663,paṭipajjissati,1,1.2700896429269978e-06
14664,kālaṅkatānaṁ,1,1.2700896429269978e-06
14665,jāyamānanti,1,1.2700896429269978e-06
14666,tiṭṭhe,1,1.2700896429269978e-06
14667,ṭhānānetāni,1,1.2700896429269978e-06
14668,sappurisā,1,1.2700896429269978e-06
14669,katavedino,1,1.2700896429269978e-06
14670,bharanti,1,1.2700896429269978e-06
14671,katamanussaraṁ,1,1.2700896429269978e-06
14672,kiccāni,1,1.2700896429269978e-06
14673,pubbakārinaṁ,1,1.2700896429269978e-06
14674,ovādakārī,1,1.2700896429269978e-06
14675,bhaṭaposī,1,1.2700896429269978e-06
14676,kulavaṁsaṁ,1,1.2700896429269978e-06
14677,ahāpayaṁ,1,1.2700896429269978e-06
14678,saddho,1,1.2700896429269978e-06
14679,pasaṁsiyo,1,1.2700896429269978e-06
14680,dinnakathā,1,1.2700896429269978e-06
14681,pathavīkammavipākotikathā,1,1.2700896429269978e-06
14682,paggahaniggahupagā,1,1.2700896429269978e-06
14683,chedanabhedanupagāti,1,1.2700896429269978e-06
14684,chedanabhedanupagoti,1,1.2700896429269978e-06
14685,sādhāraṇāti,1,1.2700896429269978e-06
14686,asādhāraṇamaññesaṁ,1,1.2700896429269978e-06
14687,acoraharaṇo,1,1.2700896429269978e-06
14688,nidhi,1,1.2700896429269978e-06
14689,kayirātha,1,1.2700896429269978e-06
14690,macco,1,1.2700896429269978e-06
14691,puññāni,1,1.2700896429269978e-06
14692,care,1,1.2700896429269978e-06
14693,sādhāraṇo,1,1.2700896429269978e-06
14694,vipākapaṭilābhāya,1,1.2700896429269978e-06
14695,sabbasattānaṁ,1,1.2700896429269978e-06
14696,aparibhuñjitvā,1,1.2700896429269978e-06
14697,akhepetvā,1,1.2700896429269978e-06
14698,kammavipākotikathā,1,1.2700896429269978e-06
14699,jarāmaraṇaṁvipākotikathā,1,1.2700896429269978e-06
14700,brahmaññanti,1,1.2700896429269978e-06
14701,brahmaññaṁ,1,1.2700896429269978e-06
14702,anavaseso,1,1.2700896429269978e-06
14703,jīvitindriyānīti,1,1.2700896429269978e-06
14704,jīvitehi,1,1.2700896429269978e-06
14705,jīvati,1,1.2700896429269978e-06
14706,maraṇehi,1,1.2700896429269978e-06
14707,mīyatīti,1,1.2700896429269978e-06
14708,pāṇātipātakammassa,1,1.2700896429269978e-06
14709,adinnādānakammassa,1,1.2700896429269978e-06
14710,kāmesumicchācārakammassa,1,1.2700896429269978e-06
14711,musāvādakammassa,1,1.2700896429269978e-06
14712,pisuṇavācākammassa,1,1.2700896429269978e-06
14713,pharusavācākammassa,1,1.2700896429269978e-06
14714,samphappalāpakammassa,1,1.2700896429269978e-06
14715,mātughātakammassa,1,1.2700896429269978e-06
14716,pitughātakammassa,1,1.2700896429269978e-06
14717,arahantaghātakammassa,1,1.2700896429269978e-06
14718,katamassa,1,1.2700896429269978e-06
14719,abbhācikkhatīti,1,1.2700896429269978e-06
14720,abbhācikkhanakammassa,1,1.2700896429269978e-06
14721,abbhācikkhanti,1,1.2700896429269978e-06
14722,kammahetukā,1,1.2700896429269978e-06
14723,pubbadevāti,1,1.2700896429269978e-06
14724,pubbadevā,1,1.2700896429269978e-06
14725,asurakāyoti,1,1.2700896429269978e-06
14726,asurakāyo,1,1.2700896429269978e-06
14727,kāmabhavoti,1,1.2700896429269978e-06
14728,rūpabhavoti,1,1.2700896429269978e-06
14729,arūpabhavoti,1,1.2700896429269978e-06
14730,pañcamī,1,1.2700896429269978e-06
14731,chaṭṭhamī,1,1.2700896429269978e-06
14732,aṭṭhamī,1,1.2700896429269978e-06
14733,sattāvāsoti,1,1.2700896429269978e-06
14734,kāmabhavūpagaṁ,1,1.2700896429269978e-06
14735,kāmabhavūpagā,1,1.2700896429269978e-06
14736,rūpabhavūpagaṁ,1,1.2700896429269978e-06
14737,rūpabhavūpagā,1,1.2700896429269978e-06
14738,arūpabhavūpagaṁ,1,1.2700896429269978e-06
14739,arūpabhavūpagā,1,1.2700896429269978e-06
14740,nirayūpagassa,1,1.2700896429269978e-06
14741,asaññasattūpagassa,1,1.2700896429269978e-06
14742,upahaccabhavoti,1,1.2700896429269978e-06
14743,sasaṅkhārabhavoti,1,1.2700896429269978e-06
14744,tappaṭisaññuttā,1,1.2700896429269978e-06
14745,manocchaṭṭhā,1,1.2700896429269978e-06
14746,paveditā,1,1.2700896429269978e-06
14747,kāmadhātūpagaṁ,1,1.2700896429269978e-06
14748,kāmadhātūpagā,1,1.2700896429269978e-06
14749,tappaṭisaṁyuttā,1,1.2700896429269978e-06
14750,nete,1,1.2700896429269978e-06
14751,nāmete,1,1.2700896429269978e-06
14752,vuccan,1,1.2700896429269978e-06
14753,athettha,1,1.2700896429269978e-06
14754,vinayanti,1,1.2700896429269978e-06
14755,chandan,1,1.2700896429269978e-06
14756,rūpadhātūpagaṁ,1,1.2700896429269978e-06
14757,rūpadhātūpagā,1,1.2700896429269978e-06
14758,arūpadhātūpagaṁ,1,1.2700896429269978e-06
14759,arūpadhātūpagā,1,1.2700896429269978e-06
14760,rūpadhātuyāāyatanakathā,1,1.2700896429269978e-06
14761,rūpadhātuyāti,1,1.2700896429269978e-06
14762,duggandhoti,1,1.2700896429269978e-06
14763,loṇiyaṁ,1,1.2700896429269978e-06
14764,khāriyaṁ,1,1.2700896429269978e-06
14765,asādūti,1,1.2700896429269978e-06
14766,lahukanti,1,1.2700896429269978e-06
14767,kāyanimittanti,1,1.2700896429269978e-06
14768,kāyanimittaṁ,1,1.2700896429269978e-06
14769,āyatanakathā,1,1.2700896429269978e-06
14770,arūperūpakathā,1,1.2700896429269978e-06
14771,arūpattabhāvapaṭilābho,1,1.2700896429269978e-06
14772,nekkhammaṁ,1,1.2700896429269978e-06
14773,nekkhammesu,1,1.2700896429269978e-06
14774,anāsavesu,1,1.2700896429269978e-06
14775,apariyāpannesu,1,1.2700896429269978e-06
14776,rūpakathā,1,1.2700896429269978e-06
14777,rūpaṅkammantikathā,1,1.2700896429269978e-06
14778,vacīkammanti,1,1.2700896429269978e-06
14779,akusalopīti,1,1.2700896429269978e-06
14780,cetanāhaṁ,1,1.2700896429269978e-06
14781,cetayitvā,1,1.2700896429269978e-06
14782,kāyasañcetanāhetu,1,1.2700896429269978e-06
14783,vacīsañcetanāhetu,1,1.2700896429269978e-06
14784,mane,1,1.2700896429269978e-06
14785,manosañcetanāhetu,1,1.2700896429269978e-06
14786,sukhavipākan,1,1.2700896429269978e-06
14787,sacāyaṁ,1,1.2700896429269978e-06
14788,byākareyya,1,1.2700896429269978e-06
14789,byākareyyā,1,1.2700896429269978e-06
14790,nayathācittassakāyakammantikathā,1,1.2700896429269978e-06
14791,ekuppādanti,1,1.2700896429269978e-06
14792,kāyakammantikathā,1,1.2700896429269978e-06
14793,atītānāgatasamannāgatakathā,1,1.2700896429269978e-06
14794,rūpakkhandhehi,1,1.2700896429269978e-06
14795,cakkhāyatanehi,1,1.2700896429269978e-06
14796,chattiṁsāyatanehi,1,1.2700896429269978e-06
14797,cakkhudhātūhi,1,1.2700896429269978e-06
14798,atītāhi,1,1.2700896429269978e-06
14799,anāgatāhi,1,1.2700896429269978e-06
14800,paccuppannāhi,1,1.2700896429269978e-06
14801,catupaññāsadhātūhi,1,1.2700896429269978e-06
14802,cakkhundriyehi,1,1.2700896429269978e-06
14803,chasaṭṭhindriyehi,1,1.2700896429269978e-06
14804,lābhīti,1,1.2700896429269978e-06
14805,atītānāgatapaccuppannakathā,1,1.2700896429269978e-06
14806,vitakkānupatitaṁ,1,1.2700896429269978e-06
14807,rogato,1,1.2700896429269978e-06
14808,gaṇḍato,1,1.2700896429269978e-06
14809,sallato,1,1.2700896429269978e-06
14810,aghato,1,1.2700896429269978e-06
14811,ābādhato,1,1.2700896429269978e-06
14812,palokato,1,1.2700896429269978e-06
14813,ītito,1,1.2700896429269978e-06
14814,upaddavato,1,1.2700896429269978e-06
14815,bhayato,1,1.2700896429269978e-06
14816,upasaggato,1,1.2700896429269978e-06
14817,calato,1,1.2700896429269978e-06
14818,pabhaṅguto,1,1.2700896429269978e-06
14819,addhuvato,1,1.2700896429269978e-06
14820,atāṇato,1,1.2700896429269978e-06
14821,aleṇato,1,1.2700896429269978e-06
14822,asaraṇato,1,1.2700896429269978e-06
14823,asaraṇībhūtato,1,1.2700896429269978e-06
14824,rittato,1,1.2700896429269978e-06
14825,tucchato,1,1.2700896429269978e-06
14826,sukhānupassī,1,1.2700896429269978e-06
14827,sukhasaññī,1,1.2700896429269978e-06
14828,sukhapaṭisaṁvedī,1,1.2700896429269978e-06
14829,adhimuccamāno,1,1.2700896429269978e-06
14830,pariyogāhamāno,1,1.2700896429269978e-06
14831,mucchaniyaṁ,1,1.2700896429269978e-06
14832,paṭighaṭṭhāniyaṁ,1,1.2700896429269978e-06
14833,paññānirodhiyaṁ,1,1.2700896429269978e-06
14834,vighātapakkhiyaṁ,1,1.2700896429269978e-06
14835,paññābuddhiyaṁ,1,1.2700896429269978e-06
14836,avighātapakkhiyaṁ,1,1.2700896429269978e-06
14837,nibbānasaṁvattaniyaṁ,1,1.2700896429269978e-06
14838,sañjānitvā,1,1.2700896429269978e-06
14839,nibbānasmiṁ,1,1.2700896429269978e-06
14840,meti,1,1.2700896429269978e-06
14841,abhinandatī,1,1.2700896429269978e-06
14842,rūpaṁsārammaṇantikathā,1,1.2700896429269978e-06
14843,sārammaṇantikathā,1,1.2700896429269978e-06
14844,anusayāanārammaṇātikathā,1,1.2700896429269978e-06
14845,anusayānaṁ,1,1.2700896429269978e-06
14846,anārammaṇātikathā,1,1.2700896429269978e-06
14847,ñāṇaṁanārammaṇantikathā,1,1.2700896429269978e-06
14848,anārammaṇantikathā,1,1.2700896429269978e-06
14849,vicārānupatitaṁ,1,1.2700896429269978e-06
14850,pītānupatitaṁ,1,1.2700896429269978e-06
14851,sukhānupatitaṁ,1,1.2700896429269978e-06
14852,dukkhānupatitaṁ,1,1.2700896429269978e-06
14853,somanassānupatitaṁ,1,1.2700896429269978e-06
14854,domanassānupatitaṁ,1,1.2700896429269978e-06
14855,upekkhānupatitaṁ,1,1.2700896429269978e-06
14856,saddhānupatitaṁ,1,1.2700896429269978e-06
14857,vīriyānupatitaṁ,1,1.2700896429269978e-06
14858,satānupatitaṁ,1,1.2700896429269978e-06
14859,samādhānupatitaṁ,1,1.2700896429269978e-06
14860,paññānupatitaṁ,1,1.2700896429269978e-06
14861,rāgānupatitaṁ,1,1.2700896429269978e-06
14862,dosānupatitaṁ,1,1.2700896429269978e-06
14863,anottappānupatitanti,1,1.2700896429269978e-06
14864,phusayato,1,1.2700896429269978e-06
14865,phassavipphāro,1,1.2700896429269978e-06
14866,vedayato,1,1.2700896429269978e-06
14867,vedanāvipphāro,1,1.2700896429269978e-06
14868,sañjānato,1,1.2700896429269978e-06
14869,saññāvipphāro,1,1.2700896429269978e-06
14870,cetayato,1,1.2700896429269978e-06
14871,cetanāvipphāro,1,1.2700896429269978e-06
14872,cintayato,1,1.2700896429269978e-06
14873,cittavipphāro,1,1.2700896429269978e-06
14874,sarato,1,1.2700896429269978e-06
14875,sativipphāro,1,1.2700896429269978e-06
14876,pajānato,1,1.2700896429269978e-06
14877,paññāvipphāro,1,1.2700896429269978e-06
14878,nayathācittassavācātikathā,1,1.2700896429269978e-06
14879,asaññakassa,1,1.2700896429269978e-06
14880,acetanakassa,1,1.2700896429269978e-06
14881,savedanakassa,1,1.2700896429269978e-06
14882,sasaññakassa,1,1.2700896429269978e-06
14883,sacetanakassa,1,1.2700896429269978e-06
14884,ekuppādāti,1,1.2700896429269978e-06
14885,kathessāmī,1,1.2700896429269978e-06
14886,ālapissāmī,1,1.2700896429269978e-06
14887,vācātikathā,1,1.2700896429269978e-06
14888,hetusadisaṁ,1,1.2700896429269978e-06
14889,paccanīyasadisaṁ,1,1.2700896429269978e-06
14890,navippayuttasadisaṁ,1,1.2700896429269978e-06
14891,vuṭṭhānassapi,1,1.2700896429269978e-06
14892,āvajjanāyapi,1,1.2700896429269978e-06
14893,āhārasadisaṁ,1,1.2700896429269978e-06
14894,sampayuttavārasadisaṁ,1,1.2700896429269978e-06
14895,nayena,1,1.2700896429269978e-06
14896,uddhaccan,1,1.2700896429269978e-06
14897,missagataṁ,1,1.2700896429269978e-06
14898,ārammaṇaupanissayā,1,1.2700896429269978e-06
14899,gaṇentānaṁ,1,1.2700896429269978e-06
14900,byañjanena,1,1.2700896429269978e-06
14901,samenti,1,1.2700896429269978e-06
14902,pākaṭā,1,1.2700896429269978e-06
14903,atthipaccaye,1,1.2700896429269978e-06
14904,pekkhitabbaṁ,1,1.2700896429269978e-06
14905,dassanenapahātabbahetukattikaṁ,1,1.2700896429269978e-06
14906,cittasamuṭṭhānampi,1,1.2700896429269978e-06
14907,kaṭattārūpampi,1,1.2700896429269978e-06
14908,upādārūpampi,1,1.2700896429269978e-06
14909,sahajātavārasadisā,1,1.2700896429269978e-06
14910,ācayagāminayena,1,1.2700896429269978e-06
14911,dassitanayena,1,1.2700896429269978e-06
14912,ācayagāmittikaṁ,1,1.2700896429269978e-06
14913,maggapaccaya,1,1.2700896429269978e-06
14914,aññamaññapaccaya,1,1.2700896429269978e-06
14915,nevasekkhanāsekkhamūlake,1,1.2700896429269978e-06
14916,sekkhaghaṭanesu,1,1.2700896429269978e-06
14917,sekkhacittasamaṅgissa,1,1.2700896429269978e-06
14918,asekkhacittasamaṅgissa,1,1.2700896429269978e-06
14919,nevasekkhanāsekkhacittasamaṅgissa,1,1.2700896429269978e-06
14920,nevasekkhanāsekkhādhipati,1,1.2700896429269978e-06
14921,nevasekkhanāsekkhāya,1,1.2700896429269978e-06
14922,asekkhamūlake,1,1.2700896429269978e-06
14923,sekkhattikaṁ,1,1.2700896429269978e-06
14924,parittamūlake,1,1.2700896429269978e-06
14925,niddisitabbaṁ,1,1.2700896429269978e-06
14926,paṭisandhivipākopi,1,1.2700896429269978e-06
14927,vipākopi,1,1.2700896429269978e-06
14928,parittacittasamaṅgissa,1,1.2700896429269978e-06
14929,mahaggatacittasamaṅgissa,1,1.2700896429269978e-06
14930,appamāṇacittasamaṅgissa,1,1.2700896429269978e-06
14931,parittādhipati,1,1.2700896429269978e-06
14932,samanantarapaccayaṁ,1,1.2700896429269978e-06
14933,uposathaṁ,1,1.2700896429269978e-06
14934,pavattimeva,1,1.2700896429269978e-06
14935,parittattikaṁ,1,1.2700896429269978e-06
14936,napacchājātapaccayañca,1,1.2700896429269978e-06
14937,naāsevanapaccayañca,1,1.2700896429269978e-06
14938,naadhipatisadisaṁ,1,1.2700896429269978e-06
14939,parittārammaṇaparittacittasamaṅgissa,1,1.2700896429269978e-06
14940,parittārammaṇamahaggatacittasamaṅgissa,1,1.2700896429269978e-06
14941,mahaggatārammaṇamahaggatacittasamaṅgissa,1,1.2700896429269978e-06
14942,nevasaññānāsaññāyatanapaccavekkhaṇaṁ,1,1.2700896429269978e-06
14943,dibbacakkhupaccavekkhaṇaṁ,1,1.2700896429269978e-06
14944,dibbasotadhātupaccavekkhaṇaṁ,1,1.2700896429269978e-06
14945,iddhividhañāṇapaccavekkhaṇaṁ,1,1.2700896429269978e-06
14946,cetopariyañāṇapaccavekkhaṇaṁ,1,1.2700896429269978e-06
14947,pubbenivāsānussatiñāṇapaccavekkhaṇaṁ,1,1.2700896429269978e-06
14948,yathākammūpagañāṇapaccavekkhaṇaṁ,1,1.2700896429269978e-06
14949,mahaggatārammaṇaparittacittasamaṅgissa,1,1.2700896429269978e-06
14950,appamāṇārammaṇaappamāṇacittasamaṅgissa,1,1.2700896429269978e-06
14951,appamāṇārammaṇaparittacittasamaṅgissa,1,1.2700896429269978e-06
14952,appamāṇārammaṇamahaggatacittasamaṅgissa,1,1.2700896429269978e-06
14953,parittārammaṇādhipati,1,1.2700896429269978e-06
14954,mahaggatārammaṇādhipati,1,1.2700896429269978e-06
14955,appamāṇārammaṇādhipati,1,1.2700896429269978e-06
14956,parittārammaṇattikaṁ,1,1.2700896429269978e-06
14957,saṅkiliṭṭhattikasadisaṁ,1,1.2700896429269978e-06
14958,micchattasadisaṁ,1,1.2700896429269978e-06
14959,micchattaniyatacittasamaṅgissa,1,1.2700896429269978e-06
14960,sammattaniyatacittasamaṅgissa,1,1.2700896429269978e-06
14961,aniyatacittasamaṅgissa,1,1.2700896429269978e-06
14962,parāmasantassa,1,1.2700896429269978e-06
14963,micchattaniyatasadisā,1,1.2700896429269978e-06
14964,micchattaniyatattikaṁ,1,1.2700896429269978e-06
14965,paṭhamaghaṭane,1,1.2700896429269978e-06
14966,dutiyaghaṭane,1,1.2700896429269978e-06
14967,paccayānulomaṁ,1,1.2700896429269978e-06
14968,maggahetukacittasamaṅgissa,1,1.2700896429269978e-06
14969,maggādhipaticittasamaṅgissa,1,1.2700896429269978e-06
14970,maggahetukamaggādhipaticittasamaṅgissa,1,1.2700896429269978e-06
14971,maggāhetukānañca,1,1.2700896429269978e-06
14972,gahite,1,1.2700896429269978e-06
14973,pakatārammaṇampi,1,1.2700896429269978e-06
14974,upanissayārammaṇampi,1,1.2700896429269978e-06
14975,chijjanti,1,1.2700896429269978e-06
14976,maggārammaṇattikaṁ,1,1.2700896429269978e-06
14977,paccanīyānuloma,1,1.2700896429269978e-06
14978,uppannattikaṁ,1,1.2700896429269978e-06
14979,paccuppannādhipati,1,1.2700896429269978e-06
14980,ghānasampadaṁ,1,1.2700896429269978e-06
14981,jivhāsampadaṁ,1,1.2700896429269978e-06
14982,uppannattike,1,1.2700896429269978e-06
14983,nikkhepavāra,1,1.2700896429269978e-06
14984,paccayuddesa,1,1.2700896429269978e-06
14985,avigatapaccayoti,1,1.2700896429269978e-06
14986,paccayuddeso,1,1.2700896429269978e-06
14987,paccayaniddesa,1,1.2700896429269978e-06
14988,hetusampayuttakānaṁ,1,1.2700896429269978e-06
14989,chandasampayuttakānaṁ,1,1.2700896429269978e-06
14990,vīriyasampayuttakānaṁ,1,1.2700896429269978e-06
14991,vīmaṁsasampayuttakānaṁ,1,1.2700896429269978e-06
14992,utubhojanampi,1,1.2700896429269978e-06
14993,senāsanampi,1,1.2700896429269978e-06
14994,jhānasampayuttakānaṁ,1,1.2700896429269978e-06
14995,maggasampayuttakānaṁ,1,1.2700896429269978e-06
14996,samanantaraniruddhā,1,1.2700896429269978e-06
14997,samanantaravigatā,1,1.2700896429269978e-06
14998,paccayaniddeso,1,1.2700896429269978e-06
14999,pucchāvāra,1,1.2700896429269978e-06
15000,ekamūlaka,1,1.2700896429269978e-06
15001,kusalābyākatapada,1,1.2700896429269978e-06
15002,akusalābyākatapada,1,1.2700896429269978e-06
15003,kusalākusalābyākatapada,1,1.2700896429269978e-06
15004,hetupaccayavāro,1,1.2700896429269978e-06
15005,ārammaṇapaccayopi,1,1.2700896429269978e-06
15006,avigatapaccayopi,1,1.2700896429269978e-06
15007,hetumūlaka,1,1.2700896429269978e-06
15008,pañcamūlakādikā,1,1.2700896429269978e-06
15009,ārammaṇamūlakādi,1,1.2700896429269978e-06
15010,anulomamhi,1,1.2700896429269978e-06
15011,tevīsatimūlakaṁ,1,1.2700896429269978e-06
15012,paccanīyamhi,1,1.2700896429269978e-06
15013,anulomapaccanīyepi,1,1.2700896429269978e-06
15014,padaṁ,1,1.2700896429269978e-06
15015,anulomapaccanīyamhi,1,1.2700896429269978e-06
15016,paccanīyānulomamhi,1,1.2700896429269978e-06
15017,paṇṇattivāro,1,1.2700896429269978e-06
15018,niddesavāre,1,1.2700896429269978e-06
15019,naadhipatisadisā,1,1.2700896429269978e-06
15020,nahetusadisā,1,1.2700896429269978e-06
15021,atītārammaṇapaccuppannacittasamaṅgissa,1,1.2700896429269978e-06
15022,anāgatārammaṇapaccuppannacittasamaṅgissa,1,1.2700896429269978e-06
15023,paccuppannārammaṇapaccuppannacittasamaṅgissa,1,1.2700896429269978e-06
15024,atītārammaṇādhipati,1,1.2700896429269978e-06
15025,anāgatārammaṇādhipati,1,1.2700896429269978e-06
15026,paccuppannārammaṇādhipati,1,1.2700896429269978e-06
15027,paṭisandhicittassa,1,1.2700896429269978e-06
15028,tayopi,1,1.2700896429269978e-06
15029,atītārammaṇattikaṁ,1,1.2700896429269978e-06
15030,namaggādi,1,1.2700896429269978e-06
15031,sahajātavāre,1,1.2700896429269978e-06
15032,khandhānañca,1,1.2700896429269978e-06
15033,pavattipaṭisandhipi,1,1.2700896429269978e-06
15034,ajjhattacittasamaṅgissa,1,1.2700896429269978e-06
15035,ajjhattādhipati,1,1.2700896429269978e-06
15036,bahiddhādhipati,1,1.2700896429269978e-06
15037,bahiddhāti,1,1.2700896429269978e-06
15038,ajjhattasadisaṁyeva,1,1.2700896429269978e-06
15039,rūpajīvitindriyampi,1,1.2700896429269978e-06
15040,ajjhattattikaṁ,1,1.2700896429269978e-06
15041,nahetusadiso,1,1.2700896429269978e-06
15042,ajjhattārammaṇabahiddhācittasamaṅgissa,1,1.2700896429269978e-06
15043,bahiddhārammaṇabahiddhācittasamaṅgissa,1,1.2700896429269978e-06
15044,ajjhattārammaṇādhipati,1,1.2700896429269978e-06
15045,bahiddhārammaṇādhipati,1,1.2700896429269978e-06
15046,ajjhattārammaṇattikaṁ,1,1.2700896429269978e-06
15047,pariyosānapadā,1,1.2700896429269978e-06
15048,niṭṭhānapadā,1,1.2700896429269978e-06
15049,anidassanaappaṭighamūlakā,1,1.2700896429269978e-06
15050,vibhajitvā,1,1.2700896429269978e-06
15051,nakammeneva,1,1.2700896429269978e-06
15052,kaṭattāpi,1,1.2700896429269978e-06
15053,pañcavokāreyeva,1,1.2700896429269978e-06
15054,ekavīsāpi,1,1.2700896429269978e-06
15055,naindriyādi,1,1.2700896429269978e-06
15056,anidassanaappaṭighamūlakeyeva,1,1.2700896429269978e-06
15057,anidassanaappaṭighacittasamaṅgissa,1,1.2700896429269978e-06
15058,tividharūpasaṅgahena,1,1.2700896429269978e-06
15059,sattasupi,1,1.2700896429269978e-06
15060,rasāyatanassa,1,1.2700896429269978e-06
15061,kabaḷīkārāhārassa,1,1.2700896429269978e-06
15062,indriyampi,1,1.2700896429269978e-06
15063,natthivigatapaccayaṁ,1,1.2700896429269978e-06
15064,gaṇanavāro,1,1.2700896429269978e-06
15065,gaṇetabbo,1,1.2700896429269978e-06
15066,nahetutika,1,1.2700896429269978e-06
15067,sanidassanasappaṭighattikaṁ,1,1.2700896429269978e-06
15068,tikapaṭṭhānaṁ,1,1.2700896429269978e-06
15069,anantarampi,1,1.2700896429269978e-06
15070,samanantarampi,1,1.2700896429269978e-06
15071,nissayapaccayaṁ,1,1.2700896429269978e-06
15072,upanissayapaccayaṁ,1,1.2700896429269978e-06
15073,indriyapaccayaṁ,1,1.2700896429269978e-06
15074,jhānapaccayampi,1,1.2700896429269978e-06
15075,maggapaccayampi,1,1.2700896429269978e-06
15076,sampayuttapaccayaṁ,1,1.2700896429269978e-06
15077,ārammaṇadukādi,1,1.2700896429269978e-06
15078,vipākamūlake,1,1.2700896429269978e-06
15079,āsevanaṁ,1,1.2700896429269978e-06
15080,ekekaṁ,1,1.2700896429269978e-06
15081,gaṇetabbāti,1,1.2700896429269978e-06
15082,naanantarapaccayampi,1,1.2700896429269978e-06
15083,nasamanantarapaccayampi,1,1.2700896429269978e-06
15084,naupanissayapaccayaṁ,1,1.2700896429269978e-06
15085,vīsaka,1,1.2700896429269978e-06
15086,yāvāsevanā,1,1.2700896429269978e-06
15087,gaṇite,1,1.2700896429269978e-06
15088,namaggatika,1,1.2700896429269978e-06
15089,paṭiccavāragaṇanā,1,1.2700896429269978e-06
15090,jhānapaccayāpi,1,1.2700896429269978e-06
15091,maggapaccayāpi,1,1.2700896429269978e-06
15092,sahajātadukādi,1,1.2700896429269978e-06
15093,ahetukavipākābyākatā,1,1.2700896429269978e-06
15094,nasampayuttādi,1,1.2700896429269978e-06
15095,hetumūlakasadisāni,1,1.2700896429269978e-06
15096,hetupaccayasadisāni,1,1.2700896429269978e-06
15097,paccanīyavibhaṅge,1,1.2700896429269978e-06
15098,tikādi,1,1.2700896429269978e-06
15099,anantaradukādi,1,1.2700896429269978e-06
15100,atthidukādi,1,1.2700896429269978e-06
15101,namaggaṁ,1,1.2700896429269978e-06
15102,navippayuttaṁ,1,1.2700896429269978e-06
15103,nahetumhi,1,1.2700896429269978e-06
15104,alikhitesu,1,1.2700896429269978e-06
15105,nahetupaccayasadisāni,1,1.2700896429269978e-06
15106,etenupāyena,1,1.2700896429269978e-06
15107,navipākamūlake,1,1.2700896429269978e-06
15108,chakkādi,1,1.2700896429269978e-06
15109,naāsevanapaccayamūlakampi,1,1.2700896429269978e-06
15110,ekasadisāni,1,1.2700896429269978e-06
15111,paccayena,1,1.2700896429269978e-06
15112,vipākābyākatakiriyābyākatādhipati,1,1.2700896429269978e-06
15113,dibbasotadhātu,1,1.2700896429269978e-06
15114,pisuṇavācā,1,1.2700896429269978e-06
15115,pharusavācā,1,1.2700896429269978e-06
15116,palapitvā,1,1.2700896429269978e-06
15117,chinditvā,1,1.2700896429269978e-06
15118,haritvā,1,1.2700896429269978e-06
15119,ṭhatvā,1,1.2700896429269978e-06
15120,vibhaṅgo,1,1.2700896429269978e-06
15121,saindriyamaggaghaṭanā,1,1.2700896429269978e-06
15122,vipākaindriya,1,1.2700896429269978e-06
15123,ārammaṇūpanissayanti,1,1.2700896429269978e-06
15124,ārammaṇūpanissaya,1,1.2700896429269978e-06
15125,sahajātachandādhipatighaṭanā,1,1.2700896429269978e-06
15126,samanantarasabhāga,1,1.2700896429269978e-06
15127,sahajātasabhāga,1,1.2700896429269978e-06
15128,aññamaññasabhāga,1,1.2700896429269978e-06
15129,nissayasabhāga,1,1.2700896429269978e-06
15130,ārammaṇādhipatīti,1,1.2700896429269978e-06
15131,purejātasabhāga,1,1.2700896429269978e-06
15132,pacchājātasabhāga,1,1.2700896429269978e-06
15133,sahajātaaññamañña,1,1.2700896429269978e-06
15134,āhārasahajāta,1,1.2700896429269978e-06
15135,vippayuttasabhāga,1,1.2700896429269978e-06
15136,vippayuttādhipati,1,1.2700896429269978e-06
15137,atthisabhāga,1,1.2700896429269978e-06
15138,natthisabhāga,1,1.2700896429269978e-06
15139,natthighaṭanā,1,1.2700896429269978e-06
15140,natthimūlakaṁ,1,1.2700896429269978e-06
15141,vigatasabhāga,1,1.2700896429269978e-06
15142,vigataghaṭanā,1,1.2700896429269978e-06
15143,vigatamūlakaṁ,1,1.2700896429269978e-06
15144,avigatasabhāga,1,1.2700896429269978e-06
15145,avigatamissakaghaṭanā,1,1.2700896429269978e-06
15146,avigatādhipati,1,1.2700896429269978e-06
15147,avigatamūlakaṁ,1,1.2700896429269978e-06
15148,paccanīyuddhāraṁ,1,1.2700896429269978e-06
15149,noatthipaccayasadisaṁ,1,1.2700896429269978e-06
15150,chandādhipatighaṭanā,1,1.2700896429269978e-06
15151,anantaraduka,1,1.2700896429269978e-06
15152,pacchājātaduka,1,1.2700896429269978e-06
15153,jhānasāmaññaghaṭanā,1,1.2700896429269978e-06
15154,nasamanantaraduka,1,1.2700896429269978e-06
15155,nasamanantaramūlakaṁ,1,1.2700896429269978e-06
15156,naāsevanamūlakaṁ,1,1.2700896429269978e-06
15157,nakammamūlakaṁ,1,1.2700896429269978e-06
15158,navipākamūlakaṁ,1,1.2700896429269978e-06
15159,naāhāramūlakaṁ,1,1.2700896429269978e-06
15160,naindriyamūlakaṁ,1,1.2700896429269978e-06
15161,namaggamūlakaṁ,1,1.2700896429269978e-06
15162,nasampayuttamūlakaṁ,1,1.2700896429269978e-06
15163,navippayuttamūlakaṁ,1,1.2700896429269978e-06
15164,nonatthimūlakaṁ,1,1.2700896429269978e-06
15165,novigatamūlakaṁ,1,1.2700896429269978e-06
15166,noavigatamūlakaṁ,1,1.2700896429269978e-06
15167,āsevanādi,1,1.2700896429269978e-06
15168,paccayagaṇanā,1,1.2700896429269978e-06
15169,nādhipati,1,1.2700896429269978e-06
15170,napacchājātampi,1,1.2700896429269978e-06
15171,naāsevanampi,1,1.2700896429269978e-06
15172,sukkhāya,1,1.2700896429269978e-06
15173,sampayuttapaṭisandhi,1,1.2700896429269978e-06
15174,aññamaññampi,1,1.2700896429269978e-06
15175,saddhāpañcamakesu,1,1.2700896429269978e-06
15176,gaṇhātī,1,1.2700896429269978e-06
15177,sahajātādisabhāga,1,1.2700896429269978e-06
15178,sampayuttaatthi,1,1.2700896429269978e-06
15179,nahetumūlaka,1,1.2700896429269978e-06
15180,nasahajāta,1,1.2700896429269978e-06
15181,nanissaya,1,1.2700896429269978e-06
15182,vedanāttikaṁ,1,1.2700896429269978e-06
15183,nānattaṁ,1,1.2700896429269978e-06
15184,ubhayañca,1,1.2700896429269978e-06
15185,nevavipākanavipākadhammadhammādhipati,1,1.2700896429269978e-06
15186,saṅghabhedakakammassa,1,1.2700896429269978e-06
15187,jhānaṅgā,1,1.2700896429269978e-06
15188,sajjhāyamaggo,1,1.2700896429269978e-06
15189,vipākattikaṁ,1,1.2700896429269978e-06
15190,paccanīyavāro,1,1.2700896429269978e-06
15191,catuvīsatipaccayā,1,1.2700896429269978e-06
15192,upādinnupādāniyacittasamaṅgissa,1,1.2700896429269978e-06
15193,anupādinnupādāniyacittasamaṅgissa,1,1.2700896429269978e-06
15194,anupādinnaanupādāniyacittasamaṅgissa,1,1.2700896429269978e-06
15195,anupādinnupādāniyādhipati,1,1.2700896429269978e-06
15196,gaṇanato,1,1.2700896429269978e-06
15197,upādinnattike,1,1.2700896429269978e-06
15198,gambhīrā,1,1.2700896429269978e-06
15199,sukhumatarā,1,1.2700896429269978e-06
15200,bāvīsati,1,1.2700896429269978e-06
15201,hetughaṭanā,1,1.2700896429269978e-06
15202,upādinnattikaṁ,1,1.2700896429269978e-06
15203,saṅkiliṭṭhasaṅkilesikacittasamaṅgissa,1,1.2700896429269978e-06
15204,asaṅkiliṭṭhasaṅkilesikacittasamaṅgissa,1,1.2700896429269978e-06
15205,asaṅkiliṭṭhaasaṅkilesikacittasamaṅgissa,1,1.2700896429269978e-06
15206,asaṅkiliṭṭhasaṅkilesikādhipati,1,1.2700896429269978e-06
15207,saṅkiliṭṭhattikaṁ,1,1.2700896429269978e-06
15208,vīsatipaccayā,1,1.2700896429269978e-06
15209,suddhikaṁ,1,1.2700896429269978e-06
15210,vipākena,1,1.2700896429269978e-06
15211,gacchantena,1,1.2700896429269978e-06
15212,avitakkavicāramattagacchantena,1,1.2700896429269978e-06
15213,paṭhamaudāharaṇe,1,1.2700896429269978e-06
15214,ghaṭanesu,1,1.2700896429269978e-06
15215,pavatti,1,1.2700896429269978e-06
15216,viseso,1,1.2700896429269978e-06
15217,sattasu,1,1.2700896429269978e-06
15218,mohā,1,1.2700896429269978e-06
15219,mūlapadesuyeva,1,1.2700896429269978e-06
15220,paṭiccanaye,1,1.2700896429269978e-06
15221,paṭhamaghaṭanāyaṁ,1,1.2700896429269978e-06
15222,sampuṇṇā,1,1.2700896429269978e-06
15223,naadhipatimūlake,1,1.2700896429269978e-06
15224,naanantarampi,1,1.2700896429269978e-06
15225,nasamanantarampi,1,1.2700896429269978e-06
15226,naaññamaññampi,1,1.2700896429269978e-06
15227,naupanissayampi,1,1.2700896429269978e-06
15228,rūpaṁyeva,1,1.2700896429269978e-06
15229,paṭiccavārapaccanīyasadisaṁ,1,1.2700896429269978e-06
15230,naāsevanepi,1,1.2700896429269978e-06
15231,avitakkavicāramattopi,1,1.2700896429269978e-06
15232,najhānanamagga,1,1.2700896429269978e-06
15233,savitakkasavicāracittasamaṅgissa,1,1.2700896429269978e-06
15234,avitakkavicāramattacittasamaṅgissa,1,1.2700896429269978e-06
15235,avitakkaavicāracittasamaṅgissa,1,1.2700896429269978e-06
15236,anantarapaccayopi,1,1.2700896429269978e-06
15237,samanantarapaccayopi,1,1.2700896429269978e-06
15238,dīpetabbā,1,1.2700896429269978e-06
15239,paṭisandhikāni,1,1.2700896429269978e-06
15240,savitakkasavicāramūlake,1,1.2700896429269978e-06
15241,natthipaccayañca,1,1.2700896429269978e-06
15242,vigatapaccayañca,1,1.2700896429269978e-06
15243,kusalattikasadisāyeva,1,1.2700896429269978e-06
15244,pañhāvāragaṇanaṁ,1,1.2700896429269978e-06
15245,paccanīyuddhāro,1,1.2700896429269978e-06
15246,vitakkattikaṁ,1,1.2700896429269978e-06
15247,naadhipatipaṭisandhikkhaṇe,1,1.2700896429269978e-06
15248,arūpapañhameva,1,1.2700896429269978e-06
15249,sukhamūle,1,1.2700896429269978e-06
15250,pītisahagatacittasamaṅgissa,1,1.2700896429269978e-06
15251,upekkhāsahagatacittasamaṅgissa,1,1.2700896429269978e-06
15252,pītisahagatasukhasahagatacittasamaṅgissa,1,1.2700896429269978e-06
15253,upekkhāsahagatādhipati,1,1.2700896429269978e-06
15254,padānaṁ,1,1.2700896429269978e-06
15255,paccayoti,1,1.2700896429269978e-06
15256,dīpetabbo,1,1.2700896429269978e-06
15257,tāniyeva,1,1.2700896429269978e-06
15258,gamanāni,1,1.2700896429269978e-06
15259,niyāmetabbāni,1,1.2700896429269978e-06
15260,pītinayaṁ,1,1.2700896429269978e-06
15261,gaṇanāni,1,1.2700896429269978e-06
15262,hetupaccaye,1,1.2700896429269978e-06
15263,natthipi,1,1.2700896429269978e-06
15264,vigatampi,1,1.2700896429269978e-06
15265,pītittikaṁ,1,1.2700896429269978e-06
15266,vipākapaṭisandhi,1,1.2700896429269978e-06
15267,āhārasamuṭṭhānañca,1,1.2700896429269978e-06
15268,vippayuttapaccayasadisaṁ,1,1.2700896429269978e-06
15269,ñatvā,1,1.2700896429269978e-06
15270,paccayasadiso,1,1.2700896429269978e-06
15271,dassanenapahātabbattikaṁ,1,1.2700896429269978e-06
15272,ekapaññāsa,1,1.2700896429269978e-06
15273,āsavāsavagocchakādi,1,1.2700896429269978e-06
15274,nanoupādānaṁ,1,1.2700896429269978e-06
15275,chacattālīsa,1,1.2700896429269978e-06
15276,dassanattikādi,1,1.2700896429269978e-06
15277,dhammapaccanīye,1,1.2700896429269978e-06
15278,paccanīyapaṭṭhānaṁ,1,1.2700896429269978e-06
15279,naupādādhammaṁ,1,1.2700896429269978e-06
15280,saṅkiliṭṭhasaṅkilesikatikasadisaṁ,1,1.2700896429269978e-06
15281,cittasamuṭṭhānarūpameva,1,1.2700896429269978e-06
15282,sukhavedanā,1,1.2700896429269978e-06
15283,āsavavippayuttañceva,1,1.2700896429269978e-06
15284,nanoanāsavo,1,1.2700896429269978e-06
15285,cetasikadukādi,1,1.2700896429269978e-06
15286,nacittānuparivattī,1,1.2700896429269978e-06
15287,nacittasaṁsaṭṭhasamuṭṭhānānuparivattī,1,1.2700896429269978e-06
15288,savitakkadukādi,1,1.2700896429269978e-06
15289,sappītikadukādi,1,1.2700896429269978e-06
15290,kāmāvacaradukādi,1,1.2700896429269978e-06
15291,apariyāpannañca,1,1.2700896429269978e-06
15292,niyatañca,1,1.2700896429269978e-06
15293,anuttarañca,1,1.2700896429269978e-06
15294,nanaaraṇo,1,1.2700896429269978e-06
15295,cittasamuṭṭhānameva,1,1.2700896429269978e-06
15296,sanidassanadukādi,1,1.2700896429269978e-06
15297,āsavasāsavadukasadisaṁ,1,1.2700896429269978e-06
15298,dvigocchaka,1,1.2700896429269978e-06
15299,abyākatavāre,1,1.2700896429269978e-06
15300,atītasadiso,1,1.2700896429269978e-06
15301,naviññeyye,1,1.2700896429269978e-06
15302,chagocchakaduka,1,1.2700896429269978e-06
15303,abyākatāni,1,1.2700896429269978e-06
15304,cittānuparivattadukādi,1,1.2700896429269978e-06
15305,dukattayaṁ,1,1.2700896429269978e-06
15306,ajjhattikadukādi,1,1.2700896429269978e-06
15307,naanupannassa,1,1.2700896429269978e-06
15308,cittasaṁsaṭṭhasamuṭṭhānadukādi,1,1.2700896429269978e-06
15309,ajjhattaduka,1,1.2700896429269978e-06
15310,naanupādinnassa,1,1.2700896429269978e-06
15311,abyākatena,1,1.2700896429269978e-06
15312,anuppannasadisaṁ,1,1.2700896429269978e-06
15313,atītasadisaṁ,1,1.2700896429269978e-06
15314,naajjhattassa,1,1.2700896429269978e-06
15315,veditakaṁ,1,1.2700896429269978e-06
15316,sampayuttaabyākatamūlaṁ,1,1.2700896429269978e-06
15317,sampayuttaabyākatamūlampi,1,1.2700896429269978e-06
15318,vedanāttikasadisaṁ,1,1.2700896429269978e-06
15319,naasaṅkhatassa,1,1.2700896429269978e-06
15320,dhammānulomapaccanīye,1,1.2700896429269978e-06
15321,anulomapaccanīyapaṭṭhānaṁ,1,1.2700896429269978e-06
15322,lokiyasadisaṁ,1,1.2700896429269978e-06
15323,nacittavisaṁsaṭṭho,1,1.2700896429269978e-06
15324,nanocittānuparivattī,1,1.2700896429269978e-06
15325,nanocittasaṁsaṭṭhasamuṭṭhāno,1,1.2700896429269978e-06
15326,nanocittasaṁsaṭṭhasamuṭṭhānasahabhū,1,1.2700896429269978e-06
15327,nanocittasaṁsaṭṭhasamuṭṭhānānuparivattī,1,1.2700896429269978e-06
15328,nayavasena,1,1.2700896429269978e-06
15329,parittattikādi,1,1.2700896429269978e-06
15330,naajjhattārammaṇañca,1,1.2700896429269978e-06
15331,paccayavārādi,1,1.2700896429269978e-06
15332,sārammaṇacittasamaṅgissa,1,1.2700896429269978e-06
15333,sahajātasadisā,1,1.2700896429269978e-06
15334,nissayasadiso,1,1.2700896429269978e-06
15335,sārammaṇadukaṁ,1,1.2700896429269978e-06
15336,nocittasamaṅgissa,1,1.2700896429269978e-06
15337,nocittādhipati,1,1.2700896429269978e-06
15338,purimagamanasadisaṁ,1,1.2700896429269978e-06
15339,cittadukaṁ,1,1.2700896429269978e-06
15340,pavattipaṭisandhiyā,1,1.2700896429269978e-06
15341,pūritvā,1,1.2700896429269978e-06
15342,paṭisandhiyā,1,1.2700896429269978e-06
15343,cetasikadukaṁ,1,1.2700896429269978e-06
15344,mūlapade,1,1.2700896429269978e-06
15345,cittasampayuttasamaṅgissa,1,1.2700896429269978e-06
15346,cittasaṁsaṭṭhe,1,1.2700896429269978e-06
15347,nocittasamuṭṭhānacittasamaṅgissa,1,1.2700896429269978e-06
15348,cittasamuṭṭhānādhipati,1,1.2700896429269978e-06
15349,nocittasamuṭṭhānādhipati,1,1.2700896429269978e-06
15350,iminākāreneva,1,1.2700896429269978e-06
15351,cakkhuviññāṇasahagatānañca,1,1.2700896429269978e-06
15352,sabbesampi,1,1.2700896429269978e-06
15353,uddharitabbaṁ,1,1.2700896429269978e-06
15354,chasupi,1,1.2700896429269978e-06
15355,pañhesu,1,1.2700896429269978e-06
15356,cittasamuṭṭhānaduke,1,1.2700896429269978e-06
15357,pañcaviññāṇamūlā,1,1.2700896429269978e-06
15358,paccayavārassa,1,1.2700896429269978e-06
15359,imesampi,1,1.2700896429269978e-06
15360,mūlaṁyeva,1,1.2700896429269978e-06
15361,kabaḷīkāraāhārasadisaṁ,1,1.2700896429269978e-06
15362,paṭisandhiyaṁ,1,1.2700896429269978e-06
15363,cittānuparivattidukaṁ,1,1.2700896429269978e-06
15364,cittasahabhūduke,1,1.2700896429269978e-06
15365,paccayasadisā,1,1.2700896429269978e-06
15366,ekamūlānaṁ,1,1.2700896429269978e-06
15367,cittasahabhūgamanasadisā,1,1.2700896429269978e-06
15368,cittasaṁsaṭṭhasamuṭṭhānasahabhūdukaṁ,1,1.2700896429269978e-06
15369,cittasaṁsaṭṭhasamuṭṭhānadukasadisaṁ,1,1.2700896429269978e-06
15370,cittasaṁsaṭṭhasamuṭṭhānānuparivattidukaṁ,1,1.2700896429269978e-06
15371,pavesetvā,1,1.2700896429269978e-06
15372,bāhiracittasamaṅgissa,1,1.2700896429269978e-06
15373,pūretvā,1,1.2700896429269978e-06
15374,cittassāti,1,1.2700896429269978e-06
15375,sampayuttakānañcāti,1,1.2700896429269978e-06
15376,sabbaṭṭhāne,1,1.2700896429269978e-06
15377,sahajātapaccayavārasadisaṁ,1,1.2700896429269978e-06
15378,paṭhamagamanasadisaṁyeva,1,1.2700896429269978e-06
15379,ajjhattikadukaṁ,1,1.2700896429269978e-06
15380,noupādācittasamaṅgissa,1,1.2700896429269978e-06
15381,nissayasadisaṁ,1,1.2700896429269978e-06
15382,saddasampadā,1,1.2700896429269978e-06
15383,gandhasampadā,1,1.2700896429269978e-06
15384,rasasampadā,1,1.2700896429269978e-06
15385,upādādukaṁ,1,1.2700896429269978e-06
15386,upādinnacittasamaṅgissa,1,1.2700896429269978e-06
15387,anupādinnacittasamaṅgissa,1,1.2700896429269978e-06
15388,anupādinnādhipati,1,1.2700896429269978e-06
15389,nissayasadisā,1,1.2700896429269978e-06
15390,paṭhamasseva,1,1.2700896429269978e-06
15391,itaresu,1,1.2700896429269978e-06
15392,upādinnadukaṁ,1,1.2700896429269978e-06
15393,cakkā,1,1.2700896429269978e-06
15394,chaḍḍetabbaṁ,1,1.2700896429269978e-06
15395,kāmupādānan,1,1.2700896429269978e-06
15396,pañcāyatanañca,1,1.2700896429269978e-06
15397,noupādānacittasamaṅgissa,1,1.2700896429269978e-06
15398,paccayasadisaṁ,1,1.2700896429269978e-06
15399,upādāniyadukaṁ,1,1.2700896429269978e-06
15400,upādānasampayuttakā,1,1.2700896429269978e-06
15401,ārammaṇapaccayamhi,1,1.2700896429269978e-06
15402,upādānavippayuttādhipati,1,1.2700896429269978e-06
15403,catūsupi,1,1.2700896429269978e-06
15404,kammapaccaye,1,1.2700896429269978e-06
15405,dassito,1,1.2700896429269978e-06
15406,upādānasampayuttadukaṁ,1,1.2700896429269978e-06
15407,upādānādhipati,1,1.2700896429269978e-06
15408,upādānaupādāniyadukaṁ,1,1.2700896429269978e-06
15409,upādānasampayuttakānañceva,1,1.2700896429269978e-06
15410,ghaṭanupanissayepi,1,1.2700896429269978e-06
15411,upādānaupādānasampayuttadukaṁ,1,1.2700896429269978e-06
15412,anupādāniyañca,1,1.2700896429269978e-06
15413,upādānavippayuttaupādāniyadukaṁ,1,1.2700896429269978e-06
15414,dosamūlakaṁ,1,1.2700896429269978e-06
15415,nokilesamūle,1,1.2700896429269978e-06
15416,nahetupañhā,1,1.2700896429269978e-06
15417,kilesadukaṁ,1,1.2700896429269978e-06
15418,saṅkilesikadukaṁ,1,1.2700896429269978e-06
15419,saṅkiliṭṭhacittasamaṅgissa,1,1.2700896429269978e-06
15420,asaṅkiliṭṭhādhipati,1,1.2700896429269978e-06
15421,asaṅkiliṭṭhānaṁ,1,1.2700896429269978e-06
15422,saṅkiliṭṭhadukaṁ,1,1.2700896429269978e-06
15423,kilesasampayutte,1,1.2700896429269978e-06
15424,ghaṭanārammaṇāpi,1,1.2700896429269978e-06
15425,kilesādhipati,1,1.2700896429269978e-06
15426,ghaṭanānantarampi,1,1.2700896429269978e-06
15427,kilesasaṅkilesikadukaṁ,1,1.2700896429269978e-06
15428,pacchājātapaccayopi,1,1.2700896429269978e-06
15429,kilesasaṅkiliṭṭhadukaṁ,1,1.2700896429269978e-06
15430,kilesasaṅkiliṭṭhadukasadisaṁ,1,1.2700896429269978e-06
15431,kilesakilesasampayuttadukaṁ,1,1.2700896429269978e-06
15432,kilesavippayuttasaṅkilesikadukaṁ,1,1.2700896429269978e-06
15433,pahātabbadukaṁ,1,1.2700896429269978e-06
15434,dassanadukaṁ,1,1.2700896429269978e-06
15435,paccayavārapaccanīye,1,1.2700896429269978e-06
15436,nahetupaccaye,1,1.2700896429269978e-06
15437,uddhaccapaccanīyampi,1,1.2700896429269978e-06
15438,sabbapaccayā,1,1.2700896429269978e-06
15439,paccanīyavibhaṅgo,1,1.2700896429269978e-06
15440,dassanadukasadiso,1,1.2700896429269978e-06
15441,vibhajitabbo,1,1.2700896429269978e-06
15442,bhāvanāyapahātabbadukaṁ,1,1.2700896429269978e-06
15443,dassanenapahātabbahetukadukaṁ,1,1.2700896429269978e-06
15444,vicikicchāsahagatamohaṭṭhāne,1,1.2700896429269978e-06
15445,ṭhapetabbo,1,1.2700896429269978e-06
15446,ghaṭanārammaṇā,1,1.2700896429269978e-06
15447,anantarapaccaye,1,1.2700896429269978e-06
15448,pahātabbahetukakāraṇā,1,1.2700896429269978e-06
15449,ghaṭanūpanissayāpi,1,1.2700896429269978e-06
15450,pahātabbabhājanakāraṇe,1,1.2700896429269978e-06
15451,novigatapaccayena,1,1.2700896429269978e-06
15452,pahātabbahetukadukaṁ,1,1.2700896429269978e-06
15453,pahātabbahetukapaccayāpi,1,1.2700896429269978e-06
15454,paccanīyāpi,1,1.2700896429269978e-06
15455,vibhāgopi,1,1.2700896429269978e-06
15456,sakabhaṇḍachandarāgopi,1,1.2700896429269978e-06
15457,sakabhaṇḍachandarāgo,1,1.2700896429269978e-06
15458,bhāvanāyapahātabbahetukadukaṁ,1,1.2700896429269978e-06
15459,savitakkamūlakā,1,1.2700896429269978e-06
15460,pavattisadisāyeva,1,1.2700896429269978e-06
15461,hetupaccayasadisāyeva,1,1.2700896429269978e-06
15462,atirekā,1,1.2700896429269978e-06
15463,avitakkacittasamaṅgissa,1,1.2700896429269978e-06
15464,avitakkādhipati,1,1.2700896429269978e-06
15465,likhitaṁ,1,1.2700896429269978e-06
15466,lekhaṁ,1,1.2700896429269978e-06
15467,dutiyavāre,1,1.2700896429269978e-06
15468,likhitapadā,1,1.2700896429269978e-06
15469,savicāraduke,1,1.2700896429269978e-06
15470,savicāradukaṁ,1,1.2700896429269978e-06
15471,asaññasattāpi,1,1.2700896429269978e-06
15472,anulomapaccayavāraṁ,1,1.2700896429269978e-06
15473,pavattiyeva,1,1.2700896429269978e-06
15474,appītikādhipati,1,1.2700896429269978e-06
15475,dutiyavārasadisaṁ,1,1.2700896429269978e-06
15476,paccanīyavibhaṅgagaṇanāpi,1,1.2700896429269978e-06
15477,savitakkadukasadisā,1,1.2700896429269978e-06
15478,sameti,1,1.2700896429269978e-06
15479,sappītikadukassa,1,1.2700896429269978e-06
15480,anulomapaṭiccavāro,1,1.2700896429269978e-06
15481,sabbatthameva,1,1.2700896429269978e-06
15482,sappītikadukapaccayavārapaccanīyepi,1,1.2700896429269978e-06
15483,sappītikaduke,1,1.2700896429269978e-06
15484,ārammaṇepi,1,1.2700896429269978e-06
15485,nasukhasahagatāya,1,1.2700896429269978e-06
15486,nasukhasahagatānaṁ,1,1.2700896429269978e-06
15487,upekkhan,1,1.2700896429269978e-06
15488,paṭisandhipavattipi,1,1.2700896429269978e-06
15489,pavattipaṭisandhiyo,1,1.2700896429269978e-06
15490,ārammaṇampi,1,1.2700896429269978e-06
15491,adhipatipi,1,1.2700896429269978e-06
15492,nevasaññānāsaññāyatanañca,1,1.2700896429269978e-06
15493,dutiyagamanasadisā,1,1.2700896429269978e-06
15494,sappītikakaraṇena,1,1.2700896429269978e-06
15495,upekkhāsahagatadukaṁ,1,1.2700896429269978e-06
15496,arūpamissake,1,1.2700896429269978e-06
15497,rūpamissake,1,1.2700896429269978e-06
15498,kāmāvacaracittasamaṅgissa,1,1.2700896429269978e-06
15499,nakāmāvacaracittasamaṅgissa,1,1.2700896429269978e-06
15500,kāmāvacarādhipati,1,1.2700896429269978e-06
15501,dhammapaṭisambhidāya,1,1.2700896429269978e-06
15502,niruttipaṭisambhidāya,1,1.2700896429269978e-06
15503,kāmāvacaradukaṁ,1,1.2700896429269978e-06
15504,suddhike,1,1.2700896429269978e-06
15505,missake,1,1.2700896429269978e-06
15506,rūpāvacaracittasamaṅgissa,1,1.2700896429269978e-06
15507,narūpāvacaracittasamaṅgissa,1,1.2700896429269978e-06
15508,narūpāvacarādhipati,1,1.2700896429269978e-06
15509,rūpāvacaradukaṁ,1,1.2700896429269978e-06
15510,arūpāvacaracittasamaṅgissa,1,1.2700896429269978e-06
15511,naarūpāvacaracittasamaṅgissa,1,1.2700896429269978e-06
15512,naarūpāvacarādhipati,1,1.2700896429269978e-06
15513,arūpāvacaradukaṁ,1,1.2700896429269978e-06
15514,pariyāpannadukaṁ,1,1.2700896429269978e-06
15515,niyyānikacittasamaṅgissa,1,1.2700896429269978e-06
15516,aniyyānikacittasamaṅgissa,1,1.2700896429269978e-06
15517,aniyyānikādhipati,1,1.2700896429269978e-06
15518,aniyyānikānaṁ,1,1.2700896429269978e-06
15519,aniyyānikāya,1,1.2700896429269978e-06
15520,āmasanā,1,1.2700896429269978e-06
15521,nānāpadāyeva,1,1.2700896429269978e-06
15522,niyyānikadukasadisā,1,1.2700896429269978e-06
15523,niyatacittasamaṅgissa,1,1.2700896429269978e-06
15524,āmasantassa,1,1.2700896429269978e-06
15525,niyatānaṁ,1,1.2700896429269978e-06
15526,arūpāvacaradukasadisaṁ,1,1.2700896429269978e-06
15527,niyatadukaṁ,1,1.2700896429269978e-06
15528,sauttaradukaṁ,1,1.2700896429269978e-06
15529,paccayānulomādia,1,1.2700896429269978e-06
15530,arūpāvacaradukasadisā,1,1.2700896429269978e-06
15531,anulomapaṭiccasadisā,1,1.2700896429269978e-06
15532,arūpāvacaradukassa,1,1.2700896429269978e-06
15533,saraṇe,1,1.2700896429269978e-06
15534,saraṇacittasamaṅgissa,1,1.2700896429269978e-06
15535,araṇādhipati,1,1.2700896429269978e-06
15536,gahetabbā,1,1.2700896429269978e-06
15537,saraṇadukaṁ,1,1.2700896429269978e-06
15538,dukapaṭṭhānaṁ,1,1.2700896429269978e-06
15539,chaḍḍetvā,1,1.2700896429269978e-06
15540,arūpapañhāyeva,1,1.2700896429269978e-06
15541,paṭiccavārasadisāyeva,1,1.2700896429269978e-06
15542,mahābhūtesu,1,1.2700896429269978e-06
15543,niṭṭhitesu,1,1.2700896429269978e-06
15544,anulomepi,1,1.2700896429269978e-06
15545,paripuṇṇo,1,1.2700896429269978e-06
15546,nahetucittasamaṅgissa,1,1.2700896429269978e-06
15547,kāyaviññāṇassāti,1,1.2700896429269978e-06
15548,nissayapaccayasadiso,1,1.2700896429269978e-06
15549,dutiyaupanissayasadisaṁ,1,1.2700896429269978e-06
15550,vipākavibhaṅge,1,1.2700896429269978e-06
15551,hetudukaṁ,1,1.2700896429269978e-06
15552,jhānampi,1,1.2700896429269978e-06
15553,maggampi,1,1.2700896429269978e-06
15554,anulomasahajātasadisā,1,1.2700896429269978e-06
15555,sahetukamūlakaṁ,1,1.2700896429269978e-06
15556,paṭiccavārasadisaṁyeva,1,1.2700896429269978e-06
15557,pavatteyeva,1,1.2700896429269978e-06
15558,sahetukacittasamaṅgissa,1,1.2700896429269978e-06
15559,ahetukacittasamaṅgissa,1,1.2700896429269978e-06
15560,āvajjanampi,1,1.2700896429269978e-06
15561,bhavaṅgampi,1,1.2700896429269978e-06
15562,āsevanapaccaye,1,1.2700896429269978e-06
15563,ahetukāni,1,1.2700896429269978e-06
15564,sampayuttasadisā,1,1.2700896429269978e-06
15565,hetusampayutte,1,1.2700896429269978e-06
15566,hetucittasamaṅgissa,1,1.2700896429269978e-06
15567,iminākārena,1,1.2700896429269978e-06
15568,avasesāpi,1,1.2700896429269978e-06
15569,nahetusahetukacittasamaṅgissa,1,1.2700896429269978e-06
15570,nahetuahetukacittasamaṅgissa,1,1.2700896429269978e-06
15571,nahetusahetukādhipati,1,1.2700896429269978e-06
15572,nahetusahetukadukaṁ,1,1.2700896429269978e-06
15573,sappaccayacittasamaṅgissa,1,1.2700896429269978e-06
15574,sappaccayādhipati,1,1.2700896429269978e-06
15575,upanissayamūlaṁ,1,1.2700896429269978e-06
15576,saṅkhatadukaṁ,1,1.2700896429269978e-06
15577,sappaccayagaṇanāhi,1,1.2700896429269978e-06
15578,anidassanacittasamaṅgissa,1,1.2700896429269978e-06
15579,sanidassanadukaṁ,1,1.2700896429269978e-06
15580,kaṭattārūpā,1,1.2700896429269978e-06
15581,ajjhattikabāhirā,1,1.2700896429269978e-06
15582,appaṭighamūlakaṁ,1,1.2700896429269978e-06
15583,ghaṭanepi,1,1.2700896429269978e-06
15584,paccanīyagaṇanāpi,1,1.2700896429269978e-06
15585,appaṭighacittasamaṅgissa,1,1.2700896429269978e-06
15586,paṭhamapañhā,1,1.2700896429269978e-06
15587,kabaḷīkārassa,1,1.2700896429269978e-06
15588,āhārassa,1,1.2700896429269978e-06
15589,phoṭṭhabbāyatanassa,1,1.2700896429269978e-06
15590,sappaṭighadukaṁ,1,1.2700896429269978e-06
15591,paccanīyādīni,1,1.2700896429269978e-06
15592,arūpicittasamaṅgissa,1,1.2700896429269978e-06
15593,rūpīdukaṁ,1,1.2700896429269978e-06
15594,pakatikāyeva,1,1.2700896429269978e-06
15595,naanantarapadādī,1,1.2700896429269978e-06
15596,nasamanantarapadādī,1,1.2700896429269978e-06
15597,gaṇanāhi,1,1.2700896429269978e-06
15598,lokiyacittasamaṅgissa,1,1.2700896429269978e-06
15599,lokuttaracittasamaṅgissa,1,1.2700896429269978e-06
15600,lokiyādhipati,1,1.2700896429269978e-06
15601,dassetabbāni,1,1.2700896429269978e-06
15602,kenaciviññeyyadukaṁ,1,1.2700896429269978e-06
15603,avijjāsavaṁ,1,1.2700896429269978e-06
15604,ekekampi,1,1.2700896429269978e-06
15605,āsavamūlakaṁ,1,1.2700896429269978e-06
15606,noāsavacittasamaṅgissa,1,1.2700896429269978e-06
15607,dutiyagamanaṁ,1,1.2700896429269978e-06
15608,dassetabbaṁ,1,1.2700896429269978e-06
15609,āsavānañca,1,1.2700896429269978e-06
15610,āsavasampayuttakānañca,1,1.2700896429269978e-06
15611,anulomapadā,1,1.2700896429269978e-06
15612,sāsavadukaṁ,1,1.2700896429269978e-06
15613,vippayuttakā,1,1.2700896429269978e-06
15614,assādanā,1,1.2700896429269978e-06
15615,āsavavippayuttacittasamaṅgissa,1,1.2700896429269978e-06
15616,āsavavippayuttādhipati,1,1.2700896429269978e-06
15617,āsavasampayuttānaṁ,1,1.2700896429269978e-06
15618,āsavasampayuttadukaṁ,1,1.2700896429269978e-06
15619,sāsave,1,1.2700896429269978e-06
15620,hetupaccayepi,1,1.2700896429269978e-06
15621,ārammaṇapaccayepi,1,1.2700896429269978e-06
15622,sekhā,1,1.2700896429269978e-06
15623,paccavekkhantīti,1,1.2700896429269978e-06
15624,adhipatipaccayampi,1,1.2700896429269978e-06
15625,āsavadukepi,1,1.2700896429269978e-06
15626,anantaraṁ,1,1.2700896429269978e-06
15627,samuddiṭṭhaṁ,1,1.2700896429269978e-06
15628,āsavadukasadisaṁ,1,1.2700896429269978e-06
15629,āsavasāsavadukaṁ,1,1.2700896429269978e-06
15630,ārammaṇasadisāyeva,1,1.2700896429269978e-06
15631,upanissayaṁ,1,1.2700896429269978e-06
15632,āsavavippayuttasāsavadukaṁ,1,1.2700896429269978e-06
15633,hetusadiso,1,1.2700896429269978e-06
15634,naārammaṇāpi,1,1.2700896429269978e-06
15635,ninnetabbaṁ,1,1.2700896429269978e-06
15636,arūpāyeva,1,1.2700896429269978e-06
15637,nosaññojanacittasamaṅgissa,1,1.2700896429269978e-06
15638,ārabbhayeva,1,1.2700896429269978e-06
15639,nosaññojanānaṁ,1,1.2700896429269978e-06
15640,saññojanadukaṁ,1,1.2700896429269978e-06
15641,saññojaniyadukaṁ,1,1.2700896429269978e-06
15642,saññojanasampayuttake,1,1.2700896429269978e-06
15643,saññojanavippayuttacittasamaṅgissa,1,1.2700896429269978e-06
15644,saññojanavippayuttādhipati,1,1.2700896429269978e-06
15645,saññojanasampayuttadukaṁ,1,1.2700896429269978e-06
15646,saññojaniye,1,1.2700896429269978e-06
15647,paṭhamadukasadisaṁ,1,1.2700896429269978e-06
15648,saññojanasaññojaniyadukaṁ,1,1.2700896429269978e-06
15649,pañhāsu,1,1.2700896429269978e-06
15650,saññojanasaññojanasampayuttadukaṁ,1,1.2700896429269978e-06
15651,saññojanavippayuttasaññojaniyadukaṁ,1,1.2700896429269978e-06
15652,sīlabbataparāmāsakāyaganthañca,1,1.2700896429269978e-06
15653,paccayavārasadisova,1,1.2700896429269978e-06
15654,noganthacittasamaṅgissa,1,1.2700896429269978e-06
15655,ganthadukaṁ,1,1.2700896429269978e-06
15656,vārasattaka,1,1.2700896429269978e-06
15657,ganthaniyadukaṁ,1,1.2700896429269978e-06
15658,lobhasahagataṁ,1,1.2700896429269978e-06
15659,ganthavippayuttacittasamaṅgissa,1,1.2700896429269978e-06
15660,ganthavippayuttādhipati,1,1.2700896429269978e-06
15661,ganthasampayuttadukaṁ,1,1.2700896429269978e-06
15662,idaṁsaccābhinivesakāyagantho,1,1.2700896429269978e-06
15663,duke,1,1.2700896429269978e-06
15664,ganthaniyan,1,1.2700896429269978e-06
15665,ganthaganthaniyadukaṁ,1,1.2700896429269978e-06
15666,anantarepi,1,1.2700896429269978e-06
15667,vibhāgo,1,1.2700896429269978e-06
15668,sahajātañca,1,1.2700896429269978e-06
15669,upanissayañca,1,1.2700896429269978e-06
15670,navasupi,1,1.2700896429269978e-06
15671,parivattetabbaṁ,1,1.2700896429269978e-06
15672,ganthaganthasampayuttadukaṁ,1,1.2700896429269978e-06
15673,ganthavippayuttaganthaniyaṁ,1,1.2700896429269978e-06
15674,ganthavippayuttaganthaniyadukaṁ,1,1.2700896429269978e-06
15675,gocchakā,1,1.2700896429269978e-06
15676,āsavagocchakasadisā,1,1.2700896429269978e-06
15677,oghayogagocchakaṁ,1,1.2700896429269978e-06
15678,nonīvaraṇacittasamaṅgissa,1,1.2700896429269978e-06
15679,kusalākusalassa,1,1.2700896429269978e-06
15680,nīvaraṇamūle,1,1.2700896429269978e-06
15681,dvikkhattuṁ,1,1.2700896429269978e-06
15682,kāmacchandena,1,1.2700896429269978e-06
15683,catukkhattuṁ,1,1.2700896429269978e-06
15684,paṭighena,1,1.2700896429269978e-06
15685,ubhopete,1,1.2700896429269978e-06
15686,aṭṭhavidhaṁ,1,1.2700896429269978e-06
15687,payojanaṁ,1,1.2700896429269978e-06
15688,nīvaraṇadukassa,1,1.2700896429269978e-06
15689,katā,1,1.2700896429269978e-06
15690,nīvaraṇasampayuttacittasamaṅgissa,1,1.2700896429269978e-06
15691,nīvaraṇavippayuttādhipati,1,1.2700896429269978e-06
15692,nīvaraṇasampayuttānaṁ,1,1.2700896429269978e-06
15693,nīvaraṇasampayuttadukaṁ,1,1.2700896429269978e-06
15694,nīvaraṇadukasadisaṁ,1,1.2700896429269978e-06
15695,nīvaraṇanīvaraṇiyadukaṁ,1,1.2700896429269978e-06
15696,garukārammaṇāyeva,1,1.2700896429269978e-06
15697,nīvaraṇanīvaraṇasampayuttadukaṁ,1,1.2700896429269978e-06
15698,nīvaraṇavippayuttanīvaraṇiyadukaṁ,1,1.2700896429269978e-06
15699,noparāmāsacittasamaṅgissa,1,1.2700896429269978e-06
15700,parāmāsāni,1,1.2700896429269978e-06
15701,ahetukaparāmāsavippayuttā,1,1.2700896429269978e-06
15702,parāmāsasampayuttacittasamaṅgissa,1,1.2700896429269978e-06
15703,parāmāsavippayuttacittasamaṅgissa,1,1.2700896429269978e-06
15704,parāmāsavippayuttādhipati,1,1.2700896429269978e-06
15705,parāmāsasampayuttadukaṁ,1,1.2700896429269978e-06
15706,yahiṁ,1,1.2700896429269978e-06
15707,parāmāsaparāmaṭṭhadukaṁ,1,1.2700896429269978e-06
15708,parāmāsavippayuttaparāmaṭṭhadukaṁ,1,1.2700896429269978e-06
15709,naāsavañca,1,1.2700896429269978e-06
15710,nacittasampayuttañca,1,1.2700896429269978e-06
15711,nacittavippayuttañca,1,1.2700896429269978e-06
15712,naajjhattikañca,1,1.2700896429269978e-06
15713,nabāhirañca,1,1.2700896429269978e-06
15714,sampayuttamūlaṁ,1,1.2700896429269978e-06
15715,uppanissaye,1,1.2700896429269978e-06
15716,ajjhattattiko,1,1.2700896429269978e-06
15717,paṭiccavārādīsu,1,1.2700896429269978e-06
15718,nahetunaanidassanasappaṭighamūlepi,1,1.2700896429269978e-06
15719,nasahetukanaanidassanasappaṭighamūlepi,1,1.2700896429269978e-06
15720,hetusahetukaduke,1,1.2700896429269978e-06
15721,hetuhetusampayuttaduke,1,1.2700896429269978e-06
15722,naappaccayanaanidassanaappaṭighamūlepi,1,1.2700896429269978e-06
15723,ekameva,1,1.2700896429269978e-06
15724,nasaṅkhataṁ,1,1.2700896429269978e-06
15725,nasappaccayasadisaṁ,1,1.2700896429269978e-06
15726,purimasadisaṁ,1,1.2700896429269978e-06
15727,navapañhaṁ,1,1.2700896429269978e-06
15728,naanidassanaappaṭighamūlassa,1,1.2700896429269978e-06
15729,naanidassanasappaṭighamūlassa,1,1.2700896429269978e-06
15730,naāsavasampayuttanaanidassanasappaṭighamūle,1,1.2700896429269978e-06
15731,naanidassanasappaṭighamūlepi,1,1.2700896429269978e-06
15732,āsavaāsavasampayuttaduke,1,1.2700896429269978e-06
15733,āsavavippayuttanasāsavanaanidassanasappaṭighamūlepi,1,1.2700896429269978e-06
15734,purimanayeneva,1,1.2700896429269978e-06
15735,cittasamuṭṭhānarūpeneva,1,1.2700896429269978e-06
15736,saṁkhittaṁ,1,1.2700896429269978e-06
15737,akusalamūle,1,1.2700896429269978e-06
15738,dukamūle,1,1.2700896429269978e-06
15739,apariyāpannasadisaṁ,1,1.2700896429269978e-06
15740,dveyeva,1,1.2700896429269978e-06
15741,parittattikadvaya,1,1.2700896429269978e-06
15742,ovattā,1,1.2700896429269978e-06
15743,nanasanidassano,1,1.2700896429269978e-06
15744,ahetukasadisaṁ,1,1.2700896429269978e-06
15745,hetusahetukasadisaṁ,1,1.2700896429269978e-06
15746,uppannattikādi,1,1.2700896429269978e-06
15747,naanupanno,1,1.2700896429269978e-06
15748,uppannattikasadisaṁ,1,1.2700896429269978e-06
15749,naanidassanasappaṭighanaabyākatamūlāni,1,1.2700896429269978e-06
15750,dukamūlāni,1,1.2700896429269978e-06
15751,ekavīsatimeva,1,1.2700896429269978e-06
15752,akusalāneva,1,1.2700896429269978e-06
15753,antimadukaṁ,1,1.2700896429269978e-06
15754,nasaṅkhato,1,1.2700896429269978e-06
15755,anulomadukatikapaṭṭhānato,1,1.2700896429269978e-06
15756,paṭṭhāya,1,1.2700896429269978e-06
15757,pariyosānā,1,1.2700896429269978e-06
15758,tiṁsamattehi,1,1.2700896429269978e-06
15759,bhāṇavārehi,1,1.2700896429269978e-06
15760,paṭṭhānaṁ,1,1.2700896429269978e-06
15761,dhammapaccanīyānulome,1,1.2700896429269978e-06
15762,paccanīyānulomapaṭṭhānaṁ,1,1.2700896429269978e-06
15763,paṭṭhānapakaraṇaṁ,1,1.2700896429269978e-06
15764,nahetuyāpi,1,1.2700896429269978e-06
15765,kattabbaṁ,1,1.2700896429269978e-06
15766,ādimhi,1,1.2700896429269978e-06
15767,majjhimānulomikāyeva,1,1.2700896429269978e-06
15768,kusalanayaṁ,1,1.2700896429269978e-06
15769,nahetupaccayampi,1,1.2700896429269978e-06
15770,nocittasaṁsaṭṭho,1,1.2700896429269978e-06
15771,abyākatasadisaṁ,1,1.2700896429269978e-06
15772,cittasamuṭṭhānamūlaṁ,1,1.2700896429269978e-06
15773,cetasikadukamūlā,1,1.2700896429269978e-06
15774,cetasikadukasadisaṁ,1,1.2700896429269978e-06
15775,cetasikadukakusalasadisaṁ,1,1.2700896429269978e-06
15776,tattakā,1,1.2700896429269978e-06
15777,cetasikadukaakusalasadisaṁ,1,1.2700896429269978e-06
15778,gamanakāle,1,1.2700896429269978e-06
15779,paṭhame,1,1.2700896429269978e-06
15780,sappaccayakusalasadisaṁ,1,1.2700896429269978e-06
15781,ārammaṇapurejātaṁyeva,1,1.2700896429269978e-06
15782,anupādinnamūlake,1,1.2700896429269978e-06
15783,mahantaradukakusalattikaṁ,1,1.2700896429269978e-06
15784,lokiyalokuttaradukakusalasadisaṁ,1,1.2700896429269978e-06
15785,upādānasampayuttamūlake,1,1.2700896429269978e-06
15786,upādānagocchakakusalattikaṁ,1,1.2700896429269978e-06
15787,saṅkilesasaṅkilesikaduka,1,1.2700896429269978e-06
15788,kilesagocchakakusalattikaṁ,1,1.2700896429269978e-06
15789,pahātabbamūlakaṁ,1,1.2700896429269978e-06
15790,ekārammaṇādhipati,1,1.2700896429269978e-06
15791,dassanamūlakaṁ,1,1.2700896429269978e-06
15792,pahātabbadukaakusalasadisaṁ,1,1.2700896429269978e-06
15793,pahātabbahetukadukaakusalasadisaṁ,1,1.2700896429269978e-06
15794,savitakkadukakusalasadisaṁ,1,1.2700896429269978e-06
15795,savitakkadukaakusalasadisaṁ,1,1.2700896429269978e-06
15796,savitakkadukaabyākatasadisaṁ,1,1.2700896429269978e-06
15797,savicārassa,1,1.2700896429269978e-06
15798,nānāupekkhā,1,1.2700896429269978e-06
15799,sappītikadukaabyākatasadisaṁ,1,1.2700896429269978e-06
15800,kāmāvacaradukaabyākatasadisaṁ,1,1.2700896429269978e-06
15801,ettakāyeva,1,1.2700896429269978e-06
15802,heṭṭhuparikaṁ,1,1.2700896429269978e-06
15803,parivattanti,1,1.2700896429269978e-06
15804,naarūpe,1,1.2700896429269978e-06
15805,piṭṭhidukakusalattikaṁ,1,1.2700896429269978e-06
15806,saraṇadukavedanāttikaṁ,1,1.2700896429269978e-06
15807,hetudukakusalattikaṁ,1,1.2700896429269978e-06
15808,adukkhamasukhāyavedanāyasampayuttapada,1,1.2700896429269978e-06
15809,hetudukavedanāttikaṁ,1,1.2700896429269978e-06
15810,vipākapada,1,1.2700896429269978e-06
15811,tadārammaṇāyeva,1,1.2700896429269978e-06
15812,pakatūpanissayoyeva,1,1.2700896429269978e-06
15813,sahajātakammameva,1,1.2700896429269978e-06
15814,vipākadhammapada,1,1.2700896429269978e-06
15815,nevavipākanavipākadhammapada,1,1.2700896429269978e-06
15816,hetudukavipākattikaṁ,1,1.2700896429269978e-06
15817,upādinnupādāniyapada,1,1.2700896429269978e-06
15818,anupādinnupādāniyapada,1,1.2700896429269978e-06
15819,anupādinnaanupādāniyapada,1,1.2700896429269978e-06
15820,hetudukaupādinnattikaṁ,1,1.2700896429269978e-06
15821,saṅkiliṭṭhasaṅkilesikapada,1,1.2700896429269978e-06
15822,asaṅkiliṭṭhasaṅkilesikapada,1,1.2700896429269978e-06
15823,asaṅkiliṭṭhaasaṅkilesikapada,1,1.2700896429269978e-06
15824,hetudukasaṅkiliṭṭhattikaṁ,1,1.2700896429269978e-06
15825,savitakkasavicārapada,1,1.2700896429269978e-06
15826,avitakkavicāramattapada,1,1.2700896429269978e-06
15827,avitakkaavicārapada,1,1.2700896429269978e-06
15828,hetudukavitakkattikaṁ,1,1.2700896429269978e-06
15829,pītisahagatapada,1,1.2700896429269978e-06
15830,sukhasahagatapada,1,1.2700896429269978e-06
15831,upekkhāsahagatapada,1,1.2700896429269978e-06
15832,hetudukapītittikaṁ,1,1.2700896429269978e-06
15833,dassanenapahātabbapada,1,1.2700896429269978e-06
15834,bhāvanāyapahātabbapada,1,1.2700896429269978e-06
15835,nevadassanenanabhāvanāyapahātabbapada,1,1.2700896429269978e-06
15836,hetudukadassanenapahātabbattikaṁ,1,1.2700896429269978e-06
15837,dassanenapahātabbahetukapada,1,1.2700896429269978e-06
15838,bhāvanāyapahātabbahetukapada,1,1.2700896429269978e-06
15839,nevadassanenanabhāvanāyapahātabbahetukapada,1,1.2700896429269978e-06
15840,hetudukadassanenapahātabbahetukattikaṁ,1,1.2700896429269978e-06
15841,ācayagāmipada,1,1.2700896429269978e-06
15842,apacayagāmipada,1,1.2700896429269978e-06
15843,nevācayagāmināpacayagāmipada,1,1.2700896429269978e-06
15844,hetudukaācayagāmittikaṁ,1,1.2700896429269978e-06
15845,sekkhapada,1,1.2700896429269978e-06
15846,asekkhapada,1,1.2700896429269978e-06
15847,asakkho,1,1.2700896429269978e-06
15848,nevasekkhanāsekkhapada,1,1.2700896429269978e-06
15849,hetudukasekkhattikaṁ,1,1.2700896429269978e-06
15850,mahaggatapada,1,1.2700896429269978e-06
15851,appamāṇapada,1,1.2700896429269978e-06
15852,hetudukaparittattikaṁ,1,1.2700896429269978e-06
15853,parittārammaṇapada,1,1.2700896429269978e-06
15854,mahaggatārammaṇapada,1,1.2700896429269978e-06
15855,appamāṇārammaṇapada,1,1.2700896429269978e-06
15856,hetudukaparittārammaṇattikaṁ,1,1.2700896429269978e-06
15857,majjhimapada,1,1.2700896429269978e-06
15858,hetudukahīnattikaṁ,1,1.2700896429269978e-06
15859,micchattaniyatapada,1,1.2700896429269978e-06
15860,sammattaniyatapada,1,1.2700896429269978e-06
15861,aniyatapada,1,1.2700896429269978e-06
15862,hetudukamicchattaniyatattikaṁ,1,1.2700896429269978e-06
15863,maggārammaṇapada,1,1.2700896429269978e-06
15864,maggahetukapada,1,1.2700896429269978e-06
15865,maggādhipatipada,1,1.2700896429269978e-06
15866,hetudukamaggārammaṇattikaṁ,1,1.2700896429269978e-06
15867,uppannapada,1,1.2700896429269978e-06
15868,anuppannampi,1,1.2700896429269978e-06
15869,uppādīpi,1,1.2700896429269978e-06
15870,hetudukauppannattikaṁ,1,1.2700896429269978e-06
15871,paccuppannapada,1,1.2700896429269978e-06
15872,hetudukaatītattikaṁ,1,1.2700896429269978e-06
15873,hetudukaatītārammaṇattikaṁ,1,1.2700896429269978e-06
15874,hetudukaajjhattattikaṁ,1,1.2700896429269978e-06
15875,ajjhattārammaṇapada,1,1.2700896429269978e-06
15876,bahiddhārammaṇapada,1,1.2700896429269978e-06
15877,hetudukaajjhattārammaṇattikaṁ,1,1.2700896429269978e-06
15878,anidassanasappaṭighapada,1,1.2700896429269978e-06
15879,anidassanaappaṭighapada,1,1.2700896429269978e-06
15880,hetudukasanidassanasappaṭighattikaṁ,1,1.2700896429269978e-06
15881,sahetukadukakusalattikaṁ,1,1.2700896429269978e-06
15882,hetusampayuttadukakusalattikaṁ,1,1.2700896429269978e-06
15883,hetusahetukadukakusalattikaṁ,1,1.2700896429269978e-06
15884,hetuhetusampayuttadukakusalattikaṁ,1,1.2700896429269978e-06
15885,nahetusahetukadukakusalattikaṁ,1,1.2700896429269978e-06
15886,sappaccayadukakusalattikaṁ,1,1.2700896429269978e-06
15887,saṅkhatadukakusalattikaṁ,1,1.2700896429269978e-06
15888,sanidassanadukakusalattikaṁ,1,1.2700896429269978e-06
15889,appaccayampi,1,1.2700896429269978e-06
15890,asaṅkhatampi,1,1.2700896429269978e-06
15891,sanidassanampi,1,1.2700896429269978e-06
15892,sappaṭighadukakusalattikaṁ,1,1.2700896429269978e-06
15893,rūpīdukakusalattikaṁ,1,1.2700896429269978e-06
15894,lokiyadukakusalattikaṁ,1,1.2700896429269978e-06
15895,viññeyyakusalasadisaṁ,1,1.2700896429269978e-06
15896,kenaciviññeyyadukakusalattikaṁ,1,1.2700896429269978e-06
15897,āsavadukakusalattikaṁ,1,1.2700896429269978e-06
15898,sāsavadukakusalattikaṁ,1,1.2700896429269978e-06
15899,āsavasampayuttadukakusalattikaṁ,1,1.2700896429269978e-06
15900,sāsavoca,1,1.2700896429269978e-06
15901,āsavasāsavadukakusalattikaṁ,1,1.2700896429269978e-06
15902,āsavaāsavasampayuttadukakusalattikaṁ,1,1.2700896429269978e-06
15903,āsavavippayuttasāsavadukakusalattikaṁ,1,1.2700896429269978e-06
15904,lokiyadukagamanaṁ,1,1.2700896429269978e-06
15905,ñātabbaṁ,1,1.2700896429269978e-06
15906,asaññojaniyassa,1,1.2700896429269978e-06
15907,saññojanagocchakakusalattikaṁ,1,1.2700896429269978e-06
15908,aganthaniyassa,1,1.2700896429269978e-06
15909,ganthagocchakakusalattikaṁ,1,1.2700896429269978e-06
15910,oghagocchakampi,1,1.2700896429269978e-06
15911,yogagocchakampi,1,1.2700896429269978e-06
15912,āsavagocchakakusalattikasadisaṁ,1,1.2700896429269978e-06
15913,nīvaraṇagocchakakusalattikaṁ,1,1.2700896429269978e-06
15914,majjhime,1,1.2700896429269978e-06
15915,lokiyalokuttaradukasadisaṁ,1,1.2700896429269978e-06
15916,parāmāsagocchakakusalattikaṁ,1,1.2700896429269978e-06
15917,aññamaññanissayapaccayā,1,1.2700896429269978e-06
15918,nahetudhammo,1,1.2700896429269978e-06
15919,nadhipatiyā,1,1.2700896429269978e-06
15920,saṅkiliṭṭhattikahetudukaṁ,1,1.2700896429269978e-06
15921,sanidassanasappaṭighattikahetudukaṁ,1,1.2700896429269978e-06
15922,hetuvippayuttapada,1,1.2700896429269978e-06
15923,sahetukanahetupada,1,1.2700896429269978e-06
15924,hetusampayuttanahetupada,1,1.2700896429269978e-06
15925,nahetuahetukapada,1,1.2700896429269978e-06
15926,lokuttarapada,1,1.2700896429269978e-06
15927,kenaciviññeyyasadisaṁ,1,1.2700896429269978e-06
15928,kusalattikacūḷantaradukaṁ,1,1.2700896429269978e-06
15929,āsavaparāmāsagocchaka,1,1.2700896429269978e-06
15930,sāsavapada,1,1.2700896429269978e-06
15931,anāsavapada,1,1.2700896429269978e-06
15932,kusalattikaāsavagocchakaṁ,1,1.2700896429269978e-06
15933,mahantaradukaupādānagocchaka,1,1.2700896429269978e-06
15934,hetusahajātādi,1,1.2700896429269978e-06
15935,cittasampayuttadukādi,1,1.2700896429269978e-06
15936,kusalattikamahantaradukaṁ,1,1.2700896429269978e-06
15937,kusalattikaupādānagocchakaṁ,1,1.2700896429269978e-06
15938,kusalattikakilesagocchakaṁ,1,1.2700896429269978e-06
15939,savitakkapada,1,1.2700896429269978e-06
15940,avitakkapada,1,1.2700896429269978e-06
15941,kusalasavitakkasadisaṁ,1,1.2700896429269978e-06
15942,sappītikapada,1,1.2700896429269978e-06
15943,appītikapada,1,1.2700896429269978e-06
15944,nakāmāvacarapada,1,1.2700896429269978e-06
15945,rūpāvacaradukasadisaṁ,1,1.2700896429269978e-06
15946,pariyāpannapada,1,1.2700896429269978e-06
15947,apariyāpannapada,1,1.2700896429269978e-06
15948,saraṇapada,1,1.2700896429269978e-06
15949,araṇapada,1,1.2700896429269978e-06
15950,tattakāva,1,1.2700896429269978e-06
15951,dassanahetukattika,1,1.2700896429269978e-06
15952,paṭiccavārepi,1,1.2700896429269978e-06
15953,mahaggatādipada,1,1.2700896429269978e-06
15954,kusalattikasanidassanattikaṁ,1,1.2700896429269978e-06
15955,sahetukapada,1,1.2700896429269978e-06
15956,hetudukaāsavagocchakaṁ,1,1.2700896429269978e-06
15957,hetudukaparāmāsagocchakaṁ,1,1.2700896429269978e-06
15958,hetudukamahantaradukaṁ,1,1.2700896429269978e-06
15959,hetudukapiṭṭhidukaṁ,1,1.2700896429269978e-06
15960,anulomapaṭṭhānaṁ,1,1.2700896429269978e-06
15961,naanidassanaappaṭighañca,1,1.2700896429269978e-06
15962,nanoasaññojano,1,1.2700896429269978e-06
15963,oghagocchakayogagocchakesu,1,1.2700896429269978e-06
15964,āsavagocchake,1,1.2700896429269978e-06
15965,nīvaraṇagocchake,1,1.2700896429269978e-06
15966,parāmāsadukādi,1,1.2700896429269978e-06
15967,naparāmāsasampayuttaṁ,1,1.2700896429269978e-06
15968,naparāmāsasampayutto,1,1.2700896429269978e-06
15969,naaparāmaṭṭhaṁ,1,1.2700896429269978e-06
15970,naparāmaṭṭhañca,1,1.2700896429269978e-06
15971,paccanīyadukamattāni,1,1.2700896429269978e-06
15972,pūretuṁ,1,1.2700896429269978e-06
15973,pañhāni,1,1.2700896429269978e-06
15974,karotu,1,1.2700896429269978e-06
15975,nahetusampayuttañca,1,1.2700896429269978e-06
15976,nacittānuparivatti,1,1.2700896429269978e-06
15977,nacittasaṁsaṭṭhasamuṭṭhānānuparivatti,1,1.2700896429269978e-06
15978,naupādinnañca,1,1.2700896429269978e-06
15979,naanupādinnañca,1,1.2700896429269978e-06
15980,naupādāno,1,1.2700896429269978e-06
15981,nanokilesañca,1,1.2700896429269978e-06
15982,nasaṅkiliṭṭhañca,1,1.2700896429269978e-06
15983,nakilesasampayuttañca,1,1.2700896429269978e-06
15984,nasavicārañca,1,1.2700896429269978e-06
15985,naavicārañca,1,1.2700896429269978e-06
15986,nasappītikañca,1,1.2700896429269978e-06
15987,naappītikañca,1,1.2700896429269978e-06
15988,napītisahagatañca,1,1.2700896429269978e-06
15989,nanapītisahagatañca,1,1.2700896429269978e-06
15990,nasukhasahagatañca,1,1.2700896429269978e-06
15991,nanasukhasahagatañca,1,1.2700896429269978e-06
15992,nanarūpāvacarañca,1,1.2700896429269978e-06
15993,nanaarūpāvacarañca,1,1.2700896429269978e-06
15994,nahetusahetukā,1,1.2700896429269978e-06
15995,naasaṅkhato,1,1.2700896429269978e-06
15996,chagocchaka,1,1.2700896429269978e-06
15997,ācayagāmattikādi,1,1.2700896429269978e-06
15998,nanevaācayagāmiṁ,1,1.2700896429269978e-06
15999,nāpacayagāmiṁ,1,1.2700896429269978e-06
16000,ekapañhameva,1,1.2700896429269978e-06
16001,kusalākusaladukaṁ,1,1.2700896429269978e-06
16002,kusalattikameva,1,1.2700896429269978e-06
16003,vaṭṭati,1,1.2700896429269978e-06
16004,naapaccayaṁ,1,1.2700896429269978e-06
16005,dasakauddesa,1,1.2700896429269978e-06
16006,puggalapaññattimātikā,1,1.2700896429269978e-06
16007,ekakauddesa,1,1.2700896429269978e-06
16008,paññattiyo,1,1.2700896429269978e-06
16009,phaleṭhito,1,1.2700896429269978e-06
16010,anariyo,1,1.2700896429269978e-06
16011,dukauddesa,1,1.2700896429269978e-06
16012,tikauddesa,1,1.2700896429269978e-06
16013,catukkauddesa,1,1.2700896429269978e-06
16014,pañcakauddesa,1,1.2700896429269978e-06
16015,chakkauddesa,1,1.2700896429269978e-06
16016,āgāmī,1,1.2700896429269978e-06
16017,sattakauddesa,1,1.2700896429269978e-06
16018,udakūpamā,1,1.2700896429269978e-06
16019,aṭṭhakauddesa,1,1.2700896429269978e-06
16020,navakauddesa,1,1.2700896429269978e-06
16021,dasakapuggalapaññatti,1,1.2700896429269978e-06
16022,sattakkhattuparamassa,1,1.2700896429269978e-06
16023,kolaṅkolassa,1,1.2700896429269978e-06
16024,ekabījissa,1,1.2700896429269978e-06
16025,antarāparinibbāyissa,1,1.2700896429269978e-06
16026,upahaccaparinibbāyissa,1,1.2700896429269978e-06
16027,asaṅkhāraparinibbāyissa,1,1.2700896429269978e-06
16028,sasaṅkhāraparinibbāyissa,1,1.2700896429269978e-06
16029,uddhaṁsotassa,1,1.2700896429269978e-06
16030,akaniṭṭhagāmino,1,1.2700896429269978e-06
16031,niṭṭhāti,1,1.2700896429269978e-06
16032,dasakaniddeso,1,1.2700896429269978e-06
16033,puggalapaññattipakaraṇaṁ,1,1.2700896429269978e-06
16034,ekakapuggalapaññatti,1,1.2700896429269978e-06
16035,asamayavimuttā,1,1.2700896429269978e-06
16036,akuppadhammā,1,1.2700896429269978e-06
16037,aparihānadhammā,1,1.2700896429269978e-06
16038,bhayūparatā,1,1.2700896429269978e-06
16039,eḷā,1,1.2700896429269978e-06
16040,abhabbāgamanā,1,1.2700896429269978e-06
16041,aneḷā,1,1.2700896429269978e-06
16042,bhabbāgamanā,1,1.2700896429269978e-06
16043,ānantarikā,1,1.2700896429269978e-06
16044,paṭipannakā,1,1.2700896429269978e-06
16045,āsavapariyādānañca,1,1.2700896429269978e-06
16046,jīvitapariyādānañca,1,1.2700896429269978e-06
16047,uḍḍayhanavelā,1,1.2700896429269978e-06
16048,uḍḍayheyya,1,1.2700896429269978e-06
16049,yāvāyaṁ,1,1.2700896429269978e-06
16050,ṭhitakappino,1,1.2700896429269978e-06
16051,anariyā,1,1.2700896429269978e-06
16052,vijjāhi,1,1.2700896429269978e-06
16053,abhiññāhi,1,1.2700896429269978e-06
16054,sattakkhattuṁ,1,1.2700896429269978e-06
16055,mānuse,1,1.2700896429269978e-06
16056,nibbattetvā,1,1.2700896429269978e-06
16057,appattaṁ,1,1.2700896429269978e-06
16058,atikkamitvā,1,1.2700896429269978e-06
16059,upahacca,1,1.2700896429269978e-06
16060,kālakiriyaṁ,1,1.2700896429269978e-06
16061,asaṅkhārena,1,1.2700896429269978e-06
16062,avihā,1,1.2700896429269978e-06
16063,atappaṁ,1,1.2700896429269978e-06
16064,atappā,1,1.2700896429269978e-06
16065,sudassaṁ,1,1.2700896429269978e-06
16066,sudassā,1,1.2700896429269978e-06
16067,sudassiṁ,1,1.2700896429269978e-06
16068,sudassiyā,1,1.2700896429269978e-06
16069,akaniṭṭhaṁ,1,1.2700896429269978e-06
16070,tanubhūtā,1,1.2700896429269978e-06
16071,dukapuggalapaññatti,1,1.2700896429269978e-06
16072,dovacassatāya,1,1.2700896429269978e-06
16073,pāpamittatāya,1,1.2700896429269978e-06
16074,aguttadvāratāya,1,1.2700896429269978e-06
16075,amattaññutāya,1,1.2700896429269978e-06
16076,muṭṭhassaccena,1,1.2700896429269978e-06
16077,asamapekkhaṇā,1,1.2700896429269978e-06
16078,asampajaññena,1,1.2700896429269978e-06
16079,sīlavipattiyā,1,1.2700896429269978e-06
16080,diṭṭhivipattiyā,1,1.2700896429269978e-06
16081,hiriyā,1,1.2700896429269978e-06
16082,ottappena,1,1.2700896429269978e-06
16083,avippaṭikulaggāhitā,1,1.2700896429269978e-06
16084,sādariyatā,1,1.2700896429269978e-06
16085,sappatissavatā,1,1.2700896429269978e-06
16086,sovacassatāya,1,1.2700896429269978e-06
16087,kalyāṇamittatāya,1,1.2700896429269978e-06
16088,diṭṭhisampadāya,1,1.2700896429269978e-06
16089,pubbakārī,1,1.2700896429269978e-06
16090,katavedī,1,1.2700896429269978e-06
16091,dussīlaṁ,1,1.2700896429269978e-06
16092,pāpadhammaṁ,1,1.2700896429269978e-06
16093,sīlavantaṁ,1,1.2700896429269978e-06
16094,kalyāṇadhammaṁ,1,1.2700896429269978e-06
16095,tittā,1,1.2700896429269978e-06
16096,tikapuggalapaññatti,1,1.2700896429269978e-06
16097,hissa,1,1.2700896429269978e-06
16098,avimuttassa,1,1.2700896429269978e-06
16099,vimuttāsā,1,1.2700896429269978e-06
16100,paṭippassaddhā,1,1.2700896429269978e-06
16101,gilānabhattaṁ,1,1.2700896429269978e-06
16102,gilānabhesajjaṁ,1,1.2700896429269978e-06
16103,gilānupaṭṭhāko,1,1.2700896429269978e-06
16104,anuññāto,1,1.2700896429269978e-06
16105,upaṭṭhātabbā,1,1.2700896429269978e-06
16106,anuññātā,1,1.2700896429269978e-06
16107,aññesampi,1,1.2700896429269978e-06
16108,desetabbo,1,1.2700896429269978e-06
16109,yathādiṭṭhippattassa,1,1.2700896429269978e-06
16110,rattandhakāratimisāya,1,1.2700896429269978e-06
16111,vijjantarikāya,1,1.2700896429269978e-06
16112,passeyya,1,1.2700896429269978e-06
16113,vajirassa,1,1.2700896429269978e-06
16114,abhejjaṁ,1,1.2700896429269978e-06
16115,nikkujjo,1,1.2700896429269978e-06
16116,ucchaṅge,1,1.2700896429269978e-06
16117,nānākhajjakāni,1,1.2700896429269978e-06
16118,ākiṇṇāni,1,1.2700896429269978e-06
16119,tilā,1,1.2700896429269978e-06
16120,taṇḍulā,1,1.2700896429269978e-06
16121,modakā,1,1.2700896429269978e-06
16122,badarā,1,1.2700896429269978e-06
16123,vuṭṭhahanto,1,1.2700896429269978e-06
16124,satisammosā,1,1.2700896429269978e-06
16125,pakireyya,1,1.2700896429269978e-06
16126,ukkujjo,1,1.2700896429269978e-06
16127,avītarāgā,1,1.2700896429269978e-06
16128,pāsāṇe,1,1.2700896429269978e-06
16129,udake,1,1.2700896429269978e-06
16130,potthakā,1,1.2700896429269978e-06
16131,navopi,1,1.2700896429269978e-06
16132,majjhimopi,1,1.2700896429269978e-06
16133,jiṇṇopi,1,1.2700896429269978e-06
16134,ukkhaliparimajjanaṁ,1,1.2700896429269978e-06
16135,saṅkārakūṭe,1,1.2700896429269978e-06
16136,chaḍḍenti,1,1.2700896429269978e-06
16137,nicchāreti,1,1.2700896429269978e-06
16138,yathārūpāya,1,1.2700896429269978e-06
16139,ukkhipati,1,1.2700896429269978e-06
16140,saṅkārakūṭeva,1,1.2700896429269978e-06
16141,kāsikavatthāni,1,1.2700896429269978e-06
16142,navampi,1,1.2700896429269978e-06
16143,majjhimampi,1,1.2700896429269978e-06
16144,ratanapaliveṭhanaṁ,1,1.2700896429269978e-06
16145,gandhakaraṇḍake,1,1.2700896429269978e-06
16146,appasaddā,1,1.2700896429269978e-06
16147,hotha,1,1.2700896429269978e-06
16148,vinayañca,1,1.2700896429269978e-06
16149,bhaṇatī,1,1.2700896429269978e-06
16150,vacanaṁ,1,1.2700896429269978e-06
16151,ādheyyaṁ,1,1.2700896429269978e-06
16152,gandhakaraṇḍakeva,1,1.2700896429269978e-06
16153,uddhato,1,1.2700896429269978e-06
16154,unnaḷo,1,1.2700896429269978e-06
16155,capalo,1,1.2700896429269978e-06
16156,mukharo,1,1.2700896429269978e-06
16157,vikiṇṇavāco,1,1.2700896429269978e-06
16158,vibbhantacitto,1,1.2700896429269978e-06
16159,pākaṭindriyo,1,1.2700896429269978e-06
16160,anunnaḷo,1,1.2700896429269978e-06
16161,acapalo,1,1.2700896429269978e-06
16162,amukharo,1,1.2700896429269978e-06
16163,avikiṇṇavāco,1,1.2700896429269978e-06
16164,samāhito,1,1.2700896429269978e-06
16165,ekaggacitto,1,1.2700896429269978e-06
16166,saṁvutindriyo,1,1.2700896429269978e-06
16167,anuddayā,1,1.2700896429269978e-06
16168,sīlasāmaññagatānaṁ,1,1.2700896429269978e-06
16169,sīlakathā,1,1.2700896429269978e-06
16170,samādhisāmaññagatānaṁ,1,1.2700896429269978e-06
16171,paññāsāmaññagatānaṁ,1,1.2700896429269978e-06
16172,paññākathā,1,1.2700896429269978e-06
16173,adhiko,1,1.2700896429269978e-06
16174,anuggahessāmī,1,1.2700896429269978e-06
16175,ahi,1,1.2700896429269978e-06
16176,gūthagato,1,1.2700896429269978e-06
16177,ḍaṁsati,1,1.2700896429269978e-06
16178,makkheti,1,1.2700896429269978e-06
16179,tindukālātaṁ,1,1.2700896429269978e-06
16180,ghaṭṭitaṁ,1,1.2700896429269978e-06
16181,cicciṭāyati,1,1.2700896429269978e-06
16182,ciṭiciṭāyati,1,1.2700896429269978e-06
16183,gūthakūpo,1,1.2700896429269978e-06
16184,akkoseyyapi,1,1.2700896429269978e-06
16185,paribhāseyyapi,1,1.2700896429269978e-06
16186,anatthampi,1,1.2700896429269978e-06
16187,kalyāṇasahāyo,1,1.2700896429269978e-06
16188,kalyāṇasampavaṅko,1,1.2700896429269978e-06
16189,paripūrakārino,1,1.2700896429269978e-06
16190,rūpāvacarasamāpattiyā,1,1.2700896429269978e-06
16191,arūpāvacarasamāpattiyā,1,1.2700896429269978e-06
16192,catukkapuggalapaññatti,1,1.2700896429269978e-06
16193,surāmerayamajjapamādaṭṭhāne,1,1.2700896429269978e-06
16194,samphappalāpe,1,1.2700896429269978e-06
16195,byāpāde,1,1.2700896429269978e-06
16196,anabhijjhāya,1,1.2700896429269978e-06
16197,abyāpāde,1,1.2700896429269978e-06
16198,udāhaṭavelāya,1,1.2700896429269978e-06
16199,vibhajiyamāne,1,1.2700896429269978e-06
16200,uddesato,1,1.2700896429269978e-06
16201,paripucchato,1,1.2700896429269978e-06
16202,kalyāṇamitte,1,1.2700896429269978e-06
16203,sevato,1,1.2700896429269978e-06
16204,bhajato,1,1.2700896429269978e-06
16205,payirupāsato,1,1.2700896429269978e-06
16206,suṇato,1,1.2700896429269978e-06
16207,bhaṇato,1,1.2700896429269978e-06
16208,dhārayato,1,1.2700896429269978e-06
16209,vācayato,1,1.2700896429269978e-06
16210,yuttañca,1,1.2700896429269978e-06
16211,sīghañca,1,1.2700896429269978e-06
16212,valāhakā,1,1.2700896429269978e-06
16213,ambāni,1,1.2700896429269978e-06
16214,kumbhā,1,1.2700896429269978e-06
16215,udakarahadā,1,1.2700896429269978e-06
16216,sakaparisañca,1,1.2700896429269978e-06
16217,paraparisañca,1,1.2700896429269978e-06
16218,āsīvisā,1,1.2700896429269978e-06
16219,kālaññū,1,1.2700896429269978e-06
16220,pañhassa,1,1.2700896429269978e-06
16221,veyyākaraṇāya,1,1.2700896429269978e-06
16222,tatūpari,1,1.2700896429269978e-06
16223,nerayikā,1,1.2700896429269978e-06
16224,paravaṇṇanāya,1,1.2700896429269978e-06
16225,parathomanāya,1,1.2700896429269978e-06
16226,parapasaṁsanāya,1,1.2700896429269978e-06
16227,paravaṇṇahārikāya,1,1.2700896429269978e-06
16228,cīvaralūkhaṁ,1,1.2700896429269978e-06
16229,pattalūkhaṁ,1,1.2700896429269978e-06
16230,senāsanalūkhaṁ,1,1.2700896429269978e-06
16231,vividhaṁ,1,1.2700896429269978e-06
16232,acelako,1,1.2700896429269978e-06
16233,muttācāro,1,1.2700896429269978e-06
16234,hatthāpalekhano,1,1.2700896429269978e-06
16235,naehibhaddantiko,1,1.2700896429269978e-06
16236,natiṭṭhabhaddantiko,1,1.2700896429269978e-06
16237,nābhihaṭaṁ,1,1.2700896429269978e-06
16238,uddissakataṁ,1,1.2700896429269978e-06
16239,nimantanaṁ,1,1.2700896429269978e-06
16240,sādiyati,1,1.2700896429269978e-06
16241,kumbhimukhā,1,1.2700896429269978e-06
16242,kaḷopimukhā,1,1.2700896429269978e-06
16243,eḷakamantaraṁ,1,1.2700896429269978e-06
16244,daṇḍamantaraṁ,1,1.2700896429269978e-06
16245,musalamantaraṁ,1,1.2700896429269978e-06
16246,bhuñjamānānaṁ,1,1.2700896429269978e-06
16247,gabbhiniyā,1,1.2700896429269978e-06
16248,pāyamānāya,1,1.2700896429269978e-06
16249,purisantaragatāya,1,1.2700896429269978e-06
16250,saṅkittīsu,1,1.2700896429269978e-06
16251,upaṭṭhito,1,1.2700896429269978e-06
16252,saṇḍasaṇḍacārinī,1,1.2700896429269978e-06
16253,macchaṁ,1,1.2700896429269978e-06
16254,suraṁ,1,1.2700896429269978e-06
16255,merayaṁ,1,1.2700896429269978e-06
16256,thusodakaṁ,1,1.2700896429269978e-06
16257,ekāgāriko,1,1.2700896429269978e-06
16258,ekālopiko,1,1.2700896429269978e-06
16259,dvāgāriko,1,1.2700896429269978e-06
16260,dvālopiko,1,1.2700896429269978e-06
16261,sattāgāriko,1,1.2700896429269978e-06
16262,sattālopiko,1,1.2700896429269978e-06
16263,ekissāpi,1,1.2700896429269978e-06
16264,dattiyā,1,1.2700896429269978e-06
16265,dvīhipi,1,1.2700896429269978e-06
16266,sattahipi,1,1.2700896429269978e-06
16267,ekāhikampi,1,1.2700896429269978e-06
16268,dvīhikampi,1,1.2700896429269978e-06
16269,sattāhikampi,1,1.2700896429269978e-06
16270,aḍḍhamāsikampi,1,1.2700896429269978e-06
16271,pariyāyabhattabhojanānuyogamanuyutto,1,1.2700896429269978e-06
16272,sākabhakkho,1,1.2700896429269978e-06
16273,sāmākabhakkho,1,1.2700896429269978e-06
16274,nīvārabhakkho,1,1.2700896429269978e-06
16275,daddulabhakkho,1,1.2700896429269978e-06
16276,haṭabhakkho,1,1.2700896429269978e-06
16277,kaṇabhakkho,1,1.2700896429269978e-06
16278,ācāmabhakkho,1,1.2700896429269978e-06
16279,piññākabhakkho,1,1.2700896429269978e-06
16280,tiṇabhakkho,1,1.2700896429269978e-06
16281,gomayabhakkho,1,1.2700896429269978e-06
16282,vanamūlaphalāhāro,1,1.2700896429269978e-06
16283,pavattaphalabhojī,1,1.2700896429269978e-06
16284,sāṇānipi,1,1.2700896429269978e-06
16285,masāṇānipi,1,1.2700896429269978e-06
16286,chavadussānipi,1,1.2700896429269978e-06
16287,paṁsukūlānipi,1,1.2700896429269978e-06
16288,tirīṭānipi,1,1.2700896429269978e-06
16289,ajinampi,1,1.2700896429269978e-06
16290,ajinakkhipampi,1,1.2700896429269978e-06
16291,kusacīrampi,1,1.2700896429269978e-06
16292,vākacīrampi,1,1.2700896429269978e-06
16293,phalakacīrampi,1,1.2700896429269978e-06
16294,kesakambalampi,1,1.2700896429269978e-06
16295,vāḷakambalampi,1,1.2700896429269978e-06
16296,ulūkapakkhampi,1,1.2700896429269978e-06
16297,kesamassulocakopi,1,1.2700896429269978e-06
16298,kesamassulocanānuyogamanuyutto,1,1.2700896429269978e-06
16299,ubbhaṭṭhakopi,1,1.2700896429269978e-06
16300,āsanapaṭikkhitto,1,1.2700896429269978e-06
16301,ukkuṭikopi,1,1.2700896429269978e-06
16302,ukkuṭikappadhānamanuyutto,1,1.2700896429269978e-06
16303,kaṇṭakāpassayikopi,1,1.2700896429269978e-06
16304,kaṇṭakāpassaye,1,1.2700896429269978e-06
16305,sāyatatiyakampi,1,1.2700896429269978e-06
16306,udakorohanānuyogamanuyutto,1,1.2700896429269978e-06
16307,ātāpanaparitāpanānuyogamanuyutto,1,1.2700896429269978e-06
16308,orabbhiko,1,1.2700896429269978e-06
16309,sūkariko,1,1.2700896429269978e-06
16310,sākuṇiko,1,1.2700896429269978e-06
16311,māgaviko,1,1.2700896429269978e-06
16312,luddo,1,1.2700896429269978e-06
16313,macchaghātako,1,1.2700896429269978e-06
16314,coro,1,1.2700896429269978e-06
16315,coraghātako,1,1.2700896429269978e-06
16316,goghātako,1,1.2700896429269978e-06
16317,bandhanāgāriko,1,1.2700896429269978e-06
16318,panaññepi,1,1.2700896429269978e-06
16319,kurūrakammantā,1,1.2700896429269978e-06
16320,muddhāvasitto,1,1.2700896429269978e-06
16321,mahāsālo,1,1.2700896429269978e-06
16322,puratthimena,1,1.2700896429269978e-06
16323,nagarassa,1,1.2700896429269978e-06
16324,kārāpetvā,1,1.2700896429269978e-06
16325,kharājinaṁ,1,1.2700896429269978e-06
16326,nivāsetvā,1,1.2700896429269978e-06
16327,sappitelena,1,1.2700896429269978e-06
16328,abbhañjitvā,1,1.2700896429269978e-06
16329,migavisāṇena,1,1.2700896429269978e-06
16330,piṭṭhiṁ,1,1.2700896429269978e-06
16331,kaṇḍuvamāno,1,1.2700896429269978e-06
16332,pavisati,1,1.2700896429269978e-06
16333,mahesiyā,1,1.2700896429269978e-06
16334,brāhmaṇena,1,1.2700896429269978e-06
16335,purohitena,1,1.2700896429269978e-06
16336,anantarahitāya,1,1.2700896429269978e-06
16337,haritupalittāya,1,1.2700896429269978e-06
16338,gāviyā,1,1.2700896429269978e-06
16339,sarūpavacchāya,1,1.2700896429269978e-06
16340,ekasmiṁ,1,1.2700896429269978e-06
16341,dutiyasmiṁ,1,1.2700896429269978e-06
16342,mahesī,1,1.2700896429269978e-06
16343,tatiyasmiṁ,1,1.2700896429269978e-06
16344,purohito,1,1.2700896429269978e-06
16345,catutthasmiṁ,1,1.2700896429269978e-06
16346,juhati,1,1.2700896429269978e-06
16347,avasesena,1,1.2700896429269978e-06
16348,vacchako,1,1.2700896429269978e-06
16349,usabhā,1,1.2700896429269978e-06
16350,vacchatarā,1,1.2700896429269978e-06
16351,vacchatariyo,1,1.2700896429269978e-06
16352,ajā,1,1.2700896429269978e-06
16353,urabbhā,1,1.2700896429269978e-06
16354,chijjantu,1,1.2700896429269978e-06
16355,yūpatthāya,1,1.2700896429269978e-06
16356,dabbhā,1,1.2700896429269978e-06
16357,lūyantu,1,1.2700896429269978e-06
16358,barihisatthāyā,1,1.2700896429269978e-06
16359,yepissa,1,1.2700896429269978e-06
16360,dāsāti,1,1.2700896429269978e-06
16361,pessāti,1,1.2700896429269978e-06
16362,kammakarāti,1,1.2700896429269978e-06
16363,tepi,1,1.2700896429269978e-06
16364,daṇḍatajjitā,1,1.2700896429269978e-06
16365,bhayatajjitā,1,1.2700896429269978e-06
16366,assumukhā,1,1.2700896429269978e-06
16367,rudamānā,1,1.2700896429269978e-06
16368,parikammāni,1,1.2700896429269978e-06
16369,vijjācaraṇasampanno,1,1.2700896429269978e-06
16370,sugato,1,1.2700896429269978e-06
16371,lokavidū,1,1.2700896429269978e-06
16372,purisadammasārathi,1,1.2700896429269978e-06
16373,devamanussānaṁ,1,1.2700896429269978e-06
16374,sadevakaṁ,1,1.2700896429269978e-06
16375,samārakaṁ,1,1.2700896429269978e-06
16376,sabrahmakaṁ,1,1.2700896429269978e-06
16377,sassamaṇabrāhmaṇiṁ,1,1.2700896429269978e-06
16378,pajaṁ,1,1.2700896429269978e-06
16379,sadevamanussaṁ,1,1.2700896429269978e-06
16380,pavedeti,1,1.2700896429269978e-06
16381,pakāseti,1,1.2700896429269978e-06
16382,gahapatiputto,1,1.2700896429269978e-06
16383,aññatarasmiṁ,1,1.2700896429269978e-06
16384,tathāgate,1,1.2700896429269978e-06
16385,saddhāpaṭilābhena,1,1.2700896429269978e-06
16386,paṭisañcikkhati,1,1.2700896429269978e-06
16387,sambādho,1,1.2700896429269978e-06
16388,gharāvāso,1,1.2700896429269978e-06
16389,rajāpatho,1,1.2700896429269978e-06
16390,sukaraṁ,1,1.2700896429269978e-06
16391,ajjhāvasatā,1,1.2700896429269978e-06
16392,ekantaparipuṇṇaṁ,1,1.2700896429269978e-06
16393,ekantaparisuddhaṁ,1,1.2700896429269978e-06
16394,saṅkhalikhitaṁ,1,1.2700896429269978e-06
16395,carituṁ,1,1.2700896429269978e-06
16396,yannūnāhaṁ,1,1.2700896429269978e-06
16397,pabbajeyyan,1,1.2700896429269978e-06
16398,aparena,1,1.2700896429269978e-06
16399,sikkhāsājīvasamāpanno,1,1.2700896429269978e-06
16400,nihitadaṇḍo,1,1.2700896429269978e-06
16401,nihitasattho,1,1.2700896429269978e-06
16402,lajjī,1,1.2700896429269978e-06
16403,dayāpanno,1,1.2700896429269978e-06
16404,dinnādāyī,1,1.2700896429269978e-06
16405,dinnapāṭikaṅkhī,1,1.2700896429269978e-06
16406,athenena,1,1.2700896429269978e-06
16407,sucibhūtena,1,1.2700896429269978e-06
16408,abrahmacariyaṁ,1,1.2700896429269978e-06
16409,brahmacārī,1,1.2700896429269978e-06
16410,ārācārī,1,1.2700896429269978e-06
16411,methunā,1,1.2700896429269978e-06
16412,gāmadhammā,1,1.2700896429269978e-06
16413,saccasandho,1,1.2700896429269978e-06
16414,theto,1,1.2700896429269978e-06
16415,paccayiko,1,1.2700896429269978e-06
16416,avisaṁvādako,1,1.2700896429269978e-06
16417,amūsaṁ,1,1.2700896429269978e-06
16418,bhinnānaṁ,1,1.2700896429269978e-06
16419,sandhātā,1,1.2700896429269978e-06
16420,sahitānaṁ,1,1.2700896429269978e-06
16421,anuppadātā,1,1.2700896429269978e-06
16422,samaggārāmo,1,1.2700896429269978e-06
16423,samaggarato,1,1.2700896429269978e-06
16424,samagganandī,1,1.2700896429269978e-06
16425,samaggakaraṇiṁ,1,1.2700896429269978e-06
16426,samphappalāpaṁ,1,1.2700896429269978e-06
16427,atthavādī,1,1.2700896429269978e-06
16428,dhammavādī,1,1.2700896429269978e-06
16429,vinayavādī,1,1.2700896429269978e-06
16430,nidhānavatiṁ,1,1.2700896429269978e-06
16431,sāpadesaṁ,1,1.2700896429269978e-06
16432,pariyantavatiṁ,1,1.2700896429269978e-06
16433,atthasaṁhitaṁ,1,1.2700896429269978e-06
16434,bījagāmabhūtagāmasamārambhā,1,1.2700896429269978e-06
16435,ekabhattiko,1,1.2700896429269978e-06
16436,rattūparato,1,1.2700896429269978e-06
16437,virato,1,1.2700896429269978e-06
16438,vikālabhojanā,1,1.2700896429269978e-06
16439,naccagītavāditavisūkadassanā,1,1.2700896429269978e-06
16440,mālāgandhavilepanadhāraṇamaṇḍanavibhūsanaṭṭhānā,1,1.2700896429269978e-06
16441,uccāsayanamahāsayanā,1,1.2700896429269978e-06
16442,jātarūparajatapaṭiggahaṇā,1,1.2700896429269978e-06
16443,āmakadhaññapaṭiggahaṇā,1,1.2700896429269978e-06
16444,āmakamaṁsapaṭiggahaṇā,1,1.2700896429269978e-06
16445,itthikumārikāpaṭiggahaṇā,1,1.2700896429269978e-06
16446,dāsidāsapaṭiggahaṇā,1,1.2700896429269978e-06
16447,ajeḷakapaṭiggahaṇā,1,1.2700896429269978e-06
16448,kukkuṭasūkarapaṭiggahaṇā,1,1.2700896429269978e-06
16449,hatthigavāssavaḷavapaṭiggahaṇā,1,1.2700896429269978e-06
16450,khettavatthupaṭiggahaṇā,1,1.2700896429269978e-06
16451,dūteyyapahiṇagamanānuyogā,1,1.2700896429269978e-06
16452,kayavikkayā,1,1.2700896429269978e-06
16453,tulākūṭakaṁsakūṭamānakūṭā,1,1.2700896429269978e-06
16454,ukkoṭanavañcananikatisāciyogā,1,1.2700896429269978e-06
16455,chedanavadhabandhanaviparāmosaālopasahasākārā,1,1.2700896429269978e-06
16456,pakkhī,1,1.2700896429269978e-06
16457,sakuṇo,1,1.2700896429269978e-06
16458,sapattabhārova,1,1.2700896429269978e-06
16459,anavajjasukhaṁ,1,1.2700896429269978e-06
16460,abyāsekasukhaṁ,1,1.2700896429269978e-06
16461,satisampajaññena,1,1.2700896429269978e-06
16462,santuṭṭhiyā,1,1.2700896429269978e-06
16463,pacchābhattaṁ,1,1.2700896429269978e-06
16464,piṇḍapātapaṭikkanto,1,1.2700896429269978e-06
16465,pubbenivāsānussatiñāṇāya,1,1.2700896429269978e-06
16466,cutūpapātañāṇāya,1,1.2700896429269978e-06
16467,assumukhenapi,1,1.2700896429269978e-06
16468,rudamāno,1,1.2700896429269978e-06
16469,catukkaniddeso,1,1.2700896429269978e-06
16470,pañcakapuggalapaññatti,1,1.2700896429269978e-06
16471,ovadiyamānā,1,1.2700896429269978e-06
16472,anusāsiyamānā,1,1.2700896429269978e-06
16473,pāpuṇanti,1,1.2700896429269978e-06
16474,dammi,1,1.2700896429269978e-06
16475,saṁvasati,1,1.2700896429269978e-06
16476,vaṇṇe,1,1.2700896429269978e-06
16477,avaṇṇe,1,1.2700896429269978e-06
16478,bhāsiyamāne,1,1.2700896429269978e-06
16479,khippaññeva,1,1.2700896429269978e-06
16480,adhimuccitā,1,1.2700896429269978e-06
16481,ittarasaddho,1,1.2700896429269978e-06
16482,ittarabhattī,1,1.2700896429269978e-06
16483,ittarapemo,1,1.2700896429269978e-06
16484,ittarappasādo,1,1.2700896429269978e-06
16485,kumāriṁ,1,1.2700896429269978e-06
16486,abhirūpaṁ,1,1.2700896429269978e-06
16487,dassanīyaṁ,1,1.2700896429269978e-06
16488,samannāgataṁ,1,1.2700896429269978e-06
16489,ūhasati,1,1.2700896429269978e-06
16490,ullapati,1,1.2700896429269978e-06
16491,ujjagghati,1,1.2700896429269978e-06
16492,uppaṇḍeti,1,1.2700896429269978e-06
16493,ūhasiyamāno,1,1.2700896429269978e-06
16494,ullapiyamāno,1,1.2700896429269978e-06
16495,ujjagghiyamāno,1,1.2700896429269978e-06
16496,uppaṇḍiyamāno,1,1.2700896429269978e-06
16497,appaccakkhāya,1,1.2700896429269978e-06
16498,dubbalyaṁ,1,1.2700896429269978e-06
16499,anāvikatvā,1,1.2700896429269978e-06
16500,viniveṭhetvā,1,1.2700896429269978e-06
16501,vinimocetvā,1,1.2700896429269978e-06
16502,kāmaṁ,1,1.2700896429269978e-06
16503,pañcakaniddeso,1,1.2700896429269978e-06
16504,chakkapuggalapaññatti,1,1.2700896429269978e-06
16505,sāriputtamoggallānā,1,1.2700896429269978e-06
16506,arahantā,1,1.2700896429269978e-06
16507,chakkaniddeso,1,1.2700896429269978e-06
16508,sattakapuggalapaññatti,1,1.2700896429269978e-06
16509,paṭigādhappatto,1,1.2700896429269978e-06
16510,sattakaniddeso,1,1.2700896429269978e-06
16511,aṭṭhakapuggalapaññatti,1,1.2700896429269978e-06
16512,aṭṭhakaniddeso,1,1.2700896429269978e-06
16513,navakapuggalapaññatti,1,1.2700896429269978e-06
16514,navakaniddeso,1,1.2700896429269978e-06
16515,bojjhaṅgavibhaṅga,1,1.2700896429269978e-06
16516,paramena,1,1.2700896429269978e-06
16517,satinepakkena,1,1.2700896429269978e-06
16518,cirakatampi,1,1.2700896429269978e-06
16519,cirabhāsitampi,1,1.2700896429269978e-06
16520,anussaritā,1,1.2700896429269978e-06
16521,viharanto,1,1.2700896429269978e-06
16522,pavicinati,1,1.2700896429269978e-06
16523,pavicarati,1,1.2700896429269978e-06
16524,parivīmaṁsamāpajjati,1,1.2700896429269978e-06
16525,pavicinato,1,1.2700896429269978e-06
16526,pavicarato,1,1.2700896429269978e-06
16527,parivīmaṁsamāpajjato,1,1.2700896429269978e-06
16528,āraddhaṁ,1,1.2700896429269978e-06
16529,asallīnaṁ,1,1.2700896429269978e-06
16530,āraddhavīriyassa,1,1.2700896429269978e-06
16531,pītimanassa,1,1.2700896429269978e-06
16532,kāyopi,1,1.2700896429269978e-06
16533,passaddhakāyassa,1,1.2700896429269978e-06
16534,sukhino,1,1.2700896429269978e-06
16535,samādhiyati,1,1.2700896429269978e-06
16536,ajjhupekkhitā,1,1.2700896429269978e-06
16537,paṭippassaddhi,1,1.2700896429269978e-06
16538,paṭippassambhanā,1,1.2700896429269978e-06
16539,paṭippassambhitattaṁ,1,1.2700896429269978e-06
16540,bojjhaṅgavibhaṅgo,1,1.2700896429269978e-06
16541,maggaṅgavibhaṅga,1,1.2700896429269978e-06
16542,aṭṭhannaṁ,1,1.2700896429269978e-06
16543,maggaṅgānaṁ,1,1.2700896429269978e-06
16544,maggaṅgavibhaṅgo,1,1.2700896429269978e-06
16545,jhānavibhaṅga,1,1.2700896429269978e-06
16546,sikkhāpadesu,1,1.2700896429269978e-06
16547,sātaccaṁ,1,1.2700896429269978e-06
16548,nepakkaṁ,1,1.2700896429269978e-06
16549,khantiyā,1,1.2700896429269978e-06
16550,ruciyā,1,1.2700896429269978e-06
16551,ādāye,1,1.2700896429269978e-06
16552,brahmacariye,1,1.2700896429269978e-06
16553,satthusāsane,1,1.2700896429269978e-06
16554,samaññāya,1,1.2700896429269978e-06
16555,bhikkhatīti,1,1.2700896429269978e-06
16556,bhikkhakoti,1,1.2700896429269978e-06
16557,bhikkhācariyaṁ,1,1.2700896429269978e-06
16558,ajjhupagatoti,1,1.2700896429269978e-06
16559,bhinnapaṭadharoti,1,1.2700896429269978e-06
16560,pāpake,1,1.2700896429269978e-06
16561,dhammeti,1,1.2700896429269978e-06
16562,bhinnattā,1,1.2700896429269978e-06
16563,anodhiso,1,1.2700896429269978e-06
16564,bhadro,1,1.2700896429269978e-06
16565,maṇḍo,1,1.2700896429269978e-06
16566,samaggena,1,1.2700896429269978e-06
16567,saṅghena,1,1.2700896429269978e-06
16568,ñatticatutthena,1,1.2700896429269978e-06
16569,akuppena,1,1.2700896429269978e-06
16570,ṭhānārahena,1,1.2700896429269978e-06
16571,upasampanno,1,1.2700896429269978e-06
16572,pātimokkhan,1,1.2700896429269978e-06
16573,patiṭṭhā,1,1.2700896429269978e-06
16574,ādi,1,1.2700896429269978e-06
16575,caraṇaṁ,1,1.2700896429269978e-06
16576,mokkhaṁ,1,1.2700896429269978e-06
16577,pāmokkhaṁ,1,1.2700896429269978e-06
16578,saṁvuto,1,1.2700896429269978e-06
16579,pātimokkhasaṁvarena,1,1.2700896429269978e-06
16580,assaddhāni,1,1.2700896429269978e-06
16581,appasannāni,1,1.2700896429269978e-06
16582,anopānabhūtāni,1,1.2700896429269978e-06
16583,akkosakaparibhāsakāni,1,1.2700896429269978e-06
16584,anatthakāmāni,1,1.2700896429269978e-06
16585,ahitakāmāni,1,1.2700896429269978e-06
16586,aphāsukakāmāni,1,1.2700896429269978e-06
16587,ayogakkhemakāmāni,1,1.2700896429269978e-06
16588,asaṁsaṭṭho,1,1.2700896429269978e-06
16589,saddhāni,1,1.2700896429269978e-06
16590,pasannāni,1,1.2700896429269978e-06
16591,opānabhūtāni,1,1.2700896429269978e-06
16592,kāsāvapajjotāni,1,1.2700896429269978e-06
16593,isivātapaṭivātāni,1,1.2700896429269978e-06
16594,atthakāmāni,1,1.2700896429269978e-06
16595,hitakāmāni,1,1.2700896429269978e-06
16596,phāsukakāmāni,1,1.2700896429269978e-06
16597,yogakkhemakāmāni,1,1.2700896429269978e-06
16598,ācārena,1,1.2700896429269978e-06
16599,gocarena,1,1.2700896429269978e-06
16600,appamattakāni,1,1.2700896429269978e-06
16601,oramattakāni,1,1.2700896429269978e-06
16602,lahusāni,1,1.2700896429269978e-06
16603,lahusammatāni,1,1.2700896429269978e-06
16604,saṁyamakaraṇīyāni,1,1.2700896429269978e-06
16605,saṁvarakaraṇīyāni,1,1.2700896429269978e-06
16606,cittuppādakaraṇīyāni,1,1.2700896429269978e-06
16607,manasikārapaṭibaddhāni,1,1.2700896429269978e-06
16608,vajjadassāvī,1,1.2700896429269978e-06
16609,ādīnavadassāvī,1,1.2700896429269978e-06
16610,nissaraṇadassāvī,1,1.2700896429269978e-06
16611,bhikkhusikkhā,1,1.2700896429269978e-06
16612,bhikkhunisikkhā,1,1.2700896429269978e-06
16613,upāsakasikkhā,1,1.2700896429269978e-06
16614,upāsikasikkhā,1,1.2700896429269978e-06
16615,sikkhāyo,1,1.2700896429269978e-06
16616,sikkhāsu,1,1.2700896429269978e-06
16617,ñatvādhikaraṇamenaṁ,1,1.2700896429269978e-06
16618,vihāro,1,1.2700896429269978e-06
16619,paṭhamayāmaṁ,1,1.2700896429269978e-06
16620,majjhimayāmaṁ,1,1.2700896429269978e-06
16621,dakkhiṇena,1,1.2700896429269978e-06
16622,passena,1,1.2700896429269978e-06
16623,sīhaseyyaṁ,1,1.2700896429269978e-06
16624,pādaṁ,1,1.2700896429269978e-06
16625,accādhāya,1,1.2700896429269978e-06
16626,uṭṭhānasaññaṁ,1,1.2700896429269978e-06
16627,manasikaritvā,1,1.2700896429269978e-06
16628,pacchimayāmaṁ,1,1.2700896429269978e-06
16629,paccuṭṭhāya,1,1.2700896429269978e-06
16630,sātaccan,1,1.2700896429269978e-06
16631,nepakkan,1,1.2700896429269978e-06
16632,bodhipakkhike,1,1.2700896429269978e-06
16633,bhūrīmedhā,1,1.2700896429269978e-06
16634,vivittan,1,1.2700896429269978e-06
16635,senāsanan,1,1.2700896429269978e-06
16636,mañcopi,1,1.2700896429269978e-06
16637,pīṭhampi,1,1.2700896429269978e-06
16638,bhisipi,1,1.2700896429269978e-06
16639,bibbohanampi,1,1.2700896429269978e-06
16640,vihāropi,1,1.2700896429269978e-06
16641,aḍḍhayogopi,1,1.2700896429269978e-06
16642,pāsādopi,1,1.2700896429269978e-06
16643,aṭṭopi,1,1.2700896429269978e-06
16644,māḷopi,1,1.2700896429269978e-06
16645,leṇampi,1,1.2700896429269978e-06
16646,guhāpi,1,1.2700896429269978e-06
16647,rukkhamūlampi,1,1.2700896429269978e-06
16648,veḷugumbopi,1,1.2700896429269978e-06
16649,paṭikkamanti,1,1.2700896429269978e-06
16650,sambhajati,1,1.2700896429269978e-06
16651,nisevati,1,1.2700896429269978e-06
16652,saṁsevati,1,1.2700896429269978e-06
16653,araññan,1,1.2700896429269978e-06
16654,bahi,1,1.2700896429269978e-06
16655,indakhīlā,1,1.2700896429269978e-06
16656,rukkhamūlan,1,1.2700896429269978e-06
16657,rukkhamūlaṁyeva,1,1.2700896429269978e-06
16658,pabbatoyeva,1,1.2700896429269978e-06
16659,kandarāyeva,1,1.2700896429269978e-06
16660,kandarā,1,1.2700896429269978e-06
16661,giriguhāyeva,1,1.2700896429269978e-06
16662,giriguhā,1,1.2700896429269978e-06
16663,susānaṁyeva,1,1.2700896429269978e-06
16664,abbhokāsoyeva,1,1.2700896429269978e-06
16665,palālapuñjoyeva,1,1.2700896429269978e-06
16666,palālapuñjo,1,1.2700896429269978e-06
16667,dūrānametaṁ,1,1.2700896429269978e-06
16668,vanasaṇḍānametaṁ,1,1.2700896429269978e-06
16669,bhīsanakānametaṁ,1,1.2700896429269978e-06
16670,salomahaṁsānametaṁ,1,1.2700896429269978e-06
16671,pariyantānametaṁ,1,1.2700896429269978e-06
16672,manussūpacārānametaṁ,1,1.2700896429269978e-06
16673,durabhisambhavānametaṁ,1,1.2700896429269978e-06
16674,appasaddan,1,1.2700896429269978e-06
16675,appanigghosan,1,1.2700896429269978e-06
16676,paṇidhāyā,1,1.2700896429269978e-06
16677,ujuko,1,1.2700896429269978e-06
16678,paṇihito,1,1.2700896429269978e-06
16679,upaṭṭhitā,1,1.2700896429269978e-06
16680,supaṭṭhitā,1,1.2700896429269978e-06
16681,nāsikagge,1,1.2700896429269978e-06
16682,mukhanimitte,1,1.2700896429269978e-06
16683,vigatābhijjhaṁ,1,1.2700896429269978e-06
16684,abyāpannaṁ,1,1.2700896429269978e-06
16685,suppanā,1,1.2700896429269978e-06
16686,suppitattaṁ,1,1.2700896429269978e-06
16687,thinamiddhassa,1,1.2700896429269978e-06
16688,ālokā,1,1.2700896429269978e-06
16689,manovilekhā,1,1.2700896429269978e-06
16690,uddhaccakukkuccassa,1,1.2700896429269978e-06
16691,vūpasantaṁ,1,1.2700896429269978e-06
16692,uttiṇṇo,1,1.2700896429269978e-06
16693,nittiṇṇo,1,1.2700896429269978e-06
16694,pāramanuppatto,1,1.2700896429269978e-06
16695,nikkathaṅkathī,1,1.2700896429269978e-06
16696,vikathaṅkatho,1,1.2700896429269978e-06
16697,upakkilesā,1,1.2700896429269978e-06
16698,vivitto,1,1.2700896429269978e-06
16699,viveke,1,1.2700896429269978e-06
16700,paṭhaman,1,1.2700896429269978e-06
16701,ajjhattan,1,1.2700896429269978e-06
16702,sampasādanan,1,1.2700896429269978e-06
16703,ekodibhāvan,1,1.2700896429269978e-06
16704,anucāro,1,1.2700896429269978e-06
16705,paṭṭhapenti,1,1.2700896429269978e-06
16706,vivaranti,1,1.2700896429269978e-06
16707,vibhajanti,1,1.2700896429269978e-06
16708,tatiyan,1,1.2700896429269978e-06
16709,catutthan,1,1.2700896429269978e-06
16710,rūpāvacarasamāpattiṁ,1,1.2700896429269978e-06
16711,paṭighasaññā,1,1.2700896429269978e-06
16712,ṭhapeti,1,1.2700896429269978e-06
16713,saṇṭhapeti,1,1.2700896429269978e-06
16714,ākāsānañcāyatanan,1,1.2700896429269978e-06
16715,phuṭṭhaṁ,1,1.2700896429269978e-06
16716,viññāṇañcāyatanan,1,1.2700896429269978e-06
16717,vibhāveti,1,1.2700896429269978e-06
16718,antaradhāpeti,1,1.2700896429269978e-06
16719,ākiñcaññāyatanan,1,1.2700896429269978e-06
16720,santato,1,1.2700896429269978e-06
16721,saṅkhārāvasesasamāpattiṁ,1,1.2700896429269978e-06
16722,nevasaññānāsaññāyatanan,1,1.2700896429269978e-06
16723,rūpārūpāvacarakiriya,1,1.2700896429269978e-06
16724,jhānasampayuttāti,1,1.2700896429269978e-06
16725,jhānavibhaṅgo,1,1.2700896429269978e-06
16726,appamaññāvibhaṅga,1,1.2700896429269978e-06
16727,mettāyeyya,1,1.2700896429269978e-06
16728,duggataṁ,1,1.2700896429269978e-06
16729,durūpetaṁ,1,1.2700896429269978e-06
16730,karuṇāyeyya,1,1.2700896429269978e-06
16731,mudito,1,1.2700896429269978e-06
16732,kusala,1,1.2700896429269978e-06
16733,appamaññānaṁ,1,1.2700896429269978e-06
16734,pītisahagatāti,1,1.2700896429269978e-06
16735,appamaññāvibhaṅgo,1,1.2700896429269978e-06
16736,sikkhāpadavibhaṅga,1,1.2700896429269978e-06
16737,sikkhāpadānaṁ,1,1.2700896429269978e-06
16738,sikkhāpadavibhaṅgo,1,1.2700896429269978e-06
16739,paṭisambhidāvibhaṅga,1,1.2700896429269978e-06
16740,saṅgahavāra,1,1.2700896429269978e-06
16741,saṅgahavāro,1,1.2700896429269978e-06
16742,saccavāra,1,1.2700896429269978e-06
16743,saccavāro,1,1.2700896429269978e-06
16744,hetuvāra,1,1.2700896429269978e-06
16745,hetumhi,1,1.2700896429269978e-06
16746,hetuphale,1,1.2700896429269978e-06
16747,hetuvāro,1,1.2700896429269978e-06
16748,dhammavāro,1,1.2700896429269978e-06
16749,paṭiccasamuppādavāra,1,1.2700896429269978e-06
16750,paṭiccasamuppādavāro,1,1.2700896429269978e-06
16751,pariyattivāra,1,1.2700896429269978e-06
16752,pariyattivāro,1,1.2700896429269978e-06
16753,kusalavāra,1,1.2700896429269978e-06
16754,rūpāvacara,1,1.2700896429269978e-06
16755,akusalavāra,1,1.2700896429269978e-06
16756,vipākavāra,1,1.2700896429269978e-06
16757,kusalavipāka,1,1.2700896429269978e-06
16758,ahetukakusala,1,1.2700896429269978e-06
16759,akusalavipāka,1,1.2700896429269978e-06
16760,kiriyavāra,1,1.2700896429269978e-06
16761,etesu,1,1.2700896429269978e-06
16762,paṭisambhidānaṁ,1,1.2700896429269978e-06
16763,nahetuahetukātipi,1,1.2700896429269978e-06
16764,paṭisambhidāvibhaṅgo,1,1.2700896429269978e-06
16765,ñāṇavibhaṅga,1,1.2700896429269978e-06
16766,abhinipātamattā,1,1.2700896429269978e-06
16767,nevācayāya,1,1.2700896429269978e-06
16768,saṁyojaniyameva,1,1.2700896429269978e-06
16769,sārammaṇameva,1,1.2700896429269978e-06
16770,vipākameva,1,1.2700896429269978e-06
16771,upādinnupādāniyameva,1,1.2700896429269978e-06
16772,nevācayagāmināpacayagāmimeva,1,1.2700896429269978e-06
16773,manoviññāṇaviññeyyameva,1,1.2700896429269978e-06
16774,uppannasmiṁ,1,1.2700896429269978e-06
16775,purejātārammaṇāti,1,1.2700896429269978e-06
16776,purejātasmiṁ,1,1.2700896429269978e-06
16777,bāhirārammaṇāti,1,1.2700896429269978e-06
16778,ārammaṇā,1,1.2700896429269978e-06
16779,asambhinnārammaṇāti,1,1.2700896429269978e-06
16780,asambhinnasmiṁ,1,1.2700896429269978e-06
16781,asambhinne,1,1.2700896429269978e-06
16782,nānārammaṇāti,1,1.2700896429269978e-06
16783,paccanubhontīti,1,1.2700896429269978e-06
16784,paṭipāṭiyā,1,1.2700896429269978e-06
16785,ekakkhaṇe,1,1.2700896429269978e-06
16786,abhinipātamattāti,1,1.2700896429269978e-06
16787,āpātamattā,1,1.2700896429269978e-06
16788,vitakkasampayuttā,1,1.2700896429269978e-06
16789,vicāravippayuttā,1,1.2700896429269978e-06
16790,sukhavippayuttā,1,1.2700896429269978e-06
16791,upekkhāvippayuttā,1,1.2700896429269978e-06
16792,assutvā,1,1.2700896429269978e-06
16793,dānādhigaccha,1,1.2700896429269978e-06
16794,sīlādhigaccha,1,1.2700896429269978e-06
16795,pātimokkhasaṁvaraṁ,1,1.2700896429269978e-06
16796,saṁvarantassa,1,1.2700896429269978e-06
16797,rūpāvacarārūpāvacarasamāpattiṁ,1,1.2700896429269978e-06
16798,tatrupāyā,1,1.2700896429269978e-06
16799,vitakkavicārasampayuttā,1,1.2700896429269978e-06
16800,vitakkavicāravippayuttā,1,1.2700896429269978e-06
16801,upariṭṭhimā,1,1.2700896429269978e-06
16802,rūpāvacarārūpāvacarakusalābyākate,1,1.2700896429269978e-06
16803,uppādinīti,1,1.2700896429269978e-06
16804,bahiddhādhamme,1,1.2700896429269978e-06
16805,evarūpī,1,1.2700896429269978e-06
16806,ruci,1,1.2700896429269978e-06
16807,mudi,1,1.2700896429269978e-06
16808,pekkhā,1,1.2700896429269978e-06
16809,dhammanijjhānakkhanti,1,1.2700896429269978e-06
16810,dukkhepetaṁ,1,1.2700896429269978e-06
16811,dukkhasamudayepetaṁ,1,1.2700896429269978e-06
16812,dukkhanirodhepetaṁ,1,1.2700896429269978e-06
16813,ñātena,1,1.2700896429269978e-06
16814,diṭṭhena,1,1.2700896429269978e-06
16815,pattena,1,1.2700896429269978e-06
16816,viditena,1,1.2700896429269978e-06
16817,pariyogāḷhena,1,1.2700896429269978e-06
16818,atītānāgatena,1,1.2700896429269978e-06
16819,nayaṁ,1,1.2700896429269978e-06
16820,neti,1,1.2700896429269978e-06
16821,atītamaddhānaṁ,1,1.2700896429269978e-06
16822,anāgatamaddhānaṁ,1,1.2700896429269978e-06
16823,abhijānissantī,1,1.2700896429269978e-06
16824,ceto,1,1.2700896429269978e-06
16825,paricca,1,1.2700896429269978e-06
16826,kāmāvacarakusale,1,1.2700896429269978e-06
16827,rūpāvacarārūpāvacarakusale,1,1.2700896429269978e-06
16828,kāmasahagatā,1,1.2700896429269978e-06
16829,avitakkasahagatā,1,1.2700896429269978e-06
16830,vitakkasahagatā,1,1.2700896429269978e-06
16831,pītisukhasahagatā,1,1.2700896429269978e-06
16832,adukkhamasukhasahagatā,1,1.2700896429269978e-06
16833,rūpasahagatā,1,1.2700896429269978e-06
16834,ākiñcaññāyatanasahagatā,1,1.2700896429269978e-06
16835,nevasaññānāsaññāyatanasahagatā,1,1.2700896429269978e-06
16836,jarāmaraṇepetaṁ,1,1.2700896429269978e-06
16837,jarāmaraṇasamudayepetaṁ,1,1.2700896429269978e-06
16838,jarāmaraṇanirodhepetaṁ,1,1.2700896429269978e-06
16839,jarāmaraṇasamudayaṁ,1,1.2700896429269978e-06
16840,jarāmaraṇanirodhaṁ,1,1.2700896429269978e-06
16841,jarāmaraṇanirodhagāminiṁ,1,1.2700896429269978e-06
16842,dhammasamaṅgissa,1,1.2700896429269978e-06
16843,jātiyāpetaṁ,1,1.2700896429269978e-06
16844,bhavepetaṁ,1,1.2700896429269978e-06
16845,upādānepetaṁ,1,1.2700896429269978e-06
16846,taṇhāyapetaṁ,1,1.2700896429269978e-06
16847,vedanāyapetaṁ,1,1.2700896429269978e-06
16848,phassepetaṁ,1,1.2700896429269978e-06
16849,saḷāyatanepetaṁ,1,1.2700896429269978e-06
16850,nāmarūpepetaṁ,1,1.2700896429269978e-06
16851,viññāṇepetaṁ,1,1.2700896429269978e-06
16852,saṅkhāresupetaṁ,1,1.2700896429269978e-06
16853,saṅkhārasamudayepetaṁ,1,1.2700896429269978e-06
16854,saṅkhāranirodhepetaṁ,1,1.2700896429269978e-06
16855,saṅkhārasamudayaṁ,1,1.2700896429269978e-06
16856,saṅkhāranirodhaṁ,1,1.2700896429269978e-06
16857,saṅkhāranirodhagāminiṁ,1,1.2700896429269978e-06
16858,paccuppannasukho,1,1.2700896429269978e-06
16859,āyatiñca,1,1.2700896429269978e-06
16860,nirāmiso,1,1.2700896429269978e-06
16861,akāpurisasevito,1,1.2700896429269978e-06
16862,paṭippassaddhaladdho,1,1.2700896429269978e-06
16863,ekodibhāvādhigato,1,1.2700896429269978e-06
16864,sasaṅkhāraniggayhavāritagato,1,1.2700896429269978e-06
16865,samāpajjāmi,1,1.2700896429269978e-06
16866,vuṭṭhahāmī,1,1.2700896429269978e-06
16867,iddhividhe,1,1.2700896429269978e-06
16868,pubbenivāsānussatiyā,1,1.2700896429269978e-06
16869,jātīti,1,1.2700896429269978e-06
16870,bhavoti,1,1.2700896429269978e-06
16871,upādānanti,1,1.2700896429269978e-06
16872,nāmarūpanti,1,1.2700896429269978e-06
16873,sakadāgāmimagge,1,1.2700896429269978e-06
16874,anāgāmimagge,1,1.2700896429269978e-06
16875,paṭhamajjhānasamāpattiyā,1,1.2700896429269978e-06
16876,dutiyajjhānasamāpattiyā,1,1.2700896429269978e-06
16877,tatiyajjhānasamāpattiyā,1,1.2700896429269978e-06
16878,catutthajjhānasamāpattiyā,1,1.2700896429269978e-06
16879,ākāsānañcāyatanasamāpattiyā,1,1.2700896429269978e-06
16880,viññāṇañcāyatanasamāpattiyā,1,1.2700896429269978e-06
16881,ākiñcaññāyatanasamāpattiyā,1,1.2700896429269978e-06
16882,nevasaññānāsaññāyatanasamāpattiyā,1,1.2700896429269978e-06
16883,saññāvedayitanirodhasamāpattiyā,1,1.2700896429269978e-06
16884,paduṭṭhena,1,1.2700896429269978e-06
16885,bhindeyya,1,1.2700896429269978e-06
16886,uddiseyya,1,1.2700896429269978e-06
16887,aṭṭhānan,1,1.2700896429269978e-06
16888,gatisampattipaṭibāḷhāni,1,1.2700896429269978e-06
16889,upadhisampattipaṭibāḷhāni,1,1.2700896429269978e-06
16890,kālasampattipaṭibāḷhāni,1,1.2700896429269978e-06
16891,payogasampattipaṭibāḷhāni,1,1.2700896429269978e-06
16892,gativipattiṁ,1,1.2700896429269978e-06
16893,upadhivipattiṁ,1,1.2700896429269978e-06
16894,kālavipattiṁ,1,1.2700896429269978e-06
16895,payogavipattiṁ,1,1.2700896429269978e-06
16896,gativipattipaṭibāḷhāni,1,1.2700896429269978e-06
16897,upadhivipattipaṭibāḷhāni,1,1.2700896429269978e-06
16898,kālavipattipaṭibāḷhāni,1,1.2700896429269978e-06
16899,payogavipattipaṭibāḷhāni,1,1.2700896429269978e-06
16900,gatisampattiṁ,1,1.2700896429269978e-06
16901,upadhisampattiṁ,1,1.2700896429269978e-06
16902,kālasampattiṁ,1,1.2700896429269978e-06
16903,payogasampattiṁ,1,1.2700896429269978e-06
16904,vipaccantī,1,1.2700896429269978e-06
16905,nirayagāmī,1,1.2700896429269978e-06
16906,tiracchānayonigāmī,1,1.2700896429269978e-06
16907,pettivisayagāmī,1,1.2700896429269978e-06
16908,manussalokagāmī,1,1.2700896429269978e-06
16909,devalokagāmī,1,1.2700896429269978e-06
16910,nibbānagāmī,1,1.2700896429269978e-06
16911,khandhanānattaṁ,1,1.2700896429269978e-06
16912,āyatananānattaṁ,1,1.2700896429269978e-06
16913,dhātunānattaṁ,1,1.2700896429269978e-06
16914,anekadhātunānādhātulokanānattaṁ,1,1.2700896429269978e-06
16915,payirupāsissantī,1,1.2700896429269978e-06
16916,āsayaṁ,1,1.2700896429269978e-06
16917,adhimuttiṁ,1,1.2700896429269978e-06
16918,dvākāre,1,1.2700896429269978e-06
16919,duviññāpaye,1,1.2700896429269978e-06
16920,bhabbābhabbe,1,1.2700896429269978e-06
16921,bhavadiṭṭhisannissitā,1,1.2700896429269978e-06
16922,vibhavadiṭṭhisannissitā,1,1.2700896429269978e-06
16923,anupagamma,1,1.2700896429269978e-06
16924,appiyarūpaṁ,1,1.2700896429269978e-06
16925,asātarūpaṁ,1,1.2700896429269978e-06
16926,avijjānupatitā,1,1.2700896429269978e-06
16927,katamañca,1,1.2700896429269978e-06
16928,parittabhūmako,1,1.2700896429269978e-06
16929,mahābhūmako,1,1.2700896429269978e-06
16930,pāpāsayā,1,1.2700896429269978e-06
16931,pāpānusayā,1,1.2700896429269978e-06
16932,pāpacaritā,1,1.2700896429269978e-06
16933,pāpādhimuttikā,1,1.2700896429269978e-06
16934,kalyāṇāsayā,1,1.2700896429269978e-06
16935,kalyāṇacaritā,1,1.2700896429269978e-06
16936,kalyāṇādhimuttikā,1,1.2700896429269978e-06
16937,suviññāpayā,1,1.2700896429269978e-06
16938,bhabbāti,1,1.2700896429269978e-06
16939,jhāyīti,1,1.2700896429269978e-06
16940,vimokkhā,1,1.2700896429269978e-06
16941,subhanteva,1,1.2700896429269978e-06
16942,adhimutto,1,1.2700896429269978e-06
16943,samāpattī,1,1.2700896429269978e-06
16944,anupubbavihārasamāpattiyo,1,1.2700896429269978e-06
16945,paṭhamajjhānasamāpatti,1,1.2700896429269978e-06
16946,dutiyajjhānasamāpatti,1,1.2700896429269978e-06
16947,tatiyajjhānasamāpatti,1,1.2700896429269978e-06
16948,catutthajjhānasamāpatti,1,1.2700896429269978e-06
16949,ākāsānañcāyatanasamāpatti,1,1.2700896429269978e-06
16950,viññāṇañcāyatanasamāpatti,1,1.2700896429269978e-06
16951,ākiñcaññāyatanasamāpatti,1,1.2700896429269978e-06
16952,nevasaññānāsaññāyatanasamāpatti,1,1.2700896429269978e-06
16953,saṅkilesan,1,1.2700896429269978e-06
16954,hānabhāgiyo,1,1.2700896429269978e-06
16955,vodānan,1,1.2700896429269978e-06
16956,visesabhāgiyo,1,1.2700896429269978e-06
16957,vuṭṭhānan,1,1.2700896429269978e-06
16958,vodānampi,1,1.2700896429269978e-06
16959,vuṭṭhānanti,1,1.2700896429269978e-06
16960,anussaratīti,1,1.2700896429269978e-06
16961,ñāṇavibhaṅgo,1,1.2700896429269978e-06
16962,khuddakavatthuvibhaṅga,1,1.2700896429269978e-06
16963,ārogyamado,1,1.2700896429269978e-06
16964,yobbanamado,1,1.2700896429269978e-06
16965,jīvitamado,1,1.2700896429269978e-06
16966,lābhamado,1,1.2700896429269978e-06
16967,sakkāramado,1,1.2700896429269978e-06
16968,garukāramado,1,1.2700896429269978e-06
16969,purekkhāramado,1,1.2700896429269978e-06
16970,parivāramado,1,1.2700896429269978e-06
16971,bhogamado,1,1.2700896429269978e-06
16972,vaṇṇamado,1,1.2700896429269978e-06
16973,sutamado,1,1.2700896429269978e-06
16974,paṭibhānamado,1,1.2700896429269978e-06
16975,rattaññumado,1,1.2700896429269978e-06
16976,piṇḍapātikamado,1,1.2700896429269978e-06
16977,anavaññātamado,1,1.2700896429269978e-06
16978,iriyāpathamado,1,1.2700896429269978e-06
16979,iddhimado,1,1.2700896429269978e-06
16980,yasamado,1,1.2700896429269978e-06
16981,sīlamado,1,1.2700896429269978e-06
16982,jhānamado,1,1.2700896429269978e-06
16983,sippamado,1,1.2700896429269978e-06
16984,ārohamado,1,1.2700896429269978e-06
16985,pariṇāhamado,1,1.2700896429269978e-06
16986,saṇṭhānamado,1,1.2700896429269978e-06
16987,macchariyañca,1,1.2700896429269978e-06
16988,sāṭheyyañca,1,1.2700896429269978e-06
16989,asoraccañca,1,1.2700896429269978e-06
16990,asākhalyañca,1,1.2700896429269978e-06
16991,muṭṭhassaccañca,1,1.2700896429269978e-06
16992,ajjhattasaṁyojanañca,1,1.2700896429269978e-06
16993,bahiddhāsaṁyojanañca,1,1.2700896429269978e-06
16994,asaññivādā,1,1.2700896429269978e-06
16995,nevasaññināsaññivādā,1,1.2700896429269978e-06
16996,taṇhāvicaritasataṁ,1,1.2700896429269978e-06
16997,gottaṁ,1,1.2700896429269978e-06
16998,ārogyaṁ,1,1.2700896429269978e-06
16999,yobbanaṁ,1,1.2700896429269978e-06
17000,sakkāraṁ,1,1.2700896429269978e-06
17001,garukāraṁ,1,1.2700896429269978e-06
17002,purekkhāraṁ,1,1.2700896429269978e-06
17003,parivāraṁ,1,1.2700896429269978e-06
17004,paṭibhānaṁ,1,1.2700896429269978e-06
17005,rattaññutaṁ,1,1.2700896429269978e-06
17006,piṇḍapātikattaṁ,1,1.2700896429269978e-06
17007,yasaṁ,1,1.2700896429269978e-06
17008,sippaṁ,1,1.2700896429269978e-06
17009,paṭisārambho,1,1.2700896429269978e-06
17010,sārambhanā,1,1.2700896429269978e-06
17011,paṭisārambhanā,1,1.2700896429269978e-06
17012,paṭisārambhitattaṁ,1,1.2700896429269978e-06
17013,saddhoti,1,1.2700896429269978e-06
17014,sīlavāti,1,1.2700896429269978e-06
17015,bahussutoti,1,1.2700896429269978e-06
17016,saṅgaṇikārāmo,1,1.2700896429269978e-06
17017,pavivittoti,1,1.2700896429269978e-06
17018,āraddhavīriyoti,1,1.2700896429269978e-06
17019,upaṭṭhitassatīti,1,1.2700896429269978e-06
17020,samāhitoti,1,1.2700896429269978e-06
17021,akhīṇāsavo,1,1.2700896429269978e-06
17022,khīṇāsavoti,1,1.2700896429269978e-06
17023,siṅgāratā,1,1.2700896429269978e-06
17024,cāturatā,1,1.2700896429269978e-06
17025,cāturiyaṁ,1,1.2700896429269978e-06
17026,tintiṇāyanā,1,1.2700896429269978e-06
17027,tintiṇāyitattaṁ,1,1.2700896429269978e-06
17028,cīvaramaṇḍanā,1,1.2700896429269978e-06
17029,pattamaṇḍanā,1,1.2700896429269978e-06
17030,senāsanamaṇḍanā,1,1.2700896429269978e-06
17031,pūtikāyassa,1,1.2700896429269978e-06
17032,parikkhārānaṁ,1,1.2700896429269978e-06
17033,maṇḍanā,1,1.2700896429269978e-06
17034,vibhūsanā,1,1.2700896429269978e-06
17035,keḷanā,1,1.2700896429269978e-06
17036,parikeḷanā,1,1.2700896429269978e-06
17037,giddhikatā,1,1.2700896429269978e-06
17038,giddhikattaṁ,1,1.2700896429269978e-06
17039,capalatā,1,1.2700896429269978e-06
17040,mātari,1,1.2700896429269978e-06
17041,pitari,1,1.2700896429269978e-06
17042,jeṭṭhe,1,1.2700896429269978e-06
17043,bhātari,1,1.2700896429269978e-06
17044,ācariyesu,1,1.2700896429269978e-06
17045,upajjhāye,1,1.2700896429269978e-06
17046,sāvakesu,1,1.2700896429269978e-06
17047,garuṭṭhāniyesu,1,1.2700896429269978e-06
17048,tandiyanā,1,1.2700896429269978e-06
17049,tandimanakatā,1,1.2700896429269978e-06
17050,ālasyaṁ,1,1.2700896429269978e-06
17051,ālasyāyanā,1,1.2700896429269978e-06
17052,ālasyāyitattaṁ,1,1.2700896429269978e-06
17053,jambhanā,1,1.2700896429269978e-06
17054,vijambhanā,1,1.2700896429269978e-06
17055,ānamanā,1,1.2700896429269978e-06
17056,vinamanā,1,1.2700896429269978e-06
17057,sannamanā,1,1.2700896429269978e-06
17058,paṇamanā,1,1.2700896429269978e-06
17059,byādhiyakaṁ,1,1.2700896429269978e-06
17060,bhuttāvissa,1,1.2700896429269978e-06
17061,bhattamucchā,1,1.2700896429269978e-06
17062,bhattakilamatho,1,1.2700896429269978e-06
17063,bhattapariḷāho,1,1.2700896429269978e-06
17064,kāyaduṭṭhullaṁ,1,1.2700896429269978e-06
17065,paccayapaṭisevanasaṅkhātena,1,1.2700896429269978e-06
17066,sāmantajappitena,1,1.2700896429269978e-06
17067,iriyāpathassa,1,1.2700896429269978e-06
17068,aṭhapanā,1,1.2700896429269978e-06
17069,bhākuṭitā,1,1.2700896429269978e-06
17070,bhākuṭiyaṁ,1,1.2700896429269978e-06
17071,kuhāyanā,1,1.2700896429269978e-06
17072,kuhitattaṁ,1,1.2700896429269978e-06
17073,ālapanā,1,1.2700896429269978e-06
17074,sallapanā,1,1.2700896429269978e-06
17075,ullapanā,1,1.2700896429269978e-06
17076,samullapanā,1,1.2700896429269978e-06
17077,unnahanā,1,1.2700896429269978e-06
17078,samunnahanā,1,1.2700896429269978e-06
17079,ukkācanā,1,1.2700896429269978e-06
17080,samukkācanā,1,1.2700896429269978e-06
17081,anuppiyabhāṇitā,1,1.2700896429269978e-06
17082,cāṭukamyatā,1,1.2700896429269978e-06
17083,muggasūpyatā,1,1.2700896429269978e-06
17084,pāribhaṭayatā,1,1.2700896429269978e-06
17085,nimittakammaṁ,1,1.2700896429269978e-06
17086,obhāso,1,1.2700896429269978e-06
17087,obhāsakammaṁ,1,1.2700896429269978e-06
17088,sāmantajappā,1,1.2700896429269978e-06
17089,parikathā,1,1.2700896429269978e-06
17090,akkosanā,1,1.2700896429269978e-06
17091,vambhanā,1,1.2700896429269978e-06
17092,garahaṇā,1,1.2700896429269978e-06
17093,ukkhepanā,1,1.2700896429269978e-06
17094,samukkhepanā,1,1.2700896429269978e-06
17095,khipanā,1,1.2700896429269978e-06
17096,saṅkhipanā,1,1.2700896429269978e-06
17097,pāpanā,1,1.2700896429269978e-06
17098,sampāpanā,1,1.2700896429269978e-06
17099,avaṇṇahārikā,1,1.2700896429269978e-06
17100,parapiṭṭhimaṁsikatā,1,1.2700896429269978e-06
17101,lābhasakkārasilokasannissito,1,1.2700896429269978e-06
17102,āharati,1,1.2700896429269978e-06
17103,āmisassa,1,1.2700896429269978e-06
17104,eṭṭhi,1,1.2700896429269978e-06
17105,gaveṭṭhi,1,1.2700896429269978e-06
17106,pariyeṭṭhi,1,1.2700896429269978e-06
17107,gavesanā,1,1.2700896429269978e-06
17108,atimaññati,1,1.2700896429269978e-06
17109,appatte,1,1.2700896429269978e-06
17110,pattasaññitā,1,1.2700896429269978e-06
17111,akate,1,1.2700896429269978e-06
17112,katasaññitā,1,1.2700896429269978e-06
17113,anadhigate,1,1.2700896429269978e-06
17114,adhigatasaññitā,1,1.2700896429269978e-06
17115,asacchikate,1,1.2700896429269978e-06
17116,sacchikatasaññitā,1,1.2700896429269978e-06
17117,pāpikāya,1,1.2700896429269978e-06
17118,ñātake,1,1.2700896429269978e-06
17119,janapadaṁ,1,1.2700896429269978e-06
17120,dukkarakārikāpaṭisaṁyutto,1,1.2700896429269978e-06
17121,diṭṭhigatapaṭisaṁyutto,1,1.2700896429269978e-06
17122,gihīhi,1,1.2700896429269978e-06
17123,sahanandī,1,1.2700896429269978e-06
17124,sahasokī,1,1.2700896429269978e-06
17125,sukhitesu,1,1.2700896429269978e-06
17126,sukhito,1,1.2700896429269978e-06
17127,dukkhitesu,1,1.2700896429269978e-06
17128,dukkhito,1,1.2700896429269978e-06
17129,uppannesu,1,1.2700896429269978e-06
17130,kiccakaraṇīyesu,1,1.2700896429269978e-06
17131,lābhasakkārasilokaṁ,1,1.2700896429269978e-06
17132,avajāniṁsūti,1,1.2700896429269978e-06
17133,paṭicchādanahetuṁ,1,1.2700896429269978e-06
17134,saṅkappeti,1,1.2700896429269978e-06
17135,anajjavatā,1,1.2700896429269978e-06
17136,jimhatā,1,1.2700896429269978e-06
17137,vaṅkatā,1,1.2700896429269978e-06
17138,kuṭilatā,1,1.2700896429269978e-06
17139,amaddavatā,1,1.2700896429269978e-06
17140,kakkhaḷatā,1,1.2700896429269978e-06
17141,kaṭhinatā,1,1.2700896429269978e-06
17142,akkhamanatā,1,1.2700896429269978e-06
17143,anadhivāsanatā,1,1.2700896429269978e-06
17144,kaṇḍakā,1,1.2700896429269978e-06
17145,asaṇhavācatā,1,1.2700896429269978e-06
17146,asakhilavācatā,1,1.2700896429269978e-06
17147,pharusavācatā,1,1.2700896429269978e-06
17148,appaṭisanthārako,1,1.2700896429269978e-06
17149,bahiddhāsaṁyojanaṁ,1,1.2700896429269978e-06
17150,parigedho,1,1.2700896429269978e-06
17151,āyūhanī,1,1.2700896429269978e-06
17152,āsīsanā,1,1.2700896429269978e-06
17153,āsīsitattaṁ,1,1.2700896429269978e-06
17154,chadanaṁ,1,1.2700896429269978e-06
17155,kāmapaṭisaṁyuttā,1,1.2700896429269978e-06
17156,byāpādapaṭisaṁyuttā,1,1.2700896429269978e-06
17157,vihiṁsāpaṭisaṁyuttā,1,1.2700896429269978e-06
17158,bhavadiṭṭhisahagato,1,1.2700896429269978e-06
17159,rūpadhātuarūpadhātupaṭisaṁyutto,1,1.2700896429269978e-06
17160,jaraṁ,1,1.2700896429269978e-06
17161,katahetū,1,1.2700896429269978e-06
17162,issaranimmānahetū,1,1.2700896429269978e-06
17163,kāyavisamaṁ,1,1.2700896429269978e-06
17164,vacīvisamaṁ,1,1.2700896429269978e-06
17165,manovisamaṁ,1,1.2700896429269978e-06
17166,rāgaggi,1,1.2700896429269978e-06
17167,dosaggi,1,1.2700896429269978e-06
17168,mohaggi,1,1.2700896429269978e-06
17169,rāgakasāvo,1,1.2700896429269978e-06
17170,dosakasāvo,1,1.2700896429269978e-06
17171,mohakasāvo,1,1.2700896429269978e-06
17172,kāyakasāvo,1,1.2700896429269978e-06
17173,vacīkasāvo,1,1.2700896429269978e-06
17174,manokasāvo,1,1.2700896429269978e-06
17175,pātabyataṁ,1,1.2700896429269978e-06
17176,hirīyitabbena,1,1.2700896429269978e-06
17177,anaddā,1,1.2700896429269978e-06
17178,anaddāyanā,1,1.2700896429269978e-06
17179,anaddāyitattaṁ,1,1.2700896429269978e-06
17180,asīlyaṁ,1,1.2700896429269978e-06
17181,acittīkāro,1,1.2700896429269978e-06
17182,paṭisevanā,1,1.2700896429269978e-06
17183,saddahati,1,1.2700896429269978e-06
17184,assaddahanā,1,1.2700896429269978e-06
17185,anokappanā,1,1.2700896429269978e-06
17186,anabhippasādo,1,1.2700896429269978e-06
17187,adaṭṭhukamyatā,1,1.2700896429269978e-06
17188,asametukamyatā,1,1.2700896429269978e-06
17189,asamāgantukamyatā,1,1.2700896429269978e-06
17190,saddhammassa,1,1.2700896429269978e-06
17191,asavanakamyatā,1,1.2700896429269978e-06
17192,anuggahetukamyatā,1,1.2700896429269978e-06
17193,adhāretukamyatā,1,1.2700896429269978e-06
17194,anupārambho,1,1.2700896429269978e-06
17195,upārambhanā,1,1.2700896429269978e-06
17196,anupārambhanā,1,1.2700896429269978e-06
17197,anupārambhitattaṁ,1,1.2700896429269978e-06
17198,uññā,1,1.2700896429269978e-06
17199,avaññā,1,1.2700896429269978e-06
17200,paribhavo,1,1.2700896429269978e-06
17201,randhagavesitā,1,1.2700896429269978e-06
17202,saccavippaṭikulena,1,1.2700896429269978e-06
17203,anāvaṭṭanā,1,1.2700896429269978e-06
17204,kummaggassa,1,1.2700896429269978e-06
17205,cīvarahetu,1,1.2700896429269978e-06
17206,piṇḍapātahetu,1,1.2700896429269978e-06
17207,senāsanahetu,1,1.2700896429269978e-06
17208,itibhavābhavahetu,1,1.2700896429269978e-06
17209,chandāgatiṁ,1,1.2700896429269978e-06
17210,dosāgatiṁ,1,1.2700896429269978e-06
17211,mohāgatiṁ,1,1.2700896429269978e-06
17212,bhayāgatiṁ,1,1.2700896429269978e-06
17213,agati,1,1.2700896429269978e-06
17214,agatigamanaṁ,1,1.2700896429269978e-06
17215,chandagamanaṁ,1,1.2700896429269978e-06
17216,vaggagamanaṁ,1,1.2700896429269978e-06
17217,vārigamanaṁ,1,1.2700896429269978e-06
17218,rājabhayaṁ,1,1.2700896429269978e-06
17219,corabhayaṁ,1,1.2700896429269978e-06
17220,aggibhayaṁ,1,1.2700896429269978e-06
17221,udakabhayaṁ,1,1.2700896429269978e-06
17222,ūmibhayaṁ,1,1.2700896429269978e-06
17223,kumbhīlabhayaṁ,1,1.2700896429269978e-06
17224,āvaṭṭabhayaṁ,1,1.2700896429269978e-06
17225,susukābhayaṁ,1,1.2700896429269978e-06
17226,attānuvādabhayaṁ,1,1.2700896429269978e-06
17227,parānuvādabhayaṁ,1,1.2700896429269978e-06
17228,daṇḍabhayaṁ,1,1.2700896429269978e-06
17229,rāgasaṅgo,1,1.2700896429269978e-06
17230,dosasaṅgo,1,1.2700896429269978e-06
17231,mohasaṅgo,1,1.2700896429269978e-06
17232,mānasaṅgo,1,1.2700896429269978e-06
17233,diṭṭhisaṅgo,1,1.2700896429269978e-06
17234,rāgasallaṁ,1,1.2700896429269978e-06
17235,dosasallaṁ,1,1.2700896429269978e-06
17236,mohasallaṁ,1,1.2700896429269978e-06
17237,mānasallaṁ,1,1.2700896429269978e-06
17238,diṭṭhisallaṁ,1,1.2700896429269978e-06
17239,sabrahmacārīsu,1,1.2700896429269978e-06
17240,āhatacitto,1,1.2700896429269978e-06
17241,khilajāto,1,1.2700896429269978e-06
17242,vinibandhā,1,1.2700896429269978e-06
17243,avigatacchando,1,1.2700896429269978e-06
17244,avigatapemo,1,1.2700896429269978e-06
17245,avigatapipāso,1,1.2700896429269978e-06
17246,avigatapariḷāho,1,1.2700896429269978e-06
17247,avigatataṇho,1,1.2700896429269978e-06
17248,udarāvadehakaṁ,1,1.2700896429269978e-06
17249,bhuñjitvā,1,1.2700896429269978e-06
17250,seyyasukhaṁ,1,1.2700896429269978e-06
17251,passasukhaṁ,1,1.2700896429269978e-06
17252,middhasukhaṁ,1,1.2700896429269978e-06
17253,anuyutto,1,1.2700896429269978e-06
17254,devanikāyaṁ,1,1.2700896429269978e-06
17255,imināhaṁ,1,1.2700896429269978e-06
17256,tapena,1,1.2700896429269978e-06
17257,brahmacariyena,1,1.2700896429269978e-06
17258,devaññataro,1,1.2700896429269978e-06
17259,bhinno,1,1.2700896429269978e-06
17260,diṭṭhadhammanibbānaṁ,1,1.2700896429269978e-06
17261,paneke,1,1.2700896429269978e-06
17262,ñātibyasanaṁ,1,1.2700896429269978e-06
17263,bhogabyasanaṁ,1,1.2700896429269978e-06
17264,rogabyasanaṁ,1,1.2700896429269978e-06
17265,sīlabyasanaṁ,1,1.2700896429269978e-06
17266,diṭṭhibyasanaṁ,1,1.2700896429269978e-06
17267,bahuno,1,1.2700896429269978e-06
17268,janassa,1,1.2700896429269978e-06
17269,appiyo,1,1.2700896429269978e-06
17270,verabahulo,1,1.2700896429269978e-06
17271,ājīvakabhayaṁ,1,1.2700896429269978e-06
17272,asilokabhayaṁ,1,1.2700896429269978e-06
17273,parisasārajjabhayaṁ,1,1.2700896429269978e-06
17274,samappito,1,1.2700896429269978e-06
17275,samaṅgībhūto,1,1.2700896429269978e-06
17276,paricāreti,1,1.2700896429269978e-06
17277,vipariṇāmaññathābhāvā,1,1.2700896429269978e-06
17278,vitakkitaṁ,1,1.2700896429269978e-06
17279,vicāritaṁ,1,1.2700896429269978e-06
17280,pītigataṁ,1,1.2700896429269978e-06
17281,uppilāvitaṁ,1,1.2700896429269978e-06
17282,sukhapīti,1,1.2700896429269978e-06
17283,sandiṭṭhiparāmāsitā,1,1.2700896429269978e-06
17284,appamāde,1,1.2700896429269978e-06
17285,paṭisanthāre,1,1.2700896429269978e-06
17286,saṁsaggārāmatā,1,1.2700896429269978e-06
17287,papañcārāmatā,1,1.2700896429269978e-06
17288,anattānaṁ,1,1.2700896429269978e-06
17289,anattanā,1,1.2700896429269978e-06
17290,evaṁdiṭṭhi,1,1.2700896429269978e-06
17291,vado,1,1.2700896429269978e-06
17292,vedeyyo,1,1.2700896429269978e-06
17293,nāhosi,1,1.2700896429269978e-06
17294,cātumahābhūtiko,1,1.2700896429269978e-06
17295,mātāpettikasambhavo,1,1.2700896429269978e-06
17296,kabaḷīkārabhakkho,1,1.2700896429269978e-06
17297,sammāsamucchinno,1,1.2700896429269978e-06
17298,manomayo,1,1.2700896429269978e-06
17299,ākāsoti,1,1.2700896429269978e-06
17300,ākāsānañcāyatanūpago,1,1.2700896429269978e-06
17301,viññāṇañcāyatanūpago,1,1.2700896429269978e-06
17302,kiñcīti,1,1.2700896429269978e-06
17303,ākiñcaññāyatanūpago,1,1.2700896429269978e-06
17304,nevasaññānāsaññāyatanūpago,1,1.2700896429269978e-06
17305,akāsiṁ,1,1.2700896429269978e-06
17306,agamāsiṁ,1,1.2700896429269978e-06
17307,nālatthaṁ,1,1.2700896429269978e-06
17308,alatthaṁ,1,1.2700896429269978e-06
17309,māsācitaṁ,1,1.2700896429269978e-06
17310,maññe,1,1.2700896429269978e-06
17311,nipajjituṁ,1,1.2700896429269978e-06
17312,dubbalo,1,1.2700896429269978e-06
17313,katamesu,1,1.2700896429269978e-06
17314,lābhe,1,1.2700896429269978e-06
17315,alābhe,1,1.2700896429269978e-06
17316,yase,1,1.2700896429269978e-06
17317,ayase,1,1.2700896429269978e-06
17318,pasaṁsāya,1,1.2700896429269978e-06
17319,nindāya,1,1.2700896429269978e-06
17320,sukhe,1,1.2700896429269978e-06
17321,sarāmi,1,1.2700896429269978e-06
17322,sarāmī,1,1.2700896429269978e-06
17323,assatiyāva,1,1.2700896429269978e-06
17324,nibbeṭheti,1,1.2700896429269978e-06
17325,paṭippharati,1,1.2700896429269978e-06
17326,paccāropeti,1,1.2700896429269978e-06
17327,khosi,1,1.2700896429269978e-06
17328,itthannāmaṁ,1,1.2700896429269978e-06
17329,āpattiṁ,1,1.2700896429269978e-06
17330,āpanno,1,1.2700896429269978e-06
17331,paṭikarohī,1,1.2700896429269978e-06
17332,aññenāññaṁ,1,1.2700896429269978e-06
17333,paṭicarati,1,1.2700896429269978e-06
17334,apanāmeti,1,1.2700896429269978e-06
17335,bāhāvikkhepakaṁ,1,1.2700896429269978e-06
17336,nevāhaṁ,1,1.2700896429269978e-06
17337,āpannomhi,1,1.2700896429269978e-06
17338,anāpannomhī,1,1.2700896429269978e-06
17339,tuṇhībhūto,1,1.2700896429269978e-06
17340,viheseti,1,1.2700896429269978e-06
17341,codakaṁ,1,1.2700896429269978e-06
17342,sāpattikova,1,1.2700896429269978e-06
17343,yenakāmaṁ,1,1.2700896429269978e-06
17344,atibāḷhaṁ,1,1.2700896429269978e-06
17345,mayi,1,1.2700896429269978e-06
17346,byāvaṭā,1,1.2700896429269978e-06
17347,idānāhaṁ,1,1.2700896429269978e-06
17348,hīnāyāvattissāmī,1,1.2700896429269978e-06
17349,hīnāyāvattitvā,1,1.2700896429269978e-06
17350,idāni,1,1.2700896429269978e-06
17351,hothā,1,1.2700896429269978e-06
17352,taṇhaṁ,1,1.2700896429269978e-06
17353,pariyesanaṁ,1,1.2700896429269978e-06
17354,vinicchayo,1,1.2700896429269978e-06
17355,vinicchayaṁ,1,1.2700896429269978e-06
17356,chandarāgaṁ,1,1.2700896429269978e-06
17357,pariggaho,1,1.2700896429269978e-06
17358,pariggahaṁ,1,1.2700896429269978e-06
17359,ārakkhādhikaraṇaṁ,1,1.2700896429269978e-06
17360,daṇḍādānasatthādānakalahaviggahavivādatuvaṁtuvaṁpesuññamusāvādā,1,1.2700896429269978e-06
17361,aneke,1,1.2700896429269978e-06
17362,sīlabbataparāmāsasaṁyojanaṁ,1,1.2700896429269978e-06
17363,issāsaṁyojanaṁ,1,1.2700896429269978e-06
17364,macchariyasaṁyojanaṁ,1,1.2700896429269978e-06
17365,micchāñāṇaṁ,1,1.2700896429269978e-06
17366,micchāvimutti,1,1.2700896429269978e-06
17367,taṇhāvicaritaniddesa,1,1.2700896429269978e-06
17368,evarūpāni,1,1.2700896429269978e-06
17369,aṭṭhataṇhāvicaritasataṁ,1,1.2700896429269978e-06
17370,sassatavādā,1,1.2700896429269978e-06
17371,ekaccasassatikā,1,1.2700896429269978e-06
17372,antānantikā,1,1.2700896429269978e-06
17373,amarāvikkhepikā,1,1.2700896429269978e-06
17374,adhiccasamuppannikā,1,1.2700896429269978e-06
17375,saññīvādā,1,1.2700896429269978e-06
17376,ucchedavādā,1,1.2700896429269978e-06
17377,khuddakavatthuvibhaṅgo,1,1.2700896429269978e-06
17378,dhammahadayavibhaṅga,1,1.2700896429269978e-06
17379,sabbasaṅgāhikavāra,1,1.2700896429269978e-06
17380,uppattānuppattivāra,1,1.2700896429269978e-06
17381,apariyāpanna,1,1.2700896429269978e-06
17382,pariyāpannāpariyāpannavāra,1,1.2700896429269978e-06
17383,arūpadhātupariyāpannāni,1,1.2700896429269978e-06
17384,pariyāpannāpariyāpanna,1,1.2700896429269978e-06
17385,dhammadassanavāra,1,1.2700896429269978e-06
17386,avasesānaṁ,1,1.2700896429269978e-06
17387,asaññasatta,1,1.2700896429269978e-06
17388,ekindriyaṁ,1,1.2700896429269978e-06
17389,anāhārā,1,1.2700896429269978e-06
17390,aphassakā,1,1.2700896429269978e-06
17391,avedanakā,1,1.2700896429269978e-06
17392,asaññakā,1,1.2700896429269978e-06
17393,acetanakā,1,1.2700896429269978e-06
17394,acittakā,1,1.2700896429269978e-06
17395,bhūmantaradassanavāra,1,1.2700896429269978e-06
17396,ākāsānañcāyatanūpage,1,1.2700896429269978e-06
17397,nevasaññānāsaññāyatanūpage,1,1.2700896429269978e-06
17398,uppādakakammaāyuppamāṇavāra,1,1.2700896429269978e-06
17399,uppādakakamma,1,1.2700896429269978e-06
17400,deviyo,1,1.2700896429269978e-06
17401,kumārā,1,1.2700896429269978e-06
17402,tadupari,1,1.2700896429269978e-06
17403,khattiyamahāsālānaṁ,1,1.2700896429269978e-06
17404,brāhmaṇamahāsālānaṁ,1,1.2700896429269978e-06
17405,gahapatimahāsālānaṁ,1,1.2700896429269978e-06
17406,āyuppamāṇa,1,1.2700896429269978e-06
17407,bhiyyo,1,1.2700896429269978e-06
17408,navuti,1,1.2700896429269978e-06
17409,cuddasañca,1,1.2700896429269978e-06
17410,sattapaññāsa,1,1.2700896429269978e-06
17411,tiṁsañca,1,1.2700896429269978e-06
17412,ekavīsañca,1,1.2700896429269978e-06
17413,vassasatasahassānīti,1,1.2700896429269978e-06
17414,sabbakāmasamiddhino,1,1.2700896429269978e-06
17415,ekasaṅkhāto,1,1.2700896429269978e-06
17416,kittako,1,1.2700896429269978e-06
17417,koṭisataṁ,1,1.2700896429269978e-06
17418,aṭṭhavīsañca,1,1.2700896429269978e-06
17419,koṭiyo,1,1.2700896429269978e-06
17420,satasahassāni,1,1.2700896429269978e-06
17421,vassaggena,1,1.2700896429269978e-06
17422,pakāsitāti,1,1.2700896429269978e-06
17423,bhāgo,1,1.2700896429269978e-06
17424,upaḍḍhakappo,1,1.2700896429269978e-06
17425,ārammaṇanānattatā,1,1.2700896429269978e-06
17426,manasikāranānattatā,1,1.2700896429269978e-06
17427,chandanānattatā,1,1.2700896429269978e-06
17428,paṇidhinānattatā,1,1.2700896429269978e-06
17429,adhimokkhanānattatā,1,1.2700896429269978e-06
17430,abhinīhāranānattatā,1,1.2700896429269978e-06
17431,paññānānattatā,1,1.2700896429269978e-06
17432,vehapphalānañca,1,1.2700896429269978e-06
17433,pañcakappasatāni,1,1.2700896429269978e-06
17434,kappasahassānīti,1,1.2700896429269978e-06
17435,ukkhittā,1,1.2700896429269978e-06
17436,puññatejena,1,1.2700896429269978e-06
17437,kāmarūpagatiṁ,1,1.2700896429269978e-06
17438,gatā,1,1.2700896429269978e-06
17439,bhavaggatampi,1,1.2700896429269978e-06
17440,sampattā,1,1.2700896429269978e-06
17441,punāgacchanti,1,1.2700896429269978e-06
17442,dīghāyukā,1,1.2700896429269978e-06
17443,āyusaṅkhayā,1,1.2700896429269978e-06
17444,mahesinā,1,1.2700896429269978e-06
17445,nipakā,1,1.2700896429269978e-06
17446,nipuṇā,1,1.2700896429269978e-06
17447,atthacintakā,1,1.2700896429269978e-06
17448,jarāmaraṇamokkhāya,1,1.2700896429269978e-06
17449,maggamuttamaṁ,1,1.2700896429269978e-06
17450,bhāvayitvā,1,1.2700896429269978e-06
17451,suciṁ,1,1.2700896429269978e-06
17452,nibbānogadhagāminaṁ,1,1.2700896429269978e-06
17453,sabbāsave,1,1.2700896429269978e-06
17454,parinibbanti,1,1.2700896429269978e-06
17455,abhiññeyyādivāra,1,1.2700896429269978e-06
17456,sārammaṇānārammaṇavāra,1,1.2700896429269978e-06
17457,sārammaṇārammaṇo,1,1.2700896429269978e-06
17458,anārammaṇārammaṇo,1,1.2700896429269978e-06
17459,diṭṭhasutādidassanavāra,1,1.2700896429269978e-06
17460,sattāyatanā,1,1.2700896429269978e-06
17461,bāvīsatindriyā,1,1.2700896429269978e-06
17462,tikādidassanavāra,1,1.2700896429269978e-06
17463,kāyaviññāṇadhātusamphasso,1,1.2700896429269978e-06
17464,rūpaduka,1,1.2700896429269978e-06
17465,kusalavedanā,1,1.2700896429269978e-06
17466,rūpalokiyāti,1,1.2700896429269978e-06
17467,dhammahadayavibhaṅgo,1,1.2700896429269978e-06
17468,vibhaṅgapakaraṇaṁ,1,1.2700896429269978e-06
17469,khandhavibhaṅga,1,1.2700896429269978e-06
17470,uññātaṁ,1,1.2700896429269978e-06
17471,avaññātaṁ,1,1.2700896429269978e-06
17472,hīḷitaṁ,1,1.2700896429269978e-06
17473,paribhūtaṁ,1,1.2700896429269978e-06
17474,acittīkataṁ,1,1.2700896429269978e-06
17475,hīnamataṁ,1,1.2700896429269978e-06
17476,hīnasammataṁ,1,1.2700896429269978e-06
17477,aniṭṭhaṁ,1,1.2700896429269978e-06
17478,akantaṁ,1,1.2700896429269978e-06
17479,ahīḷitaṁ,1,1.2700896429269978e-06
17480,aparibhūtaṁ,1,1.2700896429269978e-06
17481,cittīkataṁ,1,1.2700896429269978e-06
17482,paṇītamataṁ,1,1.2700896429269978e-06
17483,paṇītasammataṁ,1,1.2700896429269978e-06
17484,iṭṭhaṁ,1,1.2700896429269978e-06
17485,kantaṁ,1,1.2700896429269978e-06
17486,anāsanne,1,1.2700896429269978e-06
17487,anupakaṭṭhe,1,1.2700896429269978e-06
17488,asantike,1,1.2700896429269978e-06
17489,āsanne,1,1.2700896429269978e-06
17490,upakaṭṭhe,1,1.2700896429269978e-06
17491,avidūre,1,1.2700896429269978e-06
17492,paṭighasamphassajā,1,1.2700896429269978e-06
17493,adhivacanasamphassajā,1,1.2700896429269978e-06
17494,anāsavānaṁ,1,1.2700896429269978e-06
17495,tikā,1,1.2700896429269978e-06
17496,khandhavibhaṅgo,1,1.2700896429269978e-06
17497,āyatanavibhaṅga,1,1.2700896429269978e-06
17498,cakkhundriyampetaṁ,1,1.2700896429269978e-06
17499,nayanampetaṁ,1,1.2700896429269978e-06
17500,sotampetaṁ,1,1.2700896429269978e-06
17501,ghānampetaṁ,1,1.2700896429269978e-06
17502,jivhāyatanampetaṁ,1,1.2700896429269978e-06
17503,caturassaṁ,1,1.2700896429269978e-06
17504,maṇisaṅkhamuttaveḷuriyassa,1,1.2700896429269978e-06
17505,rūpampetaṁ,1,1.2700896429269978e-06
17506,lambikaṁ,1,1.2700896429269978e-06
17507,phoṭṭhabbāyatanampetaṁ,1,1.2700896429269978e-06
17508,saṁyojaniyañcā,1,1.2700896429269978e-06
17509,saṁyojaniyan,1,1.2700896429269978e-06
17510,upādānasampayuttaupādāniyā,1,1.2700896429269978e-06
17511,āyatanavibhaṅgo,1,1.2700896429269978e-06
17512,dhātuvibhaṅga,1,1.2700896429269978e-06
17513,pathavīdhātudvayaṁ,1,1.2700896429269978e-06
17514,ayo,1,1.2700896429269978e-06
17515,lohaṁ,1,1.2700896429269978e-06
17516,tipu,1,1.2700896429269978e-06
17517,sajjhaṁ,1,1.2700896429269978e-06
17518,muttā,1,1.2700896429269978e-06
17519,veḷuriyo,1,1.2700896429269978e-06
17520,saṅkho,1,1.2700896429269978e-06
17521,silā,1,1.2700896429269978e-06
17522,pavāḷaṁ,1,1.2700896429269978e-06
17523,rajataṁ,1,1.2700896429269978e-06
17524,jātarūpaṁ,1,1.2700896429269978e-06
17525,lohitaṅko,1,1.2700896429269978e-06
17526,masāragallaṁ,1,1.2700896429269978e-06
17527,kaṭṭhaṁ,1,1.2700896429269978e-06
17528,sakkharā,1,1.2700896429269978e-06
17529,kaṭhalaṁ,1,1.2700896429269978e-06
17530,āpodhātudvayaṁ,1,1.2700896429269978e-06
17531,bhummāni,1,1.2700896429269978e-06
17532,udakāni,1,1.2700896429269978e-06
17533,antalikkhāni,1,1.2700896429269978e-06
17534,tejodhātudvayaṁ,1,1.2700896429269978e-06
17535,santappati,1,1.2700896429269978e-06
17536,jīrīyati,1,1.2700896429269978e-06
17537,pariḍayhati,1,1.2700896429269978e-06
17538,pariṇāmaṁ,1,1.2700896429269978e-06
17539,kaṭṭhaggi,1,1.2700896429269978e-06
17540,palālaggi,1,1.2700896429269978e-06
17541,tiṇaggi,1,1.2700896429269978e-06
17542,gomayaggi,1,1.2700896429269978e-06
17543,thusaggi,1,1.2700896429269978e-06
17544,saṅkāraggi,1,1.2700896429269978e-06
17545,indaggi,1,1.2700896429269978e-06
17546,aggisantāpo,1,1.2700896429269978e-06
17547,sūriyasantāpo,1,1.2700896429269978e-06
17548,kaṭṭhasannicayasantāpo,1,1.2700896429269978e-06
17549,tiṇasannicayasantāpo,1,1.2700896429269978e-06
17550,dhaññasannicayasantāpo,1,1.2700896429269978e-06
17551,bhaṇḍasannicayasantāpo,1,1.2700896429269978e-06
17552,vāyodhātudvayaṁ,1,1.2700896429269978e-06
17553,uddhaṅgamā,1,1.2700896429269978e-06
17554,adhogamā,1,1.2700896429269978e-06
17555,kucchisayā,1,1.2700896429269978e-06
17556,koṭṭhāsayā,1,1.2700896429269978e-06
17557,aṅgamaṅgānusārino,1,1.2700896429269978e-06
17558,satthakavātā,1,1.2700896429269978e-06
17559,khurakavātā,1,1.2700896429269978e-06
17560,uppalakavātā,1,1.2700896429269978e-06
17561,assāso,1,1.2700896429269978e-06
17562,passāso,1,1.2700896429269978e-06
17563,puratthimā,1,1.2700896429269978e-06
17564,pacchimā,1,1.2700896429269978e-06
17565,uttarā,1,1.2700896429269978e-06
17566,sarajā,1,1.2700896429269978e-06
17567,arajā,1,1.2700896429269978e-06
17568,sītā,1,1.2700896429269978e-06
17569,uṇhā,1,1.2700896429269978e-06
17570,kāḷavātā,1,1.2700896429269978e-06
17571,verambhavātā,1,1.2700896429269978e-06
17572,pakkhavātā,1,1.2700896429269978e-06
17573,supaṇṇavātā,1,1.2700896429269978e-06
17574,tālavaṇṭavātā,1,1.2700896429269978e-06
17575,vidhūpanavātā,1,1.2700896429269978e-06
17576,ākāsadhātudvayaṁ,1,1.2700896429269978e-06
17577,kaṇṇacchiddaṁ,1,1.2700896429269978e-06
17578,nāsacchiddaṁ,1,1.2700896429269978e-06
17579,mukhadvāraṁ,1,1.2700896429269978e-06
17580,ajjhoharati,1,1.2700896429269978e-06
17581,adhobhāgaṁ,1,1.2700896429269978e-06
17582,nikkhamati,1,1.2700896429269978e-06
17583,dasasu,1,1.2700896429269978e-06
17584,āghātavatthūsu,1,1.2700896429269978e-06
17585,nekkhammapaṭisaṁyutto,1,1.2700896429269978e-06
17586,abyāpādapaṭisaṁyutto,1,1.2700896429269978e-06
17587,avihiṁsāpaṭisaṁyutto,1,1.2700896429269978e-06
17588,chakkāni,1,1.2700896429269978e-06
17589,tajjāsotaviññāṇadhātu,1,1.2700896429269978e-06
17590,tajjāghānaviññāṇadhātu,1,1.2700896429269978e-06
17591,tajjājivhāviññāṇadhātu,1,1.2700896429269978e-06
17592,sabbadhammesu,1,1.2700896429269978e-06
17593,paṭhamasamannāhāro,1,1.2700896429269978e-06
17594,visaṁsaṭṭhā,1,1.2700896429269978e-06
17595,sattadhātuyo,1,1.2700896429269978e-06
17596,dhātuvibhaṅgo,1,1.2700896429269978e-06
17597,saccavibhaṅga,1,1.2700896429269978e-06
17598,dukkhasacca,1,1.2700896429269978e-06
17599,jātipi,1,1.2700896429269978e-06
17600,jarāpi,1,1.2700896429269978e-06
17601,maraṇampi,1,1.2700896429269978e-06
17602,sokaparidevadukkhadomanassupāyāsāpi,1,1.2700896429269978e-06
17603,akantā,1,1.2700896429269978e-06
17604,amanāpā,1,1.2700896429269978e-06
17605,anatthakāmā,1,1.2700896429269978e-06
17606,ahitakāmā,1,1.2700896429269978e-06
17607,aphāsukakāmā,1,1.2700896429269978e-06
17608,ayogakkhemakāmā,1,1.2700896429269978e-06
17609,missībhāvo,1,1.2700896429269978e-06
17610,atthakāmā,1,1.2700896429269978e-06
17611,hitakāmā,1,1.2700896429269978e-06
17612,phāsukakāmā,1,1.2700896429269978e-06
17613,yogakkhemakāmā,1,1.2700896429269978e-06
17614,mittā,1,1.2700896429269978e-06
17615,amaccā,1,1.2700896429269978e-06
17616,ñātī,1,1.2700896429269978e-06
17617,sālohitā,1,1.2700896429269978e-06
17618,asaṅgati,1,1.2700896429269978e-06
17619,asamāgamo,1,1.2700896429269978e-06
17620,asamodhānaṁ,1,1.2700896429269978e-06
17621,amissībhāvo,1,1.2700896429269978e-06
17622,jātidhammānaṁ,1,1.2700896429269978e-06
17623,āgaccheyyā,1,1.2700896429269978e-06
17624,jarādhammānaṁ,1,1.2700896429269978e-06
17625,byādhidhammānaṁ,1,1.2700896429269978e-06
17626,maraṇadhammānaṁ,1,1.2700896429269978e-06
17627,sokaparidevadukkhadomanassupāyāsadhammānaṁ,1,1.2700896429269978e-06
17628,sokaparidevadukkhadomanassupāyāsadhammā,1,1.2700896429269978e-06
17629,āgaccheyyun,1,1.2700896429269978e-06
17630,rūpupādānakkhandho,1,1.2700896429269978e-06
17631,vedanupādānakkhandho,1,1.2700896429269978e-06
17632,saññupādānakkhandho,1,1.2700896429269978e-06
17633,saṅkhārupādānakkhandho,1,1.2700896429269978e-06
17634,viññāṇupādānakkhandho,1,1.2700896429269978e-06
17635,samudayasacca,1,1.2700896429269978e-06
17636,ponobhavikā,1,1.2700896429269978e-06
17637,nandirāgasahagatā,1,1.2700896429269978e-06
17638,nirodhasacca,1,1.2700896429269978e-06
17639,tassāyeva,1,1.2700896429269978e-06
17640,asesavirāganirodho,1,1.2700896429269978e-06
17641,paṭinissaggo,1,1.2700896429269978e-06
17642,mutti,1,1.2700896429269978e-06
17643,anālayo,1,1.2700896429269978e-06
17644,maggasacca,1,1.2700896429269978e-06
17645,ayameva,1,1.2700896429269978e-06
17646,ājīvā,1,1.2700896429269978e-06
17647,ariyasaccānaṁ,1,1.2700896429269978e-06
17648,uppādi,1,1.2700896429269978e-06
17649,arūpāni,1,1.2700896429269978e-06
17650,āsavavippayuttasāsavaṁ,1,1.2700896429269978e-06
17651,saṁyojanavippayuttaṁ,1,1.2700896429269978e-06
17652,saṁyojanavippayuttasaṁyojaniyaṁ,1,1.2700896429269978e-06
17653,nīvaraṇavippayuttanīvaraṇiyaṁ,1,1.2700896429269978e-06
17654,kilesavippayuttasaṅkilesikaṁ,1,1.2700896429269978e-06
17655,araṇanti,1,1.2700896429269978e-06
17656,saccavibhaṅgo,1,1.2700896429269978e-06
17657,indriyavibhaṅga,1,1.2700896429269978e-06
17658,aṭṭhārasindriyā,1,1.2700896429269978e-06
17659,ganthavippayuttaganthaniyan,1,1.2700896429269978e-06
17660,ganthavippayuttaaganthaniyan,1,1.2700896429269978e-06
17661,jīvitindriyā,1,1.2700896429269978e-06
17662,ekavīsatindriyā,1,1.2700896429269978e-06
17663,indriyavibhaṅgo,1,1.2700896429269978e-06
17664,paṭiccasamuppādavibhaṅga,1,1.2700896429269978e-06
17665,bhavagāmikammaṁ,1,1.2700896429269978e-06
17666,nāmarūpasampayuttaṁ,1,1.2700896429269978e-06
17667,nāmahetukoti,1,1.2700896429269978e-06
17668,nāmasampayuttoti,1,1.2700896429269978e-06
17669,nāmasampayuttanti,1,1.2700896429269978e-06
17670,akusalaniddesa,1,1.2700896429269978e-06
17671,akusalaniddeso,1,1.2700896429269978e-06
17672,kusalaniddesa,1,1.2700896429269978e-06
17673,kāmāvacarakusalacitta,1,1.2700896429269978e-06
17674,kusalaniddeso,1,1.2700896429269978e-06
17675,abyākataniddesa,1,1.2700896429269978e-06
17676,somanassantīraṇacitta,1,1.2700896429269978e-06
17677,akusalavipākacitta,1,1.2700896429269978e-06
17678,kiriyācitta,1,1.2700896429269978e-06
17679,ahetukakiriyācitta,1,1.2700896429269978e-06
17680,kāmāvacarakiriyācitta,1,1.2700896429269978e-06
17681,rūpāvacarakiriyācitta,1,1.2700896429269978e-06
17682,arūpāvacarakiriyācitta,1,1.2700896429269978e-06
17683,abyākataniddeso,1,1.2700896429269978e-06
17684,avijjāmūlakakusalaniddesa,1,1.2700896429269978e-06
17685,avijjāmūlakakusalaniddeso,1,1.2700896429269978e-06
17686,kusalamūlakavipākaniddesa,1,1.2700896429269978e-06
17687,kusalamūlakavipākaniddeso,1,1.2700896429269978e-06
17688,akusalamūlakavipākaniddesa,1,1.2700896429269978e-06
17689,akusalamūlakavipākaniddeso,1,1.2700896429269978e-06
17690,paṭiccasamuppādavibhaṅgo,1,1.2700896429269978e-06
17691,satipaṭṭhānavibhaṅga,1,1.2700896429269978e-06
17692,kāyānupassanāniddesa,1,1.2700896429269978e-06
17693,kāyānupassanāniddeso,1,1.2700896429269978e-06
17694,vedanānupassanāniddesa,1,1.2700896429269978e-06
17695,sāyeva,1,1.2700896429269978e-06
17696,vedanānupassanāniddeso,1,1.2700896429269978e-06
17697,cittānupassanāniddesa,1,1.2700896429269978e-06
17698,sarāgamassa,1,1.2700896429269978e-06
17699,vītarāgamassa,1,1.2700896429269978e-06
17700,sadosamassa,1,1.2700896429269978e-06
17701,vītadosamassa,1,1.2700896429269978e-06
17702,samohamassa,1,1.2700896429269978e-06
17703,vītamohamassa,1,1.2700896429269978e-06
17704,saṅkhittamassa,1,1.2700896429269978e-06
17705,vikkhittamassa,1,1.2700896429269978e-06
17706,mahaggatamassa,1,1.2700896429269978e-06
17707,amahaggatamassa,1,1.2700896429269978e-06
17708,sauttaramassa,1,1.2700896429269978e-06
17709,anuttaramassa,1,1.2700896429269978e-06
17710,samāhitamassa,1,1.2700896429269978e-06
17711,asamāhitamassa,1,1.2700896429269978e-06
17712,vimuttamassa,1,1.2700896429269978e-06
17713,avimuttamassa,1,1.2700896429269978e-06
17714,cittānupassanāniddeso,1,1.2700896429269978e-06
17715,dhammānupassanāniddesa,1,1.2700896429269978e-06
17716,dhammānupassanāniddeso,1,1.2700896429269978e-06
17717,satipaṭṭhānavibhaṅgo,1,1.2700896429269978e-06
17718,sammappadhānavibhaṅga,1,1.2700896429269978e-06
17719,padahatīti,1,1.2700896429269978e-06
17720,sammappadhānavibhaṅgo,1,1.2700896429269978e-06
17721,iddhipādavibhaṅga,1,1.2700896429269978e-06
17722,chandañce,1,1.2700896429269978e-06
17723,chandasamādhipadhānasaṅkhārotveva,1,1.2700896429269978e-06
17724,vīriyañce,1,1.2700896429269978e-06
17725,vīriyasamādhipadhānasaṅkhārotveva,1,1.2700896429269978e-06
17726,cittañce,1,1.2700896429269978e-06
17727,cittasamādhipadhānasaṅkhārotveva,1,1.2700896429269978e-06
17728,vīmaṁsañce,1,1.2700896429269978e-06
17729,vīmaṁsāsamādhipadhānasaṅkhārotveva,1,1.2700896429269978e-06
17730,chandiddhipādasampayuttā,1,1.2700896429269978e-06
17731,vīriyiddhipādasampayuttā,1,1.2700896429269978e-06
17732,cittiddhipādasampayuttā,1,1.2700896429269978e-06
17733,vīmaṁsiddhipādasampayuttā,1,1.2700896429269978e-06
17734,āsavavippayuttāanāsavā,1,1.2700896429269978e-06
17735,iddhipādavibhaṅgo,1,1.2700896429269978e-06
17736,mūlavārauddesa,1,1.2700896429269978e-06
17737,mūlavārauddeso,1,1.2700896429269978e-06
17738,hetuvārādiuddesa,1,1.2700896429269978e-06
17739,mūlavāraniddesa,1,1.2700896429269978e-06
17740,kusalamūlāti,1,1.2700896429269978e-06
17741,kusalamūlamūlāti,1,1.2700896429269978e-06
17742,kusalamūlamūlāni,1,1.2700896429269978e-06
17743,kusalamūlakāti,1,1.2700896429269978e-06
17744,kusalamūlakaṁ,1,1.2700896429269978e-06
17745,kusalamūlakañceva,1,1.2700896429269978e-06
17746,kusalamūlamūlakāti,1,1.2700896429269978e-06
17747,kusalamūlamūlakaṁ,1,1.2700896429269978e-06
17748,kusalamūlamūlakañceva,1,1.2700896429269978e-06
17749,akusalamūlāti,1,1.2700896429269978e-06
17750,akusalamūlamūlāti,1,1.2700896429269978e-06
17751,akusalamūlamūlāni,1,1.2700896429269978e-06
17752,akusalamūlakāti,1,1.2700896429269978e-06
17753,akusalamūlakañceva,1,1.2700896429269978e-06
17754,akusalamūlamūlakāti,1,1.2700896429269978e-06
17755,akusalamūlamūlakañceva,1,1.2700896429269978e-06
17756,abyākatamūlāti,1,1.2700896429269978e-06
17757,abyākatamūlamūlāti,1,1.2700896429269978e-06
17758,abyākatamūlamūlāni,1,1.2700896429269978e-06
17759,abyākatamūlakāti,1,1.2700896429269978e-06
17760,abyākatamūlamūlakāti,1,1.2700896429269978e-06
17761,nāmamūlāti,1,1.2700896429269978e-06
17762,nāmamūlamūlāti,1,1.2700896429269978e-06
17763,nāmamūlamūlāni,1,1.2700896429269978e-06
17764,nāmamūlakāti,1,1.2700896429269978e-06
17765,nāmamūlakañceva,1,1.2700896429269978e-06
17766,nāmamūlamūlakāti,1,1.2700896429269978e-06
17767,nāmamūlamūlakañceva,1,1.2700896429269978e-06
17768,mūlavāraniddeso,1,1.2700896429269978e-06
17769,hetuvārādiniddesa,1,1.2700896429269978e-06
17770,kusalahetūti,1,1.2700896429269978e-06
17771,tayoeva,1,1.2700896429269978e-06
17772,nāmahetūti,1,1.2700896429269978e-06
17773,nāmanidānā,1,1.2700896429269978e-06
17774,nāmasambhavā,1,1.2700896429269978e-06
17775,nāmappabhavā,1,1.2700896429269978e-06
17776,nāmasamuṭṭhānā,1,1.2700896429269978e-06
17777,nāmāhārā,1,1.2700896429269978e-06
17778,nāmārammaṇā,1,1.2700896429269978e-06
17779,nāmasamudayā,1,1.2700896429269978e-06
17780,niddesavāro,1,1.2700896429269978e-06
17781,mūlayamakapāḷi,1,1.2700896429269978e-06
17782,uppajjantīnaṁ,1,1.2700896429269978e-06
17783,upapajjissati,1,1.2700896429269978e-06
17784,uppajjantānaṁ,1,1.2700896429269978e-06
17785,indriyayamakapāḷi,1,1.2700896429269978e-06
17786,yamakapakaraṇaṁ,1,1.2700896429269978e-06
17787,saññākkhandhañca,1,1.2700896429269978e-06
17788,saṅkhārakkhandhañca,1,1.2700896429269978e-06
17789,paccuppannātītaṁ,1,1.2700896429269978e-06
17790,khandhayamakapāḷi,1,1.2700896429269978e-06
17791,ekekapadamūlakaṁ,1,1.2700896429269978e-06
17792,bandhantena,1,1.2700896429269978e-06
17793,āmantāti,1,1.2700896429269978e-06
17794,vārasaṅkhepo,1,1.2700896429269978e-06
17795,jānitabbaṁ,1,1.2700896429269978e-06
17796,paccuppannepi,1,1.2700896429269978e-06
17797,atītepi,1,1.2700896429269978e-06
17798,anāgatepi,1,1.2700896429269978e-06
17799,paccuppannānāgatepi,1,1.2700896429269978e-06
17800,atītānāgatepi,1,1.2700896429269978e-06
17801,yatthake,1,1.2700896429269978e-06
17802,tividhaṁ,1,1.2700896429269978e-06
17803,noti,1,1.2700896429269978e-06
17804,vāresu,1,1.2700896429269978e-06
17805,tasaṁ,1,1.2700896429269978e-06
17806,āyatanayamakapāḷi,1,1.2700896429269978e-06
17807,bandhitaṁ,1,1.2700896429269978e-06
17808,evamidha,1,1.2700896429269978e-06
17809,jivhāpi,1,1.2700896429269978e-06
17810,ghānadhātusadisā,1,1.2700896429269978e-06
17811,cakkhudhātuñca,1,1.2700896429269978e-06
17812,sotadhātuñca,1,1.2700896429269978e-06
17813,ubhato,1,1.2700896429269978e-06
17814,kāyadhātuñca,1,1.2700896429269978e-06
17815,rūpadhātuñca,1,1.2700896429269978e-06
17816,gandhadhātuñca,1,1.2700896429269978e-06
17817,rasadhātuñca,1,1.2700896429269978e-06
17818,manodhātuñca,1,1.2700896429269978e-06
17819,dhammadhātuñca,1,1.2700896429269978e-06
17820,dhātuyamakepi,1,1.2700896429269978e-06
17821,ubhatopi,1,1.2700896429269978e-06
17822,sesepi,1,1.2700896429269978e-06
17823,āyatanayamakassa,1,1.2700896429269978e-06
17824,dhātuyamakassa,1,1.2700896429269978e-06
17825,āyatanayamakaṁ,1,1.2700896429269978e-06
17826,dhātuyamakampi,1,1.2700896429269978e-06
17827,dhātuyamakaṁ,1,1.2700896429269978e-06
17828,peyyālena,1,1.2700896429269978e-06
17829,dhātuyamakapāḷi,1,1.2700896429269978e-06
17830,dukkhañceva,1,1.2700896429269978e-06
17831,nirodhañca,1,1.2700896429269978e-06
17832,tantinānākaraṇaṁ,1,1.2700896429269978e-06
17833,yatthakasadisaṁ,1,1.2700896429269978e-06
17834,yatthakā,1,1.2700896429269978e-06
17835,yassayatthakasadisaṁ,1,1.2700896429269978e-06
17836,cetaṁ,1,1.2700896429269978e-06
17837,paccuppannaatītā,1,1.2700896429269978e-06
17838,saccayamakapāḷi,1,1.2700896429269978e-06
17839,uppādavāranirodhavārepi,1,1.2700896429269978e-06
17840,nirodhavārena,1,1.2700896429269978e-06
17841,khandhayamake,1,1.2700896429269978e-06
17842,saṅkhārayamakepi,1,1.2700896429269978e-06
17843,saṅkhārayamakapāḷi,1,1.2700896429269978e-06
17844,uppattiṭṭhānavāra,1,1.2700896429269978e-06
17845,uppattiṭṭhānavāro,1,1.2700896429269978e-06
17846,anusayavāra,1,1.2700896429269978e-06
17847,anusanti,1,1.2700896429269978e-06
17848,anusayavāro,1,1.2700896429269978e-06
17849,sānusayavāra,1,1.2700896429269978e-06
17850,sānusayavāro,1,1.2700896429269978e-06
17851,pajahanavāra,1,1.2700896429269978e-06
17852,pajahanavāro,1,1.2700896429269978e-06
17853,pahīnavāra,1,1.2700896429269978e-06
17854,pahīnavāro,1,1.2700896429269978e-06
17855,uppajjanavāra,1,1.2700896429269978e-06
17856,uppajjanavāro,1,1.2700896429269978e-06
17857,dhātupucchāvāra,1,1.2700896429269978e-06
17858,dhātupucchāvāro,1,1.2700896429269978e-06
17859,dhātuvisajjanāvāra,1,1.2700896429269978e-06
17860,dhātuvisajjavāro,1,1.2700896429269978e-06
17861,anusayayamakapāḷi,1,1.2700896429269978e-06
17862,sakabhāvena,1,1.2700896429269978e-06
17863,ekattena,1,1.2700896429269978e-06
17864,sarāgapacchimacittassa,1,1.2700896429269978e-06
17865,sarāgacittassa,1,1.2700896429269978e-06
17866,pacchimakusalacittassa,1,1.2700896429269978e-06
17867,mūlayamakaṁ,1,1.2700896429269978e-06
17868,cittayamakaṁ,1,1.2700896429269978e-06
17869,dhammayamakanti,1,1.2700896429269978e-06
17870,yamakāni,1,1.2700896429269978e-06
17871,cittayamakapāḷi,1,1.2700896429269978e-06
17872,bhāvanāvāra,1,1.2700896429269978e-06
17873,bhāvanāvāro,1,1.2700896429269978e-06
17874,dhammayamakapāḷi,1,1.2700896429269978e-06
