rank,word,frequency,relative_frequency
1,the,32299,0.11098321112203033
2,of,14829,0.050954210276745036
3,to,9125,0.03135458687539945
4,in,7337,0.025210805907375972
5,and,6649,0.022846755959948596
6,that,5481,0.018833368839897467
7,a,4956,0.017029406307340237
8,by,3831,0.01316377230900332
9,was,3807,0.013081305450372132
10,is,3767,0.01294386068598682
11,be,3170,0.010892497577536027
12,for,2800,0.009621133506971885
13,on,2800,0.009621133506971885
14,it,2732,0.009387477407516854
15,as,2698,0.009270649357789339
16,or,2461,0.00845628912880636
17,not,2138,0.007346422656394961
18,which,1837,0.006312150804395483
19,this,1717,0.005899816511239546
20,court,1537,0.005281315071505639
21,with,1344,0.004618144083346505
22,an,1244,0.004274532172383223
23,act,1197,0.0041130345742304815
24,any,1152,0.003958409214297004
25,from,1151,0.0039549730951873715
26,at,1144,0.003930920261419942
27,had,1138,0.003910303546762145
28,under,1093,0.003755678186828668
29,no,1086,0.0037316253530612384
30,his,1055,0.0036251056606626214
31,section,1047,0.0035976167077855586
32,order,1035,0.0035563832784699647
33,case,1029,0.003535766563812168
34,were,1028,0.003532330444702535
35,has,1027,0.0035288943255929023
36,been,1027,0.0035288943255929023
37,appellant,939,0.0032265158439452146
38,have,895,0.0030753266031213707
39,are,870,0.00298942362538055
40,such,860,0.002955062434284222
41,he,857,0.0029447540769553236
42,made,833,0.002862287218324136
43,state,766,0.0026320672379787375
44,tax,715,0.002456825163387464
45,if,702,0.002412155614962237
46,high,698,0.002398411138523706
47,would,669,0.0022987636843443543
48,there,655,0.0022506580168094948
49,but,648,0.002226605183042065
50,income,607,0.0020857242995471195
51,may,565,0.0019414072969425411
52,other,559,0.0019207905822847444
53,also,551,0.0018933016294076818
54,all,551,0.0018933016294076818
55,question,551,0.0018933016294076818
56,government,547,0.0018795571529691506
57,number,536,0.0018417598427631896
58,appeal,530,0.0018211431281053927
59,shall,521,0.0017902180561186973
60,said,518,0.001779909698789799
61,before,518,0.001779909698789799
62,after,517,0.001776473579680166
63,respondent,503,0.0017283679121453065
64,against,497,0.0017077511974875096
65,its,483,0.0016596455299526503
66,only,463,0.0015909231477599939
67,him,462,0.0015874870286503612
68,so,449,0.0015428174802251345
69,i,443,0.0015222007655673376
70,we,441,0.001515328527348072
71,whether,440,0.001511892408238439
72,s,439,0.0015084562891288064
73,appellants,436,0.0014981479317999079
74,tribunal,432,0.0014844034553613767
75,who,430,0.001477531217142111
76,they,427,0.0014672228598132126
77,their,424,0.001456914502484314
78,property,420,0.0014431700260457828
79,these,418,0.0014362977878265171
80,therefore,401,0.0013778837629627593
81,one,401,0.0013778837629627593
82,petition,401,0.0013778837629627593
83,out,400,0.0013744476438531266
84,held,387,0.0013297780954279
85,should,381,0.001309161380770103
86,person,369,0.0012679279514545092
87,right,368,0.0012644918323448764
88,can,359,0.001233566760358181
89,could,354,0.001216386164810017
90,when,349,0.001199205569261853
91,same,345,0.0011854610928233216
92,law,340,0.0011682804972751575
93,sale,337,0.0011579721399462592
94,company,336,0.0011545360208366263
95,being,334,0.0011476637826173606
96,petitioner,327,0.0011236109488499308
97,her,325,0.0011167387106306654
98,into,319,0.0010961219959728684
99,view,318,0.0010926858768632356
100,provisions,316,0.0010858136386439699
101,rules,312,0.0010720691622054387
102,must,312,0.0010720691622054387
103,application,311,0.0010686330430958058
104,time,310,0.001065196923986173
105,evidence,310,0.001065196923986173
106,dated,306,0.0010514524475476418
107,business,306,0.0010514524475476418
108,part,305,0.001048016328438009
109,respondents,303,0.0010411440902187434
110,learned,301,0.0010342718519994777
111,decree,300,0.0010308357328898449
112,two,298,0.0010239634946705794
113,india,295,0.0010136551373416808
114,amount,294,0.001010219018232048
115,article,290,0.0009964745417935167
116,them,289,0.000993038422683884
117,goods,286,0.0009827300653549855
118,year,282,0.0009689855889164542
119,present,281,0.0009655494698068214
120,th,279,0.0009586772315875558
121,passed,276,0.0009483688742586573
122,judgment,276,0.0009483688742586573
123,suit,273,0.0009380605169297589
124,within,273,0.0009380605169297589
125,given,272,0.000934624397820126
126,cannot,271,0.0009311882787104933
127,does,271,0.0009311882787104933
128,rs,271,0.0009311882787104933
129,decision,265,0.0009105715640526964
130,rule,263,0.0009036993258334307
131,fact,261,0.000896827087614165
132,opinion,259,0.0008899548493948995
133,entitled,257,0.0008830826111756337
134,will,257,0.0008830826111756337
135,taken,255,0.0008762103729563681
136,sales,253,0.0008693381347371025
137,upon,247,0.0008487214200793056
138,even,242,0.0008315408245311416
139,estate,241,0.0008281047054215087
140,possession,240,0.0008246685863118759
141,date,237,0.0008143602289829775
142,between,235,0.0008074879907637118
143,judge,234,0.0008040518716540791
144,proceedings,233,0.0008006157525444462
145,payment,231,0.0007937435143251806
146,however,230,0.0007903073952155478
147,paid,227,0.0007799990378866493
148,where,226,0.0007765629187770164
149,without,225,0.0007731267996673837
150,first,222,0.0007628184423384852
151,mortgage,220,0.0007559462041192195
152,further,218,0.0007490739658999539
153,officer,218,0.0007490739658999539
154,filed,217,0.0007456378467903212
155,general,216,0.0007422017276806883
156,b,215,0.0007387656085710555
157,bombay,214,0.0007353294894614227
158,matter,214,0.0007353294894614227
159,son,214,0.0007353294894614227
160,did,213,0.0007318933703517899
161,respect,213,0.0007318933703517899
162,having,212,0.000728457251242157
163,up,209,0.0007181488939132586
164,purpose,208,0.0007147127748036258
165,parties,203,0.0006975321792554617
166,place,203,0.0006975321792554617
167,power,202,0.0006940960601458289
168,v,201,0.0006906599410361961
169,our,200,0.0006872238219265633
170,what,198,0.0006803515837072976
171,do,198,0.0006803515837072976
172,assessee,198,0.0006803515837072976
173,because,196,0.000673479345488032
174,pay,195,0.0006700432263783991
175,stated,195,0.0006700432263783991
176,money,194,0.0006666071072687664
177,then,193,0.0006631709881591335
178,both,192,0.0006597348690495007
179,central,190,0.0006528626308302351
180,facts,187,0.0006425542735013366
181,she,186,0.0006391181543917038
182,companyrt,184,0.0006322459161724382
183,make,183,0.0006288097970628054
184,terms,183,0.0006288097970628054
185,circumstances,183,0.0006288097970628054
186,leave,183,0.0006288097970628054
187,profits,182,0.0006253736779531726
188,trade,182,0.0006253736779531726
189,during,182,0.0006253736779531726
190,clause,180,0.000618501439733907
191,interest,179,0.0006150653206242741
192,sub,178,0.0006116292015146413
193,way,178,0.0006116292015146413
194,wife,178,0.0006116292015146413
195,those,176,0.0006047569632953757
196,thus,176,0.0006047569632953757
197,shares,176,0.0006047569632953757
198,share,175,0.0006013208441857428
199,special,174,0.0005978847250761101
200,persons,173,0.0005944486059664772
201,certain,172,0.0005910124868568444
202,asset,172,0.0005910124868568444
203,some,171,0.0005875763677472116
204,plaintiff,171,0.0005875763677472116
205,examination,169,0.0005807041295279459
206,necessary,169,0.0005807041295279459
207,trial,167,0.0005738318913086803
208,than,167,0.0005738318913086803
209,referred,165,0.0005669596530894147
210,provision,164,0.0005635235339797819
211,contention,164,0.0005635235339797819
212,execution,164,0.0005635235339797819
213,land,164,0.0005635235339797819
214,found,163,0.0005600874148701491
215,claim,163,0.0005600874148701491
216,over,162,0.0005566512957605163
217,mr,161,0.0005532151766508834
218,provided,161,0.0005532151766508834
219,reason,160,0.0005497790575412507
220,appellate,159,0.0005463429384316178
221,husband,158,0.0005429068193219849
222,ground,157,0.0005394707002123522
223,though,157,0.0005394707002123522
224,above,157,0.0005394707002123522
225,account,157,0.0005394707002123522
226,off,156,0.0005360345811027193
227,behalf,155,0.0005325984619930865
228,effect,154,0.0005291623428834537
229,transfer,151,0.0005188539855545553
230,deemed,151,0.0005188539855545553
231,statement,151,0.0005188539855545553
232,cases,148,0.0005085456282256568
233,procedure,148,0.0005085456282256568
234,about,148,0.0005085456282256568
235,lease,147,0.000505109509116024
236,allowed,147,0.000505109509116024
237,service,147,0.000505109509116024
238,workmen,147,0.000505109509116024
239,following,145,0.0004982372708967584
240,election,145,0.0004982372708967584
241,us,144,0.0004948011517871255
242,conclusion,144,0.0004948011517871255
243,purchase,144,0.0004948011517871255
244,three,143,0.0004913650326774928
245,period,143,0.0004913650326774928
246,rent,142,0.0004879289135678599
247,rights,142,0.0004879289135678599
248,c,141,0.0004844927944582271
249,civil,140,0.00048105667534859426
250,take,140,0.00048105667534859426
251,family,140,0.00048105667534859426
252,constitution,140,0.00048105667534859426
253,received,139,0.00047762055623896146
254,bonus,137,0.0004707483180196958
255,dismissed,136,0.000467312198910063
256,relevant,135,0.0004638760798004302
257,commissioner,135,0.0004638760798004302
258,clear,134,0.0004604399606907974
259,counsel,134,0.0004604399606907974
260,party,134,0.0004604399606907974
261,regard,134,0.0004604399606907974
262,brought,133,0.00045700384158116455
263,years,132,0.00045356772247153175
264,either,132,0.00045356772247153175
265,concerned,132,0.00045356772247153175
266,legal,132,0.00045356772247153175
267,issued,132,0.00045356772247153175
268,non,131,0.00045013160336189895
269,well,131,0.00045013160336189895
270,papers,131,0.00045013160336189895
271,plaintiffs,130,0.0004466954842522661
272,explanation,130,0.0004466954842522661
273,inter,130,0.0004466954842522661
274,bank,130,0.0004466954842522661
275,each,130,0.0004466954842522661
276,authority,130,0.0004466954842522661
277,put,129,0.0004432593651426333
278,sum,129,0.0004432593651426333
279,words,128,0.0004398232460330005
280,final,128,0.0004398232460330005
281,bill,128,0.0004398232460330005
282,position,127,0.0004363871269233677
283,follows,126,0.00043295100781373484
284,used,126,0.00043295100781373484
285,point,125,0.00042951488870410204
286,new,125,0.00042951488870410204
287,more,125,0.00042951488870410204
288,defendants,125,0.00042951488870410204
289,already,123,0.0004226426504848364
290,reference,123,0.0004226426504848364
291,bench,122,0.0004192065313752036
292,indian,122,0.0004192065313752036
293,labour,122,0.0004192065313752036
294,march,121,0.0004157704122655708
295,transaction,121,0.0004157704122655708
296,house,120,0.00041233429315593793
297,itself,119,0.00040889817404630513
298,industrial,119,0.00040889817404630513
299,granted,118,0.00040546205493667233
300,subject,118,0.00040546205493667233
301,my,118,0.00040546205493667233
302,jurisdiction,117,0.00040202593582703953
303,came,117,0.00040202593582703953
304,work,117,0.00040202593582703953
305,enquiry,116,0.0003985898167174067
306,merely,115,0.0003951536976077739
307,day,115,0.0003951536976077739
308,notice,114,0.0003917175784981411
309,value,114,0.0003917175784981411
310,commission,114,0.0003917175784981411
311,result,113,0.0003882814593885082
312,prescribed,113,0.0003882814593885082
313,january,112,0.0003848453402788754
314,village,112,0.0003848453402788754
315,course,112,0.0003848453402788754
316,singh,112,0.0003848453402788754
317,while,111,0.0003814092211692426
318,st,111,0.0003814092211692426
319,due,111,0.0003814092211692426
320,true,111,0.0003814092211692426
321,charge,111,0.0003814092211692426
322,british,111,0.0003814092211692426
323,nature,108,0.00037110086384034417
324,revenue,108,0.00037110086384034417
325,states,107,0.00036766474473071137
326,far,107,0.00036766474473071137
327,accordingly,107,0.00036766474473071137
328,properties,107,0.00036766474473071137
329,favour,107,0.00036766474473071137
330,clearly,106,0.0003642286256210785
331,making,106,0.0003642286256210785
332,material,106,0.0003642286256210785
333,courts,105,0.0003607925065114457
334,assessment,105,0.0003607925065114457
335,official,105,0.0003607925065114457
336,limited,104,0.0003573563874018129
337,decided,104,0.0003573563874018129
338,criminal,104,0.0003573563874018129
339,consideration,104,0.0003573563874018129
340,thereof,104,0.0003573563874018129
341,orders,104,0.0003573563874018129
342,purchases,104,0.0003573563874018129
343,full,103,0.00035392026829218006
344,took,102,0.00035048414918254726
345,give,102,0.00035048414918254726
346,action,102,0.00035048414918254726
347,allowance,102,0.00035048414918254726
348,letter,101,0.00034704803007291446
349,taxable,101,0.00034704803007291446
350,registered,100,0.00034361191096328166
351,called,100,0.00034361191096328166
352,second,99,0.0003401757918536488
353,legislature,99,0.0003401757918536488
354,show,98,0.000336739672744016
355,himself,98,0.000336739672744016
356,use,98,0.000336739672744016
357,come,98,0.000336739672744016
358,mortgagee,98,0.000336739672744016
359,according,97,0.0003333035536343832
360,provides,97,0.0003333035536343832
361,conditions,97,0.0003333035536343832
362,manner,97,0.0003333035536343832
363,me,97,0.0003333035536343832
364,police,97,0.0003333035536343832
365,contended,96,0.00032986743452475035
366,dispute,96,0.00032986743452475035
367,otherwise,96,0.00032986743452475035
368,grant,96,0.00032986743452475035
369,office,96,0.00032986743452475035
370,gold,96,0.00032986743452475035
371,argument,95,0.00032643131541511755
372,holding,95,0.00032643131541511755
373,amendment,95,0.00032643131541511755
374,another,94,0.00032299519630548475
375,months,94,0.00032299519630548475
376,accused,94,0.00032299519630548475
377,down,94,0.00032299519630548475
378,open,94,0.00032299519630548475
379,name,94,0.00032299519630548475
380,report,94,0.00032299519630548475
381,directed,93,0.0003195590771958519
382,submitted,93,0.0003195590771958519
383,appointed,92,0.0003161229580862191
384,calcutta,92,0.0003161229580862191
385,commercial,92,0.0003161229580862191
386,dealer,92,0.0003161229580862191
387,apply,91,0.0003126868389765863
388,sections,91,0.0003126868389765863
389,very,91,0.0003126868389765863
390,lands,91,0.0003126868389765863
391,considered,91,0.0003126868389765863
392,pradesh,91,0.0003126868389765863
393,assistant,90,0.0003092507198669535
394,since,90,0.0003092507198669535
395,passage,90,0.0003092507198669535
396,committee,90,0.0003092507198669535
397,father,90,0.0003092507198669535
398,whole,89,0.00030581460075732064
399,force,89,0.00030581460075732064
400,previous,89,0.00030581460075732064
401,required,89,0.00030581460075732064
402,raised,89,0.00030581460075732064
403,say,89,0.00030581460075732064
404,except,89,0.00030581460075732064
405,attachment,89,0.00030581460075732064
406,liable,89,0.00030581460075732064
407,capital,89,0.00030581460075732064
408,liquidator,89,0.00030581460075732064
409,meaning,88,0.00030237848164768784
410,record,88,0.00030237848164768784
411,different,88,0.00030237848164768784
412,review,88,0.00030237848164768784
413,february,87,0.00029894236253805504
414,now,87,0.00029894236253805504
415,secretary,87,0.00029894236253805504
416,entered,87,0.00029894236253805504
417,district,87,0.00029894236253805504
418,specified,86,0.0002955062434284222
419,appears,86,0.0002955062434284222
420,receiver,86,0.0002955062434284222
421,chief,86,0.0002955062434284222
422,finding,85,0.0002920701243187894
423,support,85,0.0002920701243187894
424,exercise,85,0.0002920701243187894
425,division,85,0.0002920701243187894
426,intention,85,0.0002920701243187894
427,sufficient,85,0.0002920701243187894
428,written,85,0.0002920701243187894
429,issue,85,0.0002920701243187894
430,resident,85,0.0002920701243187894
431,per,84,0.0002886340052091566
432,accounts,84,0.0002886340052091566
433,mentioned,83,0.0002851978860995238
434,nor,83,0.0002851978860995238
435,basis,83,0.0002851978860995238
436,proviso,83,0.0002851978860995238
437,pw,83,0.0002851978860995238
438,set,82,0.0002817617669898909
439,november,82,0.0002817617669898909
440,doubt,82,0.0002817617669898909
441,proper,82,0.0002817617669898909
442,ex,82,0.0002817617669898909
443,assessees,82,0.0002817617669898909
444,pending,81,0.0002783256478802581
445,applied,81,0.0002783256478802581
446,hand,81,0.0002783256478802581
447,amended,81,0.0002783256478802581
448,unless,81,0.0002783256478802581
449,matters,81,0.0002783256478802581
450,hold,81,0.0002783256478802581
451,accepted,81,0.0002783256478802581
452,members,81,0.0002783256478802581
453,gave,80,0.0002748895287706253
454,every,80,0.0002748895287706253
455,express,80,0.0002748895287706253
456,department,80,0.0002748895287706253
457,public,80,0.0002748895287706253
458,agent,80,0.0002748895287706253
459,hearing,79,0.00027145340966099247
460,prosecution,79,0.00027145340966099247
461,alleged,79,0.00027145340966099247
462,various,79,0.00027145340966099247
463,death,79,0.00027145340966099247
464,outside,79,0.00027145340966099247
465,delivery,79,0.00027145340966099247
466,stock,79,0.00027145340966099247
467,agreement,78,0.00026801729055135967
468,books,78,0.00026801729055135967
469,companies,78,0.00026801729055135967
470,m,78,0.00026801729055135967
471,april,77,0.00026458117144172687
472,become,77,0.00026458117144172687
473,might,77,0.00026458117144172687
474,compensation,77,0.00026458117144172687
475,prior,77,0.00026458117144172687
476,dividend,77,0.00026458117144172687
477,premises,76,0.000261145052332094
478,relating,76,0.000261145052332094
479,read,76,0.000261145052332094
480,holder,76,0.000261145052332094
481,direct,76,0.000261145052332094
482,benefit,76,0.000261145052332094
483,notification,76,0.000261145052332094
484,code,75,0.0002577089332224612
485,rejected,75,0.0002577089332224612
486,redemption,75,0.0002577089332224612
487,lay,75,0.0002577089332224612
488,connection,75,0.0002577089332224612
489,appeals,74,0.0002542728141128284
490,think,74,0.0002542728141128284
491,p,74,0.0002542728141128284
492,including,74,0.0002542728141128284
493,available,74,0.0002542728141128284
494,president,74,0.0002542728141128284
495,justice,74,0.0002542728141128284
496,writ,74,0.0002542728141128284
497,taxation,74,0.0002542728141128284
498,arise,73,0.0002508366950031956
499,observed,73,0.0002508366950031956
500,own,73,0.0002508366950031956
501,delivered,73,0.0002508366950031956
502,imposed,73,0.0002508366950031956
503,accordance,72,0.00024740057589356276
504,see,72,0.00024740057589356276
505,bihar,72,0.00024740057589356276
506,back,72,0.00024740057589356276
507,marriage,72,0.00024740057589356276
508,done,71,0.00024396445678392996
509,left,71,0.00024396445678392996
510,applications,71,0.00024396445678392996
511,justified,71,0.00024396445678392996
512,security,71,0.00024396445678392996
513,raj,71,0.00024396445678392996
514,post,71,0.00024396445678392996
515,rashmoni,71,0.00024396445678392996
516,reasons,70,0.00024052833767429713
517,amounts,70,0.00024052833767429713
518,pointed,70,0.00024052833767429713
519,laid,70,0.00024052833767429713
520,board,70,0.00024052833767429713
521,adopted,70,0.00024052833767429713
522,madras,70,0.00024052833767429713
523,mohini,70,0.00024052833767429713
524,illegitimate,70,0.00024052833767429713
525,form,69,0.00023709221856466433
526,impugned,69,0.00023709221856466433
527,mortgagor,68,0.0002336560994550315
528,transactions,68,0.0002336560994550315
529,depreciation,68,0.0002336560994550315
530,invigilator,68,0.0002336560994550315
531,october,67,0.0002302199803453987
532,below,67,0.0002302199803453987
533,articles,67,0.0002302199803453987
534,here,67,0.0002302199803453987
535,d,67,0.0002302199803453987
536,illegal,67,0.0002302199803453987
537,along,67,0.0002302199803453987
538,get,67,0.0002302199803453987
539,event,66,0.00022678386123576588
540,total,66,0.00022678386123576588
541,subordinate,66,0.00022678386123576588
542,common,66,0.00022678386123576588
543,applicant,66,0.00022678386123576588
544,cruelty,66,0.00022678386123576588
545,recovery,65,0.00022334774212613305
546,entire,65,0.00022334774212613305
547,relief,65,0.00022334774212613305
548,defendant,65,0.00022334774212613305
549,claimed,65,0.00022334774212613305
550,end,65,0.00022334774212613305
551,namely,65,0.00022334774212613305
552,taking,65,0.00022334774212613305
553,sold,65,0.00022334774212613305
554,particular,65,0.00022334774212613305
555,return,65,0.00022334774212613305
556,necessity,65,0.00022334774212613305
557,furnace,65,0.00022334774212613305
558,contained,64,0.00021991162301650025
559,therein,64,0.00021991162301650025
560,private,64,0.00021991162301650025
561,others,64,0.00021991162301650025
562,applicable,64,0.00021991162301650025
563,definition,64,0.00021991162301650025
564,actual,64,0.00021991162301650025
565,raja,64,0.00021991162301650025
566,character,64,0.00021991162301650025
567,urged,64,0.00021991162301650025
568,madhya,64,0.00021991162301650025
569,management,64,0.00021991162301650025
570,maintenance,64,0.00021991162301650025
571,re,63,0.00021647550390686742
572,absence,63,0.00021647550390686742
573,child,63,0.00021647550390686742
574,materials,63,0.00021647550390686742
575,intended,63,0.00021647550390686742
576,reasonable,63,0.00021647550390686742
577,loss,63,0.00021647550390686742
578,strike,63,0.00021647550390686742
579,actually,63,0.00021647550390686742
580,through,63,0.00021647550390686742
581,turnover,63,0.00021647550390686742
582,grounds,62,0.00021303938479723462
583,powers,62,0.00021303938479723462
584,framed,62,0.00021303938479723462
585,subsequent,62,0.00021303938479723462
586,deposit,62,0.00021303938479723462
587,word,62,0.00021303938479723462
588,last,62,0.00021303938479723462
589,july,62,0.00021303938479723462
590,profit,62,0.00021303938479723462
591,cost,62,0.00021303938479723462
592,instance,61,0.0002096032656876018
593,judges,61,0.0002096032656876018
594,mere,61,0.0002096032656876018
595,original,61,0.0002096032656876018
596,r,61,0.0002096032656876018
597,mortgaged,61,0.0002096032656876018
598,polling,61,0.0002096032656876018
599,charges,60,0.00020616714657796897
600,appear,60,0.00020616714657796897
601,possible,60,0.00020616714657796897
602,title,60,0.00020616714657796897
603,sent,60,0.00020616714657796897
604,june,60,0.00020616714657796897
605,regarded,60,0.00020616714657796897
606,bond,60,0.00020616714657796897
607,services,60,0.00020616714657796897
608,workers,60,0.00020616714657796897
609,price,60,0.00020616714657796897
610,ii,59,0.00020273102746833617
611,aforesaid,59,0.00020273102746833617
612,working,59,0.00020273102746833617
613,discharge,59,0.00020273102746833617
614,dealers,59,0.00020273102746833617
615,hides,59,0.00020273102746833617
616,construction,58,0.00019929490835870334
617,nothing,58,0.00019929490835870334
618,change,58,0.00019929490835870334
619,examined,58,0.00019929490835870334
620,several,58,0.00019929490835870334
621,executed,58,0.00019929490835870334
622,substance,58,0.00019929490835870334
623,industry,58,0.00019929490835870334
624,saranjam,58,0.00019929490835870334
625,allegations,58,0.00019929490835870334
626,ban,58,0.00019929490835870334
627,placed,57,0.00019585878924907054
628,next,57,0.00019585878924907054
629,similar,57,0.00019585878924907054
630,september,57,0.00019585878924907054
631,purposes,57,0.00019585878924907054
632,days,57,0.00019585878924907054
633,scheme,57,0.00019585878924907054
634,principle,57,0.00019585878924907054
635,remuneration,57,0.00019585878924907054
636,skins,57,0.00019585878924907054
637,makes,56,0.0001924226701394377
638,stage,56,0.0001924226701394377
639,regarding,56,0.0001924226701394377
640,document,56,0.0001924226701394377
641,petitioners,56,0.0001924226701394377
642,governor,56,0.0001924226701394377
643,never,56,0.0001924226701394377
644,separate,56,0.0001924226701394377
645,market,56,0.0001924226701394377
646,documents,56,0.0001924226701394377
647,cheques,56,0.0001924226701394377
648,consent,55,0.00018898655102980488
649,rate,55,0.00018898655102980488
650,authorities,55,0.00018898655102980488
651,contract,55,0.00018898655102980488
652,half,55,0.00018898655102980488
653,single,55,0.00018898655102980488
654,transferee,55,0.00018898655102980488
655,december,54,0.00018555043192017208
656,arises,54,0.00018555043192017208
657,assent,54,0.00018555043192017208
658,sought,54,0.00018555043192017208
659,recorded,54,0.00018555043192017208
660,anything,54,0.00018555043192017208
661,council,54,0.00018555043192017208
662,got,54,0.00018555043192017208
663,additional,54,0.00018555043192017208
664,supply,54,0.00018555043192017208
665,bettiah,54,0.00018555043192017208
666,proved,53,0.00018211431281053926
667,dealing,53,0.00018211431281053926
668,based,53,0.00018211431281053926
669,passing,53,0.00018211431281053926
670,expression,53,0.00018211431281053926
671,august,53,0.00018211431281053926
672,accept,53,0.00018211431281053926
673,continue,53,0.00018211431281053926
674,consider,53,0.00018211431281053926
675,mills,53,0.00018211431281053926
676,whose,53,0.00018211431281053926
677,status,53,0.00018211431281053926
678,resolution,53,0.00018211431281053926
679,relied,53,0.00018211431281053926
680,conduct,53,0.00018211431281053926
681,answer,52,0.00017867819370090646
682,cause,52,0.00017867819370090646
683,stand,52,0.00017867819370090646
684,proceeding,52,0.00017867819370090646
685,latter,52,0.00017867819370090646
686,satisfied,52,0.00017867819370090646
687,asked,52,0.00017867819370090646
688,why,52,0.00017867819370090646
689,argued,52,0.00017867819370090646
690,carried,52,0.00017867819370090646
691,local,52,0.00017867819370090646
692,union,52,0.00017867819370090646
693,judicial,52,0.00017867819370090646
694,excise,52,0.00017867819370090646
695,permitted,51,0.00017524207459127363
696,still,51,0.00017524207459127363
697,you,51,0.00017524207459127363
698,means,51,0.00017524207459127363
699,dismissal,51,0.00017524207459127363
700,third,51,0.00017524207459127363
701,sons,51,0.00017524207459127363
702,employed,51,0.00017524207459127363
703,shareholder,51,0.00017524207459127363
704,assessed,51,0.00017524207459127363
705,widow,51,0.00017524207459127363
706,statutory,51,0.00017524207459127363
707,examine,51,0.00017524207459127363
708,bail,51,0.00017524207459127363
709,widows,51,0.00017524207459127363
710,transferred,50,0.00017180595548164083
711,expressly,50,0.00017180595548164083
712,thereafter,50,0.00017180595548164083
713,preferred,50,0.00017180595548164083
714,neither,50,0.00017180595548164083
715,till,50,0.00017180595548164083
716,fixed,50,0.00017180595548164083
717,banerjee,50,0.00017180595548164083
718,punjab,50,0.00017180595548164083
719,co,50,0.00017180595548164083
720,validity,50,0.00017180595548164083
721,vide,50,0.00017180595548164083
722,retaining,50,0.00017180595548164083
723,instructions,50,0.00017180595548164083
724,earlier,49,0.000168369836372008
725,month,49,0.000168369836372008
726,complaint,49,0.000168369836372008
727,information,49,0.000168369836372008
728,condition,49,0.000168369836372008
729,preliminary,49,0.000168369836372008
730,member,49,0.000168369836372008
731,ordinary,49,0.000168369836372008
732,assets,49,0.000168369836372008
733,sense,49,0.000168369836372008
734,territories,49,0.000168369836372008
735,wages,49,0.000168369836372008
736,occupant,49,0.000168369836372008
737,corporation,49,0.000168369836372008
738,operation,48,0.00016493371726237517
739,tenant,48,0.00016493371726237517
740,obtained,48,0.00016493371726237517
741,lessee,48,0.00016493371726237517
742,again,48,0.00016493371726237517
743,advocate,48,0.00016493371726237517
744,e,48,0.00016493371726237517
745,carrying,48,0.00016493371726237517
746,acquired,48,0.00016493371726237517
747,commerce,48,0.00016493371726237517
748,whom,48,0.00016493371726237517
749,vested,48,0.00016493371726237517
750,continued,47,0.00016149759815274237
751,payable,47,0.00016149759815274237
752,cross,47,0.00016149759815274237
753,contrary,47,0.00016149759815274237
754,principal,47,0.00016149759815274237
755,agreed,47,0.00016149759815274237
756,appropriate,47,0.00016149759815274237
757,close,47,0.00016149759815274237
758,register,47,0.00016149759815274237
759,taxing,47,0.00016149759815274237
760,lacs,47,0.00016149759815274237
761,delhi,47,0.00016149759815274237
762,refer,47,0.00016149759815274237
763,findings,46,0.00015806147904310955
764,owner,46,0.00015806147904310955
765,giving,46,0.00015806147904310955
766,beyond,46,0.00015806147904310955
767,settlement,46,0.00015806147904310955
768,kind,46,0.00015806147904310955
769,died,46,0.00015806147904310955
770,decisions,46,0.00015806147904310955
771,gains,46,0.00015806147904310955
772,iron,46,0.00015806147904310955
773,chain,46,0.00015806147904310955
774,excluded,45,0.00015462535993347675
775,applies,45,0.00015462535993347675
776,aside,45,0.00015462535993347675
777,long,45,0.00015462535993347675
778,witnesses,45,0.00015462535993347675
779,objection,45,0.00015462535993347675
780,etc,45,0.00015462535993347675
781,letters,45,0.00015462535993347675
782,practice,45,0.00015462535993347675
783,main,45,0.00015462535993347675
784,withdrawn,45,0.00015462535993347675
785,bring,45,0.00015462535993347675
786,effected,45,0.00015462535993347675
787,shareholders,45,0.00015462535993347675
788,provinces,45,0.00015462535993347675
789,assembly,45,0.00015462535993347675
790,deceased,45,0.00015462535993347675
791,offence,45,0.00015462535993347675
792,cannumber,45,0.00015462535993347675
793,extent,44,0.00015118924082384392
794,expressed,44,0.00015118924082384392
795,scope,44,0.00015118924082384392
796,six,44,0.00015118924082384392
797,notwithstanding,44,0.00015118924082384392
798,schedule,44,0.00015118924082384392
799,really,44,0.00015118924082384392
800,drawn,44,0.00015118924082384392
801,declared,44,0.00015118924082384392
802,bound,44,0.00015118924082384392
803,suits,43,0.0001477531217142111
804,seems,43,0.0001477531217142111
805,j,43,0.0001477531217142111
806,iii,43,0.0001477531217142111
807,how,43,0.0001477531217142111
808,established,43,0.0001477531217142111
809,settled,43,0.0001477531217142111
810,magistrate,43,0.0001477531217142111
811,caused,43,0.0001477531217142111
812,shows,43,0.0001477531217142111
813,arose,43,0.0001477531217142111
814,shop,43,0.0001477531217142111
815,hands,43,0.0001477531217142111
816,arising,43,0.0001477531217142111
817,affairs,43,0.0001477531217142111
818,fresh,43,0.0001477531217142111
819,formula,43,0.0001477531217142111
820,controller,43,0.0001477531217142111
821,statements,43,0.0001477531217142111
822,ajit,43,0.0001477531217142111
823,determined,42,0.0001443170026045783
824,until,42,0.0001443170026045783
825,liability,42,0.0001443170026045783
826,followed,42,0.0001443170026045783
827,questions,42,0.0001443170026045783
828,admitted,42,0.0001443170026045783
829,debtor,42,0.0001443170026045783
830,situation,42,0.0001443170026045783
831,personal,42,0.0001443170026045783
832,commencement,42,0.0001443170026045783
833,list,42,0.0001443170026045783
834,employees,42,0.0001443170026045783
835,difference,42,0.0001443170026045783
836,fraud,42,0.0001443170026045783
837,much,42,0.0001443170026045783
838,accrue,42,0.0001443170026045783
839,consumption,42,0.0001443170026045783
840,haripada,42,0.0001443170026045783
841,prasad,42,0.0001443170026045783
842,mother,42,0.0001443170026045783
843,matrimonial,42,0.0001443170026045783
844,decide,41,0.00014088088349494546
845,tion,41,0.00014088088349494546
846,affect,41,0.00014088088349494546
847,iv,41,0.00014088088349494546
848,inquiry,41,0.00014088088349494546
849,prove,41,0.00014088088349494546
850,complainant,41,0.00014088088349494546
851,treated,41,0.00014088088349494546
852,find,41,0.00014088088349494546
853,became,41,0.00014088088349494546
854,inasmuch,41,0.00014088088349494546
855,purchased,41,0.00014088088349494546
856,cash,41,0.00014088088349494546
857,partition,41,0.00014088088349494546
858,four,41,0.00014088088349494546
859,whatever,41,0.00014088088349494546
860,included,41,0.00014088088349494546
861,detention,41,0.00014088088349494546
862,affidavit,41,0.00014088088349494546
863,ordinarily,41,0.00014088088349494546
864,silver,41,0.00014088088349494546
865,arc,41,0.00014088088349494546
866,companypany,41,0.00014088088349494546
867,object,40,0.00013744476438531266
868,decrees,40,0.00013744476438531266
869,revision,40,0.00013744476438531266
870,conferred,40,0.00013744476438531266
871,existence,40,0.00013744476438531266
872,plant,40,0.00013744476438531266
873,acting,40,0.00013744476438531266
874,kept,40,0.00013744476438531266
875,permission,40,0.00013744476438531266
876,employment,40,0.00013744476438531266
877,specific,40,0.00013744476438531266
878,always,40,0.00013744476438531266
879,regulations,40,0.00013744476438531266
880,appointment,40,0.00013744476438531266
881,shown,40,0.00013744476438531266
882,page,40,0.00013744476438531266
883,credit,40,0.00013744476438531266
884,hindu,40,0.00013744476438531266
885,companyld,40,0.00013744476438531266
886,stood,39,0.00013400864527567984
887,acted,39,0.00013400864527567984
888,building,39,0.00013400864527567984
889,dismiss,39,0.00013400864527567984
890,mind,39,0.00013400864527567984
891,difficult,39,0.00013400864527567984
892,observations,39,0.00013400864527567984
893,acts,39,0.00013400864527567984
894,nos,39,0.00013400864527567984
895,branch,39,0.00013400864527567984
896,ram,39,0.00013400864527567984
897,call,39,0.00013400864527567984
898,informed,39,0.00013400864527567984
899,rai,39,0.00013400864527567984
900,transferor,39,0.00013400864527567984
901,opportunity,39,0.00013400864527567984
902,babulal,39,0.00013400864527567984
903,disciplinary,39,0.00013400864527567984
904,tnpsc,39,0.00013400864527567984
905,language,38,0.000130572526166047
906,committed,38,0.000130572526166047
907,known,38,0.000130572526166047
908,joint,38,0.000130572526166047
909,relation,38,0.000130572526166047
910,licence,38,0.000130572526166047
911,takes,38,0.000130572526166047
912,proprietor,38,0.000130572526166047
913,signed,38,0.000130572526166047
914,factory,38,0.000130572526166047
915,supreme,38,0.000130572526166047
916,restrictions,38,0.000130572526166047
917,ipc,38,0.000130572526166047
918,heard,37,0.0001271364070564142
919,certificate,37,0.0001271364070564142
920,affected,37,0.0001271364070564142
921,charged,37,0.0001271364070564142
922,disputes,37,0.0001271364070564142
923,duly,37,0.0001271364070564142
924,cheque,37,0.0001271364070564142
925,ltd,37,0.0001271364070564142
926,request,37,0.0001271364070564142
927,keeping,37,0.0001271364070564142
928,file,37,0.0001271364070564142
929,excess,37,0.0001271364070564142
930,just,37,0.0001271364070564142
931,light,37,0.0001271364070564142
932,large,37,0.0001271364070564142
933,vires,37,0.0001271364070564142
934,ultra,37,0.0001271364070564142
935,legislative,37,0.0001271364070564142
936,regards,37,0.0001271364070564142
937,falls,37,0.0001271364070564142
938,opening,37,0.0001271364070564142
939,produced,37,0.0001271364070564142
940,resumed,37,0.0001271364070564142
941,bhujangrao,37,0.0001271364070564142
942,filing,37,0.0001271364070564142
943,sugar,37,0.0001271364070564142
944,imposing,37,0.0001271364070564142
945,purchaser,37,0.0001271364070564142
946,deed,37,0.0001271364070564142
947,surplus,37,0.0001271364070564142
948,parekh,37,0.0001271364070564142
949,gupta,37,0.0001271364070564142
950,challenged,36,0.00012370028794678138
951,short,36,0.00012370028794678138
952,fall,36,0.00012370028794678138
953,free,36,0.00012370028794678138
954,started,36,0.00012370028794678138
955,less,36,0.00012370028794678138
956,away,36,0.00012370028794678138
957,allegation,36,0.00012370028794678138
958,test,36,0.00012370028794678138
959,bars,36,0.00012370028794678138
960,male,36,0.00012370028794678138
961,adduced,36,0.00012370028794678138
962,fathers,36,0.00012370028794678138
963,radhumal,36,0.00012370028794678138
964,season,36,0.00012370028794678138
965,jabalpur,36,0.00012370028794678138
966,induction,36,0.00012370028794678138
967,manager,35,0.00012026416883714857
968,finally,35,0.00012026416883714857
969,plea,35,0.00012026416883714857
970,inspector,35,0.00012026416883714857
971,themselves,35,0.00012026416883714857
972,rd,35,0.00012026416883714857
973,portion,35,0.00012026416883714857
974,capacity,35,0.00012026416883714857
975,legitimate,35,0.00012026416883714857
976,paragraph,35,0.00012026416883714857
977,tribunals,35,0.00012026416883714857
978,alone,35,0.00012026416883714857
979,credited,35,0.00012026416883714857
980,fund,35,0.00012026416883714857
981,insurance,35,0.00012026416883714857
982,opened,35,0.00012026416883714857
983,oral,35,0.00012026416883714857
984,costs,34,0.00011682804972751575
985,real,34,0.00011682804972751575
986,minor,34,0.00011682804972751575
987,becomes,34,0.00011682804972751575
988,hence,34,0.00011682804972751575
989,appearing,34,0.00011682804972751575
990,quite,34,0.00011682804972751575
991,parte,34,0.00011682804972751575
992,balance,34,0.00011682804972751575
993,existing,34,0.00011682804972751575
994,employer,34,0.00011682804972751575
995,remain,34,0.00011682804972751575
996,immediately,34,0.00011682804972751575
997,sole,34,0.00011682804972751575
998,accounting,34,0.00011682804972751575
999,bad,34,0.00011682804972751575
1000,speaker,34,0.00011682804972751575
1001,chapter,34,0.00011682804972751575
1002,gross,34,0.00011682804972751575
1003,concern,33,0.00011339193061788294
1004,statute,33,0.00011339193061788294
1005,enacted,33,0.00011339193061788294
1006,reached,33,0.00011339193061788294
1007,alia,33,0.00011339193061788294
1008,am,33,0.00011339193061788294
1009,prayer,33,0.00011339193061788294
1010,keep,33,0.00011339193061788294
1011,prejudice,33,0.00011339193061788294
1012,entry,33,0.00011339193061788294
1013,certainly,33,0.00011339193061788294
1014,lord,33,0.00011339193061788294
1015,respectively,33,0.00011339193061788294
1016,fair,33,0.00011339193061788294
1017,residents,33,0.00011339193061788294
1018,crime,33,0.00011339193061788294
1019,benefits,33,0.00011339193061788294
1020,illegality,33,0.00011339193061788294
1021,shiddappa,33,0.00011339193061788294
1022,salary,33,0.00011339193061788294
1023,ramkrishna,33,0.00011339193061788294
1024,companytention,33,0.00011339193061788294
1025,served,32,0.00010995581150825012
1026,together,32,0.00010995581150825012
1027,thereupon,32,0.00010995581150825012
1028,setting,32,0.00010995581150825012
1029,brothers,32,0.00010995581150825012
1030,absolute,32,0.00010995581150825012
1031,disposed,32,0.00010995581150825012
1032,recover,32,0.00010995581150825012
1033,earned,32,0.00010995581150825012
1034,custody,32,0.00010995581150825012
1035,system,32,0.00010995581150825012
1036,once,32,0.00010995581150825012
1037,pass,32,0.00010995581150825012
1038,life,32,0.00010995581150825012
1039,denied,32,0.00010995581150825012
1040,quantity,32,0.00010995581150825012
1041,presence,32,0.00010995581150825012
1042,distributed,32,0.00010995581150825012
1043,unskilled,32,0.00010995581150825012
1044,scc,32,0.00010995581150825012
1045,mahalingam,32,0.00010995581150825012
1046,fully,31,0.00010651969239861731
1047,term,31,0.00010651969239861731
1048,landlord,31,0.00010651969239861731
1049,expiry,31,0.00010651969239861731
1050,acquittal,31,0.00010651969239861731
1051,went,31,0.00010651969239861731
1052,directing,31,0.00010651969239861731
1053,allow,31,0.00010651969239861731
1054,old,31,0.00010651969239861731
1055,later,31,0.00010651969239861731
1056,admittedly,31,0.00010651969239861731
1057,belief,31,0.00010651969239861731
1058,apart,31,0.00010651969239861731
1059,things,31,0.00010651969239861731
1060,loan,31,0.00010651969239861731
1061,advantage,31,0.00010651969239861731
1062,reads,31,0.00010651969239861731
1063,wards,31,0.00010651969239861731
1064,class,31,0.00010651969239861731
1065,go,31,0.00010651969239861731
1066,petitions,31,0.00010651969239861731
1067,shri,31,0.00010651969239861731
1068,fundamental,31,0.00010651969239861731
1069,villages,31,0.00010651969239861731
1070,occupancy,31,0.00010651969239861731
1071,respects,31,0.00010651969239861731
1072,factories,31,0.00010651969239861731
1073,award,31,0.00010651969239861731
1074,binding,31,0.00010651969239861731
1075,impose,31,0.00010651969239861731
1076,levied,31,0.00010651969239861731
1077,retrospective,30,0.00010308357328898448
1078,failed,30,0.00010308357328898448
1079,establish,30,0.00010308357328898448
1080,disputed,30,0.00010308357328898448
1081,soon,30,0.00010308357328898448
1082,like,30,0.00010308357328898448
1083,important,30,0.00010308357328898448
1084,hereinafter,30,0.00010308357328898448
1085,good,30,0.00010308357328898448
1086,refused,30,0.00010308357328898448
1087,penalty,30,0.00010308357328898448
1088,fit,30,0.00010308357328898448
1089,adjudication,30,0.00010308357328898448
1090,founded,30,0.00010308357328898448
1091,requires,30,0.00010308357328898448
1092,claims,30,0.00010308357328898448
1093,spite,30,0.00010308357328898448
1094,interpretation,30,0.00010308357328898448
1095,officers,30,0.00010308357328898448
1096,collector,30,0.00010308357328898448
1097,senior,30,0.00010308357328898448
1098,records,30,0.00010308357328898448
1099,modification,30,0.00010308357328898448
1100,relationship,30,0.00010308357328898448
1101,heir,30,0.00010308357328898448
1102,names,30,0.00010308357328898448
1103,annappa,30,0.00010308357328898448
1104,winding,30,0.00010308357328898448
1105,ramraghuraj,30,0.00010308357328898448
1106,construed,29,9.964745417935167e-05
1107,although,29,9.964745417935167e-05
1108,proceeded,29,9.964745417935167e-05
1109,told,29,9.964745417935167e-05
1110,false,29,9.964745417935167e-05
1111,going,29,9.964745417935167e-05
1112,include,29,9.964745417935167e-05
1113,bona,29,9.964745417935167e-05
1114,supported,29,9.964745417935167e-05
1115,carry,29,9.964745417935167e-05
1116,capable,29,9.964745417935167e-05
1117,obtain,29,9.964745417935167e-05
1118,indeed,29,9.964745417935167e-05
1119,considerations,29,9.964745417935167e-05
1120,debentures,29,9.964745417935167e-05
1121,most,29,9.964745417935167e-05
1122,duties,29,9.964745417935167e-05
1123,home,29,9.964745417935167e-05
1124,competent,29,9.964745417935167e-05
1125,succeeded,29,9.964745417935167e-05
1126,road,29,9.964745417935167e-05
1127,accruing,29,9.964745417935167e-05
1128,representation,29,9.964745417935167e-05
1129,municipal,29,9.964745417935167e-05
1130,insolvency,29,9.964745417935167e-05
1131,invigilators,29,9.964745417935167e-05
1132,agree,28,9.621133506971886e-05
1133,instituted,28,9.621133506971886e-05
1134,nd,28,9.621133506971886e-05
1135,ble,28,9.621133506971886e-05
1136,mean,28,9.621133506971886e-05
1137,fell,28,9.621133506971886e-05
1138,pleaded,28,9.621133506971886e-05
1139,machinery,28,9.621133506971886e-05
1140,railway,28,9.621133506971886e-05
1141,terminated,28,9.621133506971886e-05
1142,normal,28,9.621133506971886e-05
1143,reliance,28,9.621133506971886e-05
1144,suggested,28,9.621133506971886e-05
1145,arrangement,28,9.621133506971886e-05
1146,fide,28,9.621133506971886e-05
1147,simply,28,9.621133506971886e-05
1148,wanted,28,9.621133506971886e-05
1149,thought,28,9.621133506971886e-05
1150,mortgagees,28,9.621133506971886e-05
1151,creditor,28,9.621133506971886e-05
1152,unable,28,9.621133506971886e-05
1153,patent,28,9.621133506971886e-05
1154,licensed,28,9.621133506971886e-05
1155,let,28,9.621133506971886e-05
1156,acquisition,28,9.621133506971886e-05
1157,requirements,28,9.621133506971886e-05
1158,vii,28,9.621133506971886e-05
1159,imposition,28,9.621133506971886e-05
1160,daughter,28,9.621133506971886e-05
1161,candidate,28,9.621133506971886e-05
1162,people,28,9.621133506971886e-05
1163,reversioner,28,9.621133506971886e-05
1164,narayan,28,9.621133506971886e-05
1165,job,28,9.621133506971886e-05
1166,meat,28,9.621133506971886e-05
1167,pig,28,9.621133506971886e-05
1168,anticipatory,28,9.621133506971886e-05
1169,demand,27,9.277521596008604e-05
1170,proceed,27,9.277521596008604e-05
1171,alternative,27,9.277521596008604e-05
1172,sessions,27,9.277521596008604e-05
1173,indicated,27,9.277521596008604e-05
1174,led,27,9.277521596008604e-05
1175,upheld,27,9.277521596008604e-05
1176,granting,27,9.277521596008604e-05
1177,wholly,27,9.277521596008604e-05
1178,afternoon,27,9.277521596008604e-05
1179,merits,27,9.277521596008604e-05
1180,ordered,27,9.277521596008604e-05
1181,kumar,27,9.277521596008604e-05
1182,debts,27,9.277521596008604e-05
1183,representatives,27,9.277521596008604e-05
1184,sell,27,9.277521596008604e-05
1185,instead,27,9.277521596008604e-05
1186,save,27,9.277521596008604e-05
1187,investment,27,9.277521596008604e-05
1188,principles,27,9.277521596008604e-05
1189,operate,27,9.277521596008604e-05
1190,appeared,27,9.277521596008604e-05
1191,night,27,9.277521596008604e-05
1192,daulatrao,27,9.277521596008604e-05
1193,brother,27,9.277521596008604e-05
1194,involving,27,9.277521596008604e-05
1195,distribution,27,9.277521596008604e-05
1196,fiction,27,9.277521596008604e-05
1197,former,27,9.277521596008604e-05
1198,himachal,27,9.277521596008604e-05
1199,candidates,27,9.277521596008604e-05
1200,investigation,27,9.277521596008604e-05
1201,paper,27,9.277521596008604e-05
1202,adverse,27,9.277521596008604e-05
1203,steel,27,9.277521596008604e-05
1204,vs,27,9.277521596008604e-05
1205,tenants,26,8.933909685045323e-05
1206,governed,26,8.933909685045323e-05
1207,restriction,26,8.933909685045323e-05
1208,seen,26,8.933909685045323e-05
1209,proposition,26,8.933909685045323e-05
1210,plaint,26,8.933909685045323e-05
1211,termination,26,8.933909685045323e-05
1212,copy,26,8.933909685045323e-05
1213,consequently,26,8.933909685045323e-05
1214,direction,26,8.933909685045323e-05
1215,firm,26,8.933909685045323e-05
1216,process,26,8.933909685045323e-05
1217,ultimate,26,8.933909685045323e-05
1218,know,26,8.933909685045323e-05
1219,fails,26,8.933909685045323e-05
1220,estates,26,8.933909685045323e-05
1221,vesting,26,8.933909685045323e-05
1222,heirs,26,8.933909685045323e-05
1223,supra,26,8.933909685045323e-05
1224,deposited,26,8.933909685045323e-05
1225,covered,26,8.933909685045323e-05
1226,interests,26,8.933909685045323e-05
1227,boxes,26,8.933909685045323e-05
1228,complaints,26,8.933909685045323e-05
1229,employers,26,8.933909685045323e-05
1230,insurer,26,8.933909685045323e-05
1231,fish,26,8.933909685045323e-05
1232,properly,25,8.590297774082041e-05
1233,sentence,25,8.590297774082041e-05
1234,bricks,25,8.590297774082041e-05
1235,noted,25,8.590297774082041e-05
1236,inform,25,8.590297774082041e-05
1237,agents,25,8.590297774082041e-05
1238,works,25,8.590297774082041e-05
1239,messrs,25,8.590297774082041e-05
1240,points,25,8.590297774082041e-05
1241,require,25,8.590297774082041e-05
1242,virtue,25,8.590297774082041e-05
1243,void,25,8.590297774082041e-05
1244,obviously,25,8.590297774082041e-05
1245,able,25,8.590297774082041e-05
1246,five,25,8.590297774082041e-05
1247,l,25,8.590297774082041e-05
1248,defined,25,8.590297774082041e-05
1249,liquidation,25,8.590297774082041e-05
1250,originally,25,8.590297774082041e-05
1251,presumption,25,8.590297774082041e-05
1252,parliament,25,8.590297774082041e-05
1253,recognised,25,8.590297774082041e-05
1254,infringement,25,8.590297774082041e-05
1255,policy,25,8.590297774082041e-05
1256,higher,25,8.590297774082041e-05
1257,maintained,25,8.590297774082041e-05
1258,thereby,25,8.590297774082041e-05
1259,secunderabad,25,8.590297774082041e-05
1260,relinquishment,25,8.590297774082041e-05
1261,lieu,25,8.590297774082041e-05
1262,store,25,8.590297774082041e-05
1263,fir,25,8.590297774082041e-05
1264,companyrse,25,8.590297774082041e-05
1265,hon,25,8.590297774082041e-05
1266,trademark,25,8.590297774082041e-05
1267,option,24,8.246685863118759e-05
1268,writing,24,8.246685863118759e-05
1269,appealed,24,8.246685863118759e-05
1270,area,24,8.246685863118759e-05
1271,contentions,24,8.246685863118759e-05
1272,specifically,24,8.246685863118759e-05
1273,judicature,24,8.246685863118759e-05
1274,implied,24,8.246685863118759e-05
1275,contravention,24,8.246685863118759e-05
1276,f,24,8.246685863118759e-05
1277,distinct,24,8.246685863118759e-05
1278,thing,24,8.246685863118759e-05
1279,remaining,24,8.246685863118759e-05
1280,provincial,24,8.246685863118759e-05
1281,involved,24,8.246685863118759e-05
1282,correct,24,8.246685863118759e-05
1283,produce,24,8.246685863118759e-05
1284,incurred,24,8.246685863118759e-05
1285,preference,24,8.246685863118759e-05
1286,deducted,24,8.246685863118759e-05
1287,whereas,24,8.246685863118759e-05
1288,punishment,24,8.246685863118759e-05
1289,guarantee,24,8.246685863118759e-05
1290,prepared,24,8.246685863118759e-05
1291,industries,24,8.246685863118759e-05
1292,gajendragad,24,8.246685863118759e-05
1293,lahore,24,8.246685863118759e-05
1294,imported,24,8.246685863118759e-05
1295,taxed,24,8.246685863118759e-05
1296,enforce,24,8.246685863118759e-05
1297,benami,24,8.246685863118759e-05
1298,valuation,24,8.246685863118759e-05
1299,clerk,24,8.246685863118759e-05
1300,vi,24,8.246685863118759e-05
1301,signatures,24,8.246685863118759e-05
1302,mill,24,8.246685863118759e-05
1303,promotion,24,8.246685863118759e-05
1304,divorce,24,8.246685863118759e-05
1305,clarification,24,8.246685863118759e-05
1306,packets,24,8.246685863118759e-05
1307,gives,23,7.903073952155477e-05
1308,protection,23,7.903073952155477e-05
1309,lvii,23,7.903073952155477e-05
1310,rents,23,7.903073952155477e-05
1311,ambit,23,7.903073952155477e-05
1312,created,23,7.903073952155477e-05
1313,aggrieved,23,7.903073952155477e-05
1314,discretion,23,7.903073952155477e-05
1315,lifetime,23,7.903073952155477e-05
1316,expenses,23,7.903073952155477e-05
1317,enter,23,7.903073952155477e-05
1318,province,23,7.903073952155477e-05
1319,occupation,23,7.903073952155477e-05
1320,engineer,23,7.903073952155477e-05
1321,executing,23,7.903073952155477e-05
1322,withdrawal,23,7.903073952155477e-05
1323,holders,23,7.903073952155477e-05
1324,continues,23,7.903073952155477e-05
1325,remained,23,7.903073952155477e-05
1326,privy,23,7.903073952155477e-05
1327,leaving,23,7.903073952155477e-05
1328,hours,23,7.903073952155477e-05
1329,doing,23,7.903073952155477e-05
1330,dyeing,23,7.903073952155477e-05
1331,dealt,23,7.903073952155477e-05
1332,legislation,23,7.903073952155477e-05
1333,reasoning,23,7.903073952155477e-05
1334,arrears,23,7.903073952155477e-05
1335,gazette,23,7.903073952155477e-05
1336,sums,23,7.903073952155477e-05
1337,duty,23,7.903073952155477e-05
1338,holidays,23,7.903073952155477e-05
1339,exist,23,7.903073952155477e-05
1340,admit,23,7.903073952155477e-05
1341,determining,23,7.903073952155477e-05
1342,inside,23,7.903073952155477e-05
1343,seeking,23,7.903073952155477e-05
1344,depreciated,23,7.903073952155477e-05
1345,bringing,23,7.903073952155477e-05
1346,disqualification,23,7.903073952155477e-05
1347,meet,23,7.903073952155477e-05
1348,posted,23,7.903073952155477e-05
1349,rajinama,23,7.903073952155477e-05
1350,director,23,7.903073952155477e-05
1351,smuggled,23,7.903073952155477e-05
1352,hall,23,7.903073952155477e-05
1353,bundle,23,7.903073952155477e-05
1354,companytended,23,7.903073952155477e-05
1355,exercised,22,7.559462041192196e-05
1356,error,22,7.559462041192196e-05
1357,great,22,7.559462041192196e-05
1358,defence,22,7.559462041192196e-05
1359,acquitted,22,7.559462041192196e-05
1360,declaration,22,7.559462041192196e-05
1361,contemplated,22,7.559462041192196e-05
1362,entries,22,7.559462041192196e-05
1363,provide,22,7.559462041192196e-05
1364,subsisting,22,7.559462041192196e-05
1365,difficulty,22,7.559462041192196e-05
1366,attached,22,7.559462041192196e-05
1367,confirmed,22,7.559462041192196e-05
1368,need,22,7.559462041192196e-05
1369,represented,22,7.559462041192196e-05
1370,head,22,7.559462041192196e-05
1371,conviction,22,7.559462041192196e-05
1372,reasonably,22,7.559462041192196e-05
1373,circumstance,22,7.559462041192196e-05
1374,raw,22,7.559462041192196e-05
1375,source,22,7.559462041192196e-05
1376,categories,22,7.559462041192196e-05
1377,indirectly,22,7.559462041192196e-05
1378,facilitate,22,7.559462041192196e-05
1379,face,22,7.559462041192196e-05
1380,sanction,22,7.559462041192196e-05
1381,expenditure,22,7.559462041192196e-05
1382,complete,22,7.559462041192196e-05
1383,raise,22,7.559462041192196e-05
1384,side,22,7.559462041192196e-05
1385,determine,22,7.559462041192196e-05
1386,arguments,22,7.559462041192196e-05
1387,berar,22,7.559462041192196e-05
1388,deals,22,7.559462041192196e-05
1389,addition,22,7.559462041192196e-05
1390,moved,22,7.559462041192196e-05
1391,circulation,22,7.559462041192196e-05
1392,necessarily,22,7.559462041192196e-05
1393,proposed,22,7.559462041192196e-05
1394,respective,22,7.559462041192196e-05
1395,desire,22,7.559462041192196e-05
1396,lie,22,7.559462041192196e-05
1397,proof,22,7.559462041192196e-05
1398,amongst,22,7.559462041192196e-05
1399,rightly,22,7.559462041192196e-05
1400,natural,22,7.559462041192196e-05
1401,charging,22,7.559462041192196e-05
1402,send,22,7.559462041192196e-05
1403,sanctioned,22,7.559462041192196e-05
1404,children,22,7.559462041192196e-05
1405,unit,22,7.559462041192196e-05
1406,hospital,22,7.559462041192196e-05
1407,load,22,7.559462041192196e-05
1408,mark,22,7.559462041192196e-05
1409,pays,21,7.215850130228915e-05
1410,showed,21,7.215850130228915e-05
1411,belonged,21,7.215850130228915e-05
1412,completely,21,7.215850130228915e-05
1413,alleging,21,7.215850130228915e-05
1414,particularly,21,7.215850130228915e-05
1415,considering,21,7.215850130228915e-05
1416,determination,21,7.215850130228915e-05
1417,towards,21,7.215850130228915e-05
1418,receipt,21,7.215850130228915e-05
1419,satisfaction,21,7.215850130228915e-05
1420,valid,21,7.215850130228915e-05
1421,authorised,21,7.215850130228915e-05
1422,many,21,7.215850130228915e-05
1423,pro,21,7.215850130228915e-05
1424,ceased,21,7.215850130228915e-05
1425,avoid,21,7.215850130228915e-05
1426,added,21,7.215850130228915e-05
1427,cease,21,7.215850130228915e-05
1428,note,21,7.215850130228915e-05
1429,times,21,7.215850130228915e-05
1430,earning,21,7.215850130228915e-05
1431,derived,21,7.215850130228915e-05
1432,reduced,21,7.215850130228915e-05
1433,electric,21,7.215850130228915e-05
1434,laws,21,7.215850130228915e-05
1435,method,21,7.215850130228915e-05
1436,published,21,7.215850130228915e-05
1437,regulation,21,7.215850130228915e-05
1438,import,21,7.215850130228915e-05
1439,saranjamdar,21,7.215850130228915e-05
1440,awarded,21,7.215850130228915e-05
1441,equal,21,7.215850130228915e-05
1442,succession,21,7.215850130228915e-05
1443,enactment,21,7.215850130228915e-05
1444,bearing,21,7.215850130228915e-05
1445,products,21,7.215850130228915e-05
1446,basic,21,7.215850130228915e-05
1447,strictly,21,7.215850130228915e-05
1448,likely,21,7.215850130228915e-05
1449,reversioners,21,7.215850130228915e-05
1450,occupants,21,7.215850130228915e-05
1451,contractors,21,7.215850130228915e-05
1452,putative,21,7.215850130228915e-05
1453,physical,21,7.215850130228915e-05
1454,visited,21,7.215850130228915e-05
1455,companyclusion,21,7.215850130228915e-05
1456,companye,21,7.215850130228915e-05
1457,cohabitation,21,7.215850130228915e-05
1458,relates,20,6.872238219265633e-05
1459,book,20,6.872238219265633e-05
1460,bear,20,6.872238219265633e-05
1461,concluded,20,6.872238219265633e-05
1462,reversed,20,6.872238219265633e-05
1463,deal,20,6.872238219265633e-05
1464,commenced,20,6.872238219265633e-05
1465,essential,20,6.872238219265633e-05
1466,allotted,20,6.872238219265633e-05
1467,injunction,20,6.872238219265633e-05
1468,prayed,20,6.872238219265633e-05
1469,damages,20,6.872238219265633e-05
1470,assumption,20,6.872238219265633e-05
1471,communication,20,6.872238219265633e-05
1472,whatsoever,20,6.872238219265633e-05
1473,clauses,20,6.872238219265633e-05
1474,purely,20,6.872238219265633e-05
1475,debt,20,6.872238219265633e-05
1476,default,20,6.872238219265633e-05
1477,noticed,20,6.872238219265633e-05
1478,formed,20,6.872238219265633e-05
1479,calculated,20,6.872238219265633e-05
1480,beginning,20,6.872238219265633e-05
1481,undoubtedly,20,6.872238219265633e-05
1482,says,20,6.872238219265633e-05
1483,rest,20,6.872238219265633e-05
1484,gain,20,6.872238219265633e-05
1485,answered,20,6.872238219265633e-05
1486,attorney,20,6.872238219265633e-05
1487,consequence,20,6.872238219265633e-05
1488,allowing,20,6.872238219265633e-05
1489,reserve,20,6.872238219265633e-05
1490,correctness,20,6.872238219265633e-05
1491,incident,20,6.872238219265633e-05
1492,subsequently,20,6.872238219265633e-05
1493,exempted,20,6.872238219265633e-05
1494,forward,20,6.872238219265633e-05
1495,refusal,20,6.872238219265633e-05
1496,violation,20,6.872238219265633e-05
1497,challenge,20,6.872238219265633e-05
1498,exempt,20,6.872238219265633e-05
1499,realised,20,6.872238219265633e-05
1500,recovered,20,6.872238219265633e-05
1501,nominated,20,6.872238219265633e-05
1502,perusal,20,6.872238219265633e-05
1503,female,20,6.872238219265633e-05
1504,herself,20,6.872238219265633e-05
1505,auction,20,6.872238219265633e-05
1506,answering,20,6.872238219265633e-05
1507,prahlad,20,6.872238219265633e-05
1508,conciliation,20,6.872238219265633e-05
1509,sitting,20,6.872238219265633e-05
1510,summoned,20,6.872238219265633e-05
1511,daughters,20,6.872238219265633e-05
1512,confiscation,20,6.872238219265633e-05
1513,mental,20,6.872238219265633e-05
1514,rajnigandha,20,6.872238219265633e-05
1515,comes,19,6.52862630830235e-05
1516,ejectment,19,6.52862630830235e-05
1517,protected,19,6.52862630830235e-05
1518,coming,19,6.52862630830235e-05
1519,expiration,19,6.52862630830235e-05
1520,guilty,19,6.52862630830235e-05
1521,lal,19,6.52862630830235e-05
1522,sheet,19,6.52862630830235e-05
1523,facie,19,6.52862630830235e-05
1524,living,19,6.52862630830235e-05
1525,stands,19,6.52862630830235e-05
1526,perform,19,6.52862630830235e-05
1527,litigation,19,6.52862630830235e-05
1528,runs,19,6.52862630830235e-05
1529,k,19,6.52862630830235e-05
1530,alive,19,6.52862630830235e-05
1531,obvious,19,6.52862630830235e-05
1532,advanced,19,6.52862630830235e-05
1533,classes,19,6.52862630830235e-05
1534,pleased,19,6.52862630830235e-05
1535,fine,19,6.52862630830235e-05
1536,substantial,19,6.52862630830235e-05
1537,receipts,19,6.52862630830235e-05
1538,ownership,19,6.52862630830235e-05
1539,worked,19,6.52862630830235e-05
1540,annual,19,6.52862630830235e-05
1541,resume,19,6.52862630830235e-05
1542,interfere,19,6.52862630830235e-05
1543,seeks,19,6.52862630830235e-05
1544,reserved,19,6.52862630830235e-05
1545,motion,19,6.52862630830235e-05
1546,constitutional,19,6.52862630830235e-05
1547,mention,19,6.52862630830235e-05
1548,aid,19,6.52862630830235e-05
1549,pursuant,19,6.52862630830235e-05
1550,directly,19,6.52862630830235e-05
1551,g,19,6.52862630830235e-05
1552,deputy,19,6.52862630830235e-05
1553,look,19,6.52862630830235e-05
1554,wide,19,6.52862630830235e-05
1555,returned,19,6.52862630830235e-05
1556,appreciated,19,6.52862630830235e-05
1557,trustee,19,6.52862630830235e-05
1558,administrative,19,6.52862630830235e-05
1559,recording,19,6.52862630830235e-05
1560,administration,19,6.52862630830235e-05
1561,blank,19,6.52862630830235e-05
1562,aspect,19,6.52862630830235e-05
1563,submission,19,6.52862630830235e-05
1564,madura,19,6.52862630830235e-05
1565,supplied,19,6.52862630830235e-05
1566,handed,19,6.52862630830235e-05
1567,calculations,19,6.52862630830235e-05
1568,development,19,6.52862630830235e-05
1569,sudra,19,6.52862630830235e-05
1570,achaldas,19,6.52862630830235e-05
1571,lawyer,19,6.52862630830235e-05
1572,companystitution,19,6.52862630830235e-05
1573,companymissioner,19,6.52862630830235e-05
1574,dissolution,19,6.52862630830235e-05
1575,questioned,18,6.185014397339069e-05
1576,statutes,18,6.185014397339069e-05
1577,purview,18,6.185014397339069e-05
1578,fixing,18,6.185014397339069e-05
1579,substantive,18,6.185014397339069e-05
1580,ment,18,6.185014397339069e-05
1581,standing,18,6.185014397339069e-05
1582,continuing,18,6.185014397339069e-05
1583,modified,18,6.185014397339069e-05
1584,prohibited,18,6.185014397339069e-05
1585,brickfield,18,6.185014397339069e-05
1586,resulting,18,6.185014397339069e-05
1587,deliver,18,6.185014397339069e-05
1588,requested,18,6.185014397339069e-05
1589,reserves,18,6.185014397339069e-05
1590,issues,18,6.185014397339069e-05
1591,introduced,18,6.185014397339069e-05
1592,exemption,18,6.185014397339069e-05
1593,pre,18,6.185014397339069e-05
1594,exceptions,18,6.185014397339069e-05
1595,mortgagors,18,6.185014397339069e-05
1596,portions,18,6.185014397339069e-05
1597,country,18,6.185014397339069e-05
1598,art,18,6.185014397339069e-05
1599,small,18,6.185014397339069e-05
1600,borrowed,18,6.185014397339069e-05
1601,majority,18,6.185014397339069e-05
1602,detained,18,6.185014397339069e-05
1603,station,18,6.185014397339069e-05
1604,rehabilitation,18,6.185014397339069e-05
1605,presented,18,6.185014397339069e-05
1606,separately,18,6.185014397339069e-05
1607,extend,18,6.185014397339069e-05
1608,completed,18,6.185014397339069e-05
1609,avoided,18,6.185014397339069e-05
1610,individual,18,6.185014397339069e-05
1611,failure,18,6.185014397339069e-05
1612,wants,18,6.185014397339069e-05
1613,compliance,18,6.185014397339069e-05
1614,accompanied,18,6.185014397339069e-05
1615,dates,18,6.185014397339069e-05
1616,possibility,18,6.185014397339069e-05
1617,admission,18,6.185014397339069e-05
1618,inspection,18,6.185014397339069e-05
1619,multiple,18,6.185014397339069e-05
1620,consumer,18,6.185014397339069e-05
1621,bags,18,6.185014397339069e-05
1622,absolutely,18,6.185014397339069e-05
1623,trust,18,6.185014397339069e-05
1624,assist,18,6.185014397339069e-05
1625,salami,18,6.185014397339069e-05
1626,transmission,18,6.185014397339069e-05
1627,redeem,18,6.185014397339069e-05
1628,superintendent,18,6.185014397339069e-05
1629,untanned,18,6.185014397339069e-05
1630,summons,18,6.185014397339069e-05
1631,pension,18,6.185014397339069e-05
1632,poonamchand,18,6.185014397339069e-05
1633,malafide,18,6.185014397339069e-05
1634,suspension,18,6.185014397339069e-05
1635,numberember,18,6.185014397339069e-05
1636,drugs,18,6.185014397339069e-05
1637,spouse,18,6.185014397339069e-05
1638,rates,17,5.8414024863757876e-05
1639,exercising,17,5.8414024863757876e-05
1640,ready,17,5.8414024863757876e-05
1641,convicted,17,5.8414024863757876e-05
1642,removed,17,5.8414024863757876e-05
1643,prima,17,5.8414024863757876e-05
1644,maintain,17,5.8414024863757876e-05
1645,manufactured,17,5.8414024863757876e-05
1646,demised,17,5.8414024863757876e-05
1647,financial,17,5.8414024863757876e-05
1648,bengal,17,5.8414024863757876e-05
1649,reliefs,17,5.8414024863757876e-05
1650,remains,17,5.8414024863757876e-05
1651,renewed,17,5.8414024863757876e-05
1652,equivalent,17,5.8414024863757876e-05
1653,reproduced,17,5.8414024863757876e-05
1654,amounted,17,5.8414024863757876e-05
1655,ever,17,5.8414024863757876e-05
1656,future,17,5.8414024863757876e-05
1657,dealings,17,5.8414024863757876e-05
1658,obtaining,17,5.8414024863757876e-05
1659,printed,17,5.8414024863757876e-05
1660,praying,17,5.8414024863757876e-05
1661,longer,17,5.8414024863757876e-05
1662,item,17,5.8414024863757876e-05
1663,selling,17,5.8414024863757876e-05
1664,apparent,17,5.8414024863757876e-05
1665,chargeable,17,5.8414024863757876e-05
1666,lies,17,5.8414024863757876e-05
1667,wherein,17,5.8414024863757876e-05
1668,debenture,17,5.8414024863757876e-05
1669,partly,17,5.8414024863757876e-05
1670,initial,17,5.8414024863757876e-05
1671,entrusted,17,5.8414024863757876e-05
1672,super,17,5.8414024863757876e-05
1673,herein,17,5.8414024863757876e-05
1674,lays,17,5.8414024863757876e-05
1675,reported,17,5.8414024863757876e-05
1676,lordships,17,5.8414024863757876e-05
1677,twelve,17,5.8414024863757876e-05
1678,workman,17,5.8414024863757876e-05
1679,stoppage,17,5.8414024863757876e-05
1680,turn,17,5.8414024863757876e-05
1681,refusing,17,5.8414024863757876e-05
1682,forenoon,17,5.8414024863757876e-05
1683,implication,17,5.8414024863757876e-05
1684,mode,17,5.8414024863757876e-05
1685,succeed,17,5.8414024863757876e-05
1686,valued,17,5.8414024863757876e-05
1687,freedom,17,5.8414024863757876e-05
1688,taxes,17,5.8414024863757876e-05
1689,burden,17,5.8414024863757876e-05
1690,man,17,5.8414024863757876e-05
1691,partners,17,5.8414024863757876e-05
1692,primary,17,5.8414024863757876e-05
1693,omitted,17,5.8414024863757876e-05
1694,enquiries,17,5.8414024863757876e-05
1695,named,17,5.8414024863757876e-05
1696,usufructuary,17,5.8414024863757876e-05
1697,seasonal,17,5.8414024863757876e-05
1698,copies,17,5.8414024863757876e-05
1699,bought,17,5.8414024863757876e-05
1700,tanner,17,5.8414024863757876e-05
1701,inspect,17,5.8414024863757876e-05
1702,oppressive,17,5.8414024863757876e-05
1703,sholapur,17,5.8414024863757876e-05
1704,treatment,17,5.8414024863757876e-05
1705,xl,17,5.8414024863757876e-05
1706,session,17,5.8414024863757876e-05
1707,companynsel,17,5.8414024863757876e-05
1708,companycerned,17,5.8414024863757876e-05
1709,ndps,17,5.8414024863757876e-05
1710,pregnancy,17,5.8414024863757876e-05
1711,reading,16,5.497790575412506e-05
1712,providing,16,5.497790575412506e-05
1713,decreed,16,5.497790575412506e-05
1714,yet,16,5.497790575412506e-05
1715,eviction,16,5.497790575412506e-05
1716,prevail,16,5.497790575412506e-05
1717,exceeded,16,5.497790575412506e-05
1718,penal,16,5.497790575412506e-05
1719,lodged,16,5.497790575412506e-05
1720,arrived,16,5.497790575412506e-05
1721,maternal,16,5.497790575412506e-05
1722,payments,16,5.497790575412506e-05
1723,context,16,5.497790575412506e-05
1724,your,16,5.497790575412506e-05
1725,arranged,16,5.497790575412506e-05
1726,usual,16,5.497790575412506e-05
1727,enforcement,16,5.497790575412506e-05
1728,evident,16,5.497790575412506e-05
1729,whereby,16,5.497790575412506e-05
1730,adoption,16,5.497790575412506e-05
1731,independent,16,5.497790575412506e-05
1732,limits,16,5.497790575412506e-05
1733,requisite,16,5.497790575412506e-05
1734,explained,16,5.497790575412506e-05
1735,deva,16,5.497790575412506e-05
1736,resulted,16,5.497790575412506e-05
1737,join,16,5.497790575412506e-05
1738,conflict,16,5.497790575412506e-05
1739,controversy,16,5.497790575412506e-05
1740,pound,16,5.497790575412506e-05
1741,companys,16,5.497790575412506e-05
1742,deduction,16,5.497790575412506e-05
1743,wrong,16,5.497790575412506e-05
1744,immediate,16,5.497790575412506e-05
1745,thinks,16,5.497790575412506e-05
1746,rupees,16,5.497790575412506e-05
1747,mahals,16,5.497790575412506e-05
1748,banerjees,16,5.497790575412506e-05
1749,directions,16,5.497790575412506e-05
1750,qua,16,5.497790575412506e-05
1751,net,16,5.497790575412506e-05
1752,ten,16,5.497790575412506e-05
1753,existed,16,5.497790575412506e-05
1754,conceded,16,5.497790575412506e-05
1755,figure,16,5.497790575412506e-05
1756,receiving,16,5.497790575412506e-05
1757,exclude,16,5.497790575412506e-05
1758,meeting,16,5.497790575412506e-05
1759,concerted,16,5.497790575412506e-05
1760,shift,16,5.497790575412506e-05
1761,avail,16,5.497790575412506e-05
1762,play,16,5.497790575412506e-05
1763,export,16,5.497790575412506e-05
1764,among,16,5.497790575412506e-05
1765,territory,16,5.497790575412506e-05
1766,foreign,16,5.497790575412506e-05
1767,territorial,16,5.497790575412506e-05
1768,ingredients,16,5.497790575412506e-05
1769,occasion,16,5.497790575412506e-05
1770,borne,16,5.497790575412506e-05
1771,rather,16,5.497790575412506e-05
1772,moneys,16,5.497790575412506e-05
1773,registrar,16,5.497790575412506e-05
1774,complied,16,5.497790575412506e-05
1775,pleadings,16,5.497790575412506e-05
1776,predecessor,16,5.497790575412506e-05
1777,wage,16,5.497790575412506e-05
1778,staff,16,5.497790575412506e-05
1779,u,16,5.497790575412506e-05
1780,departmental,16,5.497790575412506e-05
1781,rebuilding,16,5.497790575412506e-05
1782,marked,16,5.497790575412506e-05
1783,witness,16,5.497790575412506e-05
1784,suspected,16,5.497790575412506e-05
1785,passages,16,5.497790575412506e-05
1786,seizure,16,5.497790575412506e-05
1787,tata,16,5.497790575412506e-05
1788,morning,16,5.497790575412506e-05
1789,examinations,16,5.497790575412506e-05
1790,companyditions,16,5.497790575412506e-05
1791,companysideration,16,5.497790575412506e-05
1792,nalini,16,5.497790575412506e-05
1793,jammu,16,5.497790575412506e-05
1794,parents,16,5.497790575412506e-05
1795,samples,16,5.497790575412506e-05
1796,thereunder,15,5.154178664449224e-05
1797,renewal,15,5.154178664449224e-05
1798,tenancy,15,5.154178664449224e-05
1799,appreciation,15,5.154178664449224e-05
1800,polai,15,5.154178664449224e-05
1801,self,15,5.154178664449224e-05
1802,previously,15,5.154178664449224e-05
1803,run,15,5.154178664449224e-05
1804,unnecessary,15,5.154178664449224e-05
1805,tried,15,5.154178664449224e-05
1806,closed,15,5.154178664449224e-05
1807,stating,15,5.154178664449224e-05
1808,assented,15,5.154178664449224e-05
1809,addressed,15,5.154178664449224e-05
1810,indicates,15,5.154178664449224e-05
1811,understood,15,5.154178664449224e-05
1812,prasanna,15,5.154178664449224e-05
1813,raises,15,5.154178664449224e-05
1814,challenging,15,5.154178664449224e-05
1815,covers,15,5.154178664449224e-05
1816,enable,15,5.154178664449224e-05
1817,compelled,15,5.154178664449224e-05
1818,seized,15,5.154178664449224e-05
1819,owing,15,5.154178664449224e-05
1820,substituted,15,5.154178664449224e-05
1821,crown,15,5.154178664449224e-05
1822,receive,15,5.154178664449224e-05
1823,negative,15,5.154178664449224e-05
1824,receives,15,5.154178664449224e-05
1825,best,15,5.154178664449224e-05
1826,chatterjee,15,5.154178664449224e-05
1827,cent,15,5.154178664449224e-05
1828,meant,15,5.154178664449224e-05
1829,guaranteed,15,5.154178664449224e-05
1830,situated,15,5.154178664449224e-05
1831,behind,15,5.154178664449224e-05
1832,society,15,5.154178664449224e-05
1833,too,15,5.154178664449224e-05
1834,alienated,15,5.154178664449224e-05
1835,adequate,15,5.154178664449224e-05
1836,signature,15,5.154178664449224e-05
1837,abolition,15,5.154178664449224e-05
1838,interested,15,5.154178664449224e-05
1839,rely,15,5.154178664449224e-05
1840,broken,15,5.154178664449224e-05
1841,bind,15,5.154178664449224e-05
1842,undivided,15,5.154178664449224e-05
1843,ghorpade,15,5.154178664449224e-05
1844,described,15,5.154178664449224e-05
1845,lis,15,5.154178664449224e-05
1846,registration,15,5.154178664449224e-05
1847,exception,15,5.154178664449224e-05
1848,eye,15,5.154178664449224e-05
1849,equally,15,5.154178664449224e-05
1850,lifted,15,5.154178664449224e-05
1851,mysore,15,5.154178664449224e-05
1852,exchange,15,5.154178664449224e-05
1853,east,15,5.154178664449224e-05
1854,sentences,15,5.154178664449224e-05
1855,mota,15,5.154178664449224e-05
1856,controlled,15,5.154178664449224e-05
1857,solicitors,15,5.154178664449224e-05
1858,independence,15,5.154178664449224e-05
1859,slave,15,5.154178664449224e-05
1860,moiety,15,5.154178664449224e-05
1861,customs,15,5.154178664449224e-05
1862,numberice,15,5.154178664449224e-05
1863,desertion,15,5.154178664449224e-05
1864,inclined,14,4.810566753485943e-05
1865,plain,14,4.810566753485943e-05
1866,ing,14,4.810566753485943e-05
1867,perverse,14,4.810566753485943e-05
1868,lessor,14,4.810566753485943e-05
1869,cited,14,4.810566753485943e-05
1870,advance,14,4.810566753485943e-05
1871,odd,14,4.810566753485943e-05
1872,continuance,14,4.810566753485943e-05
1873,finds,14,4.810566753485943e-05
1874,none,14,4.810566753485943e-05
1875,category,14,4.810566753485943e-05
1876,cancelled,14,4.810566753485943e-05
1877,eventually,14,4.810566753485943e-05
1878,assignee,14,4.810566753485943e-05
1879,release,14,4.810566753485943e-05
1880,x,14,4.810566753485943e-05
1881,marginal,14,4.810566753485943e-05
1882,cancel,14,4.810566753485943e-05
1883,reduce,14,4.810566753485943e-05
1884,items,14,4.810566753485943e-05
1885,letting,14,4.810566753485943e-05
1886,idle,14,4.810566753485943e-05
1887,entirely,14,4.810566753485943e-05
1888,memorandum,14,4.810566753485943e-05
1889,association,14,4.810566753485943e-05
1890,retain,14,4.810566753485943e-05
1891,cable,14,4.810566753485943e-05
1892,competence,14,4.810566753485943e-05
1893,client,14,4.810566753485943e-05
1894,negatived,14,4.810566753485943e-05
1895,reach,14,4.810566753485943e-05
1896,malguzari,14,4.810566753485943e-05
1897,despite,14,4.810566753485943e-05
1898,interim,14,4.810566753485943e-05
1899,omission,14,4.810566753485943e-05
1900,vehemently,14,4.810566753485943e-05
1901,agricultural,14,4.810566753485943e-05
1902,line,14,4.810566753485943e-05
1903,desires,14,4.810566753485943e-05
1904,past,14,4.810566753485943e-05
1905,agency,14,4.810566753485943e-05
1906,concerning,14,4.810566753485943e-05
1907,effective,14,4.810566753485943e-05
1908,community,14,4.810566753485943e-05
1909,therefrom,14,4.810566753485943e-05
1910,interruption,14,4.810566753485943e-05
1911,adjudicator,14,4.810566753485943e-05
1912,lost,14,4.810566753485943e-05
1913,comply,14,4.810566753485943e-05
1914,undertaking,14,4.810566753485943e-05
1915,exclusion,14,4.810566753485943e-05
1916,viz,14,4.810566753485943e-05
1917,saranjams,14,4.810566753485943e-05
1918,recognition,14,4.810566753485943e-05
1919,ought,14,4.810566753485943e-05
1920,dies,14,4.810566753485943e-05
1921,alienation,14,4.810566753485943e-05
1922,refining,14,4.810566753485943e-05
1923,interference,14,4.810566753485943e-05
1924,happen,14,4.810566753485943e-05
1925,showing,14,4.810566753485943e-05
1926,contracts,14,4.810566753485943e-05
1927,lead,14,4.810566753485943e-05
1928,fatal,14,4.810566753485943e-05
1929,equity,14,4.810566753485943e-05
1930,furnish,14,4.810566753485943e-05
1931,submit,14,4.810566753485943e-05
1932,demands,14,4.810566753485943e-05
1933,paying,14,4.810566753485943e-05
1934,substantiate,14,4.810566753485943e-05
1935,serve,14,4.810566753485943e-05
1936,dignity,14,4.810566753485943e-05
1937,travel,14,4.810566753485943e-05
1938,sea,14,4.810566753485943e-05
1939,obstruction,14,4.810566753485943e-05
1940,ice,14,4.810566753485943e-05
1941,listed,14,4.810566753485943e-05
1942,companypanies,14,4.810566753485943e-05
1943,contraband,14,4.810566753485943e-05
1944,patiala,14,4.810566753485943e-05
1945,cm,14,4.810566753485943e-05
1946,visitation,14,4.810566753485943e-05
1947,overruled,13,4.4669548425226614e-05
1948,confined,13,4.4669548425226614e-05
1949,lessees,13,4.4669548425226614e-05
1950,standard,13,4.4669548425226614e-05
1951,situate,13,4.4669548425226614e-05
1952,besides,13,4.4669548425226614e-05
1953,offences,13,4.4669548425226614e-05
1954,looking,13,4.4669548425226614e-05
1955,logendra,13,4.4669548425226614e-05
1956,disposing,13,4.4669548425226614e-05
1957,near,13,4.4669548425226614e-05
1958,ran,13,4.4669548425226614e-05
1959,bighas,13,4.4669548425226614e-05
1960,serious,13,4.4669548425226614e-05
1961,executive,13,4.4669548425226614e-05
1962,instant,13,4.4669548425226614e-05
1963,definite,13,4.4669548425226614e-05
1964,nath,13,4.4669548425226614e-05
1965,seem,13,4.4669548425226614e-05
1966,ascertained,13,4.4669548425226614e-05
1967,shops,13,4.4669548425226614e-05
1968,chosen,13,4.4669548425226614e-05
1969,silk,13,4.4669548425226614e-05
1970,yarn,13,4.4669548425226614e-05
1971,commissioners,13,4.4669548425226614e-05
1972,immaterial,13,4.4669548425226614e-05
1973,suggestion,13,4.4669548425226614e-05
1974,sri,13,4.4669548425226614e-05
1975,else,13,4.4669548425226614e-05
1976,apparently,13,4.4669548425226614e-05
1977,similarly,13,4.4669548425226614e-05
1978,firms,13,4.4669548425226614e-05
1979,com,13,4.4669548425226614e-05
1980,voluntarily,13,4.4669548425226614e-05
1981,enough,13,4.4669548425226614e-05
1982,constituted,13,4.4669548425226614e-05
1983,applying,13,4.4669548425226614e-05
1984,contend,13,4.4669548425226614e-05
1985,possibly,13,4.4669548425226614e-05
1986,obligation,13,4.4669548425226614e-05
1987,indicate,13,4.4669548425226614e-05
1988,equitable,13,4.4669548425226614e-05
1989,privileges,13,4.4669548425226614e-05
1990,exceeding,13,4.4669548425226614e-05
1991,asserted,13,4.4669548425226614e-05
1992,continuous,13,4.4669548425226614e-05
1993,authorized,13,4.4669548425226614e-05
1994,appertaining,13,4.4669548425226614e-05
1995,yeshwantrao,13,4.4669548425226614e-05
1996,continuable,13,4.4669548425226614e-05
1997,governments,13,4.4669548425226614e-05
1998,careful,13,4.4669548425226614e-05
1999,superior,13,4.4669548425226614e-05
2000,das,13,4.4669548425226614e-05
2001,prohibition,13,4.4669548425226614e-05
2002,type,13,4.4669548425226614e-05
2003,subjects,13,4.4669548425226614e-05
2004,computing,13,4.4669548425226614e-05
2005,collected,13,4.4669548425226614e-05
2006,trustees,13,4.4669548425226614e-05
2007,godown,13,4.4669548425226614e-05
2008,managing,13,4.4669548425226614e-05
2009,superintendence,13,4.4669548425226614e-05
2010,execute,13,4.4669548425226614e-05
2011,forthwith,13,4.4669548425226614e-05
2012,furtherance,13,4.4669548425226614e-05
2013,stayed,13,4.4669548425226614e-05
2014,baijnath,13,4.4669548425226614e-05
2015,verified,13,4.4669548425226614e-05
2016,compromise,13,4.4669548425226614e-05
2017,approached,13,4.4669548425226614e-05
2018,forged,13,4.4669548425226614e-05
2019,causa,13,4.4669548425226614e-05
2020,relations,13,4.4669548425226614e-05
2021,dividends,13,4.4669548425226614e-05
2022,increased,13,4.4669548425226614e-05
2023,liabilities,13,4.4669548425226614e-05
2024,feel,13,4.4669548425226614e-05
2025,extinguished,13,4.4669548425226614e-05
2026,annappas,13,4.4669548425226614e-05
2027,travelling,13,4.4669548425226614e-05
2028,jiwai,13,4.4669548425226614e-05
2029,imprisonment,13,4.4669548425226614e-05
2030,efforts,13,4.4669548425226614e-05
2031,vacated,13,4.4669548425226614e-05
2032,stores,13,4.4669548425226614e-05
2033,care,13,4.4669548425226614e-05
2034,mixed,13,4.4669548425226614e-05
2035,genuine,13,4.4669548425226614e-05
2036,punishable,13,4.4669548425226614e-05
2037,auctioning,13,4.4669548425226614e-05
2038,expert,13,4.4669548425226614e-05
2039,sleepers,13,4.4669548425226614e-05
2040,categorically,13,4.4669548425226614e-05
2041,xxx,13,4.4669548425226614e-05
2042,realize,13,4.4669548425226614e-05
2043,role,13,4.4669548425226614e-05
2044,numberhing,13,4.4669548425226614e-05
2045,mehkar,13,4.4669548425226614e-05
2046,video,13,4.4669548425226614e-05
2047,colour,13,4.4669548425226614e-05
2048,sound,12,4.123342931559379e-05
2049,depends,12,4.123342931559379e-05
2050,solely,12,4.123342931559379e-05
2051,control,12,4.123342931559379e-05
2052,breaches,12,4.123342931559379e-05
2053,increases,12,4.123342931559379e-05
2054,occurrence,12,4.123342931559379e-05
2055,paddy,12,4.123342931559379e-05
2056,harvesting,12,4.123342931559379e-05
2057,field,12,4.123342931559379e-05
2058,running,12,4.123342931559379e-05
2059,distinction,12,4.123342931559379e-05
2060,liberty,12,4.123342931559379e-05
2061,claiming,12,4.123342931559379e-05
2062,assumed,12,4.123342931559379e-05
2063,actthe,12,4.123342931559379e-05
2064,reply,12,4.123342931559379e-05
2065,hereby,12,4.123342931559379e-05
2066,initiated,12,4.123342931559379e-05
2067,follow,12,4.123342931559379e-05
2068,automatically,12,4.123342931559379e-05
2069,disadvantage,12,4.123342931559379e-05
2070,permissible,12,4.123342931559379e-05
2071,obligations,12,4.123342931559379e-05
2072,alter,12,4.123342931559379e-05
2073,includes,12,4.123342931559379e-05
2074,containing,12,4.123342931559379e-05
2075,detailed,12,4.123342931559379e-05
2076,rani,12,4.123342931559379e-05
2077,substantially,12,4.123342931559379e-05
2078,forth,12,4.123342931559379e-05
2079,welfare,12,4.123342931559379e-05
2080,elected,12,4.123342931559379e-05
2081,trying,12,4.123342931559379e-05
2082,infringed,12,4.123342931559379e-05
2083,incorporated,12,4.123342931559379e-05
2084,uses,12,4.123342931559379e-05
2085,gets,12,4.123342931559379e-05
2086,buildings,12,4.123342931559379e-05
2087,changed,12,4.123342931559379e-05
2088,impossible,12,4.123342931559379e-05
2089,ascertain,12,4.123342931559379e-05
2090,eighty,12,4.123342931559379e-05
2091,nagpur,12,4.123342931559379e-05
2092,thirty,12,4.123342931559379e-05
2093,conclusive,12,4.123342931559379e-05
2094,amendments,12,4.123342931559379e-05
2095,proprietary,12,4.123342931559379e-05
2096,consequences,12,4.123342931559379e-05
2097,device,12,4.123342931559379e-05
2098,defines,12,4.123342931559379e-05
2099,english,12,4.123342931559379e-05
2100,meetings,12,4.123342931559379e-05
2101,owned,12,4.123342931559379e-05
2102,places,12,4.123342931559379e-05
2103,measure,12,4.123342931559379e-05
2104,aggregate,12,4.123342931559379e-05
2105,select,12,4.123342931559379e-05
2106,birth,12,4.123342931559379e-05
2107,maintaining,12,4.123342931559379e-05
2108,forwarded,12,4.123342931559379e-05
2109,involves,12,4.123342931559379e-05
2110,participated,12,4.123342931559379e-05
2111,lower,12,4.123342931559379e-05
2112,restricted,12,4.123342931559379e-05
2113,precedent,12,4.123342931559379e-05
2114,saving,12,4.123342931559379e-05
2115,prevent,12,4.123342931559379e-05
2116,retrospectively,12,4.123342931559379e-05
2117,mandamus,12,4.123342931559379e-05
2118,discriminatory,12,4.123342931559379e-05
2119,suggest,12,4.123342931559379e-05
2120,parts,12,4.123342931559379e-05
2121,attention,12,4.123342931559379e-05
2122,withdrawl,12,4.123342931559379e-05
2123,trades,12,4.123342931559379e-05
2124,city,12,4.123342931559379e-05
2125,servant,12,4.123342931559379e-05
2126,prospects,12,4.123342931559379e-05
2127,examining,12,4.123342931559379e-05
2128,impleaded,12,4.123342931559379e-05
2129,wish,12,4.123342931559379e-05
2130,surrender,12,4.123342931559379e-05
2131,suhasini,12,4.123342931559379e-05
2132,mahendra,12,4.123342931559379e-05
2133,infant,12,4.123342931559379e-05
2134,unfortunate,12,4.123342931559379e-05
2135,ss,12,4.123342931559379e-05
2136,causing,12,4.123342931559379e-05
2137,newly,12,4.123342931559379e-05
2138,vis,12,4.123342931559379e-05
2139,legally,12,4.123342931559379e-05
2140,distributable,12,4.123342931559379e-05
2141,weeks,12,4.123342931559379e-05
2142,simple,12,4.123342931559379e-05
2143,attendance,12,4.123342931559379e-05
2144,forces,12,4.123342931559379e-05
2145,unlicensed,12,4.123342931559379e-05
2146,reputation,12,4.123342931559379e-05
2147,dahisara,12,4.123342931559379e-05
2148,saurashtra,12,4.123342931559379e-05
2149,immovable,12,4.123342931559379e-05
2150,inference,12,4.123342931559379e-05
2151,accountant,12,4.123342931559379e-05
2152,ticket,12,4.123342931559379e-05
2153,health,12,4.123342931559379e-05
2154,theft,12,4.123342931559379e-05
2155,unauthorisedly,12,4.123342931559379e-05
2156,companyrts,12,4.123342931559379e-05
2157,anumberher,12,4.123342931559379e-05
2158,governumber,12,4.123342931559379e-05
2159,companysumer,12,4.123342931559379e-05
2160,circular,12,4.123342931559379e-05
2161,drug,12,4.123342931559379e-05
2162,io,12,4.123342931559379e-05
2163,designate,12,4.123342931559379e-05
2164,pdd,12,4.123342931559379e-05
2165,activity,12,4.123342931559379e-05
2166,buldana,12,4.123342931559379e-05
2167,constrained,12,4.123342931559379e-05
2168,identical,12,4.123342931559379e-05
2169,affirmed,11,3.779731020596098e-05
2170,willing,11,3.779731020596098e-05
2171,story,11,3.779731020596098e-05
2172,length,11,3.779731020596098e-05
2173,cultivation,11,3.779731020596098e-05
2174,leading,11,3.779731020596098e-05
2175,assault,11,3.779731020596098e-05
2176,especially,11,3.779731020596098e-05
2177,least,11,3.779731020596098e-05
2178,permanent,11,3.779731020596098e-05
2179,engines,11,3.779731020596098e-05
2180,lines,11,3.779731020596098e-05
2181,nearly,11,3.779731020596098e-05
2182,quoted,11,3.779731020596098e-05
2183,boilers,11,3.779731020596098e-05
2184,exhibit,11,3.779731020596098e-05
2185,disallowed,11,3.779731020596098e-05
2186,seven,11,3.779731020596098e-05
2187,today,11,3.779731020596098e-05
2188,ending,11,3.779731020596098e-05
2189,fail,11,3.779731020596098e-05
2190,remedy,11,3.779731020596098e-05
2191,column,11,3.779731020596098e-05
2192,goes,11,3.779731020596098e-05
2193,ensure,11,3.779731020596098e-05
2194,settle,11,3.779731020596098e-05
2195,leaves,11,3.779731020596098e-05
2196,forms,11,3.779731020596098e-05
2197,rank,11,3.779731020596098e-05
2198,successor,11,3.779731020596098e-05
2199,requiring,11,3.779731020596098e-05
2200,joined,11,3.779731020596098e-05
2201,assistance,11,3.779731020596098e-05
2202,personally,11,3.779731020596098e-05
2203,manufacturing,11,3.779731020596098e-05
2204,investments,11,3.779731020596098e-05
2205,explain,11,3.779731020596098e-05
2206,better,11,3.779731020596098e-05
2207,contravenes,11,3.779731020596098e-05
2208,opposition,11,3.779731020596098e-05
2209,proprietors,11,3.779731020596098e-05
2210,connected,11,3.779731020596098e-05
2211,ruler,11,3.779731020596098e-05
2212,constitute,11,3.779731020596098e-05
2213,contravened,11,3.779731020596098e-05
2214,publication,11,3.779731020596098e-05
2215,collection,11,3.779731020596098e-05
2216,inconsistent,11,3.779731020596098e-05
2217,declare,11,3.779731020596098e-05
2218,holds,11,3.779731020596098e-05
2219,supports,11,3.779731020596098e-05
2220,steps,11,3.779731020596098e-05
2221,grantee,11,3.779731020596098e-05
2222,exceed,11,3.779731020596098e-05
2223,falling,11,3.779731020596098e-05
2224,requirement,11,3.779731020596098e-05
2225,urges,11,3.779731020596098e-05
2226,counter,11,3.779731020596098e-05
2227,inferior,11,3.779731020596098e-05
2228,satisfactory,11,3.779731020596098e-05
2229,entertained,11,3.779731020596098e-05
2230,operated,11,3.779731020596098e-05
2231,satisfy,11,3.779731020596098e-05
2232,situs,11,3.779731020596098e-05
2233,consumers,11,3.779731020596098e-05
2234,importance,11,3.779731020596098e-05
2235,maintainable,11,3.779731020596098e-05
2236,moment,11,3.779731020596098e-05
2237,naturally,11,3.779731020596098e-05
2238,enforced,11,3.779731020596098e-05
2239,defect,11,3.779731020596098e-05
2240,limit,11,3.779731020596098e-05
2241,ceases,11,3.779731020596098e-05
2242,sets,11,3.779731020596098e-05
2243,stamp,11,3.779731020596098e-05
2244,significant,11,3.779731020596098e-05
2245,servants,11,3.779731020596098e-05
2246,promote,11,3.779731020596098e-05
2247,substitute,11,3.779731020596098e-05
2248,stay,11,3.779731020596098e-05
2249,n,11,3.779731020596098e-05
2250,explicit,11,3.779731020596098e-05
2251,advice,11,3.779731020596098e-05
2252,danger,11,3.779731020596098e-05
2253,bonafide,11,3.779731020596098e-05
2254,discharged,11,3.779731020596098e-05
2255,spent,11,3.779731020596098e-05
2256,exceptional,11,3.779731020596098e-05
2257,seek,11,3.779731020596098e-05
2258,proceeds,11,3.779731020596098e-05
2259,publishing,11,3.779731020596098e-05
2260,banks,11,3.779731020596098e-05
2261,transfers,11,3.779731020596098e-05
2262,notional,11,3.779731020596098e-05
2263,tukaram,11,3.779731020596098e-05
2264,placing,11,3.779731020596098e-05
2265,regular,11,3.779731020596098e-05
2266,north,11,3.779731020596098e-05
2267,ranks,11,3.779731020596098e-05
2268,intervention,11,3.779731020596098e-05
2269,maximum,11,3.779731020596098e-05
2270,serving,11,3.779731020596098e-05
2271,contents,11,3.779731020596098e-05
2272,discharging,11,3.779731020596098e-05
2273,chambers,11,3.779731020596098e-05
2274,bhimaji,11,3.779731020596098e-05
2275,weighing,11,3.779731020596098e-05
2276,help,11,3.779731020596098e-05
2277,insolvent,11,3.779731020596098e-05
2278,wagons,11,3.779731020596098e-05
2279,isha,11,3.779731020596098e-05
2280,marbles,11,3.779731020596098e-05
2281,stolen,11,3.779731020596098e-05
2282,recall,11,3.779731020596098e-05
2283,mixing,11,3.779731020596098e-05
2284,noon,11,3.779731020596098e-05
2285,women,11,3.779731020596098e-05
2286,companymon,11,3.779731020596098e-05
2287,recommendations,11,3.779731020596098e-05
2288,package,11,3.779731020596098e-05
2289,connections,11,3.779731020596098e-05
2290,udhampur,11,3.779731020596098e-05
2291,concurrent,10,3.4361191096328166e-05
2292,repeal,10,3.4361191096328166e-05
2293,assuming,10,3.4361191096328166e-05
2294,expire,10,3.4361191096328166e-05
2295,appreciate,10,3.4361191096328166e-05
2296,stopped,10,3.4361191096328166e-05
2297,misdirected,10,3.4361191096328166e-05
2298,ignoring,10,3.4361191096328166e-05
2299,enmity,10,3.4361191096328166e-05
2300,trouble,10,3.4361191096328166e-05
2301,engaged,10,3.4361191096328166e-05
2302,concurrently,10,3.4361191096328166e-05
2303,ask,10,3.4361191096328166e-05
2304,inapplicable,10,3.4361191096328166e-05
2305,amending,10,3.4361191096328166e-05
2306,submits,10,3.4361191096328166e-05
2307,late,10,3.4361191096328166e-05
2308,adjournment,10,3.4361191096328166e-05
2309,extended,10,3.4361191096328166e-05
2310,remove,10,3.4361191096328166e-05
2311,arisen,10,3.4361191096328166e-05
2312,manufacture,10,3.4361191096328166e-05
2313,restraining,10,3.4361191096328166e-05
2314,lying,10,3.4361191096328166e-05
2315,contains,10,3.4361191096328166e-05
2316,variety,10,3.4361191096328166e-05
2317,grievance,10,3.4361191096328166e-05
2318,formally,10,3.4361191096328166e-05
2319,ed,10,3.4361191096328166e-05
2320,room,10,3.4361191096328166e-05
2321,body,10,3.4361191096328166e-05
2322,krishna,10,3.4361191096328166e-05
2323,purported,10,3.4361191096328166e-05
2324,separated,10,3.4361191096328166e-05
2325,narrow,10,3.4361191096328166e-05
2326,example,10,3.4361191096328166e-05
2327,week,10,3.4361191096328166e-05
2328,choice,10,3.4361191096328166e-05
2329,belonging,10,3.4361191096328166e-05
2330,carries,10,3.4361191096328166e-05
2331,licences,10,3.4361191096328166e-05
2332,motor,10,3.4361191096328166e-05
2333,accrued,10,3.4361191096328166e-05
2334,needed,10,3.4361191096328166e-05
2335,deciding,10,3.4361191096328166e-05
2336,assessable,10,3.4361191096328166e-05
2337,sides,10,3.4361191096328166e-05
2338,desired,10,3.4361191096328166e-05
2339,directs,10,3.4361191096328166e-05
2340,withdraw,10,3.4361191096328166e-05
2341,tenure,10,3.4361191096328166e-05
2342,instalments,10,3.4361191096328166e-05
2343,abuse,10,3.4361191096328166e-05
2344,deprived,10,3.4361191096328166e-05
2345,illustrative,10,3.4361191096328166e-05
2346,contravene,10,3.4361191096328166e-05
2347,assigned,10,3.4361191096328166e-05
2348,reiterated,10,3.4361191096328166e-05
2349,series,10,3.4361191096328166e-05
2350,contain,10,3.4361191096328166e-05
2351,furnished,10,3.4361191096328166e-05
2352,speeches,10,3.4361191096328166e-05
2353,combination,10,3.4361191096328166e-05
2354,deprive,10,3.4361191096328166e-05
2355,rise,10,3.4361191096328166e-05
2356,malojirao,10,3.4361191096328166e-05
2357,alias,10,3.4361191096328166e-05
2358,treat,10,3.4361191096328166e-05
2359,enjoyment,10,3.4361191096328166e-05
2360,political,10,3.4361191096328166e-05
2361,termed,10,3.4361191096328166e-05
2362,primarily,10,3.4361191096328166e-05
2363,observation,10,3.4361191096328166e-05
2364,impair,10,3.4361191096328166e-05
2365,calls,10,3.4361191096328166e-05
2366,colonial,10,3.4361191096328166e-05
2367,declined,10,3.4361191096328166e-05
2368,desirable,10,3.4361191096328166e-05
2369,description,10,3.4361191096328166e-05
2370,avoiding,10,3.4361191096328166e-05
2371,taxability,10,3.4361191096328166e-05
2372,legislatures,10,3.4361191096328166e-05
2373,makers,10,3.4361191096328166e-05
2374,problem,10,3.4361191096328166e-05
2375,logical,10,3.4361191096328166e-05
2376,cover,10,3.4361191096328166e-05
2377,add,10,3.4361191096328166e-05
2378,arbitrary,10,3.4361191096328166e-05
2379,delivers,10,3.4361191096328166e-05
2380,production,10,3.4361191096328166e-05
2381,few,10,3.4361191096328166e-05
2382,larger,10,3.4361191096328166e-05
2383,withdraws,10,3.4361191096328166e-05
2384,losses,10,3.4361191096328166e-05
2385,shifted,10,3.4361191096328166e-05
2386,bullion,10,3.4361191096328166e-05
2387,partner,10,3.4361191096328166e-05
2388,residing,10,3.4361191096328166e-05
2389,returning,10,3.4361191096328166e-05
2390,secured,10,3.4361191096328166e-05
2391,appealable,10,3.4361191096328166e-05
2392,defects,10,3.4361191096328166e-05
2393,prudent,10,3.4361191096328166e-05
2394,presumptive,10,3.4361191096328166e-05
2395,stranger,10,3.4361191096328166e-05
2396,responsibility,10,3.4361191096328166e-05
2397,forming,10,3.4361191096328166e-05
2398,successive,10,3.4361191096328166e-05
2399,relying,10,3.4361191096328166e-05
2400,believed,10,3.4361191096328166e-05
2401,maxim,10,3.4361191096328166e-05
2402,turpi,10,3.4361191096328166e-05
2403,exclusively,10,3.4361191096328166e-05
2404,refuse,10,3.4361191096328166e-05
2405,suffered,10,3.4361191096328166e-05
2406,mahadeo,10,3.4361191096328166e-05
2407,floated,10,3.4361191096328166e-05
2408,employee,10,3.4361191096328166e-05
2409,met,10,3.4361191096328166e-05
2410,morvi,10,3.4361191096328166e-05
2411,restitution,10,3.4361191096328166e-05
2412,emoluments,10,3.4361191096328166e-05
2413,patently,10,3.4361191096328166e-05
2414,vexatious,10,3.4361191096328166e-05
2415,modifying,10,3.4361191096328166e-05
2416,indebted,10,3.4361191096328166e-05
2417,medical,10,3.4361191096328166e-05
2418,texts,10,3.4361191096328166e-05
2419,ulterior,10,3.4361191096328166e-05
2420,boiled,10,3.4361191096328166e-05
2421,version,10,3.4361191096328166e-05
2422,documentary,10,3.4361191096328166e-05
2423,submissions,10,3.4361191096328166e-05
2424,carts,10,3.4361191096328166e-05
2425,dues,10,3.4361191096328166e-05
2426,o,10,3.4361191096328166e-05
2427,leakage,10,3.4361191096328166e-05
2428,thiru,10,3.4361191096328166e-05
2429,centre,10,3.4361191096328166e-05
2430,bag,10,3.4361191096328166e-05
2431,pm,10,3.4361191096328166e-05
2432,levelled,10,3.4361191096328166e-05
2433,companysidered,10,3.4361191096328166e-05
2434,companysumption,10,3.4361191096328166e-05
2435,companysider,10,3.4361191096328166e-05
2436,companyt,10,3.4361191096328166e-05
2437,online,10,3.4361191096328166e-05
2438,distributors,10,3.4361191096328166e-05
2439,product,10,3.4361191096328166e-05
2440,banned,10,3.4361191096328166e-05
2441,fetch,10,3.4361191096328166e-05
2442,electronic,10,3.4361191096328166e-05
2443,pan,10,3.4361191096328166e-05
2444,dress,10,3.4361191096328166e-05
2445,container,10,3.4361191096328166e-05
2446,hear,9,3.0925071986695345e-05
2447,wrongly,9,3.0925071986695345e-05
2448,trans,9,3.0925071986695345e-05
2449,owners,9,3.0925071986695345e-05
2450,summarised,9,3.0925071986695345e-05
2451,expressing,9,3.0925071986695345e-05
2452,truth,9,3.0925071986695345e-05
2453,ness,9,3.0925071986695345e-05
2454,reviewed,9,3.0925071986695345e-05
2455,patna,9,3.0925071986695345e-05
2456,prosecuted,9,3.0925071986695345e-05
2457,removing,9,3.0925071986695345e-05
2458,trucks,9,3.0925071986695345e-05
2459,evidently,9,3.0925071986695345e-05
2460,adduce,9,3.0925071986695345e-05
2461,terminate,9,3.0925071986695345e-05
2462,akra,9,3.0925071986695345e-05
2463,amounting,9,3.0925071986695345e-05
2464,remitted,9,3.0925071986695345e-05
2465,disposal,9,3.0925071986695345e-05
2466,formal,9,3.0925071986695345e-05
2467,significance,9,3.0925071986695345e-05
2468,reopened,9,3.0925071986695345e-05
2469,xxi,9,3.0925071986695345e-05
2470,depend,9,3.0925071986695345e-05
2471,air,9,3.0925071986695345e-05
2472,adjusted,9,3.0925071986695345e-05
2473,bar,9,3.0925071986695345e-05
2474,files,9,3.0925071986695345e-05
2475,struck,9,3.0925071986695345e-05
2476,borrower,9,3.0925071986695345e-05
2477,purporting,9,3.0925071986695345e-05
2478,t,9,3.0925071986695345e-05
2479,envisages,9,3.0925071986695345e-05
2480,loans,9,3.0925071986695345e-05
2481,malia,9,3.0925071986695345e-05
2482,inheritance,9,3.0925071986695345e-05
2483,enforcing,9,3.0925071986695345e-05
2484,certified,9,3.0925071986695345e-05
2485,h,9,3.0925071986695345e-05
2486,regulate,9,3.0925071986695345e-05
2487,ways,9,3.0925071986695345e-05
2488,manu,9,3.0925071986695345e-05
2489,realized,9,3.0925071986695345e-05
2490,busi,9,3.0925071986695345e-05
2491,ratio,9,3.0925071986695345e-05
2492,something,9,3.0925071986695345e-05
2493,par,9,3.0925071986695345e-05
2494,inability,9,3.0925071986695345e-05
2495,rolls,9,3.0925071986695345e-05
2496,advised,9,3.0925071986695345e-05
2497,propriety,9,3.0925071986695345e-05
2498,scott,9,3.0925071986695345e-05
2499,calculating,9,3.0925071986695345e-05
2500,released,9,3.0925071986695345e-05
2501,ignored,9,3.0925071986695345e-05
2502,arrested,9,3.0925071986695345e-05
2503,communicated,9,3.0925071986695345e-05
2504,enhanced,9,3.0925071986695345e-05
2505,vest,9,3.0925071986695345e-05
2506,applicability,9,3.0925071986695345e-05
2507,details,9,3.0925071986695345e-05
2508,relate,9,3.0925071986695345e-05
2509,modes,9,3.0925071986695345e-05
2510,divested,9,3.0925071986695345e-05
2511,function,9,3.0925071986695345e-05
2512,adopt,9,3.0925071986695345e-05
2513,carnatic,9,3.0925071986695345e-05
2514,notified,9,3.0925071986695345e-05
2515,unemployment,9,3.0925071986695345e-05
2516,revenues,9,3.0925071986695345e-05
2517,branches,9,3.0925071986695345e-05
2518,ix,9,3.0925071986695345e-05
2519,enumerated,9,3.0925071986695345e-05
2520,alteration,9,3.0925071986695345e-05
2521,recoverable,9,3.0925071986695345e-05
2522,contends,9,3.0925071986695345e-05
2523,abdul,9,3.0925071986695345e-05
2524,sister,9,3.0925071986695345e-05
2525,obstante,9,3.0925071986695345e-05
2526,difficulties,9,3.0925071986695345e-05
2527,newspapers,9,3.0925071986695345e-05
2528,sustain,9,3.0925071986695345e-05
2529,passes,9,3.0925071986695345e-05
2530,transport,9,3.0925071986695345e-05
2531,across,9,3.0925071986695345e-05
2532,competition,9,3.0925071986695345e-05
2533,school,9,3.0925071986695345e-05
2534,analysis,9,3.0925071986695345e-05
2535,consignment,9,3.0925071986695345e-05
2536,reflected,9,3.0925071986695345e-05
2537,overall,9,3.0925071986695345e-05
2538,reversionary,9,3.0925071986695345e-05
2539,world,9,3.0925071986695345e-05
2540,notes,9,3.0925071986695345e-05
2541,xliii,9,3.0925071986695345e-05
2542,appoint,9,3.0925071986695345e-05
2543,thereon,9,3.0925071986695345e-05
2544,punished,9,3.0925071986695345e-05
2545,ends,9,3.0925071986695345e-05
2546,inherent,9,3.0925071986695345e-05
2547,beneficial,9,3.0925071986695345e-05
2548,knew,9,3.0925071986695345e-05
2549,recommended,9,3.0925071986695345e-05
2550,remember,9,3.0925071986695345e-05
2551,national,9,3.0925071986695345e-05
2552,attend,9,3.0925071986695345e-05
2553,applicants,9,3.0925071986695345e-05
2554,grossed,9,3.0925071986695345e-05
2555,managed,9,3.0925071986695345e-05
2556,arriving,9,3.0925071986695345e-05
2557,mortgages,9,3.0925071986695345e-05
2558,numbers,9,3.0925071986695345e-05
2559,attending,9,3.0925071986695345e-05
2560,thousand,9,3.0925071986695345e-05
2561,tanners,9,3.0925071986695345e-05
2562,vacate,9,3.0925071986695345e-05
2563,insurers,9,3.0925071986695345e-05
2564,transmitting,9,3.0925071986695345e-05
2565,modify,9,3.0925071986695345e-05
2566,provisional,9,3.0925071986695345e-05
2567,answers,9,3.0925071986695345e-05
2568,discovery,9,3.0925071986695345e-05
2569,nearest,9,3.0925071986695345e-05
2570,born,9,3.0925071986695345e-05
2571,motiji,9,3.0925071986695345e-05
2572,motive,9,3.0925071986695345e-05
2573,sheets,9,3.0925071986695345e-05
2574,jurisprudence,9,3.0925071986695345e-05
2575,finality,9,3.0925071986695345e-05
2576,convicting,9,3.0925071986695345e-05
2577,pws,9,3.0925071986695345e-05
2578,marks,9,3.0925071986695345e-05
2579,grams,9,3.0925071986695345e-05
2580,tamil,9,3.0925071986695345e-05
2581,nadu,9,3.0925071986695345e-05
2582,stones,9,3.0925071986695345e-05
2583,gurdip,9,3.0925071986695345e-05
2584,white,9,3.0925071986695345e-05
2585,numberdoubt,9,3.0925071986695345e-05
2586,companymission,9,3.0925071986695345e-05
2587,numberification,9,3.0925071986695345e-05
2588,companyporation,9,3.0925071986695345e-05
2589,distributor,9,3.0925071986695345e-05
2590,enhancement,9,3.0925071986695345e-05
2591,titled,9,3.0925071986695345e-05
2592,harassing,9,3.0925071986695345e-05
2593,behaviour,9,3.0925071986695345e-05
2594,kaur,9,3.0925071986695345e-05
2595,packaging,9,3.0925071986695345e-05
2596,ld,9,3.0925071986695345e-05
2597,ganja,9,3.0925071986695345e-05
2598,guardianship,9,3.0925071986695345e-05
2599,applica,8,2.748895287706253e-05
2600,perspective,8,2.748895287706253e-05
2601,authorises,8,2.748895287706253e-05
2602,convert,8,2.748895287706253e-05
2603,displayed,8,2.748895287706253e-05
2604,lack,8,2.748895287706253e-05
2605,strength,8,2.748895287706253e-05
2606,opposite,8,2.748895287706253e-05
2607,responsible,8,2.748895287706253e-05
2608,demanded,8,2.748895287706253e-05
2609,committing,8,2.748895287706253e-05
2610,arrest,8,2.748895287706253e-05
2611,inferred,8,2.748895287706253e-05
2612,assenting,8,2.748895287706253e-05
2613,succeeding,8,2.748895287706253e-05
2614,briefly,8,2.748895287706253e-05
2615,institution,8,2.748895287706253e-05
2616,kilns,8,2.748895287706253e-05
2617,representative,8,2.748895287706253e-05
2618,acceptance,8,2.748895287706253e-05
2619,pursuance,8,2.748895287706253e-05
2620,wrote,8,2.748895287706253e-05
2621,footing,8,2.748895287706253e-05
2622,please,8,2.748895287706253e-05
2623,arrangements,8,2.748895287706253e-05
2624,mahal,8,2.748895287706253e-05
2625,adjourn,8,2.748895287706253e-05
2626,striking,8,2.748895287706253e-05
2627,contemplates,8,2.748895287706253e-05
2628,believe,8,2.748895287706253e-05
2629,assignment,8,2.748895287706253e-05
2630,plead,8,2.748895287706253e-05
2631,declaring,8,2.748895287706253e-05
2632,jointly,8,2.748895287706253e-05
2633,intra,8,2.748895287706253e-05
2634,commodities,8,2.748895287706253e-05
2635,owns,8,2.748895287706253e-05
2636,redundant,8,2.748895287706253e-05
2637,inland,8,2.748895287706253e-05
2638,dead,8,2.748895287706253e-05
2639,understand,8,2.748895287706253e-05
2640,war,8,2.748895287706253e-05
2641,concerns,8,2.748895287706253e-05
2642,irrespective,8,2.748895287706253e-05
2643,using,8,2.748895287706253e-05
2644,warrant,8,2.748895287706253e-05
2645,incometax,8,2.748895287706253e-05
2646,remembered,8,2.748895287706253e-05
2647,moreover,8,2.748895287706253e-05
2648,identity,8,2.748895287706253e-05
2649,reduction,8,2.748895287706253e-05
2650,hard,8,2.748895287706253e-05
2651,considerable,8,2.748895287706253e-05
2652,advisory,8,2.748895287706253e-05
2653,reports,8,2.748895287706253e-05
2654,supplementary,8,2.748895287706253e-05
2655,unlawful,8,2.748895287706253e-05
2656,objections,8,2.748895287706253e-05
2657,design,8,2.748895287706253e-05
2658,covenant,8,2.748895287706253e-05
2659,acquire,8,2.748895287706253e-05
2660,tillers,8,2.748895287706253e-05
2661,soil,8,2.748895287706253e-05
2662,houses,8,2.748895287706253e-05
2663,advances,8,2.748895287706253e-05
2664,rao,8,2.748895287706253e-05
2665,specially,8,2.748895287706253e-05
2666,improvement,8,2.748895287706253e-05
2667,concession,8,2.748895287706253e-05
2668,divided,8,2.748895287706253e-05
2669,deductions,8,2.748895287706253e-05
2670,expedient,8,2.748895287706253e-05
2671,securing,8,2.748895287706253e-05
2672,discussed,8,2.748895287706253e-05
2673,sir,8,2.748895287706253e-05
2674,attack,8,2.748895287706253e-05
2675,onus,8,2.748895287706253e-05
2676,happened,8,2.748895287706253e-05
2677,contemplate,8,2.748895287706253e-05
2678,initially,8,2.748895287706253e-05
2679,attracted,8,2.748895287706253e-05
2680,entertain,8,2.748895287706253e-05
2681,privilege,8,2.748895287706253e-05
2682,sustained,8,2.748895287706253e-05
2683,subsection,8,2.748895287706253e-05
2684,annasaheb,8,2.748895287706253e-05
2685,impartible,8,2.748895287706253e-05
2686,inalienable,8,2.748895287706253e-05
2687,sardar,8,2.748895287706253e-05
2688,ganapathy,8,2.748895287706253e-05
2689,overlooked,8,2.748895287706253e-05
2690,reddy,8,2.748895287706253e-05
2691,presumed,8,2.748895287706253e-05
2692,transferring,8,2.748895287706253e-05
2693,litigant,8,2.748895287706253e-05
2694,factor,8,2.748895287706253e-05
2695,refers,8,2.748895287706253e-05
2696,town,8,2.748895287706253e-05
2697,discrimination,8,2.748895287706253e-05
2698,location,8,2.748895287706253e-05
2699,nexus,8,2.748895287706253e-05
2700,constitutionally,8,2.748895287706253e-05
2701,complained,8,2.748895287706253e-05
2702,alleviating,8,2.748895287706253e-05
2703,turned,8,2.748895287706253e-05
2704,compared,8,2.748895287706253e-05
2705,prevented,8,2.748895287706253e-05
2706,purports,8,2.748895287706253e-05
2707,suffer,8,2.748895287706253e-05
2708,realisation,8,2.748895287706253e-05
2709,referring,8,2.748895287706253e-05
2710,expected,8,2.748895287706253e-05
2711,confers,8,2.748895287706253e-05
2712,restored,8,2.748895287706253e-05
2713,vacating,8,2.748895287706253e-05
2714,units,8,2.748895287706253e-05
2715,corrupt,8,2.748895287706253e-05
2716,cast,8,2.748895287706253e-05
2717,presiding,8,2.748895287706253e-05
2718,seal,8,2.748895287706253e-05
2719,completion,8,2.748895287706253e-05
2720,employ,8,2.748895287706253e-05
2721,early,8,2.748895287706253e-05
2722,inspectors,8,2.748895287706253e-05
2723,sign,8,2.748895287706253e-05
2724,interfered,8,2.748895287706253e-05
2725,quashing,8,2.748895287706253e-05
2726,rebutted,8,2.748895287706253e-05
2727,alienee,8,2.748895287706253e-05
2728,annada,8,2.748895287706253e-05
2729,opposed,8,2.748895287706253e-05
2730,qualified,8,2.748895287706253e-05
2731,conveyance,8,2.748895287706253e-05
2732,apprehension,8,2.748895287706253e-05
2733,allowances,8,2.748895287706253e-05
2734,around,8,2.748895287706253e-05
2735,erroneous,8,2.748895287706253e-05
2736,conditioned,8,2.748895287706253e-05
2737,knowledge,8,2.748895287706253e-05
2738,benamidars,8,2.748895287706253e-05
2739,gulraj,8,2.748895287706253e-05
2740,nawrang,8,2.748895287706253e-05
2741,begin,8,2.748895287706253e-05
2742,creation,8,2.748895287706253e-05
2743,chattels,8,2.748895287706253e-05
2744,table,8,2.748895287706253e-05
2745,formalities,8,2.748895287706253e-05
2746,instrument,8,2.748895287706253e-05
2747,increasing,8,2.748895287706253e-05
2748,recommendation,8,2.748895287706253e-05
2749,huge,8,2.748895287706253e-05
2750,social,8,2.748895287706253e-05
2751,electricity,8,2.748895287706253e-05
2752,doubtful,8,2.748895287706253e-05
2753,relinquished,8,2.748895287706253e-05
2754,skilled,8,2.748895287706253e-05
2755,useful,8,2.748895287706253e-05
2756,seasonally,8,2.748895287706253e-05
2757,quashed,8,2.748895287706253e-05
2758,cl,8,2.748895287706253e-05
2759,tradition,8,2.748895287706253e-05
2760,saying,8,2.748895287706253e-05
2761,cotton,8,2.748895287706253e-05
2762,confusion,8,2.748895287706253e-05
2763,transmitted,8,2.748895287706253e-05
2764,aware,8,2.748895287706253e-05
2765,permit,8,2.748895287706253e-05
2766,married,8,2.748895287706253e-05
2767,recruitment,8,2.748895287706253e-05
2768,opens,8,2.748895287706253e-05
2769,preferential,8,2.748895287706253e-05
2770,immoveable,8,2.748895287706253e-05
2771,bypass,8,2.748895287706253e-05
2772,vegetables,8,2.748895287706253e-05
2773,garden,8,2.748895287706253e-05
2774,located,8,2.748895287706253e-05
2775,noise,8,2.748895287706253e-05
2776,adjudicated,8,2.748895287706253e-05
2777,deliberately,8,2.748895287706253e-05
2778,manufactures,8,2.748895287706253e-05
2779,worn,8,2.748895287706253e-05
2780,sleeping,8,2.748895287706253e-05
2781,plan,8,2.748895287706253e-05
2782,violence,8,2.748895287706253e-05
2783,chest,8,2.748895287706253e-05
2784,projected,8,2.748895287706253e-05
2785,pretext,8,2.748895287706253e-05
2786,uban,8,2.748895287706253e-05
2787,unearned,8,2.748895287706253e-05
2788,inquiring,8,2.748895287706253e-05
2789,companypetent,8,2.748895287706253e-05
2790,companytinued,8,2.748895287706253e-05
2791,karimganj,8,2.748895287706253e-05
2792,allegedly,8,2.748895287706253e-05
2793,infrastructure,8,2.748895287706253e-05
2794,conjugal,8,2.748895287706253e-05
2795,tuition,8,2.748895287706253e-05
2796,parental,8,2.748895287706253e-05
2797,telephonic,8,2.748895287706253e-05
2798,deserted,8,2.748895287706253e-05
2799,sc,8,2.748895287706253e-05
2800,breakdown,8,2.748895287706253e-05
2801,nude,8,2.748895287706253e-05
2802,masala,8,2.748895287706253e-05
2803,dowry,8,2.748895287706253e-05
2804,lodging,7,2.4052833767429714e-05
2805,commit,7,2.4052833767429714e-05
2806,ap,7,2.4052833767429714e-05
2807,de,7,2.4052833767429714e-05
2808,mesne,7,2.4052833767429714e-05
2809,consistent,7,2.4052833767429714e-05
2810,occurs,7,2.4052833767429714e-05
2811,con,7,2.4052833767429714e-05
2812,disagreed,7,2.4052833767429714e-05
2813,observe,7,2.4052833767429714e-05
2814,rejecting,7,2.4052833767429714e-05
2815,retrial,7,2.4052833767429714e-05
2816,outstanding,7,2.4052833767429714e-05
2817,labourers,7,2.4052833767429714e-05
2818,sinha,7,2.4052833767429714e-05
2819,mischief,7,2.4052833767429714e-05
2820,tools,7,2.4052833767429714e-05
2821,presumably,7,2.4052833767429714e-05
2822,yield,7,2.4052833767429714e-05
2823,commence,7,2.4052833767429714e-05
2824,sublet,7,2.4052833767429714e-05
2825,nowhere,7,2.4052833767429714e-05
2826,karnani,7,2.4052833767429714e-05
2827,movable,7,2.4052833767429714e-05
2828,covering,7,2.4052833767429714e-05
2829,occur,7,2.4052833767429714e-05
2830,needs,7,2.4052833767429714e-05
2831,senapati,7,2.4052833767429714e-05
2832,inconvenience,7,2.4052833767429714e-05
2833,amend,7,2.4052833767429714e-05
2834,definitely,7,2.4052833767429714e-05
2835,envisaged,7,2.4052833767429714e-05
2836,preventing,7,2.4052833767429714e-05
2837,destroy,7,2.4052833767429714e-05
2838,unwillingness,7,2.4052833767429714e-05
2839,reopen,7,2.4052833767429714e-05
2840,create,7,2.4052833767429714e-05
2841,creditors,7,2.4052833767429714e-05
2842,kobala,7,2.4052833767429714e-05
2843,minimum,7,2.4052833767429714e-05
2844,assisted,7,2.4052833767429714e-05
2845,monday,7,2.4052833767429714e-05
2846,observing,7,2.4052833767429714e-05
2847,analogy,7,2.4052833767429714e-05
2848,legitimately,7,2.4052833767429714e-05
2849,cloth,7,2.4052833767429714e-05
2850,conflicting,7,2.4052833767429714e-05
2851,putting,7,2.4052833767429714e-05
2852,undertakings,7,2.4052833767429714e-05
2853,emphasis,7,2.4052833767429714e-05
2854,myself,7,2.4052833767429714e-05
2855,utilised,7,2.4052833767429714e-05
2856,gone,7,2.4052833767429714e-05
2857,directors,7,2.4052833767429714e-05
2858,securities,7,2.4052833767429714e-05
2859,disturbing,7,2.4052833767429714e-05
2860,interfering,7,2.4052833767429714e-05
2861,borrow,7,2.4052833767429714e-05
2862,nisi,7,2.4052833767429714e-05
2863,preventive,7,2.4052833767429714e-05
2864,empowered,7,2.4052833767429714e-05
2865,reforms,7,2.4052833767429714e-05
2866,worth,7,2.4052833767429714e-05
2867,unconstitutional,7,2.4052833767429714e-05
2868,achieved,7,2.4052833767429714e-05
2869,belong,7,2.4052833767429714e-05
2870,average,7,2.4052833767429714e-05
2871,preceding,7,2.4052833767429714e-05
2872,essence,7,2.4052833767429714e-05
2873,impression,7,2.4052833767429714e-05
2874,prevailing,7,2.4052833767429714e-05
2875,domestic,7,2.4052833767429714e-05
2876,current,7,2.4052833767429714e-05
2877,heads,7,2.4052833767429714e-05
2878,recognises,7,2.4052833767429714e-05
2879,continuity,7,2.4052833767429714e-05
2880,whenever,7,2.4052833767429714e-05
2881,spirit,7,2.4052833767429714e-05
2882,jahagir,7,2.4052833767429714e-05
2883,quarter,7,2.4052833767429714e-05
2884,xi,7,2.4052833767429714e-05
2885,se,7,2.4052833767429714e-05
2886,resumption,7,2.4052833767429714e-05
2887,appasaheb,7,2.4052833767429714e-05
2888,convenience,7,2.4052833767429714e-05
2889,sued,7,2.4052833767429714e-05
2890,incidence,7,2.4052833767429714e-05
2891,cogent,7,2.4052833767429714e-05
2892,imperil,7,2.4052833767429714e-05
2893,intact,7,2.4052833767429714e-05
2894,calling,7,2.4052833767429714e-05
2895,chooses,7,2.4052833767429714e-05
2896,fault,7,2.4052833767429714e-05
2897,buyer,7,2.4052833767429714e-05
2898,interstate,7,2.4052833767429714e-05
2899,elements,7,2.4052833767429714e-05
2900,fictional,7,2.4052833767429714e-05
2901,loses,7,2.4052833767429714e-05
2902,supposed,7,2.4052833767429714e-05
2903,severability,7,2.4052833767429714e-05
2904,classification,7,2.4052833767429714e-05
2905,west,7,2.4052833767429714e-05
2906,exclusive,7,2.4052833767429714e-05
2907,assam,7,2.4052833767429714e-05
2908,anxious,7,2.4052833767429714e-05
2909,easily,7,2.4052833767429714e-05
2910,anomaly,7,2.4052833767429714e-05
2911,figures,7,2.4052833767429714e-05
2912,collecting,7,2.4052833767429714e-05
2913,contracted,7,2.4052833767429714e-05
2914,lawfully,7,2.4052833767429714e-05
2915,idea,7,2.4052833767429714e-05
2916,almost,7,2.4052833767429714e-05
2917,brief,7,2.4052833767429714e-05
2918,survey,7,2.4052833767429714e-05
2919,authorise,7,2.4052833767429714e-05
2920,prescribe,7,2.4052833767429714e-05
2921,obtains,7,2.4052833767429714e-05
2922,represent,7,2.4052833767429714e-05
2923,debited,7,2.4052833767429714e-05
2924,transcation,7,2.4052833767429714e-05
2925,rice,7,2.4052833767429714e-05
2926,regularly,7,2.4052833767429714e-05
2927,urban,7,2.4052833767429714e-05
2928,progress,7,2.4052833767429714e-05
2929,sealed,7,2.4052833767429714e-05
2930,rajpramukh,7,2.4052833767429714e-05
2931,wrongful,7,2.4052833767429714e-05
2932,enquired,7,2.4052833767429714e-05
2933,illegally,7,2.4052833767429714e-05
2934,joinder,7,2.4052833767429714e-05
2935,mandatory,7,2.4052833767429714e-05
2936,lightly,7,2.4052833767429714e-05
2937,particulars,7,2.4052833767429714e-05
2938,actuated,7,2.4052833767429714e-05
2939,ghosh,7,2.4052833767429714e-05
2940,doctrine,7,2.4052833767429714e-05
2941,admissions,7,2.4052833767429714e-05
2942,proprietorship,7,2.4052833767429714e-05
2943,convey,7,2.4052833767429714e-05
2944,fourth,7,2.4052833767429714e-05
2945,alipore,7,2.4052833767429714e-05
2946,ward,7,2.4052833767429714e-05
2947,raising,7,2.4052833767429714e-05
2948,benefited,7,2.4052833767429714e-05
2949,wag,7,2.4052833767429714e-05
2950,perpetrated,7,2.4052833767429714e-05
2951,hardly,7,2.4052833767429714e-05
2952,fiduciary,7,2.4052833767429714e-05
2953,forced,7,2.4052833767429714e-05
2954,additions,7,2.4052833767429714e-05
2955,sending,7,2.4052833767429714e-05
2956,banker,7,2.4052833767429714e-05
2957,equities,7,2.4052833767429714e-05
2958,savings,7,2.4052833767429714e-05
2959,thereto,7,2.4052833767429714e-05
2960,refund,7,2.4052833767429714e-05
2961,vary,7,2.4052833767429714e-05
2962,age,7,2.4052833767429714e-05
2963,gap,7,2.4052833767429714e-05
2964,relinquish,7,2.4052833767429714e-05
2965,mamlatdar,7,2.4052833767429714e-05
2966,distress,7,2.4052833767429714e-05
2967,justify,7,2.4052833767429714e-05
2968,averred,7,2.4052833767429714e-05
2969,exported,7,2.4052833767429714e-05
2970,hurt,7,2.4052833767429714e-05
2971,concessions,7,2.4052833767429714e-05
2972,highness,7,2.4052833767429714e-05
2973,maharani,7,2.4052833767429714e-05
2974,ancient,7,2.4052833767429714e-05
2975,sentenced,7,2.4052833767429714e-05
2976,reality,7,2.4052833767429714e-05
2977,comprise,7,2.4052833767429714e-05
2978,drawing,7,2.4052833767429714e-05
2979,port,7,2.4052833767429714e-05
2980,constituents,7,2.4052833767429714e-05
2981,deposits,7,2.4052833767429714e-05
2982,facility,7,2.4052833767429714e-05
2983,confidential,7,2.4052833767429714e-05
2984,access,7,2.4052833767429714e-05
2985,mitter,7,2.4052833767429714e-05
2986,manifestly,7,2.4052833767429714e-05
2987,mouth,7,2.4052833767429714e-05
2988,govt,7,2.4052833767429714e-05
2989,text,7,2.4052833767429714e-05
2990,deny,7,2.4052833767429714e-05
2991,caste,7,2.4052833767429714e-05
2992,concubine,7,2.4052833767429714e-05
2993,begotten,7,2.4052833767429714e-05
2994,cooked,7,2.4052833767429714e-05
2995,bobde,7,2.4052833767429714e-05
2996,pieces,7,2.4052833767429714e-05
2997,tatanagar,7,2.4052833767429714e-05
2998,south,7,2.4052833767429714e-05
2999,comfort,7,2.4052833767429714e-05
3000,comment,7,2.4052833767429714e-05
3001,vacation,7,2.4052833767429714e-05
3002,thirds,7,2.4052833767429714e-05
3003,terminating,7,2.4052833767429714e-05
3004,salesman,7,2.4052833767429714e-05
3005,visit,7,2.4052833767429714e-05
3006,packing,7,2.4052833767429714e-05
3007,leveled,7,2.4052833767429714e-05
3008,participation,7,2.4052833767429714e-05
3009,tantamount,7,2.4052833767429714e-05
3010,assaulting,7,2.4052833767429714e-05
3011,students,7,2.4052833767429714e-05
3012,chennai,7,2.4052833767429714e-05
3013,assisting,7,2.4052833767429714e-05
3014,companystruction,7,2.4052833767429714e-05
3015,companyts,7,2.4052833767429714e-05
3016,companytrary,7,2.4052833767429714e-05
3017,companycern,7,2.4052833767429714e-05
3018,companyrectness,7,2.4052833767429714e-05
3019,numberorder,7,2.4052833767429714e-05
3020,companyferred,7,2.4052833767429714e-05
3021,companytained,7,2.4052833767429714e-05
3022,companynection,7,2.4052833767429714e-05
3023,companydition,7,2.4052833767429714e-05
3024,companymerce,7,2.4052833767429714e-05
3025,companytract,7,2.4052833767429714e-05
3026,gst,7,2.4052833767429714e-05
3027,license,7,2.4052833767429714e-05
3028,mobile,7,2.4052833767429714e-05
3029,circulars,7,2.4052833767429714e-05
3030,shifting,7,2.4052833767429714e-05
3031,pertinent,7,2.4052833767429714e-05
3032,birthday,7,2.4052833767429714e-05
3033,live,7,2.4052833767429714e-05
3034,dissolved,7,2.4052833767429714e-05
3035,irretrievable,7,2.4052833767429714e-05
3036,sexually,7,2.4052833767429714e-05
3037,unique,7,2.4052833767429714e-05
3038,ahuja,7,2.4052833767429714e-05
3039,fao,7,2.4052833767429714e-05
3040,sample,7,2.4052833767429714e-05
3041,kg,7,2.4052833767429714e-05
3042,bias,7,2.4052833767429714e-05
3043,concluding,6,2.0616714657796897e-05
3044,hotel,6,2.0616714657796897e-05
3045,impressed,6,2.0616714657796897e-05
3046,er,6,2.0616714657796897e-05
3047,lords,6,2.0616714657796897e-05
3048,altered,6,2.0616714657796897e-05
3049,try,6,2.0616714657796897e-05
3050,discrepancies,6,2.0616714657796897e-05
3051,detail,6,2.0616714657796897e-05
3052,satisfactorily,6,2.0616714657796897e-05
3053,men,6,2.0616714657796897e-05
3054,investigated,6,2.0616714657796897e-05
3055,numerous,6,2.0616714657796897e-05
3056,boy,6,2.0616714657796897e-05
3057,turns,6,2.0616714657796897e-05
3058,utmost,6,2.0616714657796897e-05
3059,subsidiary,6,2.0616714657796897e-05
3060,federal,6,2.0616714657796897e-05
3061,landlords,6,2.0616714657796897e-05
3062,extract,6,2.0616714657796897e-05
3063,ultimately,6,2.0616714657796897e-05
3064,rests,6,2.0616714657796897e-05
3065,pleas,6,2.0616714657796897e-05
3066,missed,6,2.0616714657796897e-05
3067,justification,6,2.0616714657796897e-05
3068,amply,6,2.0616714657796897e-05
3069,willingness,6,2.0616714657796897e-05
3070,ceeding,6,2.0616714657796897e-05
3071,pleader,6,2.0616714657796897e-05
3072,conveyed,6,2.0616714657796897e-05
3073,purport,6,2.0616714657796897e-05
3074,managerial,6,2.0616714657796897e-05
3075,areas,6,2.0616714657796897e-05
3076,extra,6,2.0616714657796897e-05
3077,religious,6,2.0616714657796897e-05
3078,consecutive,6,2.0616714657796897e-05
3079,lastly,6,2.0616714657796897e-05
3080,govern,6,2.0616714657796897e-05
3081,lists,6,2.0616714657796897e-05
3082,availability,6,2.0616714657796897e-05
3083,whichever,6,2.0616714657796897e-05
3084,royalties,6,2.0616714657796897e-05
3085,car,6,2.0616714657796897e-05
3086,yields,6,2.0616714657796897e-05
3087,activities,6,2.0616714657796897e-05
3088,gravel,6,2.0616714657796897e-05
3089,acquiring,6,2.0616714657796897e-05
3090,infirmity,6,2.0616714657796897e-05
3091,allows,6,2.0616714657796897e-05
3092,master,6,2.0616714657796897e-05
3093,exploiting,6,2.0616714657796897e-05
3094,precisely,6,2.0616714657796897e-05
3095,little,6,2.0616714657796897e-05
3096,fourteen,6,2.0616714657796897e-05
3097,retained,6,2.0616714657796897e-05
3098,major,6,2.0616714657796897e-05
3099,usually,6,2.0616714657796897e-05
3100,buy,6,2.0616714657796897e-05
3101,generally,6,2.0616714657796897e-05
3102,consisted,6,2.0616714657796897e-05
3103,conclusions,6,2.0616714657796897e-05
3104,empowers,6,2.0616714657796897e-05
3105,fast,6,2.0616714657796897e-05
3106,somewhat,6,2.0616714657796897e-05
3107,confirm,6,2.0616714657796897e-05
3108,move,6,2.0616714657796897e-05
3109,tarsikka,6,2.0616714657796897e-05
3110,wherever,6,2.0616714657796897e-05
3111,enact,6,2.0616714657796897e-05
3112,fraudulent,6,2.0616714657796897e-05
3113,distinguished,6,2.0616714657796897e-05
3114,greater,6,2.0616714657796897e-05
3115,treats,6,2.0616714657796897e-05
3116,establishing,6,2.0616714657796897e-05
3117,somayya,6,2.0616714657796897e-05
3118,lakhs,6,2.0616714657796897e-05
3119,hurdles,6,2.0616714657796897e-05
3120,supporting,6,2.0616714657796897e-05
3121,tehsil,6,2.0616714657796897e-05
3122,constitutionality,6,2.0616714657796897e-05
3123,estimated,6,2.0616714657796897e-05
3124,speaks,6,2.0616714657796897e-05
3125,seventh,6,2.0616714657796897e-05
3126,double,6,2.0616714657796897e-05
3127,establishment,6,2.0616714657796897e-05
3128,inam,6,2.0616714657796897e-05
3129,dictionary,6,2.0616714657796897e-05
3130,courtthe,6,2.0616714657796897e-05
3131,votes,6,2.0616714657796897e-05
3132,xxv,6,2.0616714657796897e-05
3133,practicable,6,2.0616714657796897e-05
3134,step,6,2.0616714657796897e-05
3135,pressed,6,2.0616714657796897e-05
3136,peace,6,2.0616714657796897e-05
3137,judgments,6,2.0616714657796897e-05
3138,speakers,6,2.0616714657796897e-05
3139,reasoned,6,2.0616714657796897e-05
3140,slip,6,2.0616714657796897e-05
3141,recognise,6,2.0616714657796897e-05
3142,attempts,6,2.0616714657796897e-05
3143,concert,6,2.0616714657796897e-05
3144,q,6,2.0616714657796897e-05
3145,seriously,6,2.0616714657796897e-05
3146,worker,6,2.0616714657796897e-05
3147,inclusive,6,2.0616714657796897e-05
3148,sickness,6,2.0616714657796897e-05
3149,spinning,6,2.0616714657796897e-05
3150,ended,6,2.0616714657796897e-05
3151,res,6,2.0616714657796897e-05
3152,barred,6,2.0616714657796897e-05
3153,henceforth,6,2.0616714657796897e-05
3154,hereditarily,6,2.0616714657796897e-05
3155,insists,6,2.0616714657796897e-05
3156,devolve,6,2.0616714657796897e-05
3157,embodied,6,2.0616714657796897e-05
3158,interpreted,6,2.0616714657796897e-05
3159,meanwhile,6,2.0616714657796897e-05
3160,faced,6,2.0616714657796897e-05
3161,sufficiently,6,2.0616714657796897e-05
3162,bom,6,2.0616714657796897e-05
3163,litigants,6,2.0616714657796897e-05
3164,looked,6,2.0616714657796897e-05
3165,firmly,6,2.0616714657796897e-05
3166,manifested,6,2.0616714657796897e-05
3167,ali,6,2.0616714657796897e-05
3168,authorising,6,2.0616714657796897e-05
3169,hardship,6,2.0616714657796897e-05
3170,inserted,6,2.0616714657796897e-05
3171,intrastate,6,2.0616714657796897e-05
3172,competency,6,2.0616714657796897e-05
3173,conducted,6,2.0616714657796897e-05
3174,strong,6,2.0616714657796897e-05
3175,frequently,6,2.0616714657796897e-05
3176,sometimes,6,2.0616714657796897e-05
3177,abroad,6,2.0616714657796897e-05
3178,speaking,6,2.0616714657796897e-05
3179,perhaps,6,2.0616714657796897e-05
3180,factors,6,2.0616714657796897e-05
3181,collateral,6,2.0616714657796897e-05
3182,preclude,6,2.0616714657796897e-05
3183,accorded,6,2.0616714657796897e-05
3184,enjoy,6,2.0616714657796897e-05
3185,feasible,6,2.0616714657796897e-05
3186,attempted,6,2.0616714657796897e-05
3187,prices,6,2.0616714657796897e-05
3188,ingredient,6,2.0616714657796897e-05
3189,selection,6,2.0616714657796897e-05
3190,excluding,6,2.0616714657796897e-05
3191,simultaneously,6,2.0616714657796897e-05
3192,differences,6,2.0616714657796897e-05
3193,level,6,2.0616714657796897e-05
3194,despatched,6,2.0616714657796897e-05
3195,uttar,6,2.0616714657796897e-05
3196,potential,6,2.0616714657796897e-05
3197,aprt,6,2.0616714657796897e-05
3198,slightest,6,2.0616714657796897e-05
3199,trading,6,2.0616714657796897e-05
3200,fluctuations,6,2.0616714657796897e-05
3201,operations,6,2.0616714657796897e-05
3202,deleted,6,2.0616714657796897e-05
3203,entitle,6,2.0616714657796897e-05
3204,fixation,6,2.0616714657796897e-05
3205,mahasu,6,2.0616714657796897e-05
3206,rejection,6,2.0616714657796897e-05
3207,enacts,6,2.0616714657796897e-05
3208,xlix,6,2.0616714657796897e-05
3209,voter,6,2.0616714657796897e-05
3210,ballot,6,2.0616714657796897e-05
3211,events,6,2.0616714657796897e-05
3212,content,6,2.0616714657796897e-05
3213,elaborate,6,2.0616714657796897e-05
3214,implead,6,2.0616714657796897e-05
3215,withdrawing,6,2.0616714657796897e-05
3216,prescribes,6,2.0616714657796897e-05
3217,definiteness,6,2.0616714657796897e-05
3218,fairly,6,2.0616714657796897e-05
3219,threatened,6,2.0616714657796897e-05
3220,ghose,6,2.0616714657796897e-05
3221,contingencies,6,2.0616714657796897e-05
3222,succeeds,6,2.0616714657796897e-05
3223,immoral,6,2.0616714657796897e-05
3224,farzidars,6,2.0616714657796897e-05
3225,pari,6,2.0616714657796897e-05
3226,positive,6,2.0616714657796897e-05
3227,relative,6,2.0616714657796897e-05
3228,resorted,6,2.0616714657796897e-05
3229,mainly,6,2.0616714657796897e-05
3230,karta,6,2.0616714657796897e-05
3231,edition,6,2.0616714657796897e-05
3232,usage,6,2.0616714657796897e-05
3233,unconditional,6,2.0616714657796897e-05
3234,exists,6,2.0616714657796897e-05
3235,compel,6,2.0616714657796897e-05
3236,unpaid,6,2.0616714657796897e-05
3237,proportionate,6,2.0616714657796897e-05
3238,tinder,6,2.0616714657796897e-05
3239,instances,6,2.0616714657796897e-05
3240,arrive,6,2.0616714657796897e-05
3241,replacement,6,2.0616714657796897e-05
3242,misconduct,6,2.0616714657796897e-05
3243,adhered,6,2.0616714657796897e-05
3244,prosperity,6,2.0616714657796897e-05
3245,stability,6,2.0616714657796897e-05
3246,mazdoor,6,2.0616714657796897e-05
3247,representing,6,2.0616714657796897e-05
3248,features,6,2.0616714657796897e-05
3249,sabha,6,2.0616714657796897e-05
3250,pleading,6,2.0616714657796897e-05
3251,kabuliyat,6,2.0616714657796897e-05
3252,kallappa,6,2.0616714657796897e-05
3253,unemployed,6,2.0616714657796897e-05
3254,resultant,6,2.0616714657796897e-05
3255,opportunities,6,2.0616714657796897e-05
3256,efficiency,6,2.0616714657796897e-05
3257,degree,6,2.0616714657796897e-05
3258,engage,6,2.0616714657796897e-05
3259,representations,6,2.0616714657796897e-05
3260,tangible,6,2.0616714657796897e-05
3261,mata,6,2.0616714657796897e-05
3262,repairs,6,2.0616714657796897e-05
3263,reaching,6,2.0616714657796897e-05
3264,decides,6,2.0616714657796897e-05
3265,banking,6,2.0616714657796897e-05
3266,id,6,2.0616714657796897e-05
3267,attract,6,2.0616714657796897e-05
3268,increment,6,2.0616714657796897e-05
3269,chaudhari,6,2.0616714657796897e-05
3270,keeper,6,2.0616714657796897e-05
3271,heart,6,2.0616714657796897e-05
3272,oath,6,2.0616714657796897e-05
3273,guard,6,2.0616714657796897e-05
3274,ballygunge,6,2.0616714657796897e-05
3275,permitting,6,2.0616714657796897e-05
3276,admits,6,2.0616714657796897e-05
3277,minutes,6,2.0616714657796897e-05
3278,continuously,6,2.0616714657796897e-05
3279,verses,6,2.0616714657796897e-05
3280,traced,6,2.0616714657796897e-05
3281,kuar,6,2.0616714657796897e-05
3282,manage,6,2.0616714657796897e-05
3283,participate,6,2.0616714657796897e-05
3284,joitram,6,2.0616714657796897e-05
3285,kedarnath,6,2.0616714657796897e-05
3286,suspicious,6,2.0616714657796897e-05
3287,importation,6,2.0616714657796897e-05
3288,proving,6,2.0616714657796897e-05
3289,factual,6,2.0616714657796897e-05
3290,injustice,6,2.0616714657796897e-05
3291,mahavidyalaya,6,2.0616714657796897e-05
3292,discomfort,6,2.0616714657796897e-05
3293,injurious,6,2.0616714657796897e-05
3294,harassment,6,2.0616714657796897e-05
3295,chance,6,2.0616714657796897e-05
3296,falsely,6,2.0616714657796897e-05
3297,defense,6,2.0616714657796897e-05
3298,vests,6,2.0616714657796897e-05
3299,remand,6,2.0616714657796897e-05
3300,retrenchment,6,2.0616714657796897e-05
3301,satisfies,6,2.0616714657796897e-05
3302,unsatisfactory,6,2.0616714657796897e-05
3303,sleeper,6,2.0616714657796897e-05
3304,foundry,6,2.0616714657796897e-05
3305,bhilai,6,2.0616714657796897e-05
3306,leads,6,2.0616714657796897e-05
3307,hesitation,6,2.0616714657796897e-05
3308,unfair,6,2.0616714657796897e-05
3309,empanelled,6,2.0616714657796897e-05
3310,erstwhile,6,2.0616714657796897e-05
3311,anr,6,2.0616714657796897e-05
3312,ors,6,2.0616714657796897e-05
3313,rigorous,6,2.0616714657796897e-05
3314,circle,6,2.0616714657796897e-05
3315,sixteen,6,2.0616714657796897e-05
3316,devi,6,2.0616714657796897e-05
3317,insofar,6,2.0616714657796897e-05
3318,evidences,6,2.0616714657796897e-05
3319,investigating,6,2.0616714657796897e-05
3320,ia,6,2.0616714657796897e-05
3321,syed,6,2.0616714657796897e-05
3322,sine,6,2.0616714657796897e-05
3323,numbere,6,2.0616714657796897e-05
3324,companyplied,6,2.0616714657796897e-05
3325,knumbern,6,2.0616714657796897e-05
3326,numberreason,6,2.0616714657796897e-05
3327,companysequences,6,2.0616714657796897e-05
3328,companytroversy,6,2.0616714657796897e-05
3329,saket,6,2.0616714657796897e-05
3330,search,6,2.0616714657796897e-05
3331,bottles,6,2.0616714657796897e-05
3332,pharmaceuticals,6,2.0616714657796897e-05
3333,invoices,6,2.0616714657796897e-05
3334,wing,6,2.0616714657796897e-05
3335,furnaces,6,2.0616714657796897e-05
3336,supersession,6,2.0616714657796897e-05
3337,teacher,6,2.0616714657796897e-05
3338,summer,6,2.0616714657796897e-05
3339,harassed,6,2.0616714657796897e-05
3340,accusations,6,2.0616714657796897e-05
3341,lakh,6,2.0616714657796897e-05
3342,copyright,6,2.0616714657796897e-05
3343,gorakhpur,6,2.0616714657796897e-05
3344,rcr,6,2.0616714657796897e-05
3345,roshan,6,2.0616714657796897e-05
3346,polythene,6,2.0616714657796897e-05
3347,prospective,5,1.7180595548164083e-05
3348,tender,5,1.7180595548164083e-05
3349,tions,5,1.7180595548164083e-05
3350,peals,5,1.7180595548164083e-05
3351,respectful,5,1.7180595548164083e-05
3352,sion,5,1.7180595548164083e-05
3353,insti,5,1.7180595548164083e-05
3354,tuted,5,1.7180595548164083e-05
3355,incompetent,5,1.7180595548164083e-05
3356,secondly,5,1.7180595548164083e-05
3357,approaching,5,1.7180595548164083e-05
3358,batai,5,1.7180595548164083e-05
3359,crop,5,1.7180595548164083e-05
3360,safely,5,1.7180595548164083e-05
3361,appel,5,1.7180595548164083e-05
3362,probable,5,1.7180595548164083e-05
3363,influenced,5,1.7180595548164083e-05
3364,importing,5,1.7180595548164083e-05
3365,pillai,5,1.7180595548164083e-05
3366,tramway,5,1.7180595548164083e-05
3367,efflux,5,1.7180595548164083e-05
3368,contested,5,1.7180595548164083e-05
3369,injury,5,1.7180595548164083e-05
3370,accepts,5,1.7180595548164083e-05
3371,assents,5,1.7180595548164083e-05
3372,instructed,5,1.7180595548164083e-05
3373,hereinbefore,5,1.7180595548164083e-05
3374,yearly,5,1.7180595548164083e-05
3375,attach,5,1.7180595548164083e-05
3376,foundation,5,1.7180595548164083e-05
3377,intimation,5,1.7180595548164083e-05
3378,decreeholder,5,1.7180595548164083e-05
3379,consequential,5,1.7180595548164083e-05
3380,reconveyance,5,1.7180595548164083e-05
3381,defences,5,1.7180595548164083e-05
3382,dis,5,1.7180595548164083e-05
3383,endorsement,5,1.7180595548164083e-05
3384,undesirable,5,1.7180595548164083e-05
3385,destruction,5,1.7180595548164083e-05
3386,protracted,5,1.7180595548164083e-05
3387,lender,5,1.7180595548164083e-05
3388,considers,5,1.7180595548164083e-05
3389,revise,5,1.7180595548164083e-05
3390,affects,5,1.7180595548164083e-05
3391,chandra,5,1.7180595548164083e-05
3392,roy,5,1.7180595548164083e-05
3393,occurring,5,1.7180595548164083e-05
3394,sue,5,1.7180595548164083e-05
3395,ery,5,1.7180595548164083e-05
3396,sec,5,1.7180595548164083e-05
3397,mort,5,1.7180595548164083e-05
3398,gage,5,1.7180595548164083e-05
3399,mortga,5,1.7180595548164083e-05
3400,gee,5,1.7180595548164083e-05
3401,assignments,5,1.7180595548164083e-05
3402,lend,5,1.7180595548164083e-05
3403,represents,5,1.7180595548164083e-05
3404,stress,5,1.7180595548164083e-05
3405,orderthe,5,1.7180595548164083e-05
3406,searsole,5,1.7180595548164083e-05
3407,repayment,5,1.7180595548164083e-05
3408,sort,5,1.7180595548164083e-05
3409,kumars,5,1.7180595548164083e-05
3410,correctly,5,1.7180595548164083e-05
3411,fallacious,5,1.7180595548164083e-05
3412,happens,5,1.7180595548164083e-05
3413,felt,5,1.7180595548164083e-05
3414,substances,5,1.7180595548164083e-05
3415,regulating,5,1.7180595548164083e-05
3416,twenty,5,1.7180595548164083e-05
3417,ameliorating,5,1.7180595548164083e-05
3418,haberdashery,5,1.7180595548164083e-05
3419,customer,5,1.7180595548164083e-05
3420,apposite,5,1.7180595548164083e-05
3421,produces,5,1.7180595548164083e-05
3422,desoutter,5,1.7180595548164083e-05
3423,someone,5,1.7180595548164083e-05
3424,derives,5,1.7180595548164083e-05
3425,lets,5,1.7180595548164083e-05
3426,somebody,5,1.7180595548164083e-05
3427,technical,5,1.7180595548164083e-05
3428,partitioned,5,1.7180595548164083e-05
3429,finance,5,1.7180595548164083e-05
3430,expediency,5,1.7180595548164083e-05
3431,disturb,5,1.7180595548164083e-05
3432,benefitted,5,1.7180595548164083e-05
3433,pru,5,1.7180595548164083e-05
3434,dent,5,1.7180595548164083e-05
3435,disturbed,5,1.7180595548164083e-05
3436,designed,5,1.7180595548164083e-05
3437,executors,5,1.7180595548164083e-05
3438,bonds,5,1.7180595548164083e-05
3439,nominees,5,1.7180595548164083e-05
3440,annum,5,1.7180595548164083e-05
3441,purchasing,5,1.7180595548164083e-05
3442,communications,5,1.7180595548164083e-05
3443,prejudicial,5,1.7180595548164083e-05
3444,merger,5,1.7180595548164083e-05
3445,contact,5,1.7180595548164083e-05
3446,illusory,5,1.7180595548164083e-05
3447,inadequate,5,1.7180595548164083e-05
3448,repelled,5,1.7180595548164083e-05
3449,zamindar,5,1.7180595548164083e-05
3450,zamindari,5,1.7180595548164083e-05
3451,reform,5,1.7180595548164083e-05
3452,appended,5,1.7180595548164083e-05
3453,entirety,5,1.7180595548164083e-05
3454,intermediary,5,1.7180595548164083e-05
3455,authentic,5,1.7180595548164083e-05
3456,preamble,5,1.7180595548164083e-05
3457,swami,5,1.7180595548164083e-05
3458,holdings,5,1.7180595548164083e-05
3459,minerals,5,1.7180595548164083e-05
3460,range,5,1.7180595548164083e-05
3461,eight,5,1.7180595548164083e-05
3462,tenures,5,1.7180595548164083e-05
3463,origin,5,1.7180595548164083e-05
3464,confirmation,5,1.7180595548164083e-05
3465,merged,5,1.7180595548164083e-05
3466,zamindars,5,1.7180595548164083e-05
3467,comprising,5,1.7180595548164083e-05
3468,generality,5,1.7180595548164083e-05
3469,encumbrances,5,1.7180595548164083e-05
3470,viii,5,1.7180595548164083e-05
3471,irregularity,5,1.7180595548164083e-05
3472,active,5,1.7180595548164083e-05
3473,unreasonable,5,1.7180595548164083e-05
3474,holiday,5,1.7180595548164083e-05
3475,xiv,5,1.7180595548164083e-05
3476,operatives,5,1.7180595548164083e-05
3477,break,5,1.7180595548164083e-05
3478,severe,5,1.7180595548164083e-05
3479,awarding,5,1.7180595548164083e-05
3480,varied,5,1.7180595548164083e-05
3481,hope,5,1.7180595548164083e-05
3482,insist,5,1.7180595548164083e-05
3483,eldest,5,1.7180595548164083e-05
3484,facto,5,1.7180595548164083e-05
3485,partible,5,1.7180595548164083e-05
3486,krishnabai,5,1.7180595548164083e-05
3487,fullest,5,1.7180595548164083e-05
3488,descendants,5,1.7180595548164083e-05
3489,potgi,5,1.7180595548164083e-05
3490,younger,5,1.7180595548164083e-05
3491,suitable,5,1.7180595548164083e-05
3492,mohan,5,1.7180595548164083e-05
3493,appearance,5,1.7180595548164083e-05
3494,culminated,5,1.7180595548164083e-05
3495,uphold,5,1.7180595548164083e-05
3496,mencement,5,1.7180595548164083e-05
3497,demanding,5,1.7180595548164083e-05
3498,defeat,5,1.7180595548164083e-05
3499,dismissing,5,1.7180595548164083e-05
3500,hedged,5,1.7180595548164083e-05
3501,secure,5,1.7180595548164083e-05
3502,throughout,5,1.7180595548164083e-05
3503,often,5,1.7180595548164083e-05
3504,prohibits,5,1.7180595548164083e-05
3505,buying,5,1.7180595548164083e-05
3506,traders,5,1.7180595548164083e-05
3507,involve,5,1.7180595548164083e-05
3508,insisting,5,1.7180595548164083e-05
3509,attempt,5,1.7180595548164083e-05
3510,formulated,5,1.7180595548164083e-05
3511,replaced,5,1.7180595548164083e-05
3512,practically,5,1.7180595548164083e-05
3513,subjected,5,1.7180595548164083e-05
3514,issuing,5,1.7180595548164083e-05
3515,partnership,5,1.7180595548164083e-05
3516,customers,5,1.7180595548164083e-05
3517,bulk,5,1.7180595548164083e-05
3518,elsewhere,5,1.7180595548164083e-05
3519,construing,5,1.7180595548164083e-05
3520,buys,5,1.7180595548164083e-05
3521,sells,5,1.7180595548164083e-05
3522,oil,5,1.7180595548164083e-05
3523,consisting,5,1.7180595548164083e-05
3524,sometime,5,1.7180595548164083e-05
3525,deducting,5,1.7180595548164083e-05
3526,imposes,5,1.7180595548164083e-05
3527,commencing,5,1.7180595548164083e-05
3528,pies,5,1.7180595548164083e-05
3529,travancore,5,1.7180595548164083e-05
3530,cochin,5,1.7180595548164083e-05
3531,debit,5,1.7180595548164083e-05
3532,picture,5,1.7180595548164083e-05
3533,entering,5,1.7180595548164083e-05
3534,keeps,5,1.7180595548164083e-05
3535,feast,5,1.7180595548164083e-05
3536,crediting,5,1.7180595548164083e-05
3537,stocks,5,1.7180595548164083e-05
3538,trusts,5,1.7180595548164083e-05
3539,faith,5,1.7180595548164083e-05
3540,kolah,5,1.7180595548164083e-05
3541,begins,5,1.7180595548164083e-05
3542,invoked,5,1.7180595548164083e-05
3543,structure,5,1.7180595548164083e-05
3544,related,5,1.7180595548164083e-05
3545,waiting,5,1.7180595548164083e-05
3546,disqualified,5,1.7180595548164083e-05
3547,identify,5,1.7180595548164083e-05
3548,manual,5,1.7180595548164083e-05
3549,hit,5,1.7180595548164083e-05
3550,elector,5,1.7180595548164083e-05
3551,start,5,1.7180595548164083e-05
3552,seals,5,1.7180595548164083e-05
3553,likelihood,5,1.7180595548164083e-05
3554,forum,5,1.7180595548164083e-05
3555,designated,5,1.7180595548164083e-05
3556,disclosed,5,1.7180595548164083e-05
3557,ourselves,5,1.7180595548164083e-05
3558,guilt,5,1.7180595548164083e-05
3559,govindan,5,1.7180595548164083e-05
3560,damodaran,5,1.7180595548164083e-05
3561,inherited,5,1.7180595548164083e-05
3562,affirming,5,1.7180595548164083e-05
3563,haripadas,5,1.7180595548164083e-05
3564,sarat,5,1.7180595548164083e-05
3565,releasing,5,1.7180595548164083e-05
3566,developed,5,1.7180595548164083e-05
3567,extravagant,5,1.7180595548164083e-05
3568,borrowing,5,1.7180595548164083e-05
3569,meantime,5,1.7180595548164083e-05
3570,dictated,5,1.7180595548164083e-05
3571,incur,5,1.7180595548164083e-05
3572,trivial,5,1.7180595548164083e-05
3573,mis,5,1.7180595548164083e-05
3574,constructing,5,1.7180595548164083e-05
3575,potior,5,1.7180595548164083e-05
3576,est,5,1.7180595548164083e-05
3577,ryoti,5,1.7180595548164083e-05
3578,relatives,5,1.7180595548164083e-05
3579,breach,5,1.7180595548164083e-05
3580,waived,5,1.7180595548164083e-05
3581,converted,5,1.7180595548164083e-05
3582,revised,5,1.7180595548164083e-05
3583,publications,5,1.7180595548164083e-05
3584,requesting,5,1.7180595548164083e-05
3585,hyderabad,5,1.7180595548164083e-05
3586,drew,5,1.7180595548164083e-05
3587,denotes,5,1.7180595548164083e-05
3588,credits,5,1.7180595548164083e-05
3589,address,5,1.7180595548164083e-05
3590,specifying,5,1.7180595548164083e-05
3591,conceivable,5,1.7180595548164083e-05
3592,distributing,5,1.7180595548164083e-05
3593,expansion,5,1.7180595548164083e-05
3594,bridge,5,1.7180595548164083e-05
3595,approach,5,1.7180595548164083e-05
3596,engineering,5,1.7180595548164083e-05
3597,upto,5,1.7180595548164083e-05
3598,tuljaram,5,1.7180595548164083e-05
3599,deep,5,1.7180595548164083e-05
3600,fate,5,1.7180595548164083e-05
3601,burning,5,1.7180595548164083e-05
3602,invalid,5,1.7180595548164083e-05
3603,constable,5,1.7180595548164083e-05
3604,vague,5,1.7180595548164083e-05
3605,observance,5,1.7180595548164083e-05
3606,tanned,5,1.7180595548164083e-05
3607,accepting,5,1.7180595548164083e-05
3608,buch,5,1.7180595548164083e-05
3609,abru,5,1.7180595548164083e-05
3610,resolved,5,1.7180595548164083e-05
3611,formation,5,1.7180595548164083e-05
3612,permanently,5,1.7180595548164083e-05
3613,afresh,5,1.7180595548164083e-05
3614,normally,5,1.7180595548164083e-05
3615,enables,5,1.7180595548164083e-05
3616,conclude,5,1.7180595548164083e-05
3617,clerks,5,1.7180595548164083e-05
3618,offered,5,1.7180595548164083e-05
3619,apprehended,5,1.7180595548164083e-05
3620,certificates,5,1.7180595548164083e-05
3621,rr,5,1.7180595548164083e-05
3622,suspecting,5,1.7180595548164083e-05
3623,suppression,5,1.7180595548164083e-05
3624,unnecessarily,5,1.7180595548164083e-05
3625,guiding,5,1.7180595548164083e-05
3626,summon,5,1.7180595548164083e-05
3627,deems,5,1.7180595548164083e-05
3628,lien,5,1.7180595548164083e-05
3629,samvat,5,1.7180595548164083e-05
3630,lending,5,1.7180595548164083e-05
3631,reward,5,1.7180595548164083e-05
3632,overseas,5,1.7180595548164083e-05
3633,draw,5,1.7180595548164083e-05
3634,united,5,1.7180595548164083e-05
3635,kingdom,5,1.7180595548164083e-05
3636,appointments,5,1.7180595548164083e-05
3637,appendix,5,1.7180595548164083e-05
3638,divert,5,1.7180595548164083e-05
3639,adversely,5,1.7180595548164083e-05
3640,dulari,5,1.7180595548164083e-05
3641,author,5,1.7180595548164083e-05
3642,mitakshara,5,1.7180595548164083e-05
3643,appreciating,5,1.7180595548164083e-05
3644,brokers,5,1.7180595548164083e-05
3645,agitate,5,1.7180595548164083e-05
3646,cold,5,1.7180595548164083e-05
3647,dishes,5,1.7180595548164083e-05
3648,broad,5,1.7180595548164083e-05
3649,irrelevant,5,1.7180595548164083e-05
3650,intercepted,5,1.7180595548164083e-05
3651,anwar,5,1.7180595548164083e-05
3652,rambhau,5,1.7180595548164083e-05
3653,totally,5,1.7180595548164083e-05
3654,departure,5,1.7180595548164083e-05
3655,municipalities,5,1.7180595548164083e-05
3656,implicate,5,1.7180595548164083e-05
3657,investigate,5,1.7180595548164083e-05
3658,marketed,5,1.7180595548164083e-05
3659,handwriting,5,1.7180595548164083e-05
3660,presidency,5,1.7180595548164083e-05
3661,towns,5,1.7180595548164083e-05
3662,bankruptcy,5,1.7180595548164083e-05
3663,kkk,5,1.7180595548164083e-05
3664,malafides,5,1.7180595548164083e-05
3665,shortage,5,1.7180595548164083e-05
3666,tons,5,1.7180595548164083e-05
3667,promised,5,1.7180595548164083e-05
3668,straps,5,1.7180595548164083e-05
3669,simpliciter,5,1.7180595548164083e-05
3670,reluctant,5,1.7180595548164083e-05
3671,rajasthan,5,1.7180595548164083e-05
3672,undergo,5,1.7180595548164083e-05
3673,wearing,5,1.7180595548164083e-05
3674,suresh,5,1.7180595548164083e-05
3675,physically,5,1.7180595548164083e-05
3676,actively,5,1.7180595548164083e-05
3677,quality,5,1.7180595548164083e-05
3678,trilokchand,5,1.7180595548164083e-05
3679,deserve,5,1.7180595548164083e-05
3680,suppressed,5,1.7180595548164083e-05
3681,outcome,5,1.7180595548164083e-05
3682,annexure,5,1.7180595548164083e-05
3683,chairman,5,1.7180595548164083e-05
3684,consonance,5,1.7180595548164083e-05
3685,enquiring,5,1.7180595548164083e-05
3686,mingling,5,1.7180595548164083e-05
3687,college,5,1.7180595548164083e-05
3688,suffering,5,1.7180595548164083e-05
3689,group,5,1.7180595548164083e-05
3690,que,5,1.7180595548164083e-05
3691,verify,5,1.7180595548164083e-05
3692,numberapplication,5,1.7180595548164083e-05
3693,companycluded,5,1.7180595548164083e-05
3694,companyy,5,1.7180595548164083e-05
3695,companypensation,5,1.7180595548164083e-05
3696,companymercial,5,1.7180595548164083e-05
3697,companypanys,5,1.7180595548164083e-05
3698,companytinue,5,1.7180595548164083e-05
3699,numberpower,5,1.7180595548164083e-05
3700,companylector,5,1.7180595548164083e-05
3701,companyncil,5,1.7180595548164083e-05
3702,companymittee,5,1.7180595548164083e-05
3703,companytemplated,5,1.7180595548164083e-05
3704,numbersuch,5,1.7180595548164083e-05
3705,companyciliation,5,1.7180595548164083e-05
3706,turnumberer,5,1.7180595548164083e-05
3707,covid,5,1.7180595548164083e-05
3708,reimbursement,5,1.7180595548164083e-05
3709,perused,5,1.7180595548164083e-05
3710,syrup,5,1.7180595548164083e-05
3711,psychotropic,5,1.7180595548164083e-05
3712,reveals,5,1.7180595548164083e-05
3713,installation,5,1.7180595548164083e-05
3714,contacted,5,1.7180595548164083e-05
3715,ashok,5,1.7180595548164083e-05
3716,sisters,5,1.7180595548164083e-05
3717,narrated,5,1.7180595548164083e-05
3718,woman,5,1.7180595548164083e-05
3719,apex,5,1.7180595548164083e-05
3720,sexual,5,1.7180595548164083e-05
3721,obscene,5,1.7180595548164083e-05
3722,trademarks,5,1.7180595548164083e-05
3723,rajni,5,1.7180595548164083e-05
3724,ludhiana,5,1.7180595548164083e-05
3725,army,5,1.7180595548164083e-05
3726,katta,5,1.7180595548164083e-05
3727,anaaya,5,1.7180595548164083e-05
3728,vacations,5,1.7180595548164083e-05
3729,concur,4,1.3744476438531266e-05
3730,ferred,4,1.3744476438531266e-05
3731,stat,4,1.3744476438531266e-05
3732,deci,4,1.3744476438531266e-05
3733,tenders,4,1.3744476438531266e-05
3734,miscellaneous,4,1.3744476438531266e-05
3735,accommodation,4,1.3744476438531266e-05
3736,reverse,4,1.3744476438531266e-05
3737,justifiable,4,1.3744476438531266e-05
3738,derive,4,1.3744476438531266e-05
3739,conceal,4,1.3744476438531266e-05
3740,mob,4,1.3744476438531266e-05
3741,armed,4,1.3744476438531266e-05
3742,task,4,1.3744476438531266e-05
3743,heavy,4,1.3744476438531266e-05
3744,disbelieved,4,1.3744476438531266e-05
3745,restrain,4,1.3744476438531266e-05
3746,asking,4,1.3744476438531266e-05
3747,failing,4,1.3744476438531266e-05
3748,assigning,4,1.3744476438531266e-05
3749,restore,4,1.3744476438531266e-05
3750,wear,4,1.3744476438531266e-05
3751,tear,4,1.3744476438531266e-05
3752,damage,4,1.3744476438531266e-05
3753,khas,4,1.3744476438531266e-05
3754,expired,4,1.3744476438531266e-05
3755,cashed,4,1.3744476438531266e-05
3756,grace,4,1.3744476438531266e-05
3757,correspondence,4,1.3744476438531266e-05
3758,renewing,4,1.3744476438531266e-05
3759,tram,4,1.3744476438531266e-05
3760,presents,4,1.3744476438531266e-05
3761,appealthe,4,1.3744476438531266e-05
3762,certification,4,1.3744476438531266e-05
3763,nobody,4,1.3744476438531266e-05
3764,illustrated,4,1.3744476438531266e-05
3765,encumbered,4,1.3744476438531266e-05
3766,water,4,1.3744476438531266e-05
3767,subsist,4,1.3744476438531266e-05
3768,ceedings,4,1.3744476438531266e-05
3769,congestion,4,1.3744476438531266e-05
3770,detriment,4,1.3744476438531266e-05
3771,preserve,4,1.3744476438531266e-05
3772,adding,4,1.3744476438531266e-05
3773,deem,4,1.3744476438531266e-05
3774,borrowers,4,1.3744476438531266e-05
3775,approved,4,1.3744476438531266e-05
3776,repugnant,4,1.3744476438531266e-05
3777,deity,4,1.3744476438531266e-05
3778,adjustment,4,1.3744476438531266e-05
3779,actions,4,1.3744476438531266e-05
3780,exemptions,4,1.3744476438531266e-05
3781,exempts,4,1.3744476438531266e-05
3782,recalled,4,1.3744476438531266e-05
3783,charan,4,1.3744476438531266e-05
3784,requests,4,1.3744476438531266e-05
3785,ments,4,1.3744476438531266e-05
3786,appli,4,1.3744476438531266e-05
3787,cation,4,1.3744476438531266e-05
3788,commodity,4,1.3744476438531266e-05
3789,sunday,4,1.3744476438531266e-05
3790,friday,4,1.3744476438531266e-05
3791,festivals,4,1.3744476438531266e-05
3792,obliged,4,1.3744476438531266e-05
3793,tin,4,1.3744476438531266e-05
3794,inappropriate,4,1.3744476438531266e-05
3795,rated,4,1.3744476438531266e-05
3796,user,4,1.3744476438531266e-05
3797,door,4,1.3744476438531266e-05
3798,joshi,4,1.3744476438531266e-05
3799,contending,4,1.3744476438531266e-05
3800,round,4,1.3744476438531266e-05
3801,yielded,4,1.3744476438531266e-05
3802,emerging,4,1.3744476438531266e-05
3803,sand,4,1.3744476438531266e-05
3804,incomethe,4,1.3744476438531266e-05
3805,qualification,4,1.3744476438531266e-05
3806,popular,4,1.3744476438531266e-05
3807,dwindled,4,1.3744476438531266e-05
3808,outgoing,4,1.3744476438531266e-05
3809,invest,4,1.3744476438531266e-05
3810,overdraft,4,1.3744476438531266e-05
3811,weighed,4,1.3744476438531266e-05
3812,objects,4,1.3744476438531266e-05
3813,cables,4,1.3744476438531266e-05
3814,ny,4,1.3744476438531266e-05
3815,allowable,4,1.3744476438531266e-05
3816,administrator,4,1.3744476438531266e-05
3817,deduct,4,1.3744476438531266e-05
3818,repaid,4,1.3744476438531266e-05
3819,expended,4,1.3744476438531266e-05
3820,transac,4,1.3744476438531266e-05
3821,farmer,4,1.3744476438531266e-05
3822,mutual,4,1.3744476438531266e-05
3823,basing,4,1.3744476438531266e-05
3824,resort,4,1.3744476438531266e-05
3825,render,4,1.3744476438531266e-05
3826,amritsar,4,1.3744476438531266e-05
3827,makhan,4,1.3744476438531266e-05
3828,jail,4,1.3744476438531266e-05
3829,discipline,4,1.3744476438531266e-05
3830,prohibit,4,1.3744476438531266e-05
3831,presidents,4,1.3744476438531266e-05
3832,attracts,4,1.3744476438531266e-05
3833,estateand,4,1.3744476438531266e-05
3834,compulsory,4,1.3744476438531266e-05
3835,confer,4,1.3744476438531266e-05
3836,quantum,4,1.3744476438531266e-05
3837,began,4,1.3744476438531266e-05
3838,converting,4,1.3744476438531266e-05
3839,dictum,4,1.3744476438531266e-05
3840,holmes,4,1.3744476438531266e-05
3841,mines,4,1.3744476438531266e-05
3842,zero,4,1.3744476438531266e-05
3843,siwai,4,1.3744476438531266e-05
3844,forests,4,1.3744476438531266e-05
3845,inflated,4,1.3744476438531266e-05
3846,fifteen,4,1.3744476438531266e-05
3847,consists,4,1.3744476438531266e-05
3848,bindra,4,1.3744476438531266e-05
3849,constructed,4,1.3744476438531266e-05
3850,assurance,4,1.3744476438531266e-05
3851,lose,4,1.3744476438531266e-05
3852,comprised,4,1.3744476438531266e-05
3853,technically,4,1.3744476438531266e-05
3854,ad,4,1.3744476438531266e-05
3855,bears,4,1.3744476438531266e-05
3856,negotiable,4,1.3744476438531266e-05
3857,varying,4,1.3744476438531266e-05
3858,assessing,4,1.3744476438531266e-05
3859,incomes,4,1.3744476438531266e-05
3860,countries,4,1.3744476438531266e-05
3861,eleven,4,1.3744476438531266e-05
3862,fishes,4,1.3744476438531266e-05
3863,reservation,4,1.3744476438531266e-05
3864,trend,4,1.3744476438531266e-05
3865,suffice,4,1.3744476438531266e-05
3866,foot,4,1.3744476438531266e-05
3867,authentication,4,1.3744476438531266e-05
3868,happening,4,1.3744476438531266e-05
3869,curious,4,1.3744476438531266e-05
3870,allege,4,1.3744476438531266e-05
3871,anybody,4,1.3744476438531266e-05
3872,utility,4,1.3744476438531266e-05
3873,periods,4,1.3744476438531266e-05
3874,understanding,4,1.3744476438531266e-05
3875,strenuously,4,1.3744476438531266e-05
3876,paragraphs,4,1.3744476438531266e-05
3877,success,4,1.3744476438531266e-05
3878,agreeing,4,1.3744476438531266e-05
3879,embodying,4,1.3744476438531266e-05
3880,primogeniture,4,1.3744476438531266e-05
3881,summary,4,1.3744476438531266e-05
3882,alienable,4,1.3744476438531266e-05
3883,challenges,4,1.3744476438531266e-05
3884,plainly,4,1.3744476438531266e-05
3885,conquest,4,1.3744476438531266e-05
3886,wit,4,1.3744476438531266e-05
3887,consulted,4,1.3744476438531266e-05
3888,genealogical,4,1.3744476438531266e-05
3889,tree,4,1.3744476438531266e-05
3890,declarations,4,1.3744476438531266e-05
3891,agrees,4,1.3744476438531266e-05
3892,occasions,4,1.3744476438531266e-05
3893,junior,4,1.3744476438531266e-05
3894,intendment,4,1.3744476438531266e-05
3895,lyer,4,1.3744476438531266e-05
3896,touches,4,1.3744476438531266e-05
3897,singha,4,1.3744476438531266e-05
3898,janardan,4,1.3744476438531266e-05
3899,bin,4,1.3744476438531266e-05
3900,altogether,4,1.3744476438531266e-05
3901,inhered,4,1.3744476438531266e-05
3902,intermediate,4,1.3744476438531266e-05
3903,rahim,4,1.3744476438531266e-05
3904,vinayak,4,1.3744476438531266e-05
3905,apte,4,1.3744476438531266e-05
3906,dissented,4,1.3744476438531266e-05
3907,unauthorised,4,1.3744476438531266e-05
3908,seervai,4,1.3744476438531266e-05
3909,american,4,1.3744476438531266e-05
3910,ones,4,1.3744476438531266e-05
3911,obviated,4,1.3744476438531266e-05
3912,canons,4,1.3744476438531266e-05
3913,attributes,4,1.3744476438531266e-05
3914,wider,4,1.3744476438531266e-05
3915,trader,4,1.3744476438531266e-05
3916,descent,4,1.3744476438531266e-05
3917,concept,4,1.3744476438531266e-05
3918,xiii,4,1.3744476438531266e-05
3919,infringe,4,1.3744476438531266e-05
3920,strongly,4,1.3744476438531266e-05
3921,border,4,1.3744476438531266e-05
3922,xxiv,4,1.3744476438531266e-05
3923,forbear,4,1.3744476438531266e-05
3924,facilities,4,1.3744476438531266e-05
3925,define,4,1.3744476438531266e-05
3926,lifting,4,1.3744476438531266e-05
3927,prefer,4,1.3744476438531266e-05
3928,count,4,1.3744476438531266e-05
3929,cheaper,4,1.3744476438531266e-05
3930,delay,4,1.3744476438531266e-05
3931,inoperative,4,1.3744476438531266e-05
3932,competitive,4,1.3744476438531266e-05
3933,validate,4,1.3744476438531266e-05
3934,levy,4,1.3744476438531266e-05
3935,cognate,4,1.3744476438531266e-05
3936,valuable,4,1.3744476438531266e-05
3937,fees,4,1.3744476438531266e-05
3938,transcations,4,1.3744476438531266e-05
3939,tis,4,1.3744476438531266e-05
3940,kitchen,4,1.3744476438531266e-05
3941,pushed,4,1.3744476438531266e-05
3942,enters,4,1.3744476438531266e-05
3943,treating,4,1.3744476438531266e-05
3944,closing,4,1.3744476438531266e-05
3945,affirmative,4,1.3744476438531266e-05
3946,crux,4,1.3744476438531266e-05
3947,ch,4,1.3744476438531266e-05
3948,worse,4,1.3744476438531266e-05
3949,changes,4,1.3744476438531266e-05
3950,irresistible,4,1.3744476438531266e-05
3951,xxii,4,1.3744476438531266e-05
3952,brings,4,1.3744476438531266e-05
3953,clarify,4,1.3744476438531266e-05
3954,tendency,4,1.3744476438531266e-05
3955,exercises,4,1.3744476438531266e-05
3956,controverted,4,1.3744476438531266e-05
3957,nonpayment,4,1.3744476438531266e-05
3958,attended,4,1.3744476438531266e-05
3959,constituency,4,1.3744476438531266e-05
3960,medicines,4,1.3744476438531266e-05
3961,argues,4,1.3744476438531266e-05
3962,unused,4,1.3744476438531266e-05
3963,tendered,4,1.3744476438531266e-05
3964,packages,4,1.3744476438531266e-05
3965,performed,4,1.3744476438531266e-05
3966,inherently,4,1.3744476438531266e-05
3967,relies,4,1.3744476438531266e-05
3968,prosecutions,4,1.3744476438531266e-05
3969,eventuality,4,1.3744476438531266e-05
3970,embarrassment,4,1.3744476438531266e-05
3971,wait,4,1.3744476438531266e-05
3972,absolved,4,1.3744476438531266e-05
3973,circumscribed,4,1.3744476438531266e-05
3974,score,4,1.3744476438531266e-05
3975,perjury,4,1.3744476438531266e-05
3976,limine,4,1.3744476438531266e-05
3977,xxxiv,4,1.3744476438531266e-05
3978,presided,4,1.3744476438531266e-05
3979,contest,4,1.3744476438531266e-05
3980,procedural,4,1.3744476438531266e-05
3981,successful,4,1.3744476438531266e-05
3982,jagan,4,1.3744476438531266e-05
3983,nomination,4,1.3744476438531266e-05
3984,candidature,4,1.3744476438531266e-05
3985,oppose,4,1.3744476438531266e-05
3986,accuracy,4,1.3744476438531266e-05
3987,womans,4,1.3744476438531266e-05
3988,receivers,4,1.3744476438531266e-05
3989,dasi,4,1.3744476438531266e-05
3990,reimburse,4,1.3744476438531266e-05
3991,probate,4,1.3744476438531266e-05
3992,recites,4,1.3744476438531266e-05
3993,sufficiency,4,1.3744476438531266e-05
3994,hypothecated,4,1.3744476438531266e-05
3995,gounden,4,1.3744476438531266e-05
3996,venial,4,1.3744476438531266e-05
3997,recanted,4,1.3744476438531266e-05
3998,locus,4,1.3744476438531266e-05
3999,poenitentiae,4,1.3744476438531266e-05
4000,possessed,4,1.3744476438531266e-05
4001,delicto,4,1.3744476438531266e-05
4002,perpetrate,4,1.3744476438531266e-05
4003,oritur,4,1.3744476438531266e-05
4004,actio,4,1.3744476438531266e-05
4005,conditio,4,1.3744476438531266e-05
4006,recently,4,1.3744476438531266e-05
4007,benamidar,4,1.3744476438531266e-05
4008,tune,4,1.3744476438531266e-05
4009,rival,4,1.3744476438531266e-05
4010,zirat,4,1.3744476438531266e-05
4011,bakasht,4,1.3744476438531266e-05
4012,mans,4,1.3744476438531266e-05
4013,possess,4,1.3744476438531266e-05
4014,detaining,4,1.3744476438531266e-05
4015,abandonment,4,1.3744476438531266e-05
4016,instigation,4,1.3744476438531266e-05
4017,kikabhai,4,1.3744476438531266e-05
4018,premchand,4,1.3744476438531266e-05
4019,subscribed,4,1.3744476438531266e-05
4020,bills,4,1.3744476438531266e-05
4021,posting,4,1.3744476438531266e-05
4022,conditional,4,1.3744476438531266e-05
4023,verbally,4,1.3744476438531266e-05
4024,issuance,4,1.3744476438531266e-05
4025,grossing,4,1.3744476438531266e-05
4026,glance,4,1.3744476438531266e-05
4027,interchangeably,4,1.3744476438531266e-05
4028,stockholder,4,1.3744476438531266e-05
4029,theory,4,1.3744476438531266e-05
4030,rebate,4,1.3744476438531266e-05
4031,justices,4,1.3744476438531266e-05
4032,lesser,4,1.3744476438531266e-05
4033,provident,4,1.3744476438531266e-05
4034,gratuity,4,1.3744476438531266e-05
4035,sharing,4,1.3744476438531266e-05
4036,adducing,4,1.3744476438531266e-05
4037,adjudicating,4,1.3744476438531266e-05
4038,hereinabove,4,1.3744476438531266e-05
4039,maybe,4,1.3744476438531266e-05
4040,evolved,4,1.3744476438531266e-05
4041,depreciations,4,1.3744476438531266e-05
4042,patents,4,1.3744476438531266e-05
4043,repeatedly,4,1.3744476438531266e-05
4044,surat,4,1.3744476438531266e-05
4045,meenakshi,4,1.3744476438531266e-05
4046,para,4,1.3744476438531266e-05
4047,admissible,4,1.3744476438531266e-05
4048,pakistan,4,1.3744476438531266e-05
4049,binds,4,1.3744476438531266e-05
4050,lalchand,4,1.3744476438531266e-05
4051,nand,4,1.3744476438531266e-05
4052,shiddappas,4,1.3744476438531266e-05
4053,agriculturists,4,1.3744476438531266e-05
4054,conveying,4,1.3744476438531266e-05
4055,contractual,4,1.3744476438531266e-05
4056,glut,4,1.3744476438531266e-05
4057,conscious,4,1.3744476438531266e-05
4058,declaratory,4,1.3744476438531266e-05
4059,dot,4,1.3744476438531266e-05
4060,censor,4,1.3744476438531266e-05
4061,foregoing,4,1.3744476438531266e-05
4062,ruling,4,1.3744476438531266e-05
4063,sahib,4,1.3744476438531266e-05
4064,discussion,4,1.3744476438531266e-05
4065,insisted,4,1.3744476438531266e-05
4066,fortified,4,1.3744476438531266e-05
4067,specify,4,1.3744476438531266e-05
4068,ll,4,1.3744476438531266e-05
4069,necessitate,4,1.3744476438531266e-05
4070,estopped,4,1.3744476438531266e-05
4071,enabling,4,1.3744476438531266e-05
4072,results,4,1.3744476438531266e-05
4073,percent,4,1.3744476438531266e-05
4074,countermanding,4,1.3744476438531266e-05
4075,transmit,4,1.3744476438531266e-05
4076,vexation,4,1.3744476438531266e-05
4077,suspicion,4,1.3744476438531266e-05
4078,minute,4,1.3744476438531266e-05
4079,boards,4,1.3744476438531266e-05
4080,inquisitorial,4,1.3744476438531266e-05
4081,extracts,4,1.3744476438531266e-05
4082,availed,4,1.3744476438531266e-05
4083,percentage,4,1.3744476438531266e-05
4084,abundantly,4,1.3744476438531266e-05
4085,favorable,4,1.3744476438531266e-05
4086,posts,4,1.3744476438531266e-05
4087,commanding,4,1.3744476438531266e-05
4088,journey,4,1.3744476438531266e-05
4089,disbursement,4,1.3744476438531266e-05
4090,lapse,4,1.3744476438531266e-05
4091,fitness,4,1.3744476438531266e-05
4092,dominions,4,1.3744476438531266e-05
4093,channel,4,1.3744476438531266e-05
4094,khuman,4,1.3744476438531266e-05
4095,ranies,4,1.3744476438531266e-05
4096,partaker,4,1.3744476438531266e-05
4097,speculate,4,1.3744476438531266e-05
4098,demise,4,1.3744476438531266e-05
4099,survivorship,4,1.3744476438531266e-05
4100,wedlock,4,1.3744476438531266e-05
4101,sit,4,1.3744476438531266e-05
4102,bhawanji,4,1.3744476438531266e-05
4103,lakhmichand,4,1.3744476438531266e-05
4104,omissions,4,1.3744476438531266e-05
4105,dish,4,1.3744476438531266e-05
4106,unfairly,4,1.3744476438531266e-05
4107,red,4,1.3744476438531266e-05
4108,train,4,1.3744476438531266e-05
4109,marotrao,4,1.3744476438531266e-05
4110,approval,4,1.3744476438531266e-05
4111,jubbulpore,4,1.3744476438531266e-05
4112,confine,4,1.3744476438531266e-05
4113,precision,4,1.3744476438531266e-05
4114,nazul,4,1.3744476438531266e-05
4115,laying,4,1.3744476438531266e-05
4116,acceded,4,1.3744476438531266e-05
4117,merchandise,4,1.3744476438531266e-05
4118,regulated,4,1.3744476438531266e-05
4119,preferring,4,1.3744476438531266e-05
4120,prosecutor,4,1.3744476438531266e-05
4121,practising,4,1.3744476438531266e-05
4122,unacceptable,4,1.3744476438531266e-05
4123,pronounced,4,1.3744476438531266e-05
4124,forgery,4,1.3744476438531266e-05
4125,extracted,4,1.3744476438531266e-05
4126,bottom,4,1.3744476438531266e-05
4127,procuring,4,1.3744476438531266e-05
4128,stages,4,1.3744476438531266e-05
4129,retrenched,4,1.3744476438531266e-05
4130,belur,4,1.3744476438531266e-05
4131,tisco,4,1.3744476438531266e-05
4132,regretted,4,1.3744476438531266e-05
4133,iisco,4,1.3744476438531266e-05
4134,developments,4,1.3744476438531266e-05
4135,somewhere,4,1.3744476438531266e-05
4136,financing,4,1.3744476438531266e-05
4137,appropriating,4,1.3744476438531266e-05
4138,oh,4,1.3744476438531266e-05
4139,becoming,4,1.3744476438531266e-05
4140,shape,4,1.3744476438531266e-05
4141,victimisation,4,1.3744476438531266e-05
4142,networking,4,1.3744476438531266e-05
4143,dried,4,1.3744476438531266e-05
4144,deshaped,4,1.3744476438531266e-05
4145,box,4,1.3744476438531266e-05
4146,zonal,4,1.3744476438531266e-05
4147,reinstatement,4,1.3744476438531266e-05
4148,cant,4,1.3744476438531266e-05
4149,radha,4,1.3744476438531266e-05
4150,energy,4,1.3744476438531266e-05
4151,khalid,4,1.3744476438531266e-05
4152,babu,4,1.3744476438531266e-05
4153,corroborate,4,1.3744476438531266e-05
4154,unfolded,4,1.3744476438531266e-05
4155,weight,4,1.3744476438531266e-05
4156,played,4,1.3744476438531266e-05
4157,instigates,4,1.3744476438531266e-05
4158,aids,4,1.3744476438531266e-05
4159,skirmish,4,1.3744476438531266e-05
4160,jaipur,4,1.3744476438531266e-05
4161,straight,4,1.3744476438531266e-05
4162,couched,4,1.3744476438531266e-05
4163,frivolous,4,1.3744476438531266e-05
4164,supplement,4,1.3744476438531266e-05
4165,restraint,4,1.3744476438531266e-05
4166,handled,4,1.3744476438531266e-05
4167,deserves,4,1.3744476438531266e-05
4168,interrogated,4,1.3744476438531266e-05
4169,credibility,4,1.3744476438531266e-05
4170,ibrahim,4,1.3744476438531266e-05
4171,pl,4,1.3744476438531266e-05
4172,appointing,4,1.3744476438531266e-05
4173,spoiled,4,1.3744476438531266e-05
4174,insistence,4,1.3744476438531266e-05
4175,officials,4,1.3744476438531266e-05
4176,sweeper,4,1.3744476438531266e-05
4177,packed,4,1.3744476438531266e-05
4178,seated,4,1.3744476438531266e-05
4179,affixed,4,1.3744476438531266e-05
4180,halls,4,1.3744476438531266e-05
4181,bundles,4,1.3744476438531266e-05
4182,auto,4,1.3744476438531266e-05
4183,label,4,1.3744476438531266e-05
4184,penalties,4,1.3744476438531266e-05
4185,numberlonger,4,1.3744476438531266e-05
4186,companymencement,4,1.3744476438531266e-05
4187,companyrect,4,1.3744476438531266e-05
4188,numberevidence,4,1.3744476438531266e-05
4189,companytemplate,4,1.3744476438531266e-05
4190,companytinuable,4,1.3744476438531266e-05
4191,companyonial,4,1.3744476438531266e-05
4192,chamber,4,1.3744476438531266e-05
4193,companysiderations,4,1.3744476438531266e-05
4194,chemical,4,1.3744476438531266e-05
4195,companyered,4,1.3744476438531266e-05
4196,numberinated,4,1.3744476438531266e-05
4197,companypromise,4,1.3744476438531266e-05
4198,companyvey,4,1.3744476438531266e-05
4199,companyduct,4,1.3744476438531266e-05
4200,undergoing,4,1.3744476438531266e-05
4201,gnctd,4,1.3744476438531266e-05
4202,grave,4,1.3744476438531266e-05
4203,del,4,1.3744476438531266e-05
4204,ps,4,1.3744476438531266e-05
4205,truck,4,1.3744476438531266e-05
4206,cough,4,1.3744476438531266e-05
4207,hematech,4,1.3744476438531266e-05
4208,diary,4,1.3744476438531266e-05
4209,sumit,4,1.3744476438531266e-05
4210,bari,4,1.3744476438531266e-05
4211,em,4,1.3744476438531266e-05
4212,kashmir,4,1.3744476438531266e-05
4213,tantamounts,4,1.3744476438531266e-05
4214,solemnized,4,1.3744476438531266e-05
4215,tejas,4,1.3744476438531266e-05
4216,averments,4,1.3744476438531266e-05
4217,human,4,1.3744476438531266e-05
4218,fulfill,4,1.3744476438531266e-05
4219,agony,4,1.3744476438531266e-05
4220,sex,4,1.3744476438531266e-05
4221,black,4,1.3744476438531266e-05
4222,deceptively,4,1.3744476438531266e-05
4223,rajnipaan,4,1.3744476438531266e-05
4224,www,4,1.3744476438531266e-05
4225,behaved,4,1.3744476438531266e-05
4226,lock,4,1.3744476438531266e-05
4227,jmic,4,1.3744476438531266e-05
4228,colleagues,4,1.3744476438531266e-05
4229,rw,4,1.3744476438531266e-05
4230,srinivas,4,1.3744476438531266e-05
4231,unnatural,4,1.3744476438531266e-05
4232,evil,4,1.3744476438531266e-05
4233,finder,4,1.3744476438531266e-05
4234,expeditiously,4,1.3744476438531266e-05
4235,brown,4,1.3744476438531266e-05
4236,kgs,4,1.3744476438531266e-05
4237,coordinate,4,1.3744476438531266e-05
4238,passport,4,1.3744476438531266e-05
4239,overnight,4,1.3744476438531266e-05
4240,subsec,3,1.0308357328898448e-05
4241,covenants,3,1.0308357328898448e-05
4242,provi,3,1.0308357328898448e-05
4243,sions,3,1.0308357328898448e-05
4244,pend,3,1.0308357328898448e-05
4245,repeals,3,1.0308357328898448e-05
4246,rehearing,3,1.0308357328898448e-05
4247,theatre,3,1.0308357328898448e-05
4248,stipulations,3,1.0308357328898448e-05
4249,enti,3,1.0308357328898448e-05
4250,tled,3,1.0308357328898448e-05
4251,observes,3,1.0308357328898448e-05
4252,performs,3,1.0308357328898448e-05
4253,ings,3,1.0308357328898448e-05
4254,erred,3,1.0308357328898448e-05
4255,upsetting,3,1.0308357328898448e-05
4256,appraised,3,1.0308357328898448e-05
4257,evi,3,1.0308357328898448e-05
4258,dence,3,1.0308357328898448e-05
4259,circum,3,1.0308357328898448e-05
4260,stances,3,1.0308357328898448e-05
4261,seeing,3,1.0308357328898448e-05
4262,acceptable,3,1.0308357328898448e-05
4263,apportion,3,1.0308357328898448e-05
4264,fight,3,1.0308357328898448e-05
4265,prose,3,1.0308357328898448e-05
4266,cution,3,1.0308357328898448e-05
4267,purnea,3,1.0308357328898448e-05
4268,po,3,1.0308357328898448e-05
4269,fifty,3,1.0308357328898448e-05
4270,altercation,3,1.0308357328898448e-05
4271,dered,3,1.0308357328898448e-05
4272,harihar,3,1.0308357328898448e-05
4273,ballam,3,1.0308357328898448e-05
4274,blows,3,1.0308357328898448e-05
4275,kangali,3,1.0308357328898448e-05
4276,unmarried,3,1.0308357328898448e-05
4277,undertaken,3,1.0308357328898448e-05
4278,childhood,3,1.0308357328898448e-05
4279,unrepresented,3,1.0308357328898448e-05
4280,grandmother,3,1.0308357328898448e-05
4281,elaborately,3,1.0308357328898448e-05
4282,rebutting,3,1.0308357328898448e-05
4283,validly,3,1.0308357328898448e-05
4284,belongings,3,1.0308357328898448e-05
4285,expires,3,1.0308357328898448e-05
4286,underlessee,3,1.0308357328898448e-05
4287,leased,3,1.0308357328898448e-05
4288,repeated,3,1.0308357328898448e-05
4289,renew,3,1.0308357328898448e-05
4290,brickfields,3,1.0308357328898448e-05
4291,enclosed,3,1.0308357328898448e-05
4292,suburban,3,1.0308357328898448e-05
4293,plaintiffthe,3,1.0308357328898448e-05
4294,beg,3,1.0308357328898448e-05
4295,enclose,3,1.0308357328898448e-05
4296,herewith,3,1.0308357328898448e-05
4297,initiate,3,1.0308357328898448e-05
4298,ers,3,1.0308357328898448e-05
4299,hang,3,1.0308357328898448e-05
4300,xxxviii,3,1.0308357328898448e-05
4301,disclose,3,1.0308357328898448e-05
4302,joining,3,1.0308357328898448e-05
4303,judgmentdebtor,3,1.0308357328898448e-05
4304,heading,3,1.0308357328898448e-05
4305,affords,3,1.0308357328898448e-05
4306,dropped,3,1.0308357328898448e-05
4307,feature,3,1.0308357328898448e-05
4308,nevertheless,3,1.0308357328898448e-05
4309,courses,3,1.0308357328898448e-05
4310,merit,3,1.0308357328898448e-05
4311,rigid,3,1.0308357328898448e-05
4312,continuation,3,1.0308357328898448e-05
4313,mitra,3,1.0308357328898448e-05
4314,appliesand,3,1.0308357328898448e-05
4315,nikhil,3,1.0308357328898448e-05
4316,bhusan,3,1.0308357328898448e-05
4317,debtors,3,1.0308357328898448e-05
4318,successors,3,1.0308357328898448e-05
4319,mukerjee,3,1.0308357328898448e-05
4320,objected,3,1.0308357328898448e-05
4321,casethe,3,1.0308357328898448e-05
4322,leases,3,1.0308357328898448e-05
4323,laik,3,1.0308357328898448e-05
4324,lessors,3,1.0308357328898448e-05
4325,processes,3,1.0308357328898448e-05
4326,ly,3,1.0308357328898448e-05
4327,talks,3,1.0308357328898448e-05
4328,internal,3,1.0308357328898448e-05
4329,kinds,3,1.0308357328898448e-05
4330,cantonment,3,1.0308357328898448e-05
4331,stationery,3,1.0308357328898448e-05
4332,boot,3,1.0308357328898448e-05
4333,polish,3,1.0308357328898448e-05
4334,haberdash,3,1.0308357328898448e-05
4335,temporarily,3,1.0308357328898448e-05
4336,commer,3,1.0308357328898448e-05
4337,cial,3,1.0308357328898448e-05
4338,incorpo,3,1.0308357328898448e-05
4339,strathclyde,3,1.0308357328898448e-05
4340,sutherland,3,1.0308357328898448e-05
4341,shut,3,1.0308357328898448e-05
4342,installed,3,1.0308357328898448e-05
4343,taxpayer,3,1.0308357328898448e-05
4344,exploit,3,1.0308357328898448e-05
4345,distinguishable,3,1.0308357328898448e-05
4346,ticular,3,1.0308357328898448e-05
4347,sources,3,1.0308357328898448e-05
4348,suppose,3,1.0308357328898448e-05
4349,licensee,3,1.0308357328898448e-05
4350,analogous,3,1.0308357328898448e-05
4351,installing,3,1.0308357328898448e-05
4352,helpful,3,1.0308357328898448e-05
4353,misleading,3,1.0308357328898448e-05
4354,remainder,3,1.0308357328898448e-05
4355,cut,3,1.0308357328898448e-05
4356,conversion,3,1.0308357328898448e-05
4357,isolated,3,1.0308357328898448e-05
4358,functions,3,1.0308357328898448e-05
4359,legality,3,1.0308357328898448e-05
4360,compa,3,1.0308357328898448e-05
4361,eastern,3,1.0308357328898448e-05
4362,redeemable,3,1.0308357328898448e-05
4363,capi,3,1.0308357328898448e-05
4364,tal,3,1.0308357328898448e-05
4365,profitable,3,1.0308357328898448e-05
4366,moore,3,1.0308357328898448e-05
4367,stewart,3,1.0308357328898448e-05
4368,lloyds,3,1.0308357328898448e-05
4369,ushers,3,1.0308357328898448e-05
4370,superession,3,1.0308357328898448e-05
4371,straightaway,3,1.0308357328898448e-05
4372,deten,3,1.0308357328898448e-05
4373,impugning,3,1.0308357328898448e-05
4374,limiting,3,1.0308357328898448e-05
4375,indefinite,3,1.0308357328898448e-05
4376,formality,3,1.0308357328898448e-05
4377,defeating,3,1.0308357328898448e-05
4378,respected,3,1.0308357328898448e-05
4379,statue,3,1.0308357328898448e-05
4380,fallacy,3,1.0308357328898448e-05
4381,signing,3,1.0308357328898448e-05
4382,delegates,3,1.0308357328898448e-05
4383,visheswar,3,1.0308357328898448e-05
4384,ahiri,3,1.0308357328898448e-05
4385,sironcha,3,1.0308357328898448e-05
4386,chanda,3,1.0308357328898448e-05
4387,garchiroli,3,1.0308357328898448e-05
4388,malik,3,1.0308357328898448e-05
4389,contravening,3,1.0308357328898448e-05
4390,validates,3,1.0308357328898448e-05
4391,elimination,3,1.0308357328898448e-05
4392,aims,3,1.0308357328898448e-05
4393,ryotwari,3,1.0308357328898448e-05
4394,expropriated,3,1.0308357328898448e-05
4395,fulfilled,3,1.0308357328898448e-05
4396,cabza,3,1.0308357328898448e-05
4397,minus,3,1.0308357328898448e-05
4398,big,3,1.0308357328898448e-05
4399,voices,3,1.0308357328898448e-05
4400,vogue,3,1.0308357328898448e-05
4401,malguzar,3,1.0308357328898448e-05
4402,tekoli,3,1.0308357328898448e-05
4403,increase,3,1.0308357328898448e-05
4404,achieve,3,1.0308357328898448e-05
4405,eighteen,3,1.0308357328898448e-05
4406,wells,3,1.0308357328898448e-05
4407,trees,3,1.0308357328898448e-05
4408,municipality,3,1.0308357328898448e-05
4409,england,3,1.0308357328898448e-05
4410,vol,3,1.0308357328898448e-05
4411,king,3,1.0308357328898448e-05
4412,emperor,3,1.0308357328898448e-05
4413,restrictive,3,1.0308357328898448e-05
4414,ruled,3,1.0308357328898448e-05
4415,honble,3,1.0308357328898448e-05
4416,imply,3,1.0308357328898448e-05
4417,accomplished,3,1.0308357328898448e-05
4418,cessation,3,1.0308357328898448e-05
4419,buckingham,3,1.0308357328898448e-05
4420,accident,3,1.0308357328898448e-05
4421,ninety,3,1.0308357328898448e-05
4422,lookout,3,1.0308357328898448e-05
4423,intermittent,3,1.0308357328898448e-05
4424,involuntary,3,1.0308357328898448e-05
4425,stopping,3,1.0308357328898448e-05
4426,carding,3,1.0308357328898448e-05
4427,deprivation,3,1.0308357328898448e-05
4428,scrutinize,3,1.0308357328898448e-05
4429,unencumbered,3,1.0308357328898448e-05
4430,hereditary,3,1.0308357328898448e-05
4431,inherit,3,1.0308357328898448e-05
4432,descend,3,1.0308357328898448e-05
4433,descended,3,1.0308357328898448e-05
4434,fulfil,3,1.0308357328898448e-05
4435,despatch,3,1.0308357328898448e-05
4436,restrained,3,1.0308357328898448e-05
4437,jagirs,3,1.0308357328898448e-05
4438,ancestor,3,1.0308357328898448e-05
4439,sun,3,1.0308357328898448e-05
4440,indiathe,3,1.0308357328898448e-05
4441,headed,3,1.0308357328898448e-05
4442,emphasised,3,1.0308357328898448e-05
4443,amicably,3,1.0308357328898448e-05
4444,destroyed,3,1.0308357328898448e-05
4445,onerous,3,1.0308357328898448e-05
4446,fetter,3,1.0308357328898448e-05
4447,faintly,3,1.0308357328898448e-05
4448,irving,3,1.0308357328898448e-05
4449,wellfounded,3,1.0308357328898448e-05
4450,andu,3,1.0308357328898448e-05
4451,jenkins,3,1.0308357328898448e-05
4452,sentation,3,1.0308357328898448e-05
4453,reject,3,1.0308357328898448e-05
4454,aiyar,3,1.0308357328898448e-05
4455,kirpa,3,1.0308357328898448e-05
4456,vasudeva,3,1.0308357328898448e-05
4457,samiar,3,1.0308357328898448e-05
4458,allahabad,3,1.0308357328898448e-05
4459,radhakisan,3,1.0308357328898448e-05
4460,amravati,3,1.0308357328898448e-05
4461,dalimuddin,3,1.0308357328898448e-05
4462,badruddin,3,1.0308357328898448e-05
4463,sitaram,3,1.0308357328898448e-05
4464,karim,3,1.0308357328898448e-05
4465,extending,3,1.0308357328898448e-05
4466,undecided,3,1.0308357328898448e-05
4467,unity,3,1.0308357328898448e-05
4468,ascertaining,3,1.0308357328898448e-05
4469,lawyers,3,1.0308357328898448e-05
4470,replace,3,1.0308357328898448e-05
4471,indicative,3,1.0308357328898448e-05
4472,decisive,3,1.0308357328898448e-05
4473,interpretations,3,1.0308357328898448e-05
4474,fits,3,1.0308357328898448e-05
4475,lift,3,1.0308357328898448e-05
4476,mandate,3,1.0308357328898448e-05
4477,divisible,3,1.0308357328898448e-05
4478,quash,3,1.0308357328898448e-05
4479,broadly,3,1.0308357328898448e-05
4480,widest,3,1.0308357328898448e-05
4481,tested,3,1.0308357328898448e-05
4482,restricting,3,1.0308357328898448e-05
4483,doubts,3,1.0308357328898448e-05
4484,defining,3,1.0308357328898448e-05
4485,presently,3,1.0308357328898448e-05
4486,element,3,1.0308357328898448e-05
4487,tend,3,1.0308357328898448e-05
4488,declares,3,1.0308357328898448e-05
4489,nullify,3,1.0308357328898448e-05
4490,labels,3,1.0308357328898448e-05
4491,writers,3,1.0308357328898448e-05
4492,retail,3,1.0308357328898448e-05
4493,violative,3,1.0308357328898448e-05
4494,burdens,3,1.0308357328898448e-05
4495,cars,3,1.0308357328898448e-05
4496,traversed,3,1.0308357328898448e-05
4497,ease,3,1.0308357328898448e-05
4498,pointing,3,1.0308357328898448e-05
4499,hypothetical,3,1.0308357328898448e-05
4500,crucial,3,1.0308357328898448e-05
4501,intends,3,1.0308357328898448e-05
4502,authorize,3,1.0308357328898448e-05
4503,introduce,3,1.0308357328898448e-05
4504,construe,3,1.0308357328898448e-05
4505,illustration,3,1.0308357328898448e-05
4506,criterion,3,1.0308357328898448e-05
4507,base,3,1.0308357328898448e-05
4508,leviable,3,1.0308357328898448e-05
4509,discount,3,1.0308357328898448e-05
4510,qualifications,3,1.0308357328898448e-05
4511,mostly,3,1.0308357328898448e-05
4512,taxin,3,1.0308357328898448e-05
4513,club,3,1.0308357328898448e-05
4514,resides,3,1.0308357328898448e-05
4515,variations,3,1.0308357328898448e-05
4516,pledge,3,1.0308357328898448e-05
4517,exceeds,3,1.0308357328898448e-05
4518,rupee,3,1.0308357328898448e-05
4519,returns,3,1.0308357328898448e-05
4520,limitation,3,1.0308357328898448e-05
4521,consistently,3,1.0308357328898448e-05
4522,iyer,3,1.0308357328898448e-05
4523,hsres,3,1.0308357328898448e-05
4524,fluctuation,3,1.0308357328898448e-05
4525,vlaue,3,1.0308357328898448e-05
4526,whoever,3,1.0308357328898448e-05
4527,generals,3,1.0308357328898448e-05
4528,route,3,1.0308357328898448e-05
4529,wedding,3,1.0308357328898448e-05
4530,gift,3,1.0308357328898448e-05
4531,unsold,3,1.0308357328898448e-05
4532,cancelling,3,1.0308357328898448e-05
4533,withdrew,3,1.0308357328898448e-05
4534,risen,3,1.0308357328898448e-05
4535,intrade,3,1.0308357328898448e-05
4536,mercantile,3,1.0308357328898448e-05
4537,deeds,3,1.0308357328898448e-05
4538,rises,3,1.0308357328898448e-05
4539,deprecated,3,1.0308357328898448e-05
4540,variation,3,1.0308357328898448e-05
4541,choose,3,1.0308357328898448e-05
4542,resemblance,3,1.0308357328898448e-05
4543,opinions,3,1.0308357328898448e-05
4544,recasting,3,1.0308357328898448e-05
4545,drafted,3,1.0308357328898448e-05
4546,restrict,3,1.0308357328898448e-05
4547,sot,3,1.0308357328898448e-05
4548,retention,3,1.0308357328898448e-05
4549,chang,3,1.0308357328898448e-05
4550,disagreement,3,1.0308357328898448e-05
4551,xxiii,3,1.0308357328898448e-05
4552,moti,3,1.0308357328898448e-05
4553,incumbent,3,1.0308357328898448e-05
4554,solan,3,1.0308357328898448e-05
4555,bazar,3,1.0308357328898448e-05
4556,llth,3,1.0308357328898448e-05
4557,abstract,3,1.0308357328898448e-05
4558,abused,3,1.0308357328898448e-05
4559,ayurvedic,3,1.0308357328898448e-05
4560,furtfier,3,1.0308357328898448e-05
4561,elucidated,3,1.0308357328898448e-05
4562,slits,3,1.0308357328898448e-05
4563,simultaneous,3,1.0308357328898448e-05
4564,embarrass,3,1.0308357328898448e-05
4565,sure,3,1.0308357328898448e-05
4566,innocent,3,1.0308357328898448e-05
4567,areat,3,1.0308357328898448e-05
4568,remanded,3,1.0308357328898448e-05
4569,inquiries,3,1.0308357328898448e-05
4570,lucknow,3,1.0308357328898448e-05
4571,unknown,3,1.0308357328898448e-05
4572,essentials,3,1.0308357328898448e-05
4573,safeguard,3,1.0308357328898448e-05
4574,purity,3,1.0308357328898448e-05
4575,flagrant,3,1.0308357328898448e-05
4576,dissatisfied,3,1.0308357328898448e-05
4577,certiorari,3,1.0308357328898448e-05
4578,wording,3,1.0308357328898448e-05
4579,verification,3,1.0308357328898448e-05
4580,uniformity,3,1.0308357328898448e-05
4581,plausible,3,1.0308357328898448e-05
4582,sight,3,1.0308357328898448e-05
4583,protect,3,1.0308357328898448e-05
4584,nonexistent,3,1.0308357328898448e-05
4585,feeling,3,1.0308357328898448e-05
4586,affection,3,1.0308357328898448e-05
4587,stretch,3,1.0308357328898448e-05
4588,imagination,3,1.0308357328898448e-05
4589,rebuttable,3,1.0308357328898448e-05
4590,dutt,3,1.0308357328898448e-05
4591,figured,3,1.0308357328898448e-05
4592,execuitant,3,1.0308357328898448e-05
4593,proprio,3,1.0308357328898448e-05
4594,vigore,3,1.0308357328898448e-05
4595,patra,3,1.0308357328898448e-05
4596,rashmomi,3,1.0308357328898448e-05
4597,hot,3,1.0308357328898448e-05
4598,haste,3,1.0308357328898448e-05
4599,charitable,3,1.0308357328898448e-05
4600,dispositions,3,1.0308357328898448e-05
4601,grandson,3,1.0308357328898448e-05
4602,executor,3,1.0308357328898448e-05
4603,habits,3,1.0308357328898448e-05
4604,infants,3,1.0308357328898448e-05
4605,kanta,3,1.0308357328898448e-05
4606,sheristadar,3,1.0308357328898448e-05
4607,minors,3,1.0308357328898448e-05
4608,compromised,3,1.0308357328898448e-05
4609,solenama,3,1.0308357328898448e-05
4610,submitting,3,1.0308357328898448e-05
4611,discovered,3,1.0308357328898448e-05
4612,lady,3,1.0308357328898448e-05
4613,contribution,3,1.0308357328898448e-05
4614,mohinis,3,1.0308357328898448e-05
4615,recital,3,1.0308357328898448e-05
4616,defied,3,1.0308357328898448e-05
4617,blamed,3,1.0308357328898448e-05
4618,chetla,3,1.0308357328898448e-05
4619,clearing,3,1.0308357328898448e-05
4620,surviving,3,1.0308357328898448e-05
4621,friend,3,1.0308357328898448e-05
4622,discontinue,3,1.0308357328898448e-05
4623,chetlahat,3,1.0308357328898448e-05
4624,pronouncement,3,1.0308357328898448e-05
4625,circumvent,3,1.0308357328898448e-05
4626,resorting,3,1.0308357328898448e-05
4627,sake,3,1.0308357328898448e-05
4628,farzi,3,1.0308357328898448e-05
4629,convenient,3,1.0308357328898448e-05
4630,effectuate,3,1.0308357328898448e-05
4631,conspired,3,1.0308357328898448e-05
4632,divisional,3,1.0308357328898448e-05
4633,tenancies,3,1.0308357328898448e-05
4634,defrauded,3,1.0308357328898448e-05
4635,repentance,3,1.0308357328898448e-05
4636,basu,3,1.0308357328898448e-05
4637,firstly,3,1.0308357328898448e-05
4638,deposed,3,1.0308357328898448e-05
4639,personsthe,3,1.0308357328898448e-05
4640,turpis,3,1.0308357328898448e-05
4641,imperative,3,1.0308357328898448e-05
4642,faithfully,3,1.0308357328898448e-05
4643,himthe,3,1.0308357328898448e-05
4644,illegalities,3,1.0308357328898448e-05
4645,violate,3,1.0308357328898448e-05
4646,bala,3,1.0308357328898448e-05
4647,disclaim,3,1.0308357328898448e-05
4648,farmers,3,1.0308357328898448e-05
4649,mart,3,1.0308357328898448e-05
4650,journal,3,1.0308357328898448e-05
4651,plants,3,1.0308357328898448e-05
4652,aggregated,3,1.0308357328898448e-05
4653,tow,3,1.0308357328898448e-05
4654,news,3,1.0308357328898448e-05
4655,aryavart,3,1.0308357328898448e-05
4656,pocket,3,1.0308357328898448e-05
4657,engagement,3,1.0308357328898448e-05
4658,instruments,3,1.0308357328898448e-05
4659,surrounding,3,1.0308357328898448e-05
4660,ogales,3,1.0308357328898448e-05
4661,ogale,3,1.0308357328898448e-05
4662,glass,3,1.0308357328898448e-05
4663,orissa,3,1.0308357328898448e-05
4664,manufacturers,3,1.0308357328898448e-05
4665,panies,3,1.0308357328898448e-05
4666,vote,3,1.0308357328898448e-05
4667,clothe,3,1.0308357328898448e-05
4668,outstands,3,1.0308357328898448e-05
4669,jump,3,1.0308357328898448e-05
4670,addresses,3,1.0308357328898448e-05
4671,payer,3,1.0308357328898448e-05
4672,causes,3,1.0308357328898448e-05
4673,exploded,3,1.0308357328898448e-05
4674,tribunalthe,3,1.0308357328898448e-05
4675,inclusion,3,1.0308357328898448e-05
4676,therefor,3,1.0308357328898448e-05
4677,shy,3,1.0308357328898448e-05
4678,debentureholders,3,1.0308357328898448e-05
4679,sideration,3,1.0308357328898448e-05
4680,engrossing,3,1.0308357328898448e-05
4681,enure,3,1.0308357328898448e-05
4682,flexibility,3,1.0308357328898448e-05
4683,tile,3,1.0308357328898448e-05
4684,eligible,3,1.0308357328898448e-05
4685,commensurate,3,1.0308357328898448e-05
4686,millowners,3,1.0308357328898448e-05
4687,apportionment,3,1.0308357328898448e-05
4688,irre,3,1.0308357328898448e-05
4689,appropriated,3,1.0308357328898448e-05
4690,untenable,3,1.0308357328898448e-05
4691,conducive,3,1.0308357328898448e-05
4692,shree,3,1.0308357328898448e-05
4693,block,3,1.0308357328898448e-05
4694,premier,3,1.0308357328898448e-05
4695,shidappa,3,1.0308357328898448e-05
4696,bhavanchand,3,1.0308357328898448e-05
4697,gujar,3,1.0308357328898448e-05
4698,devasthan,3,1.0308357328898448e-05
4699,cancellation,3,1.0308357328898448e-05
4700,deccan,3,1.0308357328898448e-05
4701,belgaum,3,1.0308357328898448e-05
4702,lilachand,3,1.0308357328898448e-05
4703,annexed,3,1.0308357328898448e-05
4704,extinguish,3,1.0308357328898448e-05
4705,redeemed,3,1.0308357328898448e-05
4706,evidenced,3,1.0308357328898448e-05
4707,turning,3,1.0308357328898448e-05
4708,mahalkari,3,1.0308357328898448e-05
4709,recognized,3,1.0308357328898448e-05
4710,cs,3,1.0308357328898448e-05
4711,ordering,3,1.0308357328898448e-05
4712,confirming,3,1.0308357328898448e-05
4713,probability,3,1.0308357328898448e-05
4714,plight,3,1.0308357328898448e-05
4715,prartically,3,1.0308357328898448e-05
4716,arranging,3,1.0308357328898448e-05
4717,unconcerned,3,1.0308357328898448e-05
4718,contributed,3,1.0308357328898448e-05
4719,commences,3,1.0308357328898448e-05
4720,reinforced,3,1.0308357328898448e-05
4721,photo,3,1.0308357328898448e-05
4722,graphs,3,1.0308357328898448e-05
4723,photographs,3,1.0308357328898448e-05
4724,blackmail,3,1.0308357328898448e-05
4725,explaining,3,1.0308357328898448e-05
4726,invalidate,3,1.0308357328898448e-05
4727,tannery,3,1.0308357328898448e-05
4728,chromepet,3,1.0308357328898448e-05
4729,underlying,3,1.0308357328898448e-05
4730,ayyar,3,1.0308357328898448e-05
4731,splitting,3,1.0308357328898448e-05
4732,annuity,3,1.0308357328898448e-05
4733,mensum,3,1.0308357328898448e-05
4734,food,3,1.0308357328898448e-05
4735,prince,3,1.0308357328898448e-05
4736,prestige,3,1.0308357328898448e-05
4737,maharaja,3,1.0308357328898448e-05
4738,mouje,3,1.0308357328898448e-05
4739,kottayam,3,1.0308357328898448e-05
4740,fraudulently,3,1.0308357328898448e-05
4741,evades,3,1.0308357328898448e-05
4742,evaded,3,1.0308357328898448e-05
4743,timebeing,3,1.0308357328898448e-05
4744,kerala,3,1.0308357328898448e-05
4745,festival,3,1.0308357328898448e-05
4746,companythe,3,1.0308357328898448e-05
4747,framework,3,1.0308357328898448e-05
4748,excepting,3,1.0308357328898448e-05
4749,theoretically,3,1.0308357328898448e-05
4750,constitutes,3,1.0308357328898448e-05
4751,incidentally,3,1.0308357328898448e-05
4752,actit,3,1.0308357328898448e-05
4753,superseded,3,1.0308357328898448e-05
4754,promoted,3,1.0308357328898448e-05
4755,superseding,3,1.0308357328898448e-05
4756,performance,3,1.0308357328898448e-05
4757,cbaudhari,3,1.0308357328898448e-05
4758,saran,3,1.0308357328898448e-05
4759,mine,3,1.0308357328898448e-05
4760,constituent,3,1.0308357328898448e-05
4761,permits,3,1.0308357328898448e-05
4762,countermanded,3,1.0308357328898448e-05
4763,preparing,3,1.0308357328898448e-05
4764,violated,3,1.0308357328898448e-05
4765,oppression,3,1.0308357328898448e-05
4766,recollect,3,1.0308357328898448e-05
4767,highly,3,1.0308357328898448e-05
4768,futile,3,1.0308357328898448e-05
4769,summoning,3,1.0308357328898448e-05
4770,partys,3,1.0308357328898448e-05
4771,severity,3,1.0308357328898448e-05
4772,greatest,3,1.0308357328898448e-05
4773,inflicted,3,1.0308357328898448e-05
4774,compelling,3,1.0308357328898448e-05
4775,wound,3,1.0308357328898448e-05
4776,recalling,3,1.0308357328898448e-05
4777,interrogatories,3,1.0308357328898448e-05
4778,lawful,3,1.0308357328898448e-05
4779,bowen,3,1.0308357328898448e-05
4780,ledger,3,1.0308357328898448e-05
4781,computed,3,1.0308357328898448e-05
4782,weaving,3,1.0308357328898448e-05
4783,constitutions,3,1.0308357328898448e-05
4784,connotation,3,1.0308357328898448e-05
4785,recompense,3,1.0308357328898448e-05
4786,automatic,3,1.0308357328898448e-05
4787,safe,3,1.0308357328898448e-05
4788,guards,3,1.0308357328898448e-05
4789,wives,3,1.0308357328898448e-05
4790,wire,3,1.0308357328898448e-05
4791,mensem,3,1.0308357328898448e-05
4792,recruiting,3,1.0308357328898448e-05
4793,london,3,1.0308357328898448e-05
4794,notifications,3,1.0308357328898448e-05
4795,escape,3,1.0308357328898448e-05
4796,reverter,3,1.0308357328898448e-05
4797,dattaka,3,1.0308357328898448e-05
4798,chandrika,3,1.0308357328898448e-05
4799,reverts,3,1.0308357328898448e-05
4800,verse,3,1.0308357328898448e-05
4801,participates,3,1.0308357328898448e-05
4802,yajnavalkya,3,1.0308357328898448e-05
4803,wedded,3,1.0308357328898448e-05
4804,collaterals,3,1.0308357328898448e-05
4805,procured,3,1.0308357328898448e-05
4806,facilitates,3,1.0308357328898448e-05
4807,disbelieve,3,1.0308357328898448e-05
4808,exhaustive,3,1.0308357328898448e-05
4809,agitated,3,1.0308357328898448e-05
4810,misled,3,1.0308357328898448e-05
4811,preparation,3,1.0308357328898448e-05
4812,eatables,3,1.0308357328898448e-05
4813,tea,3,1.0308357328898448e-05
4814,stations,3,1.0308357328898448e-05
4815,smuggling,3,1.0308357328898448e-05
4816,passenger,3,1.0308357328898448e-05
4817,combined,3,1.0308357328898448e-05
4818,melted,3,1.0308357328898448e-05
4819,arts,3,1.0308357328898448e-05
4820,searched,3,1.0308357328898448e-05
4821,tenable,3,1.0308357328898448e-05
4822,suceessor,3,1.0308357328898448e-05
4823,orderliness,3,1.0308357328898448e-05
4824,surprise,3,1.0308357328898448e-05
4825,consequent,3,1.0308357328898448e-05
4826,spur,3,1.0308357328898448e-05
4827,starting,3,1.0308357328898448e-05
4828,measuring,3,1.0308357328898448e-05
4829,boarding,3,1.0308357328898448e-05
4830,strip,3,1.0308357328898448e-05
4831,hitkarini,3,1.0308357328898448e-05
4832,widely,3,1.0308357328898448e-05
4833,localities,3,1.0308357328898448e-05
4834,slight,3,1.0308357328898448e-05
4835,professional,3,1.0308357328898448e-05
4836,thoroughly,3,1.0308357328898448e-05
4837,unreasonably,3,1.0308357328898448e-05
4838,forgeries,3,1.0308357328898448e-05
4839,eve,3,1.0308357328898448e-05
4840,implicated,3,1.0308357328898448e-05
4841,piece,3,1.0308357328898448e-05
4842,genuineness,3,1.0308357328898448e-05
4843,pawed,3,1.0308357328898448e-05
4844,interlocutory,3,1.0308357328898448e-05
4845,precluded,3,1.0308357328898448e-05
4846,disputing,3,1.0308357328898448e-05
4847,munsif,3,1.0308357328898448e-05
4848,salem,3,1.0308357328898448e-05
4849,strouds,3,1.0308357328898448e-05
4850,rendering,3,1.0308357328898448e-05
4851,executable,3,1.0308357328898448e-05
4852,ramasastrulu,3,1.0308357328898448e-05
4853,uleriort,3,1.0308357328898448e-05
4854,foresight,3,1.0308357328898448e-05
4855,crisis,3,1.0308357328898448e-05
4856,wore,3,1.0308357328898448e-05
4857,maliciously,3,1.0308357328898448e-05
4858,castings,3,1.0308357328898448e-05
4859,revolving,3,1.0308357328898448e-05
4860,muster,3,1.0308357328898448e-05
4861,allocates,3,1.0308357328898448e-05
4862,suggesting,3,1.0308357328898448e-05
4863,misdelivered,3,1.0308357328898448e-05
4864,gomoh,3,1.0308357328898448e-05
4865,learnt,3,1.0308357328898448e-05
4866,rourkela,3,1.0308357328898448e-05
4867,casting,3,1.0308357328898448e-05
4868,background,3,1.0308357328898448e-05
4869,ail,3,1.0308357328898448e-05
4870,extinction,3,1.0308357328898448e-05
4871,authorizes,3,1.0308357328898448e-05
4872,mortgagemoney,3,1.0308357328898448e-05
4873,derogation,3,1.0308357328898448e-05
4874,bishambhar,3,1.0308357328898448e-05
4875,effects,3,1.0308357328898448e-05
4876,nailed,3,1.0308357328898448e-05
4877,guptas,3,1.0308357328898448e-05
4878,counts,3,1.0308357328898448e-05
4879,intelligent,3,1.0308357328898448e-05
4880,stockists,3,1.0308357328898448e-05
4881,soap,3,1.0308357328898448e-05
4882,punitive,3,1.0308357328898448e-05
4883,mrbanerjee,3,1.0308357328898448e-05
4884,solicitor,3,1.0308357328898448e-05
4885,furthermore,3,1.0308357328898448e-05
4886,bid,3,1.0308357328898448e-05
4887,pledged,3,1.0308357328898448e-05
4888,connect,3,1.0308357328898448e-05
4889,aluva,3,1.0308357328898448e-05
4890,links,3,1.0308357328898448e-05
4891,convincing,3,1.0308357328898448e-05
4892,karumalloor,3,1.0308357328898448e-05
4893,bedroom,3,1.0308357328898448e-05
4894,revealed,3,1.0308357328898448e-05
4895,kill,3,1.0308357328898448e-05
4896,participant,3,1.0308357328898448e-05
4897,nadodi,3,1.0308357328898448e-05
4898,jayaraman,3,1.0308357328898448e-05
4899,commits,3,1.0308357328898448e-05
4900,victim,3,1.0308357328898448e-05
4901,objectively,3,1.0308357328898448e-05
4902,attendant,3,1.0308357328898448e-05
4903,seldom,3,1.0308357328898448e-05
4904,circumstantial,3,1.0308357328898448e-05
4905,elicit,3,1.0308357328898448e-05
4906,constant,3,1.0308357328898448e-05
4907,mohanlal,3,1.0308357328898448e-05
4908,fateful,3,1.0308357328898448e-05
4909,injuries,3,1.0308357328898448e-05
4910,smt,3,1.0308357328898448e-05
4911,xlvii,3,1.0308357328898448e-05
4912,xviii,3,1.0308357328898448e-05
4913,describing,3,1.0308357328898448e-05
4914,outset,3,1.0308357328898448e-05
4915,routine,3,1.0308357328898448e-05
4916,malice,3,1.0308357328898448e-05
4917,seriousness,3,1.0308357328898448e-05
4918,gwalior,3,1.0308357328898448e-05
4919,sone,3,1.0308357328898448e-05
4920,weightage,3,1.0308357328898448e-05
4921,concurrence,3,1.0308357328898448e-05
4922,kareem,3,1.0308357328898448e-05
4923,cognizance,3,1.0308357328898448e-05
4924,delinquent,3,1.0308357328898448e-05
4925,removal,3,1.0308357328898448e-05
4926,sundararaman,3,1.0308357328898448e-05
4927,phone,3,1.0308357328898448e-05
4928,surgeon,3,1.0308357328898448e-05
4929,culprits,3,1.0308357328898448e-05
4930,gurumoorthy,3,1.0308357328898448e-05
4931,adverting,3,1.0308357328898448e-05
4932,counting,3,1.0308357328898448e-05
4933,ans,3,1.0308357328898448e-05
4934,bharathi,3,1.0308357328898448e-05
4935,assured,3,1.0308357328898448e-05
4936,ours,3,1.0308357328898448e-05
4937,slp,3,1.0308357328898448e-05
4938,thread,3,1.0308357328898448e-05
4939,nithyanandam,3,1.0308357328898448e-05
4940,acknowledgement,3,1.0308357328898448e-05
4941,companying,3,1.0308357328898448e-05
4942,companystrued,3,1.0308357328898448e-05
4943,companyplainant,3,1.0308357328898448e-05
4944,companyvicted,3,1.0308357328898448e-05
4945,numberquestion,3,1.0308357328898448e-05
4946,companytinuing,3,1.0308357328898448e-05
4947,numbersubstance,3,1.0308357328898448e-05
4948,companyers,3,1.0308357328898448e-05
4949,companypelled,3,1.0308357328898448e-05
4950,companyflicting,3,1.0308357328898448e-05
4951,companymissioners,3,1.0308357328898448e-05
4952,companytravenes,3,1.0308357328898448e-05
4953,offends,3,1.0308357328898448e-05
4954,companytinuance,3,1.0308357328898448e-05
4955,feeding,3,1.0308357328898448e-05
4956,companyes,3,1.0308357328898448e-05
4957,ignumbere,3,1.0308357328898448e-05
4958,companynt,3,1.0308357328898448e-05
4959,companyer,3,1.0308357328898448e-05
4960,numberional,3,1.0308357328898448e-05
4961,prospect,3,1.0308357328898448e-05
4962,companylecting,3,1.0308357328898448e-05
4963,companypletely,3,1.0308357328898448e-05
4964,numberified,3,1.0308357328898448e-05
4965,pronumbernced,3,1.0308357328898448e-05
4966,remedies,3,1.0308357328898448e-05
4967,aggarwal,3,1.0308357328898448e-05
4968,companyfirmed,3,1.0308357328898448e-05
4969,numberfurther,3,1.0308357328898448e-05
4970,numbern,3,1.0308357328898448e-05
4971,want,3,1.0308357328898448e-05
4972,numberrole,3,1.0308357328898448e-05
4973,reimbursing,3,1.0308357328898448e-05
4974,reimbursed,3,1.0308357328898448e-05
4975,mrs,3,1.0308357328898448e-05
4976,escorts,3,1.0308357328898448e-05
4977,eskuf,3,1.0308357328898448e-05
4978,memo,3,1.0308357328898448e-05
4979,rti,3,1.0308357328898448e-05
4980,dhar,3,1.0308357328898448e-05
4981,hq,3,1.0308357328898448e-05
4982,kanti,3,1.0308357328898448e-05
4983,km,3,1.0308357328898448e-05
4984,conformity,3,1.0308357328898448e-05
4985,generation,3,1.0308357328898448e-05
4986,cartons,3,1.0308357328898448e-05
4987,interrogation,3,1.0308357328898448e-05
4988,ill,3,1.0308357328898448e-05
4989,allied,3,1.0308357328898448e-05
4990,kva,3,1.0308357328898448e-05
4991,alloys,3,1.0308357328898448e-05
4992,kohli,3,1.0308357328898448e-05
4993,narbada,3,1.0308357328898448e-05
4994,jerc,3,1.0308357328898448e-05
4995,intervening,3,1.0308357328898448e-05
4996,aag,3,1.0308357328898448e-05
4997,scr,3,1.0308357328898448e-05
4998,purposive,3,1.0308357328898448e-05
4999,sustainable,3,1.0308357328898448e-05
5000,intent,3,1.0308357328898448e-05
5001,eyes,3,1.0308357328898448e-05
5002,anjangaon,3,1.0308357328898448e-05
5003,surji,3,1.0308357328898448e-05
5004,graduation,3,1.0308357328898448e-05
5005,desiring,3,1.0308357328898448e-05
5006,quarreled,3,1.0308357328898448e-05
5007,friends,3,1.0308357328898448e-05
5008,pundalikrao,3,1.0308357328898448e-05
5009,tidke,3,1.0308357328898448e-05
5010,ashram,3,1.0308357328898448e-05
5011,shala,3,1.0308357328898448e-05
5012,intentional,3,1.0308357328898448e-05
5013,creates,3,1.0308357328898448e-05
5014,testified,3,1.0308357328898448e-05
5015,exh,3,1.0308357328898448e-05
5016,quarrel,3,1.0308357328898448e-05
5017,cruel,3,1.0308357328898448e-05
5018,wronged,3,1.0308357328898448e-05
5019,factum,3,1.0308357328898448e-05
5020,separation,3,1.0308357328898448e-05
5021,staying,3,1.0308357328898448e-05
5022,catena,3,1.0308357328898448e-05
5023,ms,3,1.0308357328898448e-05
5024,sharma,3,1.0308357328898448e-05
5025,fne,3,1.0308357328898448e-05
5026,cpc,3,1.0308357328898448e-05
5027,advertising,3,1.0308357328898448e-05
5028,confectionary,3,1.0308357328898448e-05
5029,artistic,3,1.0308357328898448e-05
5030,flavoured,3,1.0308357328898448e-05
5031,goodwill,3,1.0308357328898448e-05
5032,dsp,3,1.0308357328898448e-05
5033,objectionable,3,1.0308357328898448e-05
5034,lived,3,1.0308357328898448e-05
5035,deponent,3,1.0308357328898448e-05
5036,challaned,3,1.0308357328898448e-05
5037,doc,3,1.0308357328898448e-05
5038,defamatory,3,1.0308357328898448e-05
5039,appellant's,3,1.0308357328898448e-05
5040,career,3,1.0308357328898448e-05
5041,irretrievably,3,1.0308357328898448e-05
5042,nine,3,1.0308357328898448e-05
5043,panipat,3,1.0308357328898448e-05
5044,preferably,3,1.0308357328898448e-05
5045,petitioner's,3,1.0308357328898448e-05
5046,sack,3,1.0308357328898448e-05
5047,mk,3,1.0308357328898448e-05
5048,tomar,3,1.0308357328898448e-05
5049,powder,3,1.0308357328898448e-05
5050,heroin,3,1.0308357328898448e-05
5051,packet,3,1.0308357328898448e-05
5052,bal,3,1.0308357328898448e-05
5053,mukund,3,1.0308357328898448e-05
5054,abhishek,3,1.0308357328898448e-05
5055,aditi,3,1.0308357328898448e-05
5056,bakht,3,1.0308357328898448e-05
5057,wednesday,3,1.0308357328898448e-05
5058,daughter's,3,1.0308357328898448e-05
5059,neutrality,3,1.0308357328898448e-05
5060,compensated,3,1.0308357328898448e-05
5061,daphthary,2,6.872238219265633e-06
5062,assump,2,6.872238219265633e-06
5063,ted,2,6.872238219265633e-06
5064,contin,2,6.872238219265633e-06
5065,uation,2,6.872238219265633e-06
5066,scribed,2,6.872238219265633e-06
5067,executions,2,6.872238219265633e-06
5068,bharat,2,6.872238219265633e-06
5069,bhuvan,2,6.872238219265633e-06
5070,ahmedabad,2,6.872238219265633e-06
5071,respond,2,6.872238219265633e-06
5072,ents,2,6.872238219265633e-06
5073,append,2,6.872238219265633e-06
5074,weston,2,6.872238219265633e-06
5075,respondentsin,2,6.872238219265633e-06
5076,posses,2,6.872238219265633e-06
5077,lodger,2,6.872238219265633e-06
5078,controllers,2,6.872238219265633e-06
5079,controverting,2,6.872238219265633e-06
5080,characterising,2,6.872238219265633e-06
5081,lacking,2,6.872238219265633e-06
5082,pure,2,6.872238219265633e-06
5083,excludes,2,6.872238219265633e-06
5084,appraise,2,6.872238219265633e-06
5085,factions,2,6.872238219265633e-06
5086,legs,2,6.872238219265633e-06
5087,faction,2,6.872238219265633e-06
5088,critically,2,6.872238219265633e-06
5089,prosecu,2,6.872238219265633e-06
5090,vitally,2,6.872238219265633e-06
5091,contradictions,2,6.872238219265633e-06
5092,tended,2,6.872238219265633e-06
5093,concealment,2,6.872238219265633e-06
5094,coupled,2,6.872238219265633e-06
5095,displays,2,6.872238219265633e-06
5096,biswas,2,6.872238219265633e-06
5097,lice,2,6.872238219265633e-06
5098,ballams,2,6.872238219265633e-06
5099,lathis,2,6.872238219265633e-06
5100,weapons,2,6.872238219265633e-06
5101,logendranath,2,6.872238219265633e-06
5102,jha,2,6.872238219265633e-06
5103,spot,2,6.872238219265633e-06
5104,mohender,2,6.872238219265633e-06
5105,debender,2,6.872238219265633e-06
5106,lants,2,6.872238219265633e-06
5107,dandkhora,2,6.872238219265633e-06
5108,parti,2,6.872238219265633e-06
5109,dragged,2,6.872238219265633e-06
5110,enemies,2,6.872238219265633e-06
5111,families,2,6.872238219265633e-06
5112,factsin,2,6.872238219265633e-06
5113,adhi,2,6.872238219265633e-06
5114,mamus,2,6.872238219265633e-06
5115,nani,2,6.872238219265633e-06
5116,infancy,2,6.872238219265633e-06
5117,ning,2,6.872238219265633e-06
5118,mamu,2,6.872238219265633e-06
5119,tirthanand,2,6.872238219265633e-06
5120,bataidar,2,6.872238219265633e-06
5121,tiles,2,6.872238219265633e-06
5122,evidencehowever,2,6.872238219265633e-06
5123,repair,2,6.872238219265633e-06
5124,pugmills,2,6.872238219265633e-06
5125,pugmils,2,6.872238219265633e-06
5126,mistaken,2,6.872238219265633e-06
5127,successfully,2,6.872238219265633e-06
5128,pray,2,6.872238219265633e-06
5129,dismantling,2,6.872238219265633e-06
5130,proportional,2,6.872238219265633e-06
5131,suggests,2,6.872238219265633e-06
5132,site,2,6.872238219265633e-06
5133,desirous,2,6.872238219265633e-06
5134,honour,2,6.872238219265633e-06
5135,addressing,2,6.872238219265633e-06
5136,vacant,2,6.872238219265633e-06
5137,possessionin,2,6.872238219265633e-06
5138,unto,2,6.872238219265633e-06
5139,statethe,2,6.872238219265633e-06
5140,yearsthe,2,6.872238219265633e-06
5141,empow,2,6.872238219265633e-06
5142,solid,2,6.872238219265633e-06
5143,certifying,2,6.872238219265633e-06
5144,rounded,2,6.872238219265633e-06
5145,ordi,2,6.872238219265633e-06
5146,narily,2,6.872238219265633e-06
5147,apt,2,6.872238219265633e-06
5148,recited,2,6.872238219265633e-06
5149,indication,2,6.872238219265633e-06
5150,sively,2,6.872238219265633e-06
5151,logged,2,6.872238219265633e-06
5152,derelict,2,6.872238219265633e-06
5153,attachments,2,6.872238219265633e-06
5154,awkward,2,6.872238219265633e-06
5155,illogical,2,6.872238219265633e-06
5156,inconvenient,2,6.872238219265633e-06
5157,adjourned,2,6.872238219265633e-06
5158,helped,2,6.872238219265633e-06
5159,encourage,2,6.872238219265633e-06
5160,desultory,2,6.872238219265633e-06
5161,calcu,2,6.872238219265633e-06
5162,lated,2,6.872238219265633e-06
5163,discourage,2,6.872238219265633e-06
5164,decreeholders,2,6.872238219265633e-06
5165,reasona,2,6.872238219265633e-06
5166,cesser,2,6.872238219265633e-06
5167,negotiation,2,6.872238219265633e-06
5168,judg,2,6.872238219265633e-06
5169,diligently,2,6.872238219265633e-06
5170,prosecute,2,6.872238219265633e-06
5171,overlapping,2,6.872238219265633e-06
5172,adjourning,2,6.872238219265633e-06
5173,plies,2,6.872238219265633e-06
5174,bor,2,6.872238219265633e-06
5175,rower,2,6.872238219265633e-06
5176,repay,2,6.872238219265633e-06
5177,repayable,2,6.872238219265633e-06
5178,parted,2,6.872238219265633e-06
5179,indemnify,2,6.872238219265633e-06
5180,prayers,2,6.872238219265633e-06
5181,girish,2,6.872238219265633e-06
5182,sheikh,2,6.872238219265633e-06
5183,saberuddin,2,6.872238219265633e-06
5184,informal,2,6.872238219265633e-06
5185,recov,2,6.872238219265633e-06
5186,promode,2,6.872238219265633e-06
5187,assign,2,6.872238219265633e-06
5188,mukhopadhya,2,6.872238219265633e-06
5189,sibait,2,6.872238219265633e-06
5190,asansole,2,6.872238219265633e-06
5191,reopening,2,6.872238219265633e-06
5192,liabil,2,6.872238219265633e-06
5193,ities,2,6.872238219265633e-06
5194,actthere,2,6.872238219265633e-06
5195,datethis,2,6.872238219265633e-06
5196,dakhineswar,2,6.872238219265633e-06
5197,rameswar,2,6.872238219265633e-06
5198,bhaba,2,6.872238219265633e-06
5199,sundari,2,6.872238219265633e-06
5200,bhagabati,2,6.872238219265633e-06
5201,mining,2,6.872238219265633e-06
5202,malias,2,6.872238219265633e-06
5203,samethe,2,6.872238219265633e-06
5204,pramatha,2,6.872238219265633e-06
5205,exe,2,6.872238219265633e-06
5206,cuting,2,6.872238219265633e-06
5207,amicable,2,6.872238219265633e-06
5208,reconvey,2,6.872238219265633e-06
5209,fer,2,6.872238219265633e-06
5210,fradulent,2,6.872238219265633e-06
5211,safer,2,6.872238219265633e-06
5212,remission,2,6.872238219265633e-06
5213,kshitipati,2,6.872238219265633e-06
5214,diverse,2,6.872238219265633e-06
5215,pleaders,2,6.872238219265633e-06
5216,manag,2,6.872238219265633e-06
5217,tation,2,6.872238219265633e-06
5218,possibilities,2,6.872238219265633e-06
5219,evasion,2,6.872238219265633e-06
5220,encroach,2,6.872238219265633e-06
5221,liberties,2,6.872238219265633e-06
5222,dangerous,2,6.872238219265633e-06
5223,selected,2,6.872238219265633e-06
5224,safety,2,6.872238219265633e-06
5225,im,2,6.872238219265633e-06
5226,enjoins,2,6.872238219265633e-06
5227,convic,2,6.872238219265633e-06
5228,shopkeeper,2,6.872238219265633e-06
5229,ferozepore,2,6.872238219265633e-06
5230,acthe,2,6.872238219265633e-06
5231,simla,2,6.872238219265633e-06
5232,facturing,2,6.872238219265633e-06
5233,attractive,2,6.872238219265633e-06
5234,utes,2,6.872238219265633e-06
5235,appositely,2,6.872238219265633e-06
5236,advantageous,2,6.872238219265633e-06
5237,advantageously,2,6.872238219265633e-06
5238,susceptible,2,6.872238219265633e-06
5239,atkinson,2,6.872238219265633e-06
5240,freehold,2,6.872238219265633e-06
5241,licensing,2,6.872238219265633e-06
5242,broadway,2,6.872238219265633e-06
5243,resolve,2,6.872238219265633e-06
5244,facturer,2,6.872238219265633e-06
5245,mained,2,6.872238219265633e-06
5246,fur,2,6.872238219265633e-06
5247,ther,2,6.872238219265633e-06
5248,ious,2,6.872238219265633e-06
5249,reconcilable,2,6.872238219265633e-06
5250,merchant,2,6.872238219265633e-06
5251,exploited,2,6.872238219265633e-06
5252,discontinued,2,6.872238219265633e-06
5253,respectfully,2,6.872238219265633e-06
5254,individuals,2,6.872238219265633e-06
5255,negativeit,2,6.872238219265633e-06
5256,timethe,2,6.872238219265633e-06
5257,concurred,2,6.872238219265633e-06
5258,cas,2,6.872238219265633e-06
5259,threw,2,6.872238219265633e-06
5260,exploitation,2,6.872238219265633e-06
5261,delivering,2,6.872238219265633e-06
5262,heating,2,6.872238219265633e-06
5263,apparatus,2,6.872238219265633e-06
5264,commonsense,2,6.872238219265633e-06
5265,owning,2,6.872238219265633e-06
5266,inferences,2,6.872238219265633e-06
5267,repairers,2,6.872238219265633e-06
5268,incoming,2,6.872238219265633e-06
5269,diminishing,2,6.872238219265633e-06
5270,soundness,2,6.872238219265633e-06
5271,chose,2,6.872238219265633e-06
5272,construc,2,6.872238219265633e-06
5273,doubted,2,6.872238219265633e-06
5274,reconcile,2,6.872238219265633e-06
5275,judging,2,6.872238219265633e-06
5276,circles,2,6.872238219265633e-06
5277,incor,2,6.872238219265633e-06
5278,porated,2,6.872238219265633e-06
5279,ration,2,6.872238219265633e-06
5280,britain,2,6.872238219265633e-06
5281,geoffrey,2,6.872238219265633e-06
5282,lacy,2,6.872238219265633e-06
5283,deben,2,6.872238219265633e-06
5284,tures,2,6.872238219265633e-06
5285,expend,2,6.872238219265633e-06
5286,iture,2,6.872238219265633e-06
5287,diminished,2,6.872238219265633e-06
5288,solelyin,2,6.872238219265633e-06
5289,hopes,2,6.872238219265633e-06
5290,agencies,2,6.872238219265633e-06
5291,liquid,2,6.872238219265633e-06
5292,resources,2,6.872238219265633e-06
5293,ques,2,6.872238219265633e-06
5294,peti,2,6.872238219265633e-06
5295,tioner,2,6.872238219265633e-06
5296,deliberate,2,6.872238219265633e-06
5297,infructuous,2,6.872238219265633e-06
5298,gujjar,2,6.872238219265633e-06
5299,jat,2,6.872238219265633e-06
5300,jandiala,2,6.872238219265633e-06
5301,inspectorgeneral,2,6.872238219265633e-06
5302,prisons,2,6.872238219265633e-06
5303,mainte,2,6.872238219265633e-06
5304,nance,2,6.872238219265633e-06
5305,communist,2,6.872238219265633e-06
5306,detenu,2,6.872238219265633e-06
5307,meaningless,2,6.872238219265633e-06
5308,twice,2,6.872238219265633e-06
5309,governmental,2,6.872238219265633e-06
5310,enactments,2,6.872238219265633e-06
5311,agreements,2,6.872238219265633e-06
5312,assures,2,6.872238219265633e-06
5313,comprehensive,2,6.872238219265633e-06
5314,justiciable,2,6.872238219265633e-06
5315,fledged,2,6.872238219265633e-06
5316,disabled,2,6.872238219265633e-06
5317,fulfils,2,6.872238219265633e-06
5318,deprives,2,6.872238219265633e-06
5319,legislating,2,6.872238219265633e-06
5320,legislated,2,6.872238219265633e-06
5321,sibnath,2,6.872238219265633e-06
5322,negatives,2,6.872238219265633e-06
5323,obligatory,2,6.872238219265633e-06
5324,unspecified,2,6.872238219265633e-06
5325,nominal,2,6.872238219265633e-06
5326,intermediaries,2,6.872238219265633e-06
5327,improve,2,6.872238219265633e-06
5328,democratic,2,6.872238219265633e-06
5329,doubting,2,6.872238219265633e-06
5330,implicit,2,6.872238219265633e-06
5331,zamindaris,2,6.872238219265633e-06
5332,delegation,2,6.872238219265633e-06
5333,voted,2,6.872238219265633e-06
5334,straightway,2,6.872238219265633e-06
5335,undoubted,2,6.872238219265633e-06
5336,malikan,2,6.872238219265633e-06
5337,itthe,2,6.872238219265633e-06
5338,benefitunder,2,6.872238219265633e-06
5339,pattern,2,6.872238219265633e-06
5340,inflate,2,6.872238219265633e-06
5341,deflate,2,6.872238219265633e-06
5342,jalkar,2,6.872238219265633e-06
5343,bankar,2,6.872238219265633e-06
5344,flat,2,6.872238219265633e-06
5345,jagir,2,6.872238219265633e-06
5346,muafi,2,6.872238219265633e-06
5347,vital,2,6.872238219265633e-06
5348,gathered,2,6.872238219265633e-06
5349,growth,2,6.872238219265633e-06
5350,dignities,2,6.872238219265633e-06
5351,extraordinary,2,6.872238219265633e-06
5352,publish,2,6.872238219265633e-06
5353,enjoying,2,6.872238219265633e-06
5354,hoc,2,6.872238219265633e-06
5355,xxxvii,2,6.872238219265633e-06
5356,liberal,2,6.872238219265633e-06
5357,composite,2,6.872238219265633e-06
5358,dominion,2,6.872238219265633e-06
5359,rulers,2,6.872238219265633e-06
5360,enclosures,2,6.872238219265633e-06
5361,sites,2,6.872238219265633e-06
5362,tanks,2,6.872238219265633e-06
5363,makbuza,2,6.872238219265633e-06
5364,similarity,2,6.872238219265633e-06
5365,hats,2,6.872238219265633e-06
5366,bazars,2,6.872238219265633e-06
5367,grazing,2,6.872238219265633e-06
5368,forest,2,6.872238219265633e-06
5369,schedules,2,6.872238219265633e-06
5370,titles,2,6.872238219265633e-06
5371,grass,2,6.872238219265633e-06
5372,channels,2,6.872238219265633e-06
5373,neighbourhood,2,6.872238219265633e-06
5374,efficient,2,6.872238219265633e-06
5375,empower,2,6.872238219265633e-06
5376,abridges,2,6.872238219265633e-06
5377,emerged,2,6.872238219265633e-06
5378,endorsing,2,6.872238219265633e-06
5379,reproduce,2,6.872238219265633e-06
5380,loath,2,6.872238219265633e-06
5381,speech,2,6.872238219265633e-06
5382,accidental,2,6.872238219265633e-06
5383,cured,2,6.872238219265633e-06
5384,grammatically,2,6.872238219265633e-06
5385,analysed,2,6.872238219265633e-06
5386,recapitulate,2,6.872238219265633e-06
5387,discuss,2,6.872238219265633e-06
5388,regularity,2,6.872238219265633e-06
5389,spontaneous,2,6.872238219265633e-06
5390,volves,2,6.872238219265633e-06
5391,adjudicators,2,6.872238219265633e-06
5392,textile,2,6.872238219265633e-06
5393,solar,2,6.872238219265633e-06
5394,absurd,2,6.872238219265633e-06
5395,condone,2,6.872238219265633e-06
5396,depriving,2,6.872238219265633e-06
5397,divorced,2,6.872238219265633e-06
5398,adapted,2,6.872238219265633e-06
5399,occupy,2,6.872238219265633e-06
5400,adoptive,2,6.872238219265633e-06
5401,plus,2,6.872238219265633e-06
5402,separating,2,6.872238219265633e-06
5403,estatethe,2,6.872238219265633e-06
5404,landed,2,6.872238219265633e-06
5405,indivisible,2,6.872238219265633e-06
5406,esolution,2,6.872238219265633e-06
5407,casea,2,6.872238219265633e-06
5408,regranted,2,6.872238219265633e-06
5409,dharwar,2,6.872238219265633e-06
5410,sharethe,2,6.872238219265633e-06
5411,def,2,6.872238219265633e-06
5412,advent,2,6.872238219265633e-06
5413,scene,2,6.872238219265633e-06
5414,inams,2,6.872238219265633e-06
5415,bahirojirao,2,6.872238219265633e-06
5416,kolhapur,2,6.872238219265633e-06
5417,allowedthe,2,6.872238219265633e-06
5418,yashwantraos,2,6.872238219265633e-06
5419,wahivat,2,6.872238219265633e-06
5420,safeguarded,2,6.872238219265633e-06
5421,discloses,2,6.872238219265633e-06
5422,remembrancer,2,6.872238219265633e-06
5423,collectors,2,6.872238219265633e-06
5424,republished,2,6.872238219265633e-06
5425,probably,2,6.872238219265633e-06
5426,southern,2,6.872238219265633e-06
5427,bhaubands,2,6.872238219265633e-06
5428,watan,2,6.872238219265633e-06
5429,retainers,2,6.872238219265633e-06
5430,fort,2,6.872238219265633e-06
5431,seat,2,6.872238219265633e-06
5432,distribute,2,6.872238219265633e-06
5433,ceremonial,2,6.872238219265633e-06
5434,customary,2,6.872238219265633e-06
5435,overlooks,2,6.872238219265633e-06
5436,begging,2,6.872238219265633e-06
5437,nagendra,2,6.872238219265633e-06
5438,bose,2,6.872238219265633e-06
5439,unfettered,2,6.872238219265633e-06
5440,surely,2,6.872238219265633e-06
5441,critical,2,6.872238219265633e-06
5442,initiation,2,6.872238219265633e-06
5443,fawcett,2,6.872238219265633e-06
5444,mon,2,6.872238219265633e-06
5445,hoogly,2,6.872238219265633e-06
5446,shaik,2,6.872238219265633e-06
5447,majesty,2,6.872238219265633e-06
5448,suitor,2,6.872238219265633e-06
5449,resist,2,6.872238219265633e-06
5450,requirment,2,6.872238219265633e-06
5451,introduces,2,6.872238219265633e-06
5452,peremptorily,2,6.872238219265633e-06
5453,macnaghten,2,6.872238219265633e-06
5454,unhampered,2,6.872238219265633e-06
5455,shankar,2,6.872238219265633e-06
5456,dayal,2,6.872238219265633e-06
5457,zamin,2,6.872238219265633e-06
5458,khan,2,6.872238219265633e-06
5459,genda,2,6.872238219265633e-06
5460,shridar,2,6.872238219265633e-06
5461,gordhan,2,6.872238219265633e-06
5462,submited,2,6.872238219265633e-06
5463,akola,2,6.872238219265633e-06
5464,rankin,2,6.872238219265633e-06
5465,apppllants,2,6.872238219265633e-06
5466,clog,2,6.872238219265633e-06
5467,dalmuddin,2,6.872238219265633e-06
5468,remark,2,6.872238219265633e-06
5469,shaikh,2,6.872238219265633e-06
5470,hasan,2,6.872238219265633e-06
5471,defaulting,2,6.872238219265633e-06
5472,coke,2,6.872238219265633e-06
5473,subordinated,2,6.872238219265633e-06
5474,criminatory,2,6.872238219265633e-06
5475,locating,2,6.872238219265633e-06
5476,contracting,2,6.872238219265633e-06
5477,ticklish,2,6.872238219265633e-06
5478,problems,2,6.872238219265633e-06
5479,uncertainties,2,6.872238219265633e-06
5480,tran,2,6.872238219265633e-06
5481,buyers,2,6.872238219265633e-06
5482,blush,2,6.872238219265633e-06
5483,corollary,2,6.872238219265633e-06
5484,accord,2,6.872238219265633e-06
5485,disposition,2,6.872238219265633e-06
5486,separability,2,6.872238219265633e-06
5487,wallace,2,6.872238219265633e-06
5488,picked,2,6.872238219265633e-06
5489,cumulation,2,6.872238219265633e-06
5490,consuming,2,6.872238219265633e-06
5491,posed,2,6.872238219265633e-06
5492,upholding,2,6.872238219265633e-06
5493,economic,2,6.872238219265633e-06
5494,authors,2,6.872238219265633e-06
5495,devise,2,6.872238219265633e-06
5496,enacting,2,6.872238219265633e-06
5497,simpler,2,6.872238219265633e-06
5498,workable,2,6.872238219265633e-06
5499,easy,2,6.872238219265633e-06
5500,boundary,2,6.872238219265633e-06
5501,retains,2,6.872238219265633e-06
5502,masks,2,6.872238219265633e-06
5503,reexport,2,6.872238219265633e-06
5504,phase,2,6.872238219265633e-06
5505,fettering,2,6.872238219265633e-06
5506,aimed,2,6.872238219265633e-06
5507,economy,2,6.872238219265633e-06
5508,lubricants,2,6.872238219265633e-06
5509,exporting,2,6.872238219265633e-06
5510,impeding,2,6.872238219265633e-06
5511,perversion,2,6.872238219265633e-06
5512,drive,2,6.872238219265633e-06
5513,custom,2,6.872238219265633e-06
5514,severable,2,6.872238219265633e-06
5515,fix,2,6.872238219265633e-06
5516,administratively,2,6.872238219265633e-06
5517,worthwhile,2,6.872238219265633e-06
5518,desist,2,6.872238219265633e-06
5519,arid,2,6.872238219265633e-06
5520,regardless,2,6.872238219265633e-06
5521,disdistinguishing,2,6.872238219265633e-06
5522,prerogative,2,6.872238219265633e-06
5523,offending,2,6.872238219265633e-06
5524,perfectly,2,6.872238219265633e-06
5525,occasioned,2,6.872238219265633e-06
5526,repeat,2,6.872238219265633e-06
5527,overlooking,2,6.872238219265633e-06
5528,governs,2,6.872238219265633e-06
5529,exports,2,6.872238219265633e-06
5530,concrete,2,6.872238219265633e-06
5531,differently,2,6.872238219265633e-06
5532,rulemaking,2,6.872238219265633e-06
5533,prehensive,2,6.872238219265633e-06
5534,resale,2,6.872238219265633e-06
5535,assimilating,2,6.872238219265633e-06
5536,complain,2,6.872238219265633e-06
5537,unquestionably,2,6.872238219265633e-06
5538,radios,2,6.872238219265633e-06
5539,petrol,2,6.872238219265633e-06
5540,kerosene,2,6.872238219265633e-06
5541,octroi,2,6.872238219265633e-06
5542,vehicle,2,6.872238219265633e-06
5543,respondentsthe,2,6.872238219265633e-06
5544,chagla,2,6.872238219265633e-06
5545,advocatesgeneral,2,6.872238219265633e-06
5546,xli,2,6.872238219265633e-06
5547,intervened,2,6.872238219265633e-06
5548,cheaply,2,6.872238219265633e-06
5549,foster,2,6.872238219265633e-06
5550,delegated,2,6.872238219265633e-06
5551,arguable,2,6.872238219265633e-06
5552,intercourse,2,6.872238219265633e-06
5553,discriminate,2,6.872238219265633e-06
5554,expla,2,6.872238219265633e-06
5555,nation,2,6.872238219265633e-06
5556,grammatical,2,6.872238219265633e-06
5557,expressions,2,6.872238219265633e-06
5558,deferred,2,6.872238219265633e-06
5559,subscriptions,2,6.872238219265633e-06
5560,hypothecation,2,6.872238219265633e-06
5561,consigned,2,6.872238219265633e-06
5562,transgression,2,6.872238219265633e-06
5563,volume,2,6.872238219265633e-06
5564,setalvad,2,6.872238219265633e-06
5565,mehta,2,6.872238219265633e-06
5566,bombayit,2,6.872238219265633e-06
5567,realises,2,6.872238219265633e-06
5568,utilises,2,6.872238219265633e-06
5569,rational,2,6.872238219265633e-06
5570,mulcted,2,6.872238219265633e-06
5571,marlet,2,6.872238219265633e-06
5572,pecuniary,2,6.872238219265633e-06
5573,disregarding,2,6.872238219265633e-06
5574,technicalities,2,6.872238219265633e-06
5575,artificial,2,6.872238219265633e-06
5576,entities,2,6.872238219265633e-06
5577,cah,2,6.872238219265633e-06
5578,mehtod,2,6.872238219265633e-06
5579,reflects,2,6.872238219265633e-06
5580,finances,2,6.872238219265633e-06
5581,truthful,2,6.872238219265633e-06
5582,appreciates,2,6.872238219265633e-06
5583,depreciates,2,6.872238219265633e-06
5584,computation,2,6.872238219265633e-06
5585,rectification,2,6.872238219265633e-06
5586,fas,2,6.872238219265633e-06
5587,erroneously,2,6.872238219265633e-06
5588,valuing,2,6.872238219265633e-06
5589,wether,2,6.872238219265633e-06
5590,acn,2,6.872238219265633e-06
5591,profithe,2,6.872238219265633e-06
5592,afirmative,2,6.872238219265633e-06
5593,agianst,2,6.872238219265633e-06
5594,beneficiaries,2,6.872238219265633e-06
5595,virtually,2,6.872238219265633e-06
5596,draws,2,6.872238219265633e-06
5597,entity,2,6.872238219265633e-06
5598,justifies,2,6.872238219265633e-06
5599,ropes,2,6.872238219265633e-06
5600,noteworthy,2,6.872238219265633e-06
5601,recast,2,6.872238219265633e-06
5602,balraj,2,6.872238219265633e-06
5603,kunwar,2,6.872238219265633e-06
5604,jagatpal,2,6.872238219265633e-06
5605,chargeability,2,6.872238219265633e-06
5606,estimating,2,6.872238219265633e-06
5607,deletion,2,6.872238219265633e-06
5608,palin,2,6.872238219265633e-06
5609,resettling,2,6.872238219265633e-06
5610,canvassed,2,6.872238219265633e-06
5611,magical,2,6.872238219265633e-06
5612,questionin,2,6.872238219265633e-06
5613,lent,2,6.872238219265633e-06
5614,attributable,2,6.872238219265633e-06
5615,yearthe,2,6.872238219265633e-06
5616,qualify,2,6.872238219265633e-06
5617,reproduces,2,6.872238219265633e-06
5618,preponderance,2,6.872238219265633e-06
5619,independently,2,6.872238219265633e-06
5620,conferring,2,6.872238219265633e-06
5621,revisional,2,6.872238219265633e-06
5622,modifications,2,6.872238219265633e-06
5623,arbitrarily,2,6.872238219265633e-06
5624,bounds,2,6.872238219265633e-06
5625,appelants,2,6.872238219265633e-06
5626,lump,2,6.872238219265633e-06
5627,alling,2,6.872238219265633e-06
5628,admitting,2,6.872238219265633e-06
5629,pendency,2,6.872238219265633e-06
5630,entertainable,2,6.872238219265633e-06
5631,errors,2,6.872238219265633e-06
5632,tribunalsthe,2,6.872238219265633e-06
5633,reaffirm,2,6.872238219265633e-06
5634,administered,2,6.872238219265633e-06
5635,voters,2,6.872238219265633e-06
5636,furthering,2,6.872238219265633e-06
5637,merging,2,6.872238219265633e-06
5638,lieutenant,2,6.872238219265633e-06
5639,administers,2,6.872238219265633e-06
5640,closely,2,6.872238219265633e-06
5641,grouped,2,6.872238219265633e-06
5642,antecedent,2,6.872238219265633e-06
5643,personation,2,6.872238219265633e-06
5644,booths,2,6.872238219265633e-06
5645,assembled,2,6.872238219265633e-06
5646,adapting,2,6.872238219265633e-06
5647,interrogate,2,6.872238219265633e-06
5648,invites,2,6.872238219265633e-06
5649,mentioning,2,6.872238219265633e-06
5650,precedence,2,6.872238219265633e-06
5651,finished,2,6.872238219265633e-06
5652,confinement,2,6.872238219265633e-06
5653,refrains,2,6.872238219265633e-06
5654,glide,2,6.872238219265633e-06
5655,memories,2,6.872238219265633e-06
5656,grown,2,6.872238219265633e-06
5657,dim,2,6.872238219265633e-06
5658,ample,2,6.872238219265633e-06
5659,intend,2,6.872238219265633e-06
5660,prejudge,2,6.872238219265633e-06
5661,innocence,2,6.872238219265633e-06
5662,ordinate,2,6.872238219265633e-06
5663,appelable,2,6.872238219265633e-06
5664,swore,2,6.872238219265633e-06
5665,abate,2,6.872238219265633e-06
5666,ceasing,2,6.872238219265633e-06
5667,scrutiny,2,6.872238219265633e-06
5668,won,2,6.872238219265633e-06
5669,conform,2,6.872238219265633e-06
5670,propositions,2,6.872238219265633e-06
5671,practices,2,6.872238219265633e-06
5672,presentation,2,6.872238219265633e-06
5673,jaswant,2,6.872238219265633e-06
5674,brahma,2,6.872238219265633e-06
5675,sarup,2,6.872238219265633e-06
5676,prashad,2,6.872238219265633e-06
5677,poddar,2,6.872238219265633e-06
5678,obstacle,2,6.872238219265633e-06
5679,presenting,2,6.872238219265633e-06
5680,peremptory,2,6.872238219265633e-06
5681,himsection,2,6.872238219265633e-06
5682,alleges,2,6.872238219265633e-06
5683,empowering,2,6.872238219265633e-06
5684,complies,2,6.872238219265633e-06
5685,typed,2,6.872238219265633e-06
5686,imaginary,2,6.872238219265633e-06
5687,consented,2,6.872238219265633e-06
5688,transpiring,2,6.872238219265633e-06
5689,induce,2,6.872238219265633e-06
5690,avert,2,6.872238219265633e-06
5691,bangshidari,2,6.872238219265633e-06
5692,keshav,2,6.872238219265633e-06
5693,alienees,2,6.872238219265633e-06
5694,monokarnikas,2,6.872238219265633e-06
5695,lends,2,6.872238219265633e-06
5696,eventual,2,6.872238219265633e-06
5697,anyone,2,6.872238219265633e-06
5698,perties,2,6.872238219265633e-06
5699,courton,2,6.872238219265633e-06
5700,hypothecate,2,6.872238219265633e-06
5701,urgent,2,6.872238219265633e-06
5702,vakil,2,6.872238219265633e-06
5703,baroda,2,6.872238219265633e-06
5704,sarkar,2,6.872238219265633e-06
5705,gums,2,6.872238219265633e-06
5706,ostensible,2,6.872238219265633e-06
5707,institute,2,6.872238219265633e-06
5708,minds,2,6.872238219265633e-06
5709,moral,2,6.872238219265633e-06
5710,excuse,2,6.872238219265633e-06
5711,household,2,6.872238219265633e-06
5712,haripadathe,2,6.872238219265633e-06
5713,dispos,2,6.872238219265633e-06
5714,measured,2,6.872238219265633e-06
5715,shyama,2,6.872238219265633e-06
5716,indemnity,2,6.872238219265633e-06
5717,lenders,2,6.872238219265633e-06
5718,devolved,2,6.872238219265633e-06
5719,exectued,2,6.872238219265633e-06
5720,reversions,2,6.872238219265633e-06
5721,rangasami,2,6.872238219265633e-06
5722,bajrangi,2,6.872238219265633e-06
5723,root,2,6.872238219265633e-06
5724,williston,2,6.872238219265633e-06
5725,outrage,2,6.872238219265633e-06
5726,conscience,2,6.872238219265633e-06
5727,revolved,2,6.872238219265633e-06
5728,fifth,2,6.872238219265633e-06
5729,cardinal,2,6.872238219265633e-06
5730,media,2,6.872238219265633e-06
5731,conspiracy,2,6.872238219265633e-06
5732,forge,2,6.872238219265633e-06
5733,dolo,2,6.872238219265633e-06
5734,malo,2,6.872238219265633e-06
5735,withheld,2,6.872238219265633e-06
5736,ryotikasht,2,6.872238219265633e-06
5737,motihari,2,6.872238219265633e-06
5738,contingency,2,6.872238219265633e-06
5739,deceive,2,6.872238219265633e-06
5740,maxims,2,6.872238219265633e-06
5741,restitutio,2,6.872238219265633e-06
5742,integrum,2,6.872238219265633e-06
5743,beneficiary,2,6.872238219265633e-06
5744,medium,2,6.872238219265633e-06
5745,bowmakers,2,6.872238219265633e-06
5746,worthy,2,6.872238219265633e-06
5747,bahadur,2,6.872238219265633e-06
5748,settlements,2,6.872238219265633e-06
5749,unduly,2,6.872238219265633e-06
5750,raiyat,2,6.872238219265633e-06
5751,wishing,2,6.872238219265633e-06
5752,raiyati,2,6.872238219265633e-06
5753,signatories,2,6.872238219265633e-06
5754,cls,2,6.872238219265633e-06
5755,adverted,2,6.872238219265633e-06
5756,themin,2,6.872238219265633e-06
5757,poles,2,6.872238219265633e-06
5758,avid,2,6.872238219265633e-06
5759,asserting,2,6.872238219265633e-06
5760,kabalas,2,6.872238219265633e-06
5761,proceedingsin,2,6.872238219265633e-06
5762,bijbania,2,6.872238219265633e-06
5763,asin,2,6.872238219265633e-06
5764,bhado,2,6.872238219265633e-06
5765,mansfield,2,6.872238219265633e-06
5766,holman,2,6.872238219265633e-06
5767,employs,2,6.872238219265633e-06
5768,robbery,2,6.872238219265633e-06
5769,examples,2,6.872238219265633e-06
5770,pritchard,2,6.872238219265633e-06
5771,machines,2,6.872238219265633e-06
5772,appellantthe,2,6.872238219265633e-06
5773,impliedly,2,6.872238219265633e-06
5774,remit,2,6.872238219265633e-06
5775,sender,2,6.872238219265633e-06
5776,lucas,2,6.872238219265633e-06
5777,imperial,2,6.872238219265633e-06
5778,imperfect,2,6.872238219265633e-06
5779,signification,2,6.872238219265633e-06
5780,wanting,2,6.872238219265633e-06
5781,denoted,2,6.872238219265633e-06
5782,emergent,2,6.872238219265633e-06
5783,unregistered,2,6.872238219265633e-06
5784,synonymous,2,6.872238219265633e-06
5785,operates,2,6.872238219265633e-06
5786,scrip,2,6.872238219265633e-06
5787,feree,2,6.872238219265633e-06
5788,completes,2,6.872238219265633e-06
5789,handing,2,6.872238219265633e-06
5790,shareholdersit,2,6.872238219265633e-06
5791,actin,2,6.872238219265633e-06
5792,deducts,2,6.872238219265633e-06
5793,undersection,2,6.872238219265633e-06
5794,lopes,2,6.872238219265633e-06
5795,madesection,2,6.872238219265633e-06
5796,consolidation,2,6.872238219265633e-06
5797,nanney,2,6.872238219265633e-06
5798,blott,2,6.872238219265633e-06
5799,viscount,2,6.872238219265633e-06
5800,cave,2,6.872238219265633e-06
5801,syndicate,2,6.872238219265633e-06
5802,casein,2,6.872238219265633e-06
5803,afraid,2,6.872238219265633e-06
5804,wadala,2,6.872238219265633e-06
5805,fulfilment,2,6.872238219265633e-06
5806,claimants,2,6.872238219265633e-06
5807,extraneous,2,6.872238219265633e-06
5808,unconnected,2,6.872238219265633e-06
5809,survives,2,6.872238219265633e-06
5810,debits,2,6.872238219265633e-06
5811,ignore,2,6.872238219265633e-06
5812,literally,2,6.872238219265633e-06
5813,inexorable,2,6.872238219265633e-06
5814,decreasing,2,6.872238219265633e-06
5815,insufficient,2,6.872238219265633e-06
5816,rashtreeya,2,6.872238219265633e-06
5817,sangh,2,6.872238219265633e-06
5818,contribute,2,6.872238219265633e-06
5819,earnings,2,6.872238219265633e-06
5820,concerti,2,6.872238219265633e-06
5821,abnormal,2,6.872238219265633e-06
5822,enunciated,2,6.872238219265633e-06
5823,tardeo,2,6.872238219265633e-06
5824,recoup,2,6.872238219265633e-06
5825,negativing,2,6.872238219265633e-06
5826,daily,2,6.872238219265633e-06
5827,attaching,2,6.872238219265633e-06
5828,hill,2,6.872238219265633e-06
5829,sree,2,6.872238219265633e-06
5830,tribudals,2,6.872238219265633e-06
5831,surplusfor,2,6.872238219265633e-06
5832,associated,2,6.872238219265633e-06
5833,disappeared,2,6.872238219265633e-06
5834,facilitating,2,6.872238219265633e-06
5835,singular,2,6.872238219265633e-06
5836,borgavi,2,6.872238219265633e-06
5837,teli,2,6.872238219265633e-06
5838,khata,2,6.872238219265633e-06
5839,issueless,2,6.872238219265633e-06
5840,ganpat,2,6.872238219265633e-06
5841,transpires,2,6.872238219265633e-06
5842,testament,2,6.872238219265633e-06
5843,bequeathing,2,6.872238219265633e-06
5844,transposed,2,6.872238219265633e-06
5845,outsider,2,6.872238219265633e-06
5846,khendu,2,6.872238219265633e-06
5847,kedu,2,6.872238219265633e-06
5848,lamp,2,6.872238219265633e-06
5849,tholaba,2,6.872238219265633e-06
5850,pronouncements,2,6.872238219265633e-06
5851,integra,2,6.872238219265633e-06
5852,balting,2,6.872238219265633e-06
5853,slender,2,6.872238219265633e-06
5854,rejoin,2,6.872238219265633e-06
5855,scanty,2,6.872238219265633e-06
5856,readily,2,6.872238219265633e-06
5857,semi,2,6.872238219265633e-06
5858,committees,2,6.872238219265633e-06
5859,alleviation,2,6.872238219265633e-06
5860,aim,2,6.872238219265633e-06
5861,induced,2,6.872238219265633e-06
5862,incentive,2,6.872238219265633e-06
5863,agriculture,2,6.872238219265633e-06
5864,landless,2,6.872238219265633e-06
5865,rural,2,6.872238219265633e-06
5866,complexity,2,6.872238219265633e-06
5867,halting,2,6.872238219265633e-06
5868,semiskilled,2,6.872238219265633e-06
5869,frontier,2,6.872238219265633e-06
5870,contraven,2,6.872238219265633e-06
5871,postponement,2,6.872238219265633e-06
5872,erectness,2,6.872238219265633e-06
5873,vitiate,2,6.872238219265633e-06
5874,shortly,2,6.872238219265633e-06
5875,narrating,2,6.872238219265633e-06
5876,crossexamine,2,6.872238219265633e-06
5877,incriminating,2,6.872238219265633e-06
5878,emphasise,2,6.872238219265633e-06
5879,undermentioned,2,6.872238219265633e-06
5880,ax,2,6.872238219265633e-06
5881,multipoint,2,6.872238219265633e-06
5882,international,2,6.872238219265633e-06
5883,enjoyed,2,6.872238219265633e-06
5884,tanning,2,6.872238219265633e-06
5885,suited,2,6.872238219265633e-06
5886,leavethe,2,6.872238219265633e-06
5887,venkatarama,2,6.872238219265633e-06
5888,annuities,2,6.872238219265633e-06
5889,kesarkunverba,2,6.872238219265633e-06
5890,saheb,2,6.872238219265633e-06
5891,rajmata,2,6.872238219265633e-06
5892,lukhdhirji,2,6.872238219265633e-06
5893,treasury,2,6.872238219265633e-06
5894,budget,2,6.872238219265633e-06
5895,kesar,2,6.872238219265633e-06
5896,kunverba,2,6.872238219265633e-06
5897,boundaries,2,6.872238219265633e-06
5898,annexures,2,6.872238219265633e-06
5899,rangpur,2,6.872238219265633e-06
5900,conferences,2,6.872238219265633e-06
5901,regional,2,6.872238219265633e-06
5902,persuaded,2,6.872238219265633e-06
5903,replied,2,6.872238219265633e-06
5904,press,2,6.872238219265633e-06
5905,recitals,2,6.872238219265633e-06
5906,maha,2,6.872238219265633e-06
5907,dahisarais,2,6.872238219265633e-06
5908,immemorial,2,6.872238219265633e-06
5909,convict,2,6.872238219265633e-06
5910,offender,2,6.872238219265633e-06
5911,individually,2,6.872238219265633e-06
5912,cr,2,6.872238219265633e-06
5913,tahsildars,2,6.872238219265633e-06
5914,kanjirappally,2,6.872238219265633e-06
5915,taluks,2,6.872238219265633e-06
5916,xxxvi,2,6.872238219265633e-06
5917,chaudhary,2,6.872238219265633e-06
5918,xxviii,2,6.872238219265633e-06
5919,elect,2,6.872238219265633e-06
5920,deli,2,6.872238219265633e-06
5921,ver,2,6.872238219265633e-06
5922,elects,2,6.872238219265633e-06
5923,erection,2,6.872238219265633e-06
5924,directive,2,6.872238219265633e-06
5925,obeyed,2,6.872238219265633e-06
5926,lacuna,2,6.872238219265633e-06
5927,fills,2,6.872238219265633e-06
5928,contingent,2,6.872238219265633e-06
5929,dhanbad,2,6.872238219265633e-06
5930,limitations,2,6.872238219265633e-06
5931,universally,2,6.872238219265633e-06
5932,attained,2,6.872238219265633e-06
5933,hereafter,2,6.872238219265633e-06
5934,tribunalin,2,6.872238219265633e-06
5935,bijoy,2,6.872238219265633e-06
5936,ante,2,6.872238219265633e-06
5937,firebricks,2,6.872238219265633e-06
5938,potteries,2,6.872238219265633e-06
5939,grades,2,6.872238219265633e-06
5940,gradually,2,6.872238219265633e-06
5941,consolidated,2,6.872238219265633e-06
5942,bankers,2,6.872238219265633e-06
5943,allot,2,6.872238219265633e-06
5944,utilized,2,6.872238219265633e-06
5945,bachawat,2,6.872238219265633e-06
5946,pearey,2,6.872238219265633e-06
5947,impending,2,6.872238219265633e-06
5948,moveable,2,6.872238219265633e-06
5949,depositors,2,6.872238219265633e-06
5950,moratorium,2,6.872238219265633e-06
5951,lac,2,6.872238219265633e-06
5952,approaches,2,6.872238219265633e-06
5953,expense,2,6.872238219265633e-06
5954,harsh,2,6.872238219265633e-06
5955,touching,2,6.872238219265633e-06
5956,mismanaged,2,6.872238219265633e-06
5957,preserves,2,6.872238219265633e-06
5958,mattersthe,2,6.872238219265633e-06
5959,secret,2,6.872238219265633e-06
5960,inexorably,2,6.872238219265633e-06
5961,circumstancesthe,2,6.872238219265633e-06
5962,alternatively,2,6.872238219265633e-06
5963,impediment,2,6.872238219265633e-06
5964,examinationif,2,6.872238219265633e-06
5965,vict,2,6.872238219265633e-06
5966,geo,2,6.872238219265633e-06
5967,assimilated,2,6.872238219265633e-06
5968,australian,2,6.872238219265633e-06
5969,prosecuting,2,6.872238219265633e-06
5970,sameit,2,6.872238219265633e-06
5971,contributory,2,6.872238219265633e-06
5972,writings,2,6.872238219265633e-06
5973,evade,2,6.872238219265633e-06
5974,postponing,2,6.872238219265633e-06
5975,mavile,2,6.872238219265633e-06
5976,hose,2,6.872238219265633e-06
5977,premature,2,6.872238219265633e-06
5978,assessments,2,6.872238219265633e-06
5979,omitting,2,6.872238219265633e-06
5980,quotation,2,6.872238219265633e-06
5981,speculation,2,6.872238219265633e-06
5982,rendered,2,6.872238219265633e-06
5983,quid,2,6.872238219265633e-06
5984,annually,2,6.872238219265633e-06
5985,conferral,2,6.872238219265633e-06
5986,affecting,2,6.872238219265633e-06
5987,declining,2,6.872238219265633e-06
5988,regime,2,6.872238219265633e-06
5989,domicile,2,6.872238219265633e-06
5990,relax,2,6.872238219265633e-06
5991,respondentthe,2,6.872238219265633e-06
5992,sterling,2,6.872238219265633e-06
5993,federation,2,6.872238219265633e-06
5994,promulgated,2,6.872238219265633e-06
5995,havining,2,6.872238219265633e-06
5996,bon,2,6.872238219265633e-06
5997,inherits,2,6.872238219265633e-06
5998,sagotra,2,6.872238219265633e-06
5999,bhinnagotra,2,6.872238219265633e-06
6000,sapinda,2,6.872238219265633e-06
6001,regret,2,6.872238219265633e-06
6002,postpones,2,6.872238219265633e-06
6003,peculiar,2,6.872238219265633e-06
6004,bhagwantrao,2,6.872238219265633e-06
6005,punjaram,2,6.872238219265633e-06
6006,singhs,2,6.872238219265633e-06
6007,depart,2,6.872238219265633e-06
6008,concubinage,2,6.872238219265633e-06
6009,kamulammal,2,6.872238219265633e-06
6010,yielding,2,6.872238219265633e-06
6011,saliya,2,6.872238219265633e-06
6012,saugor,2,6.872238219265633e-06
6013,districts,2,6.872238219265633e-06
6014,anant,2,6.872238219265633e-06
6015,recognizing,2,6.872238219265633e-06
6016,assignees,2,6.872238219265633e-06
6017,pendente,2,6.872238219265633e-06
6018,lite,2,6.872238219265633e-06
6019,ramralhurai,2,6.872238219265633e-06
6020,jhutti,2,6.872238219265633e-06
6021,sukhai,2,6.872238219265633e-06
6022,lodhi,2,6.872238219265633e-06
6023,raghuraj,2,6.872238219265633e-06
6024,coneubinage,2,6.872238219265633e-06
6025,observable,2,6.872238219265633e-06
6026,shews,2,6.872238219265633e-06
6027,acquires,2,6.872238219265633e-06
6028,bre,2,6.872238219265633e-06
6029,thren,2,6.872238219265633e-06
6030,fatherfrom,2,6.872238219265633e-06
6031,regenerate,2,6.872238219265633e-06
6032,tribe,2,6.872238219265633e-06
6033,jogendra,2,6.872238219265633e-06
6034,bhupati,2,6.872238219265633e-06
6035,hurri,2,6.872238219265633e-06
6036,chundun,2,6.872238219265633e-06
6037,mahapatra,2,6.872238219265633e-06
6038,sudras,2,6.872238219265633e-06
6039,brethren,2,6.872238219265633e-06
6040,pleasure,2,6.872238219265633e-06
6041,nityanund,2,6.872238219265633e-06
6042,multiply,2,6.872238219265633e-06
6043,allotment,2,6.872238219265633e-06
6044,collect,2,6.872238219265633e-06
6045,mediators,2,6.872238219265633e-06
6046,unidentifiable,2,6.872238219265633e-06
6047,bogus,2,6.872238219265633e-06
6048,pretend,2,6.872238219265633e-06
6049,fictitious,2,6.872238219265633e-06
6050,themthe,2,6.872238219265633e-06
6051,speculative,2,6.872238219265633e-06
6052,unsuccessful,2,6.872238219265633e-06
6053,menu,2,6.872238219265633e-06
6054,reframed,2,6.872238219265633e-06
6055,curry,2,6.872238219265633e-06
6056,quarters,2,6.872238219265633e-06
6057,green,2,6.872238219265633e-06
6058,caterer,2,6.872238219265633e-06
6059,refreshment,2,6.872238219265633e-06
6060,rooms,2,6.872238219265633e-06
6061,stalls,2,6.872238219265633e-06
6062,justiceable,2,6.872238219265633e-06
6063,igno,2,6.872238219265633e-06
6064,raigarb,2,6.872238219265633e-06
6065,travelled,2,6.872238219265633e-06
6066,bold,2,6.872238219265633e-06
6067,misconceived,2,6.872238219265633e-06
6068,sorabji,2,6.872238219265633e-06
6069,goldsmith,2,6.872238219265633e-06
6070,profession,2,6.872238219265633e-06
6071,rajnandgaon,2,6.872238219265633e-06
6072,coin,2,6.872238219265633e-06
6073,ingot,2,6.872238219265633e-06
6074,refined,2,6.872238219265633e-06
6075,itthis,2,6.872238219265633e-06
6076,persisted,2,6.872238219265633e-06
6077,salutary,2,6.872238219265633e-06
6078,premise,2,6.872238219265633e-06
6079,chatterji,2,6.872238219265633e-06
6080,communicate,2,6.872238219265633e-06
6081,premium,2,6.872238219265633e-06
6082,speci,2,6.872238219265633e-06
6083,fied,2,6.872238219265633e-06
6084,notwith,2,6.872238219265633e-06
6085,repealed,2,6.872238219265633e-06
6086,hostel,2,6.872238219265633e-06
6087,hitkarni,2,6.872238219265633e-06
6088,extremity,2,6.872238219265633e-06
6089,subzimandi,2,6.872238219265633e-06
6090,passers,2,6.872238219265633e-06
6091,nuisance,2,6.872238219265633e-06
6092,river,2,6.872238219265633e-06
6093,quantities,2,6.872238219265633e-06
6094,perfect,2,6.872238219265633e-06
6095,obstructionthe,2,6.872238219265633e-06
6096,subjecting,2,6.872238219265633e-06
6097,trials,2,6.872238219265633e-06
6098,hauled,2,6.872238219265633e-06
6099,disability,2,6.872238219265633e-06
6100,cam,2,6.872238219265633e-06
6101,bimla,2,6.872238219265633e-06
6102,ben,2,6.872238219265633e-06
6103,settler,2,6.872238219265633e-06
6104,eminently,2,6.872238219265633e-06
6105,civilised,2,6.872238219265633e-06
6106,adequately,2,6.872238219265633e-06
6107,reliable,2,6.872238219265633e-06
6108,pointedly,2,6.872238219265633e-06
6109,unusual,2,6.872238219265633e-06
6110,bengali,2,6.872238219265633e-06
6111,sankranta,2,6.872238219265633e-06
6112,geries,2,6.872238219265633e-06
6113,yes,2,6.872238219265633e-06
6114,pondent,2,6.872238219265633e-06
6115,formulate,2,6.872238219265633e-06
6116,registrars,2,6.872238219265633e-06
6117,pethi,2,6.872238219265633e-06
6118,whereupon,2,6.872238219265633e-06
6119,attaches,2,6.872238219265633e-06
6120,tentative,2,6.872238219265633e-06
6121,wisdom,2,6.872238219265633e-06
6122,types,2,6.872238219265633e-06
6123,venkata,2,6.872238219265633e-06
6124,karuppan,2,6.872238219265633e-06
6125,appellantsthe,2,6.872238219265633e-06
6126,divergence,2,6.872238219265633e-06
6127,vakalapudi,2,6.872238219265633e-06
6128,ranga,2,6.872238219265633e-06
6129,mutyala,2,6.872238219265633e-06
6130,prudence,2,6.872238219265633e-06
6131,forethought,2,6.872238219265633e-06
6132,anticipating,2,6.872238219265633e-06
6133,negligence,2,6.872238219265633e-06
6134,victimise,2,6.872238219265633e-06
6135,enquire,2,6.872238219265633e-06
6136,diligent,2,6.872238219265633e-06
6137,sighted,2,6.872238219265633e-06
6138,assume,2,6.872238219265633e-06
6139,casted,2,6.872238219265633e-06
6140,statutorily,2,6.872238219265633e-06
6141,signs,2,6.872238219265633e-06
6142,dearness,2,6.872238219265633e-06
6143,moving,2,6.872238219265633e-06
6144,tinued,2,6.872238219265633e-06
6145,coltd,2,6.872238219265633e-06
6146,formerly,2,6.872238219265633e-06
6147,suppliers,2,6.872238219265633e-06
6148,shipment,2,6.872238219265633e-06
6149,roughly,2,6.872238219265633e-06
6150,jamshedpur,2,6.872238219265633e-06
6151,pipes,2,6.872238219265633e-06
6152,ferrous,2,6.872238219265633e-06
6153,thota,2,6.872238219265633e-06
6154,china,2,6.872238219265633e-06
6155,subba,2,6.872238219265633e-06
6156,mortgager,2,6.872238219265633e-06
6157,terest,2,6.872238219265633e-06
6158,entitles,2,6.872238219265633e-06
6159,tendering,2,6.872238219265633e-06
6160,refuses,2,6.872238219265633e-06
6161,xvi,2,6.872238219265633e-06
6162,subsisted,2,6.872238219265633e-06
6163,varieties,2,6.872238219265633e-06
6164,mortgagorif,2,6.872238219265633e-06
6165,acknowledg,2,6.872238219265633e-06
6166,supposes,2,6.872238219265633e-06
6167,cess,2,6.872238219265633e-06
6168,rangnath,2,6.872238219265633e-06
6169,oases,2,6.872238219265633e-06
6170,throw,2,6.872238219265633e-06
6171,repacked,2,6.872238219265633e-06
6172,metal,2,6.872238219265633e-06
6173,restrapped,2,6.872238219265633e-06
6174,strapping,2,6.872238219265633e-06
6175,statetment,2,6.872238219265633e-06
6176,discrediting,2,6.872238219265633e-06
6177,compass,2,6.872238219265633e-06
6178,bongaigoan,2,6.872238219265633e-06
6179,intensive,2,6.872238219265633e-06
6180,telephone,2,6.872238219265633e-06
6181,dissatisfaction,2,6.872238219265633e-06
6182,mala,2,6.872238219265633e-06
6183,fides,2,6.872238219265633e-06
6184,reinstate,2,6.872238219265633e-06
6185,colourable,2,6.872238219265633e-06
6186,slow,2,6.872238219265633e-06
6187,prominent,2,6.872238219265633e-06
6188,pasting,2,6.872238219265633e-06
6189,posters,2,6.872238219265633e-06
6190,poster,2,6.872238219265633e-06
6191,pasted,2,6.872238219265633e-06
6192,upside,2,6.872238219265633e-06
6193,educating,2,6.872238219265633e-06
6194,unfriendly,2,6.872238219265633e-06
6195,resented,2,6.872238219265633e-06
6196,persuading,2,6.872238219265633e-06
6197,chartered,2,6.872238219265633e-06
6198,practicethe,2,6.872238219265633e-06
6199,ting,2,6.872238219265633e-06
6200,suspended,2,6.872238219265633e-06
6201,sitani,2,6.872238219265633e-06
6202,textiles,2,6.872238219265633e-06
6203,fabrics,2,6.872238219265633e-06
6204,rulesthe,2,6.872238219265633e-06
6205,elphinstone,2,6.872238219265633e-06
6206,unjust,2,6.872238219265633e-06
6207,azeez,2,6.872238219265633e-06
6208,ernakulam,2,6.872238219265633e-06
6209,unbelievable,2,6.872238219265633e-06
6210,sequence,2,6.872238219265633e-06
6211,dwelling,2,6.872238219265633e-06
6212,renuka,2,6.872238219265633e-06
6213,inconceivable,2,6.872238219265633e-06
6214,nuances,2,6.872238219265633e-06
6215,animating,2,6.872238219265633e-06
6216,distinguish,2,6.872238219265633e-06
6217,identically,2,6.872238219265633e-06
6218,ramaswami,2,6.872238219265633e-06
6219,ayyangar,2,6.872238219265633e-06
6220,confederates,2,6.872238219265633e-06
6221,enterprise,2,6.872238219265633e-06
6222,planned,2,6.872238219265633e-06
6223,vicariously,2,6.872238219265633e-06
6224,decline,2,6.872238219265633e-06
6225,animosity,2,6.872238219265633e-06
6226,nearing,2,6.872238219265633e-06
6227,deceasedthe,2,6.872238219265633e-06
6228,chechat,2,6.872238219265633e-06
6229,testimony,2,6.872238219265633e-06
6230,hearsay,2,6.872238219265633e-06
6231,occurred,2,6.872238219265633e-06
6232,correction,2,6.872238219265633e-06
6233,typographical,2,6.872238219265633e-06
6234,listing,2,6.872238219265633e-06
6235,squarely,2,6.872238219265633e-06
6236,realm,2,6.872238219265633e-06
6237,overcoming,2,6.872238219265633e-06
6238,undeserving,2,6.872238219265633e-06
6239,confines,2,6.872238219265633e-06
6240,everyday,2,6.872238219265633e-06
6241,rajeev,2,6.872238219265633e-06
6242,dhawan,2,6.872238219265633e-06
6243,registry,2,6.872238219265633e-06
6244,housing,2,6.872238219265633e-06
6245,endorsed,2,6.872238219265633e-06
6246,ca,2,6.872238219265633e-06
6247,repetition,2,6.872238219265633e-06
6248,unfortunately,2,6.872238219265633e-06
6249,center,2,6.872238219265633e-06
6250,kindly,2,6.872238219265633e-06
6251,miserably,2,6.872238219265633e-06
6252,seemingly,2,6.872238219265633e-06
6253,questionable,2,6.872238219265633e-06
6254,response,2,6.872238219265633e-06
6255,ensuring,2,6.872238219265633e-06
6256,reporting,2,6.872238219265633e-06
6257,convince,2,6.872238219265633e-06
6258,belongs,2,6.872238219265633e-06
6259,fore,2,6.872238219265633e-06
6260,serviced,2,6.872238219265633e-06
6261,knowing,2,6.872238219265633e-06
6262,pros,2,6.872238219265633e-06
6263,mingle,2,6.872238219265633e-06
6264,gravity,2,6.872238219265633e-06
6265,mistake,2,6.872238219265633e-06
6266,absentees,2,6.872238219265633e-06
6267,ailment,2,6.872238219265633e-06
6268,udhayakumar,2,6.872238219265633e-06
6269,sekaran,2,6.872238219265633e-06
6270,aasir,2,6.872238219265633e-06
6271,studying,2,6.872238219265633e-06
6272,aazir,2,6.872238219265633e-06
6273,thayar,2,6.872238219265633e-06
6274,street,2,6.872238219265633e-06
6275,anna,2,6.872238219265633e-06
6276,salai,2,6.872238219265633e-06
6277,misconstrued,2,6.872238219265633e-06
6278,savariar,2,6.872238219265633e-06
6279,rook,2,6.872238219265633e-06
6280,tiffin,2,6.872238219265633e-06
6281,underlining,2,6.872238219265633e-06
6282,affixing,2,6.872238219265633e-06
6283,womens,2,6.872238219265633e-06
6284,saw,2,6.872238219265633e-06
6285,offer,2,6.872238219265633e-06
6286,famed,2,6.872238219265633e-06
6287,unauthorized,2,6.872238219265633e-06
6288,defend,2,6.872238219265633e-06
6289,conducting,2,6.872238219265633e-06
6290,grade,2,6.872238219265633e-06
6291,gurumurthi,2,6.872238219265633e-06
6292,balan,2,6.872238219265633e-06
6293,scribbling,2,6.872238219265633e-06
6294,un,2,6.872238219265633e-06
6295,fn,2,6.872238219265633e-06
6296,electrician,2,6.872238219265633e-06
6297,companymit,2,6.872238219265633e-06
6298,companymenced,2,6.872238219265633e-06
6299,companyering,2,6.872238219265633e-06
6300,companytains,2,6.872238219265633e-06
6301,numberes,2,6.872238219265633e-06
6302,companyrses,2,6.872238219265633e-06
6303,numbermore,2,6.872238219265633e-06
6304,companycerning,2,6.872238219265633e-06
6305,numberwithstanding,2,6.872238219265633e-06
6306,companytact,2,6.872238219265633e-06
6307,numberopposition,2,6.872238219265633e-06
6308,companysequently,2,6.872238219265633e-06
6309,denies,2,6.872238219265633e-06
6310,companyenant,2,6.872238219265633e-06
6311,companysequence,2,6.872238219265633e-06
6312,companytend,2,6.872238219265633e-06
6313,companyclusive,2,6.872238219265633e-06
6314,agarwal,2,6.872238219265633e-06
6315,numberright,2,6.872238219265633e-06
6316,companysumed,2,6.872238219265633e-06
6317,stop,2,6.872238219265633e-06
6318,smaller,2,6.872238219265633e-06
6319,companystant,2,6.872238219265633e-06
6320,numbermal,2,6.872238219265633e-06
6321,carrier,2,6.872238219265633e-06
6322,companytent,2,6.872238219265633e-06
6323,indicating,2,6.872238219265633e-06
6324,embodies,2,6.872238219265633e-06
6325,situations,2,6.872238219265633e-06
6326,companypletion,2,6.872238219265633e-06
6327,companyfined,2,6.872238219265633e-06
6328,badische,2,6.872238219265633e-06
6329,aniline,2,6.872238219265633e-06
6330,und,2,6.872238219265633e-06
6331,soda,2,6.872238219265633e-06
6332,fabrick,2,6.872238219265633e-06
6333,companypleted,2,6.872238219265633e-06
6334,companysist,2,6.872238219265633e-06
6335,dissolve,2,6.872238219265633e-06
6336,western,2,6.872238219265633e-06
6337,companytroller,2,6.872238219265633e-06
6338,companyply,2,6.872238219265633e-06
6339,companystituted,2,6.872238219265633e-06
6340,companycerns,2,6.872238219265633e-06
6341,numberlegal,2,6.872238219265633e-06
6342,knumber,2,6.872238219265633e-06
6343,numberavail,2,6.872238219265633e-06
6344,knumberledge,2,6.872238219265633e-06
6345,rayson,2,6.872238219265633e-06
6346,companytinues,2,6.872238219265633e-06
6347,companypliance,2,6.872238219265633e-06
6348,companypel,2,6.872238219265633e-06
6349,companyveyed,2,6.872238219265633e-06
6350,numberth,2,6.872238219265633e-06
6351,numberopportunity,2,6.872238219265633e-06
6352,companytravened,2,6.872238219265633e-06
6353,companytravention,2,6.872238219265633e-06
6354,repugnancy,2,6.872238219265633e-06
6355,companycessions,2,6.872238219265633e-06
6356,companytractors,2,6.872238219265633e-06
6357,numberbonus,2,6.872238219265633e-06
6358,numberperson,2,6.872238219265633e-06
6359,numberlegitimate,2,6.872238219265633e-06
6360,companymunity,2,6.872238219265633e-06
6361,companyment,2,6.872238219265633e-06
6362,companyviction,2,6.872238219265633e-06
6363,companyvicting,2,6.872238219265633e-06
6364,fee,2,6.872238219265633e-06
6365,circulated,2,6.872238219265633e-06
6366,undisputed,2,6.872238219265633e-06
6367,beds,2,6.872238219265633e-06
6368,nct,2,6.872238219265633e-06
6369,dropping,2,6.872238219265633e-06
6370,oxygen,2,6.872238219265633e-06
6371,ventilator,2,6.872238219265633e-06
6372,recoveries,2,6.872238219265633e-06
6373,threat,2,6.872238219265633e-06
6374,sqn,2,6.872238219265633e-06
6375,commander,2,6.872238219265633e-06
6376,randeep,2,6.872238219265633e-06
6377,rana,2,6.872238219265633e-06
6378,goel,2,6.872238219265633e-06
6379,ahlawat,2,6.872238219265633e-06
6380,abided,2,6.872238219265633e-06
6381,emergency,2,6.872238219265633e-06
6382,struggling,2,6.872238219265633e-06
6383,specialised,2,6.872238219265633e-06
6384,citizen,2,6.872238219265633e-06
6385,guidelines,2,6.872238219265633e-06
6386,baidya,2,6.872238219265633e-06
6387,amal,2,6.872238219265633e-06
6388,bb,2,6.872238219265633e-06
6389,gogoi,2,6.872238219265633e-06
6390,incorrect,2,6.872238219265633e-06
6391,cartoons,2,6.872238219265633e-06
6392,anirudh,2,6.872238219265633e-06
6393,distributorship,2,6.872238219265633e-06
6394,anm,2,6.872238219265633e-06
6395,invoice,2,6.872238219265633e-06
6396,generated,2,6.872238219265633e-06
6397,nl,2,6.872238219265633e-06
6398,ab,2,6.872238219265633e-06
6399,contrabands,2,6.872238219265633e-06
6400,queries,2,6.872238219265633e-06
6401,sh,2,6.872238219265633e-06
6402,ol,2,6.872238219265633e-06
6403,kmj,2,6.872238219265633e-06
6404,kamrup,2,6.872238219265633e-06
6405,shivbari,2,6.872238219265633e-06
6406,bora,2,6.872238219265633e-06
6407,transportation,2,6.872238219265633e-06
6408,rubber,2,6.872238219265633e-06
6409,anomalies,2,6.872238219265633e-06
6410,updated,2,6.872238219265633e-06
6411,arup,2,6.872238219265633e-06
6412,foul,2,6.872238219265633e-06
6413,misuse,2,6.872238219265633e-06
6414,codeine,2,6.872238219265633e-06
6415,narcotic,2,6.872238219265633e-06
6416,app,2,6.872238219265633e-06
6417,menace,2,6.872238219265633e-06
6418,propensity,2,6.872238219265633e-06
6419,dc,2,6.872238219265633e-06
6420,pd,2,6.872238219265633e-06
6421,unilaterally,2,6.872238219265633e-06
6422,brahmana,2,6.872238219265633e-06
6423,ferro,2,6.872238219265633e-06
6424,chromite,2,6.872238219265633e-06
6425,ore,2,6.872238219265633e-06
6426,technology,2,6.872238219265633e-06
6427,deliberations,2,6.872238219265633e-06
6428,pvt,2,6.872238219265633e-06
6429,kv,2,6.872238219265633e-06
6430,feeder,2,6.872238219265633e-06
6431,impact,2,6.872238219265633e-06
6432,crores,2,6.872238219265633e-06
6433,rider,2,6.872238219265633e-06
6434,deliberated,2,6.872238219265633e-06
6435,vice,2,6.872238219265633e-06
6436,versa,2,6.872238219265633e-06
6437,uts,2,6.872238219265633e-06
6438,ladakh,2,6.872238219265633e-06
6439,contra,2,6.872238219265633e-06
6440,amit,2,6.872238219265633e-06
6441,rectified,2,6.872238219265633e-06
6442,belated,2,6.872238219265633e-06
6443,gladly,2,6.872238219265633e-06
6444,conveys,2,6.872238219265633e-06
6445,rites,2,6.872238219265633e-06
6446,searching,2,6.872238219265633e-06
6447,threatening,2,6.872238219265633e-06
6448,pregnant,2,6.872238219265633e-06
6449,bahiram,2,6.872238219265633e-06
6450,livelihood,2,6.872238219265633e-06
6451,invited,2,6.872238219265633e-06
6452,dgls,2,6.872238219265633e-06
6453,y,2,6.872238219265633e-06
6454,w,2,6.872238219265633e-06
6455,motherhood,2,6.872238219265633e-06
6456,intentionally,2,6.872238219265633e-06
6457,ib,2,6.872238219265633e-06
6458,abuses,2,6.872238219265633e-06
6459,fear,2,6.872238219265633e-06
6460,pain,2,6.872238219265633e-06
6461,annoyance,2,6.872238219265633e-06
6462,irritation,2,6.872238219265633e-06
6463,gurbux,2,6.872238219265633e-06
6464,harminder,2,6.872238219265633e-06
6465,marital,2,6.872238219265633e-06
6466,forsaking,2,6.872238219265633e-06
6467,animus,2,6.872238219265633e-06
6468,deserendi,2,6.872238219265633e-06
6469,sudden,2,6.872238219265633e-06
6470,darshan,2,6.872238219265633e-06
6471,radhika,2,6.872238219265633e-06
6472,deserting,2,6.872238219265633e-06
6473,indulge,2,6.872238219265633e-06
6474,whatsapp,2,6.872238219265633e-06
6475,fve,2,6.872238219265633e-06
6476,species,2,6.872238219265633e-06
6477,defned,2,6.872238219265633e-06
6478,defnitely,2,6.872238219265633e-06
6479,custodial,2,6.872238219265633e-06
6480,dilution,2,6.872238219265633e-06
6481,rendition,2,6.872238219265633e-06
6482,offering,2,6.872238219265633e-06
6483,tobacco,2,6.872238219265633e-06
6484,supari,2,6.872238219265633e-06
6485,chillum,2,6.872238219265633e-06
6486,paan,2,6.872238219265633e-06
6487,mya,2,6.872238219265633e-06
6488,flavours,2,6.872238219265633e-06
6489,dharampal,2,6.872238219265633e-06
6490,satyapal,2,6.872238219265633e-06
6491,multi,2,6.872238219265633e-06
6492,masalas,2,6.872238219265633e-06
6493,distinctive,2,6.872238219265633e-06
6494,pouch,2,6.872238219265633e-06
6495,front,2,6.872238219265633e-06
6496,zg,2,6.872238219265633e-06
6497,inr,2,6.872238219265633e-06
6498,abstain,2,6.872238219265633e-06
6499,imitation,2,6.872238219265633e-06
6500,brand,2,6.872238219265633e-06
6501,enjoys,2,6.872238219265633e-06
6502,lowering,2,6.872238219265633e-06
6503,defending,2,6.872238219265633e-06
6504,hindustan,2,6.872238219265633e-06
6505,unilever,2,6.872238219265633e-06
6506,adopting,2,6.872238219265633e-06
6507,dominating,2,6.872238219265633e-06
6508,drastic,2,6.872238219265633e-06
6509,beat,2,6.872238219265633e-06
6510,cousin,2,6.872238219265633e-06
6511,abovesaid,2,6.872238219265633e-06
6512,innumerable,2,6.872238219265633e-06
6513,facing,2,6.872238219265633e-06
6514,whereafter,2,6.872238219265633e-06
6515,immense,2,6.872238219265633e-06
6516,seniors,2,6.872238219265633e-06
6517,istri,2,6.872238219265633e-06
6518,dhan,2,6.872238219265633e-06
6519,ignominy,2,6.872238219265633e-06
6520,sunita,2,6.872238219265633e-06
6521,poonia,2,6.872238219265633e-06
6522,expect,2,6.872238219265633e-06
6523,jain,2,6.872238219265633e-06
6524,neelam,2,6.872238219265633e-06
6525,dayarani,2,6.872238219265633e-06
6526,pandey,2,6.872238219265633e-06
6527,mediation,2,6.872238219265633e-06
6528,inappropriately,2,6.872238219265633e-06
6529,pg,2,6.872238219265633e-06
6530,unequivocally,2,6.872238219265633e-06
6531,lcr,2,6.872238219265633e-06
6532,dgms,2,6.872238219265633e-06
6533,attest,2,6.872238219265633e-06
6534,majumdar,2,6.872238219265633e-06
6535,superiors,2,6.872238219265633e-06
6536,ministry,2,6.872238219265633e-06
6537,unscrupulous,2,6.872238219265633e-06
6538,talreja,2,6.872238219265633e-06
6539,accompany,2,6.872238219265633e-06
6540,financially,2,6.872238219265633e-06
6541,rapprochement,2,6.872238219265633e-06
6542,tie,2,6.872238219265633e-06
6543,menon,2,6.872238219265633e-06
6544,parting,2,6.872238219265633e-06
6545,arguing,2,6.872238219265633e-06
6546,incarceration,2,6.872238219265633e-06
6547,undergone,2,6.872238219265633e-06
6548,extort,2,6.872238219265633e-06
6549,bhunesh,2,6.872238219265633e-06
6550,faulty,2,6.872238219265633e-06
6551,ncb,2,6.872238219265633e-06
6552,rasulpur,2,6.872238219265633e-06
6553,distt,2,6.872238219265633e-06
6554,chapra,2,6.872238219265633e-06
6555,checking,2,6.872238219265633e-06
6556,color,2,6.872238219265633e-06
6557,tape,2,6.872238219265633e-06
6558,flowers,2,6.872238219265633e-06
6559,seeds,2,6.872238219265633e-06
6560,smelling,2,6.872238219265633e-06
6561,tied,2,6.872238219265633e-06
6562,transparent,2,6.872238219265633e-06
6563,plastic,2,6.872238219265633e-06
6564,pulanda,2,6.872238219265633e-06
6565,basant,2,6.872238219265633e-06
6566,santini,2,6.872238219265633e-06
6567,simone,2,6.872238219265633e-06
6568,paras,2,6.872238219265633e-06
6569,punishments,2,6.872238219265633e-06
6570,depending,2,6.872238219265633e-06
6571,gm,2,6.872238219265633e-06
6572,zip,2,6.872238219265633e-06
6573,pouches,2,6.872238219265633e-06
6574,mixture,2,6.872238219265633e-06
6575,narcotics,2,6.872238219265633e-06
6576,bureau,2,6.872238219265633e-06
6577,strips,2,6.872238219265633e-06
6578,concealed,2,6.872238219265633e-06
6579,duplicate,2,6.872238219265633e-06
6580,advisable,2,6.872238219265633e-06
6581,canadian,2,6.872238219265633e-06
6582,alongwith,2,6.872238219265633e-06
6583,thursday,2,6.872238219265633e-06
6584,shared,2,6.872238219265633e-06
6585,integrity,2,6.872238219265633e-06
6586,viewed,2,6.872238219265633e-06
6587,shakes,1,3.4361191096328164e-06
6588,tease,1,3.4361191096328164e-06
6589,howev,1,3.4361191096328164e-06
6590,reversing,1,3.4361191096328164e-06
6591,nilkanth,1,3.4361191096328164e-06
6592,rasiklal,1,3.4361191096328164e-06
6593,ute,1,3.4361191096328164e-06
6594,prof,1,3.4361191096328164e-06
6595,dixit,1,3.4361191096328164e-06
6596,jj,1,3.4361191096328164e-06
6597,renewalwhether,1,3.4361191096328164e-06
6598,passedthe,1,3.4361191096328164e-06
6599,constructionsection,1,3.4361191096328164e-06
6600,yearsthis,1,3.4361191096328164e-06
6601,repealing,1,3.4361191096328164e-06
6602,lers,1,3.4361191096328164e-06
6603,trollers,1,3.4361191096328164e-06
6604,theatreon,1,3.4361191096328164e-06
6605,amountsthe,1,3.4361191096328164e-06
6606,exer,1,3.4361191096328164e-06
6607,cised,1,3.4361191096328164e-06
6608,recovera,1,3.4361191096328164e-06
6609,benchthe,1,3.4361191096328164e-06
6610,constructionin,1,3.4361191096328164e-06
6611,appealsthe,1,3.4361191096328164e-06
6612,ambitthat,1,3.4361191096328164e-06
6613,leasethe,1,3.4361191096328164e-06
6614,discred,1,3.4361191096328164e-06
6615,afforded,1,3.4361191096328164e-06
6616,alibi,1,3.4361191096328164e-06
6617,judged,1,3.4361191096328164e-06
6618,falsehood,1,3.4361191096328164e-06
6619,weak,1,3.4361191096328164e-06
6620,perspectivedealing,1,3.4361191096328164e-06
6621,conten,1,3.4361191096328164e-06
6622,tionssecondly,1,3.4361191096328164e-06
6623,judgewe,1,3.4361191096328164e-06
6624,harimohan,1,3.4361191096328164e-06
6625,leaders,1,3.4361191096328164e-06
6626,foisted,1,3.4361191096328164e-06
6627,themagainst,1,3.4361191096328164e-06
6628,perversein,1,3.4361191096328164e-06
6629,menthen,1,3.4361191096328164e-06
6630,trialthe,1,3.4361191096328164e-06
6631,previouslyprosecution,1,3.4361191096328164e-06
6632,convictedapproaching,1,3.4361191096328164e-06
6633,acceptablesaid,1,3.4361191096328164e-06
6634,parasmani,1,3.4361191096328164e-06
6635,uncles,1,3.4361191096328164e-06
6636,warning,1,3.4361191096328164e-06
6637,fectly,1,3.4361191096328164e-06
6638,ratnasabhapathi,1,3.4361191096328164e-06
6639,necessarythe,1,3.4361191096328164e-06
6640,expiring,1,3.4361191096328164e-06
6641,rental,1,3.4361191096328164e-06
6642,subletting,1,3.4361191096328164e-06
6643,excepted,1,3.4361191096328164e-06
6644,embankments,1,3.4361191096328164e-06
6645,sluices,1,3.4361191096328164e-06
6646,forfeit,1,3.4361191096328164e-06
6647,unenforceable,1,3.4361191096328164e-06
6648,coals,1,3.4361191096328164e-06
6649,brick,1,3.4361191096328164e-06
6650,governmentit,1,3.4361191096328164e-06
6651,leasehold,1,3.4361191096328164e-06
6652,dismantle,1,3.4361191096328164e-06
6653,boiler,1,3.4361191096328164e-06
6654,possessionon,1,3.4361191096328164e-06
6655,governmentsection,1,3.4361191096328164e-06
6656,leasedit,1,3.4361191096328164e-06
6657,leaseboth,1,3.4361191096328164e-06
6658,upheldthe,1,3.4361191096328164e-06
6659,leasethis,1,3.4361191096328164e-06
6660,accordinglythe,1,3.4361191096328164e-06
6661,excecutive,1,3.4361191096328164e-06
6662,possessionthere,1,3.4361191096328164e-06
6663,statethis,1,3.4361191096328164e-06
6664,advancethe,1,3.4361191096328164e-06
6665,paymentthe,1,3.4361191096328164e-06
6666,verbatim,1,3.4361191096328164e-06
6667,leasedin,1,3.4361191096328164e-06
6668,findingthis,1,3.4361191096328164e-06
6669,thank,1,3.4361191096328164e-06
6670,departmentthe,1,3.4361191096328164e-06
6671,plaintiffthey,1,3.4361191096328164e-06
6672,overboth,1,3.4361191096328164e-06
6673,consid,1,3.4361191096328164e-06
6674,ered,1,3.4361191096328164e-06
6675,subsists,1,3.4361191096328164e-06
6676,reasonings,1,3.4361191096328164e-06
6677,hanging,1,3.4361191096328164e-06
6678,mrityunjay,1,3.4361191096328164e-06
6679,satis,1,3.4361191096328164e-06
6680,banerji,1,3.4361191096328164e-06
6681,jadu,1,3.4361191096328164e-06
6682,kshitish,1,3.4361191096328164e-06
6683,acharyya,1,3.4361191096328164e-06
6684,unsatisfied,1,3.4361191096328164e-06
6685,qualifying,1,3.4361191096328164e-06
6686,spens,1,3.4361191096328164e-06
6687,abhoya,1,3.4361191096328164e-06
6688,pada,1,3.4361191096328164e-06
6689,bhattacharjee,1,3.4361191096328164e-06
6690,aparna,1,3.4361191096328164e-06
6691,kumari,1,3.4361191096328164e-06
6692,ahmad,1,3.4361191096328164e-06
6693,attends,1,3.4361191096328164e-06
6694,mukho,1,3.4361191096328164e-06
6695,padhya,1,3.4361191096328164e-06
6696,appliesthat,1,3.4361191096328164e-06
6697,curtailing,1,3.4361191096328164e-06
6698,tanto,1,3.4361191096328164e-06
6699,exact,1,3.4361191096328164e-06
6700,invokes,1,3.4361191096328164e-06
6701,provisotherefore,1,3.4361191096328164e-06
6702,ahmadit,1,3.4361191096328164e-06
6703,attendsin,1,3.4361191096328164e-06
6704,definitelyin,1,3.4361191096328164e-06
6705,offthis,1,3.4361191096328164e-06
6706,stoppedapplications,1,3.4361191096328164e-06
6707,datethe,1,3.4361191096328164e-06
6708,rulethus,1,3.4361191096328164e-06
6709,proceedingson,1,3.4361191096328164e-06
6710,ceasedit,1,3.4361191096328164e-06
6711,rulethe,1,3.4361191096328164e-06
6712,attachmentit,1,3.4361191096328164e-06
6713,abovethe,1,3.4361191096328164e-06
6714,allthe,1,3.4361191096328164e-06
6715,dismissalthe,1,3.4361191096328164e-06
6716,columnthe,1,3.4361191096328164e-06
6717,orderthis,1,3.4361191096328164e-06
6718,itbut,1,3.4361191096328164e-06
6719,casehere,1,3.4361191096328164e-06
6720,allit,1,3.4361191096328164e-06
6721,recordedthe,1,3.4361191096328164e-06
6722,appliesthe,1,3.4361191096328164e-06
6723,actthis,1,3.4361191096328164e-06
6724,arisenthe,1,3.4361191096328164e-06
6725,mahaleventually,1,3.4361191096328164e-06
6726,suitalthough,1,3.4361191096328164e-06
6727,appealit,1,3.4361191096328164e-06
6728,amulya,1,3.4361191096328164e-06
6729,contraryorder,1,3.4361191096328164e-06
6730,dateupon,1,3.4361191096328164e-06
6731,tachment,1,3.4361191096328164e-06
6732,behalfin,1,3.4361191096328164e-06
6733,agreementsuit,1,3.4361191096328164e-06
6734,estateone,1,3.4361191096328164e-06
6735,permis,1,3.4361191096328164e-06
6736,mouza,1,3.4361191096328164e-06
6737,monohar,1,3.4361191096328164e-06
6738,bahal,1,3.4361191096328164e-06
6739,marich,1,3.4361191096328164e-06
6740,kota,1,3.4361191096328164e-06
6741,style,1,3.4361191096328164e-06
6742,ceiver,1,3.4361191096328164e-06
6743,negotiations,1,3.4361191096328164e-06
6744,forcethe,1,3.4361191096328164e-06
6745,drops,1,3.4361191096328164e-06
6746,orginally,1,3.4361191096328164e-06
6747,petitionorder,1,3.4361191096328164e-06
6748,dayeventually,1,3.4361191096328164e-06
6749,pashupati,1,3.4361191096328164e-06
6750,subordi,1,3.4361191096328164e-06
6751,nate,1,3.4361191096328164e-06
6752,forthcoming,1,3.4361191096328164e-06
6753,courtorder,1,3.4361191096328164e-06
6754,petitionfurther,1,3.4361191096328164e-06
6755,dismissedkania,1,3.4361191096328164e-06
6756,attachmentin,1,3.4361191096328164e-06
6757,interpre,1,3.4361191096328164e-06
6758,explosives,1,3.4361191096328164e-06
6759,precau,1,3.4361191096328164e-06
6760,pugned,1,3.4361191096328164e-06
6761,compels,1,3.4361191096328164e-06
6762,occupier,1,3.4361191096328164e-06
6763,intimated,1,3.4361191096328164e-06
6764,mondays,1,3.4361191096328164e-06
6765,saturdays,1,3.4361191096328164e-06
6766,shopthe,1,3.4361191096328164e-06
6767,commoditiesthe,1,3.4361191096328164e-06
6768,mentstherefore,1,3.4361191096328164e-06
6769,viresin,1,3.4361191096328164e-06
6770,differentthe,1,3.4361191096328164e-06
6771,purposesection,1,3.4361191096328164e-06
6772,properreliance,1,3.4361191096328164e-06
6773,sonit,1,3.4361191096328164e-06
6774,followsit,1,3.4361191096328164e-06
6775,lant,1,3.4361191096328164e-06
6776,shopsit,1,3.4361191096328164e-06
6777,conceive,1,3.4361191096328164e-06
6778,dye,1,3.4361191096328164e-06
6779,jute,1,3.4361191096328164e-06
6780,producing,1,3.4361191096328164e-06
6781,teeth,1,3.4361191096328164e-06
6782,unanimous,1,3.4361191096328164e-06
6783,centres,1,3.4361191096328164e-06
6784,parakh,1,3.4361191096328164e-06
6785,lakshmi,1,3.4361191096328164e-06
6786,asses,1,3.4361191096328164e-06
6787,sees,1,3.4361191096328164e-06
6788,var,1,3.4361191096328164e-06
6789,win,1,3.4361191096328164e-06
6790,royalty,1,3.4361191096328164e-06
6791,cubic,1,3.4361191096328164e-06
6792,yard,1,3.4361191096328164e-06
6793,engrafting,1,3.4361191096328164e-06
6794,deduced,1,3.4361191096328164e-06
6795,earn,1,3.4361191096328164e-06
6796,leasing,1,3.4361191096328164e-06
6797,profitsowning,1,3.4361191096328164e-06
6798,hirethese,1,3.4361191096328164e-06
6799,immaterialthese,1,3.4361191096328164e-06
6800,amountthis,1,3.4361191096328164e-06
6801,mercial,1,3.4361191096328164e-06
6802,fetched,1,3.4361191096328164e-06
6803,inappropriatethe,1,3.4361191096328164e-06
6804,investmentin,1,3.4361191096328164e-06
6805,yarnduring,1,3.4361191096328164e-06
6806,timehe,1,3.4361191096328164e-06
6807,tendolkar,1,3.4361191096328164e-06
6808,ob,1,3.4361191096328164e-06
6809,manufac,1,3.4361191096328164e-06
6810,turing,1,3.4361191096328164e-06
6811,advan,1,3.4361191096328164e-06
6812,tageously,1,3.4361191096328164e-06
6813,paucity,1,3.4361191096328164e-06
6814,licensor,1,3.4361191096328164e-06
6815,stressed,1,3.4361191096328164e-06
6816,merchantthe,1,3.4361191096328164e-06
6817,fol,1,3.4361191096328164e-06
6818,lows,1,3.4361191096328164e-06
6819,grants,1,3.4361191096328164e-06
6820,tucker,1,3.4361191096328164e-06
6821,meth,1,3.4361191096328164e-06
6822,od,1,3.4361191096328164e-06
6823,businessmen,1,3.4361191096328164e-06
6824,hire,1,3.4361191096328164e-06
6825,eng,1,3.4361191096328164e-06
6826,lish,1,3.4361191096328164e-06
6827,analogies,1,3.4361191096328164e-06
6828,condi,1,3.4361191096328164e-06
6829,taxableit,1,3.4361191096328164e-06
6830,proportions,1,3.4361191096328164e-06
6831,businessthese,1,3.4361191096328164e-06
6832,deeper,1,3.4361191096328164e-06
6833,sugges,1,3.4361191096328164e-06
6834,tribu,1,3.4361191096328164e-06
6835,nal,1,3.4361191096328164e-06
6836,facili,1,3.4361191096328164e-06
6837,ties,1,3.4361191096328164e-06
6838,precipitate,1,3.4361191096328164e-06
6839,forego,1,3.4361191096328164e-06
6840,businessthe,1,3.4361191096328164e-06
6841,viewthe,1,3.4361191096328164e-06
6842,lacson,1,3.4361191096328164e-06
6843,expediencyit,1,3.4361191096328164e-06
6844,gainsthis,1,3.4361191096328164e-06
6845,purposein,1,3.4361191096328164e-06
6846,itselfwe,1,3.4361191096328164e-06
6847,companyit,1,3.4361191096328164e-06
6848,concernedthe,1,3.4361191096328164e-06
6849,businessand,1,3.4361191096328164e-06
6850,sharesit,1,3.4361191096328164e-06
6851,tara,1,3.4361191096328164e-06
6852,hydro,1,3.4361191096328164e-06
6853,insulated,1,3.4361191096328164e-06
6854,helsby,1,3.4361191096328164e-06
6855,athertonthe,1,3.4361191096328164e-06
6856,radio,1,3.4361191096328164e-06
6857,bombayin,1,3.4361191096328164e-06
6858,solelya,1,3.4361191096328164e-06
6859,strengthened,1,3.4361191096328164e-06
6860,unnec,1,3.4361191096328164e-06
6861,essary,1,3.4361191096328164e-06
6862,cir,1,3.4361191096328164e-06
6863,cumvent,1,3.4361191096328164e-06
6864,surplusage,1,3.4361191096328164e-06
6865,detentionwe,1,3.4361191096328164e-06
6866,actwhatever,1,3.4361191096328164e-06
6867,beforethe,1,3.4361191096328164e-06
6868,habeas,1,3.4361191096328164e-06
6869,corpus,1,3.4361191096328164e-06
6870,expireit,1,3.4361191096328164e-06
6871,withhold,1,3.4361191096328164e-06
6872,treaties,1,3.4361191096328164e-06
6873,engagements,1,3.4361191096328164e-06
6874,sanads,1,3.4361191096328164e-06
6875,possessing,1,3.4361191096328164e-06
6876,perpetual,1,3.4361191096328164e-06
6877,oversight,1,3.4361191096328164e-06
6878,mission,1,3.4361191096328164e-06
6879,dubbed,1,3.4361191096328164e-06
6880,grossly,1,3.4361191096328164e-06
6881,applicationin,1,3.4361191096328164e-06
6882,craies,1,3.4361191096328164e-06
6883,edn,1,3.4361191096328164e-06
6884,eliminate,1,3.4361191096328164e-06
6885,maqbuza,1,3.4361191096328164e-06
6886,tenth,1,3.4361191096328164e-06
6887,improper,1,3.4361191096328164e-06
6888,proprietorthe,1,3.4361191096328164e-06
6889,rejectedthis,1,3.4361191096328164e-06
6890,effectit,1,3.4361191096328164e-06
6891,overi,1,3.4361191096328164e-06
6892,compensationthe,1,3.4361191096328164e-06
6893,casearticle,1,3.4361191096328164e-06
6894,coststhe,1,3.4361191096328164e-06
6895,rightit,1,3.4361191096328164e-06
6896,onlyit,1,3.4361191096328164e-06
6897,dismissedin,1,3.4361191096328164e-06
6898,dismissedmr,1,3.4361191096328164e-06
6899,mukherji,1,3.4361191096328164e-06
6900,jog,1,3.4361191096328164e-06
6901,gram,1,3.4361191096328164e-06
6902,panchayats,1,3.4361191096328164e-06
6903,freed,1,3.4361191096328164e-06
6904,grip,1,3.4361191096328164e-06
6905,artificially,1,3.4361191096328164e-06
6906,figurein,1,3.4361191096328164e-06
6907,appreciably,1,3.4361191096328164e-06
6908,yearsno,1,3.4361191096328164e-06
6909,centthe,1,3.4361191096328164e-06
6910,illusorythe,1,3.4361191096328164e-06
6911,lawthis,1,3.4361191096328164e-06
6912,itit,1,3.4361191096328164e-06
6913,billthe,1,3.4361191096328164e-06
6914,legislaturearticle,1,3.4361191096328164e-06
6915,illusorya,1,3.4361191096328164e-06
6916,equivalents,1,3.4361191096328164e-06
6917,contentionthe,1,3.4361191096328164e-06
6918,applicationmr,1,3.4361191096328164e-06
6919,mathematical,1,3.4361191096328164e-06
6920,formulas,1,3.4361191096328164e-06
6921,orgnic,1,3.4361191096328164e-06
6922,institutions,1,3.4361191096328164e-06
6923,transplanted,1,3.4361191096328164e-06
6924,pervading,1,3.4361191096328164e-06
6925,protects,1,3.4361191096328164e-06
6926,contentionfor,1,3.4361191096328164e-06
6927,writs,1,3.4361191096328164e-06
6928,prohibiting,1,3.4361191096328164e-06
6929,waysagainst,1,3.4361191096328164e-06
6930,announced,1,3.4361191096328164e-06
6931,practicableone,1,3.4361191096328164e-06
6932,articlemr,1,3.4361191096328164e-06
6933,legislatureswami,1,3.4361191096328164e-06
6934,bindras,1,3.4361191096328164e-06
6935,ancestors,1,3.4361191096328164e-06
6936,generations,1,3.4361191096328164e-06
6937,intergration,1,3.4361191096328164e-06
6938,malguzars,1,3.4361191096328164e-06
6939,malkan,1,3.4361191096328164e-06
6940,tiller,1,3.4361191096328164e-06
6941,ryots,1,3.4361191096328164e-06
6942,thikedars,1,3.4361191096328164e-06
6943,mafidars,1,3.4361191096328164e-06
6944,ilaqadars,1,3.4361191096328164e-06
6945,peasant,1,3.4361191096328164e-06
6946,jama,1,3.4361191096328164e-06
6947,forty,1,3.4361191096328164e-06
6948,sixty,1,3.4361191096328164e-06
6949,xxvi,1,3.4361191096328164e-06
6950,recourse,1,3.4361191096328164e-06
6951,revocation,1,3.4361191096328164e-06
6952,lawthe,1,3.4361191096328164e-06
6953,ahead,1,3.4361191096328164e-06
6954,villagespetitioner,1,3.4361191096328164e-06
6955,jashpur,1,3.4361191096328164e-06
6956,propertiespetitioners,1,3.4361191096328164e-06
6957,ilakadars,1,3.4361191096328164e-06
6958,integrated,1,3.4361191096328164e-06
6959,worship,1,3.4361191096328164e-06
6960,standings,1,3.4361191096328164e-06
6961,groves,1,3.4361191096328164e-06
6962,divestment,1,3.4361191096328164e-06
6963,vestings,1,3.4361191096328164e-06
6964,maturing,1,3.4361191096328164e-06
6965,homenfarm,1,3.4361191096328164e-06
6966,scale,1,3.4361191096328164e-06
6967,calculation,1,3.4361191096328164e-06
6968,jamabandi,1,3.4361191096328164e-06
6969,phalkar,1,3.4361191096328164e-06
6970,melas,1,3.4361191096328164e-06
6971,cesses,1,3.4361191096328164e-06
6972,withstanding,1,3.4361191096328164e-06
6973,thisperiod,1,3.4361191096328164e-06
6974,inadequateit,1,3.4361191096328164e-06
6975,annotate,1,3.4361191096328164e-06
6976,nationalized,1,3.4361191096328164e-06
6977,zamindaries,1,3.4361191096328164e-06
6978,guarantees,1,3.4361191096328164e-06
6979,devices,1,3.4361191096328164e-06
6980,chapters,1,3.4361191096328164e-06
6981,wise,1,3.4361191096328164e-06
6982,cultivable,1,3.4361191096328164e-06
6983,barren,1,3.4361191096328164e-06
6984,scrub,1,3.4361191096328164e-06
6985,jungle,1,3.4361191096328164e-06
6986,ponds,1,3.4361191096328164e-06
6987,ferries,1,3.4361191096328164e-06
6988,pathways,1,3.4361191096328164e-06
6989,meals,1,3.4361191096328164e-06
6990,subsoil,1,3.4361191096328164e-06
6991,homestead,1,3.4361191096328164e-06
6992,farm,1,3.4361191096328164e-06
6993,considerationpetition,1,3.4361191096328164e-06
6994,nationalization,1,3.4361191096328164e-06
6995,stephens,1,3.4361191096328164e-06
6996,commentaries,1,3.4361191096328164e-06
6997,supplies,1,3.4361191096328164e-06
6998,ninth,1,3.4361191096328164e-06
6999,laudatory,1,3.4361191096328164e-06
7000,hailing,1,3.4361191096328164e-06
7001,dilatory,1,3.4361191096328164e-06
7002,tabled,1,3.4361191096328164e-06
7003,hat,1,3.4361191096328164e-06
7004,withholds,1,3.4361191096328164e-06
7005,signified,1,3.4361191096328164e-06
7006,defunct,1,3.4361191096328164e-06
7007,followedin,1,3.4361191096328164e-06
7008,dependant,1,3.4361191096328164e-06
7009,minister,1,3.4361191096328164e-06
7010,education,1,3.4361191096328164e-06
7011,deshmukh,1,3.4361191096328164e-06
7012,inviting,1,3.4361191096328164e-06
7013,congratulating,1,3.4361191096328164e-06
7014,mahajan,1,3.4361191096328164e-06
7015,parliamentary,1,3.4361191096328164e-06
7016,cries,1,3.4361191096328164e-06
7017,memory,1,3.4361191096328164e-06
7018,fresher,1,3.4361191096328164e-06
7019,singed,1,3.4361191096328164e-06
7020,bunch,1,3.4361191096328164e-06
7021,lightning,1,3.4361191096328164e-06
7022,prevailed,1,3.4361191096328164e-06
7023,eclipse,1,3.4361191096328164e-06
7024,hour,1,3.4361191096328164e-06
7025,giventhe,1,3.4361191096328164e-06
7026,foundedthe,1,3.4361191096328164e-06
7027,concededin,1,3.4361191096328164e-06
7028,industryit,1,3.4361191096328164e-06
7029,consideredwe,1,3.4361191096328164e-06
7030,extentthat,1,3.4361191096328164e-06
7031,actthese,1,3.4361191096328164e-06
7032,completelythe,1,3.4361191096328164e-06
7033,eclipseon,1,3.4361191096328164e-06
7034,madrasthe,1,3.4361191096328164e-06
7035,undertook,1,3.4361191096328164e-06
7036,gratia,1,3.4361191096328164e-06
7037,understandingthe,1,3.4361191096328164e-06
7038,novemberhe,1,3.4361191096328164e-06
7039,strikeit,1,3.4361191096328164e-06
7040,judicata,1,3.4361191096328164e-06
7041,ousted,1,3.4361191096328164e-06
7042,claimable,1,3.4361191096328164e-06
7043,gumaste,1,3.4361191096328164e-06
7044,husbands,1,3.4361191096328164e-06
7045,descending,1,3.4361191096328164e-06
7046,saranjamdars,1,3.4361191096328164e-06
7047,caserelief,1,3.4361191096328164e-06
7048,explains,1,3.4361191096328164e-06
7049,orderswe,1,3.4361191096328164e-06
7050,saranjamdarsthe,1,3.4361191096328164e-06
7051,amicablyin,1,3.4361191096328164e-06
7052,interestbut,1,3.4361191096328164e-06
7053,estateit,1,3.4361191096328164e-06
7054,plaintiffon,1,3.4361191096328164e-06
7055,saranjamthe,1,3.4361191096328164e-06
7056,landon,1,3.4361191096328164e-06
7057,dilemma,1,3.4361191096328164e-06
7058,grantedmr,1,3.4361191096328164e-06
7059,claimthe,1,3.4361191096328164e-06
7060,iiia,1,3.4361191096328164e-06
7061,rulershe,1,3.4361191096328164e-06
7062,granteethe,1,3.4361191096328164e-06
7063,villageswe,1,3.4361191096328164e-06
7064,ghorpadeon,1,3.4361191096328164e-06
7065,malojiraoin,1,3.4361191096328164e-06
7066,saranjamthey,1,3.4361191096328164e-06
7067,kolhapurthat,1,3.4361191096328164e-06
7068,undividedbhujangrao,1,3.4361191096328164e-06
7069,principality,1,3.4361191096328164e-06
7070,familymalojirao,1,3.4361191096328164e-06
7071,inheritit,1,3.4361191096328164e-06
7072,inspecting,1,3.4361191096328164e-06
7073,khatedar,1,3.4361191096328164e-06
7074,continuehe,1,3.4361191096328164e-06
7075,governmentafter,1,3.4361191096328164e-06
7076,regrant,1,3.4361191096328164e-06
7077,iiithe,1,3.4361191096328164e-06
7078,impartibility,1,3.4361191096328164e-06
7079,suranjamdars,1,3.4361191096328164e-06
7080,crownthat,1,3.4361191096328164e-06
7081,watandar,1,3.4361191096328164e-06
7082,saranjami,1,3.4361191096328164e-06
7083,saranjamthat,1,3.4361191096328164e-06
7084,familythere,1,3.4361191096328164e-06
7085,potgithe,1,3.4361191096328164e-06
7086,claimin,1,3.4361191096328164e-06
7087,whittles,1,3.4361191096328164e-06
7088,accrual,1,3.4361191096328164e-06
7089,ofappeal,1,3.4361191096328164e-06
7090,pagewe,1,3.4361191096328164e-06
7091,asit,1,3.4361191096328164e-06
7092,princi,1,3.4361191096328164e-06
7093,ple,1,3.4361191096328164e-06
7094,abolishing,1,3.4361191096328164e-06
7095,sheku,1,3.4361191096328164e-06
7096,adjournments,1,3.4361191096328164e-06
7097,unaffected,1,3.4361191096328164e-06
7098,dalimuddinthe,1,3.4361191096328164e-06
7099,procedurethe,1,3.4361191096328164e-06
7100,ret,1,3.4361191096328164e-06
7101,irvingto,1,3.4361191096328164e-06
7102,manifestedthe,1,3.4361191096328164e-06
7103,courtto,1,3.4361191096328164e-06
7104,implicationunless,1,3.4361191096328164e-06
7105,questionthe,1,3.4361191096328164e-06
7106,existin,1,3.4361191096328164e-06
7107,appellantnor,1,3.4361191096328164e-06
7108,statewill,1,3.4361191096328164e-06
7109,sectionfurther,1,3.4361191096328164e-06
7110,pradeshsection,1,3.4361191096328164e-06
7111,implicationthe,1,3.4361191096328164e-06
7112,factorthe,1,3.4361191096328164e-06
7113,notby,1,3.4361191096328164e-06
7114,hoosein,1,3.4361191096328164e-06
7115,kasam,1,3.4361191096328164e-06
7116,dada,1,3.4361191096328164e-06
7117,quarternotice,1,3.4361191096328164e-06
7118,jthe,1,3.4361191096328164e-06
7119,fram,1,3.4361191096328164e-06
7120,bomanji,1,3.4361191096328164e-06
7121,suitsa,1,3.4361191096328164e-06
7122,mohammad,1,3.4361191096328164e-06
7123,yasin,1,3.4361191096328164e-06
7124,jalalbad,1,3.4361191096328164e-06
7125,speak,1,3.4361191096328164e-06
7126,familiar,1,3.4361191096328164e-06
7127,implying,1,3.4361191096328164e-06
7128,saction,1,3.4361191096328164e-06
7129,importer,1,3.4361191096328164e-06
7130,contemplating,1,3.4361191096328164e-06
7131,sellers,1,3.4361191096328164e-06
7132,nullified,1,3.4361191096328164e-06
7133,gneral,1,3.4361191096328164e-06
7134,extends,1,3.4361191096328164e-06
7135,transgress,1,3.4361191096328164e-06
7136,roads,1,3.4361191096328164e-06
7137,bowmans,1,3.4361191096328164e-06
7138,gallon,1,3.4361191096328164e-06
7139,gasolene,1,3.4361191096328164e-06
7140,maintainability,1,3.4361191096328164e-06
7141,substantiated,1,3.4361191096328164e-06
7142,disregard,1,3.4361191096328164e-06
7143,constituting,1,3.4361191096328164e-06
7144,duction,1,3.4361191096328164e-06
7145,bert,1,3.4361191096328164e-06
7146,harmonise,1,3.4361191096328164e-06
7147,objectives,1,3.4361191096328164e-06
7148,localised,1,3.4361191096328164e-06
7149,troublesome,1,3.4361191096328164e-06
7150,solve,1,3.4361191096328164e-06
7151,blots,1,3.4361191096328164e-06
7152,safeguarding,1,3.4361191096328164e-06
7153,distinc,1,3.4361191096328164e-06
7154,practical,1,3.4361191096328164e-06
7155,indistinguishable,1,3.4361191096328164e-06
7156,assimilate,1,3.4361191096328164e-06
7157,parity,1,3.4361191096328164e-06
7158,divesting,1,3.4361191096328164e-06
7159,avoids,1,3.4361191096328164e-06
7160,respondentsoverruled,1,3.4361191096328164e-06
7161,sever,1,3.4361191096328164e-06
7162,pervades,1,3.4361191096328164e-06
7163,remarking,1,3.4361191096328164e-06
7164,efficacy,1,3.4361191096328164e-06
7165,tables,1,3.4361191096328164e-06
7166,organisational,1,3.4361191096328164e-06
7167,tersely,1,3.4361191096328164e-06
7168,extremes,1,3.4361191096328164e-06
7169,existting,1,3.4361191096328164e-06
7170,feet,1,3.4361191096328164e-06
7171,situ,1,3.4361191096328164e-06
7172,subclause,1,3.4361191096328164e-06
7173,imports,1,3.4361191096328164e-06
7174,purchasers,1,3.4361191096328164e-06
7175,retailer,1,3.4361191096328164e-06
7176,expunged,1,3.4361191096328164e-06
7177,threefold,1,3.4361191096328164e-06
7178,investing,1,3.4361191096328164e-06
7179,notion,1,3.4361191096328164e-06
7180,adjusts,1,3.4361191096328164e-06
7181,steady,1,3.4361191096328164e-06
7182,throat,1,3.4361191096328164e-06
7183,annoyances,1,3.4361191096328164e-06
7184,imposedas,1,3.4361191096328164e-06
7185,buyerin,1,3.4361191096328164e-06
7186,legislatureit,1,3.4361191096328164e-06
7187,iiwe,1,3.4361191096328164e-06
7188,purchasesthe,1,3.4361191096328164e-06
7189,transactionthe,1,3.4361191096328164e-06
7190,statetherefore,1,3.4361191096328164e-06
7191,taxationas,1,3.4361191096328164e-06
7192,driven,1,3.4361191096328164e-06
7193,standit,1,3.4361191096328164e-06
7194,classificationin,1,3.4361191096328164e-06
7195,avoidance,1,3.4361191096328164e-06
7196,forbade,1,3.4361191096328164e-06
7197,invalidated,1,3.4361191096328164e-06
7198,inhibition,1,3.4361191096328164e-06
7199,disagreeing,1,3.4361191096328164e-06
7200,bombaythe,1,3.4361191096328164e-06
7201,concurring,1,3.4361191096328164e-06
7202,rightson,1,3.4361191096328164e-06
7203,usthe,1,3.4361191096328164e-06
7204,stateas,1,3.4361191096328164e-06
7205,publicthis,1,3.4361191096328164e-06
7206,constitutionthis,1,3.4361191096328164e-06
7207,taxthat,1,3.4361191096328164e-06
7208,sactionwe,1,3.4361191096328164e-06
7209,discussing,1,3.4361191096328164e-06
7210,gwyer,1,3.4361191096328164e-06
7211,commoditiesif,1,3.4361191096328164e-06
7212,tradeon,1,3.4361191096328164e-06
7213,contemplatedit,1,3.4361191096328164e-06
7214,partiesthe,1,3.4361191096328164e-06
7215,daulat,1,3.4361191096328164e-06
7216,condemnatory,1,3.4361191096328164e-06
7217,substantiatedassam,1,3.4361191096328164e-06
7218,posing,1,3.4361191096328164e-06
7219,actsale,1,3.4361191096328164e-06
7220,explanations,1,3.4361191096328164e-06
7221,receivable,1,3.4361191096328164e-06
7222,refunded,1,3.4361191096328164e-06
7223,visions,1,3.4361191096328164e-06
7224,hedgedwe,1,3.4361191096328164e-06
7225,respondentshe,1,3.4361191096328164e-06
7226,cure,1,3.4361191096328164e-06
7227,limi,1,3.4361191096328164e-06
7228,shipping,1,3.4361191096328164e-06
7229,aircraft,1,3.4361191096328164e-06
7230,boat,1,3.4361191096328164e-06
7231,cargo,1,3.4361191096328164e-06
7232,exempting,1,3.4361191096328164e-06
7233,bowman,1,3.4361191096328164e-06
7234,continental,1,3.4361191096328164e-06
7235,vious,1,3.4361191096328164e-06
7236,paratively,1,3.4361191096328164e-06
7237,explanationas,1,3.4361191096328164e-06
7238,porus,1,3.4361191096328164e-06
7239,kuppuswami,1,3.4361191096328164e-06
7240,somnatha,1,3.4361191096328164e-06
7241,misra,1,3.4361191096328164e-06
7242,asthana,1,3.4361191096328164e-06
7243,sethi,1,3.4361191096328164e-06
7244,subrahmanya,1,3.4361191096328164e-06
7245,krishita,1,3.4361191096328164e-06
7246,beno,1,3.4361191096328164e-06
7247,commerceit,1,3.4361191096328164e-06
7248,taxedprovided,1,3.4361191096328164e-06
7249,guess,1,3.4361191096328164e-06
7250,refrain,1,3.4361191096328164e-06
7251,ahs,1,3.4361191096328164e-06
7252,values,1,3.4361191096328164e-06
7253,comparison,1,3.4361191096328164e-06
7254,dispose,1,3.4361191096328164e-06
7255,immmaterial,1,3.4361191096328164e-06
7256,deprciation,1,3.4361191096328164e-06
7257,intially,1,3.4361191096328164e-06
7258,doesnot,1,3.4361191096328164e-06
7259,valu,1,3.4361191096328164e-06
7260,intial,1,3.4361191096328164e-06
7261,apperciated,1,3.4361191096328164e-06
7262,pofit,1,3.4361191096328164e-06
7263,tje,1,3.4361191096328164e-06
7264,debiting,1,3.4361191096328164e-06
7265,inhto,1,3.4361191096328164e-06
7266,secound,1,3.4361191096328164e-06
7267,unsound,1,3.4361191096328164e-06
7268,wihtdrawl,1,3.4361191096328164e-06
7269,enterthe,1,3.4361191096328164e-06
7270,unreal,1,3.4361191096328164e-06
7271,existent,1,3.4361191096328164e-06
7272,consume,1,3.4361191096328164e-06
7273,rot,1,3.4361191096328164e-06
7274,festivities,1,3.4361191096328164e-06
7275,ensue,1,3.4361191096328164e-06
7276,reslu,1,3.4361191096328164e-06
7277,interval,1,3.4361191096328164e-06
7278,eliminated,1,3.4361191096328164e-06
7279,anticipate,1,3.4361191096328164e-06
7280,rose,1,3.4361191096328164e-06
7281,theyear,1,3.4361191096328164e-06
7282,ne,1,3.4361191096328164e-06
7283,transer,1,3.4361191096328164e-06
7284,interesting,1,3.4361191096328164e-06
7285,prevaling,1,3.4361191096328164e-06
7286,yearit,1,3.4361191096328164e-06
7287,formin,1,3.4361191096328164e-06
7288,fictions,1,3.4361191096328164e-06
7289,lace,1,3.4361191096328164e-06
7290,fictionalthe,1,3.4361191096328164e-06
7291,gainthe,1,3.4361191096328164e-06
7292,withdrawlhe,1,3.4361191096328164e-06
7293,pictureit,1,3.4361191096328164e-06
7294,lain,1,3.4361191096328164e-06
7295,vlaues,1,3.4361191096328164e-06
7296,businessin,1,3.4361191096328164e-06
7297,abusea,1,3.4361191096328164e-06
7298,wnterred,1,3.4361191096328164e-06
7299,yeaar,1,3.4361191096328164e-06
7300,calendar,1,3.4361191096328164e-06
7301,charities,1,3.4361191096328164e-06
7302,thirdin,1,3.4361191096328164e-06
7303,stored,1,3.4361191096328164e-06
7304,negligible,1,3.4361191096328164e-06
7305,superficial,1,3.4361191096328164e-06
7306,spanish,1,3.4361191096328164e-06
7307,prospecting,1,3.4361191096328164e-06
7308,gainsand,1,3.4361191096328164e-06
7309,coast,1,3.4361191096328164e-06
7310,ordianry,1,3.4361191096328164e-06
7311,reconsideration,1,3.4361191096328164e-06
7312,supplusage,1,3.4361191096328164e-06
7313,kolan,1,3.4361191096328164e-06
7314,deleting,1,3.4361191096328164e-06
7315,nationally,1,3.4361191096328164e-06
7316,termes,1,3.4361191096328164e-06
7317,assesseesthis,1,3.4361191096328164e-06
7318,residentsit,1,3.4361191096328164e-06
7319,actreached,1,3.4361191096328164e-06
7320,residentsmarginal,1,3.4361191096328164e-06
7321,enactmentwhatever,1,3.4361191096328164e-06
7322,territoryin,1,3.4361191096328164e-06
7323,bearfor,1,3.4361191096328164e-06
7324,indiaat,1,3.4361191096328164e-06
7325,nay,1,3.4361191096328164e-06
7326,apprehends,1,3.4361191096328164e-06
7327,territoriesin,1,3.4361191096328164e-06
7328,accruingsimilarly,1,3.4361191096328164e-06
7329,territoriesit,1,3.4361191096328164e-06
7330,estimatedthe,1,3.4361191096328164e-06
7331,actno,1,3.4361191096328164e-06
7332,residentsin,1,3.4361191096328164e-06
7333,mysoreit,1,3.4361191096328164e-06
7334,indiabefore,1,3.4361191096328164e-06
7335,ahmedbhai,1,3.4361191096328164e-06
7336,umarbhai,1,3.4361191096328164e-06
7337,coit,1,3.4361191096328164e-06
7338,mukherjea,1,3.4361191096328164e-06
7339,agentbefore,1,3.4361191096328164e-06
7340,criticism,1,3.4361191096328164e-06
7341,amenable,1,3.4361191096328164e-06
7342,misapprehension,1,3.4361191096328164e-06
7343,ference,1,3.4361191096328164e-06
7344,baisakh,1,3.4361191096328164e-06
7345,ejected,1,3.4361191096328164e-06
7346,harries,1,3.4361191096328164e-06
7347,sukumar,1,3.4361191096328164e-06
7348,mukherjee,1,3.4361191096328164e-06
7349,sparingly,1,3.4361191096328164e-06
7350,correcting,1,3.4361191096328164e-06
7351,pradeshtherefore,1,3.4361191096328164e-06
7352,abovesection,1,3.4361191096328164e-06
7353,premisesin,1,3.4361191096328164e-06
7354,pradeshon,1,3.4361191096328164e-06
7355,sothe,1,3.4361191096328164e-06
7356,judgethe,1,3.4361191096328164e-06
7357,engraft,1,3.4361191096328164e-06
7358,recognies,1,3.4361191096328164e-06
7359,centrally,1,3.4361191096328164e-06
7360,administering,1,3.4361191096328164e-06
7361,prospectsof,1,3.4361191096328164e-06
7362,secondstage,1,3.4361191096328164e-06
7363,scarcely,1,3.4361191096328164e-06
7364,rohru,1,3.4361191096328164e-06
7365,tention,1,3.4361191096328164e-06
7366,governmnet,1,3.4361191096328164e-06
7367,neighbouring,1,3.4361191096328164e-06
7368,judiciary,1,3.4361191096328164e-06
7369,categoriesthe,1,3.4361191096328164e-06
7370,empty,1,3.4361191096328164e-06
7371,symbols,1,3.4361191096328164e-06
7372,knobs,1,3.4361191096328164e-06
7373,bolted,1,3.4361191096328164e-06
7374,progressthe,1,3.4361191096328164e-06
7375,votersthe,1,3.4361191096328164e-06
7376,candidatethe,1,3.4361191096328164e-06
7377,tampered,1,3.4361191096328164e-06
7378,candidateany,1,3.4361191096328164e-06
7379,noxliii,1,3.4361191096328164e-06
7380,governmentdefinition,1,3.4361191096328164e-06
7381,nofor,1,3.4361191096328164e-06
7382,stateit,1,3.4361191096328164e-06
7383,parliamentin,1,3.4361191096328164e-06
7384,identifying,1,3.4361191096328164e-06
7385,electors,1,3.4361191096328164e-06
7386,nothe,1,3.4361191096328164e-06
7387,disqualify,1,3.4361191096328164e-06
7388,veda,1,3.4361191096328164e-06
7389,vyas,1,3.4361191096328164e-06
7390,challengedhis,1,3.4361191096328164e-06
7391,parkers,1,3.4361191096328164e-06
7392,officerwhat,1,3.4361191096328164e-06
7393,weighs,1,3.4361191096328164e-06
7394,drags,1,3.4361191096328164e-06
7395,everybody,1,3.4361191096328164e-06
7396,forgotten,1,3.4361191096328164e-06
7397,swift,1,3.4361191096328164e-06
7398,impartial,1,3.4361191096328164e-06
7399,concentrates,1,3.4361191096328164e-06
7400,minutely,1,3.4361191096328164e-06
7401,telling,1,3.4361191096328164e-06
7402,inspeetors,1,3.4361191096328164e-06
7403,perjurythe,1,3.4361191096328164e-06
7404,meaningit,1,3.4361191096328164e-06
7405,courtnow,1,3.4361191096328164e-06
7406,filedafter,1,3.4361191096328164e-06
7407,damagesthe,1,3.4361191096328164e-06
7408,trustspecial,1,3.4361191096328164e-06
7409,justbut,1,3.4361191096328164e-06
7410,custodyhe,1,3.4361191096328164e-06
7411,returnthe,1,3.4361191096328164e-06
7412,otherin,1,3.4361191096328164e-06
7413,precaution,1,3.4361191096328164e-06
7414,inexpedient,1,3.4361191096328164e-06
7415,balancing,1,3.4361191096328164e-06
7416,courttherefore,1,3.4361191096328164e-06
7417,courtbefore,1,3.4361191096328164e-06
7418,discover,1,3.4361191096328164e-06
7419,thrown,1,3.4361191096328164e-06
7420,directory,1,3.4361191096328164e-06
7421,demonstrated,1,3.4361191096328164e-06
7422,superfluous,1,3.4361191096328164e-06
7423,possesses,1,3.4361191096328164e-06
7424,contesting,1,3.4361191096328164e-06
7425,summarily,1,3.4361191096328164e-06
7426,array,1,3.4361191096328164e-06
7427,itprovision,1,3.4361191096328164e-06
7428,viewthese,1,3.4361191096328164e-06
7429,applicablethe,1,3.4361191096328164e-06
7430,officerit,1,3.4361191096328164e-06
7431,petitionsthe,1,3.4361191096328164e-06
7432,petitionit,1,3.4361191096328164e-06
7433,appointedsection,1,3.4361191096328164e-06
7434,concise,1,3.4361191096328164e-06
7435,practiceprovision,1,3.4361191096328164e-06
7436,petitionsection,1,3.4361191096328164e-06
7437,frivolously,1,3.4361191096328164e-06
7438,lawsection,1,3.4361191096328164e-06
7439,itsection,1,3.4361191096328164e-06
7440,nandkarni,1,3.4361191096328164e-06
7441,patil,1,3.4361191096328164e-06
7442,respondentbecause,1,3.4361191096328164e-06
7443,elections,1,3.4361191096328164e-06
7444,defective,1,3.4361191096328164e-06
7445,flde,1,3.4361191096328164e-06
7446,misconception,1,3.4361191096328164e-06
7447,necessitythe,1,3.4361191096328164e-06
7448,justifying,1,3.4361191096328164e-06
7449,inseparable,1,3.4361191096328164e-06
7450,indefeasible,1,3.4361191096328164e-06
7451,mismanagement,1,3.4361191096328164e-06
7452,hunooman,1,3.4361191096328164e-06
7453,persaud,1,3.4361191096328164e-06
7454,pandays,1,3.4361191096328164e-06
7455,suitthe,1,3.4361191096328164e-06
7456,centered,1,3.4361191096328164e-06
7457,suhasiniit,1,3.4361191096328164e-06
7458,fearing,1,3.4361191096328164e-06
7459,harmful,1,3.4361191096328164e-06
7460,allotments,1,3.4361191096328164e-06
7461,gha,1,3.4361191096328164e-06
7462,chha,1,3.4361191096328164e-06
7463,dependswhat,1,3.4361191096328164e-06
7464,adviceit,1,3.4361191096328164e-06
7465,answerable,1,3.4361191096328164e-06
7466,substancein,1,3.4361191096328164e-06
7467,allas,1,3.4361191096328164e-06
7468,estatethis,1,3.4361191096328164e-06
7469,strictures,1,3.4361191096328164e-06
7470,allundoubtedly,1,3.4361191096328164e-06
7471,bondrashmoni,1,3.4361191096328164e-06
7472,mortgageethere,1,3.4361191096328164e-06
7473,evidencethis,1,3.4361191096328164e-06
7474,bondit,1,3.4361191096328164e-06
7475,wayas,1,3.4361191096328164e-06
7476,anindefeasible,1,3.4361191096328164e-06
7477,reversionerin,1,3.4361191096328164e-06
7478,necessitywhatever,1,3.4361191096328164e-06
7479,rashmonion,1,3.4361191096328164e-06
7480,borrowings,1,3.4361191096328164e-06
7481,disclosing,1,3.4361191096328164e-06
7482,rakhal,1,3.4361191096328164e-06
7483,adhya,1,3.4361191096328164e-06
7484,ordersthe,1,3.4361191096328164e-06
7485,courtunder,1,3.4361191096328164e-06
7486,themon,1,3.4361191096328164e-06
7487,diedabout,1,3.4361191096328164e-06
7488,plaintiffsthe,1,3.4361191096328164e-06
7489,necessityit,1,3.4361191096328164e-06
7490,counselit,1,3.4361191096328164e-06
7491,dwarik,1,3.4361191096328164e-06
7492,ghoses,1,3.4361191096328164e-06
7493,lane,1,3.4361191096328164e-06
7494,suburb,1,3.4361191096328164e-06
7495,inhabitant,1,3.4361191096328164e-06
7496,predeceased,1,3.4361191096328164e-06
7497,narayanram,1,3.4361191096328164e-06
7498,estatehe,1,3.4361191096328164e-06
7499,kironsashi,1,3.4361191096328164e-06
7500,fatherthis,1,3.4361191096328164e-06
7501,mahendramahendra,1,3.4361191096328164e-06
7502,expensesthe,1,3.4361191096328164e-06
7503,accountsit,1,3.4361191096328164e-06
7504,attempting,1,3.4361191096328164e-06
7505,dissuade,1,3.4361191096328164e-06
7506,suborainate,1,3.4361191096328164e-06
7507,onlythe,1,3.4361191096328164e-06
7508,mahendr,1,3.4361191096328164e-06
7509,mortgagem,1,3.4361191096328164e-06
7510,mortgagemohini,1,3.4361191096328164e-06
7511,bhubaneswari,1,3.4361191096328164e-06
7512,guardian,1,3.4361191096328164e-06
7513,attacking,1,3.4361191096328164e-06
7514,nachippa,1,3.4361191096328164e-06
7515,clients,1,3.4361191096328164e-06
7516,monokarnika,1,3.4361191096328164e-06
7517,debi,1,3.4361191096328164e-06
7518,prosad,1,3.4361191096328164e-06
7519,chowdhury,1,3.4361191096328164e-06
7520,matadin,1,3.4361191096328164e-06
7521,strict,1,3.4361191096328164e-06
7522,subterfuge,1,3.4361191096328164e-06
7523,concludendi,1,3.4361191096328164e-06
7524,defraud,1,3.4361191096328164e-06
7525,founds,1,3.4361191096328164e-06
7526,defendentis,1,3.4361191096328164e-06
7527,minded,1,3.4361191096328164e-06
7528,forging,1,3.4361191096328164e-06
7529,defendantis,1,3.4361191096328164e-06
7530,rais,1,3.4361191096328164e-06
7531,champaran,1,3.4361191096328164e-06
7532,cloud,1,3.4361191096328164e-06
7533,motilal,1,3.4361191096328164e-06
7534,delictothe,1,3.4361191096328164e-06
7535,erroneousthis,1,3.4361191096328164e-06
7536,successfulr,1,3.4361191096328164e-06
7537,experienced,1,3.4361191096328164e-06
7538,champar,1,3.4361191096328164e-06
7539,actionthere,1,3.4361191096328164e-06
7540,lowit,1,3.4361191096328164e-06
7541,fraudinasmuch,1,3.4361191096328164e-06
7542,defendentisthere,1,3.4361191096328164e-06
7543,salmond,1,3.4361191096328164e-06
7544,william,1,3.4361191096328164e-06
7545,officethe,1,3.4361191096328164e-06
7546,friendship,1,3.4361191096328164e-06
7547,ownin,1,3.4361191096328164e-06
7548,defendantistwo,1,3.4361191096328164e-06
7549,sequel,1,3.4361191096328164e-06
7550,conveniently,1,3.4361191096328164e-06
7551,settling,1,3.4361191096328164e-06
7552,radhumalthey,1,3.4361191096328164e-06
7553,rajas,1,3.4361191096328164e-06
7554,disentitles,1,3.4361191096328164e-06
7555,strongerthe,1,3.4361191096328164e-06
7556,beginningthere,1,3.4361191096328164e-06
7557,lesseethe,1,3.4361191096328164e-06
7558,intimate,1,3.4361191096328164e-06
7559,acceptedin,1,3.4361191096328164e-06
7560,outevery,1,3.4361191096328164e-06
7561,courtthey,1,3.4361191096328164e-06
7562,judgmentthey,1,3.4361191096328164e-06
7563,thembetween,1,3.4361191096328164e-06
7564,ghair,1,3.4361191096328164e-06
7565,mazrua,1,3.4361191096328164e-06
7566,patti,1,3.4361191096328164e-06
7567,kadim,1,3.4361191096328164e-06
7568,kabil,1,3.4361191096328164e-06
7569,lagon,1,3.4361191096328164e-06
7570,tworadhumal,1,3.4361191096328164e-06
7571,propertythe,1,3.4361191096328164e-06
7572,radhumalit,1,3.4361191096328164e-06
7573,stronger,1,3.4361191096328164e-06
7574,palaniyappa,1,3.4361191096328164e-06
7575,chettiar,1,3.4361191096328164e-06
7576,dunedins,1,3.4361191096328164e-06
7577,milneit,1,3.4361191096328164e-06
7578,boustedwe,1,3.4361191096328164e-06
7579,plaintiffbenami,1,3.4361191096328164e-06
7580,hamson,1,3.4361191096328164e-06
7581,criticised,1,3.4361191096328164e-06
7582,cambridge,1,3.4361191096328164e-06
7583,forborne,1,3.4361191096328164e-06
7584,clearest,1,3.4361191096328164e-06
7585,veil,1,3.4361191096328164e-06
7586,corporate,1,3.4361191096328164e-06
7587,petitionerappeals,1,3.4361191096328164e-06
7588,appealsuffice,1,3.4361191096328164e-06
7589,fasli,1,3.4361191096328164e-06
7590,corresponding,1,3.4361191096328164e-06
7591,homi,1,3.4361191096328164e-06
7592,mehtas,1,3.4361191096328164e-06
7593,taxit,1,3.4361191096328164e-06
7594,aptly,1,3.4361191096328164e-06
7595,worded,1,3.4361191096328164e-06
7596,aundh,1,3.4361191096328164e-06
7597,onethe,1,3.4361191096328164e-06
7598,nizam,1,3.4361191096328164e-06
7599,gas,1,3.4361191096328164e-06
7600,iyengar,1,3.4361191096328164e-06
7601,nizams,1,3.4361191096328164e-06
7602,lyengar,1,3.4361191096328164e-06
7603,raghunathmal,1,3.4361191096328164e-06
7604,postif,1,3.4361191096328164e-06
7605,postedthere,1,3.4361191096328164e-06
7606,bein,1,3.4361191096328164e-06
7607,partiesif,1,3.4361191096328164e-06
7608,postaccording,1,3.4361191096328164e-06
7609,paymentbut,1,3.4361191096328164e-06
7610,secunderabadat,1,3.4361191096328164e-06
7611,bankthe,1,3.4361191096328164e-06
7612,datetherefore,1,3.4361191096328164e-06
7613,appellanthigh,1,3.4361191096328164e-06
7614,bankerfor,1,3.4361191096328164e-06
7615,respondentsas,1,3.4361191096328164e-06
7616,bhashyams,1,3.4361191096328164e-06
7617,assesseeaccording,1,3.4361191096328164e-06
7618,demonstrates,1,3.4361191096328164e-06
7619,commonly,1,3.4361191096328164e-06
7620,recipient,1,3.4361191096328164e-06
7621,ita,1,3.4361191096328164e-06
7622,companythough,1,3.4361191096328164e-06
7623,transfersa,1,3.4361191096328164e-06
7624,madeduring,1,3.4361191096328164e-06
7625,receivedbut,1,3.4361191096328164e-06
7626,neededthe,1,3.4361191096328164e-06
7627,memberthe,1,3.4361191096328164e-06
7628,bookssection,1,3.4361191096328164e-06
7629,companythere,1,3.4361191096328164e-06
7630,sharesin,1,3.4361191096328164e-06
7631,touch,1,3.4361191096328164e-06
7632,tranferor,1,3.4361191096328164e-06
7633,placesection,1,3.4361191096328164e-06
7634,membersunder,1,3.4361191096328164e-06
7635,wala,1,3.4361191096328164e-06
7636,wynaad,1,3.4361191096328164e-06
7637,chitty,1,3.4361191096328164e-06
7638,prescribedthe,1,3.4361191096328164e-06
7639,jaluram,1,3.4361191096328164e-06
7640,bhikulal,1,3.4361191096328164e-06
7641,arvind,1,3.4361191096328164e-06
7642,bikaner,1,3.4361191096328164e-06
7643,cull,1,3.4361191096328164e-06
7644,atkin,1,3.4361191096328164e-06
7645,revenuemultipar,1,3.4361191096328164e-06
7646,theother,1,3.4361191096328164e-06
7647,buckley,1,3.4361191096328164e-06
7648,fortnight,1,3.4361191096328164e-06
7649,envisage,1,3.4361191096328164e-06
7650,advert,1,3.4361191096328164e-06
7651,referable,1,3.4361191096328164e-06
7652,grsos,1,3.4361191096328164e-06
7653,estimate,1,3.4361191096328164e-06
7654,riot,1,3.4361191096328164e-06
7655,enforceable,1,3.4361191096328164e-06
7656,exigencies,1,3.4361191096328164e-06
7657,sharers,1,3.4361191096328164e-06
7658,workmenthat,1,3.4361191096328164e-06
7659,chargeif,1,3.4361191096328164e-06
7660,coverable,1,3.4361191096328164e-06
7661,chargescompanys,1,3.4361191096328164e-06
7662,enunciation,1,3.4361191096328164e-06
7663,departed,1,3.4361191096328164e-06
7664,labourin,1,3.4361191096328164e-06
7665,chargesbut,1,3.4361191096328164e-06
7666,formulafor,1,3.4361191096328164e-06
7667,authoritiesit,1,3.4361191096328164e-06
7668,coverablethe,1,3.4361191096328164e-06
7669,lacsworking,1,3.4361191096328164e-06
7670,annas,1,3.4361191096328164e-06
7671,lacseven,1,3.4361191096328164e-06
7672,sameon,1,3.4361191096328164e-06
7673,yearif,1,3.4361191096328164e-06
7674,lacsthis,1,3.4361191096328164e-06
7675,compulsorily,1,3.4361191096328164e-06
7676,emergencies,1,3.4361191096328164e-06
7677,modernization,1,3.4361191096328164e-06
7678,sharingthis,1,3.4361191096328164e-06
7679,allowedin,1,3.4361191096328164e-06
7680,considerationthe,1,3.4361191096328164e-06
7681,dueit,1,3.4361191096328164e-06
7682,aboveif,1,3.4361191096328164e-06
7683,basisthe,1,3.4361191096328164e-06
7684,thereinhaving,1,3.4361191096328164e-06
7685,awardbeing,1,3.4361191096328164e-06
7686,workmenthe,1,3.4361191096328164e-06
7687,hereinaboveit,1,3.4361191096328164e-06
7688,basedwe,1,3.4361191096328164e-06
7689,chargewhen,1,3.4361191096328164e-06
7690,thereafterfor,1,3.4361191096328164e-06
7691,theretorespondent,1,3.4361191096328164e-06
7692,ceylon,1,3.4361191096328164e-06
7693,antop,1,3.4361191096328164e-06
7694,muir,1,3.4361191096328164e-06
7695,suti,1,3.4361191096328164e-06
7696,kanpur,1,3.4361191096328164e-06
7697,workmenconsiderations,1,3.4361191096328164e-06
7698,disposes,1,3.4361191096328164e-06
7699,atthe,1,3.4361191096328164e-06
7700,proportion,1,3.4361191096328164e-06
7701,cement,1,3.4361191096328164e-06
7702,sameno,1,3.4361191096328164e-06
7703,chargesthis,1,3.4361191096328164e-06
7704,workmengross,1,3.4361191096328164e-06
7705,industrythe,1,3.4361191096328164e-06
7706,plural,1,3.4361191096328164e-06
7707,chikodi,1,3.4361191096328164e-06
7708,mallappa,1,3.4361191096328164e-06
7709,alis,1,3.4361191096328164e-06
7710,ancillary,1,3.4361191096328164e-06
7711,judi,1,3.4361191096328164e-06
7712,goings,1,3.4361191096328164e-06
7713,pluralit,1,3.4361191096328164e-06
7714,occupantthat,1,3.4361191096328164e-06
7715,occupantin,1,3.4361191096328164e-06
7716,sakharam,1,3.4361191096328164e-06
7717,marwadi,1,3.4361191096328164e-06
7718,ughade,1,3.4361191096328164e-06
7719,outsiderit,1,3.4361191096328164e-06
7720,codein,1,3.4361191096328164e-06
7721,satisfiedthe,1,3.4361191096328164e-06
7722,appealsection,1,3.4361191096328164e-06
7723,mortgagefor,1,3.4361191096328164e-06
7724,themthis,1,3.4361191096328164e-06
7725,namethis,1,3.4361191096328164e-06
7726,burdened,1,3.4361191096328164e-06
7727,nipanithe,1,3.4361191096328164e-06
7728,ughadeit,1,3.4361191096328164e-06
7729,nipani,1,3.4361191096328164e-06
7730,codeit,1,3.4361191096328164e-06
7731,kanwar,1,3.4361191096328164e-06
7732,garanting,1,3.4361191096328164e-06
7733,unjustified,1,3.4361191096328164e-06
7734,recruited,1,3.4361191096328164e-06
7735,disciplined,1,3.4361191096328164e-06
7736,seasons,1,3.4361191096328164e-06
7737,sweet,1,3.4361191096328164e-06
7738,comparative,1,3.4361191096328164e-06
7739,views,1,3.4361191096328164e-06
7740,specialized,1,3.4361191096328164e-06
7741,skill,1,3.4361191096328164e-06
7742,asidequestion,1,3.4361191096328164e-06
7743,employedit,1,3.4361191096328164e-06
7744,yearwhile,1,3.4361191096328164e-06
7745,industriesthat,1,3.4361191096328164e-06
7746,seasonthe,1,3.4361191096328164e-06
7747,correctthe,1,3.4361191096328164e-06
7748,tribunalwas,1,3.4361191096328164e-06
7749,wrestled,1,3.4361191096328164e-06
7750,vain,1,3.4361191096328164e-06
7751,unemployedto,1,3.4361191096328164e-06
7752,inducement,1,3.4361191096328164e-06
7753,suraj,1,3.4361191096328164e-06
7754,narain,1,3.4361191096328164e-06
7755,anand,1,3.4361191096328164e-06
7756,lalls,1,3.4361191096328164e-06
7757,safeguards,1,3.4361191096328164e-06
7758,punish,1,3.4361191096328164e-06
7759,ambiguity,1,3.4361191096328164e-06
7760,cor,1,3.4361191096328164e-06
7761,reverted,1,3.4361191096328164e-06
7762,applicationwe,1,3.4361191096328164e-06
7763,dismissalas,1,3.4361191096328164e-06
7764,hourshe,1,3.4361191096328164e-06
7765,memorials,1,3.4361191096328164e-06
7766,copiesand,1,3.4361191096328164e-06
7767,chapterit,1,3.4361191096328164e-06
7768,allegationnotwithstanding,1,3.4361191096328164e-06
7769,samethose,1,3.4361191096328164e-06
7770,inconsistency,1,3.4361191096328164e-06
7771,concessional,1,3.4361191096328164e-06
7772,sid,1,3.4361191096328164e-06
7773,saidapet,1,3.4361191096328164e-06
7774,markets,1,3.4361191096328164e-06
7775,plentiful,1,3.4361191096328164e-06
7776,avaram,1,3.4361191096328164e-06
7777,bark,1,3.4361191096328164e-06
7778,locally,1,3.4361191096328164e-06
7779,thereundersection,1,3.4361191096328164e-06
7780,conditionsthe,1,3.4361191096328164e-06
7781,salesthis,1,3.4361191096328164e-06
7782,viresbut,1,3.4361191096328164e-06
7783,skinsagainst,1,3.4361191096328164e-06
7784,viresthus,1,3.4361191096328164e-06
7785,prescribedif,1,3.4361191096328164e-06
7786,yearmadras,1,3.4361191096328164e-06
7787,himin,1,3.4361191096328164e-06
7788,reformulated,1,3.4361191096328164e-06
7789,suggestive,1,3.4361191096328164e-06
7790,somehow,1,3.4361191096328164e-06
7791,jamnagar,1,3.4361191096328164e-06
7792,conference,1,3.4361191096328164e-06
7793,revenuein,1,3.4361191096328164e-06
7794,personit,1,3.4361191096328164e-06
7795,raimentthe,1,3.4361191096328164e-06
7796,changethe,1,3.4361191096328164e-06
7797,appellanton,1,3.4361191096328164e-06
7798,maintenanceat,1,3.4361191096328164e-06
7799,maintenanceit,1,3.4361191096328164e-06
7800,maintenanceafter,1,3.4361191096328164e-06
7801,revered,1,3.4361191096328164e-06
7802,akhand,1,3.4361191096328164e-06
7803,sau,1,3.4361191096328164e-06
7804,bhagyawana,1,3.4361191096328164e-06
7805,hereto,1,3.4361191096328164e-06
7806,vijaykunver,1,3.4361191096328164e-06
7807,traditiona,1,3.4361191096328164e-06
7808,appellantshe,1,3.4361191096328164e-06
7809,lifetimeon,1,3.4361191096328164e-06
7810,morethe,1,3.4361191096328164e-06
7811,ladies,1,3.4361191096328164e-06
7812,sentimental,1,3.4361191096328164e-06
7813,abdicated,1,3.4361191096328164e-06
7814,sinhji,1,3.4361191096328164e-06
7815,rulership,1,3.4361191096328164e-06
7816,kathiawar,1,3.4361191096328164e-06
7817,queen,1,3.4361191096328164e-06
7818,akhan,1,3.4361191096328164e-06
7819,saubhagvanta,1,3.4361191096328164e-06
7820,vijay,1,3.4361191096328164e-06
7821,kunvar,1,3.4361191096328164e-06
7822,dignityin,1,3.4361191096328164e-06
7823,bewith,1,3.4361191096328164e-06
7824,evader,1,3.4361191096328164e-06
7825,warrants,1,3.4361191096328164e-06
7826,severally,1,3.4361191096328164e-06
7827,collectively,1,3.4361191096328164e-06
7828,fines,1,3.4361191096328164e-06
7829,evaderit,1,3.4361191096328164e-06
7830,fruitful,1,3.4361191096328164e-06
7831,ponkunnam,1,3.4361191096328164e-06
7832,quashedsection,1,3.4361191096328164e-06
7833,pepper,1,3.4361191096328164e-06
7834,ginger,1,3.4361191096328164e-06
7835,betelnuts,1,3.4361191096328164e-06
7836,unmended,1,3.4361191096328164e-06
7837,proceedingswhen,1,3.4361191096328164e-06
7838,workmenon,1,3.4361191096328164e-06
7839,nongrant,1,3.4361191096328164e-06
7840,nonabolition,1,3.4361191096328164e-06
7841,choudhary,1,3.4361191096328164e-06
7842,revisions,1,3.4361191096328164e-06
7843,ajmer,1,3.4361191096328164e-06
7844,evicted,1,3.4361191096328164e-06
7845,courtit,1,3.4361191096328164e-06
7846,succeedthe,1,3.4361191096328164e-06
7847,actas,1,3.4361191096328164e-06
7848,proceedingsif,1,3.4361191096328164e-06
7849,thereofif,1,3.4361191096328164e-06
7850,fixthereupon,1,3.4361191096328164e-06
7851,defendantsagainst,1,3.4361191096328164e-06
7852,protest,1,3.4361191096328164e-06
7853,compromiseit,1,3.4361191096328164e-06
7854,repossession,1,3.4361191096328164e-06
7855,plaintiffif,1,3.4361191096328164e-06
7856,unqualified,1,3.4361191096328164e-06
7857,supervise,1,3.4361191096328164e-06
7858,riding,1,3.4361191096328164e-06
7859,concernedthat,1,3.4361191096328164e-06
7860,spoke,1,3.4361191096328164e-06
7861,problemthe,1,3.4361191096328164e-06
7862,provisionsthus,1,3.4361191096328164e-06
7863,turnthe,1,3.4361191096328164e-06
7864,insurerif,1,3.4361191096328164e-06
7865,concernedthen,1,3.4361191096328164e-06
7866,invalidthe,1,3.4361191096328164e-06
7867,sustainedthe,1,3.4361191096328164e-06
7868,awardedsection,1,3.4361191096328164e-06
7869,insurerproviso,1,3.4361191096328164e-06
7870,uniform,1,3.4361191096328164e-06
7871,salaried,1,3.4361191096328164e-06
7872,hercules,1,3.4361191096328164e-06
7873,consideredin,1,3.4361191096328164e-06
7874,mazumdar,1,3.4361191096328164e-06
7875,inches,1,3.4361191096328164e-06
7876,qualitatively,1,3.4361191096328164e-06
7877,quantitatively,1,3.4361191096328164e-06
7878,prejudicially,1,3.4361191096328164e-06
7879,incharge,1,3.4361191096328164e-06
7880,keys,1,3.4361191096328164e-06
7881,failsthe,1,3.4361191096328164e-06
7882,presentit,1,3.4361191096328164e-06
7883,correcta,1,3.4361191096328164e-06
7884,chargenow,1,3.4361191096328164e-06
7885,tothe,1,3.4361191096328164e-06
7886,inchargeit,1,3.4361191096328164e-06
7887,probation,1,3.4361191096328164e-06
7888,centralgovernment,1,3.4361191096328164e-06
7889,suspense,1,3.4361191096328164e-06
7890,natesam,1,3.4361191096328164e-06
7891,arbuthnot,1,3.4361191096328164e-06
7892,rajam,1,3.4361191096328164e-06
7893,farley,1,3.4361191096328164e-06
7894,turner,1,3.4361191096328164e-06
7895,entrustment,1,3.4361191096328164e-06
7896,appropriation,1,3.4361191096328164e-06
7897,acquiesced,1,3.4361191096328164e-06
7898,await,1,3.4361191096328164e-06
7899,transmissions,1,3.4361191096328164e-06
7900,cestuique,1,3.4361191096328164e-06
7901,shah,1,3.4361191096328164e-06
7902,wrongfully,1,3.4361191096328164e-06
7903,sundries,1,3.4361191096328164e-06
7904,drafts,1,3.4361191096328164e-06
7905,instructionsor,1,3.4361191096328164e-06
7906,personor,1,3.4361191096328164e-06
7907,directeda,1,3.4361191096328164e-06
7908,rebuttedthe,1,3.4361191096328164e-06
7909,ordinance,1,3.4361191096328164e-06
7910,governer,1,3.4361191096328164e-06
7911,depositorsin,1,3.4361191096328164e-06
7912,sidethe,1,3.4361191096328164e-06
7913,amountin,1,3.4361191096328164e-06
7914,mrpearey,1,3.4361191096328164e-06
7915,returnedthe,1,3.4361191096328164e-06
7916,ratesthe,1,3.4361191096328164e-06
7917,plaintiffundoubtedly,1,3.4361191096328164e-06
7918,emphasises,1,3.4361191096328164e-06
7919,judgement,1,3.4361191096328164e-06
7920,consonant,1,3.4361191096328164e-06
7921,promulgation,1,3.4361191096328164e-06
7922,summonses,1,3.4361191096328164e-06
7923,affirmation,1,3.4361191096328164e-06
7924,examiner,1,3.4361191096328164e-06
7925,oppressionthe,1,3.4361191096328164e-06
7926,uptwo,1,3.4361191096328164e-06
7927,disallow,1,3.4361191096328164e-06
7928,george,1,3.4361191096328164e-06
7929,jessel,1,3.4361191096328164e-06
7930,thereofthe,1,3.4361191096328164e-06
7931,groundsin,1,3.4361191096328164e-06
7932,modifiedit,1,3.4361191096328164e-06
7933,upjustice,1,3.4361191096328164e-06
7934,asidethe,1,3.4361191096328164e-06
7935,vacatedjustice,1,3.4361191096328164e-06
7936,vexatiousa,1,3.4361191096328164e-06
7937,liquidationthe,1,3.4361191096328164e-06
7938,thereofjustice,1,3.4361191096328164e-06
7939,proceedingsagainst,1,3.4361191096328164e-06
7940,courtsection,1,3.4361191096328164e-06
7941,summonsupon,1,3.4361191096328164e-06
7942,orderrule,1,3.4361191096328164e-06
7943,indians,1,3.4361191096328164e-06
7944,liquidatorlord,1,3.4361191096328164e-06
7945,informationit,1,3.4361191096328164e-06
7946,vexatiousthe,1,3.4361191096328164e-06
7947,summonsthat,1,3.4361191096328164e-06
7948,witnessit,1,3.4361191096328164e-06
7949,examinedthere,1,3.4361191096328164e-06
7950,proceedsrule,1,3.4361191096328164e-06
7951,liquidationunder,1,3.4361191096328164e-06
7952,registerballygunge,1,3.4361191096328164e-06
7953,companyagainst,1,3.4361191096328164e-06
7954,metropolitan,1,3.4361191096328164e-06
7955,heirons,1,3.4361191096328164e-06
7956,mitterthe,1,3.4361191096328164e-06
7957,parteby,1,3.4361191096328164e-06
7958,agencythe,1,3.4361191096328164e-06
7959,actan,1,3.4361191096328164e-06
7960,soldthe,1,3.4361191096328164e-06
7961,evidenceit,1,3.4361191096328164e-06
7962,seventeen,1,3.4361191096328164e-06
7963,sharesthe,1,3.4361191096328164e-06
7964,appellantsin,1,3.4361191096328164e-06
7965,tradethe,1,3.4361191096328164e-06
7966,deductionthe,1,3.4361191096328164e-06
7967,quo,1,3.4361191096328164e-06
7968,entiled,1,3.4361191096328164e-06
7969,competently,1,3.4361191096328164e-06
7970,ranchi,1,3.4361191096328164e-06
7971,asia,1,3.4361191096328164e-06
7972,statesby,1,3.4361191096328164e-06
7973,othersby,1,3.4361191096328164e-06
7974,anyby,1,3.4361191096328164e-06
7975,obligationsthe,1,3.4361191096328164e-06
7976,postthe,1,3.4361191096328164e-06
7977,officethere,1,3.4361191096328164e-06
7978,renderedblackbrun,1,3.4361191096328164e-06
7979,remunerationthe,1,3.4361191096328164e-06
7980,connotationas,1,3.4361191096328164e-06
7981,constitutionsthis,1,3.4361191096328164e-06
7982,protested,1,3.4361191096328164e-06
7983,issuedthe,1,3.4361191096328164e-06
7984,thereofregulations,1,3.4361191096328164e-06
7985,monthly,1,3.4361191096328164e-06
7986,whosoever,1,3.4361191096328164e-06
7987,payrule,1,3.4361191096328164e-06
7988,regulationssubject,1,3.4361191096328164e-06
7989,cancelledsince,1,3.4361191096328164e-06
7990,biharon,1,3.4361191096328164e-06
7991,bakshi,1,3.4361191096328164e-06
7992,arrival,1,3.4361191096328164e-06
7993,independencethis,1,3.4361191096328164e-06
7994,serviceby,1,3.4361191096328164e-06
7995,acton,1,3.4361191096328164e-06
7996,rajagopalan,1,3.4361191096328164e-06
7997,conferredby,1,3.4361191096328164e-06
7998,purposethere,1,3.4361191096328164e-06
7999,hereversioners,1,3.4361191096328164e-06
8000,females,1,3.4361191096328164e-06
8001,selfacquired,1,3.4361191096328164e-06
8002,nearer,1,3.4361191096328164e-06
8003,ajitsingh,1,3.4361191096328164e-06
8004,abated,1,3.4361191096328164e-06
8005,pertaining,1,3.4361191096328164e-06
8006,docile,1,3.4361191096328164e-06
8007,maintenanceno,1,3.4361191096328164e-06
8008,heirthe,1,3.4361191096328164e-06
8009,lifetimeduring,1,3.4361191096328164e-06
8010,himbut,1,3.4361191096328164e-06
8011,fatherunder,1,3.4361191096328164e-06
8012,reversionersthis,1,3.4361191096328164e-06
8013,voicesonce,1,3.4361191096328164e-06
8014,descenton,1,3.4361191096328164e-06
8015,propertywe,1,3.4361191096328164e-06
8016,singhit,1,3.4361191096328164e-06
8017,limitationwhile,1,3.4361191096328164e-06
8018,itmitakshara,1,3.4361191096328164e-06
8019,allotmenthowever,1,3.4361191096328164e-06
8020,onlycommenting,1,3.4361191096328164e-06
8021,issuethe,1,3.4361191096328164e-06
8022,vellaiyappa,1,3.4361191096328164e-06
8023,chetty,1,3.4361191096328164e-06
8024,jointon,1,3.4361191096328164e-06
8025,mansinghon,1,3.4361191096328164e-06
8026,mansinghhe,1,3.4361191096328164e-06
8027,possessionbut,1,3.4361191096328164e-06
8028,mass,1,3.4361191096328164e-06
8029,advise,1,3.4361191096328164e-06
8030,complicity,1,3.4361191096328164e-06
8031,unrealistic,1,3.4361191096328164e-06
8032,encashed,1,3.4361191096328164e-06
8033,motiveeven,1,3.4361191096328164e-06
8034,enquirythat,1,3.4361191096328164e-06
8035,partieswe,1,3.4361191096328164e-06
8036,profitsthe,1,3.4361191096328164e-06
8037,assesseesbefore,1,3.4361191096328164e-06
8038,poonamchandin,1,3.4361191096328164e-06
8039,personsit,1,3.4361191096328164e-06
8040,commissionerthe,1,3.4361191096328164e-06
8041,messrshe,1,3.4361191096328164e-06
8042,securitythat,1,3.4361191096328164e-06
8043,businessthat,1,3.4361191096328164e-06
8044,unrealisticin,1,3.4361191096328164e-06
8045,officera,1,3.4361191096328164e-06
8046,meghaji,1,3.4361191096328164e-06
8047,kapurchand,1,3.4361191096328164e-06
8048,motijithe,1,3.4361191096328164e-06
8049,assesseesthe,1,3.4361191096328164e-06
8050,genuinethe,1,3.4361191096328164e-06
8051,chimmonalall,1,3.4361191096328164e-06
8052,rameshwarlall,1,3.4361191096328164e-06
8053,chandi,1,3.4361191096328164e-06
8054,chokhani,1,3.4361191096328164e-06
8055,inadvisable,1,3.4361191096328164e-06
8056,fishbut,1,3.4361191096328164e-06
8057,cooled,1,3.4361191096328164e-06
8058,uncooled,1,3.4361191096328164e-06
8059,preparations,1,3.4361191096328164e-06
8060,lunch,1,3.4361191096328164e-06
8061,dinner,1,3.4361191096328164e-06
8062,letterfor,1,3.4361191096328164e-06
8063,milks,1,3.4361191096328164e-06
8064,notificationwhether,1,3.4361191096328164e-06
8065,menufish,1,3.4361191096328164e-06
8066,premisesthe,1,3.4361191096328164e-06
8067,cigarettes,1,3.4361191096328164e-06
8068,betels,1,3.4361191096328164e-06
8069,milk,1,3.4361191096328164e-06
8070,fruits,1,3.4361191096328164e-06
8071,unrebutted,1,3.4361191096328164e-06
8072,attitude,1,3.4361191096328164e-06
8073,untrue,1,3.4361191096328164e-06
8074,confiscated,1,3.4361191096328164e-06
8075,renders,1,3.4361191096328164e-06
8076,abhyankar,1,3.4361191096328164e-06
8077,adhere,1,3.4361191096328164e-06
8078,tolas,1,3.4361191096328164e-06
8079,pukhraj,1,3.4361191096328164e-06
8080,petit,1,3.4361191096328164e-06
8081,ion,1,3.4361191096328164e-06
8082,companion,1,3.4361191096328164e-06
8083,dealingwith,1,3.4361191096328164e-06
8084,whilst,1,3.4361191096328164e-06
8085,calcuttanagpur,1,3.4361191096328164e-06
8086,raigarh,1,3.4361191096328164e-06
8087,sup,1,3.4361191096328164e-06
8088,confiscating,1,3.4361191096328164e-06
8089,moreit,1,3.4361191096328164e-06
8090,confiscationif,1,3.4361191096328164e-06
8091,challengethe,1,3.4361191096328164e-06
8092,confiscationthat,1,3.4361191096328164e-06
8093,himthen,1,3.4361191096328164e-06
8094,appellanttherefore,1,3.4361191096328164e-06
8095,justiceit,1,3.4361191096328164e-06
8096,goodsthere,1,3.4361191096328164e-06
8097,tolasthis,1,3.4361191096328164e-06
8098,appellantthat,1,3.4361191096328164e-06
8099,untruea,1,3.4361191096328164e-06
8100,smuggledthe,1,3.4361191096328164e-06
8101,validthe,1,3.4361191096328164e-06
8102,morethis,1,3.4361191096328164e-06
8103,substitutedthe,1,3.4361191096328164e-06
8104,tolasfive,1,3.4361191096328164e-06
8105,pronounce,1,3.4361191096328164e-06
8106,disabilities,1,3.4361191096328164e-06
8107,transferrer,1,3.4361191096328164e-06
8108,rested,1,3.4361191096328164e-06
8109,specifies,1,3.4361191096328164e-06
8110,ineffective,1,3.4361191096328164e-06
8111,aided,1,3.4361191096328164e-06
8112,jubbiilpore,1,3.4361191096328164e-06
8113,jabbulpore,1,3.4361191096328164e-06
8114,ft,1,3.4361191096328164e-06
8115,notifying,1,3.4361191096328164e-06
8116,sq,1,3.4361191096328164e-06
8117,reacted,1,3.4361191096328164e-06
8118,erected,1,3.4361191096328164e-06
8119,adaptation,1,3.4361191096328164e-06
8120,complaining,1,3.4361191096328164e-06
8121,forbidding,1,3.4361191096328164e-06
8122,laterwhat,1,3.4361191096328164e-06
8123,challengedin,1,3.4361191096328164e-06
8124,inthe,1,3.4361191096328164e-06
8125,therefromthis,1,3.4361191096328164e-06
8126,provincesthe,1,3.4361191096328164e-06
8127,governmentgovernment,1,3.4361191096328164e-06
8128,governmenton,1,3.4361191096328164e-06
8129,governmentno,1,3.4361191096328164e-06
8130,committeethe,1,3.4361191096328164e-06
8131,constitutionmeanwhile,1,3.4361191096328164e-06
8132,applya,1,3.4361191096328164e-06
8133,accessthe,1,3.4361191096328164e-06
8134,corporationsave,1,3.4361191096328164e-06
8135,pberar,1,3.4361191096328164e-06
8136,provincesin,1,3.4361191096328164e-06
8137,pleadingsthe,1,3.4361191096328164e-06
8138,defencesthe,1,3.4361191096328164e-06
8139,nuisances,1,3.4361191096328164e-06
8140,concomitant,1,3.4361191096328164e-06
8141,onin,1,3.4361191096328164e-06
8142,housethe,1,3.4361191096328164e-06
8143,parked,1,3.4361191096328164e-06
8144,obstructioninjurious,1,3.4361191096328164e-06
8145,comfortit,1,3.4361191096328164e-06
8146,nuisancesome,1,3.4361191096328164e-06
8147,botheration,1,3.4361191096328164e-06
8148,inspite,1,3.4361191096328164e-06
8149,authorship,1,3.4361191096328164e-06
8150,ship,1,3.4361191096328164e-06
8151,cleared,1,3.4361191096328164e-06
8152,spared,1,3.4361191096328164e-06
8153,hesitated,1,3.4361191096328164e-06
8154,tance,1,3.4361191096328164e-06
8155,depositing,1,3.4361191096328164e-06
8156,misappropriated,1,3.4361191096328164e-06
8157,tained,1,3.4361191096328164e-06
8158,evidencein,1,3.4361191096328164e-06
8159,acquittedon,1,3.4361191096328164e-06
8160,caseit,1,3.4361191096328164e-06
8161,producethat,1,3.4361191096328164e-06
8162,jurisprudencethe,1,3.4361191096328164e-06
8163,laterhe,1,3.4361191096328164e-06
8164,appellantbut,1,3.4361191096328164e-06
8165,examinedthe,1,3.4361191096328164e-06
8166,documentotherwise,1,3.4361191096328164e-06
8167,forgeriesthis,1,3.4361191096328164e-06
8168,respondentin,1,3.4361191096328164e-06
8169,absurdity,1,3.4361191096328164e-06
8170,equated,1,3.4361191096328164e-06
8171,puchased,1,3.4361191096328164e-06
8172,provisos,1,3.4361191096328164e-06
8173,excepts,1,3.4361191096328164e-06
8174,unalterable,1,3.4361191096328164e-06
8175,reversal,1,3.4361191096328164e-06
8176,judicate,1,3.4361191096328164e-06
8177,insolventat,1,3.4361191096328164e-06
8178,provisosthe,1,3.4361191096328164e-06
8179,decisionwhere,1,3.4361191096328164e-06
8180,allthat,1,3.4361191096328164e-06
8181,decreemy,1,3.4361191096328164e-06
8182,fruition,1,3.4361191096328164e-06
8183,respondentsapart,1,3.4361191096328164e-06
8184,salenothing,1,3.4361191096328164e-06
8185,asince,1,3.4361191096328164e-06
8186,asideby,1,3.4361191096328164e-06
8187,receivera,1,3.4361191096328164e-06
8188,receiverin,1,3.4361191096328164e-06
8189,orderwhile,1,3.4361191096328164e-06
8190,hanworth,1,3.4361191096328164e-06
8191,casewe,1,3.4361191096328164e-06
8192,ammannathere,1,3.4361191096328164e-06
8193,lodge,1,3.4361191096328164e-06
8194,decreein,1,3.4361191096328164e-06
8195,ammanna,1,3.4361191096328164e-06
8196,dischargeit,1,3.4361191096328164e-06
8197,prudently,1,3.4361191096328164e-06
8198,embarking,1,3.4361191096328164e-06
8199,probabilities,1,3.4361191096328164e-06
8200,workmens,1,3.4361191096328164e-06
8201,utilising,1,3.4361191096328164e-06
8202,unreliable,1,3.4361191096328164e-06
8203,scrap,1,3.4361191096328164e-06
8204,foresighted,1,3.4361191096328164e-06
8205,appellantin,1,3.4361191096328164e-06
8206,tribunalas,1,3.4361191096328164e-06
8207,ariseif,1,3.4361191096328164e-06
8208,positionit,1,3.4361191096328164e-06
8209,itselfapart,1,3.4361191096328164e-06
8210,behalfthe,1,3.4361191096328164e-06
8211,timeas,1,3.4361191096328164e-06
8212,worsethe,1,3.4361191096328164e-06
8213,john,1,3.4361191096328164e-06
8214,retrenchmentsubsequently,1,3.4361191096328164e-06
8215,retrenchedit,1,3.4361191096328164e-06
8216,appellantunder,1,3.4361191096328164e-06
8217,retrenchedthe,1,3.4361191096328164e-06
8218,justicethe,1,3.4361191096328164e-06
8219,itin,1,3.4361191096328164e-06
8220,timein,1,3.4361191096328164e-06
8221,worksin,1,3.4361191096328164e-06
8222,reminded,1,3.4361191096328164e-06
8223,factorythese,1,3.4361191096328164e-06
8224,limestone,1,3.4361191096328164e-06
8225,moulding,1,3.4361191096328164e-06
8226,undertakingthis,1,3.4361191096328164e-06
8227,extinguishing,1,3.4361191096328164e-06
8228,sufficed,1,3.4361191096328164e-06
8229,correlative,1,3.4361191096328164e-06
8230,framers,1,3.4361191096328164e-06
8231,describe,1,3.4361191096328164e-06
8232,raos,1,3.4361191096328164e-06
8233,redemp,1,3.4361191096328164e-06
8234,perty,1,3.4361191096328164e-06
8235,mortgageewhen,1,3.4361191096328164e-06
8236,upif,1,3.4361191096328164e-06
8237,endnow,1,3.4361191096328164e-06
8238,continueif,1,3.4361191096328164e-06
8239,documentthe,1,3.4361191096328164e-06
8240,thereinthis,1,3.4361191096328164e-06
8241,beforeit,1,3.4361191096328164e-06
8242,paymentin,1,3.4361191096328164e-06
8243,cage,1,3.4361191096328164e-06
8244,vestingthe,1,3.4361191096328164e-06
8245,horti,1,3.4361191096328164e-06
8246,cultural,1,3.4361191096328164e-06
8247,arisethe,1,3.4361191096328164e-06
8248,courtif,1,3.4361191096328164e-06
8249,redemptionthe,1,3.4361191096328164e-06
8250,propertyit,1,3.4361191096328164e-06
8251,courtin,1,3.4361191096328164e-06
8252,mortgagedbraund,1,3.4361191096328164e-06
8253,ul,1,3.4361191096328164e-06
8254,lah,1,3.4361191096328164e-06
8255,kalyan,1,3.4361191096328164e-06
8256,moneyorder,1,3.4361191096328164e-06
8257,deterioration,1,3.4361191096328164e-06
8258,hewas,1,3.4361191096328164e-06
8259,ingenious,1,3.4361191096328164e-06
8260,talking,1,3.4361191096328164e-06
8261,unsupportable,1,3.4361191096328164e-06
8262,brushed,1,3.4361191096328164e-06
8263,commented,1,3.4361191096328164e-06
8264,dhubri,1,3.4361191096328164e-06
8265,rangia,1,3.4361191096328164e-06
8266,tejpur,1,3.4361191096328164e-06
8267,propaganda,1,3.4361191096328164e-06
8268,popularise,1,3.4361191096328164e-06
8269,visits,1,3.4361191096328164e-06
8270,salesmen,1,3.4361191096328164e-06
8271,cared,1,3.4361191096328164e-06
8272,soaps,1,3.4361191096328164e-06
8273,commenting,1,3.4361191096328164e-06
8274,mi,1,3.4361191096328164e-06
8275,simpli,1,3.4361191096328164e-06
8276,citer,1,3.4361191096328164e-06
8277,cloak,1,3.4361191096328164e-06
8278,capricious,1,3.4361191096328164e-06
8279,inherence,1,3.4361191096328164e-06
8280,frankly,1,3.4361191096328164e-06
8281,comments,1,3.4361191096328164e-06
8282,confining,1,3.4361191096328164e-06
8283,marketable,1,3.4361191096328164e-06
8284,damaged,1,3.4361191096328164e-06
8285,alright,1,3.4361191096328164e-06
8286,probationer,1,3.4361191096328164e-06
8287,confidence,1,3.4361191096328164e-06
8288,appe,1,3.4361191096328164e-06
8289,llant,1,3.4361191096328164e-06
8290,caseeven,1,3.4361191096328164e-06
8291,unsupportableit,1,3.4361191096328164e-06
8292,mrbanerjees,1,3.4361191096328164e-06
8293,ourselvesconfining,1,3.4361191096328164e-06
8294,machinesmr,1,3.4361191096328164e-06
8295,unreliablebesides,1,3.4361191096328164e-06
8296,reportit,1,3.4361191096328164e-06
8297,mrguptas,1,3.4361191096328164e-06
8298,manneron,1,3.4361191096328164e-06
8299,actionbasing,1,3.4361191096328164e-06
8300,victimisationthe,1,3.4361191096328164e-06
8301,employeethat,1,3.4361191096328164e-06
8302,banerjeeit,1,3.4361191096328164e-06
8303,usin,1,3.4361191096328164e-06
8304,unsatisfactorymr,1,3.4361191096328164e-06
8305,workit,1,3.4361191096328164e-06
8306,remarkable,1,3.4361191096328164e-06
8307,casesince,1,3.4361191096328164e-06
8308,unionbanerjees,1,3.4361191096328164e-06
8309,salesmanin,1,3.4361191096328164e-06
8310,conditionthereupon,1,3.4361191096328164e-06
8311,explanationaccordingly,1,3.4361191096328164e-06
8312,banerjeethis,1,3.4361191096328164e-06
8313,octoberbanerjee,1,3.4361191096328164e-06
8314,bybut,1,3.4361191096328164e-06
8315,argue,1,3.4361191096328164e-06
8316,rains,1,3.4361191096328164e-06
8317,favourable,1,3.4361191096328164e-06
8318,unsatisfactorythere,1,3.4361191096328164e-06
8319,managermr,1,3.4361191096328164e-06
8320,himlabour,1,3.4361191096328164e-06
8321,coursecall,1,3.4361191096328164e-06
8322,explanationit,1,3.4361191096328164e-06
8323,grantedwe,1,3.4361191096328164e-06
8324,reinstated,1,3.4361191096328164e-06
8325,contempt,1,3.4361191096328164e-06
8326,suspensionselect,1,3.4361191096328164e-06
8327,suspensionit,1,3.4361191096328164e-06
8328,thoughtconsequently,1,3.4361191096328164e-06
8329,thoughtadmittedly,1,3.4361191096328164e-06
8330,ordereven,1,3.4361191096328164e-06
8331,proceedingswhere,1,3.4361191096328164e-06
8332,continueit,1,3.4361191096328164e-06
8333,rangaswamy,1,3.4361191096328164e-06
8334,examinedin,1,3.4361191096328164e-06
8335,paidlearned,1,3.4361191096328164e-06
8336,hyderabadshe,1,3.4361191096328164e-06
8337,sanjana,1,3.4361191096328164e-06
8338,allshe,1,3.4361191096328164e-06
8339,propertywhen,1,3.4361191096328164e-06
8340,truthfully,1,3.4361191096328164e-06
8341,neck,1,3.4361191096328164e-06
8342,thief,1,3.4361191096328164e-06
8343,trespass,1,3.4361191096328164e-06
8344,marksif,1,3.4361191096328164e-06
8345,neckassuming,1,3.4361191096328164e-06
8346,thereafterthey,1,3.4361191096328164e-06
8347,stolenthus,1,3.4361191096328164e-06
8348,chainhowever,1,3.4361191096328164e-06
8349,stolenit,1,3.4361191096328164e-06
8350,lodgedthe,1,3.4361191096328164e-06
8351,sleepingit,1,3.4361191096328164e-06
8352,chainthe,1,3.4361191096328164e-06
8353,truthfullybut,1,3.4361191096328164e-06
8354,parking,1,3.4361191096328164e-06
8355,questioning,1,3.4361191096328164e-06
8356,aduvathuruthu,1,3.4361191096328164e-06
8357,thara,1,3.4361191096328164e-06
8358,fashion,1,3.4361191096328164e-06
8359,pradeep,1,3.4361191096328164e-06
8360,chainafter,1,3.4361191096328164e-06
8361,offencethe,1,3.4361191096328164e-06
8362,courtby,1,3.4361191096328164e-06
8363,openthey,1,3.4361191096328164e-06
8364,offencethey,1,3.4361191096328164e-06
8365,sellingthe,1,3.4361191096328164e-06
8366,codethe,1,3.4361191096328164e-06
8367,thieves,1,3.4361191096328164e-06
8368,incidentthe,1,3.4361191096328164e-06
8369,saravanan,1,3.4361191096328164e-06
8370,exactly,1,3.4361191096328164e-06
8371,participants,1,3.4361191096328164e-06
8372,shobha,1,3.4361191096328164e-06
8373,ipcdespite,1,3.4361191096328164e-06
8374,murder,1,3.4361191096328164e-06
8375,facilitated,1,3.4361191096328164e-06
8376,trustworthy,1,3.4361191096328164e-06
8377,alonethe,1,3.4361191096328164e-06
8378,himselfa,1,3.4361191096328164e-06
8379,provisionin,1,3.4361191096328164e-06
8380,courtpw,1,3.4361191096328164e-06
8381,deaththe,1,3.4361191096328164e-06
8382,smtmanoharbai,1,3.4361191096328164e-06
8383,bhawanishankar,1,3.4361191096328164e-06
8384,kalulal,1,3.4361191096328164e-06
8385,basantilal,1,3.4361191096328164e-06
8386,witnessesprosecution,1,3.4361191096328164e-06
8387,vsstate,1,3.4361191096328164e-06
8388,circumstancestherefore,1,3.4361191096328164e-06
8389,witnessthe,1,3.4361191096328164e-06
8390,decisionsin,1,3.4361191096328164e-06
8391,actinsofar,1,3.4361191096328164e-06
8392,endorse,1,3.4361191096328164e-06
8393,experience,1,3.4361191096328164e-06
8394,mechanically,1,3.4361191096328164e-06
8395,reproduction,1,3.4361191096328164e-06
8396,reliefsapplications,1,3.4361191096328164e-06
8397,deprecatedunder,1,3.4361191096328164e-06
8398,issuedorder,1,3.4361191096328164e-06
8399,partyhowever,1,3.4361191096328164e-06
8400,hearingby,1,3.4361191096328164e-06
8401,substitution,1,3.4361191096328164e-06
8402,reviewing,1,3.4361191096328164e-06
8403,vgurdip,1,3.4361191096328164e-06
8404,otherslearned,1,3.4361191096328164e-06
8405,factsthis,1,3.4361191096328164e-06
8406,indiscriminately,1,3.4361191096328164e-06
8407,wasted,1,3.4361191096328164e-06
8408,applicationsthis,1,3.4361191096328164e-06
8409,courtwhat,1,3.4361191096328164e-06
8410,lawapplications,1,3.4361191096328164e-06
8411,operative,1,3.4361191096328164e-06
8412,photocopies,1,3.4361191096328164e-06
8413,appealslearned,1,3.4361191096328164e-06
8414,formulating,1,3.4361191096328164e-06
8415,schemes,1,3.4361191096328164e-06
8416,ghospura,1,3.4361191096328164e-06
8417,mehra,1,3.4361191096328164e-06
8418,sanctioning,1,3.4361191096328164e-06
8419,deprecating,1,3.4361191096328164e-06
8420,followswe,1,3.4361191096328164e-06
8421,indirectlygenerally,1,3.4361191096328164e-06
8422,negating,1,3.4361191096328164e-06
8423,disproportionate,1,3.4361191096328164e-06
8424,shocks,1,3.4361191096328164e-06
8425,authoritythe,1,3.4361191096328164e-06
8426,dictation,1,3.4361191096328164e-06
8427,thereofunfortunately,1,3.4361191096328164e-06
8428,mingled,1,3.4361191096328164e-06
8429,spoiledsince,1,3.4361191096328164e-06
8430,consthiru,1,3.4361191096328164e-06
8431,tell,1,3.4361191096328164e-06
8432,mahalingmthough,1,3.4361191096328164e-06
8433,misleadthe,1,3.4361191096328164e-06
8434,onei,1,3.4361191096328164e-06
8435,himafter,1,3.4361191096328164e-06
8436,affairsthat,1,3.4361191096328164e-06
8437,authorityi,1,3.4361191096328164e-06
8438,invigilatorthe,1,3.4361191096328164e-06
8439,onewhile,1,3.4361191096328164e-06
8440,servicethe,1,3.4361191096328164e-06
8441,bharathiyar,1,3.4361191096328164e-06
8442,centers,1,3.4361191096328164e-06
8443,surgeons,1,3.4361191096328164e-06
8444,examinationthese,1,3.4361191096328164e-06
8445,candidateshe,1,3.4361191096328164e-06
8446,cons,1,3.4361191096328164e-06
8447,mislead,1,3.4361191096328164e-06
8448,superintendenthe,1,3.4361191096328164e-06
8449,saveriyar,1,3.4361191096328164e-06
8450,ripped,1,3.4361191096328164e-06
8451,examinationimmediately,1,3.4361191096328164e-06
8452,uel,1,3.4361191096328164e-06
8453,ansi,1,3.4361191096328164e-06
8454,university,1,3.4361191096328164e-06
8455,library,1,3.4361191096328164e-06
8456,invigilation,1,3.4361191096328164e-06
8457,ticked,1,3.4361191096328164e-06
8458,personnel,1,3.4361191096328164e-06
8459,officehowever,1,3.4361191096328164e-06
8460,appellantrather,1,3.4361191096328164e-06
8461,coffee,1,3.4361191096328164e-06
8462,secretaries,1,3.4361191096328164e-06
8463,onwards,1,3.4361191096328164e-06
8464,upstairs,1,3.4361191096328164e-06
8465,parcel,1,3.4361191096328164e-06
8466,admn,1,3.4361191096328164e-06
8467,courtrule,1,3.4361191096328164e-06
8468,model,1,3.4361191096328164e-06
8469,coversuch,1,3.4361191096328164e-06
8470,personthe,1,3.4361191096328164e-06
8471,imposedan,1,3.4361191096328164e-06
8472,invigilatorunfortunately,1,3.4361191096328164e-06
8473,appointmentat,1,3.4361191096328164e-06
8474,workhe,1,3.4361191096328164e-06
8475,numberdecree,1,3.4361191096328164e-06
8476,patanjali,1,3.4361191096328164e-06
8477,sastri,1,3.4361191096328164e-06
8478,companypled,1,3.4361191096328164e-06
8479,companyceal,1,3.4361191096328164e-06
8480,numberreference,1,3.4361191096328164e-06
8481,companyumn,1,3.4361191096328164e-06
8482,janu,1,3.4361191096328164e-06
8483,ary,1,3.4361191096328164e-06
8484,numberprivity,1,3.4361191096328164e-06
8485,numberbearing,1,3.4361191096328164e-06
8486,ficial,1,3.4361191096328164e-06
8487,privity,1,3.4361191096328164e-06
8488,numbersales,1,3.4361191096328164e-06
8489,numberdifference,1,3.4361191096328164e-06
8490,companydi,1,3.4361191096328164e-06
8491,companystruc,1,3.4361191096328164e-06
8492,companypa,1,3.4361191096328164e-06
8493,companyplete,1,3.4361191096328164e-06
8494,sikri,1,3.4361191096328164e-06
8495,jindra,1,3.4361191096328164e-06
8496,numbergrounds,1,3.4361191096328164e-06
8497,companytext,1,3.4361191096328164e-06
8498,numberpublic,1,3.4361191096328164e-06
8499,companymunications,1,3.4361191096328164e-06
8500,companyprehensive,1,3.4361191096328164e-06
8501,numbergreater,1,3.4361191096328164e-06
8502,companystituent,1,3.4361191096328164e-06
8503,numberdispute,1,3.4361191096328164e-06
8504,companygratulating,1,3.4361191096328164e-06
8505,voting,1,3.4361191096328164e-06
8506,annumbernced,1,3.4361191096328164e-06
8507,effectively,1,3.4361191096328164e-06
8508,companyfirm,1,3.4361191096328164e-06
8509,postulates,1,3.4361191096328164e-06
8510,lawmade,1,3.4361191096328164e-06
8511,companyvert,1,3.4361191096328164e-06
8512,reinforce,1,3.4361191096328164e-06
8513,citing,1,3.4361191096328164e-06
8514,passager,1,3.4361191096328164e-06
8515,enhancing,1,3.4361191096328164e-06
8516,revocations,1,3.4361191096328164e-06
8517,revoking,1,3.4361191096328164e-06
8518,systematic,1,3.4361191096328164e-06
8519,expropriating,1,3.4361191096328164e-06
8520,numberimproper,1,3.4361191096328164e-06
8521,companyvenience,1,3.4361191096328164e-06
8522,numberpartition,1,3.4361191096328164e-06
8523,companyquest,1,3.4361191096328164e-06
8524,companylectors,1,3.4361191096328164e-06
8525,numbercase,1,3.4361191096328164e-06
8526,numbercivil,1,3.4361191096328164e-06
8527,companytending,1,3.4361191096328164e-06
8528,judicary,1,3.4361191096328164e-06
8529,rasaldar,1,3.4361191096328164e-06
8530,ajaipal,1,3.4361191096328164e-06
8531,numberintermediate,1,3.4361191096328164e-06
8532,nana,1,3.4361191096328164e-06
8533,aba,1,3.4361191096328164e-06
8534,companytends,1,3.4361191096328164e-06
8535,numberlis,1,3.4361191096328164e-06
8536,swallow,1,3.4361191096328164e-06
8537,eaten,1,3.4361191096328164e-06
8538,stream,1,3.4361191096328164e-06
8539,companysumes,1,3.4361191096328164e-06
8540,smallest,1,3.4361191096328164e-06
8541,sends,1,3.4361191096328164e-06
8542,signify,1,3.4361191096328164e-06
8543,inequality,1,3.4361191096328164e-06
8544,saddled,1,3.4361191096328164e-06
8545,evens,1,3.4361191096328164e-06
8546,feasibly,1,3.4361191096328164e-06
8547,influence,1,3.4361191096328164e-06
8548,inequalities,1,3.4361191096328164e-06
8549,inevitable,1,3.4361191096328164e-06
8550,theoretical,1,3.4361191096328164e-06
8551,endless,1,3.4361191096328164e-06
8552,dissenting,1,3.4361191096328164e-06
8553,annumberances,1,3.4361191096328164e-06
8554,caught,1,3.4361191096328164e-06
8555,vortex,1,3.4361191096328164e-06
8556,rewrite,1,3.4361191096328164e-06
8557,companystitutionally,1,3.4361191096328164e-06
8558,embrace,1,3.4361191096328164e-06
8559,basle,1,3.4361191096328164e-06
8560,schedler,1,3.4361191096328164e-06
8561,hickson,1,3.4361191096328164e-06
8562,numberelement,1,3.4361191096328164e-06
8563,companyprised,1,3.4361191096328164e-06
8564,companynections,1,3.4361191096328164e-06
8565,companyception,1,3.4361191096328164e-06
8566,incorporation,1,3.4361191096328164e-06
8567,specious,1,3.4361191096328164e-06
8568,positions,1,3.4361191096328164e-06
8569,mutually,1,3.4361191096328164e-06
8570,companyexist,1,3.4361191096328164e-06
8571,companysume,1,3.4361191096328164e-06
8572,accomplish,1,3.4361191096328164e-06
8573,eating,1,3.4361191096328164e-06
8574,clothes,1,3.4361191096328164e-06
8575,fuel,1,3.4361191096328164e-06
8576,gradual,1,3.4361191096328164e-06
8577,decay,1,3.4361191096328164e-06
8578,crease,1,3.4361191096328164e-06
8579,effort,1,3.4361191096328164e-06
8580,crawford,1,3.4361191096328164e-06
8581,numbersuggestion,1,3.4361191096328164e-06
8582,companyputation,1,3.4361191096328164e-06
8583,doesnumber,1,3.4361191096328164e-06
8584,numberprofits,1,3.4361191096328164e-06
8585,numbersense,1,3.4361191096328164e-06
8586,arasuram,1,3.4361191096328164e-06
8587,isaacs,1,3.4361191096328164e-06
8588,amar,1,3.4361191096328164e-06
8589,chona,1,3.4361191096328164e-06
8590,anumberaly,1,3.4361191096328164e-06
8591,numberadvantage,1,3.4361191096328164e-06
8592,numbercontracts,1,3.4361191096328164e-06
8593,poll,1,3.4361191096328164e-06
8594,companycentrates,1,3.4361191096328164e-06
8595,ignumbered,1,3.4361191096328164e-06
8596,numberopinion,1,3.4361191096328164e-06
8597,innumberence,1,3.4361191096328164e-06
8598,otheris,1,3.4361191096328164e-06
8599,companyfinement,1,3.4361191096328164e-06
8600,circuit,1,3.4361191096328164e-06
8601,numberination,1,3.4361191096328164e-06
8602,numbervalid,1,3.4361191096328164e-06
8603,numberelection,1,3.4361191096328164e-06
8604,numbersubsequent,1,3.4361191096328164e-06
8605,companyrupt,1,3.4361191096328164e-06
8606,companyplies,1,3.4361191096328164e-06
8607,numberoption,1,3.4361191096328164e-06
8608,misused,1,3.4361191096328164e-06
8609,companylusion,1,3.4361191096328164e-06
8610,companysent,1,3.4361191096328164e-06
8611,numberdebts,1,3.4361191096328164e-06
8612,companytracted,1,3.4361191096328164e-06
8613,minumber,1,3.4361191096328164e-06
8614,numbertitle,1,3.4361191096328164e-06
8615,companytentions,1,3.4361191096328164e-06
8616,numberoccasion,1,3.4361191096328164e-06
8617,numbernecessity,1,3.4361191096328164e-06
8618,companycurrent,1,3.4361191096328164e-06
8619,monumberarnika,1,3.4361191096328164e-06
8620,numberproper,1,3.4361191096328164e-06
8621,companyvenient,1,3.4361191096328164e-06
8622,companypass,1,3.4361191096328164e-06
8623,recount,1,3.4361191096328164e-06
8624,voluminumbers,1,3.4361191096328164e-06
8625,history,1,3.4361191096328164e-06
8626,companystructing,1,3.4361191096328164e-06
8627,companymitted,1,3.4361191096328164e-06
8628,companyditio,1,3.4361191096328164e-06
8629,berg,1,3.4361191096328164e-06
8630,sadler,1,3.4361191096328164e-06
8631,companytracts,1,3.4361191096328164e-06
8632,fivaz,1,3.4361191096328164e-06
8633,nicholls,1,3.4361191096328164e-06
8634,barnet,1,3.4361191096328164e-06
8635,parcq,1,3.4361191096328164e-06
8636,companyverted,1,3.4361191096328164e-06
8637,alexander,1,3.4361191096328164e-06
8638,numberaction,1,3.4361191096328164e-06
8639,bousted,1,3.4361191096328164e-06
8640,companyscience,1,3.4361191096328164e-06
8641,numberroom,1,3.4361191096328164e-06
8642,rigour,1,3.4361191096328164e-06
8643,dadachanji,1,3.4361191096328164e-06
8644,companylection,1,3.4361191096328164e-06
8645,companyditional,1,3.4361191096328164e-06
8646,numberdividend,1,3.4361191096328164e-06
8647,numberdirect,1,3.4361191096328164e-06
8648,morgan,1,3.4361191096328164e-06
8649,multipar,1,3.4361191096328164e-06
8650,devitt,1,3.4361191096328164e-06
8651,hume,1,3.4361191096328164e-06
8652,numberclaim,1,3.4361191096328164e-06
8653,numberevent,1,3.4361191096328164e-06
8654,totaling,1,3.4361191096328164e-06
8655,numberprovision,1,3.4361191096328164e-06
8656,companyceivable,1,3.4361191096328164e-06
8657,companycluding,1,3.4361191096328164e-06
8658,companyfers,1,3.4361191096328164e-06
8659,companyveying,1,3.4361191096328164e-06
8660,companymortgagor,1,3.4361191096328164e-06
8661,numberrestitution,1,3.4361191096328164e-06
8662,companyplexity,1,3.4361191096328164e-06
8663,companyflict,1,3.4361191096328164e-06
8664,companymittees,1,3.4361191096328164e-06
8665,numberthink,1,3.4361191096328164e-06
8666,companyparative,1,3.4361191096328164e-06
8667,numbermember,1,3.4361191096328164e-06
8668,interveners,1,3.4361191096328164e-06
8669,sen,1,3.4361191096328164e-06
8670,shallsubject,1,3.4361191096328164e-06
8671,numberinconsistency,1,3.4361191096328164e-06
8672,numberrelief,1,3.4361191096328164e-06
8673,companyceded,1,3.4361191096328164e-06
8674,companytrol,1,3.4361191096328164e-06
8675,companytaining,1,3.4361191096328164e-06
8676,destructive,1,3.4361191096328164e-06
8677,numbericed,1,3.4361191096328164e-06
8678,mahmood,1,3.4361191096328164e-06
8679,din,1,3.4361191096328164e-06
8680,dial,1,3.4361191096328164e-06
8681,debars,1,3.4361191096328164e-06
8682,wanchoo,1,3.4361191096328164e-06
8683,companystitute,1,3.4361191096328164e-06
8684,companyditioned,1,3.4361191096328164e-06
8685,companyparable,1,3.4361191096328164e-06
8686,ramamurthi,1,3.4361191096328164e-06
8687,nag,1,3.4361191096328164e-06
8688,varma,1,3.4361191096328164e-06
8689,intervener,1,3.4361191096328164e-06
8690,companytrolled,1,3.4361191096328164e-06
8691,numberchange,1,3.4361191096328164e-06
8692,companyfusion,1,3.4361191096328164e-06
8693,numberimportance,1,3.4361191096328164e-06
8694,kapur,1,3.4361191096328164e-06
8695,companyies,1,3.4361191096328164e-06
8696,numbercomplaint,1,3.4361191096328164e-06
8697,numberallegation,1,3.4361191096328164e-06
8698,numbered,1,3.4361191096328164e-06
8699,companypelling,1,3.4361191096328164e-06
8700,numberground,1,3.4361191096328164e-06
8701,companytributory,1,3.4361191096328164e-06
8702,companynected,1,3.4361191096328164e-06
8703,numberwarrant,1,3.4361191096328164e-06
8704,companymanding,1,3.4361191096328164e-06
8705,numberifications,1,3.4361191096328164e-06
8706,companypetently,1,3.4361191096328164e-06
8707,numberexisting,1,3.4361191096328164e-06
8708,companynumberation,1,3.4361191096328164e-06
8709,numberscope,1,3.4361191096328164e-06
8710,numberbrothers,1,3.4361191096328164e-06
8711,lawrence,1,3.4361191096328164e-06
8712,companytest,1,3.4361191096328164e-06
8713,numberuseful,1,3.4361191096328164e-06
8714,dinshah,1,3.4361191096328164e-06
8715,mulla,1,3.4361191096328164e-06
8716,companysidering,1,3.4361191096328164e-06
8717,companycubine,1,3.4361191096328164e-06
8718,companysequential,1,3.4361191096328164e-06
8719,numbertransactions,1,3.4361191096328164e-06
8720,companylect,1,3.4361191096328164e-06
8721,numberappeal,1,3.4361191096328164e-06
8722,companyn,1,3.4361191096328164e-06
8723,ignumber,1,3.4361191096328164e-06
8724,numberifying,1,3.4361191096328164e-06
8725,pronumbernce,1,3.4361191096328164e-06
8726,companycomitant,1,3.4361191096328164e-06
8727,numberse,1,3.4361191096328164e-06
8728,companyfort,1,3.4361191096328164e-06
8729,balakrishna,1,3.4361191096328164e-06
8730,maheshwari,1,3.4361191096328164e-06
8731,gajendragadkarj,1,3.4361191096328164e-06
8732,tribunalpatna,1,3.4361191096328164e-06
8733,companysolidated,1,3.4361191096328164e-06
8734,companymencing,1,3.4361191096328164e-06
8735,trinal,1,3.4361191096328164e-06
8736,daphtary,1,3.4361191096328164e-06
8737,companymodity,1,3.4361191096328164e-06
8738,numbersupply,1,3.4361191096328164e-06
8739,numbergood,1,3.4361191096328164e-06
8740,acknumberledg,1,3.4361191096328164e-06
8741,numberdocument,1,3.4361191096328164e-06
8742,companyveyance,1,3.4361191096328164e-06
8743,companymenting,1,3.4361191096328164e-06
8744,numbermally,1,3.4361191096328164e-06
8745,numberspecific,1,3.4361191096328164e-06
8746,numberfinal,1,3.4361191096328164e-06
8747,numbereffect,1,3.4361191096328164e-06
8748,numbercharge,1,3.4361191096328164e-06
8749,companytractual,1,3.4361191096328164e-06
8750,transferors,1,3.4361191096328164e-06
8751,companyceive,1,3.4361191096328164e-06
8752,companymits,1,3.4361191096328164e-06
8753,deprecate,1,3.4361191096328164e-06
8754,reverses,1,3.4361191096328164e-06
8755,modifies,1,3.4361191096328164e-06
8756,singhvi,1,3.4361191096328164e-06
8757,companylege,1,3.4361191096328164e-06
8758,companyfee,1,3.4361191096328164e-06
8759,companytinuation,1,3.4361191096328164e-06
8760,sd,1,3.4361191096328164e-06
8761,thastagini,1,3.4361191096328164e-06
8762,numberpossibility,1,3.4361191096328164e-06
8763,companyplaint,1,3.4361191096328164e-06
8764,companynting,1,3.4361191096328164e-06
8765,companynts,1,3.4361191096328164e-06
8766,feb,1,3.4361191096328164e-06
8767,companyvince,1,3.4361191096328164e-06
8768,companyclusions,1,3.4361191096328164e-06
8769,companyducting,1,3.4361191096328164e-06
8770,companytain,1,3.4361191096328164e-06
8771,currently,1,3.4361191096328164e-06
8772,levels,1,3.4361191096328164e-06
8773,rushed,1,3.4361191096328164e-06
8774,helpless,1,3.4361191096328164e-06
8775,patients,1,3.4361191096328164e-06
8776,faulted,1,3.4361191096328164e-06
8777,penalised,1,3.4361191096328164e-06
8778,excessive,1,3.4361191096328164e-06
8779,idem,1,3.4361191096328164e-06
8780,battled,1,3.4361191096328164e-06
8781,deadly,1,3.4361191096328164e-06
8782,urging,1,3.4361191096328164e-06
8783,thankfully,1,3.4361191096328164e-06
8784,survived,1,3.4361191096328164e-06
8785,shudders,1,3.4361191096328164e-06
8786,spend,1,3.4361191096328164e-06
8787,abide,1,3.4361191096328164e-06
8788,saved,1,3.4361191096328164e-06
8789,delve,1,3.4361191096328164e-06
8790,engulfed,1,3.4361191096328164e-06
8791,wave,1,3.4361191096328164e-06
8792,pandemic,1,3.4361191096328164e-06
8793,overcharged,1,3.4361191096328164e-06
8794,safdarjung,1,3.4361191096328164e-06
8795,ventrical,1,3.4361191096328164e-06
8796,septal,1,3.4361191096328164e-06
8797,surgery,1,3.4361191096328164e-06
8798,undertake,1,3.4361191096328164e-06
8799,diagnostic,1,3.4361191096328164e-06
8800,pages,1,3.4361191096328164e-06
8801,research,1,3.4361191096328164e-06
8802,hospitals,1,3.4361191096328164e-06
8803,citizens,1,3.4361191096328164e-06
8804,spectator,1,3.4361191096328164e-06
8805,differential,1,3.4361191096328164e-06
8806,pursue,1,3.4361191096328164e-06
8807,perceives,1,3.4361191096328164e-06
8808,dk,1,3.4361191096328164e-06
8809,crpc,1,3.4361191096328164e-06
8810,basistha,1,3.4361191096328164e-06
8811,jorabat,1,3.4361191096328164e-06
8812,narangi,1,3.4361191096328164e-06
8813,contented,1,3.4361191096328164e-06
8814,daffodil,1,3.4361191096328164e-06
8815,kolkata,1,3.4361191096328164e-06
8816,cd,1,3.4361191096328164e-06
8817,cum,1,3.4361191096328164e-06
8818,destination,1,3.4361191096328164e-06
8819,authenticity,1,3.4361191096328164e-06
8820,mad,1,3.4361191096328164e-06
8821,hengrabari,1,3.4361191096328164e-06
8822,anip,1,3.4361191096328164e-06
8823,sr,1,3.4361191096328164e-06
8824,ck,1,3.4361191096328164e-06
8825,azad,1,3.4361191096328164e-06
8826,panbazar,1,3.4361191096328164e-06
8827,guwahati,1,3.4361191096328164e-06
8828,karki,1,3.4361191096328164e-06
8829,dist,1,3.4361191096328164e-06
8830,contradiction,1,3.4361191096328164e-06
8831,shib,1,3.4361191096328164e-06
8832,shibbari,1,3.4361191096328164e-06
8833,nokmj,1,3.4361191096328164e-06
8834,dl,1,3.4361191096328164e-06
8835,filled,1,3.4361191096328164e-06
8836,inserting,1,3.4361191096328164e-06
8837,annexing,1,3.4361191096328164e-06
8838,ink,1,3.4361191096328164e-06
8839,space,1,3.4361191096328164e-06
8840,manipulations,1,3.4361191096328164e-06
8841,consignee,1,3.4361191096328164e-06
8842,emails,1,3.4361191096328164e-06
8843,pharmacy,1,3.4361191096328164e-06
8844,stockist,1,3.4361191096328164e-06
8845,barrack,1,3.4361191096328164e-06
8846,valley,1,3.4361191096328164e-06
8847,complicacy,1,3.4361191096328164e-06
8848,wriggle,1,3.4361191096328164e-06
8849,movement,1,3.4361191096328164e-06
8850,carefully,1,3.4361191096328164e-06
8851,thrust,1,3.4361191096328164e-06
8852,interpolated,1,3.4361191096328164e-06
8853,headquarter,1,3.4361191096328164e-06
8854,interestingly,1,3.4361191096328164e-06
8855,revelations,1,3.4361191096328164e-06
8856,thorough,1,3.4361191096328164e-06
8857,meticulous,1,3.4361191096328164e-06
8858,phosphate,1,3.4361191096328164e-06
8859,chlorpheniramine,1,3.4361191096328164e-06
8860,malite,1,3.4361191096328164e-06
8861,ml,1,3.4361191096328164e-06
8862,batch,1,3.4361191096328164e-06
8863,lesc,1,3.4361191096328164e-06
8864,mfg,1,3.4361191096328164e-06
8865,dtd,1,3.4361191096328164e-06
8866,expr,1,3.4361191096328164e-06
8867,dt,1,3.4361191096328164e-06
8868,carton,1,3.4361191096328164e-06
8869,card,1,3.4361191096328164e-06
8870,mt,1,3.4361191096328164e-06
8871,handset,1,3.4361191096328164e-06
8872,organized,1,3.4361191096328164e-06
8873,roles,1,3.4361191096328164e-06
8874,corroborating,1,3.4361191096328164e-06
8875,involvement,1,3.4361191096328164e-06
8876,chemically,1,3.4361191096328164e-06
8877,curb,1,3.4361191096328164e-06
8878,heinous,1,3.4361191096328164e-06
8879,clarified,1,3.4361191096328164e-06
8880,quashment,1,3.4361191096328164e-06
8881,ingots,1,3.4361191096328164e-06
8882,neighboring,1,3.4361191096328164e-06
8883,erratic,1,3.4361191096328164e-06
8884,input,1,3.4361191096328164e-06
8885,chrome,1,3.4361191096328164e-06
8886,replacing,1,3.4361191096328164e-06
8887,modern,1,3.4361191096328164e-06
8888,environment,1,3.4361191096328164e-06
8889,friendly,1,3.4361191096328164e-06
8890,burdening,1,3.4361191096328164e-06
8891,overcome,1,3.4361191096328164e-06
8892,install,1,3.4361191096328164e-06
8893,processed,1,3.4361191096328164e-06
8894,superintending,1,3.4361191096328164e-06
8895,pranav,1,3.4361191096328164e-06
8896,serial,1,3.4361191096328164e-06
8897,guru,1,3.4361191096328164e-06
8898,proposal,1,3.4361191096328164e-06
8899,loading,1,3.4361191096328164e-06
8900,grid,1,3.4361191096328164e-06
8901,liquidate,1,3.4361191096328164e-06
8902,dcp,1,3.4361191096328164e-06
8903,authorization,1,3.4361191096328164e-06
8904,dismantled,1,3.4361191096328164e-06
8905,disconnected,1,3.4361191096328164e-06
8906,functional,1,3.4361191096328164e-06
8907,jodhamal,1,3.4361191096328164e-06
8908,tawi,1,3.4361191096328164e-06
8909,fdd,1,3.4361191096328164e-06
8910,silent,1,3.4361191096328164e-06
8911,getting,1,3.4361191096328164e-06
8912,banning,1,3.4361191096328164e-06
8913,planning,1,3.4361191096328164e-06
8914,latest,1,3.4361191096328164e-06
8915,whereof,1,3.4361191096328164e-06
8916,capacitor,1,3.4361191096328164e-06
8917,harmonic,1,3.4361191096328164e-06
8918,filters,1,3.4361191096328164e-06
8919,subsidy,1,3.4361191096328164e-06
8920,ht,1,3.4361191096328164e-06
8921,tariff,1,3.4361191096328164e-06
8922,upstream,1,3.4361191096328164e-06
8923,vindicated,1,3.4361191096328164e-06
8924,riders,1,3.4361191096328164e-06
8925,pathak,1,3.4361191096328164e-06
8926,constructions,1,3.4361191096328164e-06
8927,illumined,1,3.4361191096328164e-06
8928,goal,1,3.4361191096328164e-06
8929,guided,1,3.4361191096328164e-06
8930,explicitly,1,3.4361191096328164e-06
8931,experts,1,3.4361191096328164e-06
8932,interpret,1,3.4361191096328164e-06
8933,infusing,1,3.4361191096328164e-06
8934,interpreting,1,3.4361191096328164e-06
8935,bhart,1,3.4361191096328164e-06
8936,sanchar,1,3.4361191096328164e-06
8937,nigam,1,3.4361191096328164e-06
8938,legations,1,3.4361191096328164e-06
8939,obliterate,1,3.4361191096328164e-06
8940,afore,1,3.4361191096328164e-06
8941,revising,1,3.4361191096328164e-06
8942,connotes,1,3.4361191096328164e-06
8943,preposition,1,3.4361191096328164e-06
8944,religion,1,3.4361191096328164e-06
8945,taluka,1,3.4361191096328164e-06
8946,shuttling,1,3.4361191096328164e-06
8947,resided,1,3.4361191096328164e-06
8948,beget,1,3.4361191096328164e-06
8949,secures,1,3.4361191096328164e-06
8950,spending,1,3.4361191096328164e-06
8951,listen,1,3.4361191096328164e-06
8952,everything,1,3.4361191096328164e-06
8953,worry,1,3.4361191096328164e-06
8954,responded,1,3.4361191096328164e-06
8955,resuming,1,3.4361191096328164e-06
8956,shriram,1,3.4361191096328164e-06
8957,ghongade,1,3.4361191096328164e-06
8958,achalpur,1,3.4361191096328164e-06
8959,resisted,1,3.4361191096328164e-06
8960,kavimandan,1,3.4361191096328164e-06
8961,inception,1,3.4361191096328164e-06
8962,unintentional,1,3.4361191096328164e-06
8963,jagdish,1,3.4361191096328164e-06
8964,madhuri,1,3.4361191096328164e-06
8965,shradha,1,3.4361191096328164e-06
8966,padma,1,3.4361191096328164e-06
8967,shrikant,1,3.4361191096328164e-06
8968,puri,1,3.4361191096328164e-06
8969,uttara,1,3.4361191096328164e-06
8970,reside,1,3.4361191096328164e-06
8971,khushlani,1,3.4361191096328164e-06
8972,suspects,1,3.4361191096328164e-06
8973,wishes,1,3.4361191096328164e-06
8974,chastity,1,3.4361191096328164e-06
8975,proves,1,3.4361191096328164e-06
8976,abandoned,1,3.4361191096328164e-06
8977,marriages,1,3.4361191096328164e-06
8978,heaven,1,3.4361191096328164e-06
8979,tying,1,3.4361191096328164e-06
8980,knot,1,3.4361191096328164e-06
8981,souls,1,3.4361191096328164e-06
8982,love,1,3.4361191096328164e-06
8983,vedic,1,3.4361191096328164e-06
8984,sanskar,1,3.4361191096328164e-06
8985,promises,1,3.4361191096328164e-06
8986,complex,1,3.4361191096328164e-06
8987,exhibits,1,3.4361191096328164e-06
8988,subhash,1,3.4361191096328164e-06
8989,papalkar,1,3.4361191096328164e-06
8990,uncle,1,3.4361191096328164e-06
8991,ashwini,1,3.4361191096328164e-06
8992,bhushan,1,3.4361191096328164e-06
8993,umbarkar,1,3.4361191096328164e-06
8994,shamrao,1,3.4361191096328164e-06
8995,kadu,1,3.4361191096328164e-06
8996,reproductive,1,3.4361191096328164e-06
8997,insegregable,1,3.4361191096328164e-06
8998,endangers,1,3.4361191096328164e-06
8999,limb,1,3.4361191096328164e-06
9000,samar,1,3.4361191096328164e-06
9001,jaya,1,3.4361191096328164e-06
9002,wherefrom,1,3.4361191096328164e-06
9003,illustrations,1,3.4361191096328164e-06
9004,acute,1,3.4361191096328164e-06
9005,parameters,1,3.4361191096328164e-06
9006,appraisal,1,3.4361191096328164e-06
9007,anguish,1,3.4361191096328164e-06
9008,disappointment,1,3.4361191096328164e-06
9009,frustration,1,3.4361191096328164e-06
9010,reprehensible,1,3.4361191096328164e-06
9011,studied,1,3.4361191096328164e-06
9012,neglect,1,3.4361191096328164e-06
9013,indifference,1,3.4361191096328164e-06
9014,kindness,1,3.4361191096328164e-06
9015,deriving,1,3.4361191096328164e-06
9016,sadistic,1,3.4361191096328164e-06
9017,persistent,1,3.4361191096328164e-06
9018,lengthy,1,3.4361191096328164e-06
9019,deteriorated,1,3.4361191096328164e-06
9020,extremely,1,3.4361191096328164e-06
9021,jayachandra,1,3.4361191096328164e-06
9022,aneel,1,3.4361191096328164e-06
9023,behavior,1,3.4361191096328164e-06
9024,restricts,1,3.4361191096328164e-06
9025,endangering,1,3.4361191096328164e-06
9026,bodily,1,3.4361191096328164e-06
9027,grievous,1,3.4361191096328164e-06
9028,inexcusable,1,3.4361191096328164e-06
9029,rude,1,3.4361191096328164e-06
9030,arrogant,1,3.4361191096328164e-06
9031,buldhana,1,3.4361191096328164e-06
9032,suspect,1,3.4361191096328164e-06
9033,lachman,1,3.4361191096328164e-06
9034,utamchand,1,3.4361191096328164e-06
9035,kirpalani,1,3.4361191096328164e-06
9036,meena,1,3.4361191096328164e-06
9037,filthy,1,3.4361191096328164e-06
9038,vile,1,3.4361191096328164e-06
9039,thoughtful,1,3.4361191096328164e-06
9040,believable,1,3.4361191096328164e-06
9041,uzair,1,3.4361191096328164e-06
9042,kazi,1,3.4361191096328164e-06
9043,ankita,1,3.4361191096328164e-06
9044,ymk,1,3.4361191096328164e-06
9045,palkar,1,3.4361191096328164e-06
9046,kashimira,1,3.4361191096328164e-06
9047,mira,1,3.4361191096328164e-06
9048,thane,1,3.4361191096328164e-06
9049,aged,1,3.4361191096328164e-06
9050,span,1,3.4361191096328164e-06
9051,intimacy,1,3.4361191096328164e-06
9052,hesitant,1,3.4361191096328164e-06
9053,promise,1,3.4361191096328164e-06
9054,watching,1,3.4361191096328164e-06
9055,delete,1,3.4361191096328164e-06
9056,confronted,1,3.4361191096328164e-06
9057,severed,1,3.4361191096328164e-06
9058,publishes,1,3.4361191096328164e-06
9059,transmits,1,3.4361191096328164e-06
9060,lascivious,1,3.4361191096328164e-06
9061,prurient,1,3.4361191096328164e-06
9062,deprave,1,3.4361191096328164e-06
9063,frst,1,3.4361191096328164e-06
9064,genus,1,3.4361191096328164e-06
9065,depicting,1,3.4361191096328164e-06
9066,forwarding,1,3.4361191096328164e-06
9067,oxford,1,3.4361191096328164e-06
9068,introducing,1,3.4361191096328164e-06
9069,indulging,1,3.4361191096328164e-06
9070,sandeep,1,3.4361191096328164e-06
9071,shinde,1,3.4361191096328164e-06
9072,defnite,1,3.4361191096328164e-06
9073,specifc,1,3.4361191096328164e-06
9074,depiction,1,3.4361191096328164e-06
9075,emanating,1,3.4361191096328164e-06
9076,wrappers,1,3.4361191096328164e-06
9077,stickers,1,3.4361191096328164e-06
9078,arrayed,1,3.4361191096328164e-06
9079,principals,1,3.4361191096328164e-06
9080,masters,1,3.4361191096328164e-06
9081,affiliates,1,3.4361191096328164e-06
9082,associates,1,3.4361191096328164e-06
9083,licensees,1,3.4361191096328164e-06
9084,lucky,1,3.4361191096328164e-06
9085,hookah,1,3.4361191096328164e-06
9086,zone,1,3.4361191096328164e-06
9087,dasti,1,3.4361191096328164e-06
9088,youssef,1,3.4361191096328164e-06
9089,anis,1,3.4361191096328164e-06
9090,mehio,1,3.4361191096328164e-06
9091,email,1,3.4361191096328164e-06
9092,ds,1,3.4361191096328164e-06
9093,diversified,1,3.4361191096328164e-06
9094,conglomerate,1,3.4361191096328164e-06
9095,sectors,1,3.4361191096328164e-06
9096,beverages,1,3.4361191096328164e-06
9097,hospitality,1,3.4361191096328164e-06
9098,fresheners,1,3.4361191096328164e-06
9099,agro,1,3.4361191096328164e-06
9100,forestry,1,3.4361191096328164e-06
9101,predecessors,1,3.4361191096328164e-06
9102,registrations,1,3.4361191096328164e-06
9103,flagship,1,3.4361191096328164e-06
9104,largest,1,3.4361191096328164e-06
9105,layout,1,3.4361191096328164e-06
9106,getup,1,3.4361191096328164e-06
9107,associate,1,3.4361191096328164e-06
9108,characteristics,1,3.4361191096328164e-06
9109,dark,1,3.4361191096328164e-06
9110,royal,1,3.4361191096328164e-06
9111,blue,1,3.4361191096328164e-06
9112,map,1,3.4361191096328164e-06
9113,ghost,1,3.4361191096328164e-06
9114,oblong,1,3.4361191096328164e-06
9115,tagline,1,3.4361191096328164e-06
9116,superb,1,3.4361191096328164e-06
9117,freshness,1,3.4361191096328164e-06
9118,taste,1,3.4361191096328164e-06
9119,rg,1,3.4361191096328164e-06
9120,suneel,1,3.4361191096328164e-06
9121,rajput,1,3.4361191096328164e-06
9122,os,1,3.4361191096328164e-06
9123,zb,1,3.4361191096328164e-06
9124,invested,1,3.4361191096328164e-06
9125,advertise,1,3.4361191096328164e-06
9126,clocked,1,3.4361191096328164e-06
9127,magazines,1,3.4361191096328164e-06
9128,internet,1,3.4361191096328164e-06
9129,hoardings,1,3.4361191096328164e-06
9130,television,1,3.4361191096328164e-06
9131,commercials,1,3.4361191096328164e-06
9132,assert,1,3.4361191096328164e-06
9133,gained,1,3.4361191096328164e-06
9134,infringing,1,3.4361191096328164e-06
9135,surveillance,1,3.4361191096328164e-06
9136,investigations,1,3.4361191096328164e-06
9137,flipkart,1,3.4361191096328164e-06
9138,amazon,1,3.4361191096328164e-06
9139,easysmoke,1,3.4361191096328164e-06
9140,smokinn,1,3.4361191096328164e-06
9141,competing,1,3.4361191096328164e-06
9142,deceptive,1,3.4361191096328164e-06
9143,font,1,3.4361191096328164e-06
9144,dishonest,1,3.4361191096328164e-06
9145,visually,1,3.4361191096328164e-06
9146,structurally,1,3.4361191096328164e-06
9147,hereinbelow,1,3.4361191096328164e-06
9148,gainsaying,1,3.4361191096328164e-06
9149,logo,1,3.4361191096328164e-06
9150,affiliation,1,3.4361191096328164e-06
9151,kaviraj,1,3.4361191096328164e-06
9152,pandit,1,3.4361191096328164e-06
9153,durga,1,3.4361191096328164e-06
9154,navratana,1,3.4361191096328164e-06
9155,pharmaceutical,1,3.4361191096328164e-06
9156,laboratories,1,3.4361191096328164e-06
9157,offers,1,3.4361191096328164e-06
9158,mischievously,1,3.4361191096328164e-06
9159,gandha,1,3.4361191096328164e-06
9160,ride,1,3.4361191096328164e-06
9161,posited,1,3.4361191096328164e-06
9162,trigger,1,3.4361191096328164e-06
9163,ref,1,3.4361191096328164e-06
9164,mccarthy,1,3.4361191096328164e-06
9165,dissimilar,1,3.4361191096328164e-06
9166,shielded,1,3.4361191096328164e-06
9167,triple,1,3.4361191096328164e-06
9168,manoj,1,3.4361191096328164e-06
9169,dodia,1,3.4361191096328164e-06
9170,encashing,1,3.4361191096328164e-06
9171,encash,1,3.4361191096328164e-06
9172,popularity,1,3.4361191096328164e-06
9173,detrimental,1,3.4361191096328164e-06
9174,originate,1,3.4361191096328164e-06
9175,diminish,1,3.4361191096328164e-06
9176,ability,1,3.4361191096328164e-06
9177,reckitt,1,3.4361191096328164e-06
9178,benckiser,1,3.4361191096328164e-06
9179,dlt,1,3.4361191096328164e-06
9180,db,1,3.4361191096328164e-06
9181,allude,1,3.4361191096328164e-06
9182,comm,1,3.4361191096328164e-06
9183,cassettes,1,3.4361191096328164e-06
9184,hrcn,1,3.4361191096328164e-06
9185,network,1,3.4361191096328164e-06
9186,rookes,1,3.4361191096328164e-06
9187,barnard,1,3.4361191096328164e-06
9188,cassell,1,3.4361191096328164e-06
9189,broome,1,3.4361191096328164e-06
9190,ac,1,3.4361191096328164e-06
9191,centric,1,3.4361191096328164e-06
9192,dishonestly,1,3.4361191096328164e-06
9193,performing,1,3.4361191096328164e-06
9194,debashis,1,3.4361191096328164e-06
9195,patnaik,1,3.4361191096328164e-06
9196,ptc,1,3.4361191096328164e-06
9197,uflex,1,3.4361191096328164e-06
9198,shiv,1,3.4361191096328164e-06
9199,rahul,1,3.4361191096328164e-06
9200,bhargava,1,3.4361191096328164e-06
9201,sikh,1,3.4361191096328164e-06
9202,ceremonies,1,3.4361191096328164e-06
9203,cohabited,1,3.4361191096328164e-06
9204,pressurising,1,3.4361191096328164e-06
9205,dental,1,3.4361191096328164e-06
9206,disrespectful,1,3.4361191096328164e-06
9207,assaulted,1,3.4361191096328164e-06
9208,misbehaved,1,3.4361191096328164e-06
9209,insulted,1,3.4361191096328164e-06
9210,offensively,1,3.4361191096328164e-06
9211,arrogantly,1,3.4361191096328164e-06
9212,bailable,1,3.4361191096328164e-06
9213,tension,1,3.4361191096328164e-06
9214,lohri,1,3.4361191096328164e-06
9215,torturing,1,3.4361191096328164e-06
9216,mercilessly,1,3.4361191096328164e-06
9217,monetary,1,3.4361191096328164e-06
9218,constantly,1,3.4361191096328164e-06
9219,mocked,1,3.4361191096328164e-06
9220,abusively,1,3.4361191096328164e-06
9221,ceremony,1,3.4361191096328164e-06
9222,scheduled,1,3.4361191096328164e-06
9223,flatly,1,3.4361191096328164e-06
9224,replication,1,3.4361191096328164e-06
9225,worst,1,3.4361191096328164e-06
9226,venue,1,3.4361191096328164e-06
9227,visiting,1,3.4361191096328164e-06
9228,ailing,1,3.4361191096328164e-06
9229,booked,1,3.4361191096328164e-06
9230,educational,1,3.4361191096328164e-06
9231,headquarters,1,3.4361191096328164e-06
9232,ruined,1,3.4361191096328164e-06
9233,fraternity,1,3.4361191096328164e-06
9234,jewellery,1,3.4361191096328164e-06
9235,opp,1,3.4361191096328164e-06
9236,opr,1,3.4361191096328164e-06
9237,maninder,1,3.4361191096328164e-06
9238,jit,1,3.4361191096328164e-06
9239,workstation,1,3.4361191096328164e-06
9240,utterly,1,3.4361191096328164e-06
9241,vicious,1,3.4361191096328164e-06
9242,vindictive,1,3.4361191096328164e-06
9243,platform,1,3.4361191096328164e-06
9244,tremendous,1,3.4361191096328164e-06
9245,deepa,1,3.4361191096328164e-06
9246,ashish,1,3.4361191096328164e-06
9247,nilima,1,3.4361191096328164e-06
9248,munish,1,3.4361191096328164e-06
9249,bajaj,1,3.4361191096328164e-06
9250,manisha,1,3.4361191096328164e-06
9251,bhutani,1,3.4361191096328164e-06
9252,gurbaksh,1,3.4361191096328164e-06
9253,sita,1,3.4361191096328164e-06
9254,amandeep,1,3.4361191096328164e-06
9255,goyal,1,3.4361191096328164e-06
9256,yogesh,1,3.4361191096328164e-06
9257,gurwinder,1,3.4361191096328164e-06
9258,gurvinder,1,3.4361191096328164e-06
9259,kulwant,1,3.4361191096328164e-06
9260,sing,1,3.4361191096328164e-06
9261,harpinder,1,3.4361191096328164e-06
9262,gurpreet,1,3.4361191096328164e-06
9263,ovarian,1,3.4361191096328164e-06
9264,tumour,1,3.4361191096328164e-06
9265,reiterates,1,3.4361191096328164e-06
9266,hereunder,1,3.4361191096328164e-06
9267,harpreet,1,3.4361191096328164e-06
9268,didn,1,3.4361191096328164e-06
9269,cordial,1,3.4361191096328164e-06
9270,develop,1,3.4361191096328164e-06
9271,sorry,1,3.4361191096328164e-06
9272,nauseating,1,3.4361191096328164e-06
9273,vomiting,1,3.4361191096328164e-06
9274,sensation,1,3.4361191096328164e-06
9275,poked,1,3.4361191096328164e-06
9276,ego,1,3.4361191096328164e-06
9277,authoritative,1,3.4361191096328164e-06
9278,surfaced,1,3.4361191096328164e-06
9279,pressurizing,1,3.4361191096328164e-06
9280,bow,1,3.4361191096328164e-06
9281,tactics,1,3.4361191096328164e-06
9282,sarbjit,1,3.4361191096328164e-06
9283,lakhvir,1,3.4361191096328164e-06
9284,yogender,1,3.4361191096328164e-06
9285,sunta,1,3.4361191096328164e-06
9286,sumati,1,3.4361191096328164e-06
9287,chetan,1,3.4361191096328164e-06
9288,dass,1,3.4361191096328164e-06
9289,kamla,1,3.4361191096328164e-06
9290,ravi,1,3.4361191096328164e-06
9291,julmi,1,3.4361191096328164e-06
9292,savitri,1,3.4361191096328164e-06
9293,prem,1,3.4361191096328164e-06
9294,synopsis,1,3.4361191096328164e-06
9295,veracity,1,3.4361191096328164e-06
9296,touchstone,1,3.4361191096328164e-06
9297,factually,1,3.4361191096328164e-06
9298,obnoxious,1,3.4361191096328164e-06
9299,imputations,1,3.4361191096328164e-06
9300,behave,1,3.4361191096328164e-06
9301,greedy,1,3.4361191096328164e-06
9302,indecent,1,3.4361191096328164e-06
9303,gestures,1,3.4361191096328164e-06
9304,fatherly,1,3.4361191096328164e-06
9305,ssp,1,3.4361191096328164e-06
9306,counselling,1,3.4361191096328164e-06
9307,cell,1,3.4361191096328164e-06
9308,forcibly,1,3.4361191096328164e-06
9309,detective,1,3.4361191096328164e-06
9310,impotent,1,3.4361191096328164e-06
9311,command,1,3.4361191096328164e-06
9312,torture,1,3.4361191096328164e-06
9313,aforementioned,1,3.4361191096328164e-06
9314,cmdc,1,3.4361191096328164e-06
9315,nc,1,3.4361191096328164e-06
9316,apo,1,3.4361191096328164e-06
9317,speedy,1,3.4361191096328164e-06
9318,timely,1,3.4361191096328164e-06
9319,implementation,1,3.4361191096328164e-06
9320,denying,1,3.4361191096328164e-06
9321,articulated,1,3.4361191096328164e-06
9322,husband's,1,3.4361191096328164e-06
9323,facet,1,3.4361191096328164e-06
9324,frequent,1,3.4361191096328164e-06
9325,joydeep,1,3.4361191096328164e-06
9326,bharti,1,3.4361191096328164e-06
9327,jaiswal,1,3.4361191096328164e-06
9328,reveal,1,3.4361191096328164e-06
9329,platforms,1,3.4361191096328164e-06
9330,wife's,1,3.4361191096328164e-06
9331,disentitled,1,3.4361191096328164e-06
9332,educated,1,3.4361191096328164e-06
9333,irreparably,1,3.4361191096328164e-06
9334,sullied,1,3.4361191096328164e-06
9335,condonation,1,3.4361191096328164e-06
9336,kahkashan,1,3.4361191096328164e-06
9337,kausar,1,3.4361191096328164e-06
9338,sonam,1,3.4361191096328164e-06
9339,revengeful,1,3.4361191096328164e-06
9340,harass,1,3.4361191096328164e-06
9341,manav,1,3.4361191096328164e-06
9342,adhikar,1,3.4361191096328164e-06
9343,sushil,1,3.4361191096328164e-06
9344,prevention,1,3.4361191096328164e-06
9345,oblique,1,3.4361191096328164e-06
9346,wipe,1,3.4361191096328164e-06
9347,coverage,1,3.4361191096328164e-06
9348,adds,1,3.4361191096328164e-06
9349,misery,1,3.4361191096328164e-06
9350,remedial,1,3.4361191096328164e-06
9351,measures,1,3.4361191096328164e-06
9352,intentioned,1,3.4361191096328164e-06
9353,wreck,1,3.4361191096328164e-06
9354,vendetta,1,3.4361191096328164e-06
9355,unleash,1,3.4361191096328164e-06
9356,appropriately,1,3.4361191096328164e-06
9357,frame,1,3.4361191096328164e-06
9358,maninderjeet,1,3.4361191096328164e-06
9359,troubled,1,3.4361191096328164e-06
9360,kavita,1,3.4361191096328164e-06
9361,exactitude,1,3.4361191096328164e-06
9362,reckless,1,3.4361191096328164e-06
9363,peers,1,3.4361191096328164e-06
9364,levelling,1,3.4361191096328164e-06
9365,tickets,1,3.4361191096328164e-06
9366,plans,1,3.4361191096328164e-06
9367,conjectural,1,3.4361191096328164e-06
9368,uncontroverted,1,3.4361191096328164e-06
9369,irreconcilable,1,3.4361191096328164e-06
9370,rajendran,1,3.4361191096328164e-06
9371,valli,1,3.4361191096328164e-06
9372,reminding,1,3.4361191096328164e-06
9373,blame,1,3.4361191096328164e-06
9374,prefatory,1,3.4361191096328164e-06
9375,agreeable,1,3.4361191096328164e-06
9376,shametha,1,3.4361191096328164e-06
9377,unmindful,1,3.4361191096328164e-06
9378,fait,1,3.4361191096328164e-06
9379,accompli,1,3.4361191096328164e-06
9380,perceive,1,3.4361191096328164e-06
9381,cohabiting,1,3.4361191096328164e-06
9382,snuffed,1,3.4361191096328164e-06
9383,vanishing,1,3.4361191096328164e-06
9384,stitching,1,3.4361191096328164e-06
9385,dissolving,1,3.4361191096328164e-06
9386,blameless,1,3.4361191096328164e-06
9387,unavoidable,1,3.4361191096328164e-06
9388,naveen,1,3.4361191096328164e-06
9389,neelu,1,3.4361191096328164e-06
9390,sandhya,1,3.4361191096328164e-06
9391,kalyanram,1,3.4361191096328164e-06
9392,narayanan,1,3.4361191096328164e-06
9393,supp,1,3.4361191096328164e-06
9394,chandrakala,1,3.4361191096328164e-06
9395,vipin,1,3.4361191096328164e-06
9396,kanchan,1,3.4361191096328164e-06
9397,promod,1,3.4361191096328164e-06
9398,mittal,1,3.4361191096328164e-06
9399,reconciliation,1,3.4361191096328164e-06
9400,conspectus,1,3.4361191096328164e-06
9401,alimony,1,3.4361191096328164e-06
9402,crm,1,3.4361191096328164e-06
9403,ajay,1,3.4361191096328164e-06
9404,ghangas,1,3.4361191096328164e-06
9405,surrenders,1,3.4361191096328164e-06
9406,surrendering,1,3.4361191096328164e-06
9407,complying,1,3.4361191096328164e-06
9408,stark,1,3.4361191096328164e-06
9409,entitling,1,3.4361191096328164e-06
9410,exemplify,1,3.4361191096328164e-06
9411,demolished,1,3.4361191096328164e-06
9412,pedestal,1,3.4361191096328164e-06
9413,remotely,1,3.4361191096328164e-06
9414,moreso,1,3.4361191096328164e-06
9415,pressure,1,3.4361191096328164e-06
9416,threats,1,3.4361191096328164e-06
9417,samalkha,1,3.4361191096328164e-06
9418,samalakha,1,3.4361191096328164e-06
9419,bk,1,3.4361191096328164e-06
9420,attested,1,3.4361191096328164e-06
9421,notary,1,3.4361191096328164e-06
9422,vendor,1,3.4361191096328164e-06
9423,maman,1,3.4361191096328164e-06
9424,chhokar,1,3.4361191096328164e-06
9425,anuj,1,3.4361191096328164e-06
9426,complainant's,1,3.4361191096328164e-06
9427,pertain,1,3.4361191096328164e-06
9428,fabricated,1,3.4361191096328164e-06
9429,registering,1,3.4361191096328164e-06
9430,pressurized,1,3.4361191096328164e-06
9431,bare,1,3.4361191096328164e-06
9432,tracked,1,3.4361191096328164e-06
9433,wastes,1,3.4361191096328164e-06
9434,curtailed,1,3.4361191096328164e-06
9435,haryana,1,3.4361191096328164e-06
9436,floor,1,3.4361191096328164e-06
9437,rz,1,3.4361191096328164e-06
9438,gali,1,3.4361191096328164e-06
9439,sagarpur,1,3.4361191096328164e-06
9440,laxman,1,3.4361191096328164e-06
9441,thakur,1,3.4361191096328164e-06
9442,mukhbari,1,3.4361191096328164e-06
9443,pithu,1,3.4361191096328164e-06
9444,shoulder,1,3.4361191096328164e-06
9445,moisture,1,3.4361191096328164e-06
9446,grassy,1,3.4361191096328164e-06
9447,pulinda,1,3.4361191096328164e-06
9448,laxman's,1,3.4361191096328164e-06
9449,checked,1,3.4361191096328164e-06
9450,tycoon,1,3.4361191096328164e-06
9451,embroidery,1,3.4361191096328164e-06
9452,pockets,1,3.4361191096328164e-06
9453,chains,1,3.4361191096328164e-06
9454,layer,1,3.4361191096328164e-06
9455,pullanda,1,3.4361191096328164e-06
9456,crl,1,3.4361191096328164e-06
9457,chauhan,1,3.4361191096328164e-06
9458,driving,1,3.4361191096328164e-06
9459,loaded,1,3.4361191096328164e-06
9460,poppy,1,3.4361191096328164e-06
9461,straw,1,3.4361191096328164e-06
9462,bhooki,1,3.4361191096328164e-06
9463,opium,1,3.4361191096328164e-06
9464,dickey,1,3.4361191096328164e-06
9465,forensic,1,3.4361191096328164e-06
9466,science,1,3.4361191096328164e-06
9467,laboratory,1,3.4361191096328164e-06
9468,seizing,1,3.4361191096328164e-06
9469,irregular,1,3.4361191096328164e-06
9470,amani,1,3.4361191096328164e-06
9471,fidel,1,3.4361191096328164e-06
9472,chris,1,3.4361191096328164e-06
9473,powdery,1,3.4361191096328164e-06
9474,machine,1,3.4361191096328164e-06
9475,materia,1,3.4361191096328164e-06
9476,testing,1,3.4361191096328164e-06
9477,kit,1,3.4361191096328164e-06
9478,size,1,3.4361191096328164e-06
9479,lots,1,3.4361191096328164e-06
9480,charas,1,3.4361191096328164e-06
9481,fsl,1,3.4361191096328164e-06
9482,breaking,1,3.4361191096328164e-06
9483,coloured,1,3.4361191096328164e-06
9484,slabs,1,3.4361191096328164e-06
9485,mix,1,3.4361191096328164e-06
9486,edward,1,3.4361191096328164e-06
9487,khimani,1,3.4361191096328164e-06
9488,kamau,1,3.4361191096328164e-06
9489,charlse,1,3.4361191096328164e-06
9490,howell,1,3.4361191096328164e-06
9491,abelkom,1,3.4361191096328164e-06
9492,laces,1,3.4361191096328164e-06
9493,hem,1,3.4361191096328164e-06
9494,lehengas,1,3.4361191096328164e-06
9495,mandated,1,3.4361191096328164e-06
9496,opined,1,3.4361191096328164e-06
9497,mandates,1,3.4361191096328164e-06
9498,rigours,1,3.4361191096328164e-06
9499,antecedents,1,3.4361191096328164e-06
9500,surety,1,3.4361191096328164e-06
9501,switch,1,3.4361191096328164e-06
9502,tamper,1,3.4361191096328164e-06
9503,restrains,1,3.4361191096328164e-06
9504,sanjeev,1,3.4361191096328164e-06
9505,ga,1,3.4361191096328164e-06
9506,saturday,1,3.4361191096328164e-06
9507,handover,1,3.4361191096328164e-06
9508,likewise,1,3.4361191096328164e-06
9509,family's,1,3.4361191096328164e-06
9510,drop,1,3.4361191096328164e-06
9511,pick,1,3.4361191096328164e-06
9512,celebrations,1,3.4361191096328164e-06
9513,parent,1,3.4361191096328164e-06
9514,curriculum,1,3.4361191096328164e-06
9515,interaction,1,3.4361191096328164e-06
9516,atleast,1,3.4361191096328164e-06
9517,predominantly,1,3.4361191096328164e-06
9518,focused,1,3.4361191096328164e-06
9519,comforts,1,3.4361191096328164e-06
9520,heavily,1,3.4361191096328164e-06
9521,dependent,1,3.4361191096328164e-06
9522,slept,1,3.4361191096328164e-06
9523,bed,1,3.4361191096328164e-06
9524,wakes,1,3.4361191096328164e-06
9525,psyche,1,3.4361191096328164e-06
9526,weekly,1,3.4361191096328164e-06
9527,lapsed,1,3.4361191096328164e-06
9528,incidents,1,3.4361191096328164e-06
9529,geeta,1,3.4361191096328164e-06
9530,luthra,1,3.4361191096328164e-06
9531,asmita,1,3.4361191096328164e-06
9532,narula,1,3.4361191096328164e-06
9533,perversity,1,3.4361191096328164e-06
9534,giver,1,3.4361191096328164e-06
9535,parented,1,3.4361191096328164e-06
9536,changing,1,3.4361191096328164e-06
9537,diapers,1,3.4361191096328164e-06
9538,playing,1,3.4361191096328164e-06
9539,bathing,1,3.4361191096328164e-06
9540,weekends,1,3.4361191096328164e-06
9541,sleep,1,3.4361191096328164e-06
9542,grievances,1,3.4361191096328164e-06
9543,sma,1,3.4361191096328164e-06
9544,pretty,1,3.4361191096328164e-06
9545,presumptions,1,3.4361191096328164e-06
9546,apprehensions,1,3.4361191096328164e-06
9547,kinri,1,3.4361191096328164e-06
9548,dhir,1,3.4361191096328164e-06
9549,veer,1,3.4361191096328164e-06
9550,acknowledged,1,3.4361191096328164e-06
9551,progressed,1,3.4361191096328164e-06
9552,adversarial,1,3.4361191096328164e-06
9553,ages,1,3.4361191096328164e-06
9554,throwing,1,3.4361191096328164e-06
9555,faceted,1,3.4361191096328164e-06
9556,facilitator,1,3.4361191096328164e-06
9557,counsellor,1,3.4361191096328164e-06
9558,mediator,1,3.4361191096328164e-06
9559,exploring,1,3.4361191096328164e-06
9560,striving,1,3.4361191096328164e-06
9561,kindle,1,3.4361191096328164e-06
9562,guide,1,3.4361191096328164e-06
9563,closure,1,3.4361191096328164e-06
9564,immersive,1,3.4361191096328164e-06
9565,don,1,3.4361191096328164e-06
9566,collaborative,1,3.4361191096328164e-06
9567,robe,1,3.4361191096328164e-06
9568,arrives,1,3.4361191096328164e-06
9569,discharges,1,3.4361191096328164e-06
9570,empathy,1,3.4361191096328164e-06
9571,impacting,1,3.4361191096328164e-06
9572,seared,1,3.4361191096328164e-06
9573,pall,1,3.4361191096328164e-06
9574,discord,1,3.4361191096328164e-06
9575,compassion,1,3.4361191096328164e-06
9576,solution,1,3.4361191096328164e-06
9577,introduction,1,3.4361191096328164e-06
9578,reiterate,1,3.4361191096328164e-06
9579,traditional,1,3.4361191096328164e-06
9580,envisioned,1,3.4361191096328164e-06
9581,neutral,1,3.4361191096328164e-06
9582,weigh,1,3.4361191096328164e-06
9583,utterance,1,3.4361191096328164e-06
9584,fairness,1,3.4361191096328164e-06
9585,voice,1,3.4361191096328164e-06
9586,divine,1,3.4361191096328164e-06
9587,assumptions,1,3.4361191096328164e-06
9588,biases,1,3.4361191096328164e-06
9589,preconceived,1,3.4361191096328164e-06
9590,notions,1,3.4361191096328164e-06
9591,sully,1,3.4361191096328164e-06
9592,tempered,1,3.4361191096328164e-06
9593,moderation,1,3.4361191096328164e-06
9594,blistering,1,3.4361191096328164e-06
9595,diatribe,1,3.4361191096328164e-06
9596,invoke,1,3.4361191096328164e-06
9597,evaluated,1,3.4361191096328164e-06
9598,remind,1,3.4361191096328164e-06
9599,knowingly,1,3.4361191096328164e-06
9600,unknowingly,1,3.4361191096328164e-06
9601,restoring,1,3.4361191096328164e-06
9602,picking,1,3.4361191096328164e-06
9603,itinerary,1,3.4361191096328164e-06
9604,paternal,1,3.4361191096328164e-06
9605,grandfather,1,3.4361191096328164e-06
9606,visitations,1,3.4361191096328164e-06
9607,tuesday,1,3.4361191096328164e-06
9608,counselor,1,3.4361191096328164e-06
9609,interact,1,3.4361191096328164e-06
