rank,word,frequency,relative_frequency
1,καί,8973,0.06523256321153874
2,ὁ,2916,0.02119894732250607
3,δέ,2766,0.02010846649315905
4,ἐν,2733,0.019868560710702705
5,τοῦ,2507,0.01822556959448653
6,εἰς,1754,0.012751355831164489
7,τό,1684,0.012242464777469212
8,οὐ,1605,0.011668144874013115
9,τόν,1576,0.011457318580339357
10,τήν,1518,0.011035665992991843
11,αὐτοῦ,1413,0.01027232941244893
12,τῆς,1298,0.009436294109949547
13,ὅτι,1294,0.00940721462116696
14,τῷ,1233,0.008963752417232506
15,τῶν,1204,0.008752926123558748
16,οἱ,1112,0.008084097881559242
17,γάρ,1039,0.007553397211277026
18,μή,1036,0.0075315875946900855
19,ἡ,980,0.007124474751733865
20,αὐτόν,952,0.006920918330255754
21,ἐκ,913,0.006637393314625529
22,ἐστί(ν),896,0.006513805487299533
23,ἐπί,885,0.006433836893147418
24,τῇ,877,0.006375677915582244
25,αὐτῷ,849,0.0061721214941041335
26,τά,830,0.0060339939223868445
27,τούς,729,0.005299736830626517
28,πρός,696,0.0050598310481701735
29,θεοῦ,687,0.004994402198409352
30,διά,666,0.004841734882300769
31,ἵνα,662,0.004812655393518182
32,ἀπό,644,0.00468179769399654
33,ἀλλά,638,0.004638178460822658
34,τοῖς,619,0.004500050889105369
35,εἶπε(ν),610,0.0044346220393445485
36,ὑμῖν,607,0.004412812422757608
37,μου,564,0.004100207918344796
38,αὐτῶν,561,0.004078398301757855
39,ὑμῶν,559,0.004063858557366562
40,αὐτοῖς,554,0.004027509196388328
41,ὡς,503,0.0036567457144103407
42,εἰ,502,0.003649475842214694
43,οὖν,494,0.0035913168646495193
44,μετά,470,0.0034168399319539963
45,κατά,469,0.0034095700597583495
46,Ἰησοῦς,456,0.003315061721214941
47,ὑμᾶς,431,0.003133314916323771
48,σου,419,0.0030460764499760096
49,ἡμῶν,400,0.00290794887825872
50,αὐτούς,353,0.0025662648850633208
51,ἤ,346,0.002515375779693793
52,ἐγώ,343,0.0024935661631068527
53,τί,339,0.0024644866743242654
54,τάς,337,0.002449946929932972
55,λέγει,336,0.0024426770577373248
56,τοῦτο,334,0.0024281373133460313
57,περί,332,0.002413597568954738
58,ἐάν,331,0.002406327696759091
59,Ἰησοῦ,322,0.00234089884699827
60,ἦν,314,0.002282739869433095
61,θεός,305,0.0022173110196722742
62,με,286,0.002079183447954985
63,πάντα,263,0.0019119763874551085
64,ὅ,250,0.0018174680489117
65,Χριστοῦ,248,0.0018029283045204066
66,ταῦτα,240,0.0017447693269552322
67,κυρίου,239,0.0017374994547595852
68,ὑμεῖς,236,0.0017156898381726448
69,τὶς,236,0.0017156898381726448
70,μοι,225,0.00163572124402053
71,ὑπό,220,0.001599371883042296
72,ὅς,219,0.0015921020108466493
73,τέ,213,0.0015484827776727685
74,λέγω,211,0.0015339430332814749
75,οὕτω(ς),207,0.0015048635444988878
76,ταῖς,203,0.0014757840557163004
77,ἐγένετο,201,0.001461244311325007
78,ἰδού,200,0.00145397443912936
79,παρά,193,0.0014030853337598326
80,οὗτος,188,0.0013667359727815985
81,καθώς,182,0.0013231167396077178
82,λέγων,178,0.0012940372508251305
83,μέν,178,0.0012940372508251305
84,πάντες,178,0.0012940372508251305
85,κύριος,176,0.0012794975064338368
86,σύ,173,0.0012576878898468964
87,ἄν,171,0.001243148145455603
88,αὐτῆς,170,0.001235878273259956
89,αὐτός,167,0.0012140686566730157
90,ὅν,167,0.0012140686566730157
91,σοι,167,0.0012140686566730157
92,ἡμῖν,167,0.0012140686566730157
93,ἡμᾶς,167,0.0012140686566730157
94,υἱός,159,0.0011559096791078412
95,τότε,159,0.0011559096791078412
96,πνεῦμα,159,0.0011559096791078412
97,σε,157,0.0011413699347165476
98,θεῷ,157,0.0011413699347165476
99,εἰσί(ν),156,0.0011341000625209009
100,λέγοντες,150,0.00109048082934702
101,ὑπέρ,150,0.00109048082934702
102,θεόν,148,0.0010759410849557264
103,αἱ,146,0.0010614013405644328
104,τίς,146,0.0010614013405644328
105,ἕως,145,0.001054131468368786
106,νῦν,145,0.001054131468368786
107,ἀδελφοί,144,0.0010468615961731393
108,οὐδέ,142,0.0010323218517818457
109,οὗ,141,0.001025051979586199
110,πάλιν,139,0.0010105122351949053
111,εἰμί,138,0.0010032423629992584
112,αὐτήν,135,0.000981432746412318
113,γῆς,135,0.000981432746412318
114,πάντων,135,0.000981432746412318
115,λόγον,130,0.000945083385434084
116,ἀνθρώπου,129,0.0009378135132384372
117,σύν,129,0.0009378135132384372
118,Ἰησοῦν,128,0.0009305436410427905
119,ἀμήν,128,0.0009305436410427905
120,ἡμέρας,127,0.0009232737688471437
121,ἡμεῖς,127,0.0009232737688471437
122,δύο,126,0.0009160038966514968
123,εἶναι,124,0.0009014641522602033
124,ὅταν,123,0.0008941942800645565
125,ἄνθρωπος,122,0.0008869244078689096
126,ᾧ,118,0.0008578449190863224
127,ἔσται,118,0.0008578449190863224
128,κύριε,118,0.0008578449190863224
129,ἅ,117,0.0008505750468906757
130,ἐμοῦ,113,0.0008214955581080885
131,Χριστός,111,0.0008069558137167948
132,πατήρ,110,0.000799685941521148
133,μαθηταί,109,0.0007924160693255013
134,αὐτῇ,108,0.0007851461971298545
135,ὄνομα,105,0.0007633365805429141
136,αὐτό,104,0.0007560667083472672
137,ἔχει,103,0.0007487968361516204
138,πῶς,103,0.0007487968361516204
139,Χριστῷ,103,0.0007487968361516204
140,ὅτε,102,0.0007415269639559737
141,τὶ,101,0.0007342570917603269
142,πατρός,100,0.00072698721956468
143,Πέτρος,100,0.00072698721956468
144,ἀνθρώπων,99,0.0007197173473690332
145,κυρίῳ,99,0.0007197173473690332
146,ἥν,98,0.0007124474751733865
147,οὐδείς,96,0.0006979077307820928
148,εἷς,96,0.0006979077307820928
149,πνεύματος,95,0.0006906378585864461
150,εἶπαν,95,0.0006906378585864461
151,ἐκεῖ,95,0.0006906378585864461
152,ἦσαν,95,0.0006906378585864461
153,πᾶς,95,0.0006906378585864461
154,ὀνόματι,95,0.0006906378585864461
155,ἐμοί,95,0.0006906378585864461
156,ἀποκριθείς,94,0.0006833679863907993
157,ἐνώπιον,94,0.0006833679863907993
158,πατέρα,93,0.0006760981141951524
159,ἐστέ,93,0.0006760981141951524
160,ἔτι,93,0.0006760981141951524
161,πίστεως,93,0.0006760981141951524
162,εἶ,92,0.0006688282419995056
163,οὐρανοῦ,92,0.0006688282419995056
164,ἐμέ,92,0.0006688282419995056
165,πάντας,91,0.0006615583698038589
166,πνεύματι,91,0.0006615583698038589
167,τούτῳ,89,0.0006470186254125652
168,ἔρχεται,89,0.0006470186254125652
169,ἦλθε(ν),89,0.0006470186254125652
170,πᾶσι(ν),88,0.0006397487532169184
171,ἑπτά,88,0.0006397487532169184
172,οὔτε,87,0.0006324788810212717
173,αὐτοί,86,0.0006252090088256249
174,ἔχων,86,0.0006252090088256249
175,υἱόν,85,0.000617939136629978
176,οὐδέν,85,0.000617939136629978
177,ἡμέρᾳ,84,0.0006106692644343312
178,πολλοί,83,0.0006033993922386845
179,ὥστε,83,0.0006033993922386845
180,ἀπεκρίθη,82,0.0005961295200430376
181,ὅπου,81,0.0005888596478473908
182,μᾶλλον,81,0.0005888596478473908
183,ὧν,80,0.0005815897756517441
184,Παῦλος,79,0.0005743199034560973
185,ἔλεγον,78,0.0005670500312604504
186,δεῖ,77,0.0005597801590648036
187,εἶδον,76,0.0005525102868691569
188,γῆν,76,0.0005525102868691569
189,τινές,76,0.0005525102868691569
190,νεκρῶν,76,0.0005525102868691569
191,Ἰερουσαλήμ,76,0.0005525102868691569
192,ἐποίησε(ν),75,0.00054524041467351
193,κἀγώ,75,0.00054524041467351
194,πᾶν,75,0.00054524041467351
195,δώδεκα,75,0.00054524041467351
196,Ἀβραάμ,73,0.0005307006702822164
197,οὗτοι,73,0.0005307006702822164
198,μόνον,73,0.0005307006702822164
199,τούτων,72,0.0005234307980865697
200,αὕτη,72,0.0005234307980865697
201,δύναται,71,0.0005161609258909228
202,κόσμου,71,0.0005161609258909228
203,γυνή,71,0.0005161609258909228
204,ἔλεγε(ν),71,0.0005161609258909228
205,ἕν,70,0.000508891053695276
206,σῶμα,70,0.000508891053695276
207,τούτου,69,0.0005016211814996292
208,Ἰουδαίων,68,0.0004943513093039825
209,Ἰσραήλ,68,0.0004943513093039825
210,λόγος,68,0.0004943513093039825
211,γέγραπται,67,0.00048708143710833563
212,κύριον,67,0.00048708143710833563
213,νόμου,67,0.00048708143710833563
214,ἀλλήλους,67,0.00048708143710833563
215,ἐξῆλθε(ν),66,0.00047981156491268886
216,πρῶτον,65,0.000472541692717042
217,ἑαυτόν,65,0.000472541692717042
218,ἑαυτούς,65,0.000472541692717042
219,Χριστόν,65,0.000472541692717042
220,εἴτε,65,0.000472541692717042
221,πολλά,64,0.00046527182052139525
222,ἔδωκε(ν),64,0.00046527182052139525
223,τέκνα,63,0.0004580019483257484
224,πόλιν,63,0.0004580019483257484
225,οἴδατε,63,0.0004580019483257484
226,ἄνδρες,63,0.0004580019483257484
227,ἔξω,62,0.00045073207613010165
228,ἦλθον,62,0.00045073207613010165
229,ἄνθρωπον,62,0.00045073207613010165
230,ὧδε,61,0.0004434622039344548
231,χάρις,61,0.0004434622039344548
232,ἰδών,60,0.00043619233173880804
233,ἤδη,60,0.00043619233173880804
234,βασιλείαν,60,0.00043619233173880804
235,ζωήν,60,0.00043619233173880804
236,οἵτινες,60,0.00043619233173880804
237,χεῖρας,60,0.00043619233173880804
238,τοῦτον,60,0.00043619233173880804
239,Δαυίδ,59,0.0004289224595431612
240,σοῦ,59,0.0004289224595431612
241,παντί,59,0.0004289224595431612
242,νόμον,59,0.0004289224595431612
243,λέγουσι(ν),59,0.0004289224595431612
244,ἁμαρτίας,58,0.00042165258734751444
245,δόξαν,58,0.00042165258734751444
246,ἔργα,58,0.00042165258734751444
247,εἶπον,58,0.00042165258734751444
248,ἐκεῖνος,58,0.00042165258734751444
249,ἡμέραν,58,0.00042165258734751444
250,πίστει,58,0.00042165258734751444
251,μηδέ,57,0.0004143827151518676
252,ὅσα,57,0.0004143827151518676
253,οἶκον,57,0.0004143827151518676
254,καρδίας,57,0.0004143827151518676
255,Ἰουδαῖοι,57,0.0004143827151518676
256,πᾶσαν,56,0.00040711284295622083
257,αὐτά,56,0.00040711284295622083
258,ἐξουσίαν,56,0.00040711284295622083
259,οἶδα,56,0.00040711284295622083
260,βασιλεία,55,0.000399842970760574
261,πίστιν,55,0.000399842970760574
262,πόδας,55,0.000399842970760574
263,Ἰωάννης,54,0.0003925730985649272
264,καλόν,54,0.0003925730985649272
265,ὅπως,53,0.00038530322636928045
266,θανάτου,53,0.00038530322636928045
267,οὐχί,53,0.00038530322636928045
268,ταύτην,53,0.00038530322636928045
269,διό,53,0.00038530322636928045
270,οὕς,52,0.0003780333541736336
271,ἐσμέν,52,0.0003780333541736336
272,ἀνήρ,51,0.00037076348197798685
273,γυναῖκα,51,0.00037076348197798685
274,ἀκούσαντες,51,0.00037076348197798685
275,ὁδόν,51,0.00037076348197798685
276,εὐθύς,51,0.00037076348197798685
277,ἔθνη,51,0.00037076348197798685
278,χάριν,51,0.00037076348197798685
279,ἀρχιερεῖς,50,0.00036349360978234
280,ἐλθών,50,0.00036349360978234
281,ἑαυτοῖς,50,0.00036349360978234
282,ἔχετε,50,0.00036349360978234
283,σοί,50,0.00036349360978234
284,ἧς,49,0.00035622373758669324
285,ἡμέραις,49,0.00035622373758669324
286,ἄρα,49,0.00035622373758669324
287,βασιλεύς,48,0.0003489538653910464
288,ἔχω,48,0.0003489538653910464
289,φῶς,48,0.0003489538653910464
290,ἔμπροσθεν,48,0.0003489538653910464
291,Φαρισαῖοι,48,0.0003489538653910464
292,δόξης,48,0.0003489538653910464
293,ἄγγελος,47,0.00034168399319539964
294,ποῦ,47,0.00034168399319539964
295,πρό,47,0.00034168399319539964
296,ἑαυτοῦ,47,0.00034168399319539964
297,οὐκέτι,47,0.00034168399319539964
298,ἄχρι,47,0.00034168399319539964
299,ζωῆς,47,0.00034168399319539964
300,πᾶσα,46,0.0003344141209997528
301,γένηται,46,0.0003344141209997528
302,ποιῆσαι,46,0.0003344141209997528
303,ἅγιον,46,0.0003344141209997528
304,μαθητῶν,46,0.0003344141209997528
305,ἔχοντες,46,0.0003344141209997528
306,ὄχλος,46,0.0003344141209997528
307,οὐαί,46,0.0003344141209997528
308,τόπον,46,0.0003344141209997528
309,κόσμον,46,0.0003344141209997528
310,οἷς,46,0.0003344141209997528
311,ἐθνῶν,45,0.00032714424880410603
312,πάσῃ,45,0.00032714424880410603
313,λόγῳ,45,0.00032714424880410603
314,τινά,45,0.00032714424880410603
315,αἰώνιον,45,0.00032714424880410603
316,ὤν,44,0.0003198743766084592
317,λαόν,44,0.0003198743766084592
318,ἀνθρώποις,44,0.0003198743766084592
319,εἰσῆλθε(ν),43,0.0003126045044128124
320,ἔχομεν,43,0.0003126045044128124
321,ἔφη,43,0.0003126045044128124
322,θάλασσαν,43,0.0003126045044128124
323,ἀδελφός,43,0.0003126045044128124
324,ᾖ,43,0.0003126045044128124
325,πρόσωπον,43,0.0003126045044128124
326,οὐρανόν,43,0.0003126045044128124
327,αἷμα,43,0.0003126045044128124
328,οἴδαμεν,43,0.0003126045044128124
329,ἀληθείας,43,0.0003126045044128124
330,ἐγέννησε(ν),42,0.0003053346322171656
331,ἁγίου,42,0.0003053346322171656
332,οὐρανῶν,42,0.0003053346322171656
333,εἶδε(ν),42,0.0003053346322171656
334,ἕνα,42,0.0003053346322171656
335,Μωϋσῆς,42,0.0003053346322171656
336,ἔργων,42,0.0003053346322171656
337,τρεῖς,42,0.0003053346322171656
338,ἐλθεῖν,42,0.0003053346322171656
339,χωρίς,42,0.0003053346322171656
340,πάσης,42,0.0003053346322171656
341,ἰδόντες,41,0.0002980647600215188
342,ἤρξατο,41,0.0002980647600215188
343,ἀδελφόν,41,0.0002980647600215188
344,σήμερον,41,0.0002980647600215188
345,ἑαυτῶν,41,0.0002980647600215188
346,μαθηταῖς,41,0.0002980647600215188
347,πάντοτε,41,0.0002980647600215188
348,οἰκίαν,40,0.00029079488782587205
349,ψυχήν,40,0.00029079488782587205
350,λέγειν,40,0.00029079488782587205
351,χρείαν,40,0.00029079488782587205
352,εὐαγγέλιον,40,0.00029079488782587205
353,ἀπῆλθε(ν),40,0.00029079488782587205
354,θέλημα,40,0.00029079488782587205
355,φωνήν,40,0.00029079488782587205
356,λαβών,40,0.00029079488782587205
357,ἀδελφούς,39,0.0002835250156302252
358,Ἰωάννου,39,0.0002835250156302252
359,μαθητάς,39,0.0002835250156302252
360,εἰρήνη,39,0.0002835250156302252
361,Πιλᾶτος,39,0.0002835250156302252
362,σαρκί,39,0.0002835250156302252
363,Ἱεροσόλυμα,38,0.00027625514343457844
364,γραμματεῖς,38,0.00027625514343457844
365,λαοῦ,38,0.00027625514343457844
366,καρπόν,38,0.00027625514343457844
367,ἄρτον,38,0.00027625514343457844
368,ἐκείνῃ,38,0.00027625514343457844
369,θέλω,38,0.00027625514343457844
370,πολλῶν,38,0.00027625514343457844
371,ἀπέστειλε(ν),38,0.00027625514343457844
372,ἰδεῖν,38,0.00027625514343457844
373,σημεῖον,38,0.00027625514343457844
374,πέντε,38,0.00027625514343457844
375,σέ,38,0.00027625514343457844
376,ἕκαστος,38,0.00027625514343457844
377,ἔργον,38,0.00027625514343457844
378,ἁγίων,38,0.00027625514343457844
379,ἥτις,38,0.00027625514343457844
380,Γαλιλαίας,37,0.0002689852712389316
381,Ἰωάννην,37,0.0002689852712389316
382,ὀφθαλμούς,37,0.0002689852712389316
383,σάρκα,37,0.0002689852712389316
384,ᾗ,37,0.0002689852712389316
385,σαρκός,37,0.0002689852712389316
386,ἄρτι,36,0.00026171539904328484
387,δικαιοσύνην,36,0.00026171539904328484
388,οὐρανοῖς,36,0.00026171539904328484
389,μίαν,36,0.00026171539904328484
390,ὥσπερ,36,0.00026171539904328484
391,σώματος,36,0.00026171539904328484
392,ἔχουσι(ν),36,0.00026171539904328484
393,ἀναστάς,36,0.00026171539904328484
394,πίστις,36,0.00026171539904328484
395,Σίμων,36,0.00026171539904328484
396,πόλεως,36,0.00026171539904328484
397,καλῶς,36,0.00026171539904328484
398,εἰσελθεῖν,36,0.00026171539904328484
399,κόσμῳ,36,0.00026171539904328484
400,γενέσθαι,36,0.00026171539904328484
401,ἀγάπη,36,0.00026171539904328484
402,υἱοῦ,35,0.000254445526847638
403,Ἰωσήφ,35,0.000254445526847638
404,ὅλον,35,0.000254445526847638
405,ὀπίσω,35,0.000254445526847638
406,εὐθέως,35,0.000254445526847638
407,καρδίᾳ,35,0.000254445526847638
408,οὐρανῷ,35,0.000254445526847638
409,μεγάλη,35,0.000254445526847638
410,δοῦλος,35,0.000254445526847638
411,μηδέν,35,0.000254445526847638
412,δόξα,35,0.000254445526847638
413,ἤκουσα,35,0.000254445526847638
414,ποιεῖτε,34,0.00024717565465199123
415,στόματος,34,0.00024717565465199123
416,μήτε,34,0.00024717565465199123
417,νόμος,34,0.00024717565465199123
418,ὄχλον,34,0.00024717565465199123
419,φαγεῖν,34,0.00024717565465199123
420,παντός,34,0.00024717565465199123
421,ἴδε,34,0.00024717565465199123
422,μεγάλῃ,34,0.00024717565465199123
423,οἵ,34,0.00024717565465199123
424,ἀκούσας,33,0.00023990578245634443
425,νυκτός,33,0.00023990578245634443
426,σεαυτόν,33,0.00023990578245634443
427,πλοῖον,33,0.00023990578245634443
428,υἱοί,33,0.00023990578245634443
429,ναί,33,0.00023990578245634443
430,πατρί,33,0.00023990578245634443
431,ἑνός,33,0.00023990578245634443
432,ἀγαθόν,33,0.00023990578245634443
433,εὗρον,33,0.00023990578245634443
434,γενομένης,33,0.00023990578245634443
435,τέλος,33,0.00023990578245634443
436,ἔλθῃ,33,0.00023990578245634443
437,βλέπετε,33,0.00023990578245634443
438,ταύτης,33,0.00023990578245634443
439,δοῦναι,33,0.00023990578245634443
440,ὥρα,33,0.00023990578245634443
441,δύναμιν,33,0.00023990578245634443
442,αἵματος,33,0.00023990578245634443
443,πιστός,33,0.00023990578245634443
444,φωνῇ,33,0.00023990578245634443
445,ἀγάπην,33,0.00023990578245634443
446,φωνή,32,0.00023263591026069763
447,προφητῶν,32,0.00023263591026069763
448,δαιμόνια,32,0.00023263591026069763
449,ἀπέθανε(ν),32,0.00023263591026069763
450,ἔθνεσι(ν),32,0.00023263591026069763
451,ταύτῃ,32,0.00023263591026069763
452,ἱερῷ,32,0.00023263591026069763
453,μήτηρ,32,0.00023263591026069763
454,κόσμος,32,0.00023263591026069763
455,σημεῖα,32,0.00023263591026069763
456,θρόνου,32,0.00023263591026069763
457,ἄνδρα,31,0.00022536603806505082
458,ἁμαρτιῶν,31,0.00022536603806505082
459,γέγονε(ν),31,0.00022536603806505082
460,ἀνθρώπους,31,0.00022536603806505082
461,ἐλάλησε(ν),31,0.00022536603806505082
462,πλήν,31,0.00022536603806505082
463,νόμῳ,31,0.00022536603806505082
464,ἔσονται,31,0.00022536603806505082
465,ἐδόθη,31,0.00022536603806505082
466,ἀγγέλων,31,0.00022536603806505082
467,αἰῶνα,31,0.00022536603806505082
468,ὁμοίως,31,0.00022536603806505082
469,χεῖρα,30,0.00021809616586940402
470,διδάσκαλε,30,0.00021809616586940402
471,ἄρτους,30,0.00021809616586940402
472,ἔχειν,30,0.00021809616586940402
473,ἀληθείᾳ,30,0.00021809616586940402
474,ἐγγύς,30,0.00021809616586940402
475,εἰπών,30,0.00021809616586940402
476,Παῦλον,30,0.00021809616586940402
477,Παύλου,30,0.00021809616586940402
478,ἀγαπητοί,30,0.00021809616586940402
479,Φαρισαίων,29,0.00021082629367375722
480,θαλάσσης,29,0.00021082629367375722
481,δικαιοσύνης,29,0.00021082629367375722
482,πυρός,29,0.00021082629367375722
483,κεφαλήν,29,0.00021082629367375722
484,ἔπεσε(ν),29,0.00021082629367375722
485,ἔτη,29,0.00021082629367375722
486,πρῶτος,29,0.00021082629367375722
487,πόθεν,29,0.00021082629367375722
488,ὅσοι,29,0.00021082629367375722
489,λέγετε,29,0.00021082629367375722
490,ἱμάτια,29,0.00021082629367375722
491,ἐκκλησίας,29,0.00021082629367375722
492,πάσχα,29,0.00021082629367375722
493,αἰῶνας,29,0.00021082629367375722
494,ποτέ,29,0.00021082629367375722
495,στόμα,28,0.00020355642147811042
496,λόγου,28,0.00020355642147811042
497,ποιεῖ,28,0.00020355642147811042
498,ἄνθρωποι,28,0.00020355642147811042
499,τούτους,28,0.00020355642147811042
500,ὥρᾳ,28,0.00020355642147811042
501,ἔχοντα,28,0.00020355642147811042
502,ἔξεστι(ν),28,0.00020355642147811042
503,ἁμαρτία,28,0.00020355642147811042
504,ἔχεις,28,0.00020355642147811042
505,ἀρχιερεύς,28,0.00020355642147811042
506,μένει,28,0.00020355642147811042
507,ἀγάπῃ,28,0.00020355642147811042
508,αἰώνων,28,0.00020355642147811042
509,Ἰακώβ,27,0.0001962865492824636
510,Ἰουδαίας,27,0.0001962865492824636
511,χρόνον,27,0.0001962865492824636
512,παιδίον,27,0.0001962865492824636
513,ὄρος,27,0.0001962865492824636
514,ἐκεῖθεν,27,0.0001962865492824636
515,ὄχλοι,27,0.0001962865492824636
516,δύνασθε,27,0.0001962865492824636
517,ποιῶν,27,0.0001962865492824636
518,μέσῳ,27,0.0001962865492824636
519,ἑαυτῷ,27,0.0001962865492824636
520,προφήτης,27,0.0001962865492824636
521,ἄλλοι,27,0.0001962865492824636
522,ῥήματα,27,0.0001962865492824636
523,χάριτος,27,0.0001962865492824636
524,ἁμαρτίαν,27,0.0001962865492824636
525,προφήτου,26,0.0001890166770868168
526,ὅστις,26,0.0001890166770868168
527,μητέρα,26,0.0001890166770868168
528,πολύς,26,0.0001890166770868168
529,πῦρ,26,0.0001890166770868168
530,ἐρχόμενος,26,0.0001890166770868168
531,ἁγίῳ,26,0.0001890166770868168
532,Πέτρον,26,0.0001890166770868168
533,λαῷ,26,0.0001890166770868168
534,μακάριοι,26,0.0001890166770868168
535,οἰκίᾳ,26,0.0001890166770868168
536,ἠκούσατε,26,0.0001890166770868168
537,ἕτερον,26,0.0001890166770868168
538,ὄντες,26,0.0001890166770868168
539,χειρός,26,0.0001890166770868168
540,ἡμέραι,26,0.0001890166770868168
541,γίνεται,26,0.0001890166770868168
542,πρόβατα,26,0.0001890166770868168
543,μείζων,26,0.0001890166770868168
544,ἀνθρώπῳ,26,0.0001890166770868168
545,ἔλαβον,26,0.0001890166770868168
546,παραβολήν,26,0.0001890166770868168
547,Μαριάμ,26,0.0001890166770868168
548,οὔπω,26,0.0001890166770868168
549,σάρξ,26,0.0001890166770868168
550,ἐπεί,26,0.0001890166770868168
551,ἀρχῆς,26,0.0001890166770868168
552,Ἰουδαίοις,26,0.0001890166770868168
553,δυνάμει,26,0.0001890166770868168
554,Ἡρῴδης,25,0.00018174680489117
555,μήποτε,25,0.00018174680489117
556,λίθον,25,0.00018174680489117
557,βασιλείας,25,0.00018174680489117
558,ποιήσω,25,0.00018174680489117
559,μέγας,25,0.00018174680489117
560,ποιεῖν,25,0.00018174680489117
561,σώματι,25,0.00018174680489117
562,θάνατον,25,0.00018174680489117
563,εἰρήνην,25,0.00018174680489117
564,αἰῶνος,25,0.00018174680489117
565,δέκα,25,0.00018174680489117
566,ὄχλου,25,0.00018174680489117
567,πλῆθος,25,0.00018174680489117
568,γενόμενος,25,0.00018174680489117
569,ἄλλος,25,0.00018174680489117
570,τρίτον,25,0.00018174680489117
571,γῆ,24,0.0001744769326955232
572,ἐρήμῳ,24,0.0001744769326955232
573,εἶχε(ν),24,0.0001744769326955232
574,πολλούς,24,0.0001744769326955232
575,ὕπαγε,24,0.0001744769326955232
576,λαός,24,0.0001744769326955232
577,τίνα,24,0.0001744769326955232
578,πάτερ,24,0.0001744769326955232
579,γίνεσθε,24,0.0001744769326955232
580,ἰδίαν,24,0.0001744769326955232
581,ἀσπάσασθε,24,0.0001744769326955232
582,ποτήριον,24,0.0001744769326955232
583,καιρῷ,24,0.0001744769326955232
584,σπέρμα,24,0.0001744769326955232
585,ἐκκλησίᾳ,24,0.0001744769326955232
586,κακόν,24,0.0001744769326955232
587,τινάς,24,0.0001744769326955232
588,πατέρες,24,0.0001744769326955232
589,ζωή,24,0.0001744769326955232
590,πιστεύων,24,0.0001744769326955232
591,θάνατος,24,0.0001744769326955232
592,λέγοντος,23,0.0001672070604998764
593,προσελθών,23,0.0001672070604998764
594,δώσω,23,0.0001672070604998764
595,ἄγγελοι,23,0.0001672070604998764
596,πέραν,23,0.0001672070604998764
597,διδάσκων,23,0.0001672070604998764
598,ὁδῷ,23,0.0001672070604998764
599,δόξῃ,23,0.0001672070604998764
600,λόγους,23,0.0001672070604998764
601,ἐξῆλθον,23,0.0001672070604998764
602,ὕδωρ,23,0.0001672070604998764
603,δεξιῶν,23,0.0001672070604998764
604,ποιῶ,23,0.0001672070604998764
605,εἰδότες,23,0.0001672070604998764
606,Μωϋσέως,23,0.0001672070604998764
607,εὐαγγελίου,23,0.0001672070604998764
608,πολύ,23,0.0001672070604998764
609,διότι,23,0.0001672070604998764
610,χάριτι,23,0.0001672070604998764
611,ἡμέρα,23,0.0001672070604998764
612,φωνῆς,23,0.0001672070604998764
613,ἐπαγγελίας,23,0.0001672070604998764
614,Ἰούδας,22,0.0001599371883042296
615,ἀντί,22,0.0001599371883042296
616,ἀνέβη,22,0.0001599371883042296
617,ὕδατος,22,0.0001599371883042296
618,τεσσεράκοντα,22,0.0001599371883042296
619,πόλις,22,0.0001599371883042296
620,βασιλείᾳ,22,0.0001599371883042296
621,εἴπῃ,22,0.0001599371883042296
622,λαβεῖν,22,0.0001599371883042296
623,οἶδε(ν),22,0.0001599371883042296
624,ζητεῖτε,22,0.0001599371883042296
625,εἰδώς,22,0.0001599371883042296
626,ἀποστόλων,22,0.0001599371883042296
627,ἄγγελον,22,0.0001599371883042296
628,ἡμερῶν,22,0.0001599371883042296
629,ῥῆμα,22,0.0001599371883042296
630,ἐκείνου,22,0.0001599371883042296
631,λαλῆσαι,22,0.0001599371883042296
632,χαρᾶς,22,0.0001599371883042296
633,δοῦλοι,22,0.0001599371883042296
634,γινώσκετε,22,0.0001599371883042296
635,γυναικός,22,0.0001599371883042296
636,ὥραν,22,0.0001599371883042296
637,ἑνί,22,0.0001599371883042296
638,ἐπίστευσαν,22,0.0001599371883042296
639,μικρόν,22,0.0001599371883042296
640,λέγεις,22,0.0001599371883042296
641,ἀλήθειαν,22,0.0001599371883042296
642,μέλη,22,0.0001599371883042296
643,ἐλθόντες,21,0.0001526673161085828
644,λέγουσα,21,0.0001526673161085828
645,προφῆται,21,0.0001526673161085828
646,μηδενί,21,0.0001526673161085828
647,ἔλαβε(ν),21,0.0001526673161085828
648,καρδίαις,21,0.0001526673161085828
649,ὥρας,21,0.0001526673161085828
650,πιστεύετε,21,0.0001526673161085828
651,πόλει,21,0.0001526673161085828
652,λαλεῖν,21,0.0001526673161085828
653,ἐξελθών,21,0.0001526673161085828
654,πρεσβυτέρων,21,0.0001526673161085828
655,ἔβαλε(ν),21,0.0001526673161085828
656,ἀδελφῶν,21,0.0001526673161085828
657,μηκέτι,21,0.0001526673161085828
658,πρεσβύτεροι,21,0.0001526673161085828
659,δυνάμεως,21,0.0001526673161085828
660,ἤγειρε(ν),21,0.0001526673161085828
661,τινός,21,0.0001526673161085828
662,κρίμα,21,0.0001526673161085828
663,καιρόν,21,0.0001526673161085828
664,γραφή,21,0.0001526673161085828
665,ποιήσας,21,0.0001526673161085828
666,ἄνδρας,21,0.0001526673161085828
667,Ἰσαάκ,20,0.00014539744391293602
668,δίκαιος,20,0.00014539744391293602
669,πληρωθῇ,20,0.00014539744391293602
670,χειρί,20,0.00014539744391293602
671,ὡσεί,20,0.00014539744391293602
672,ὅλην,20,0.00014539744391293602
673,ἕνεκεν,20,0.00014539744391293602
674,γέ,20,0.00014539744391293602
675,πολλῷ,20,0.00014539744391293602
676,ἔρχονται,20,0.00014539744391293602
677,δυνάμεις,20,0.00014539744391293602
678,ἀφῆκε(ν),20,0.00014539744391293602
679,ἔλεος,20,0.00014539744391293602
680,προσκαλεσάμενος,20,0.00014539744391293602
681,μαθητής,20,0.00014539744391293602
682,ἐλάλει,20,0.00014539744391293602
683,ἀγγέλους,20,0.00014539744391293602
684,ἐκκλησίαν,20,0.00014539744391293602
685,δοκεῖ,20,0.00014539744391293602
686,ἱερόν,20,0.00014539744391293602
687,αἵματι,20,0.00014539744391293602
688,ἀκούειν,20,0.00014539744391293602
689,ἀλλήλων,20,0.00014539744391293602
690,αὐταῖς,20,0.00014539744391293602
691,σωτηρίας,20,0.00014539744391293602
692,φυλῆς,20,0.00014539744391293602
693,ἔρχομαι,20,0.00014539744391293602
694,νυνί,20,0.00014539744391293602
695,παρακαλῶ,20,0.00014539744391293602
696,ἐπάνω,19,0.00013812757171728922
697,μεγάλην,19,0.00013812757171728922
698,ἱεροῦ,19,0.00013812757171728922
699,τίνι,19,0.00013812757171728922
700,ποδῶν,19,0.00013812757171728922
701,καρδία,19,0.00013812757171728922
702,δώσει,19,0.00013812757171728922
703,ἀνδρί,19,0.00013812757171728922
704,νεκρούς,19,0.00013812757171728922
705,ἐκείνης,19,0.00013812757171728922
706,οἶνον,19,0.00013812757171728922
707,εἰσελθών,19,0.00013812757171728922
708,ἄξιος,19,0.00013812757171728922
709,ἀκούετε,19,0.00013812757171728922
710,ἤρξαντο,19,0.00013812757171728922
711,ἀπεκρίθησαν,19,0.00013812757171728922
712,λαλῶ,19,0.00013812757171728922
713,ἤκουσαν,19,0.00013812757171728922
714,εἶχον,19,0.00013812757171728922
715,μόνος,19,0.00013812757171728922
716,ἐντολήν,19,0.00013812757171728922
717,ὦ,19,0.00013812757171728922
718,θέλει,19,0.00013812757171728922
719,ἑκάστῳ,19,0.00013812757171728922
720,πότε,19,0.00013812757171728922
721,δούλους,19,0.00013812757171728922
722,τιμήν,19,0.00013812757171728922
723,Μαρία,19,0.00013812757171728922
724,οἴκῳ,19,0.00013812757171728922
725,μαρτυρίαν,19,0.00013812757171728922
726,εἰρήνης,19,0.00013812757171728922
727,τούτοις,19,0.00013812757171728922
728,ἦτε,19,0.00013812757171728922
729,χιλιάδες,19,0.00013812757171728922
730,ἁγίοις,19,0.00013812757171728922
731,θηρίον,19,0.00013812757171728922
732,ἔγραψα,19,0.00013812757171728922
733,μέγα,18,0.00013085769952164242
734,ἠκολούθησαν,18,0.00013085769952164242
735,ὄχλους,18,0.00013085769952164242
736,πλεῖον,18,0.00013085769952164242
737,μισθόν,18,0.00013085769952164242
738,ὄντα,18,0.00013085769952164242
739,μαρτύριον,18,0.00013085769952164242
740,ἐμαυτόν,18,0.00013085769952164242
741,ἠγέρθη,18,0.00013085769952164242
742,πνεύματα,18,0.00013085769952164242
743,ἐξελθόντες,18,0.00013085769952164242
744,λαλοῦντος,18,0.00013085769952164242
745,δίκαιον,18,0.00013085769952164242
746,προσώπου,18,0.00013085769952164242
747,θέλετε,18,0.00013085769952164242
748,μέχρι(ς),18,0.00013085769952164242
749,λαλεῖ,18,0.00013085769952164242
750,θέλεις,18,0.00013085769952164242
751,ἀληθῶς,18,0.00013085769952164242
752,ὤφθη,18,0.00013085769952164242
753,πολλάκις,18,0.00013085769952164242
754,ποιήσει,18,0.00013085769952164242
755,βιβλίον,18,0.00013085769952164242
756,ἐντολάς,18,0.00013085769952164242
757,οἶκος,18,0.00013085769952164242
758,παραχρῆμα,18,0.00013085769952164242
759,ἴδιον,18,0.00013085769952164242
760,ἔθνος,18,0.00013085769952164242
761,δοῦλον,18,0.00013085769952164242
762,ἐζήτουν,18,0.00013085769952164242
763,καρδίαν,18,0.00013085769952164242
764,ὅλης,18,0.00013085769952164242
765,μιᾷ,18,0.00013085769952164242
766,σωτηρίαν,18,0.00013085769952164242
767,ἀπόστολος,18,0.00013085769952164242
768,ἐλπίδα,18,0.00013085769952164242
769,ἀγάπης,18,0.00013085769952164242
770,ἐκκλησίαις,18,0.00013085769952164242
771,βάπτισμα,17,0.00012358782732599562
772,δένδρον,17,0.00012358782732599562
773,ἐρχόμενον,17,0.00012358782732599562
774,Γαλιλαίαν,17,0.00012358782732599562
775,μία,17,0.00012358782732599562
776,γραμματέων,17,0.00012358782732599562
777,οὔ,17,0.00012358782732599562
778,πλησίον,17,0.00012358782732599562
779,ἀδελφοῦ,17,0.00012358782732599562
780,λαμβάνει,17,0.00012358782732599562
781,μήτι,17,0.00012358782732599562
782,προσελθόντες,17,0.00012358782732599562
783,ἀπῆλθον,17,0.00012358782732599562
784,ὅσον,17,0.00012358782732599562
785,οἰκίας,17,0.00012358782732599562
786,ὦτα,17,0.00012358782732599562
787,Σατανᾶς,17,0.00012358782732599562
788,ἀκοῦσαι,17,0.00012358782732599562
789,ἑκατόν,17,0.00012358782732599562
790,φησί(ν),17,0.00012358782732599562
791,ἤκουσε(ν),17,0.00012358782732599562
792,φυλακῇ,17,0.00012358782732599562
793,οἶδας,17,0.00012358782732599562
794,υἱῶν,17,0.00012358782732599562
795,παρέδωκε(ν),17,0.00012358782732599562
796,ὀνόματος,17,0.00012358782732599562
797,ὡσαύτως,17,0.00012358782732599562
798,ἐρεῖ,17,0.00012358782732599562
799,καιρός,17,0.00012358782732599562
800,ἔγνωσαν,17,0.00012358782732599562
801,ἀναστάσεως,17,0.00012358782732599562
802,ἐπαύριον,17,0.00012358782732599562
803,ἀδελφοῖς,17,0.00012358782732599562
804,ἄλλον,17,0.00012358782732599562
805,μνημεῖον,17,0.00012358782732599562
806,χαρά,17,0.00012358782732599562
807,γένοιτο,17,0.00012358782732599562
808,γεγραμμένον,17,0.00012358782732599562
809,πορεύεσθαι,17,0.00012358782732599562
810,Ἰουδαίους,17,0.00012358782732599562
811,ἤνοιξε(ν),17,0.00012358782732599562
812,Παύλῳ,17,0.00012358782732599562
813,πᾶσαι,16,0.00011631795513034881
814,μέλλει,16,0.00011631795513034881
815,πυρί,16,0.00011631795513034881
816,χειρῶν,16,0.00011631795513034881
817,Καφαρναούμ,16,0.00011631795513034881
818,καθήμενος,16,0.00011631795513034881
819,Σίμωνα,16,0.00011631795513034881
820,Ἰάκωβον,16,0.00011631795513034881
821,κακῶς,16,0.00011631795513034881
822,ἔχοντας,16,0.00011631795513034881
823,ἱμάτιον,16,0.00011631795513034881
824,δός,16,0.00011631795513034881
825,ψυχή,16,0.00011631795513034881
826,δοθήσεται,16,0.00011631795513034881
827,οὐδέποτε,16,0.00011631795513034881
828,τέκνον,16,0.00011631795513034881
829,εἰπεῖν,16,0.00011631795513034881
830,βασιλεῖς,16,0.00011631795513034881
831,ἀποκτεῖναι,16,0.00011631795513034881
832,μακάριος,16,0.00011631795513034881
833,Ἠλίας,16,0.00011631795513034881
834,σαββάτῳ,16,0.00011631795513034881
835,μέσον,16,0.00011631795513034881
836,ἀπελθών,16,0.00011631795513034881
837,τόπος,16,0.00011631795513034881
838,οὐδένα,16,0.00011631795513034881
839,εὗρε(ν),16,0.00011631795513034881
840,ἔδει,16,0.00011631795513034881
841,αἰτίαν,16,0.00011631795513034881
842,γυναικί,16,0.00011631795513034881
843,κἄν,16,0.00011631795513034881
844,ἐξουσίᾳ,16,0.00011631795513034881
845,ἐκεῖνοι,16,0.00011631795513034881
846,ἀληθής,16,0.00011631795513034881
847,ἐπηρώτησε(ν),16,0.00011631795513034881
848,μεγάλης,16,0.00011631795513034881
849,μέρος,16,0.00011631795513034881
850,ἀρχιερέως,16,0.00011631795513034881
851,Σίμωνος,16,0.00011631795513034881
852,διαθήκης,16,0.00011631795513034881
853,ἀποθανεῖν,16,0.00011631795513034881
854,μυστήριον,16,0.00011631795513034881
855,ἔγνω,16,0.00011631795513034881
856,ἀπόστολοι,16,0.00011631795513034881
857,λόγοις,16,0.00011631795513034881
858,ἀνδρός,16,0.00011631795513034881
859,λαλῶν,16,0.00011631795513034881
860,διακονίαν,16,0.00011631795513034881
861,ἔπειτα,16,0.00011631795513034881
862,ἐπαγγελίαν,16,0.00011631795513034881
863,συνείδησιν,16,0.00011631795513034881
864,ἀρνίου,16,0.00011631795513034881
865,θηρίου,16,0.00011631795513034881
866,βασιλέα,15,0.00010904808293470201
867,ἔχουσα,15,0.00010904808293470201
868,πέμψας,15,0.00010904808293470201
869,πορευθέντες,15,0.00010904808293470201
870,πορεύου,15,0.00010904808293470201
871,ἐκείναις,15,0.00010904808293470201
872,ἄφες,15,0.00010904808293470201
873,προσῆλθον,15,0.00010904808293470201
874,ἀφέντες,15,0.00010904808293470201
875,συναγωγαῖς,15,0.00010904808293470201
876,προφήτας,15,0.00010904808293470201
877,φυλακήν,15,0.00010904808293470201
878,ὀφθαλμός,15,0.00010904808293470201
879,ἀγαπᾶτε,15,0.00010904808293470201
880,ἥψατο,15,0.00010904808293470201
881,ἐκέλευσε(ν),15,0.00010904808293470201
882,ἕτερος,15,0.00010904808293470201
883,ἀπήγγειλαν,15,0.00010904808293470201
884,διδάσκαλος,15,0.00010904808293470201
885,ἠκολούθει,15,0.00010904808293470201
886,ὀφθαλμοί,15,0.00010904808293470201
887,μηδείς,15,0.00010904808293470201
888,κρίσεως,15,0.00010904808293470201
889,δαιμόνιον,15,0.00010904808293470201
890,κρίσιν,15,0.00010904808293470201
891,τυφλός,15,0.00010904808293470201
892,ὅθεν,15,0.00010904808293470201
893,ἄλλα,15,0.00010904808293470201
894,γνῶναι,15,0.00010904808293470201
895,ἀκούοντες,15,0.00010904808293470201
896,θανάτῳ,15,0.00010904808293470201
897,Πέτρῳ,15,0.00010904808293470201
898,ἐποίησαν,15,0.00010904808293470201
899,λαβόντες,15,0.00010904808293470201
900,διάκονος,15,0.00010904808293470201
901,υἱῷ,15,0.00010904808293470201
902,λοιποί,15,0.00010904808293470201
903,ῥαββί,15,0.00010904808293470201
904,τόπῳ,15,0.00010904808293470201
905,ἤμην,15,0.00010904808293470201
906,γυναῖκες,15,0.00010904808293470201
907,ἀνέστη,15,0.00010904808293470201
908,εἶτα,15,0.00010904808293470201
909,φόβον,15,0.00010904808293470201
910,ἐτῶν,15,0.00010904808293470201
911,ὄντος,15,0.00010904808293470201
912,μαρτυρία,15,0.00010904808293470201
913,γλώσσαις,15,0.00010904808293470201
914,ὑπάρχων,15,0.00010904808293470201
915,ψυχάς,15,0.00010904808293470201
916,περιτομῆς,15,0.00010904808293470201
917,χαράν,14,0.00010177821073905521
918,χώραν,14,0.00010177821073905521
919,ἤθελε(ν),14,0.00010177821073905521
920,ἤγγικε(ν),14,0.00010177821073905521
921,ὀργῆς,14,0.00010177821073905521
922,διάβολος,14,0.00010177821073905521
923,πλοίῳ,14,0.00010177821073905521
924,ὅλῃ,14,0.00010177821073905521
925,ἀδελφῷ,14,0.00010177821073905521
926,προσεύχεσθε,14,0.00010177821073905521
927,θύραν,14,0.00010177821073905521
928,σκότος,14,0.00010177821073905521
929,αὔριον,14,0.00010177821073905521
930,ἀκούει,14,0.00010177821073905521
931,ἐπετίμησε(ν),14,0.00010177821073905521
932,ὑπάγετε,14,0.00010177821073905521
933,ἐφοβήθησαν,14,0.00010177821073905521
934,τυφλοί,14,0.00010177821073905521
935,Φίλιππος,14,0.00010177821073905521
936,δωρεάν,14,0.00010177821073905521
937,δότε,14,0.00010177821073905521
938,γονεῖς,14,0.00010177821073905521
939,εἴπατε,14,0.00010177821073905521
940,κεφαλῆς,14,0.00010177821073905521
941,νεκροί,14,0.00010177821073905521
942,αἷς,14,0.00010177821073905521
943,ἐγένοντο,14,0.00010177821073905521
944,σάββατον,14,0.00010177821073905521
945,σοφίαν,14,0.00010177821073905521
946,ἥλιος,14,0.00010177821073905521
947,ζῶντος,14,0.00010177821073905521
948,πατέρων,14,0.00010177821073905521
949,ᾔδει,14,0.00010177821073905521
950,υἱούς,14,0.00010177821073905521
951,μακρόθεν,14,0.00010177821073905521
952,αἰωνίου,14,0.00010177821073905521
953,παρρησίᾳ,14,0.00010177821073905521
954,μῆνας,14,0.00010177821073905521
955,δικαιοσύνῃ,14,0.00010177821073905521
956,ἀγγέλου,14,0.00010177821073905521
957,ἀποστόλους,14,0.00010177821073905521
958,πιστεύουσι(ν),14,0.00010177821073905521
959,γράψον,14,0.00010177821073905521
960,Ἱεροσολύμοις,14,0.00010177821073905521
961,θελήματος,14,0.00010177821073905521
962,ἀλήθεια,14,0.00010177821073905521
963,ἐπίστευσε(ν),14,0.00010177821073905521
964,ἐμαυτοῦ,14,0.00010177821073905521
965,ὑπάγω,14,0.00010177821073905521
966,ἀγαπῶν,14,0.00010177821073905521
967,πώς,14,0.00010177821073905521
968,ἅπαξ,14,0.00010177821073905521
969,σωτῆρος,14,0.00010177821073905521
970,πρίν,13,9.45083385434084e-05
971,εὑρέθη,13,9.45083385434084e-05
972,θέλων,13,9.45083385434084e-05
973,ἐγερθείς,13,9.45083385434084e-05
974,Ἡρῴδου,13,9.45083385434084e-05
975,Ἰούδα,13,9.45083385434084e-05
976,κηρύσσων,13,9.45083385434084e-05
977,ὕδατι,13,9.45083385434084e-05
978,ἔρημον,13,9.45083385434084e-05
979,διαβόλου,13,9.45083385434084e-05
980,πεσών,13,9.45083385434084e-05
981,Σατανᾶ,13,9.45083385434084e-05
982,ἐθεράπευσε(ν),13,9.45083385434084e-05
983,ἐδίδασκε(ν),13,9.45083385434084e-05
984,χείρ,13,9.45083385434084e-05
985,γῇ,13,9.45083385434084e-05
986,ἐχθρούς,13,9.45083385434084e-05
987,ὑποκριταί,13,9.45083385434084e-05
988,κατέβη,13,9.45083385434084e-05
989,ἀκούων,13,9.45083385434084e-05
990,διδαχῇ,13,9.45083385434084e-05
991,ὀψίας,13,9.45083385434084e-05
992,πονηρά,13,9.45083385434084e-05
993,ἔγειρε,13,9.45083385434084e-05
994,ἁμαρτωλῶν,13,9.45083385434084e-05
995,θυγάτηρ,13,9.45083385434084e-05
996,ἐλάβετε,13,9.45083385434084e-05
997,κώμην,13,9.45083385434084e-05
998,σωθήσεται,13,9.45083385434084e-05
999,οὖς,13,9.45083385434084e-05
1000,διδάσκειν,13,9.45083385434084e-05
1001,ὁμοία,13,9.45083385434084e-05
1002,σάββασι(ν),13,9.45083385434084e-05
1003,ἔφαγον,13,9.45083385434084e-05
1004,σαββάτου,13,9.45083385434084e-05
1005,ἀνά,13,9.45083385434084e-05
1006,ἀπέστειλαν,13,9.45083385434084e-05
1007,τρίτῃ,13,9.45083385434084e-05
1008,σῶσαι,13,9.45083385434084e-05
1009,ἕξ,13,9.45083385434084e-05
1010,ἔσομαι,13,9.45083385434084e-05
1011,παιδία,13,9.45083385434084e-05
1012,τινί,13,9.45083385434084e-05
1013,πλούσιος,13,9.45083385434084e-05
1014,ἐφώνησε(ν),13,9.45083385434084e-05
1015,ἤγαγον,13,9.45083385434084e-05
1016,ποιεῖς,13,9.45083385434084e-05
1017,τίνος,13,9.45083385434084e-05
1018,ἀποθάνῃ,13,9.45083385434084e-05
1019,ἐντολή,13,9.45083385434084e-05
1020,πρώτη,13,9.45083385434084e-05
1021,ἔξωθεν,13,9.45083385434084e-05
1022,πολλῆς,13,9.45083385434084e-05
1023,νυκτί,13,9.45083385434084e-05
1024,λοιπόν,13,9.45083385434084e-05
1025,ναόν,13,9.45083385434084e-05
1026,ὄψεσθε,13,9.45083385434084e-05
1027,δεξιᾷ,13,9.45083385434084e-05
1028,κεφαλάς,13,9.45083385434084e-05
1029,ἄνωθεν,13,9.45083385434084e-05
1030,Ἰακώβου,13,9.45083385434084e-05
1031,μέγαν,13,9.45083385434084e-05
1032,ἐξουσία,13,9.45083385434084e-05
1033,ὀλίγον,13,9.45083385434084e-05
1034,ἅγιος,13,9.45083385434084e-05
1035,ἐποίει,13,9.45083385434084e-05
1036,φοβοῦ,13,9.45083385434084e-05
1037,ἀλλήλοις,13,9.45083385434084e-05
1038,ἐκάθισε(ν),13,9.45083385434084e-05
1039,ζῇ,13,9.45083385434084e-05
1040,δύναμις,13,9.45083385434084e-05
1041,δυνατός,13,9.45083385434084e-05
1042,σοφίᾳ,13,9.45083385434084e-05
1043,ἕκαστον,13,9.45083385434084e-05
1044,ἔργοις,13,9.45083385434084e-05
1045,ἀδικίας,13,9.45083385434084e-05
1046,φωτός,13,9.45083385434084e-05
1047,ἐμήν,13,9.45083385434084e-05
1048,δέδωκε(ν),13,9.45083385434084e-05
1049,Ἰουδαῖος,13,9.45083385434084e-05
1050,ἐπιθυμίας,13,9.45083385434084e-05
1051,ἐλπίδος,13,9.45083385434084e-05
1052,καθάπερ,13,9.45083385434084e-05
1053,πλοῦτος,13,9.45083385434084e-05
1054,γράφω,13,9.45083385434084e-05
1055,λεγόμενος,12,8.72384663477616e-05
1056,μητρός,12,8.72384663477616e-05
1057,ῥηθέν,12,8.72384663477616e-05
1058,προσεκύνησαν,12,8.72384663477616e-05
1059,Αἴγυπτον,12,8.72384663477616e-05
1060,λίαν,12,8.72384663477616e-05
1061,μετάνοιαν,12,8.72384663477616e-05
1062,εἰπέ,12,8.72384663477616e-05
1063,δεῦτε,12,8.72384663477616e-05
1064,ἄλλους,12,8.72384663477616e-05
1065,πονηρόν,12,8.72384663477616e-05
1066,ὄρους,12,8.72384663477616e-05
1067,οὐρανός,12,8.72384663477616e-05
1068,δικαιοσύνη,12,8.72384663477616e-05
1069,ταχύ,12,8.72384663477616e-05
1070,βλέπων,12,8.72384663477616e-05
1071,πορνείας,12,8.72384663477616e-05
1072,ἔστω,12,8.72384663477616e-05
1073,πονηροῦ,12,8.72384663477616e-05
1074,ποιοῦσι(ν),12,8.72384663477616e-05
1075,ἔσεσθε,12,8.72384663477616e-05
1076,εὑρίσκει,12,8.72384663477616e-05
1077,ἔσωθεν,12,8.72384663477616e-05
1078,Πέτρου,12,8.72384663477616e-05
1079,ἀκολούθει,12,8.72384663477616e-05
1080,θαλάσσῃ,12,8.72384663477616e-05
1081,μακράν,12,8.72384663477616e-05
1082,ἀπέθανον,12,8.72384663477616e-05
1083,ἁμαρτίαι,12,8.72384663477616e-05
1084,ἁμαρτωλοί,12,8.72384663477616e-05
1085,πόλεις,12,8.72384663477616e-05
1086,οἴκου,12,8.72384663477616e-05
1087,φοβεῖσθε,12,8.72384663477616e-05
1088,μάχαιραν,12,8.72384663477616e-05
1089,προφήτην,12,8.72384663477616e-05
1090,περισσότερον,12,8.72384663477616e-05
1091,σοφία,12,8.72384663477616e-05
1092,συναγωγήν,12,8.72384663477616e-05
1093,ἄλλη,12,8.72384663477616e-05
1094,γνούς,12,8.72384663477616e-05
1095,ἀφεθήσεται,12,8.72384663477616e-05
1096,παραβολαῖς,12,8.72384663477616e-05
1097,ἡλίου,12,8.72384663477616e-05
1098,βλέποντες,12,8.72384663477616e-05
1099,ἴδητε,12,8.72384663477616e-05
1100,ἐκεῖνον,12,8.72384663477616e-05
1101,συναγωγῇ,12,8.72384663477616e-05
1102,ἦραν,12,8.72384663477616e-05
1103,καταβάς,12,8.72384663477616e-05
1104,πλοίου,12,8.72384663477616e-05
1105,ὄχλῳ,12,8.72384663477616e-05
1106,πρωΐ,12,8.72384663477616e-05
1107,παθεῖν,12,8.72384663477616e-05
1108,ψυχῆς,12,8.72384663477616e-05
1109,ἔπεσαν,12,8.72384663477616e-05
1110,πῶλον,12,8.72384663477616e-05
1111,ποίᾳ,12,8.72384663477616e-05
1112,ἐγενήθη,12,8.72384663477616e-05
1113,Καίσαρος,12,8.72384663477616e-05
1114,ἀνάστασιν,12,8.72384663477616e-05
1115,δεύτερος,12,8.72384663477616e-05
1116,ναοῦ,12,8.72384663477616e-05
1117,κλέπτης,12,8.72384663477616e-05
1118,γινώσκει,12,8.72384663477616e-05
1119,εἰσῆλθον,12,8.72384663477616e-05
1120,ἄφεσιν,12,8.72384663477616e-05
1121,τρίς,12,8.72384663477616e-05
1122,σταυροῦ,12,8.72384663477616e-05
1123,εὐαγγελίῳ,12,8.72384663477616e-05
1124,ἄλλο,12,8.72384663477616e-05
1125,ἠγάπησε(ν),12,8.72384663477616e-05
1126,σκεῦος,12,8.72384663477616e-05
1127,αὐτάς,12,8.72384663477616e-05
1128,φόβος,12,8.72384663477616e-05
1129,ἐπλήσθησαν,12,8.72384663477616e-05
1130,εἴη,12,8.72384663477616e-05
1131,πατέρας,12,8.72384663477616e-05
1132,πρεσβυτέρους,12,8.72384663477616e-05
1133,ἀγαπᾷ,12,8.72384663477616e-05
1134,γνώσεως,12,8.72384663477616e-05
1135,ἐξουσίας,12,8.72384663477616e-05
1136,θεωρεῖτε,12,8.72384663477616e-05
1137,σκότους,12,8.72384663477616e-05
1138,ζῆν,12,8.72384663477616e-05
1139,ἐμή,12,8.72384663477616e-05
1140,ἰδίᾳ,12,8.72384663477616e-05
1141,ἐλπίδι,12,8.72384663477616e-05
1142,παρακλήσεως,12,8.72384663477616e-05
1143,σοφίας,12,8.72384663477616e-05
1144,ἁγίους,12,8.72384663477616e-05
1145,Τιμόθεος,12,8.72384663477616e-05
1146,ἐγενόμην,12,8.72384663477616e-05
1147,μάλιστα,12,8.72384663477616e-05
1148,μέρους,12,8.72384663477616e-05
1149,περισσοτέρως,12,8.72384663477616e-05
1150,ὑδάτων,12,8.72384663477616e-05
1151,ἀπολῦσαι,11,7.99685941521148e-05
1152,σφόδρα,11,7.99685941521148e-05
1153,ἀπελθεῖν,11,7.99685941521148e-05
1154,μέρη,11,7.99685941521148e-05
1155,κληθήσεται,11,7.99685941521148e-05
1156,Ἰορδάνου,11,7.99685941521148e-05
1157,ποιήσατε,11,7.99685941521148e-05
1158,ἀγαπητός,11,7.99685941521148e-05
1159,ὕστερον,11,7.99685941521148e-05
1160,Ζεβεδαίου,11,7.99685941521148e-05
1161,Ἱεροσολύμων,11,7.99685941521148e-05
1162,χαίρετε,11,7.99685941521148e-05
1163,θυσιαστηρίου,11,7.99685941521148e-05
1164,προσέχετε,11,7.99685941521148e-05
1165,πειρασμόν,11,7.99685941521148e-05
1166,τροφῆς,11,7.99685941521148e-05
1167,πετεινά,11,7.99685941521148e-05
1168,ἀγαθά,11,7.99685941521148e-05
1169,πόσῳ,11,7.99685941521148e-05
1170,πολλάς,11,7.99685941521148e-05
1171,ἔρχου,11,7.99685941521148e-05
1172,καθήμενον,11,7.99685941521148e-05
1173,θυσίαν,11,7.99685941521148e-05
1174,πλήρωμα,11,7.99685941521148e-05
1175,ἐλέησον,11,7.99685941521148e-05
1176,ὀφθαλμῶν,11,7.99685941521148e-05
1177,δαιμονίων,11,7.99685941521148e-05
1178,πνευμάτων,11,7.99685941521148e-05
1179,Ἰάκωβος,11,7.99685941521148e-05
1180,ὄχλοις,11,7.99685941521148e-05
1181,βασιλέων,11,7.99685941521148e-05
1182,γυναικῶν,11,7.99685941521148e-05
1183,ἱερεῖς,11,7.99685941521148e-05
1184,γενεά,11,7.99685941521148e-05
1185,ἐκάθητο,11,7.99685941521148e-05
1186,σπείρων,11,7.99685941521148e-05
1187,καλήν,11,7.99685941521148e-05
1188,τριάκοντα,11,7.99685941521148e-05
1189,ὑπάγει,11,7.99685941521148e-05
1190,ὅμοιος,11,7.99685941521148e-05
1191,κεφαλή,11,7.99685941521148e-05
1192,μητρί,11,7.99685941521148e-05
1193,ἔχητε,11,7.99685941521148e-05
1194,ὄρει,11,7.99685941521148e-05
1195,ἐμόν,11,7.99685941521148e-05
1196,γυναῖκας,11,7.99685941521148e-05
1197,πρῶτοι,11,7.99685941521148e-05
1198,ἀμπελῶνα,11,7.99685941521148e-05
1199,εἴπωμεν,11,7.99685941521148e-05
1200,ταύταις,11,7.99685941521148e-05
1201,ὑποκάτω,11,7.99685941521148e-05
1202,ἐδύνατο,11,7.99685941521148e-05
1203,ὀφείλει,11,7.99685941521148e-05
1204,τέρατα,11,7.99685941521148e-05
1205,τεσσάρων,11,7.99685941521148e-05
1206,δούς,11,7.99685941521148e-05
1207,Μαγδαληνή,11,7.99685941521148e-05
1208,ἔθηκε(ν),11,7.99685941521148e-05
1209,ζῶν,11,7.99685941521148e-05
1210,σαββάτων,11,7.99685941521148e-05
1211,ὦσι(ν),11,7.99685941521148e-05
1212,ἐφανερώθη,11,7.99685941521148e-05
1213,ἱερεύς,11,7.99685941521148e-05
1214,ἑτέρῳ,11,7.99685941521148e-05
1215,καλούμενον,11,7.99685941521148e-05
1216,ἰδίου,11,7.99685941521148e-05
1217,ἤμελλε(ν),11,7.99685941521148e-05
1218,ἔχῃ,11,7.99685941521148e-05
1219,παραγενόμενος,11,7.99685941521148e-05
1220,εἴκοσι(ν),11,7.99685941521148e-05
1221,εἰδέναι,11,7.99685941521148e-05
1222,γίνεσθαι,11,7.99685941521148e-05
1223,στόματι,11,7.99685941521148e-05
1224,ἐλάλησαν,11,7.99685941521148e-05
1225,δίδωσι(ν),11,7.99685941521148e-05
1226,λελάληκα,11,7.99685941521148e-05
1227,καινήν,11,7.99685941521148e-05
1228,δέδωκας,11,7.99685941521148e-05
1229,ὁμοθυμαδόν,11,7.99685941521148e-05
1230,ὄντας,11,7.99685941521148e-05
1231,Ἀντιόχειαν,11,7.99685941521148e-05
1232,Μακεδονίαν,11,7.99685941521148e-05
1233,τέσσαρες,11,7.99685941521148e-05
1234,ὑπομονήν,11,7.99685941521148e-05
1235,οἰκοδομήν,11,7.99685941521148e-05
1236,ἀσπάζεται,11,7.99685941521148e-05
1237,ἐκάλεσε(ν),10,7.269872195646801e-05
1238,ζητοῦντες,10,7.269872195646801e-05
1239,μετανοίας,10,7.269872195646801e-05
1240,ἱκανός,10,7.269872195646801e-05
1241,βαπτισθῆναι,10,7.269872195646801e-05
1242,σκοτίᾳ,10,7.269872195646801e-05
1243,λεγόμενον,10,7.269872195646801e-05
1244,εἰσέλθητε,10,7.269872195646801e-05
1245,ἐρρέθη,10,7.269872195646801e-05
1246,κἀκεῖ,10,7.269872195646801e-05
1247,κριτής,10,7.269872195646801e-05
1248,συμφέρει,10,7.269872195646801e-05
1249,ἀγαπήσεις,10,7.269872195646801e-05
1250,προσευχόμενοι,10,7.269872195646801e-05
1251,κρίνετε,10,7.269872195646801e-05
1252,βλέπεις,10,7.269872195646801e-05
1253,εὑρήσετε,10,7.269872195646801e-05
1254,καρπούς,10,7.269872195646801e-05
1255,ἄλλῳ,10,7.269872195646801e-05
1256,υἱέ,10,7.269872195646801e-05
1257,ἆρον,10,7.269872195646801e-05
1258,ἐσθίει,10,7.269872195646801e-05
1259,ἐλεύσονται,10,7.269872195646801e-05
1260,στραφείς,10,7.269872195646801e-05
1261,ἐκείνην,10,7.269872195646801e-05
1262,ἐκβάλλει,10,7.269872195646801e-05
1263,κώμας,10,7.269872195646801e-05
1264,ὀνόματα,10,7.269872195646801e-05
1265,σταυρόν,10,7.269872195646801e-05
1266,εὑρών,10,7.269872195646801e-05
1267,ἐσθίων,10,7.269872195646801e-05
1268,ἔμεινε(ν),10,7.269872195646801e-05
1269,ἐπορεύθη,10,7.269872195646801e-05
1270,ἀνέγνωτε,10,7.269872195646801e-05
1271,φανερόν,10,7.269872195646801e-05
1272,βλέπειν,10,7.269872195646801e-05
1273,ἀγαθός,10,7.269872195646801e-05
1274,λόγων,10,7.269872195646801e-05
1275,γενεᾶς,10,7.269872195646801e-05
1276,ἐξηράνθη,10,7.269872195646801e-05
1277,ἀνέβησαν,10,7.269872195646801e-05
1278,ἀκούσατε,10,7.269872195646801e-05
1279,ἅμα,10,7.269872195646801e-05
1280,ἄφετε,10,7.269872195646801e-05
1281,καταβολῆς,10,7.269872195646801e-05
1282,ἔκραξε(ν),10,7.269872195646801e-05
1283,Ἠσαΐας,10,7.269872195646801e-05
1284,ἀρχιερέων,10,7.269872195646801e-05
1285,τριῶν,10,7.269872195646801e-05
1286,σωθῆναι,10,7.269872195646801e-05
1287,ἀμπελῶνος,10,7.269872195646801e-05
1288,ἐλαιῶν,10,7.269872195646801e-05
1289,προσευχῇ,10,7.269872195646801e-05
1290,ἀπέκτειναν,10,7.269872195646801e-05
1291,ναός,10,7.269872195646801e-05
1292,τρόπον,10,7.269872195646801e-05
1293,θλῖψιν,10,7.269872195646801e-05
1294,Ἰουδαίᾳ,10,7.269872195646801e-05
1295,λόγοι,10,7.269872195646801e-05
1296,γρηγορεῖτε,10,7.269872195646801e-05
1297,δοκεῖτε,10,7.269872195646801e-05
1298,αἵτινες,10,7.269872195646801e-05
1299,τάλαντα,10,7.269872195646801e-05
1300,ἔχοντι,10,7.269872195646801e-05
1301,παραδιδούς,10,7.269872195646801e-05
1302,καινόν,10,7.269872195646801e-05
1303,παραλαβών,10,7.269872195646801e-05
1304,συνέδριον,10,7.269872195646801e-05
1305,στέφανον,10,7.269872195646801e-05
1306,σώματα,10,7.269872195646801e-05
1307,μνημείου,10,7.269872195646801e-05
1308,ἔξελθε,10,7.269872195646801e-05
1309,ἅπαντες,10,7.269872195646801e-05
1310,φανερωθῇ,10,7.269872195646801e-05
1311,πλήρης,10,7.269872195646801e-05
1312,ἰδίοις,10,7.269872195646801e-05
1313,ἐπηρώτα,10,7.269872195646801e-05
1314,ἐπηρώτων,10,7.269872195646801e-05
1315,κἀκεῖθεν,10,7.269872195646801e-05
1316,ἐφοβοῦντο,10,7.269872195646801e-05
1317,καθίσας,10,7.269872195646801e-05
1318,αὐτή,10,7.269872195646801e-05
1319,ὄντως,10,7.269872195646801e-05
1320,περιπατεῖν,10,7.269872195646801e-05
1321,χήρα,10,7.269872195646801e-05
1322,ἐξελέξατο,10,7.269872195646801e-05
1323,ἠκούσαμεν,10,7.269872195646801e-05
1324,ἴδια,10,7.269872195646801e-05
1325,ἀπήγγειλε(ν),10,7.269872195646801e-05
1326,ἑστώς,10,7.269872195646801e-05
1327,ἑώρακε(ν),10,7.269872195646801e-05
1328,κράτος,10,7.269872195646801e-05
1329,ὑπέστρεψαν,10,7.269872195646801e-05
1330,λίθῳ,10,7.269872195646801e-05
1331,ἄρτος,10,7.269872195646801e-05
1332,ἐντεῦθεν,10,7.269872195646801e-05
1333,θυμοῦ,10,7.269872195646801e-05
1334,προφήταις,10,7.269872195646801e-05
1335,ἐπειδή,10,7.269872195646801e-05
1336,φόβῳ,10,7.269872195646801e-05
1337,τινῶν,10,7.269872195646801e-05
1338,Μάρθα,10,7.269872195646801e-05
1339,μάρτυρες,10,7.269872195646801e-05
1340,ταχέως,10,7.269872195646801e-05
1341,πόλεμον,10,7.269872195646801e-05
1342,εὐχαριστῶ,10,7.269872195646801e-05
1343,εἰκόνα,10,7.269872195646801e-05
1344,ὀργή,10,7.269872195646801e-05
1345,βλέπει,10,7.269872195646801e-05
1346,ἔργῳ,10,7.269872195646801e-05
1347,ἐξέχεε(ν),10,7.269872195646801e-05
1348,δεύτερον,10,7.269872195646801e-05
1349,λαλοῦμεν,10,7.269872195646801e-05
1350,ἐποίησα,10,7.269872195646801e-05
1351,πρότερον,10,7.269872195646801e-05
1352,χιλίαρχος,10,7.269872195646801e-05
1353,τύπον,10,7.269872195646801e-05
1354,γνωστόν,10,7.269872195646801e-05
1355,ἀριθμός,10,7.269872195646801e-05
1356,παρρησίαν,10,7.269872195646801e-05
1357,Βαρναβᾶς,10,7.269872195646801e-05
1358,Καισάρειαν,10,7.269872195646801e-05
1359,ἐλπίς,10,7.269872195646801e-05
1360,ἐπιθυμίαις,10,7.269872195646801e-05
1361,καύχημα,10,7.269872195646801e-05
1362,σφραγῖδα,10,7.269872195646801e-05
1363,ἐπίγνωσιν,10,7.269872195646801e-05
1364,διδασκαλίᾳ,10,7.269872195646801e-05
1365,ἐλπίζω,10,7.269872195646801e-05
1366,προφητείας,10,7.269872195646801e-05
1367,ἀγαπῶμεν,10,7.269872195646801e-05
1368,βασιλέως,9,6.542884976082121e-05
1369,εἴδομεν,9,6.542884976082121e-05
1370,ἤλθομεν,9,6.542884976082121e-05
1371,ἀνεχώρησε(ν),9,6.542884976082121e-05
1372,κλαυθμός,9,6.542884976082121e-05
1373,Ἠσαΐου,9,6.542884976082121e-05
1374,ἄξιον,9,6.542884976082121e-05
1375,σῖτον,9,6.542884976082121e-05
1376,ζήσεται,9,6.542884976082121e-05
1377,βάλε,9,6.542884976082121e-05
1378,ἀγγέλοις,9,6.542884976082121e-05
1379,πάσας,9,6.542884976082121e-05
1380,ὄψονται,9,6.542884976082121e-05
1381,ἴδωσι(ν),9,6.542884976082121e-05
1382,ποιήσῃ,9,6.542884976082121e-05
1383,δῶρον,9,6.542884976082121e-05
1384,ἄλλην,9,6.542884976082121e-05
1385,δυσί(ν),9,6.542884976082121e-05
1386,ζητῶν,9,6.542884976082121e-05
1387,ἀπώλειαν,9,6.542884976082121e-05
1388,προβάτων,9,6.542884976082121e-05
1389,ἐξεπλήσσοντο,9,6.542884976082121e-05
1390,παρακαλῶν,9,6.542884976082121e-05
1391,παῖς,9,6.542884976082121e-05
1392,ποίησον,9,6.542884976082121e-05
1393,οὐδενί,9,6.542884976082121e-05
1394,σεισμός,9,6.542884976082121e-05
1395,ἔκραξαν,9,6.542884976082121e-05
1396,ἀπελθόντες,9,6.542884976082121e-05
1397,δύνανται,9,6.542884976082121e-05
1398,νυμφίος,9,6.542884976082121e-05
1399,νέον,9,6.542884976082121e-05
1400,οἰκία,9,6.542884976082121e-05
1401,φωτί,9,6.542884976082121e-05
1402,ἀπολέσει,9,6.542884976082121e-05
1403,ἀκούουσι(ν),9,6.542884976082121e-05
1404,ἐγείρονται,9,6.542884976082121e-05
1405,ἐξήλθατε,9,6.542884976082121e-05
1406,ἐγήγερται,9,6.542884976082121e-05
1407,μέλλων,9,6.542884976082121e-05
1408,ἔρχεσθαι,9,6.542884976082121e-05
1409,μετενόησαν,9,6.542884976082121e-05
1410,ἐκείνῳ,9,6.542884976082121e-05
1411,ἀκάθαρτον,9,6.542884976082121e-05
1412,συνήχθησαν,9,6.542884976082121e-05
1413,πολλήν,9,6.542884976082121e-05
1414,ἐδίδου,9,6.542884976082121e-05
1415,ἑξήκοντα,9,6.542884976082121e-05
1416,δίκαιοι,9,6.542884976082121e-05
1417,θλίψεως,9,6.542884976082121e-05
1418,ἀγρῷ,9,6.542884976082121e-05
1419,τρία,9,6.542884976082121e-05
1420,ταύτας,9,6.542884976082121e-05
1421,πολύν,9,6.542884976082121e-05
1422,εὐλόγησε(ν),9,6.542884976082121e-05
1423,φόβου,9,6.542884976082121e-05
1424,παράδοσιν,9,6.542884976082121e-05
1425,διδάσκοντες,9,6.542884976082121e-05
1426,χερσί(ν),9,6.542884976082121e-05
1427,ἐκείνων,9,6.542884976082121e-05
1428,γύναι,9,6.542884976082121e-05
1429,εὐχαριστήσας,9,6.542884976082121e-05
1430,μνημονεύετε,9,6.542884976082121e-05
1431,ζητεῖ,9,6.542884976082121e-05
1432,μεταξύ,9,6.542884976082121e-05
1433,μαρτύρων,9,6.542884976082121e-05
1434,γενήσεται,9,6.542884976082121e-05
1435,ἀπέλυσε(ν),9,6.542884976082121e-05
1436,πτωχοῖς,9,6.542884976082121e-05
1437,δεῦρο,9,6.542884976082121e-05
1438,ἀγρούς,9,6.542884976082121e-05
1439,ἔσχατοι,9,6.542884976082121e-05
1440,δυνάμεθα,9,6.542884976082121e-05
1441,ἄρχοντες,9,6.542884976082121e-05
1442,Καίσαρι,9,6.542884976082121e-05
1443,γραφάς,9,6.542884976082121e-05
1444,θρόνῳ,9,6.542884976082121e-05
1445,ἥξει,9,6.542884976082121e-05
1446,λίθος,9,6.542884976082121e-05
1447,καθημένου,9,6.542884976082121e-05
1448,πιστεύσητε,9,6.542884976082121e-05
1449,δυνατόν,9,6.542884976082121e-05
1450,ἔστησαν,9,6.542884976082121e-05
1451,ἀρχιερέα,9,6.542884976082121e-05
1452,ἔσω,9,6.542884976082121e-05
1453,ἑορτήν,9,6.542884976082121e-05
1454,Βαραββᾶν,9,6.542884976082121e-05
1455,βήματος,9,6.542884976082121e-05
1456,στρατιῶται,9,6.542884976082121e-05
1457,βασιλεῦ,9,6.542884976082121e-05
1458,ἴδετε,9,6.542884976082121e-05
1459,ἅπαντα,9,6.542884976082121e-05
1460,οὖσι(ν),9,6.542884976082121e-05
1461,Φίλιππον,9,6.542884976082121e-05
1462,ἐκείνη,9,6.542884976082121e-05
1463,θεωρεῖ,9,6.542884976082121e-05
1464,τοιαῦτα,9,6.542884976082121e-05
1465,ἐχόντων,9,6.542884976082121e-05
1466,νεκρός,9,6.542884976082121e-05
1467,ἐξελθεῖν,9,6.542884976082121e-05
1468,εἰσέλθῃ,9,6.542884976082121e-05
1469,κενόν,9,6.542884976082121e-05
1470,ὑπηρέται,9,6.542884976082121e-05
1471,ἱκανόν,9,6.542884976082121e-05
1472,Ἐλισάβετ,9,6.542884976082121e-05
1473,σπλάγχνα,9,6.542884976082121e-05
1474,ἀγγέλῳ,9,6.542884976082121e-05
1475,Ἀδάμ,9,6.542884976082121e-05
1476,δίδωμι,9,6.542884976082121e-05
1477,ἤγαγε(ν),9,6.542884976082121e-05
1478,ἁμαρτωλός,9,6.542884976082121e-05
1479,ἄνθρωπε,9,6.542884976082121e-05
1480,ἔστη,9,6.542884976082121e-05
1481,Φαρισαῖος,9,6.542884976082121e-05
1482,ὑπομονῇ,9,6.542884976082121e-05
1483,κατοικοῦντας,9,6.542884976082121e-05
1484,ἐρωτῶ,9,6.542884976082121e-05
1485,ἐμά,9,6.542884976082121e-05
1486,νοῦν,9,6.542884976082121e-05
1487,ἄνω,9,6.542884976082121e-05
1488,πέμψαντος,9,6.542884976082121e-05
1489,πλείους,9,6.542884976082121e-05
1490,ἁμαρτίαις,9,6.542884976082121e-05
1491,κρίνων,9,6.542884976082121e-05
1492,περιπατεῖτε,9,6.542884976082121e-05
1493,ἐβλήθη,9,6.542884976082121e-05
1494,κατοικοῦντες,9,6.542884976082121e-05
1495,θυσίας,9,6.542884976082121e-05
1496,Σαούλ,9,6.542884976082121e-05
1497,ἐκκλησία,9,6.542884976082121e-05
1498,ἔπεμψα,9,6.542884976082121e-05
1499,ὅμοιον,9,6.542884976082121e-05
1500,ὀργήν,9,6.542884976082121e-05
1501,περιτομή,9,6.542884976082121e-05
1502,ἀκροβυστία,9,6.542884976082121e-05
1503,ἐντολῆς,9,6.542884976082121e-05
1504,θλίψει,9,6.542884976082121e-05
1505,ἀσπάζονται,9,6.542884976082121e-05
1506,γινώσκομεν,9,6.542884976082121e-05
1507,παρουσίᾳ,9,6.542884976082121e-05
1508,δράκων,9,6.542884976082121e-05
1509,Ἰούδαν,8,5.8158977565174406e-05
1510,γαστρί,8,5.8158977565174406e-05
1511,Βηθλέεμ,8,5.8158977565174406e-05
1512,δῶρα,8,5.8158977565174406e-05
1513,ὁδοῦ,8,5.8158977565174406e-05
1514,Αἰγύπτου,8,5.8158977565174406e-05
1515,Σαδδουκαίων,8,5.8158977565174406e-05
1516,ῥίζαν,8,5.8158977565174406e-05
1517,παραλαμβάνει,8,5.8158977565174406e-05
1518,κάτω,8,5.8158977565174406e-05
1519,δίκτυα,8,5.8158977565174406e-05
1520,ἔνοχος,8,5.8158977565174406e-05
1521,γέενναν,8,5.8158977565174406e-05
1522,γένησθε,8,5.8158977565174406e-05
1523,τελῶναι,8,5.8158977565174406e-05
1524,κρυπτῷ,8,5.8158977565174406e-05
1525,πονηρός,8,5.8158977565174406e-05
1526,δουλεύειν,8,5.8158977565174406e-05
1527,ψυχῇ,8,5.8158977565174406e-05
1528,ὀφθαλμῷ,8,5.8158977565174406e-05
1529,τέκνοις,8,5.8158977565174406e-05
1530,προσῆλθε(ν),8,5.8158977565174406e-05
1531,ἀσθενείας,8,5.8158977565174406e-05
1532,ἐθαύμασαν,8,5.8158977565174406e-05
1533,παρεκάλουν,8,5.8158977565174406e-05
1534,αἴρει,8,5.8158977565174406e-05
1535,ἱματίου,8,5.8158977565174406e-05
1536,ἀσκούς,8,5.8158977565174406e-05
1537,ἄρχων,8,5.8158977565174406e-05
1538,ὁρᾶτε,8,5.8158977565174406e-05
1539,Θωμᾶς,8,5.8158977565174406e-05
1540,δέξηται,8,5.8158977565174406e-05
1541,ἀκούσῃ,8,5.8158977565174406e-05
1542,φρόνιμοι,8,5.8158977565174406e-05
1543,βαλεῖν,8,5.8158977565174406e-05
1544,εὑρήσει,8,5.8158977565174406e-05
1545,δέχεται,8,5.8158977565174406e-05
1546,λήμψεται,8,5.8158977565174406e-05
1547,ἀπολέσῃ,8,5.8158977565174406e-05
1548,πίνων,8,5.8158977565174406e-05
1549,φίλος,8,5.8158977565174406e-05
1550,σκεύη,8,5.8158977565174406e-05
1551,αἰῶνι,8,5.8158977565174406e-05
1552,ἀγαθοῦ,8,5.8158977565174406e-05
1553,ἀδελφή,8,5.8158977565174406e-05
1554,ἐκείνοις,8,5.8158977565174406e-05
1555,ἀκούσωσι(ν),8,5.8158977565174406e-05
1556,ἐρῶ,8,5.8158977565174406e-05
1557,ἔβαλον,8,5.8158977565174406e-05
1558,μέσου,8,5.8158977565174406e-05
1559,λέγεται,8,5.8158977565174406e-05
1560,φέρετε,8,5.8158977565174406e-05
1561,ἄνεμος,8,5.8158977565174406e-05
1562,ἀρξάμενος,8,5.8158977565174406e-05
1563,σκάνδαλον,8,5.8158977565174406e-05
1564,θέλῃ,8,5.8158977565174406e-05
1565,Μωϋσεῖ,8,5.8158977565174406e-05
1566,εἴπητε,8,5.8158977565174406e-05
1567,ἄπιστος,8,5.8158977565174406e-05
1568,πορευθείς,8,5.8158977565174406e-05
1569,ἠθέλησε(ν),8,5.8158977565174406e-05
1570,παρεκάλει,8,5.8158977565174406e-05
1571,ὑπάρχοντα,8,5.8158977565174406e-05
1572,πιεῖν,8,5.8158977565174406e-05
1573,κατέναντι,8,5.8158977565174406e-05
1574,λέγοντας,8,5.8158977565174406e-05
1575,καρπός,8,5.8158977565174406e-05
1576,ἀποκριθέντες,8,5.8158977565174406e-05
1577,ἤθελον,8,5.8158977565174406e-05
1578,ὁδούς,8,5.8158977565174406e-05
1579,οὐδενός,8,5.8158977565174406e-05
1580,ναῷ,8,5.8158977565174406e-05
1581,καθημένῳ,8,5.8158977565174406e-05
1582,ἐκτός,8,5.8158977565174406e-05
1583,μέτρον,8,5.8158977565174406e-05
1584,μεγάλα,8,5.8158977565174406e-05
1585,Νῶε,8,5.8158977565174406e-05
1586,ἀργύριον,8,5.8158977565174406e-05
1587,ἀργύρια,8,5.8158977565174406e-05
1588,ἐποιήσατε,8,5.8158977565174406e-05
1589,ἀποκτείνωσι(ν),8,5.8158977565174406e-05
1590,πτωχούς,8,5.8158977565174406e-05
1591,δευτέρου,8,5.8158977565174406e-05
1592,ἠρνήσατο,8,5.8158977565174406e-05
1593,ἥμαρτον,8,5.8158977565174406e-05
1594,ἔδωκαν,8,5.8158977565174406e-05
1595,ἀπολύσω,8,5.8158977565174406e-05
1596,ὅλη,8,5.8158977565174406e-05
1597,ᾔδεισαν,8,5.8158977565174406e-05
1598,ζητοῦσι(ν),8,5.8158977565174406e-05
1599,συναγωγάς,8,5.8158977565174406e-05
1600,δύνασθαι,8,5.8158977565174406e-05
1601,κράβαττον,8,5.8158977565174406e-05
1602,κύκλῳ,8,5.8158977565174406e-05
1603,δρέπανον,8,5.8158977565174406e-05
1604,ὑψίστου,8,5.8158977565174406e-05
1605,χώρας,8,5.8158977565174406e-05
1606,γεγονός,8,5.8158977565174406e-05
1607,οὐδεμίαν,8,5.8158977565174406e-05
1608,δεῖπνον,8,5.8158977565174406e-05
1609,ἐσθίουσι(ν),8,5.8158977565174406e-05
1610,ποιήσωμεν,8,5.8158977565174406e-05
1611,ἐλήλυθε(ν),8,5.8158977565174406e-05
1612,ἔγραψε(ν),8,5.8158977565174406e-05
1613,κτίσεως,8,5.8158977565174406e-05
1614,λάβῃ,8,5.8158977565174406e-05
1615,ἀγαπᾶν,8,5.8158977565174406e-05
1616,βλασφημίας,8,5.8158977565174406e-05
1617,βουλόμενος,8,5.8158977565174406e-05
1618,γόνατα,8,5.8158977565174406e-05
1619,θύρας,8,5.8158977565174406e-05
1620,λοιποῖς,8,5.8158977565174406e-05
1621,ἔσῃ,8,5.8158977565174406e-05
1622,οἰκουμένην,8,5.8158977565174406e-05
1623,Ἰουδαίαν,8,5.8158977565174406e-05
1624,ὀκτώ,8,5.8158977565174406e-05
1625,εἰρήνῃ,8,5.8158977565174406e-05
1626,εὑρόντες,8,5.8158977565174406e-05
1627,μηδένα,8,5.8158977565174406e-05
1628,ἐνιαυτόν,8,5.8158977565174406e-05
1629,πάντως,8,5.8158977565174406e-05
1630,ἠρώτησαν,8,5.8158977565174406e-05
1631,λίμνην,8,5.8158977565174406e-05
1632,ἑστῶτα,8,5.8158977565174406e-05
1633,θεμέλιον,8,5.8158977565174406e-05
1634,φίλους,8,5.8158977565174406e-05
1635,ἑκατοντάρχης,8,5.8158977565174406e-05
1636,ἔδωκας,8,5.8158977565174406e-05
1637,ἀγαθήν,8,5.8158977565174406e-05
1638,μιᾶς,8,5.8158977565174406e-05
1639,πορεύομαι,8,5.8158977565174406e-05
1640,Λάζαρος,8,5.8158977565174406e-05
1641,Σαμαρείας,8,5.8158977565174406e-05
1642,τάχει,8,5.8158977565174406e-05
1643,σωτηρία,8,5.8158977565174406e-05
1644,πέμψαι,8,5.8158977565174406e-05
1645,ἐλογίσθη,8,5.8158977565174406e-05
1646,ἐνθάδε,8,5.8158977565174406e-05
1647,ἐλάλησα,8,5.8158977565174406e-05
1648,μαρτυρεῖ,8,5.8158977565174406e-05
1649,ζῆλος,8,5.8158977565174406e-05
1650,κρίσις,8,5.8158977565174406e-05
1651,μέντοι,8,5.8158977565174406e-05
1652,κρίνει,8,5.8158977565174406e-05
1653,μαρτυρῶ,8,5.8158977565174406e-05
1654,ἐσχάτῃ,8,5.8158977565174406e-05
1655,σπέρματος,8,5.8158977565174406e-05
1656,ἔργου,8,5.8158977565174406e-05
1657,χαίρω,8,5.8158977565174406e-05
1658,εἴρηκε(ν),8,5.8158977565174406e-05
1659,τεκνία,8,5.8158977565174406e-05
1660,κακοῦ,8,5.8158977565174406e-05
1661,Καίσαρα,8,5.8158977565174406e-05
1662,Ἁνανίας,8,5.8158977565174406e-05
1663,ξύλου,8,5.8158977565174406e-05
1664,Σαῦλος,8,5.8158977565174406e-05
1665,Δαμασκῷ,8,5.8158977565174406e-05
1666,κοινόν,8,5.8158977565174406e-05
1667,ἦμεν,8,5.8158977565174406e-05
1668,Βαρναβᾶν,8,5.8158977565174406e-05
1669,Ἔφεσον,8,5.8158977565174406e-05
1670,τάδε,8,5.8158977565174406e-05
1671,μάρτυς,8,5.8158977565174406e-05
1672,εἶδες,8,5.8158977565174406e-05
1673,μελλόντων,8,5.8158977565174406e-05
1674,χάρισμα,8,5.8158977565174406e-05
1675,ὑπομονῆς,8,5.8158977565174406e-05
1676,πολλῇ,8,5.8158977565174406e-05
1677,διδαχήν,8,5.8158977565174406e-05
1678,γνώσει,8,5.8158977565174406e-05
1679,ἅγιοι,8,5.8158977565174406e-05
1680,ἐλεύθερος,8,5.8158977565174406e-05
1681,τάξιν,8,5.8158977565174406e-05
1682,παντοκράτωρ,8,5.8158977565174406e-05
1683,κινδύνοις,8,5.8158977565174406e-05
1684,κατάπαυσιν,8,5.8158977565174406e-05
1685,Μελχισέδεκ,8,5.8158977565174406e-05
1686,ζῴων,8,5.8158977565174406e-05
1687,ζῷα,8,5.8158977565174406e-05
1688,χίλια,8,5.8158977565174406e-05
1689,νικῶν,8,5.8158977565174406e-05
1690,ἀκουσάτω,8,5.8158977565174406e-05
1691,ἀρνίον,8,5.8158977565174406e-05
1692,κέρατα,8,5.8158977565174406e-05
1693,Μαρίας,7,5.0889105369527604e-05
1694,ἐγεννήθη,7,5.0889105369527604e-05
1695,μεθερμηνευόμενον,7,5.0889105369527604e-05
1696,προσήνεγκαν,7,5.0889105369527604e-05
1697,εἴπω,7,5.0889105369527604e-05
1698,ἀπολέσαι,7,5.0889105369527604e-05
1699,ἀποστείλας,7,5.0889105369527604e-05
1700,ἑτοιμάσατε,7,5.0889105369527604e-05
1701,κεῖται,7,5.0889105369527604e-05
1702,οὐρανοί,7,5.0889105369527604e-05
1703,καταβαῖνον,7,5.0889105369527604e-05
1704,ἐπείνασε(ν),7,5.0889105369527604e-05
1705,ἔστησε(ν),7,5.0889105369527604e-05
1706,ποικίλαις,7,5.0889105369527604e-05
1707,μισθός,7,5.0889105369527604e-05
1708,καλά,7,5.0889105369527604e-05
1709,κρίσει,7,5.0889105369527604e-05
1710,συνεδρίῳ,7,5.0889105369527604e-05
1711,ἔσχατον,7,5.0889105369527604e-05
1712,ἀπόληται,7,5.0889105369527604e-05
1713,ὑποπόδιον,7,5.0889105369527604e-05
1714,μεγάλου,7,5.0889105369527604e-05
1715,δύνασαι,7,5.0889105369527604e-05
1716,πονηρούς,7,5.0889105369527604e-05
1717,οὐράνιος,7,5.0889105369527604e-05
1718,ἐλεημοσύνην,7,5.0889105369527604e-05
1719,ἀποδώσει,7,5.0889105369527604e-05
1720,γενηθήτω,7,5.0889105369527604e-05
1721,πρόσωπα,7,5.0889105369527604e-05
1722,ἀγροῦ,7,5.0889105369527604e-05
1723,ὀλίγοι,7,5.0889105369527604e-05
1724,ἐκτείνας,7,5.0889105369527604e-05
1725,πορεύεται,7,5.0889105369527604e-05
1726,βρυγμός,7,5.0889105369527604e-05
1727,ὀδόντων,7,5.0889105369527604e-05
1728,σῶσον,7,5.0889105369527604e-05
1729,καιροῦ,7,5.0889105369527604e-05
1730,ἔφυγον,7,5.0889105369527604e-05
1731,εὐκοπώτερον,7,5.0889105369527604e-05
1732,περιπάτει,7,5.0889105369527604e-05
1733,ἠκολούθησε(ν),7,5.0889105369527604e-05
1734,τελωνῶν,7,5.0889105369527604e-05
1735,ἀμφότεροι,7,5.0889105369527604e-05
1736,ὄπισθεν,7,5.0889105369527604e-05
1737,σέσωκε(ν),7,5.0889105369527604e-05
1738,δύναμαι,7,5.0889105369527604e-05
1739,πορεύεσθε,7,5.0889105369527604e-05
1740,πορευόμενοι,7,5.0889105369527604e-05
1741,ἀποστέλλω,7,5.0889105369527604e-05
1742,παραδώσουσι(ν),7,5.0889105369527604e-05
1743,λαλοῦντες,7,5.0889105369527604e-05
1744,παραδώσει,7,5.0889105369527604e-05
1745,Βεελζεβούλ,7,5.0889105369527604e-05
1746,μικρῶν,7,5.0889105369527604e-05
1747,ἀνέμου,7,5.0889105369527604e-05
1748,ἀκουέτω,7,5.0889105369527604e-05
1749,πάλαι,7,5.0889105369527604e-05
1750,ἐπηρώτησαν,7,5.0889105369527604e-05
1751,συμβούλιον,7,5.0889105369527604e-05
1752,θέλομεν,7,5.0889105369527604e-05
1753,Ἰωνᾶ,7,5.0889105369527604e-05
1754,ἐγερθήσεται,7,5.0889105369527604e-05
1755,κατοικεῖ,7,5.0889105369527604e-05
1756,πρώτων,7,5.0889105369527604e-05
1757,εἱστήκεισαν,7,5.0889105369527604e-05
1758,εἱστήκει,7,5.0889105369527604e-05
1759,ὀφθαλμοῖς,7,5.0889105369527604e-05
1760,ἐχθρός,7,5.0889105369527604e-05
1761,ζιζάνια,7,5.0889105369527604e-05
1762,ἀγρόν,7,5.0889105369527604e-05
1763,Φιλίππου,7,5.0889105369527604e-05
1764,ἰχθύας,7,5.0889105369527604e-05
1765,ἀναβλέψας,7,5.0889105369527604e-05
1766,κλασμάτων,7,5.0889105369527604e-05
1767,τόπου,7,5.0889105369527604e-05
1768,τίμα,7,5.0889105369527604e-05
1769,τέκνων,7,5.0889105369527604e-05
1770,τραπέζης,7,5.0889105369527604e-05
1771,ἀναβάς,7,5.0889105369527604e-05
1772,ἐλάβομεν,7,5.0889105369527604e-05
1773,ἄρτων,7,5.0889105369527604e-05
1774,Ἠλίαν,7,5.0889105369527604e-05
1775,ἐνετείλατο,7,5.0889105369527604e-05
1776,ὅραμα,7,5.0889105369527604e-05
1777,τράχηλον,7,5.0889105369527604e-05
1778,ὄρη,7,5.0889105369527604e-05
1779,εἰπόν,7,5.0889105369527604e-05
1780,γενόμενα,7,5.0889105369527604e-05
1781,κοιλίας,7,5.0889105369527604e-05
1782,ἀδύνατον,7,5.0889105369527604e-05
1783,εὐωνύμων,7,5.0889105369527604e-05
1784,Ἰεριχώ,7,5.0889105369527604e-05
1785,καθήμενοι,7,5.0889105369527604e-05
1786,Σιών,7,5.0889105369527604e-05
1787,ποιήσαντες,7,5.0889105369527604e-05
1788,εὐλογημένος,7,5.0889105369527604e-05
1789,πιστεύοντες,7,5.0889105369527604e-05
1790,ἐπιστεύσατε,7,5.0889105369527604e-05
1791,ἤγγισε(ν),7,5.0889105369527604e-05
1792,κληρονομίαν,7,5.0889105369527604e-05
1793,ἐξέβαλον,7,5.0889105369527604e-05
1794,ἔθνει,7,5.0889105369527604e-05
1795,δούλοις,7,5.0889105369527604e-05
1796,διδάσκεις,7,5.0889105369527604e-05
1797,μέλει,7,5.0889105369527604e-05
1798,τρίτος,7,5.0889105369527604e-05
1799,ἀναστάσει,7,5.0889105369527604e-05
1800,πλανᾶσθε,7,5.0889105369527604e-05
1801,κάθου,7,5.0889105369527604e-05
1802,καθαρόν,7,5.0889105369527604e-05
1803,ἀρχή,7,5.0889105369527604e-05
1804,θλῖψις,7,5.0889105369527604e-05
1805,ἐκλεκτούς,7,5.0889105369527604e-05
1806,ποιμήν,7,5.0889105369527604e-05
1807,παραδίδοται,7,5.0889105369527604e-05
1808,ἑορτῇ,7,5.0889105369527604e-05
1809,γενομένου,7,5.0889105369527604e-05
1810,πολλοῦ,7,5.0889105369527604e-05
1811,ἐζήτει,7,5.0889105369527604e-05
1812,λάβετε,7,5.0889105369527604e-05
1813,προσηύξατο,7,5.0889105369527604e-05
1814,ἄγωμεν,7,5.0889105369527604e-05
1815,ἀπήγαγον,7,5.0889105369527604e-05
1816,ἀλέκτωρ,7,5.0889105369527604e-05
1817,τιμή,7,5.0889105369527604e-05
1818,ἐκλήθη,7,5.0889105369527604e-05
1819,ἀπεκρίνατο,7,5.0889105369527604e-05
1820,πολλοῖς,7,5.0889105369527604e-05
1821,Πιλᾶτον,7,5.0889105369527604e-05
1822,τηρεῖν,7,5.0889105369527604e-05
1823,βαπτίζων,7,5.0889105369527604e-05
1824,πανταχοῦ,7,5.0889105369527604e-05
1825,Σίμωνι,7,5.0889105369527604e-05
1826,ἑαυτήν,7,5.0889105369527604e-05
1827,υἱοῖς,7,5.0889105369527604e-05
1828,ἠρώτων,7,5.0889105369527604e-05
1829,βλέπωσι(ν),7,5.0889105369527604e-05
1830,πέμψον,7,5.0889105369527604e-05
1831,ἐθαύμαζον,7,5.0889105369527604e-05
1832,περιεπάτει,7,5.0889105369527604e-05
1833,ὤμοσε(ν),7,5.0889105369527604e-05
1834,ἔθηκαν,7,5.0889105369527604e-05
1835,πεντήκοντα,7,5.0889105369527604e-05
1836,ἰχθύων,7,5.0889105369527604e-05
1837,ἤκουον,7,5.0889105369527604e-05
1838,ἐκπορεύεται,7,5.0889105369527604e-05
1839,ἀναστῆναι,7,5.0889105369527604e-05
1840,χρόνος,7,5.0889105369527604e-05
1841,γένος,7,5.0889105369527604e-05
1842,στήκετε,7,5.0889105369527604e-05
1843,ἀγαπητόν,7,5.0889105369527604e-05
1844,βίβλῳ,7,5.0889105369527604e-05
1845,βίον,7,5.0889105369527604e-05
1846,ἐσταύρωσαν,7,5.0889105369527604e-05
1847,κἀκεῖνοι,7,5.0889105369527604e-05
1848,πάσαις,7,5.0889105369527604e-05
1849,ἐπέπεσε(ν),7,5.0889105369527604e-05
1850,εὐαγγελίσασθαι,7,5.0889105369527604e-05
1851,θρόνον,7,5.0889105369527604e-05
1852,γινώσκω,7,5.0889105369527604e-05
1853,σπέρματι,7,5.0889105369527604e-05
1854,γλῶσσα,7,5.0889105369527604e-05
1855,εὐλογητός,7,5.0889105369527604e-05
1856,παραστῆσαι,7,5.0889105369527604e-05
1857,Συμεών,7,5.0889105369527604e-05
1858,παράκλησιν,7,5.0889105369527604e-05
1859,ἀπέσταλκε(ν),7,5.0889105369527604e-05
1860,ἐπιστάτα,7,5.0889105369527604e-05
1861,ἐλήλυθα,7,5.0889105369527604e-05
1862,ἰδίῳ,7,5.0889105369527604e-05
1863,ὅμοιοι,7,5.0889105369527604e-05
1864,πιστεύσαντες,7,5.0889105369527604e-05
1865,θέλοντες,7,5.0889105369527604e-05
1866,ποιοῦντες,7,5.0889105369527604e-05
1867,δέομαι,7,5.0889105369527604e-05
1868,ἀσθενεῖς,7,5.0889105369527604e-05
1869,εὐαγγελιζόμενοι,7,5.0889105369527604e-05
1870,κἀκεῖνος,7,5.0889105369527604e-05
1871,ἀνδρῶν,7,5.0889105369527604e-05
1872,οἴδασι(ν),7,5.0889105369527604e-05
1873,λοιπῶν,7,5.0889105369527604e-05
1874,μισεῖ,7,5.0889105369527604e-05
1875,πιστοί,7,5.0889105369527604e-05
1876,γλῶσσαν,7,5.0889105369527604e-05
1877,γεγραμμένα,7,5.0889105369527604e-05
1878,καλούμενος,7,5.0889105369527604e-05
1879,κρίνω,7,5.0889105369527604e-05
1880,διαθήκη,7,5.0889105369527604e-05
1881,γινέσθω,7,5.0889105369527604e-05
1882,γινώσκεις,7,5.0889105369527604e-05
1883,πιστεύεις,7,5.0889105369527604e-05
1884,οἴνου,7,5.0889105369527604e-05
1885,διάκονοι,7,5.0889105369527604e-05
1886,ἀρχήν,7,5.0889105369527604e-05
1887,προσκυνήσουσι(ν),7,5.0889105369527604e-05
1888,ἀληθινός,7,5.0889105369527604e-05
1889,Ἑβραϊστί,7,5.0889105369527604e-05
1890,μείζονα,7,5.0889105369527604e-05
1891,πέμψαντα,7,5.0889105369527604e-05
1892,περιτομήν,7,5.0889105369527604e-05
1893,ἁμαρτίᾳ,7,5.0889105369527604e-05
1894,ψεῦδος,7,5.0889105369527604e-05
1895,ἰδίων,7,5.0889105369527604e-05
1896,νύξ,7,5.0889105369527604e-05
1897,καλός,7,5.0889105369527604e-05
1898,ἀνοῖξαι,7,5.0889105369527604e-05
1899,τέσσαρας,7,5.0889105369527604e-05
1900,ἀπέστειλας,7,5.0889105369527604e-05
1901,ἔθνους,7,5.0889105369527604e-05
1902,ποιῆτε,7,5.0889105369527604e-05
1903,μένων,7,5.0889105369527604e-05
1904,ἔθετο,7,5.0889105369527604e-05
1905,διακονίας,7,5.0889105369527604e-05
1906,Ἰσραηλῖται,7,5.0889105369527604e-05
1907,ἀτενίσας,7,5.0889105369527604e-05
1908,τιμῆς,7,5.0889105369527604e-05
1909,πόδες,7,5.0889105369527604e-05
1910,Ἀσίας,7,5.0889105369527604e-05
1911,ἀεί,7,5.0889105369527604e-05
1912,ἀνάστηθι,7,5.0889105369527604e-05
1913,Δαμασκόν,7,5.0889105369527604e-05
1914,λέγουσαν,7,5.0889105369527604e-05
1915,παρακλήσει,7,5.0889105369527604e-05
1916,λεγούσης,7,5.0889105369527604e-05
1917,μηδεμίαν,7,5.0889105369527604e-05
1918,χαίρειν,7,5.0889105369527604e-05
1919,ἐκκλησίαι,7,5.0889105369527604e-05
1920,Μακεδονίας,7,5.0889105369527604e-05
1921,ἑκάστου,7,5.0889105369527604e-05
1922,ζῶμεν,7,5.0889105369527604e-05
1923,ὀφείλομεν,7,5.0889105369527604e-05
1924,παρεμβολήν,7,5.0889105369527604e-05
1925,δέσμιος,7,5.0889105369527604e-05
1926,Φῆστος,7,5.0889105369527604e-05
1927,ἀνδράσι(ν),7,5.0889105369527604e-05
1928,ὑπακοήν,7,5.0889105369527604e-05
1929,πνευματικόν,7,5.0889105369527604e-05
1930,ἐπιγνώσει,7,5.0889105369527604e-05
1931,συνειδήσεως,7,5.0889105369527604e-05
1932,ἐροῦμεν,7,5.0889105369527604e-05
1933,ζῶντι,7,5.0889105369527604e-05
1934,ἀφορμήν,7,5.0889105369527604e-05
1935,κτίσις,7,5.0889105369527604e-05
1936,ἐγενήθημεν,7,5.0889105369527604e-05
1937,ῥίζα,7,5.0889105369527604e-05
1938,τέλειον,7,5.0889105369527604e-05
1939,δοθεῖσαν,7,5.0889105369527604e-05
1940,ἀγαθῷ,7,5.0889105369527604e-05
1941,ἔπαινον,7,5.0889105369527604e-05
1942,κοινωνίαν,7,5.0889105369527604e-05
1943,ἐκλήθητε,7,5.0889105369527604e-05
1944,ἅγια,7,5.0889105369527604e-05
1945,κοινωνία,7,5.0889105369527604e-05
1946,γλώσσῃ,7,5.0889105369527604e-05
1947,παθημάτων,7,5.0889105369527604e-05
1948,προσώπῳ,7,5.0889105369527604e-05
1949,ζῶντες,7,5.0889105369527604e-05
1950,ἐκκλησιῶν,7,5.0889105369527604e-05
1951,γράφειν,7,5.0889105369527604e-05
1952,ἐνέργειαν,7,5.0889105369527604e-05
1953,καλῶν,7,5.0889105369527604e-05
1954,εὐσέβειαν,7,5.0889105369527604e-05
1955,ἵππων,7,5.0889105369527604e-05
1956,σάρκας,7,5.0889105369527604e-05
1957,βρονταί,7,5.0889105369527604e-05
1958,ἐσάλπισε(ν),7,5.0889105369527604e-05
1959,χάραγμα,7,5.0889105369527604e-05
1960,φιάλην,7,5.0889105369527604e-05
1961,ὄναρ,6,4.36192331738808e-05
1962,σώσει,6,4.36192331738808e-05
1963,ἕξει,6,4.36192331738808e-05
1964,καλέσας,6,4.36192331738808e-05
1965,παιδίου,6,4.36192331738808e-05
1966,ἐπληρώθη,6,4.36192331738808e-05
1967,μελλούσης,6,4.36192331738808e-05
1968,ποιοῦν,6,4.36192331738808e-05
1969,μόνῳ,6,4.36192331738808e-05
1970,ἁγίαν,6,4.36192331738808e-05
1971,ὑψηλόν,6,4.36192331738808e-05
1972,καταλιπών,6,4.36192331738808e-05
1973,κηρύσσειν,6,4.36192331738808e-05
1974,περιπατῶν,6,4.36192331738808e-05
1975,Γαλιλαίᾳ,6,4.36192331738808e-05
1976,Συρίαν,6,4.36192331738808e-05
1977,εἴπωσι(ν),6,4.36192331738808e-05
1978,ἅλας,6,4.36192331738808e-05
1979,παρέλθῃ,6,4.36192331738808e-05
1980,θυσιαστήριον,6,4.36192331738808e-05
1981,σκανδαλίζει,6,4.36192331738808e-05
1982,θρόνος,6,4.36192331738808e-05
1983,ὀφθαλμοῦ,6,4.36192331738808e-05
1984,δικαίους,6,4.36192331738808e-05
1985,προσεύχεσθαι,6,4.36192331738808e-05
1986,παραπτώματα,6,4.36192331738808e-05
1987,λύχνος,6,4.36192331738808e-05
1988,ἑτέρου,6,4.36192331738808e-05
1989,χόρτον,6,4.36192331738808e-05
1990,κάρφος,6,4.36192331738808e-05
1991,χοίρων,6,4.36192331738808e-05
1992,διδόναι,6,4.36192331738808e-05
1993,καρπῶν,6,4.36192331738808e-05
1994,σαπρόν,6,4.36192331738808e-05
1995,ἔγνων,6,4.36192331738808e-05
1996,ἐργαζόμενοι,6,4.36192331738808e-05
1997,ἀνομίαν,6,4.36192331738808e-05
1998,δεῖξον,6,4.36192331738808e-05
1999,δούλῳ,6,4.36192331738808e-05
2000,ἥξουσι(ν),6,4.36192331738808e-05
2001,θάλασσα,6,4.36192331738808e-05
2002,ἐλθόντος,6,4.36192331738808e-05
2003,ἀγέλη,6,4.36192331738808e-05
2004,παρεκάλεσαν,6,4.36192331738808e-05
2005,ὁρίων,6,4.36192331738808e-05
2006,ἱνατί,6,4.36192331738808e-05
2007,εἰδῆτε,6,4.36192331738808e-05
2008,ἀφιέναι,6,4.36192331738808e-05
2009,τοιαύτην,6,4.36192331738808e-05
2010,σχίσμα,6,4.36192331738808e-05
2011,ἐσπλαγχνίσθη,6,4.36192331738808e-05
2012,ποιμένα,6,4.36192331738808e-05
2013,θερισμός,6,4.36192331738808e-05
2014,ἐργάτας,6,4.36192331738808e-05
2015,ἐκβάλλειν,6,4.36192331738808e-05
2016,Ἀνδρέας,6,4.36192331738808e-05
2017,χιτῶνας,6,4.36192331738808e-05
2018,ἐχθροί,6,4.36192331738808e-05
2019,δικαίου,6,4.36192331738808e-05
2020,περιπατοῦσι(ν),6,4.36192331738808e-05
2021,κάλαμον,6,4.36192331738808e-05
2022,ἀγοραῖς,6,4.36192331738808e-05
2023,ἐδικαιώθη,6,4.36192331738808e-05
2024,ἐγενήθησαν,6,4.36192331738808e-05
2025,ἐσθίειν,6,4.36192331738808e-05
2026,μεῖζον,6,4.36192331738808e-05
2027,ὑγιής,6,4.36192331738808e-05
2028,ἐξίσταντο,6,4.36192331738808e-05
2029,κοιλίᾳ,6,4.36192331738808e-05
2030,κήρυγμα,6,4.36192331738808e-05
2031,νότου,6,4.36192331738808e-05
2032,γενεᾷ,6,4.36192331738808e-05
2033,τίνες,6,4.36192331738808e-05
2034,αἰγιαλόν,6,4.36192331738808e-05
2035,βάθος,6,4.36192331738808e-05
2036,ἀκάνθας,6,4.36192331738808e-05
2037,δέδοται,6,4.36192331738808e-05
2038,ἀρθήσεται,6,4.36192331738808e-05
2039,ὠσί(ν),6,4.36192331738808e-05
2040,λαμβάνων,6,4.36192331738808e-05
2041,πλούτου,6,4.36192331738808e-05
2042,λαβοῦσα,6,4.36192331738808e-05
2043,δικαίων,6,4.36192331738808e-05
2044,κρατήσας,6,4.36192331738808e-05
2045,πτῶμα,6,4.36192331738808e-05
2046,πόλεων,6,4.36192331738808e-05
2047,ἀπόλυσον,6,4.36192331738808e-05
2048,ἐχορτάσθησαν,6,4.36192331738808e-05
2049,προσεύξασθαι,6,4.36192331738808e-05
2050,διδασκαλίας,6,4.36192331738808e-05
2051,κοινοῖ,6,4.36192331738808e-05
2052,τυφλόν,6,4.36192331738808e-05
2053,περιπατοῦντας,6,4.36192331738808e-05
2054,φάγωσι(ν),6,4.36192331738808e-05
2055,ὀλίγα,6,4.36192331738808e-05
2056,ἔκλασε(ν),6,4.36192331738808e-05
2057,ζύμης,6,4.36192331738808e-05
2058,συνῆκαν,6,4.36192331738808e-05
2059,Καισαρείας,6,4.36192331738808e-05
2060,ἠρώτα,6,4.36192331738808e-05
2061,ἕτεροι,6,4.36192331738808e-05
2062,δεδεμένον,6,4.36192331738808e-05
2063,ἀποκτανθῆναι,6,4.36192331738808e-05
2064,ἀποκτενοῦσι(ν),6,4.36192331738808e-05
2065,ἐλεύθεροι,6,4.36192331738808e-05
2066,ἀνάγκη,6,4.36192331738808e-05
2067,βασιλεῖ,6,4.36192331738808e-05
2068,δούλου,6,4.36192331738808e-05
2069,δοῦλε,6,4.36192331738808e-05
2070,ἐπέτρεψε(ν),6,4.36192331738808e-05
2071,κωλύετε,6,4.36192331738808e-05
2072,τοιούτων,6,4.36192331738808e-05
2073,ἐμβλέψας,6,4.36192331738808e-05
2074,δυνατά,6,4.36192331738808e-05
2075,ἑστῶτας,6,4.36192331738808e-05
2076,ἐποίησας,6,4.36192331738808e-05
2077,ἀρχιερεῦσι(ν),6,4.36192331738808e-05
2078,καθίσαι,6,4.36192331738808e-05
2079,ἐπέθηκαν,6,4.36192331738808e-05
2080,ἔκραζον,6,4.36192331738808e-05
2081,ὡσαννά,6,4.36192331738808e-05
2082,Ναζαρέθ,6,4.36192331738808e-05
2083,προσευχῆς,6,4.36192331738808e-05
2084,Βηθανίαν,6,4.36192331738808e-05
2085,συκῆν,6,4.36192331738808e-05
2086,φύλλα,6,4.36192331738808e-05
2087,πιστεῦσαι,6,4.36192331738808e-05
2088,πλείονας,6,4.36192331738808e-05
2089,κληρονόμος,6,4.36192331738808e-05
2090,ἄλλοις,6,4.36192331738808e-05
2091,γωνίας,6,4.36192331738808e-05
2092,γάμους,6,4.36192331738808e-05
2093,εἰκών,6,4.36192331738808e-05
2094,ποία,6,4.36192331738808e-05
2095,θέλουσι(ν),6,4.36192331738808e-05
2096,κοινωνοί,6,4.36192331738808e-05
2097,ἐπορεύετο,6,4.36192331738808e-05
2098,παρουσίας,6,4.36192331738808e-05
2099,ἆραι,6,4.36192331738808e-05
2100,παρουσία,6,4.36192331738808e-05
2101,ἦρε(ν),6,4.36192331738808e-05
2102,ἕτοιμοι,6,4.36192331738808e-05
2103,ἔλαιον,6,4.36192331738808e-05
2104,θύρα,6,4.36192331738808e-05
2105,ἦς,6,4.36192331738808e-05
2106,γυμνός,6,4.36192331738808e-05
2107,ἀσθενής,6,4.36192331738808e-05
2108,αὐλήν,6,4.36192331738808e-05
2109,μύρου,6,4.36192331738808e-05
2110,πρώτῃ,6,4.36192331738808e-05
2111,ἀζύμων,6,4.36192331738808e-05
2112,ἡτοίμασαν,6,4.36192331738808e-05
2113,πίω,6,4.36192331738808e-05
2114,φωνῆσαι,6,4.36192331738808e-05
2115,ἀπαρνήσῃ,6,4.36192331738808e-05
2116,χωρίον,6,4.36192331738808e-05
2117,παρακαλέσαι,6,4.36192331738808e-05
2118,ῥήματος,6,4.36192331738808e-05
2119,παρέδωκαν,6,4.36192331738808e-05
2120,Πιλάτῳ,6,4.36192331738808e-05
2121,πραιτώριον,6,4.36192331738808e-05
2122,τρισί(ν),6,4.36192331738808e-05
2123,φωνεῖ,6,4.36192331738808e-05
2124,ἐσχίσθη,6,4.36192331738808e-05
2125,πολλαί,6,4.36192331738808e-05
2126,ᾐτήσατο,6,4.36192331738808e-05
2127,γυναιξί(ν),6,4.36192331738808e-05
2128,ὑπήντησε(ν),6,4.36192331738808e-05
2129,ἕνδεκα,6,4.36192331738808e-05
2130,καινή,6,4.36192331738808e-05
2131,συναγωγῆς,6,4.36192331738808e-05
2132,ἤρχοντο,6,4.36192331738808e-05
2133,βάλλει,6,4.36192331738808e-05
2134,ἀκάθαρτα,6,4.36192331738808e-05
2135,λέγοντα,6,4.36192331738808e-05
2136,καθημένους,6,4.36192331738808e-05
2137,σπείρεται,6,4.36192331738808e-05
2138,πλοῖα,6,4.36192331738808e-05
2139,παρήγγειλε(ν),6,4.36192331738808e-05
2140,μένετε,6,4.36192331738808e-05
2141,ἐξαυτῆς,6,4.36192331738808e-05
2142,παρέλαβον,6,4.36192331738808e-05
2143,φέρουσι(ν),6,4.36192331738808e-05
2144,ἔσχατος,6,4.36192331738808e-05
2145,μέλλοντα,6,4.36192331738808e-05
2146,οὔσης,6,4.36192331738808e-05
2147,ἔχουσαν,6,4.36192331738808e-05
2148,ἰσχύος,6,4.36192331738808e-05
2149,δίς,6,4.36192331738808e-05
2150,ἀναστάντες,6,4.36192331738808e-05
2151,ἰδοῦσα,6,4.36192331738808e-05
2152,ἐξαπέστειλε(ν),6,4.36192331738808e-05
2153,γενόμενοι,6,4.36192331738808e-05
2154,ἐναντίον,6,4.36192331738808e-05
2155,καθότι,6,4.36192331738808e-05
2156,ἔθος,6,4.36192331738808e-05
2157,ἀγαθῶν,6,4.36192331738808e-05
2158,ὑπέστρεψε(ν),6,4.36192331738808e-05
2159,γνῶσιν,6,4.36192331738808e-05
2160,ηὔξανε(ν),6,4.36192331738808e-05
2161,λεγόντων,6,4.36192331738808e-05
2162,ἐλάλουν,6,4.36192331738808e-05
2163,ἀποκάλυψιν,6,4.36192331738808e-05
2164,πονηρῶν,6,4.36192331738808e-05
2165,ἔδειξε(ν),6,4.36192331738808e-05
2166,ἠρώτησε(ν),6,4.36192331738808e-05
2167,ἀφέωνται,6,4.36192331738808e-05
2168,ἐδόξαζον,6,4.36192331738808e-05
2169,ἐσθίετε,6,4.36192331738808e-05
2170,κλαίοντες,6,4.36192331738808e-05
2171,ἀδελφέ,6,4.36192331738808e-05
2172,παραγενόμενοι,6,4.36192331738808e-05
2173,ἐχαρίσατο,6,4.36192331738808e-05
2174,ὑπάρχοντες,6,4.36192331738808e-05
2175,τίθησι(ν),6,4.36192331738808e-05
2176,ἀκούω,6,4.36192331738808e-05
2177,πληγάς,6,4.36192331738808e-05
2178,ἄρχοντα,6,4.36192331738808e-05
2179,εὑρίσκω,6,4.36192331738808e-05
2180,ἐργάζεσθαι,6,4.36192331738808e-05
2181,οὖσαν,6,4.36192331738808e-05
2182,ἀνάγκην,6,4.36192331738808e-05
2183,πρώτην,6,4.36192331738808e-05
2184,οἰκονομίαν,6,4.36192331738808e-05
2185,γράμματα,6,4.36192331738808e-05
2186,ἀληθινόν,6,4.36192331738808e-05
2187,Λάζαρον,6,4.36192331738808e-05
2188,κακά,6,4.36192331738808e-05
2189,ἑτέρα,6,4.36192331738808e-05
2190,φοβούμενος,6,4.36192331738808e-05
2191,ἐκδίκησιν,6,4.36192331738808e-05
2192,σταθείς,6,4.36192331738808e-05
2193,μεῖναι,6,4.36192331738808e-05
2194,πώποτε,6,4.36192331738808e-05
2195,κύριοι,6,4.36192331738808e-05
2196,χαίροντες,6,4.36192331738808e-05
2197,πέμψω,6,4.36192331738808e-05
2198,γνῶτε,6,4.36192331738808e-05
2199,ἐπιστρέψας,6,4.36192331738808e-05
2200,φιλήματι,6,4.36192331738808e-05
2201,βραχύ,6,4.36192331738808e-05
2202,χρόνων,6,4.36192331738808e-05
2203,φωναί,6,4.36192331738808e-05
2204,θελήματι,6,4.36192331738808e-05
2205,ζῶντα,6,4.36192331738808e-05
2206,ῥημάτων,6,4.36192331738808e-05
2207,σκοτία,6,4.36192331738808e-05
2208,ἕστηκε(ν),6,4.36192331738808e-05
2209,Ναθαναήλ,6,4.36192331738808e-05
2210,χαρᾷ,6,4.36192331738808e-05
2211,βρῶμα,6,4.36192331738808e-05
2212,πιστεύομεν,6,4.36192331738808e-05
2213,ἀκηκόαμεν,6,4.36192331738808e-05
2214,ἀσθενῶν,6,4.36192331738808e-05
2215,ἐληλύθει,6,4.36192331738808e-05
2216,ζῶ,6,4.36192331738808e-05
2217,ἐγνώκαμεν,6,4.36192331738808e-05
2218,ἐμός,6,4.36192331738808e-05
2219,πλείονα,6,4.36192331738808e-05
2220,ἐδοξάσθη,6,4.36192331738808e-05
2221,ἐγείρεται,6,4.36192331738808e-05
2222,ψεύστης,6,4.36192331738808e-05
2223,ἀσθενεῖ,6,4.36192331738808e-05
2224,ἀνάστασις,6,4.36192331738808e-05
2225,μείνῃ,6,4.36192331738808e-05
2226,δῷ,6,4.36192331738808e-05
2227,τηρῶν,6,4.36192331738808e-05
2228,ἐμῇ,6,4.36192331738808e-05
2229,τέσσαρα,6,4.36192331738808e-05
2230,βιβλίῳ,6,4.36192331738808e-05
2231,ὄντων,6,4.36192331738808e-05
2232,ἀποστόλοις,6,4.36192331738808e-05
2233,διαλέκτῳ,6,4.36192331738808e-05
2234,διαφθοράν,6,4.36192331738808e-05
2235,ἐπαγγελία,6,4.36192331738808e-05
2236,προσευχαῖς,6,4.36192331738808e-05
2237,ἀκούοντας,6,4.36192331738808e-05
2238,φυλακῆς,6,4.36192331738808e-05
2239,ἀνελεῖν,6,4.36192331738808e-05
2240,ἁγία,6,4.36192331738808e-05
2241,σκηνήν,6,4.36192331738808e-05
2242,διώκεις,6,4.36192331738808e-05
2243,χήρας,6,4.36192331738808e-05
2244,μέλλειν,6,4.36192331738808e-05
2245,δευτέραν,6,4.36192331738808e-05
2246,φοβούμενοι,6,4.36192331738808e-05
2247,Βαρναβᾷ,6,4.36192331738808e-05
2248,μόλις,6,4.36192331738808e-05
2249,Σιλᾶν,6,4.36192331738808e-05
2250,ἐπιστολήν,6,4.36192331738808e-05
2251,Τιμόθεον,6,4.36192331738808e-05
2252,μέλλοντος,6,4.36192331738808e-05
2253,βούλομαι,6,4.36192331738808e-05
2254,ὑπάρχειν,6,4.36192331738808e-05
2255,δακρύων,6,4.36192331738808e-05
2256,τοιοῦτον,6,4.36192331738808e-05
2257,δεσμῶν,6,4.36192331738808e-05
2258,Φῆλιξ,6,4.36192331738808e-05
2259,ἰδίας,6,4.36192331738808e-05
2260,Ἀγρίππα,6,4.36192331738808e-05
2261,μνείαν,6,4.36192331738808e-05
2262,ἀγνοεῖν,6,4.36192331738808e-05
2263,πλάνης,6,4.36192331738808e-05
2264,καύχησις,6,4.36192331738808e-05
2265,εἴπερ,6,4.36192331738808e-05
2266,ἀκροβυστίᾳ,6,4.36192331738808e-05
2267,κατεργάζεται,6,4.36192331738808e-05
2268,θλίψεσι(ν),6,4.36192331738808e-05
2269,γινώσκοντες,6,4.36192331738808e-05
2270,ὑπερβολήν,6,4.36192331738808e-05
2271,νοός,6,4.36192331738808e-05
2272,νοΐ,6,4.36192331738808e-05
2273,ἀπολύτρωσιν,6,4.36192331738808e-05
2274,ἐλεύσομαι,6,4.36192331738808e-05
2275,ἀπαρχή,6,4.36192331738808e-05
2276,χαρίσματα,6,4.36192331738808e-05
2277,εὐάρεστον,6,4.36192331738808e-05
2278,φρονεῖν,6,4.36192331738808e-05
2279,εἰκῇ,6,4.36192331738808e-05
2280,διακονία,6,4.36192331738808e-05
2281,ἀξίως,6,4.36192331738808e-05
2282,τοιοῦτοι,6,4.36192331738808e-05
2283,σοφός,6,4.36192331738808e-05
2284,παρακαλοῦμεν,6,4.36192331738808e-05
2285,μιμηταί,6,4.36192331738808e-05
2286,ἔλθω,6,4.36192331738808e-05
2287,παρών,6,4.36192331738808e-05
2288,ἔνι,6,4.36192331738808e-05
2289,ἁμαρτάνει,6,4.36192331738808e-05
2290,γνώμην,6,4.36192331738808e-05
2291,νήπιος,6,4.36192331738808e-05
2292,ἀποκαλύψει,6,4.36192331738808e-05
2293,Ἐφέσῳ,6,4.36192331738808e-05
2294,σπουδήν,6,4.36192331738808e-05
2295,ἀνέχεσθε,6,4.36192331738808e-05
2296,στοιχεῖα,6,4.36192331738808e-05
2297,κλήσεως,6,4.36192331738808e-05
2298,δεσμοῖς,6,4.36192331738808e-05
2299,κρείττονος,6,4.36192331738808e-05
2300,χρυσοῦν,6,4.36192331738808e-05
2301,βιβλίου,6,4.36192331738808e-05
2302,καπνός,6,4.36192331738808e-05
2303,ἀβύσσου,6,4.36192331738808e-05
2304,θηρίῳ,6,4.36192331738808e-05
2305,Βαβυλών,6,4.36192331738808e-05
2306,πυλῶνες,6,4.36192331738808e-05
2307,Ἰεσσαί,5,3.6349360978234006e-05
2308,Βαβυλῶνος,5,3.6349360978234006e-05
2309,γενεαί,5,3.6349360978234006e-05
2310,ἐφάνη,5,3.6349360978234006e-05
2311,προσέταξε(ν),5,3.6349360978234006e-05
2312,ἐπυνθάνετο,5,3.6349360978234006e-05
2313,ἀκριβῶς,5,3.6349360978234006e-05
2314,ἀπαγγείλατε,5,3.6349360978234006e-05
2315,ἐχάρησαν,5,3.6349360978234006e-05
2316,ἴσθι,5,3.6349360978234006e-05
2317,ἐφοβήθη,5,3.6349360978234006e-05
2318,Ναζωραῖος,5,3.6349360978234006e-05
2319,ζώνην,5,3.6349360978234006e-05
2320,ἐβαπτίζοντο,5,3.6349360978234006e-05
2321,εὐδόκησα,5,3.6349360978234006e-05
2322,ῥήματι,5,3.6349360978234006e-05
2323,διηκόνουν,5,3.6349360978234006e-05
2324,ἁλιεῖς,5,3.6349360978234006e-05
2325,ἀκοή,5,3.6349360978234006e-05
2326,ἀνοίξας,5,3.6349360978234006e-05
2327,πτωχοί,5,3.6349360978234006e-05
2328,καταλῦσαι,5,3.6349360978234006e-05
2329,ὅτου,5,3.6349360978234006e-05
2330,ἀπολύσῃ,5,3.6349360978234006e-05
2331,μοιχᾶται,5,3.6349360978234006e-05
2332,περισσόν,5,3.6349360978234006e-05
2333,τέλειοι,5,3.6349360978234006e-05
2334,ποιῇς,5,3.6349360978234006e-05
2335,ἑστῶτες,5,3.6349360978234006e-05
2336,ἀφῆτε,5,3.6349360978234006e-05
2337,κυρίοις,5,3.6349360978234006e-05
2338,μεριμνᾶτε,5,3.6349360978234006e-05
2339,φάγητε,5,3.6349360978234006e-05
2340,φάγωμεν,5,3.6349360978234006e-05
2341,σῷ,5,3.6349360978234006e-05
2342,δοκόν,5,3.6349360978234006e-05
2343,ἔκβαλε,5,3.6349360978234006e-05
2344,ποσί(ν),5,3.6349360978234006e-05
2345,αἰτήσει,5,3.6349360978234006e-05
2346,πονηροί,5,3.6349360978234006e-05
2347,ὁδός,5,3.6349360978234006e-05
2348,ἀκανθῶν,5,3.6349360978234006e-05
2349,ἐροῦσι(ν),5,3.6349360978234006e-05
2350,ᾠκοδόμησε(ν),5,3.6349360978234006e-05
2351,πέτραν,5,3.6349360978234006e-05
2352,ἐτέλεσε(ν),5,3.6349360978234006e-05
2353,ὅρα,5,3.6349360978234006e-05
2354,στρατιώτας,5,3.6349360978234006e-05
2355,ἐθαύμασε(ν),5,3.6349360978234006e-05
2356,δυσμῶν,5,3.6349360978234006e-05
2357,ἐξέβαλε(ν),5,3.6349360978234006e-05
2358,γραμματεύς,5,3.6349360978234006e-05
2359,ὑπακούουσι(ν),5,3.6349360978234006e-05
2360,ἐξερχόμενοι,5,3.6349360978234006e-05
2361,χοίρους,5,3.6349360978234006e-05
2362,ἐμβάς,5,3.6349360978234006e-05
2363,παραλυτικῷ,5,3.6349360978234006e-05
2364,ἁμαρτωλούς,5,3.6349360978234006e-05
2365,χεῖρον,5,3.6349360978234006e-05
2366,κοράσιον,5,3.6349360978234006e-05
2367,κωφόν,5,3.6349360978234006e-05
2368,ἐκβάλῃ,5,3.6349360978234006e-05
2369,τελώνης,5,3.6349360978234006e-05
2370,Ἁλφαίου,5,3.6349360978234006e-05
2371,πήραν,5,3.6349360978234006e-05
2372,μείνατε,5,3.6349360978234006e-05
2373,κονιορτόν,5,3.6349360978234006e-05
2374,ἀνεκτότερον,5,3.6349360978234006e-05
2375,διδάσκαλον,5,3.6349360978234006e-05
2376,νύμφην,5,3.6349360978234006e-05
2377,Ἰωάννῃ,5,3.6349360978234006e-05
2378,βαπτιστοῦ,5,3.6349360978234006e-05
2379,Βηθσαϊδά,5,3.6349360978234006e-05
2380,ἄρατε,5,3.6349360978234006e-05
2381,ἀνάπαυσιν,5,3.6349360978234006e-05
2382,εὐδόκησε(ν),5,3.6349360978234006e-05
2383,ἑαυτῆς,5,3.6349360978234006e-05
2384,σταθήσεται,5,3.6349360978234006e-05
2385,ἐκβάλλω,5,3.6349360978234006e-05
2386,ἰσχυρόν,5,3.6349360978234006e-05
2387,Σολομῶνος,5,3.6349360978234006e-05
2388,βλέπουσι(ν),5,3.6349360978234006e-05
2389,προφητεία,5,3.6349360978234006e-05
2390,ἀκοῇ,5,3.6349360978234006e-05
2391,εἶδαν,5,3.6349360978234006e-05
2392,δή,5,3.6349360978234006e-05
2393,σίτου,5,3.6349360978234006e-05
2394,χόρτος,5,3.6349360978234006e-05
2395,σινάπεως,5,3.6349360978234006e-05
2396,ἀφείς,5,3.6349360978234006e-05
2397,γένους,5,3.6349360978234006e-05
2398,πατρίδι,5,3.6349360978234006e-05
2399,δοθῆναι,5,3.6349360978234006e-05
2400,ἤνεγκε(ν),5,3.6349360978234006e-05
2401,ἔρημος,5,3.6349360978234006e-05
2402,βρώματα,5,3.6349360978234006e-05
2403,πλήρεις,5,3.6349360978234006e-05
2404,περιπατοῦντα,5,3.6349360978234006e-05
2405,ὕδατα,5,3.6349360978234006e-05
2406,ἐπιγνόντες,5,3.6349360978234006e-05
2407,νοεῖτε,5,3.6349360978234006e-05
2408,κοιλίαν,5,3.6349360978234006e-05
2409,Τύρου,5,3.6349360978234006e-05
2410,ἔκραζε(ν),5,3.6349360978234006e-05
2411,κράζει,5,3.6349360978234006e-05
2412,ἐλθοῦσα,5,3.6349360978234006e-05
2413,πόσους,5,3.6349360978234006e-05
2414,Σαδδουκαῖοι,5,3.6349360978234006e-05
2415,πειράζοντες,5,3.6349360978234006e-05
2416,διελογίζοντο,5,3.6349360978234006e-05
2417,διδαχῆς,5,3.6349360978234006e-05
2418,ἐγερθῆναι,5,3.6349360978234006e-05
2419,νεφέλη,5,3.6349360978234006e-05
2420,νεφέλης,5,3.6349360978234006e-05
2421,πίπτει,5,3.6349360978234006e-05
2422,ἐρεῖτε,5,3.6349360978234006e-05
2423,λαμβάνοντες,5,3.6349360978234006e-05
2424,ἐννέα,5,3.6349360978234006e-05
2425,εὑρεῖν,5,3.6349360978234006e-05
2426,δούλων,5,3.6349360978234006e-05
2427,ἔχοντος,5,3.6349360978234006e-05
2428,ἄρσεν,5,3.6349360978234006e-05
2429,δυνάμενος,5,3.6349360978234006e-05
2430,ἐπιθείς,5,3.6349360978234006e-05
2431,σχῶ,5,3.6349360978234006e-05
2432,θησαυρόν,5,3.6349360978234006e-05
2433,ἀδελφάς,5,3.6349360978234006e-05
2434,ἐνάτην,5,3.6349360978234006e-05
2435,δηνάριον,5,3.6349360978234006e-05
2436,πωλοῦντας,5,3.6349360978234006e-05
2437,συκῆ,5,3.6349360978234006e-05
2438,αἰτήσητε,5,3.6349360978234006e-05
2439,λήμψεσθε,5,3.6349360978234006e-05
2440,ἐρωτήσω,5,3.6349360978234006e-05
2441,οἰκοδεσπότης,5,3.6349360978234006e-05
2442,γεωργοῖς,5,3.6349360978234006e-05
2443,ἀπεδήμησε(ν),5,3.6349360978234006e-05
2444,γεωργούς,5,3.6349360978234006e-05
2445,γεωργοί,5,3.6349360978234006e-05
2446,καιροῖς,5,3.6349360978234006e-05
2447,πέσῃ,5,3.6349360978234006e-05
2448,ἐκείνους,5,3.6349360978234006e-05
2449,γάμος,5,3.6349360978234006e-05
2450,ἐπλήσθη,5,3.6349360978234006e-05
2451,ἀπόδοτε,5,3.6349360978234006e-05
2452,ἔσχον,5,3.6349360978234006e-05
2453,ζώντων,5,3.6349360978234006e-05
2454,διανοίᾳ,5,3.6349360978234006e-05
2455,θῶ,5,3.6349360978234006e-05
2456,θυσιαστηρίῳ,5,3.6349360978234006e-05
2457,ἤμεθα,5,3.6349360978234006e-05
2458,ἀφίεται,5,3.6349360978234006e-05
2459,τόπους,5,3.6349360978234006e-05
2460,ψευδοπροφῆται,5,3.6349360978234006e-05
2461,καταβάτω,5,3.6349360978234006e-05
2462,ἐκεῖναι,5,3.6349360978234006e-05
2463,δώσουσι(ν),5,3.6349360978234006e-05
2464,σελήνη,5,3.6349360978234006e-05
2465,ἀστέρες,5,3.6349360978234006e-05
2466,σάλπιγγος,5,3.6349360978234006e-05
2467,κατέστησε(ν),5,3.6349360978234006e-05
2468,ποιοῦντα,5,3.6349360978234006e-05
2469,νυμφίου,5,3.6349360978234006e-05
2470,ἰδίους,5,3.6349360978234006e-05
2471,εὖ,5,3.6349360978234006e-05
2472,ἀγαθέ,5,3.6349360978234006e-05
2473,θερίζων,5,3.6349360978234006e-05
2474,ὅλῳ,5,3.6349360978234006e-05
2475,εὐλογήσας,5,3.6349360978234006e-05
2476,ἀλέκτορα,5,3.6349360978234006e-05
2477,προσευχόμενος,5,3.6349360978234006e-05
2478,καθεύδοντας,5,3.6349360978234006e-05
2479,μαχαιρῶν,5,3.6349360978234006e-05
2480,ξύλων,5,3.6349360978234006e-05
2481,χαῖρε,5,3.6349360978234006e-05
2482,μαχαίρῃ,5,3.6349360978234006e-05
2483,πληρωθῶσι(ν),5,3.6349360978234006e-05
2484,παιδίσκη,5,3.6349360978234006e-05
2485,πρεσβυτέροις,5,3.6349360978234006e-05
2486,ἡγεμόνος,5,3.6349360978234006e-05
2487,δέσμιον,5,3.6349360978234006e-05
2488,ἀπέναντι,5,3.6349360978234006e-05
2489,ἄρῃ,5,3.6349360978234006e-05
2490,κλῆρον,5,3.6349360978234006e-05
2491,ἴδωμεν,5,3.6349360978234006e-05
2492,μνημείῳ,5,3.6349360978234006e-05
2493,ἐβαπτίσθη,5,3.6349360978234006e-05
2494,οὐρανούς,5,3.6349360978234006e-05
2495,πεπλήρωται,5,3.6349360978234006e-05
2496,ἀκαθάρτῳ,5,3.6349360978234006e-05
2497,πνεύμασι(ν),5,3.6349360978234006e-05
2498,προσηύχετο,5,3.6349360978234006e-05
2499,καθαρισμοῦ,5,3.6349360978234006e-05
2500,ἐπιγνούς,5,3.6349360978234006e-05
2501,ἄρας,5,3.6349360978234006e-05
2502,παλαιόν,5,3.6349360978234006e-05
2503,ἔσχε(ν),5,3.6349360978234006e-05
2504,ἔφαγε(ν),5,3.6349360978234006e-05
2505,περιβλεψάμενος,5,3.6349360978234006e-05
2506,ἐπέθηκε(ν),5,3.6349360978234006e-05
2507,δυνήσεται,5,3.6349360978234006e-05
2508,γνώσεσθε,5,3.6349360978234006e-05
2509,πεποίηκε(ν),5,3.6349360978234006e-05
2510,οὖσα,5,3.6349360978234006e-05
2511,προσέπεσε(ν),5,3.6349360978234006e-05
2512,ἐξέστησαν,5,3.6349360978234006e-05
2513,πασῶν,5,3.6349360978234006e-05
2514,γνόντες,5,3.6349360978234006e-05
2515,ἐμέρισε(ν),5,3.6349360978234006e-05
2516,γένει,5,3.6349360978234006e-05
2517,ἐπιλαβόμενος,5,3.6349360978234006e-05
2518,βλέπω,5,3.6349360978234006e-05
2519,ἁμαρτωλῷ,5,3.6349360978234006e-05
2520,ἀπιστίᾳ,5,3.6349360978234006e-05
2521,ἀναστήσεται,5,3.6349360978234006e-05
2522,γράψαι,5,3.6349360978234006e-05
2523,εἰσελεύσονται,5,3.6349360978234006e-05
2524,ἀνέβλεψε(ν),5,3.6349360978234006e-05
2525,δῶμεν,5,3.6349360978234006e-05
2526,προφάσει,5,3.6349360978234006e-05
2527,ἀκούσητε,5,3.6349360978234006e-05
2528,παρελεύσονται,5,3.6349360978234006e-05
2529,ἐξαίφνης,5,3.6349360978234006e-05
2530,εὕρῃ,5,3.6349360978234006e-05
2531,φάγω,5,3.6349360978234006e-05
2532,ἔφυγε(ν),5,3.6349360978234006e-05
2533,σταύρωσον,5,3.6349360978234006e-05
2534,αἵ,5,3.6349360978234006e-05
2535,ἀνελήμφθη,5,3.6349360978234006e-05
2536,κἀμοί,5,3.6349360978234006e-05
2537,καθεξῆς,5,3.6349360978234006e-05
2538,Ἀαρών,5,3.6349360978234006e-05
2539,ἀπειθεῖς,5,3.6349360978234006e-05
2540,λειτουργίας,5,3.6349360978234006e-05
2541,παρθένον,5,3.6349360978234006e-05
2542,παιδός,5,3.6349360978234006e-05
2543,ἐλέους,5,3.6349360978234006e-05
2544,συγγενεῖς,5,3.6349360978234006e-05
2545,καλεῖται,5,3.6349360978234006e-05
2546,ἐπορεύοντο,5,3.6349360978234006e-05
2547,ἦλθαν,5,3.6349360978234006e-05
2548,ἴδῃ,5,3.6349360978234006e-05
2549,ἑορτῆς,5,3.6349360978234006e-05
2550,Λευί,5,3.6349360978234006e-05
2551,λιμός,5,3.6349360978234006e-05
2552,ἀκαθάρτου,5,3.6349360978234006e-05
2553,μεγάλῳ,5,3.6349360978234006e-05
2554,μήγε,5,3.6349360978234006e-05
2555,κατηγορεῖν,5,3.6349360978234006e-05
2556,ἐπάρας,5,3.6349360978234006e-05
2557,ἀγαπῶσι(ν),5,3.6349360978234006e-05
2558,ἴσχυσε(ν),5,3.6349360978234006e-05
2559,ἑξῆς,5,3.6349360978234006e-05
2560,εἴδετε,5,3.6349360978234006e-05
2561,ὑπαρχόντων,5,3.6349360978234006e-05
2562,χρόνῳ,5,3.6349360978234006e-05
2563,ὑπῆρχε(ν),5,3.6349360978234006e-05
2564,ὑπάγειν,5,3.6349360978234006e-05
2565,νεφέλην,5,3.6349360978234006e-05
2566,παῖδα,5,3.6349360978234006e-05
2567,ἐδέξαντο,5,3.6349360978234006e-05
2568,ἑβδομήκοντα,5,3.6349360978234006e-05
2569,πλατείας,5,3.6349360978234006e-05
2570,ὑποτάσσεται,5,3.6349360978234006e-05
2571,δέδωκα,5,3.6349360978234006e-05
2572,ἐρωτᾷ,5,3.6349360978234006e-05
2573,περιπατοῦντες,5,3.6349360978234006e-05
2574,πλειόνων,5,3.6349360978234006e-05
2575,περισσεύειν,5,3.6349360978234006e-05
2576,πληγῶν,5,3.6349360978234006e-05
2577,ὑπάγεις,5,3.6349360978234006e-05
2578,ποιούμενος,5,3.6349360978234006e-05
2579,ἀρχόντων,5,3.6349360978234006e-05
2580,Φαρισαίους,5,3.6349360978234006e-05
2581,θεωροῦντες,5,3.6349360978234006e-05
2582,φωνήσας,5,3.6349360978234006e-05
2583,κόπον,5,3.6349360978234006e-05
2584,μνᾶς,5,3.6349360978234006e-05
2585,γίνου,5,3.6349360978234006e-05
2586,ἀπεσταλμένοι,5,3.6349360978234006e-05
2587,ἐπέστησαν,5,3.6349360978234006e-05
2588,ἐξαπέστειλαν,5,3.6349360978234006e-05
2589,ἀρχῇ,5,3.6349360978234006e-05
2590,βλασφημοῦντες,5,3.6349360978234006e-05
2591,οὐθέν,5,3.6349360978234006e-05
2592,ἐπιλαβόμενοι,5,3.6349360978234006e-05
2593,δικαίως,5,3.6349360978234006e-05
2594,ἐμνήσθησαν,5,3.6349360978234006e-05
2595,πιστεύειν,5,3.6349360978234006e-05
2596,ἄρτου,5,3.6349360978234006e-05
2597,λαλούντων,5,3.6349360978234006e-05
2598,ἐξήγαγε(ν),5,3.6349360978234006e-05
2599,σεαυτοῦ,5,3.6349360978234006e-05
2600,ᾔδειν,5,3.6349360978234006e-05
2601,ἐμαρτύρησε(ν),5,3.6349360978234006e-05
2602,Κηφᾶς,5,3.6349360978234006e-05
2603,ἐφανέρωσε(ν),5,3.6349360978234006e-05
2604,Νικόδημος,5,3.6349360978234006e-05
2605,ἑωράκαμεν,5,3.6349360978234006e-05
2606,λαμβάνετε,5,3.6349360978234006e-05
2607,κρίνεται,5,3.6349360978234006e-05
2608,Ἰουδαίου,5,3.6349360978234006e-05
2609,πεῖν,5,3.6349360978234006e-05
2610,τοιούτους,5,3.6349360978234006e-05
2611,προσκυνοῦντας,5,3.6349360978234006e-05
2612,ἀποθνῄσκειν,5,3.6349360978234006e-05
2613,ἀσθενείᾳ,5,3.6349360978234006e-05
2614,ἐργάζεται,5,3.6349360978234006e-05
2615,μεμαρτύρηκε(ν),5,3.6349360978234006e-05
2616,ἀριθμόν,5,3.6349360978234006e-05
2617,κατέβησαν,5,3.6349360978234006e-05
2618,μένουσαν,5,3.6349360978234006e-05
2619,διδούς,5,3.6349360978234006e-05
2620,τρώγων,5,3.6349360978234006e-05
2621,Ἕλληνας,5,3.6349360978234006e-05
2622,πηλόν,5,3.6349360978234006e-05
2623,βλέπομεν,5,3.6349360978234006e-05
2624,τίθημι,5,3.6349360978234006e-05
2625,θεοί,5,3.6349360978234006e-05
2626,ἠγάπα,5,3.6349360978234006e-05
2627,ἀδελφήν,5,3.6349360978234006e-05
2628,ἤκουσας,5,3.6349360978234006e-05
2629,Φιλίππῳ,5,3.6349360978234006e-05
2630,μισῶν,5,3.6349360978234006e-05
2631,ποίῳ,5,3.6349360978234006e-05
2632,κρινεῖ,5,3.6349360978234006e-05
2633,λαλήσω,5,3.6349360978234006e-05
2634,δοξάσει,5,3.6349360978234006e-05
2635,αὑτῷ,5,3.6349360978234006e-05
2636,ἠγάπησα,5,3.6349360978234006e-05
2637,ἀγαπῶ,5,3.6349360978234006e-05
2638,ποιήσουσι(ν),5,3.6349360978234006e-05
2639,λύπη,5,3.6349360978234006e-05
2640,λύπην,5,3.6349360978234006e-05
2641,σεαυτῷ,5,3.6349360978234006e-05
2642,ἀπώλετο,5,3.6349360978234006e-05
2643,ἀπωλείας,5,3.6349360978234006e-05
2644,ἠγάπησας,5,3.6349360978234006e-05
2645,κρίνατε,5,3.6349360978234006e-05
2646,ἐσταυρώθη,5,3.6349360978234006e-05
2647,στρατιωτῶν,5,3.6349360978234006e-05
2648,πλευράν,5,3.6349360978234006e-05
2649,λευκοῖς,5,3.6349360978234006e-05
2650,μένειν,5,3.6349360978234006e-05
2651,ἀποθνῄσκει,5,3.6349360978234006e-05
2652,ἅτινα,5,3.6349360978234006e-05
2653,καιρούς,5,3.6349360978234006e-05
2654,ἐσχάτου,5,3.6349360978234006e-05
2655,προσκαρτεροῦντες,5,3.6349360978234006e-05
2656,κατοικοῦσι(ν),5,3.6349360978234006e-05
2657,προσευξάμενοι,5,3.6349360978234006e-05
2658,Ἀσίαν,5,3.6349360978234006e-05
2659,καπνοῦ,5,3.6349360978234006e-05
2660,παρρησίας,5,3.6349360978234006e-05
2661,εἰσελθόντες,5,3.6349360978234006e-05
2662,χρείας,5,3.6349360978234006e-05
2663,Κιλικίας,5,3.6349360978234006e-05
2664,δείξω,5,3.6349360978234006e-05
2665,ἐπηγγείλατο,5,3.6349360978234006e-05
2666,διαθήκην,5,3.6349360978234006e-05
2667,Φαραώ,5,3.6349360978234006e-05
2668,ἐπιούσῃ,5,3.6349360978234006e-05
2669,διῆλθον,5,3.6349360978234006e-05
2670,μετανόησον,5,3.6349360978234006e-05
2671,εὐνοῦχος,5,3.6349360978234006e-05
2672,ζῶσαν,5,3.6349360978234006e-05
2673,Κορνήλιος,5,3.6349360978234006e-05
2674,τέσσαρσι(ν),5,3.6349360978234006e-05
2675,διακρινόμενος,5,3.6349360978234006e-05
2676,ἐπίστασθε,5,3.6349360978234006e-05
2677,ἱκανοί,5,3.6349360978234006e-05
2678,ἀπέχεσθαι,5,3.6349360978234006e-05
2679,Ἀσίᾳ,5,3.6349360978234006e-05
2680,ποταμόν,5,3.6349360978234006e-05
2681,ξύλον,5,3.6349360978234006e-05
2682,Ἕλλησι(ν),5,3.6349360978234006e-05
2683,ἐμαυτῷ,5,3.6349360978234006e-05
2684,ἀέρα,5,3.6349360978234006e-05
2685,εὐχαριστίας,5,3.6349360978234006e-05
2686,κρίνεσθαι,5,3.6349360978234006e-05
2687,Ἀγρίππας,5,3.6349360978234006e-05
2688,ψυχῶν,5,3.6349360978234006e-05
2689,ἔπαθε(ν),5,3.6349360978234006e-05
2690,παρεκάλεσα,5,3.6349360978234006e-05
2691,κλητοῖς,5,3.6349360978234006e-05
2692,προσευχῶν,5,3.6349360978234006e-05
2693,ἀδικίᾳ,5,3.6349360978234006e-05
2694,ὁμοιώματι,5,3.6349360978234006e-05
2695,φύσιν,5,3.6349360978234006e-05
2696,γονεῦσι(ν),5,3.6349360978234006e-05
2697,ἀφθαρσίαν,5,3.6349360978234006e-05
2698,φύσει,5,3.6349360978234006e-05
2699,δικαιώματα,5,3.6349360978234006e-05
2700,λογίζεται,5,3.6349360978234006e-05
2701,περιτομῇ,5,3.6349360978234006e-05
2702,κληρονόμοι,5,3.6349360978234006e-05
2703,ἐφάπαξ,5,3.6349360978234006e-05
2704,ὑπακούετε,5,3.6349360978234006e-05
2705,μέλεσι(ν),5,3.6349360978234006e-05
2706,ἐπιθυμίαν,5,3.6349360978234006e-05
2707,λογίζομαι,5,3.6349360978234006e-05
2708,ἐλευθερίαν,5,3.6349360978234006e-05
2709,πέπεισμαι,5,3.6349360978234006e-05
2710,ἀνάθεμα,5,3.6349360978234006e-05
2711,ἐκλογήν,5,3.6349360978234006e-05
2712,ἀκοῆς,5,3.6349360978234006e-05
2713,τιμῇ,5,3.6349360978234006e-05
2714,τέλους,5,3.6349360978234006e-05
2715,συνεργοί,5,3.6349360978234006e-05
2716,πιστόν,5,3.6349360978234006e-05
2717,ῥάβδῳ,5,3.6349360978234006e-05
2718,πραΰτητος,5,3.6349360978234006e-05
2719,ἀπών,5,3.6349360978234006e-05
2720,ἐπιταγήν,5,3.6349360978234006e-05
2721,κρεῖττον,5,3.6349360978234006e-05
2722,μενέτω,5,3.6349360978234006e-05
2723,κερδήσω,5,3.6349360978234006e-05
2724,γέγονα,5,3.6349360978234006e-05
2725,γλωσσῶν,5,3.6349360978234006e-05
2726,μέλος,5,3.6349360978234006e-05
2727,ζηλοῦτε,5,3.6349360978234006e-05
2728,ἀπίστοις,5,3.6349360978234006e-05
2729,παρελάβετε,5,3.6349360978234006e-05
2730,ὑποταγῇ,5,3.6349360978234006e-05
2731,ἀστέρων,5,3.6349360978234006e-05
2732,ὑστέρημα,5,3.6349360978234006e-05
2733,δεήσει,5,3.6349360978234006e-05
2734,πεποιθώς,5,3.6349360978234006e-05
2735,τοιοῦτος,5,3.6349360978234006e-05
2736,νοήματα,5,3.6349360978234006e-05
2737,Τίτου,5,3.6349360978234006e-05
2738,εὐλογίαν,5,3.6349360978234006e-05
2739,θερίσει,5,3.6349360978234006e-05
2740,καυχήσομαι,5,3.6349360978234006e-05
2741,ἀδόκιμοι,5,3.6349360978234006e-05
2742,ἀναστροφήν,5,3.6349360978234006e-05
2743,γεγέννηται,5,3.6349360978234006e-05
2744,ἐπουρανίοις,5,3.6349360978234006e-05
2745,ἐγενήθητε,5,3.6349360978234006e-05
2746,ἀγῶνα,5,3.6349360978234006e-05
2747,καίπερ,5,3.6349360978234006e-05
2748,στέφανος,5,3.6349360978234006e-05
2749,ἁγιασμῷ,5,3.6349360978234006e-05
2750,χρυσίῳ,5,3.6349360978234006e-05
2751,ἀναστροφῆς,5,3.6349360978234006e-05
2752,πένθος,5,3.6349360978234006e-05
2753,χρυσᾶς,5,3.6349360978234006e-05
2754,φιάλας,5,3.6349360978234006e-05
2755,ᾠδήν,5,3.6349360978234006e-05
2756,ἀρνίῳ,5,3.6349360978234006e-05
2757,ἵππος,5,3.6349360978234006e-05
2758,λάθρᾳ,4,2.9079488782587203e-05
2759,ὕπνου,4,2.9079488782587203e-05
2760,παρέλαβε(ν),4,2.9079488782587203e-05
2761,ἐγίνωσκε(ν),4,2.9079488782587203e-05
2762,ἔτεκε(ν),4,2.9079488782587203e-05
2763,ἀνατολῶν,4,2.9079488782587203e-05
2764,παρεγένοντο,4,2.9079488782587203e-05
2765,ἀστέρα,4,2.9079488782587203e-05
2766,ποιμανεῖ,4,2.9079488782587203e-05
2767,ἐπορεύθησαν,4,2.9079488782587203e-05
2768,ἀστήρ,4,2.9079488782587203e-05
2769,ἐστάθη,4,2.9079488782587203e-05
2770,χρυσόν,4,2.9079488782587203e-05
2771,φαίνεται,4,2.9079488782587203e-05
2772,ἠκούσθη,4,2.9079488782587203e-05
2773,Αἰγύπτῳ,4,2.9079488782587203e-05
2774,λεγομένην,4,2.9079488782587203e-05
2775,Ναζαρέτ,4,2.9079488782587203e-05
2776,βαπτιστής,4,2.9079488782587203e-05
2777,βοῶντος,4,2.9079488782587203e-05
2778,εὐθείας,4,2.9079488782587203e-05
2779,ἔνδυμα,4,2.9079488782587203e-05
2780,μέλι,4,2.9079488782587203e-05
2781,γεννήματα,4,2.9079488782587203e-05
2782,ἐχιδνῶν,4,2.9079488782587203e-05
2783,δένδρων,4,2.9079488782587203e-05
2784,ἰσχυρότερος,4,2.9079488782587203e-05
2785,ὑποδήματα,4,2.9079488782587203e-05
2786,βαστάσαι,4,2.9079488782587203e-05
2787,ἀφίησι(ν),4,2.9079488782587203e-05
2788,ἠνεῴχθησαν,4,2.9079488782587203e-05
2789,περιστεράν,4,2.9079488782587203e-05
2790,νύκτας,4,2.9079488782587203e-05
2791,πειράζων,4,2.9079488782587203e-05
2792,λίθοι,4,2.9079488782587203e-05
2793,ἄρτοι,4,2.9079488782587203e-05
2794,γένωνται,4,2.9079488782587203e-05
2795,ἀροῦσι(ν),4,2.9079488782587203e-05
2796,παρεδόθη,4,2.9079488782587203e-05
2797,καθημένοις,4,2.9079488782587203e-05
2798,Ἀνδρέαν,4,2.9079488782587203e-05
2799,κληρονομήσουσι(ν),4,2.9079488782587203e-05
2800,καθαροί,4,2.9079488782587203e-05
2801,ἰσχύει,4,2.9079488782587203e-05
2802,λύχνον,4,2.9079488782587203e-05
2803,λυχνίαν,4,2.9079488782587203e-05
2804,ἐλαχίστων,4,2.9079488782587203e-05
2805,δεξιά,4,2.9079488782587203e-05
2806,γαμήσῃ,4,2.9079488782587203e-05
2807,ὅλως,4,2.9079488782587203e-05
2808,κεφαλῇ,4,2.9079488782587203e-05
2809,ἀντιστῆναι,4,2.9079488782587203e-05
2810,δεξιάν,4,2.9079488782587203e-05
2811,χιτῶνα,4,2.9079488782587203e-05
2812,ἥλιον,4,2.9079488782587203e-05
2813,εἴσελθε,4,2.9079488782587203e-05
2814,βρῶσις,4,2.9079488782587203e-05
2815,κλέπται,4,2.9079488782587203e-05
2816,φωτεινόν,4,2.9079488782587203e-05
2817,ἀγαπήσει,4,2.9079488782587203e-05
2818,ἐνδύσησθε,4,2.9079488782587203e-05
2819,διαφέρετε,4,2.9079488782587203e-05
2820,ἡλικίαν,4,2.9079488782587203e-05
2821,ὀλιγόπιστοι,4,2.9079488782587203e-05
2822,μεριμνήσητε,4,2.9079488782587203e-05
2823,μέτρῳ,4,2.9079488782587203e-05
2824,ἐρεῖς,4,2.9079488782587203e-05
2825,ἐκβαλεῖν,4,2.9079488782587203e-05
2826,αἰτεῖτε,4,2.9079488782587203e-05
2827,ἀνοιγήσεται,4,2.9079488782587203e-05
2828,ἐπιδώσει,4,2.9079488782587203e-05
2829,θέλητε,4,2.9079488782587203e-05
2830,ποιῶσι(ν),4,2.9079488782587203e-05
2831,προσεκύνει,4,2.9079488782587203e-05
2832,θέλῃς,4,2.9079488782587203e-05
2833,εἴπῃς,4,2.9079488782587203e-05
2834,εἰσέλθῃς,4,2.9079488782587203e-05
2835,πορεύθητι,4,2.9079488782587203e-05
2836,ἑκατοντάρχῃ,4,2.9079488782587203e-05
2837,ἰάθη,4,2.9079488782587203e-05
2838,διηκόνει,4,2.9079488782587203e-05
2839,ἐπίτρεψον,4,2.9079488782587203e-05
2840,θάψαι,4,2.9079488782587203e-05
2841,παρελθεῖν,4,2.9079488782587203e-05
2842,κλίνης,4,2.9079488782587203e-05
2843,θάρσει,4,2.9079488782587203e-05
2844,ἀφίενται,4,2.9079488782587203e-05
2845,κλίνην,4,2.9079488782587203e-05
2846,ἐδόξασαν,4,2.9079488782587203e-05
2847,παράγων,4,2.9079488782587203e-05
2848,μάθετε,4,2.9079488782587203e-05
2849,καλέσαι,4,2.9079488782587203e-05
2850,νηστεύουσι(ν),4,2.9079488782587203e-05
2851,ἐπίβλημα,4,2.9079488782587203e-05
2852,βάλλουσι(ν),4,2.9079488782587203e-05
2853,ἀσκοί,4,2.9079488782587203e-05
2854,οἶνος,4,2.9079488782587203e-05
2855,καινούς,4,2.9079488782587203e-05
2856,ἐτελεύτησε(ν),4,2.9079488782587203e-05
2857,κρασπέδου,4,2.9079488782587203e-05
2858,ἐσώθη,4,2.9079488782587203e-05
2859,κράζοντες,4,2.9079488782587203e-05
2860,δαιμονίου,4,2.9079488782587203e-05
2861,κωφός,4,2.9079488782587203e-05
2862,ἄρχοντι,4,2.9079488782587203e-05
2863,ἐργάται,4,2.9079488782587203e-05
2864,θερισμοῦ,4,2.9079488782587203e-05
2865,ἀκαθάρτων,4,2.9079488782587203e-05
2866,Ἰσκαριώτης,4,2.9079488782587203e-05
2867,παραδούς,4,2.9079488782587203e-05
2868,παραγγείλας,4,2.9079488782587203e-05
2869,Σαμαριτῶν,4,2.9079488782587203e-05
2870,ἀσθενοῦντας,4,2.9079488782587203e-05
2871,Σοδόμων,4,2.9079488782587203e-05
2872,μισούμενοι,4,2.9079488782587203e-05
2873,φοβηθῆτε,4,2.9079488782587203e-05
2874,κρυπτόν,4,2.9079488782587203e-05
2875,γνωσθήσεται,4,2.9079488782587203e-05
2876,δυνάμενον,4,2.9079488782587203e-05
2877,θυγατέρα,4,2.9079488782587203e-05
2878,φιλῶν,4,2.9079488782587203e-05
2879,ἀκολουθεῖ,4,2.9079488782587203e-05
2880,δεχόμενος,4,2.9079488782587203e-05
2881,ἀποστείλαντα,4,2.9079488782587203e-05
2882,προσδοκῶμεν,4,2.9079488782587203e-05
2883,χωλοί,4,2.9079488782587203e-05
2884,λεπροί,4,2.9079488782587203e-05
2885,πορευομένων,4,2.9079488782587203e-05
2886,θεάσασθαι,4,2.9079488782587203e-05
2887,ὁμοιώσω,4,2.9079488782587203e-05
2888,γενεάν,4,2.9079488782587203e-05
2889,Τύρῳ,4,2.9079488782587203e-05
2890,Σιδῶνι,4,2.9079488782587203e-05
2891,γενόμεναι,4,2.9079488782587203e-05
2892,ᾅδου,4,2.9079488782587203e-05
2893,σοφῶν,4,2.9079488782587203e-05
2894,ζυγόν,4,2.9079488782587203e-05
2895,χρηστός,4,2.9079488782587203e-05
2896,προθέσεως,4,2.9079488782587203e-05
2897,ξηράν,4,2.9079488782587203e-05
2898,διαφέρει,4,2.9079488782587203e-05
2899,ἀπολέσωσι(ν),4,2.9079488782587203e-05
2900,ποιήσωσι(ν),4,2.9079488782587203e-05
2901,νῖκος,4,2.9079488782587203e-05
2902,Σατανᾶν,4,2.9079488782587203e-05
2903,ἔφθασε(ν),4,2.9079488782587203e-05
2904,βλασφημία,4,2.9079488782587203e-05
2905,μέλλοντι,4,2.9079488782587203e-05
2906,καρποῦ,4,2.9079488782587203e-05
2907,θησαυροῦ,4,2.9079488782587203e-05
2908,ἀναστήσονται,4,2.9079488782587203e-05
2909,κατακρινοῦσι(ν),4,2.9079488782587203e-05
2910,ἕτερα,4,2.9079488782587203e-05
2911,εἰσελθόντα,4,2.9079488782587203e-05
2912,ἔσχατα,4,2.9079488782587203e-05
2913,σπείρειν,4,2.9079488782587203e-05
2914,κατέφαγε(ν),4,2.9079488782587203e-05
2915,λαλεῖς,4,2.9079488782587203e-05
2916,μυστήρια,4,2.9079488782587203e-05
2917,σπαρείς,4,2.9079488782587203e-05
2918,ἀμφότερα,4,2.9079488782587203e-05
2919,ζύμῃ,4,2.9079488782587203e-05
2920,ἀποστελεῖ,4,2.9079488782587203e-05
2921,σκάνδαλα,4,2.9079488782587203e-05
2922,οἰκοδεσπότῃ,4,2.9079488782587203e-05
2923,παραβολάς,4,2.9079488782587203e-05
2924,ἀπιστίαν,4,2.9079488782587203e-05
2925,ἔδησε(ν),4,2.9079488782587203e-05
2926,ὡμολόγησε(ν),4,2.9079488782587203e-05
2927,πίνακι,4,2.9079488782587203e-05
2928,κλάσας,4,2.9079488782587203e-05
2929,κοφίνους,4,2.9079488782587203e-05
2930,ἐσθίοντες,4,2.9079488782587203e-05
2931,πεντακισχίλιοι,4,2.9079488782587203e-05
2932,παιδίων,4,2.9079488782587203e-05
2933,σταδίους,4,2.9079488782587203e-05
2934,περίχωρον,4,2.9079488782587203e-05
2935,ἐπροφήτευσε(ν),4,2.9079488782587203e-05
2936,συνίετε,4,2.9079488782587203e-05
2937,ἐφύτευσε(ν),4,2.9079488782587203e-05
2938,τυφλῶν,4,2.9079488782587203e-05
2939,πεσοῦνται,4,2.9079488782587203e-05
2940,κἀκεῖνα,4,2.9079488782587203e-05
2941,διαλογισμοί,4,2.9079488782587203e-05
2942,τυφλούς,4,2.9079488782587203e-05
2943,χωλούς,4,2.9079488782587203e-05
2944,ἑτέρους,4,2.9079488782587203e-05
2945,τοσοῦτον,4,2.9079488782587203e-05
2946,ὅρια,4,2.9079488782587203e-05
2947,διαλογίζεσθε,4,2.9079488782587203e-05
2948,προσέχειν,4,2.9079488782587203e-05
2949,διεστείλατο,4,2.9079488782587203e-05
2950,ἀράτω,4,2.9079488782587203e-05
2951,ἀκολουθείτω,4,2.9079488782587203e-05
2952,σκηνάς,4,2.9079488782587203e-05
2953,Ἠλίᾳ,4,2.9079488782587203e-05
2954,ἐπέγνωσαν,4,2.9079488782587203e-05
2955,πάσχειν,4,2.9079488782587203e-05
2956,λαμβάνουσι(ν),4,2.9079488782587203e-05
2957,ἀλλοτρίων,4,2.9079488782587203e-05
2958,ταπεινώσει,4,2.9079488782587203e-05
2959,πιστευόντων,4,2.9079488782587203e-05
2960,βληθῆναι,4,2.9079488782587203e-05
2961,ἐνενήκοντα,4,2.9079488782587203e-05
2962,ἑπτάκις,4,2.9079488782587203e-05
2963,ἀποδοῦναι,4,2.9079488782587203e-05
2964,σύνδουλος,4,2.9079488782587203e-05
2965,καρδιῶν,4,2.9079488782587203e-05
2966,ἕνεκα,4,2.9079488782587203e-05
2967,πορνείᾳ,4,2.9079488782587203e-05
2968,ἕξεις,4,2.9079488782587203e-05
2969,κάμηλον,4,2.9079488782587203e-05
2970,θρόνους,4,2.9079488782587203e-05
2971,δηναρίου,4,2.9079488782587203e-05
2972,ἑστήκατε,4,2.9079488782587203e-05
2973,λήμψονται,4,2.9079488782587203e-05
2974,βάρος,4,2.9079488782587203e-05
2975,σόν,4,2.9079488782587203e-05
2976,ἀναβαίνων,4,2.9079488782587203e-05
2977,αἰτεῖσθε,4,2.9079488782587203e-05
2978,πίνειν,4,2.9079488782587203e-05
2979,μεγάλοι,4,2.9079488782587203e-05
2980,ὄνον,4,2.9079488782587203e-05
2981,ἀκολουθοῦντες,4,2.9079488782587203e-05
2982,ὑψίστοις,4,2.9079488782587203e-05
2983,περιστεράς,4,2.9079488782587203e-05
2984,σπήλαιον,4,2.9079488782587203e-05
2985,λῃστῶν,4,2.9079488782587203e-05
2986,ἀκούεις,4,2.9079488782587203e-05
2987,συκῆς,4,2.9079488782587203e-05
2988,πρώτῳ,4,2.9079488782587203e-05
2989,ἀποκτείνωμεν,4,2.9079488782587203e-05
2990,γραφαῖς,4,2.9079488782587203e-05
2991,ἀπεδοκίμασαν,4,2.9079488782587203e-05
2992,οἰκοδομοῦντες,4,2.9079488782587203e-05
2993,κρατῆσαι,4,2.9079488782587203e-05
2994,ἀπώλεσε(ν),4,2.9079488782587203e-05
2995,ἄξιοι,4,2.9079488782587203e-05
2996,συνήγαγον,4,2.9079488782587203e-05
2997,ἀνακειμένων,4,2.9079488782587203e-05
2998,πειράζετε,4,2.9079488782587203e-05
2999,ἐπιγραφή,4,2.9079488782587203e-05
3000,γαμοῦσι(ν),4,2.9079488782587203e-05
3001,ὅλος,4,2.9079488782587203e-05
3002,καλεῖ,4,2.9079488782587203e-05
3003,ἀσπασμούς,4,2.9079488782587203e-05
3004,ταπεινωθήσεται,4,2.9079488782587203e-05
3005,ὀμόσῃ,4,2.9079488782587203e-05
3006,ποτηρίου,4,2.9079488782587203e-05
3007,ἀνομίας,4,2.9079488782587203e-05
3008,οἰκοδομεῖτε,4,2.9079488782587203e-05
3009,μνημεῖα,4,2.9079488782587203e-05
3010,σοφούς,4,2.9079488782587203e-05
3011,ἐκχυννόμενον,4,2.9079488782587203e-05
3012,Ἅβελ,4,2.9079488782587203e-05
3013,Ζαχαρίου,4,2.9079488782587203e-05
3014,ἀκοάς,4,2.9079488782587203e-05
3015,ἐγερθήσονται,4,2.9079488782587203e-05
3016,βδέλυγμα,4,2.9079488782587203e-05
3017,χειμῶνος,4,2.9079488782587203e-05
3018,προείρηκα,4,2.9079488782587203e-05
3019,νεφελῶν,4,2.9079488782587203e-05
3020,ἀνέμων,4,2.9079488782587203e-05
3021,κιβωτόν,4,2.9079488782587203e-05
3022,ἅπαντας,4,2.9079488782587203e-05
3023,ἐκεῖνο,4,2.9079488782587203e-05
3024,εἴασε(ν),4,2.9079488782587203e-05
3025,ὑπάρχουσι(ν),4,2.9079488782587203e-05
3026,τύπτειν,4,2.9079488782587203e-05
3027,κραυγή,4,2.9079488782587203e-05
3028,παρθένοι,4,2.9079488782587203e-05
3029,λέγουσαι,4,2.9079488782587203e-05
3030,προσήνεγκε(ν),4,2.9079488782587203e-05
3031,διαβόλῳ,4,2.9079488782587203e-05
3032,Καϊάφα,4,2.9079488782587203e-05
3033,δόλῳ,4,2.9079488782587203e-05
3034,ἀλάβαστρον,4,2.9079488782587203e-05
3035,ἀπώλεια,4,2.9079488782587203e-05
3036,κόπους,4,2.9079488782587203e-05
3037,μύρον,4,2.9079488782587203e-05
3038,λαληθήσεται,4,2.9079488782587203e-05
3039,ἐσθιόντων,4,2.9079488782587203e-05
3040,εἶπας,4,2.9079488782587203e-05
3041,ἀμπέλου,4,2.9079488782587203e-05
3042,πίνω,4,2.9079488782587203e-05
3043,περίλυπος,4,2.9079488782587203e-05
3044,ἐπέβαλον,4,2.9079488782587203e-05
3045,ἐκράτησαν,4,2.9079488782587203e-05
3046,ἀπολοῦνται,4,2.9079488782587203e-05
3047,αὐλῆς,4,2.9079488782587203e-05
3048,ἀποκρίνῃ,4,2.9079488782587203e-05
3049,πυλῶνα,4,2.9079488782587203e-05
3050,Ναζωραίου,4,2.9079488782587203e-05
3051,ἡγεμόνι,4,2.9079488782587203e-05
3052,ἡγεμών,4,2.9079488782587203e-05
3053,φθόνον,4,2.9079488782587203e-05
3054,περισσῶς,4,2.9079488782587203e-05
3055,ὠφελεῖ,4,2.9079488782587203e-05
3056,ἐνέπαιξαν,4,2.9079488782587203e-05
3057,κατάβηθι,4,2.9079488782587203e-05
3058,ἔσωσε(ν),4,2.9079488782587203e-05
3059,ἑστηκότων,4,2.9079488782587203e-05
3060,ὄξους,4,2.9079488782587203e-05
3061,καλάμῳ,4,2.9079488782587203e-05
3062,κράξας,4,2.9079488782587203e-05
3063,καταπέτασμα,4,2.9079488782587203e-05
3064,τηροῦντες,4,2.9079488782587203e-05
3065,Ἁριμαθαίας,4,2.9079488782587203e-05
3066,πρώτης,4,2.9079488782587203e-05
3067,ὀψέ,4,2.9079488782587203e-05
3068,λευκόν,4,2.9079488782587203e-05
3069,ἐσταυρωμένον,4,2.9079488782587203e-05
3070,ἔκειτο,4,2.9079488782587203e-05
3071,ἀκουσθῇ,4,2.9079488782587203e-05
3072,ποιήσομεν,4,2.9079488782587203e-05
3073,λῦσαι,4,2.9079488782587203e-05
3074,ἐβάπτισα,4,2.9079488782587203e-05
3075,πειραζόμενος,4,2.9079488782587203e-05
3076,συζητεῖν,4,2.9079488782587203e-05
3077,κατέκειτο,4,2.9079488782587203e-05
3078,ἔφερον,4,2.9079488782587203e-05
3079,φέροντες,4,2.9079488782587203e-05
3080,ἐθεώρουν,4,2.9079488782587203e-05
3081,ἀναβαίνει,4,2.9079488782587203e-05
3082,σταθῆναι,4,2.9079488782587203e-05
3083,στῆναι,4,2.9079488782587203e-05
3084,σπόρον,4,2.9079488782587203e-05
3085,νύκτα,4,2.9079488782587203e-05
3086,παραδοῖ,4,2.9079488782587203e-05
3087,ἀποστέλλει,4,2.9079488782587203e-05
3088,μεγάλους,4,2.9079488782587203e-05
3089,πολλαῖς,4,2.9079488782587203e-05
3090,ἀνέμῳ,4,2.9079488782587203e-05
3091,ἁλύσεσι(ν),4,2.9079488782587203e-05
3092,ὄρεσι(ν),4,2.9079488782587203e-05
3093,προσεκύνησε(ν),4,2.9079488782587203e-05
3094,συνήχθη,4,2.9079488782587203e-05
3095,πηγή,4,2.9079488782587203e-05
3096,κλαίετε,4,2.9079488782587203e-05
3097,ἠδύνατο,4,2.9079488782587203e-05
3098,ἤκουε(ν),4,2.9079488782587203e-05
3099,θυγατρός,4,2.9079488782587203e-05
3100,ἐρχόμενοι,4,2.9079488782587203e-05
3101,πολλή,4,2.9079488782587203e-05
3102,δηναρίων,4,2.9079488782587203e-05
3103,ἀποταξάμενος,4,2.9079488782587203e-05
3104,γλώσσης,4,2.9079488782587203e-05
3105,ὀρθῶς,4,2.9079488782587203e-05
3106,κώμης,4,2.9079488782587203e-05
3107,δένδρα,4,2.9079488782587203e-05
3108,αὑτούς,4,2.9079488782587203e-05
3109,δύνῃ,4,2.9079488782587203e-05
3110,πιστεύοντι,4,2.9079488782587203e-05
3111,πιστεύω,4,2.9079488782587203e-05
3112,ἐκπορευομένου,4,2.9079488782587203e-05
3113,νεότητος,4,2.9079488782587203e-05
3114,χρήματα,4,2.9079488782587203e-05
3115,διελθεῖν,4,2.9079488782587203e-05
3116,ἐρχομένῳ,4,2.9079488782587203e-05
3117,εἰσπορευόμενοι,4,2.9079488782587203e-05
3118,ἐλεύσεται,4,2.9079488782587203e-05
3119,γραφήν,4,2.9079488782587203e-05
3120,βάτου,4,2.9079488782587203e-05
3121,ἐτόλμα,4,2.9079488782587203e-05
3122,πλούσιοι,4,2.9079488782587203e-05
3123,λαλεῖτε,4,2.9079488782587203e-05
3124,γινόμενα,4,2.9079488782587203e-05
3125,δείξει,4,2.9079488782587203e-05
3126,Γαλιλαῖος,4,2.9079488782587203e-05
3127,δεδεμένος,4,2.9079488782587203e-05
3128,πέτρας,4,2.9079488782587203e-05
3129,ἑαυτάς,4,2.9079488782587203e-05
3130,ἀνατολῆς,4,2.9079488782587203e-05
3131,ἑτέρᾳ,4,2.9079488782587203e-05
3132,κτίσει,4,2.9079488782587203e-05
3133,πραγμάτων,4,2.9079488782587203e-05
3134,ἔδοξε(ν),4,2.9079488782587203e-05
3135,Ζαχαρίας,4,2.9079488782587203e-05
3136,ἑτοιμάσαι,4,2.9079488782587203e-05
3137,ἀσπασμός,4,2.9079488782587203e-05
3138,ἕκτος,4,2.9079488782587203e-05
3139,βρέφος,4,2.9079488782587203e-05
3140,ὕψωσε(ν),4,2.9079488782587203e-05
3141,τεκεῖν,4,2.9079488782587203e-05
3142,ἔθεντο,4,2.9079488782587203e-05
3143,ἀφόβως,4,2.9079488782587203e-05
3144,σκότει,4,2.9079488782587203e-05
3145,οὔσῃ,4,2.9079488782587203e-05
3146,σωτήρ,4,2.9079488782587203e-05
3147,κείμενον,4,2.9079488782587203e-05
3148,εἰρημένον,4,2.9079488782587203e-05
3149,ἥ,4,2.9079488782587203e-05
3150,ὑποστρέφειν,4,2.9079488782587203e-05
3151,ᾔδειτε,4,2.9079488782587203e-05
3152,ὄψεται,4,2.9079488782587203e-05
3153,πλέον,4,2.9079488782587203e-05
3154,οἰκουμένης,4,2.9079488782587203e-05
3155,χρόνου,4,2.9079488782587203e-05
3156,ἐπιστάς,4,2.9079488782587203e-05
3157,διήρχετο,4,2.9079488782587203e-05
3158,θεῖναι,4,2.9079488782587203e-05
3159,δοξάζων,4,2.9079488782587203e-05
3160,ἤσθιον,4,2.9079488782587203e-05
3161,προσεφώνησε(ν),4,2.9079488782587203e-05
3162,σά,4,2.9079488782587203e-05
3163,κόλπον,4,2.9079488782587203e-05
3164,ἐπλήρωσε(ν),4,2.9079488782587203e-05
3165,μονογενής,4,2.9079488782587203e-05
3166,βουλήν,4,2.9079488782587203e-05
3167,φάγῃ,4,2.9079488782587203e-05
3168,θριξί(ν),4,2.9079488782587203e-05
3169,πειρασμοῦ,4,2.9079488782587203e-05
3170,παρεγένετο,4,2.9079488782587203e-05
3171,ἅπαν,4,2.9079488782587203e-05
3172,λέγεσθαι,4,2.9079488782587203e-05
3173,ἀρχαίων,4,2.9079488782587203e-05
3174,ἰάσατο,4,2.9079488782587203e-05
3175,μισθοῦ,4,2.9079488782587203e-05
3176,ἀθετῶν,4,2.9079488782587203e-05
3177,ἀθετεῖ,4,2.9079488782587203e-05
3178,ἠγαλλιάσατο,4,2.9079488782587203e-05
3179,γεγονέναι,4,2.9079488782587203e-05
3180,κοιλία,4,2.9079488782587203e-05
3181,ἔχον,4,2.9079488782587203e-05
3182,ἀνέπεσε(ν),4,2.9079488782587203e-05
3183,καθαρά,4,2.9079488782587203e-05
3184,παρεῖναι,4,2.9079488782587203e-05
3185,ἀρχάς,4,2.9079488782587203e-05
3186,φάγε,4,2.9079488782587203e-05
3187,ἄφρων,4,2.9079488782587203e-05
3188,ἀπίστων,4,2.9079488782587203e-05
3189,ἄξια,4,2.9079488782587203e-05
3190,τελεσθῇ,4,2.9079488782587203e-05
3191,δοκιμάζειν,4,2.9079488782587203e-05
3192,ἐργασίαν,4,2.9079488782587203e-05
3193,Γαλιλαῖοι,4,2.9079488782587203e-05
3194,φρέαρ,4,2.9079488782587203e-05
3195,πλουσίους,4,2.9079488782587203e-05
3196,δείπνου,4,2.9079488782587203e-05
3197,ἔχε,4,2.9079488782587203e-05
3198,χαίρων,4,2.9079488782587203e-05
3199,νεώτερος,4,2.9079488782587203e-05
3200,ἥκει,4,2.9079488782587203e-05
3201,τοσαῦτα,4,2.9079488782587203e-05
3202,ἔζησε(ν),4,2.9079488782587203e-05
3203,οἴκους,4,2.9079488782587203e-05
3204,ἄδικος,4,2.9079488782587203e-05
3205,ἐγένεσθε,4,2.9079488782587203e-05
3206,ἀλλοτρίῳ,4,2.9079488782587203e-05
3207,ζωῇ,4,2.9079488782587203e-05
3208,ἔλθωσι(ν),4,2.9079488782587203e-05
3209,Λώτ,4,2.9079488782587203e-05
3210,ἀποκαλύπτεται,4,2.9079488782587203e-05
3211,φοβοῦμαι,4,2.9079488782587203e-05
3212,ἐκλεκτῶν,4,2.9079488782587203e-05
3213,ἀχθῆναι,4,2.9079488782587203e-05
3214,ἐκρύβη,4,2.9079488782587203e-05
3215,δείραντες,4,2.9079488782587203e-05
3216,μαχαίρης,4,2.9079488782587203e-05
3217,ἑορτή,4,2.9079488782587203e-05
3218,ἐπιθυμίᾳ,4,2.9079488782587203e-05
3219,πράσσειν,4,2.9079488782587203e-05
3220,διακονῶν,4,2.9079488782587203e-05
3221,ἀπέστειλα,4,2.9079488782587203e-05
3222,θείς,4,2.9079488782587203e-05
3223,αὑτόν,4,2.9079488782587203e-05
3224,γινόμενον,4,2.9079488782587203e-05
3225,φίλοι,4,2.9079488782587203e-05
3226,γενομένην,4,2.9079488782587203e-05
3227,αἰτούμενοι,4,2.9079488782587203e-05
3228,θεωρῶν,4,2.9079488782587203e-05
3229,γενόμενον,4,2.9079488782587203e-05
3230,ἐσθῆτι,4,2.9079488782587203e-05
3231,ἐπιγνῶναι,4,2.9079488782587203e-05
3232,ἀνόητοι,4,2.9079488782587203e-05
3233,πιστεύσωσι(ν),4,2.9079488782587203e-05
3234,Κανά,4,2.9079488782587203e-05
3235,γεγεννημένον,4,2.9079488782587203e-05
3236,γεγεννημένος,4,2.9079488782587203e-05
3237,μαρτυροῦμεν,4,2.9079488782587203e-05
3238,λαμβάνειν,4,2.9079488782587203e-05
3239,δεδομένον,4,2.9079488782587203e-05
3240,ἀληθές,4,2.9079488782587203e-05
3241,θεωρῶ,4,2.9079488782587203e-05
3242,ἀληθινοί,4,2.9079488782587203e-05
3243,ἀναγγελεῖ,4,2.9079488782587203e-05
3244,βρῶσιν,4,2.9079488782587203e-05
3245,ὁμοῦ,4,2.9079488782587203e-05
3246,ὑγιῆ,4,2.9079488782587203e-05
3247,θαυμάζετε,4,2.9079488782587203e-05
3248,ζητῶ,4,2.9079488782587203e-05
3249,μαρτυρῶν,4,2.9079488782587203e-05
3250,μόνοι,4,2.9079488782587203e-05
3251,πιστεύητε,4,2.9079488782587203e-05
3252,μάννα,4,2.9079488782587203e-05
3253,ἀναστήσω,4,2.9079488782587203e-05
3254,εἴρηκα,4,2.9079488782587203e-05
3255,ἐξελεξάμην,4,2.9079488782587203e-05
3256,ἐπίστευον,4,2.9079488782587203e-05
3257,ἀδικία,4,2.9079488782587203e-05
3258,πιάσαι,4,2.9079488782587203e-05
3259,ζητήσετε,4,2.9079488782587203e-05
3260,οὐδέπω,4,2.9079488782587203e-05
3261,κρίνειν,4,2.9079488782587203e-05
3262,λέγομεν,4,2.9079488782587203e-05
3263,τηρήσῃ,4,2.9079488782587203e-05
3264,ἐγνώκατε,4,2.9079488782587203e-05
3265,ἑώρακας,4,2.9079488782587203e-05
3266,λαλήσει,4,2.9079488782587203e-05
3267,ἔχωσι(ν),4,2.9079488782587203e-05
3268,ποῖον,4,2.9079488782587203e-05
3269,ἀληθῆ,4,2.9079488782587203e-05
3270,ποιοῦμεν,4,2.9079488782587203e-05
3271,ἐνιαυτοῦ,4,2.9079488782587203e-05
3272,αἰώνιος,4,2.9079488782587203e-05
3273,ψωμίον,4,2.9079488782587203e-05
3274,τάχιον,4,2.9079488782587203e-05
3275,μέλλεις,4,2.9079488782587203e-05
3276,μένῃ,4,2.9079488782587203e-05
3277,ἐκραύγασαν,4,2.9079488782587203e-05
3278,πορφυροῦν,4,2.9079488782587203e-05
3279,σταυρῷ,4,2.9079488782587203e-05
3280,θυρῶν,4,2.9079488782587203e-05
3281,δίκτυον,4,2.9079488782587203e-05
3282,πλήθους,4,2.9079488782587203e-05
3283,φιλῶ,4,2.9079488782587203e-05
3284,ἐβάπτισε(ν),4,2.9079488782587203e-05
3285,γλῶσσαι,4,2.9079488782587203e-05
3286,νεανίσκοι,4,2.9079488782587203e-05
3287,τέρασι(ν),4,2.9079488782587203e-05
3288,σημείοις,4,2.9079488782587203e-05
3289,ἀνέστησε(ν),4,2.9079488782587203e-05
3290,χρυσίον,4,2.9079488782587203e-05
3291,δεξιᾶς,4,2.9079488782587203e-05
3292,ἐδόξασε(ν),4,2.9079488782587203e-05
3293,ἀρχηγόν,4,2.9079488782587203e-05
3294,Ἀλέξανδρος,4,2.9079488782587203e-05
3295,ἀπέλυσαν,4,2.9079488782587203e-05
3296,λαοί,4,2.9079488782587203e-05
3297,προώρισε(ν),4,2.9079488782587203e-05
3298,σῇ,4,2.9079488782587203e-05
3299,δημοσίᾳ,4,2.9079488782587203e-05
3300,σωτῆρα,4,2.9079488782587203e-05
3301,διακονίᾳ,4,2.9079488782587203e-05
3302,Μωϋσῆν,4,2.9079488782587203e-05
3303,ὄντι,4,2.9079488782587203e-05
3304,Σινᾶ,4,2.9079488782587203e-05
3305,εἴπας,4,2.9079488782587203e-05
3306,σκηνή,4,2.9079488782587203e-05
3307,λεγομένοις,4,2.9079488782587203e-05
3308,ἐπιθέσεως,4,2.9079488782587203e-05
3309,κακίας,4,2.9079488782587203e-05
3310,δεδεμένους,4,2.9079488782587203e-05
3311,Σαῦλον,4,2.9079488782587203e-05
3312,τείχους,4,2.9079488782587203e-05
3313,Ἰόππῃ,4,2.9079488782587203e-05
3314,παρακαλοῦντες,4,2.9079488782587203e-05
3315,Ἰόππην,4,2.9079488782587203e-05
3316,ἀρχαῖς,4,2.9079488782587203e-05
3317,Ἀντιοχείᾳ,4,2.9079488782587203e-05
3318,κατῆλθον,4,2.9079488782587203e-05
3319,ἔσεσθαι,4,2.9079488782587203e-05
3320,Βαρναβᾶ,4,2.9079488782587203e-05
3321,διελθόντες,4,2.9079488782587203e-05
3322,Μᾶρκον,4,2.9079488782587203e-05
3323,διδάσκαλοι,4,2.9079488782587203e-05
3324,Κύπρον,4,2.9079488782587203e-05
3325,Βενιαμίν,4,2.9079488782587203e-05
3326,δικαιοῦται,4,2.9079488782587203e-05
3327,ἀναγκαῖον,4,2.9079488782587203e-05
3328,εἰδώλων,4,2.9079488782587203e-05
3329,Σιλᾶς,4,2.9079488782587203e-05
3330,ἑτέρων,4,2.9079488782587203e-05
3331,Ἕλλην,4,2.9079488782587203e-05
3332,καταγγέλλουσι(ν),4,2.9079488782587203e-05
3333,διελέγετο,4,2.9079488782587203e-05
3334,ξένοι,4,2.9079488782587203e-05
3335,διαμαρτυρόμενος,4,2.9079488782587203e-05
3336,Ἀπολλῶς,4,2.9079488782587203e-05
3337,ἐπιστάμενος,4,2.9079488782587203e-05
3338,ἀκριβέστερον,4,2.9079488782587203e-05
3339,Ἀπολλῶ,4,2.9079488782587203e-05
3340,Κορίνθῳ,4,2.9079488782587203e-05
3341,ἐβαπτίσθητε,4,2.9079488782587203e-05
3342,Ῥώμην,4,2.9079488782587203e-05
3343,ἀνήχθημεν,4,2.9079488782587203e-05
3344,μέλλοντες,4,2.9079488782587203e-05
3345,τελειῶσαι,4,2.9079488782587203e-05
3346,χιλιάρχῳ,4,2.9079488782587203e-05
3347,ἀσφαλές,4,2.9079488782587203e-05
3348,ἔπεσα,4,2.9079488782587203e-05
3349,πιστεύοντας,4,2.9079488782587203e-05
3350,Ῥωμαῖος,4,2.9079488782587203e-05
3351,λατρεύω,4,2.9079488782587203e-05
3352,ἄνεσιν,4,2.9079488782587203e-05
3353,δυνατοί,4,2.9079488782587203e-05
3354,ὀλίγῳ,4,2.9079488782587203e-05
3355,πλείονες,4,2.9079488782587203e-05
3356,πού,4,2.9079488782587203e-05
3357,ἀδιαλείπτως,4,2.9079488782587203e-05
3358,κακίᾳ,4,2.9079488782587203e-05
3359,κακῶν,4,2.9079488782587203e-05
3360,κρίνεις,4,2.9079488782587203e-05
3361,μακροθυμίας,4,2.9079488782587203e-05
3362,κρυπτά,4,2.9079488782587203e-05
3363,ἔπαινος,4,2.9079488782587203e-05
3364,ἐπερίσσευσε(ν),4,2.9079488782587203e-05
3365,βεβαίαν,4,2.9079488782587203e-05
3366,καλοῦντος,4,2.9079488782587203e-05
3367,ἐγράφη,4,2.9079488782587203e-05
3368,ὑπομονή,4,2.9079488782587203e-05
3369,δοκιμήν,4,2.9079488782587203e-05
3370,ἐβασίλευσε(ν),4,2.9079488782587203e-05
3371,παραπτώματι,4,2.9079488782587203e-05
3372,ζήσομεν,4,2.9079488782587203e-05
3373,ἐσόμεθα,4,2.9079488782587203e-05
3374,ζῶντας,4,2.9079488782587203e-05
3375,ὅπλα,4,2.9079488782587203e-05
3376,ἀσθένειαν,4,2.9079488782587203e-05
3377,παθήματα,4,2.9079488782587203e-05
3378,πνευματικός,4,2.9079488782587203e-05
3379,πράσσω,4,2.9079488782587203e-05
3380,οἰκεῖ,4,2.9079488782587203e-05
3381,θέλειν,4,2.9079488782587203e-05
3382,ῥύσεται,4,2.9079488782587203e-05
3383,φρόνημα,4,2.9079488782587203e-05
3384,δουλείας,4,2.9079488782587203e-05
3385,μέλλουσαν,4,2.9079488782587203e-05
3386,ἀποκαλυφθῆναι,4,2.9079488782587203e-05
3387,καθό,4,2.9079488782587203e-05
3388,πρόθεσιν,4,2.9079488782587203e-05
3389,ἐφείσατο,4,2.9079488782587203e-05
3390,ψεύδομαι,4,2.9079488782587203e-05
3391,φαῦλον,4,2.9079488782587203e-05
3392,μακροθυμίᾳ,4,2.9079488782587203e-05
3393,προσκόμματος,4,2.9079488782587203e-05
3394,ζῆλον,4,2.9079488782587203e-05
3395,κηρύσσομεν,4,2.9079488782587203e-05
3396,φύραμα,4,2.9079488782587203e-05
3397,ἁπλότητι,4,2.9079488782587203e-05
3398,φρονοῦντες,4,2.9079488782587203e-05
3399,ἀσελγείαις,4,2.9079488782587203e-05
3400,ἔχωμεν,4,2.9079488782587203e-05
3401,δῴη,4,2.9079488782587203e-05
3402,εὐπρόσδεκτος,4,2.9079488782587203e-05
3403,εὐλογίας,4,2.9079488782587203e-05
3404,ἐκλεκτόν,4,2.9079488782587203e-05
3405,ἐμάθετε,4,2.9079488782587203e-05
3406,ἀπολλυμένοις,4,2.9079488782587203e-05
3407,καυχάσθω,4,2.9079488782587203e-05
3408,πνευματικά,4,2.9079488782587203e-05
3409,ἔρις,4,2.9079488782587203e-05
3410,πανουργίᾳ,4,2.9079488782587203e-05
3411,εὑρεθῇ,4,2.9079488782587203e-05
3412,ὄφελον,4,2.9079488782587203e-05
3413,ἰσχυροί,4,2.9079488782587203e-05
3414,πορνεία,4,2.9079488782587203e-05
3415,πόρνοις,4,2.9079488782587203e-05
3416,φημί,4,2.9079488782587203e-05
3417,μεριμνᾷ,4,2.9079488782587203e-05
3418,ἀρέσῃ,4,2.9079488782587203e-05
3419,οἰκοδομεῖ,4,2.9079488782587203e-05
3420,παρέδωκα,4,2.9079488782587203e-05
3421,προφητεύων,4,2.9079488782587203e-05
3422,γνωρίζω,4,2.9079488782587203e-05
3423,περισσεύητε,4,2.9079488782587203e-05
3424,φανερά,4,2.9079488782587203e-05
3425,εὐηγγελισάμην,4,2.9079488782587203e-05
3426,ἐπουρανίου,4,2.9079488782587203e-05
3427,ἐπιστολῶν,4,2.9079488782587203e-05
3428,ἐρρύσατο,4,2.9079488782587203e-05
3429,πεποιθήσει,4,2.9079488782587203e-05
3430,Τίτον,4,2.9079488782587203e-05
3431,ἐπιστολή,4,2.9079488782587203e-05
3432,κάλυμμα,4,2.9079488782587203e-05
3433,εὐχαριστίαν,4,2.9079488782587203e-05
3434,βλεπόμενα,4,2.9079488782587203e-05
3435,ἐνδυσάμενοι,4,2.9079488782587203e-05
3436,πιστῷ,4,2.9079488782587203e-05
3437,ἐδέξασθε,4,2.9079488782587203e-05
3438,τισί(ν),4,2.9079488782587203e-05
3439,ὄφις,4,2.9079488782587203e-05
3440,δέξασθε,4,2.9079488782587203e-05
3441,ἀσθενείαις,4,2.9079488782587203e-05
3442,φρονεῖτε,4,2.9079488782587203e-05
3443,καλέσαντος,4,2.9079488782587203e-05
3444,εὐλογία,4,2.9079488782587203e-05
3445,μεσίτης,4,2.9079488782587203e-05
3446,παιδίσκης,4,2.9079488782587203e-05
3447,ἐλευθέρας,4,2.9079488782587203e-05
3448,παθήμασι(ν),4,2.9079488782587203e-05
3449,πιστοῖς,4,2.9079488782587203e-05
3450,εὐδοκίαν,4,2.9079488782587203e-05
3451,κληρονομίας,4,2.9079488782587203e-05
3452,ἀπειθείας,4,2.9079488782587203e-05
3453,πλάτος,4,2.9079488782587203e-05
3454,ἀποθέμενοι,4,2.9079488782587203e-05
3455,οἴνῳ,4,2.9079488782587203e-05
3456,εὐχαριστοῦμεν,4,2.9079488782587203e-05
3457,μακροθυμίαν,4,2.9079488782587203e-05
3458,Λαοδικείᾳ,4,2.9079488782587203e-05
3459,πλουσίως,4,2.9079488782587203e-05
3460,ἀγαπητῷ,4,2.9079488782587203e-05
3461,περιποίησιν,4,2.9079488782587203e-05
3462,ζήσωμεν,4,2.9079488782587203e-05
3463,παραιτοῦ,4,2.9079488782587203e-05
3464,παρακάλει,4,2.9079488782587203e-05
3465,σπούδασον,4,2.9079488782587203e-05
3466,πλανώμενοι,4,2.9079488782587203e-05
3467,καθίσταται,4,2.9079488782587203e-05
3468,διηνεκές,4,2.9079488782587203e-05
3469,ὁρκωμοσίας,4,2.9079488782587203e-05
3470,σκηνῆς,4,2.9079488782587203e-05
3471,διάνοιαν,4,2.9079488782587203e-05
3472,ἄνθος,4,2.9079488782587203e-05
3473,ἐπιθυμία,4,2.9079488782587203e-05
3474,γλυκύ,4,2.9079488782587203e-05
3475,τιμίῳ,4,2.9079488782587203e-05
3476,ἕβδομος,4,2.9079488782587203e-05
3477,ἀστραπαί,4,2.9079488782587203e-05
3478,ζῷον,4,2.9079488782587203e-05
3479,ἀδικῆσαι,4,2.9079488782587203e-05
3480,μετώπων,4,2.9079488782587203e-05
3481,στολάς,4,2.9079488782587203e-05
3482,πηγάς,4,2.9079488782587203e-05
3483,ἀπεκτάνθησαν,4,2.9079488782587203e-05
3484,εἰκόνι,4,2.9079488782587203e-05
3485,ὀξύ,4,2.9079488782587203e-05
3486,ἔμποροι,4,2.9079488782587203e-05
3487,βύσσινον,4,2.9079488782587203e-05
3488,ἁλληλουϊά,4,2.9079488782587203e-05
3489,τεῖχος,4,2.9079488782587203e-05
3490,γενέσεως,3,2.18096165869404e-05
3491,Φαρές,3,2.18096165869404e-05
3492,Ἑσρώμ,3,2.18096165869404e-05
3493,Ἀμιναδάβ,3,2.18096165869404e-05
3494,Ναασσών,3,2.18096165869404e-05
3495,Σολομών,3,2.18096165869404e-05
3496,Ἀβιά,3,2.18096165869404e-05
3497,Ἀμώς,3,2.18096165869404e-05
3498,μετοικεσίας,3,2.18096165869404e-05
3499,Σαλαθιήλ,3,2.18096165869404e-05
3500,Ζοροβαβέλ,3,2.18096165869404e-05
3501,Ἐλιακίμ,3,2.18096165869404e-05
3502,δεκατέσσαρες,3,2.18096165869404e-05
3503,συνελθεῖν,3,2.18096165869404e-05
3504,καλέσεις,3,2.18096165869404e-05
3505,παρθένος,3,2.18096165869404e-05
3506,προσκυνῆσαι,3,2.18096165869404e-05
3507,ἐταράχθη,3,2.18096165869404e-05
3508,ἐξελεύσεται,3,2.18096165869404e-05
3509,ἡγούμενος,3,2.18096165869404e-05
3510,ἀστέρος,3,2.18096165869404e-05
3511,ἐπάν,3,2.18096165869404e-05
3512,ἀνοίξαντες,3,2.18096165869404e-05
3513,θησαυρούς,3,2.18096165869404e-05
3514,ἄλλης,3,2.18096165869404e-05
3515,παράλαβε,3,2.18096165869404e-05
3516,φεῦγε,3,2.18096165869404e-05
3517,παῖδας,3,2.18096165869404e-05
3518,κλαίουσα,3,2.18096165869404e-05
3519,κατῴκησε(ν),3,2.18096165869404e-05
3520,παραγίνεται,3,2.18096165869404e-05
3521,μετανοεῖτε,3,2.18096165869404e-05
3522,τρίβους,3,2.18096165869404e-05
3523,ὀσφύν,3,2.18096165869404e-05
3524,ἐξεπορεύετο,3,2.18096165869404e-05
3525,ποταμῷ,3,2.18096165869404e-05
3526,ἐξομολογούμενοι,3,2.18096165869404e-05
3527,φυγεῖν,3,2.18096165869404e-05
3528,ἐκκόπτεται,3,2.18096165869404e-05
3529,βάλλεται,3,2.18096165869404e-05
3530,βαπτίζω,3,2.18096165869404e-05
3531,βαπτίσει,3,2.18096165869404e-05
3532,ἀποθήκην,3,2.18096165869404e-05
3533,πληρῶσαι,3,2.18096165869404e-05
3534,βαπτισθείς,3,2.18096165869404e-05
3535,πόδα,3,2.18096165869404e-05
3536,Ζαβουλών,3,2.18096165869404e-05
3537,Νεφθαλίμ,3,2.18096165869404e-05
3538,χώρᾳ,3,2.18096165869404e-05
3539,σκιᾷ,3,2.18096165869404e-05
3540,ἀνέτειλε(ν),3,2.18096165869404e-05
3541,περιῆγε(ν),3,2.18096165869404e-05
3542,νόσον,3,2.18096165869404e-05
3543,μαλακίαν,3,2.18096165869404e-05
3544,νόσοις,3,2.18096165869404e-05
3545,δαιμονιζομένους,3,2.18096165869404e-05
3546,πενθοῦντες,3,2.18096165869404e-05
3547,ἀγαλλιᾶσθε,3,2.18096165869404e-05
3548,ἐδίωξαν,3,2.18096165869404e-05
3549,μόδιον,3,2.18096165869404e-05
3550,ἐντολῶν,3,2.18096165869404e-05
3551,φονεύσεις,3,2.18096165869404e-05
3552,παραδῷ,3,2.18096165869404e-05
3553,μοιχεύσεις,3,2.18096165869404e-05
3554,ἔκκοψον,3,2.18096165869404e-05
3555,παρεκτός,3,2.18096165869404e-05
3556,ἀπολελυμένην,3,2.18096165869404e-05
3557,ὅρκους,3,2.18096165869404e-05
3558,λευκήν,3,2.18096165869404e-05
3559,κριθῆναι,3,2.18096165869404e-05
3560,αἰτοῦντι,3,2.18096165869404e-05
3561,ἀγαπῶντας,3,2.18096165869404e-05
3562,τέλειος,3,2.18096165869404e-05
3563,ἀπέχουσι(ν),3,2.18096165869404e-05
3564,ἁγιασθήτω,3,2.18096165869404e-05
3565,ἀφήκαμεν,3,2.18096165869404e-05
3566,ἀφήσει,3,2.18096165869404e-05
3567,νίψαι,3,2.18096165869404e-05
3568,σής,3,2.18096165869404e-05
3569,σκοτεινόν,3,2.18096165869404e-05
3570,πόσον,3,2.18096165869404e-05
3571,μαμωνᾷ,3,2.18096165869404e-05
3572,ἐνδύματος,3,2.18096165869404e-05
3573,μεριμνῶν,3,2.18096165869404e-05
3574,ἐπιζητοῦσι(ν),3,2.18096165869404e-05
3575,προστεθήσεται,3,2.18096165869404e-05
3576,κριθῆτε,3,2.18096165869404e-05
3577,μετρεῖτε,3,2.18096165869404e-05
3578,ἐκβάλω,3,2.18096165869404e-05
3579,δῶτε,3,2.18096165869404e-05
3580,ἰχθύν,3,2.18096165869404e-05
3581,ὄφιν,3,2.18096165869404e-05
3582,δόματα,3,2.18096165869404e-05
3583,αἰτοῦσι(ν),3,2.18096165869404e-05
3584,πύλης,3,2.18096165869404e-05
3585,ἅρπαγες,3,2.18096165869404e-05
3586,ἐπιγνώσεσθε,3,2.18096165869404e-05
3587,σῦκα,3,2.18096165869404e-05
3588,καλούς,3,2.18096165869404e-05
3589,εἰσελεύσεται,3,2.18096165869404e-05
3590,ὁμολογήσω,3,2.18096165869404e-05
3591,ὁμοιωθήσεται,3,2.18096165869404e-05
3592,ποταμοί,3,2.18096165869404e-05
3593,ἄνεμοι,3,2.18096165869404e-05
3594,καθαρίσαι,3,2.18096165869404e-05
3595,καθαρίσθητι,3,2.18096165869404e-05
3596,ἐκαθαρίσθη,3,2.18096165869404e-05
3597,λέπρα,3,2.18096165869404e-05
3598,ἱερεῖ,3,2.18096165869404e-05
3599,εἰσελθόντος,3,2.18096165869404e-05
3600,ἑκατόνταρχος,3,2.18096165869404e-05
3601,στέγην,3,2.18096165869404e-05
3602,ἀκολουθοῦσι(ν),3,2.18096165869404e-05
3603,ἐξώτερον,3,2.18096165869404e-05
3604,πυρετός,3,2.18096165869404e-05
3605,νόσους,3,2.18096165869404e-05
3606,ἀκολουθήσω,3,2.18096165869404e-05
3607,ἀπολλύμεθα,3,2.18096165869404e-05
3608,γαλήνη,3,2.18096165869404e-05
3609,μνημείων,3,2.18096165869404e-05
3610,ἦλθες,3,2.18096165869404e-05
3611,βοσκομένη,3,2.18096165869404e-05
3612,ὥρμησε(ν),3,2.18096165869404e-05
3613,κρημνοῦ,3,2.18096165869404e-05
3614,βόσκοντες,3,2.18096165869404e-05
3615,ὑπάντησιν,3,2.18096165869404e-05
3616,προσέφερον,3,2.18096165869404e-05
3617,βεβλημένον,3,2.18096165869404e-05
3618,τελώνιον,3,2.18096165869404e-05
3619,Μαθθαῖον,3,2.18096165869404e-05
3620,ἰατροῦ,3,2.18096165869404e-05
3621,νυμφῶνος,3,2.18096165869404e-05
3622,ἀπαρθῇ,3,2.18096165869404e-05
3623,νηστεύσουσι(ν),3,2.18096165869404e-05
3624,παλαιούς,3,2.18096165869404e-05
3625,καθεύδει,3,2.18096165869404e-05
3626,κατεγέλων,3,2.18096165869404e-05
3627,ἐκράτησε(ν),3,2.18096165869404e-05
3628,γινωσκέτω,3,2.18096165869404e-05
3629,δεήθητε,3,2.18096165869404e-05
3630,θερισμόν,3,2.18096165869404e-05
3631,θεραπεύειν,3,2.18096165869404e-05
3632,καθαρίζετε,3,2.18096165869404e-05
3633,χαλκόν,3,2.18096165869404e-05
3634,ῥάβδον,3,2.18096165869404e-05
3635,ἐργάτης,3,2.18096165869404e-05
3636,ἐξέλθητε,3,2.18096165869404e-05
3637,ὄφεις,3,2.18096165869404e-05
3638,λαλήσητε,3,2.18096165869404e-05
3639,θανατώσουσι(ν),3,2.18096165869404e-05
3640,ὑπομείνας,3,2.18096165869404e-05
3641,φεύγετε,3,2.18096165869404e-05
3642,ἑτέραν,3,2.18096165869404e-05
3643,μαθητῇ,3,2.18096165869404e-05
3644,κεκαλυμμένον,3,2.18096165869404e-05
3645,ἀποκαλυφθήσεται,3,2.18096165869404e-05
3646,ἄνευ,3,2.18096165869404e-05
3647,τρίχες,3,2.18096165869404e-05
3648,ἀπολέσας,3,2.18096165869404e-05
3649,κατασκευάσει,3,2.18096165869404e-05
3650,μικρότερος,3,2.18096165869404e-05
3651,δέξασθαι,3,2.18096165869404e-05
3652,συνετῶν,3,2.18096165869404e-05
3653,νηπίοις,3,2.18096165869404e-05
3654,εὐδοκία,3,2.18096165869404e-05
3655,ἀποκαλύψαι,3,2.18096165869404e-05
3656,ταπεινός,3,2.18096165869404e-05
3657,ψυχαῖς,3,2.18096165869404e-05
3658,σπορίμων,3,2.18096165869404e-05
3659,στάχυας,3,2.18096165869404e-05
3660,ἐξόν,3,2.18096165869404e-05
3661,μεταβάς,3,2.18096165869404e-05
3662,πρόβατον,3,2.18096165869404e-05
3663,ἐμπέσῃ,3,2.18096165869404e-05
3664,βόθυνον,3,2.18096165869404e-05
3665,ἐγερεῖ,3,2.18096165869404e-05
3666,ἔκτεινον,3,2.18096165869404e-05
3667,ἀπεκατεστάθη,3,2.18096165869404e-05
3668,θήσω,3,2.18096165869404e-05
3669,προσηνέχθη,3,2.18096165869404e-05
3670,ἐκβάλλουσι(ν),3,2.18096165869404e-05
3671,κριταί,3,2.18096165869404e-05
3672,συνάγων,3,2.18096165869404e-05
3673,σκορπίζει,3,2.18096165869404e-05
3674,ἀποδώσουσι(ν),3,2.18096165869404e-05
3675,μοιχαλίς,3,2.18096165869404e-05
3676,ἐπιζητεῖ,3,2.18096165869404e-05
3677,βασίλισσα,3,2.18096165869404e-05
3678,ἐξέλθῃ,3,2.18096165869404e-05
3679,τόπων,3,2.18096165869404e-05
3680,χείρονα,3,2.18096165869404e-05
3681,ἑστήκασι(ν),3,2.18096165869404e-05
3682,πετρώδη,3,2.18096165869404e-05
3683,ἄκανθαι,3,2.18096165869404e-05
3684,ἐπιστρέψωσι(ν),3,2.18096165869404e-05
3685,ἰάσομαι,3,2.18096165869404e-05
3686,σκανδαλίζεται,3,2.18096165869404e-05
3687,ἄκαρπος,3,2.18096165869404e-05
3688,παρέθηκε(ν),3,2.18096165869404e-05
3689,ὡμοιώθη,3,2.18096165869404e-05
3690,ἔσπειρας,3,2.18096165869404e-05
3691,κόκκῳ,3,2.18096165869404e-05
3692,σπερμάτων,3,2.18096165869404e-05
3693,παραβολῆς,3,2.18096165869404e-05
3694,ἀγρός,3,2.18096165869404e-05
3695,συντελείᾳ,3,2.18096165869404e-05
3696,ποιοῦντας,3,2.18096165869404e-05
3697,βαλοῦσι(ν),3,2.18096165869404e-05
3698,ἔκρυψε(ν),3,2.18096165869404e-05
3699,καινά,3,2.18096165869404e-05
3700,πατρίδα,3,2.18096165869404e-05
3701,ἀδελφαί,3,2.18096165869404e-05
3702,τετραάρχης,3,2.18096165869404e-05
3703,ἀκοήν,3,2.18096165869404e-05
3704,γενομένοις,3,2.18096165869404e-05
3705,Ἡρῳδιάδος,3,2.18096165869404e-05
3706,ἤρεσε(ν),3,2.18096165869404e-05
3707,Ἡρῴδῃ,3,2.18096165869404e-05
3708,κορασίῳ,3,2.18096165869404e-05
3709,ἔθαψαν,3,2.18096165869404e-05
3710,ἀρρώστους,3,2.18096165869404e-05
3711,ἀγοράσωσι(ν),3,2.18096165869404e-05
3712,χόρτου,3,2.18096165869404e-05
3713,θαρσεῖτε,3,2.18096165869404e-05
3714,περιεπάτησε(ν),3,2.18096165869404e-05
3715,ἐκόπασε(ν),3,2.18096165869404e-05
3716,Γεννησαρέτ,3,2.18096165869404e-05
3717,ἅψωνται,3,2.18096165869404e-05
3718,χείλεσι(ν),3,2.18096165869404e-05
3719,τιμᾷ,3,2.18096165869404e-05
3720,πόρρω,3,2.18096165869404e-05
3721,ἀπέχει,3,2.18096165869404e-05
3722,ἐντάλματα,3,2.18096165869404e-05
3723,ἐκπορευόμενον,3,2.18096165869404e-05
3724,ὁδηγοί,3,2.18096165869404e-05
3725,εἰσπορευόμενον,3,2.18096165869404e-05
3726,ἐξέρχεται,3,2.18096165869404e-05
3727,βλασφημίαι,3,2.18096165869404e-05
3728,Σιδῶνος,3,2.18096165869404e-05
3729,ἐξελθοῦσα,3,2.18096165869404e-05
3730,ἀπεστάλην,3,2.18096165869404e-05
3731,κυρίων,3,2.18096165869404e-05
3732,κωφούς,3,2.18096165869404e-05
3733,ἀναπεσεῖν,3,2.18096165869404e-05
3734,σπυρίδας,3,2.18096165869404e-05
3735,ἐπιδεῖξαι,3,2.18096165869404e-05
3736,καιρῶν,3,2.18096165869404e-05
3737,βαπτιστήν,3,2.18096165869404e-05
3738,οἰκοδομήσω,3,2.18096165869404e-05
3739,φρονεῖς,3,2.18096165869404e-05
3740,γεύσωνται,3,2.18096165869404e-05
3741,ἔλαμψε(ν),3,2.18096165869404e-05
3742,λευκά,3,2.18096165869404e-05
3743,ἁψάμενος,3,2.18096165869404e-05
3744,ἠθέλησαν,3,2.18096165869404e-05
3745,ἐλθόντων,3,2.18096165869404e-05
3746,ἠδυνήθησαν,3,2.18096165869404e-05
3747,ἀνέξομαι,3,2.18096165869404e-05
3748,ἐθεραπεύθη,3,2.18096165869404e-05
3749,κόκκον,3,2.18096165869404e-05
3750,τίνων,3,2.18096165869404e-05
3751,κῆνσον,3,2.18096165869404e-05
3752,εἰπόντος,3,2.18096165869404e-05
3753,σκανδαλίσῃ,3,2.18096165869404e-05
3754,πούς,3,2.18096165869404e-05
3755,χωλόν,3,2.18096165869404e-05
3756,χαίρει,3,2.18096165869404e-05
3757,συνηγμένοι,3,2.18096165869404e-05
3758,ποσάκις,3,2.18096165869404e-05
3759,ὀφειλέτης,3,2.18096165869404e-05
3760,πραθῆναι,3,2.18096165869404e-05
3761,ἀποδώσω,3,2.18096165869404e-05
3762,σπλαγχνισθείς,3,2.18096165869404e-05
3763,ὤφειλε(ν),3,2.18096165869404e-05
3764,δηνάρια,3,2.18096165869404e-05
3765,ἀπόδος,3,2.18096165869404e-05
3766,ὀφείλεις,3,2.18096165869404e-05
3767,ἀποδῷ,3,2.18096165869404e-05
3768,πονηρέ,3,2.18096165869404e-05
3769,ὀργισθείς,3,2.18096165869404e-05
3770,θῆλυ,3,2.18096165869404e-05
3771,καταλείψει,3,2.18096165869404e-05
3772,σκληροκαρδίαν,3,2.18096165869404e-05
3773,εὐνοῦχοι,3,2.18096165869404e-05
3774,ἐγεννήθησαν,3,2.18096165869404e-05
3775,ἐπιθῇ,3,2.18096165869404e-05
3776,ποίας,3,2.18096165869404e-05
3777,νεανίσκος,3,2.18096165869404e-05
3778,ἐφύλαξα,3,2.18096165869404e-05
3779,πώλησον,3,2.18096165869404e-05
3780,λυπούμενος,3,2.18096165869404e-05
3781,κτήματα,3,2.18096165869404e-05
3782,δυσκόλως,3,2.18096165869404e-05
3783,πλούσιον,3,2.18096165869404e-05
3784,ἑκατονταπλασίονα,3,2.18096165869404e-05
3785,κληρονομήσει,3,2.18096165869404e-05
3786,τρίτην,3,2.18096165869404e-05
3787,ἀγορᾷ,3,2.18096165869404e-05
3788,ἕκτην,3,2.18096165869404e-05
3789,ἐσχάτων,3,2.18096165869404e-05
3790,ἐγόγγυζον,3,2.18096165869404e-05
3791,ἑταῖρε,3,2.18096165869404e-05
3792,ἀναβαίνομεν,3,2.18096165869404e-05
3793,παραδοθήσεται,3,2.18096165869404e-05
3794,σταυρῶσαι,3,2.18096165869404e-05
3795,ἠγανάκτησαν,3,2.18096165869404e-05
3796,Βηθφαγή,3,2.18096165869404e-05
3797,ἀγάγετε,3,2.18096165869404e-05
3798,συνέταξε(ν),3,2.18096165869404e-05
3799,προάγοντες,3,2.18096165869404e-05
3800,τραπέζας,3,2.18096165869404e-05
3801,κολλυβιστῶν,3,2.18096165869404e-05
3802,καθέδρας,3,2.18096165869404e-05
3803,δευτέρῳ,3,2.18096165869404e-05
3804,ὤρυξε(ν),3,2.18096165869404e-05
3805,ληνόν,3,2.18096165869404e-05
3806,πύργον,3,2.18096165869404e-05
3807,ἐξέδετο,3,2.18096165869404e-05
3808,ἐντραπήσονται,3,2.18096165869404e-05
3809,κακούς,3,2.18096165869404e-05
3810,ἕτοιμα,3,2.18096165869404e-05
3811,κρατήσαντες,3,2.18096165869404e-05
3812,ὠργίσθη,3,2.18096165869404e-05
3813,στρατεύματα,3,2.18096165869404e-05
3814,φονεῖς,3,2.18096165869404e-05
3815,ἕτοιμος,3,2.18096165869404e-05
3816,κεκλημένοι,3,2.18096165869404e-05
3817,ὅσους,3,2.18096165869404e-05
3818,γάμου,3,2.18096165869404e-05
3819,διακόνοις,3,2.18096165869404e-05
3820,δήσαντες,3,2.18096165869404e-05
3821,κλητοί,3,2.18096165869404e-05
3822,ἐκλεκτοί,3,2.18096165869404e-05
3823,Ἡρῳδιανῶν,3,2.18096165869404e-05
3824,ἀπῆλθαν,3,2.18096165869404e-05
3825,ἀναστήσει,3,2.18096165869404e-05
3826,γαμίζονται,3,2.18096165869404e-05
3827,δευτέρα,3,2.18096165869404e-05
3828,ἐντολαῖς,3,2.18096165869404e-05
3829,συνηγμένων,3,2.18096165869404e-05
3830,ἐπερωτῆσαι,3,2.18096165869404e-05
3831,ἐκάθισαν,3,2.18096165869404e-05
3832,δείπνοις,3,2.18096165869404e-05
3833,πρωτοκαθεδρίας,3,2.18096165869404e-05
3834,καλεῖσθαι,3,2.18096165869404e-05
3835,ὑψωθήσεται,3,2.18096165869404e-05
3836,ἀφίετε,3,2.18096165869404e-05
3837,γεέννης,3,2.18096165869404e-05
3838,χρυσῷ,3,2.18096165869404e-05
3839,ὀμόσας,3,2.18096165869404e-05
3840,ὀμνύει,3,2.18096165869404e-05
3841,γέμουσι(ν),3,2.18096165869404e-05
3842,ἀκαθαρσίας,3,2.18096165869404e-05
3843,μαρτυρεῖτε,3,2.18096165869404e-05
3844,ἠθέλησα,3,2.18096165869404e-05
3845,πτέρυγας,3,2.18096165869404e-05
3846,ἠθελήσατε,3,2.18096165869404e-05
3847,ἀφεθῇ,3,2.18096165869404e-05
3848,καταλυθήσεται,3,2.18096165869404e-05
3849,σῆς,3,2.18096165869404e-05
3850,πλανήσῃ,3,2.18096165869404e-05
3851,πλανήσουσι(ν),3,2.18096165869404e-05
3852,πολέμους,3,2.18096165869404e-05
3853,λιμοί,3,2.18096165869404e-05
3854,σεισμοί,3,2.18096165869404e-05
3855,σκανδαλισθήσονται,3,2.18096165869404e-05
3856,ἀναγινώσκων,3,2.18096165869404e-05
3857,φευγέτωσαν,3,2.18096165869404e-05
3858,δώματος,3,2.18096165869404e-05
3859,ἐπιστρεψάτω,3,2.18096165869404e-05
3860,ἐχούσαις,3,2.18096165869404e-05
3861,θηλαζούσαις,3,2.18096165869404e-05
3862,ἀστραπή,3,2.18096165869404e-05
3863,φέγγος,3,2.18096165869404e-05
3864,σαλευθήσονται,3,2.18096165869404e-05
3865,κόψονται,3,2.18096165869404e-05
3866,θέρος,3,2.18096165869404e-05
3867,καταστήσει,3,2.18096165869404e-05
3868,λαμπάδας,3,2.18096165869404e-05
3869,μωραί,3,2.18096165869404e-05
3870,ἀπάντησιν,3,2.18096165869404e-05
3871,λαμπάδες,3,2.18096165869404e-05
3872,ἀγοράσαι,3,2.18096165869404e-05
3873,ἠργάσατο,3,2.18096165869404e-05
3874,τάλαντον,3,2.18096165869404e-05
3875,φοβηθείς,3,2.18096165869404e-05
3876,ᾔδεις,3,2.18096165869404e-05
3877,ἐδώκατε,3,2.18096165869404e-05
3878,ξένος,3,2.18096165869404e-05
3879,γυμνόν,3,2.18096165869404e-05
3880,ἀσθενοῦντα,3,2.18096165869404e-05
3881,ἡτοιμασμένον,3,2.18096165869404e-05
3882,ἀσθενῆ,3,2.18096165869404e-05
3883,σταυρωθῆναι,3,2.18096165869404e-05
3884,θόρυβος,3,2.18096165869404e-05
3885,Βηθανίᾳ,3,2.18096165869404e-05
3886,μνημόσυνον,3,2.18096165869404e-05
3887,ἑτοιμάσωμεν,3,2.18096165869404e-05
3888,γενήματος,3,2.18096165869404e-05
3889,καθίσατε,3,2.18096165869404e-05
3890,πρόθυμον,3,2.18096165869404e-05
3891,τρίτου,3,2.18096165869404e-05
3892,καθεύδετε,3,2.18096165869404e-05
3893,ἐγείρεσθε,3,2.18096165869404e-05
3894,κρατήσατε,3,2.18096165869404e-05
3895,κατεφίλησε(ν),3,2.18096165869404e-05
3896,πατάξας,3,2.18096165869404e-05
3897,ἀφεῖλε(ν),3,2.18096165869404e-05
3898,παραστήσει,3,2.18096165869404e-05
3899,γραφαί,3,2.18096165869404e-05
3900,λῃστήν,3,2.18096165869404e-05
3901,συλλαβεῖν,3,2.18096165869404e-05
3902,ὑπηρετῶν,3,2.18096165869404e-05
3903,οἰκοδομῆσαι,3,2.18096165869404e-05
3904,καταμαρτυροῦσι(ν),3,2.18096165869404e-05
3905,βλασφημίαν,3,2.18096165869404e-05
3906,προφήτευσον,3,2.18096165869404e-05
3907,ἐξελθόντα,3,2.18096165869404e-05
3908,δῆλον,3,2.18096165869404e-05
3909,ἔκλαυσε(ν),3,2.18096165869404e-05
3910,ὄψῃ,3,2.18096165869404e-05
3911,σταυρωθῇ,3,2.18096165869404e-05
3912,σπεῖραν,3,2.18096165869404e-05
3913,πλέξαντες,3,2.18096165869404e-05
3914,ἔτυπτον,3,2.18096165869404e-05
3915,Κυρηναῖον,3,2.18096165869404e-05
3916,κρανίου,3,2.18096165869404e-05
3917,ἐτήρουν,3,2.18096165869404e-05
3918,λῃσταί,3,2.18096165869404e-05
3919,παραπορευόμενοι,3,2.18096165869404e-05
3920,ἐνάτης,3,2.18096165869404e-05
3921,δραμών,3,2.18096165869404e-05
3922,σπόγγον,3,2.18096165869404e-05
3923,σινδόνι,3,2.18096165869404e-05
3924,καθαρᾷ,3,2.18096165869404e-05
3925,θύρᾳ,3,2.18096165869404e-05
3926,τάφον,3,2.18096165869404e-05
3927,ἐσχάτη,3,2.18096165869404e-05
3928,ἔδραμον,3,2.18096165869404e-05
3929,ἀπαγγεῖλαι,3,2.18096165869404e-05
3930,στρατιώταις,3,2.18096165869404e-05
3931,τρίχας,3,2.18096165869404e-05
3932,ἐκήρυσσε(ν),3,2.18096165869404e-05
3933,ἱμάντα,3,2.18096165869404e-05
3934,ὑποδημάτων,3,2.18096165869404e-05
3935,θηρίων,3,2.18096165869404e-05
3936,διδαχή,3,2.18096165869404e-05
3937,ἐπιτάσσει,3,2.18096165869404e-05
3938,πενθερά,3,2.18096165869404e-05
3939,φανερῶς,3,2.18096165869404e-05
3940,ἐρήμοις,3,2.18096165869404e-05
3941,πάντοθεν,3,2.18096165869404e-05
3942,δυνάμενοι,3,2.18096165869404e-05
3943,ἤρχετο,3,2.18096165869404e-05
3944,βροντῆς,3,2.18096165869404e-05
3945,Ἰσκαριώθ,3,2.18096165869404e-05
3946,ἀναβαίνοντα,3,2.18096165869404e-05
3947,λοιπά,3,2.18096165869404e-05
3948,ἠδύναντο,3,2.18096165869404e-05
3949,διέλθωμεν,3,2.18096165869404e-05
3950,Γερασηνῶν,3,2.18096165869404e-05
3951,ἐξελθόντος,3,2.18096165869404e-05
3952,μνήμασι(ν),3,2.18096165869404e-05
3953,λίθοις,3,2.18096165869404e-05
3954,θεωροῦσι(ν),3,2.18096165869404e-05
3955,παρακαλεῖν,3,2.18096165869404e-05
3956,σωθῇ,3,2.18096165869404e-05
3957,ἱματίων,3,2.18096165869404e-05
3958,ἐπιστραφείς,3,2.18096165869404e-05
3959,ἀρχισυναγώγου,3,2.18096165869404e-05
3960,θόρυβον,3,2.18096165869404e-05
3961,ἐκβαλών,3,2.18096165869404e-05
3962,εἰσπορεύεται,3,2.18096165869404e-05
3963,ἐκστάσει,3,2.18096165869404e-05
3964,γνοῖ,3,2.18096165869404e-05
3965,Ἰωσῆτος,3,2.18096165869404e-05
3966,ἐλαίῳ,3,2.18096165869404e-05
3967,ἡδέως,3,2.18096165869404e-05
3968,σπουδῆς,3,2.18096165869404e-05
3969,ἐπέταξε(ν),3,2.18096165869404e-05
3970,ἀγοράσωμεν,3,2.18096165869404e-05
3971,διακοσίων,3,2.18096165869404e-05
3972,δόλος,3,2.18096165869404e-05
3973,λέγωσι(ν),3,2.18096165869404e-05
3974,ἤρατε,3,2.18096165869404e-05
3975,τυφλοῦ,3,2.18096165869404e-05
3976,ἀποδοκιμασθῆναι,3,2.18096165869404e-05
3977,ἐμούς,3,2.18096165869404e-05
3978,μόνους,3,2.18096165869404e-05
3979,καταλάβῃ,3,2.18096165869404e-05
3980,εἶπα,3,2.18096165869404e-05
3981,ἐκβάλωσι(ν),3,2.18096165869404e-05
3982,ἴσχυσαν,3,2.18096165869404e-05
3983,ἤνεγκαν,3,2.18096165869404e-05
3984,περίκειται,3,2.18096165869404e-05
3985,σκανδαλίζῃ,3,2.18096165869404e-05
3986,εἰρηνεύετε,3,2.18096165869404e-05
3987,κληρονομήσω,3,2.18096165869404e-05
3988,φονεύσῃς,3,2.18096165869404e-05
3989,μοιχεύσῃς,3,2.18096165869404e-05
3990,ἀριστερῶν,3,2.18096165869404e-05
3991,βαπτισθήσεσθε,3,2.18096165869404e-05
3992,δοκοῦντες,3,2.18096165869404e-05
3993,ἐπετίμων,3,2.18096165869404e-05
3994,λύσατε,3,2.18096165869404e-05
3995,ἀφῇ,3,2.18096165869404e-05
3996,κἀκεῖνον,3,2.18096165869404e-05
3997,κληρονομία,3,2.18096165869404e-05
3998,ἴδω,3,2.18096165869404e-05
3999,θελόντων,3,2.18096165869404e-05
4000,πρωτοκλισίας,3,2.18096165869404e-05
4001,γαζοφυλάκιον,3,2.18096165869404e-05
4002,πτωχή,3,2.18096165869404e-05
4003,μέλλῃ,3,2.18096165869404e-05
4004,δοθῇ,3,2.18096165869404e-05
4005,τοιαύτη,3,2.18096165869404e-05
4006,ἔκτισε(ν),3,2.18096165869404e-05
4007,βαστάζων,3,2.18096165869404e-05
4008,αββα,3,2.18096165869404e-05
4009,ἀσφαλῶς,3,2.18096165869404e-05
4010,σινδόνα,3,2.18096165869404e-05
4011,θερμαινόμενος,3,2.18096165869404e-05
4012,παρεστῶσι(ν),3,2.18096165869404e-05
4013,κατηγοροῦσι(ν),3,2.18096165869404e-05
4014,φόνον,3,2.18096165869404e-05
4015,πορφύραν,3,2.18096165869404e-05
4016,τρίτη,3,2.18096165869404e-05
4017,πιστεύσωμεν,3,2.18096165869404e-05
4018,ἐβόησε(ν),3,2.18096165869404e-05
4019,ἐξέπνευσε(ν),3,2.18096165869404e-05
4020,παρεστηκώς,3,2.18096165869404e-05
4021,μικροῦ,3,2.18096165869404e-05
4022,παρασκευή,3,2.18096165869404e-05
4023,τέθνηκε(ν),3,2.18096165869404e-05
4024,καθελών,3,2.18096165869404e-05
4025,ἀρώματα,3,2.18096165869404e-05
4026,ἔκστασις,3,2.18096165869404e-05
4027,ἄφθαρτον,3,2.18096165869404e-05
4028,πιστεύσασι(ν),3,2.18096165869404e-05
4029,σημείων,3,2.18096165869404e-05
4030,κράτιστε,3,2.18096165869404e-05
4031,προσευχόμενον,3,2.18096165869404e-05
4032,δέησις,3,2.18096165869404e-05
4033,προσδοκῶν,3,2.18096165869404e-05
4034,καλουμένῃ,3,2.18096165869404e-05
4035,ἀγαλλιάσει,3,2.18096165869404e-05
4036,γενεάς,3,2.18096165869404e-05
4037,μνησθῆναι,3,2.18096165869404e-05
4038,θέλοι,3,2.18096165869404e-05
4039,ἐπεσκέψατο,3,2.18096165869404e-05
4040,λύτρωσιν,3,2.18096165869404e-05
4041,ἁγίας,3,2.18096165869404e-05
4042,λατρεύειν,3,2.18096165869404e-05
4043,πρωτότοκον,3,2.18096165869404e-05
4044,φάτνῃ,3,2.18096165869404e-05
4045,ποιμένες,3,2.18096165869404e-05
4046,φυλακάς,3,2.18096165869404e-05
4047,ἀνήγαγον,3,2.18096165869404e-05
4048,ἐδέξατο,3,2.18096165869404e-05
4049,σωτήριον,3,2.18096165869404e-05
4050,λαῶν,3,2.18096165869404e-05
4051,λαλουμένοις,3,2.18096165869404e-05
4052,ῥομφαία,3,2.18096165869404e-05
4053,νηστείαις,3,2.18096165869404e-05
4054,δεήσεσι(ν),3,2.18096165869404e-05
4055,Πιλάτου,3,2.18096165869404e-05
4056,τετρααρχοῦντος,3,2.18096165869404e-05
4057,ἀξίους,3,2.18096165869404e-05
4058,συναγαγεῖν,3,2.18096165869404e-05
4059,εὐηγγελίζετο,3,2.18096165869404e-05
4060,Ἑνώχ,3,2.18096165869404e-05
4061,ἀναγαγών,3,2.18096165869404e-05
4062,περιχώρου,3,2.18096165869404e-05
4063,ἔχρισε(ν),3,2.18096165869404e-05
4064,κηρύξαι,3,2.18096165869404e-05
4065,χῆραι,3,2.18096165869404e-05
4066,χήραν,3,2.18096165869404e-05
4067,διελθών,3,2.18096165869404e-05
4068,ἑτέραις,3,2.18096165869404e-05
4069,διαλογισμούς,3,2.18096165869404e-05
4070,ἄλλων,3,2.18096165869404e-05
4071,δεήσεις,3,2.18096165869404e-05
4072,εὕρωσι(ν),3,2.18096165869404e-05
4073,στῆθι,3,2.18096165869404e-05
4074,ἐθεραπεύοντο,3,2.18096165869404e-05
4075,ἐποίουν,3,2.18096165869404e-05
4076,εὐλογεῖτε,3,2.18096165869404e-05
4077,ἀγαθοποιοῦντας,3,2.18096165869404e-05
4078,ἴσα,3,2.18096165869404e-05
4079,ὑποδείξω,3,2.18096165869404e-05
4080,σπουδαίως,3,2.18096165869404e-05
4081,ἔπεμψε(ν),3,2.18096165869404e-05
4082,ὑποστρέψαντες,3,2.18096165869404e-05
4083,καλουμένην,3,2.18096165869404e-05
4084,ἱματίοις,3,2.18096165869404e-05
4085,μύρῳ,3,2.18096165869404e-05
4086,ἔβρεξε(ν),3,2.18096165869404e-05
4087,εὐαγγελιζόμενος,3,2.18096165869404e-05
4088,καλουμένη,3,2.18096165869404e-05
4089,παραβολή,3,2.18096165869404e-05
4090,σωθῶσι(ν),3,2.18096165869404e-05
4091,βίου,3,2.18096165869404e-05
4092,λυχνίας,3,2.18096165869404e-05
4093,ἐπαύσαντο,3,2.18096165869404e-05
4094,ἔμενε(ν),3,2.18096165869404e-05
4095,δεσμά,3,2.18096165869404e-05
4096,ἄβυσσον,3,2.18096165869404e-05
4097,ἱκανῶν,3,2.18096165869404e-05
4098,προσδοκῶντες,3,2.18096165869404e-05
4099,συγκαλεσάμενος,3,2.18096165869404e-05
4100,δέχωνται,3,2.18096165869404e-05
4101,ἤρθη,3,2.18096165869404e-05
4102,λευκός,3,2.18096165869404e-05
4103,ποίει,3,2.18096165869404e-05
4104,ἐπιθέντες,3,2.18096165869404e-05
4105,Σαμαρίτης,3,2.18096165869404e-05
4106,ἐδίδαξε(ν),3,2.18096165869404e-05
4107,ἰσχυρός,3,2.18096165869404e-05
4108,πανοπλίαν,3,2.18096165869404e-05
4109,πονηρίας,3,2.18096165869404e-05
4110,διώξουσι(ν),3,2.18096165869404e-05
4111,μυριάδων,3,2.18096165869404e-05
4112,φοβήθητε,3,2.18096165869404e-05
4113,ὁμολογήσῃ,3,2.18096165869404e-05
4114,κριτήν,3,2.18096165869404e-05
4115,πλεονεξίας,3,2.18096165869404e-05
4116,κείμενα,3,2.18096165869404e-05
4117,κατανοήσατε,3,2.18096165869404e-05
4118,πετεινῶν,3,2.18096165869404e-05
4119,οἰκονόμος,3,2.18096165869404e-05
4120,Σιλωάμ,3,2.18096165869404e-05
4121,ὀφειλέται,3,2.18096165869404e-05
4122,βάλω,3,2.18096165869404e-05
4123,μέλλον,3,2.18096165869404e-05
4124,βοῦν,3,2.18096165869404e-05
4125,λυθῆναι,3,2.18096165869404e-05
4126,ἀντικείμενοι,3,2.18096165869404e-05
4127,ἑστάναι,3,2.18096165869404e-05
4128,ἐχομένῃ,3,2.18096165869404e-05
4129,ἡσύχασαν,3,2.18096165869404e-05
4130,αἰσχύνης,3,2.18096165869404e-05
4131,ταπεινῶν,3,2.18096165869404e-05
4132,γείτονας,3,2.18096165869404e-05
4133,ἀνταποδοῦναι,3,2.18096165869404e-05
4134,πορευόμενος,3,2.18096165869404e-05
4135,χιλιάδων,3,2.18096165869404e-05
4136,ἀπολωλός,3,2.18096165869404e-05
4137,ἰσχυρά,3,2.18096165869404e-05
4138,ὑστερεῖσθαι,3,2.18096165869404e-05
4139,λιμῷ,3,2.18096165869404e-05
4140,κληθῆναι,3,2.18096165869404e-05
4141,μόσχον,3,2.18096165869404e-05
4142,σιτευτόν,3,2.18096165869404e-05
4143,πρεσβύτερος,3,2.18096165869404e-05
4144,φίλων,3,2.18096165869404e-05
4145,οἰκονόμον,3,2.18096165869404e-05
4146,δέξαι,3,2.18096165869404e-05
4147,ἐλαχίστῳ,3,2.18096165869404e-05
4148,ὑμέτερον,3,2.18096165869404e-05
4149,εὐαγγελίζεται,3,2.18096165869404e-05
4150,πτωχός,3,2.18096165869404e-05
4151,ἐτάφη,3,2.18096165869404e-05
4152,φλογί,3,2.18096165869404e-05
4153,ἐπιτίμησον,3,2.18096165869404e-05
4154,ἐπιστρέψῃ,3,2.18096165869404e-05
4155,ὑπήκουσε(ν),3,2.18096165869404e-05
4156,ἔπινον,3,2.18096165869404e-05
4157,θεῖον,3,2.18096165869404e-05
4158,δεῖν,3,2.18096165869404e-05
4159,μακροθυμεῖ,3,2.18096165869404e-05
4160,ἆρα,3,2.18096165869404e-05
4161,λοιπούς,3,2.18096165869404e-05
4162,στῆθος,3,2.18096165869404e-05
4163,βρέφη,3,2.18096165869404e-05
4164,μνᾶ,3,2.18096165869404e-05
4165,ἔθηκα,3,2.18096165869404e-05
4166,δυνάμεων,3,2.18096165869404e-05
4167,ἔγνως,3,2.18096165869404e-05
4168,ἐπισκοπῆς,3,2.18096165869404e-05
4169,χρόνους,3,2.18096165869404e-05
4170,προσέθετο,3,2.18096165869404e-05
4171,παραδοῦναι,3,2.18096165869404e-05
4172,φόρον,3,2.18096165869404e-05
4173,τοίνυν,3,2.18096165869404e-05
4174,ζῶσι(ν),3,2.18096165869404e-05
4175,καλοῖς,3,2.18096165869404e-05
4176,αὗται,3,2.18096165869404e-05
4177,καιροί,3,2.18096165869404e-05
4178,νεφέλῃ,3,2.18096165869404e-05
4179,δεόμενοι,3,2.18096165869404e-05
4180,ἀνέλωσι(ν),3,2.18096165869404e-05
4181,στρατηγοῖς,3,2.18096165869404e-05
4182,εἰρήκει,3,2.18096165869404e-05
4183,δεξάμενος,3,2.18096165869404e-05
4184,ἀνάμνησιν,3,2.18096165869404e-05
4185,ἀνακείμενος,3,2.18096165869404e-05
4186,πειρασμοῖς,3,2.18096165869404e-05
4187,πίνητε,3,2.18096165869404e-05
4188,Πέτρε,3,2.18096165869404e-05
4189,λύπης,3,2.18096165869404e-05
4190,δεξιόν,3,2.18096165869404e-05
4191,εἰσήγαγον,3,2.18096165869404e-05
4192,μέσος,3,2.18096165869404e-05
4193,αἴτιον,3,2.18096165869404e-05
4194,ἀνέπεμψε(ν),3,2.18096165869404e-05
4195,ἐχάρη,3,2.18096165869404e-05
4196,ἐσθῆτα,3,2.18096165869404e-05
4197,ἄρχοντας,3,2.18096165869404e-05
4198,ἀνακρίνας,3,2.18096165869404e-05
4199,αἶρε,3,2.18096165869404e-05
4200,στάσιν,3,2.18096165869404e-05
4201,ἐπεφώνουν,3,2.18096165869404e-05
4202,θυγατέρες,3,2.18096165869404e-05
4203,ἄτοπον,3,2.18096165869404e-05
4204,ἕκτη,3,2.18096165869404e-05
4205,παρατίθεμαι,3,2.18096165869404e-05
4206,τύπτοντες,3,2.18096165869404e-05
4207,βουλῇ,3,2.18096165869404e-05
4208,μνῆμα,3,2.18096165869404e-05
4209,γενομένων,3,2.18096165869404e-05
4210,παρακύψας,3,2.18096165869404e-05
4211,ὀθόνια,3,2.18096165869404e-05
4212,ψαλμοῖς,3,2.18096165869404e-05
4213,φαίνει,3,2.18096165869404e-05
4214,ἀπεσταλμένος,3,2.18096165869404e-05
4215,μαρτυρήσῃ,3,2.18096165869404e-05
4216,πληρώματος,3,2.18096165869404e-05
4217,ἀμνός,3,2.18096165869404e-05
4218,μένον,3,2.18096165869404e-05
4219,ἑώρακα,3,2.18096165869404e-05
4220,ἀκουσάντων,3,2.18096165869404e-05
4221,λέγῃ,3,2.18096165869404e-05
4222,γεννηθῇ,3,2.18096165869404e-05
4223,γεννηθῆναι,3,2.18096165869404e-05
4224,ἐπίγεια,3,2.18096165869404e-05
4225,ἐπουράνια,3,2.18096165869404e-05
4226,μονογενῆ,3,2.18096165869404e-05
4227,ἠγάπησαν,3,2.18096165869404e-05
4228,ἐσφράγισε(ν),3,2.18096165869404e-05
4229,διψήσει,3,2.18096165869404e-05
4230,προσκυνεῖν,3,2.18096165869404e-05
4231,ἠσθένει,3,2.18096165869404e-05
4232,ἐχθές,3,2.18096165869404e-05
4233,ἀσθενούντων,3,2.18096165869404e-05
4234,κατακείμενον,3,2.18096165869404e-05
4235,γέγονας,3,2.18096165869404e-05
4236,ἐδίωκον,3,2.18096165869404e-05
4237,ποιῇ,3,2.18096165869404e-05
4238,φιλεῖ,3,2.18096165869404e-05
4239,ζῳοποιεῖ,3,2.18096165869404e-05
4240,ἀκούσουσι(ν),3,2.18096165869404e-05
4241,ἑωράκατε,3,2.18096165869404e-05
4242,γράμμασι(ν),3,2.18096165869404e-05
4243,Τιβεριάδος,3,2.18096165869404e-05
4244,ἔμελλε(ν),3,2.18096165869404e-05
4245,ἐργάζεσθε,3,2.18096165869404e-05
4246,ζήσει,3,2.18096165869404e-05
4247,Ἰσκαριώτου,3,2.18096165869404e-05
4248,πάρεστι(ν),3,2.18096165869404e-05
4249,πλανᾷ,3,2.18096165869404e-05
4250,κἀμέ,3,2.18096165869404e-05
4251,ἐπέβαλε(ν),3,2.18096165869404e-05
4252,ὑπηρέτας,3,2.18096165869404e-05
4253,Ἑλλήνων,3,2.18096165869404e-05
4254,ἔμελλον,3,2.18096165869404e-05
4255,γνῷ,3,2.18096165869404e-05
4256,ἀληθινή,3,2.18096165869404e-05
4257,ἀποθανεῖσθε,3,2.18096165869404e-05
4258,ἐμῷ,3,2.18096165869404e-05
4259,ἥκω,3,2.18096165869404e-05
4260,ἀνθρωποκτόνος,3,2.18096165869404e-05
4261,λίθους,3,2.18096165869404e-05
4262,ἥμαρτε(ν),3,2.18096165869404e-05
4263,τηρεῖ,3,2.18096165869404e-05
4264,θαυμαστόν,3,2.18096165869404e-05
4265,εἴχετε,3,2.18096165869404e-05
4266,εἰσερχόμενος,3,2.18096165869404e-05
4267,ἀνοίγει,3,2.18096165869404e-05
4268,καλοῦ,3,2.18096165869404e-05
4269,ἀδελφῆς,3,2.18096165869404e-05
4270,φιλεῖς,3,2.18096165869404e-05
4271,δοξασθῇ,3,2.18096165869404e-05
4272,περιπατῇ,3,2.18096165869404e-05
4273,προσκόπτει,3,2.18096165869404e-05
4274,Δίδυμος,3,2.18096165869404e-05
4275,δεκαπέντε,3,2.18096165869404e-05
4276,εἰποῦσα,3,2.18096165869404e-05
4277,ἐφίλει,3,2.18096165869404e-05
4278,Ῥωμαῖοι,3,2.18096165869404e-05
4279,Καϊάφας,3,2.18096165869404e-05
4280,λογίζεσθε,3,2.18096165869404e-05
4281,Ἕλληνες,3,2.18096165869404e-05
4282,ἀποκρίνεται,3,2.18096165869404e-05
4283,φέρει,3,2.18096165869404e-05
4284,διακονῇ,3,2.18096165869404e-05
4285,δόξασον,3,2.18096165869404e-05
4286,σημαίνων,3,2.18096165869404e-05
4287,ἀπεκαλύφθη,3,2.18096165869404e-05
4288,ὅμως,3,2.18096165869404e-05
4289,πιστεύει,3,2.18096165869404e-05
4290,σώσω,3,2.18096165869404e-05
4291,ἀγαπήσας,3,2.18096165869404e-05
4292,καθαρός,3,2.18096165869404e-05
4293,ὑπόδειγμα,3,2.18096165869404e-05
4294,γνώσονται,3,2.18096165869404e-05
4295,τοσούτῳ,3,2.18096165869404e-05
4296,παράκλητος,3,2.18096165869404e-05
4297,ὑπομνήσει,3,2.18096165869404e-05
4298,ἄμπελος,3,2.18096165869404e-05
4299,κλῆμα,3,2.18096165869404e-05
4300,γεγραμμένος,3,2.18096165869404e-05
4301,προσφέρειν,3,2.18096165869404e-05
4302,ὁδηγήσει,3,2.18096165869404e-05
4303,πεπληρωμένη,3,2.18096165869404e-05
4304,Ναζωραῖον,3,2.18096165869404e-05
4305,ἀρχιερεῖ,3,2.18096165869404e-05
4306,εἰσήγαγε(ν),3,2.18096165869404e-05
4307,ὅλου,3,2.18096165869404e-05
4308,μαθητήν,3,2.18096165869404e-05
4309,μεστόν,3,2.18096165869404e-05
4310,σκέλη,3,2.18096165869404e-05
4311,φέρε,3,2.18096165869404e-05
4312,ἴσχυον,3,2.18096165869404e-05
4313,γράψας,3,2.18096165869404e-05
4314,βιβλία,3,2.18096165869404e-05
4315,ζηλωτής,3,2.18096165869404e-05
4316,συνελθόντων,3,2.18096165869404e-05
4317,μάρτυρα,3,2.18096165869404e-05
4318,πεντηκοστῆς,3,2.18096165869404e-05
4319,ἄφνω,3,2.18096165869404e-05
4320,ἀκούομεν,3,2.18096165869404e-05
4321,Φρυγίαν,3,2.18096165869404e-05
4322,Παμφυλίαν,3,2.18096165869404e-05
4323,ἐσχάταις,3,2.18096165869404e-05
4324,προφητεύσουσι(ν),3,2.18096165869404e-05
4325,δυνάμεσι(ν),3,2.18096165869404e-05
4326,ὅσιον,3,2.18096165869404e-05
4327,ψυχαί,3,2.18096165869404e-05
4328,ἐγίνετο,3,2.18096165869404e-05
4329,μέλλοντας,3,2.18096165869404e-05
4330,ὑπάρχει,3,2.18096165869404e-05
4331,ἐπεγίνωσκον,3,2.18096165869404e-05
4332,εὐσεβείᾳ,3,2.18096165869404e-05
4333,Σαμουήλ,3,2.18096165869404e-05
4334,ἀναστήσας,3,2.18096165869404e-05
4335,στρατηγός,3,2.18096165869404e-05
4336,συνεδρίου,3,2.18096165869404e-05
4337,παρέστησαν,3,2.18096165869404e-05
4338,βουλή,3,2.18096165869404e-05
4339,ὑπάρχοντος,3,2.18096165869404e-05
4340,πρᾶγμα,3,2.18096165869404e-05
4341,ἐξέψυξε(ν),3,2.18096165869404e-05
4342,κολλᾶσθαι,3,2.18096165869404e-05
4343,ἐπείθοντο,3,2.18096165869404e-05
4344,Στέφανον,3,2.18096165869404e-05
4345,ἐπληθύνετο,3,2.18096165869404e-05
4346,κατοικῆσαι,3,2.18096165869404e-05
4347,θλίψεων,3,2.18096165869404e-05
4348,ἀργυρίου,3,2.18096165869404e-05
4349,ἀδικῶν,3,2.18096165869404e-05
4350,ἀπώσατο,3,2.18096165869404e-05
4351,ἔντρομος,3,2.18096165869404e-05
4352,εἰπόντες,3,2.18096165869404e-05
4353,λόγια,3,2.18096165869404e-05
4354,πατράσι(ν),3,2.18096165869404e-05
4355,κατελθών,3,2.18096165869404e-05
4356,προσεῖχον,3,2.18096165869404e-05
4357,λάβωσι(ν),3,2.18096165869404e-05
4358,δίδοται,3,2.18096165869404e-05
4359,πικρίας,3,2.18096165869404e-05
4360,καταβαίνουσαν,3,2.18096165869404e-05
4361,παρεκάλεσε(ν),3,2.18096165869404e-05
4362,γραφῆς,3,2.18096165869404e-05
4363,διερχόμενος,3,2.18096165869404e-05
4364,ὁράματι,3,2.18096165869404e-05
4365,ἐπικαλουμένους,3,2.18096165869404e-05
4366,σπείρης,3,2.18096165869404e-05
4367,εἰπόντα,3,2.18096165869404e-05
4368,ξενίζεται,3,2.18096165869404e-05
4369,μαρτυρούμενος,3,2.18096165869404e-05
4370,Ἰουδαίῳ,3,2.18096165869404e-05
4371,μάρτυσι(ν),3,2.18096165869404e-05
4372,ἐπιμεῖναι,3,2.18096165869404e-05
4373,ἀκροβυστίαν,3,2.18096165869404e-05
4374,σωθήσῃ,3,2.18096165869404e-05
4375,Ἀντιοχείας,3,2.18096165869404e-05
4376,προσετέθη,3,2.18096165869404e-05
4377,διδάξαι,3,2.18096165869404e-05
4378,ἠνοίγη,3,2.18096165869404e-05
4379,κατασείσας,3,2.18096165869404e-05
4380,ἀναχθέντες,3,2.18096165869404e-05
4381,δρόμον,3,2.18096165869404e-05
4382,γεγέννηκα,3,2.18096165869404e-05
4383,ἄφεσις,3,2.18096165869404e-05
4384,καταγγέλλεται,3,2.18096165869404e-05
4385,σχεδόν,3,2.18096165869404e-05
4386,πρώτους,3,2.18096165869404e-05
4387,Ἰκονίῳ,3,2.18096165869404e-05
4388,διδόντι,3,2.18096165869404e-05
4389,Λύστραν,3,2.18096165869404e-05
4390,Δέρβην,3,2.18096165869404e-05
4391,Λύστροις,3,2.18096165869404e-05
4392,πυλῶνας,3,2.18096165869404e-05
4393,ὁδοῖς,3,2.18096165869404e-05
4394,διέτριβον,3,2.18096165869404e-05
4395,στάσεως,3,2.18096165869404e-05
4396,ἀναβαίνειν,3,2.18096165869404e-05
4397,αἱρέσεως,3,2.18096165869404e-05
4398,Κιλικίαν,3,2.18096165869404e-05
4399,εἰδωλοθύτων,3,2.18096165869404e-05
4400,κατήντησε(ν),3,2.18096165869404e-05
4401,Ἕλληνος,3,2.18096165869404e-05
4402,Τρῳάδα,3,2.18096165869404e-05
4403,παραγγέλλω,3,2.18096165869404e-05
4404,στρατηγοί,3,2.18096165869404e-05
4405,γραφῶν,3,2.18096165869404e-05
4406,ἀνακρίνοντες,3,2.18096165869404e-05
4407,Ἀκύλαν,3,2.18096165869404e-05
4408,λάλει,3,2.18096165869404e-05
4409,Ἀχαΐας,3,2.18096165869404e-05
4410,Ἀκύλας,3,2.18096165869404e-05
4411,κατέλιπε(ν),3,2.18096165869404e-05
4412,ἀσπασάμενος,3,2.18096165869404e-05
4413,προσελάβοντο,3,2.18096165869404e-05
4414,πεπιστευκότων,3,2.18096165869404e-05
4415,Ἀρτέμιδος,3,2.18096165869404e-05
4416,Ἐφεσίων,3,2.18096165869404e-05
4417,θέατρον,3,2.18096165869404e-05
4418,μηδενός,3,2.18096165869404e-05
4419,Θεσσαλονικέων,3,2.18096165869404e-05
4420,Ἀρίσταρχος,3,2.18096165869404e-05
4421,Τυχικός,3,2.18096165869404e-05
4422,ἀναλαβόντες,3,2.18096165869404e-05
4423,κατηντήσαμεν,3,2.18096165869404e-05
4424,μαρτύρομαι,3,2.18096165869404e-05
4425,δυναμένῳ,3,2.18096165869404e-05
4426,ἡγιασμένοις,3,2.18096165869404e-05
4427,γόμον,3,2.18096165869404e-05
4428,ἀσπασάμενοι,3,2.18096165869404e-05
4429,ἑτοίμως,3,2.18096165869404e-05
4430,ζηλωταί,3,2.18096165869404e-05
4431,εἰδωλόθυτον,3,2.18096165869404e-05
4432,πορνείαν,3,2.18096165869404e-05
4433,προσφορά,3,2.18096165869404e-05
4434,χιλίαρχον,3,2.18096165869404e-05
4435,δυναμένου,3,2.18096165869404e-05
4436,Ἑβραΐδι,3,2.18096165869404e-05
4437,συνειδήσει,3,2.18096165869404e-05
4438,κρίνομαι,3,2.18096165869404e-05
4439,προσδεχόμενοι,3,2.18096165869404e-05
4440,ἐνεφάνισαν,3,2.18096165869404e-05
4441,ἀνέβην,3,2.18096165869404e-05
4442,ἀδίκων,3,2.18096165869404e-05
4443,τηρεῖσθαι,3,2.18096165869404e-05
4444,Φῆστον,3,2.18096165869404e-05
4445,ἐβουλόμην,3,2.18096165869404e-05
4446,ἔκρινα,3,2.18096165869404e-05
4447,ἕστηκα,3,2.18096165869404e-05
4448,ἐλπίζει,3,2.18096165869404e-05
4449,ἄπιστον,3,2.18096165869404e-05
4450,φυλακαῖς,3,2.18096165869404e-05
4451,ψῆφον,3,2.18096165869404e-05
4452,βλασφημεῖν,3,2.18096165869404e-05
4453,πράσσοντας,3,2.18096165869404e-05
4454,σωφροσύνης,3,2.18096165869404e-05
4455,ζημίαν,3,2.18096165869404e-05
4456,οὐδεμία,3,2.18096165869404e-05
4457,ἀγκύρας,3,2.18096165869404e-05
4458,μείνωσι(ν),3,2.18096165869404e-05
4459,μεταλαβεῖν,3,2.18096165869404e-05
4460,νῆσος,3,2.18096165869404e-05
4461,ὑετόν,3,2.18096165869404e-05
4462,νεκρόν,3,2.18096165869404e-05
4463,νήσῳ,3,2.18096165869404e-05
4464,ἅλυσιν,3,2.18096165869404e-05
4465,ἁγίαις,3,2.18096165869404e-05
4466,Ῥώμῃ,3,2.18096165869404e-05
4467,σοφοί,3,2.18096165869404e-05
4468,εἰκόνος,3,2.18096165869404e-05
4469,πλεονεξίᾳ,3,2.18096165869404e-05
4470,δικαίωμα,3,2.18096165869404e-05
4471,ἀποκαλύψεως,3,2.18096165869404e-05
4472,θυμός,3,2.18096165869404e-05
4473,ἐργαζομένῳ,3,2.18096165869404e-05
4474,προσωπολημψία,3,2.18096165869404e-05
4475,καυχᾶσαι,3,2.18096165869404e-05
4476,ἀφρόνων,3,2.18096165869404e-05
4477,εἴδωλα,3,2.18096165869404e-05
4478,γράμματος,3,2.18096165869404e-05
4479,καταργήσει,3,2.18096165869404e-05
4480,συνίστησι(ν),3,2.18096165869404e-05
4481,χρηστότητα,3,2.18096165869404e-05
4482,ἔνδειξιν,3,2.18096165869404e-05
4483,ἴχνεσι(ν),3,2.18096165869404e-05
4484,κατήργηται,3,2.18096165869404e-05
4485,ἐπήγγελται,3,2.18096165869404e-05
4486,δικαιωθέντες,3,2.18096165869404e-05
4487,προσαγωγήν,3,2.18096165869404e-05
4488,καταισχύνει,3,2.18096165869404e-05
4489,ἀσεβῶν,3,2.18096165869404e-05
4490,τολμᾷ,3,2.18096165869404e-05
4491,καυχώμενοι,3,2.18096165869404e-05
4492,παράπτωμα,3,2.18096165869404e-05
4493,κατάκριμα,3,2.18096165869404e-05
4494,περισσείαν,3,2.18096165869404e-05
4495,δωρεᾶς,3,2.18096165869404e-05
4496,βασιλεύσουσι(ν),3,2.18096165869404e-05
4497,ὑπακοῆς,3,2.18096165869404e-05
4498,ἐβαπτίσθημεν,3,2.18096165869404e-05
4499,περιπατήσωμεν,3,2.18096165869404e-05
4500,ἀποθανών,3,2.18096165869404e-05
4501,ἀκαθαρσίᾳ,3,2.18096165869404e-05
4502,ἁγιασμόν,3,2.18096165869404e-05
4503,δέδεται,3,2.18096165869404e-05
4504,ἐλευθέρα,3,2.18096165869404e-05
4505,κατειργάσατο,3,2.18096165869404e-05
4506,νεκρά,3,2.18096165869404e-05
4507,κατεργάζομαι,3,2.18096165869404e-05
4508,κατέκρινε(ν),3,2.18096165869404e-05
4509,ἐγείραντος,3,2.18096165869404e-05
4510,ἐγείρας,3,2.18096165869404e-05
4511,φθορᾶς,3,2.18096165869404e-05
4512,ἀπαρχήν,3,2.18096165869404e-05
4513,στενάζομεν,3,2.18096165869404e-05
4514,υἱοθεσίαν,3,2.18096165869404e-05
4515,ἀπεκδεχόμεθα,3,2.18096165869404e-05
4516,ἐντυγχάνει,3,2.18096165869404e-05
4517,ἐπαγγελίαι,3,2.18096165869404e-05
4518,οἷον,3,2.18096165869404e-05
4519,Ἠσαῦ,3,2.18096165869404e-05
4520,μενοῦνγε,3,2.18096165869404e-05
4521,ἀτιμίαν,3,2.18096165869404e-05
4522,γνωρίσαι,3,2.18096165869404e-05
4523,πλοῦτον,3,2.18096165869404e-05
4524,ἠγαπημένην,3,2.18096165869404e-05
4525,ἄμμος,3,2.18096165869404e-05
4526,Σόδομα,3,2.18096165869404e-05
4527,διώκων,3,2.18096165869404e-05
4528,στῆσαι,3,2.18096165869404e-05
4529,γόνυ,3,2.18096165869404e-05
4530,ἐπέτυχε(ν),3,2.18096165869404e-05
4531,παγίδα,3,2.18096165869404e-05
4532,κλάδων,3,2.18096165869404e-05
4533,ἐξεκλάσθησαν,3,2.18096165869404e-05
4534,συγκοινωνός,3,2.18096165869404e-05
4535,χρηστότης,3,2.18096165869404e-05
4536,χρηστότητι,3,2.18096165869404e-05
4537,ἀσεβείας,3,2.18096165869404e-05
4538,οἰκτιρμῶν,3,2.18096165869404e-05
4539,δοθείσης,3,2.18096165869404e-05
4540,σπουδῇ,3,2.18096165869404e-05
4541,δουλεύοντες,3,2.18096165869404e-05
4542,ταπεινοῖς,3,2.18096165869404e-05
4543,ὀργῇ,3,2.18096165869404e-05
4544,πεινᾷ,3,2.18096165869404e-05
4545,ἐξουσίαις,3,2.18096165869404e-05
4546,ὑποτάσσεσθαι,3,2.18096165869404e-05
4547,εὐσχημόνως,3,2.18096165869404e-05
4548,ἐνδύσασθε,3,2.18096165869404e-05
4549,διαλογισμῶν,3,2.18096165869404e-05
4550,δυνατεῖ,3,2.18096165869404e-05
4551,δόκιμος,3,2.18096165869404e-05
4552,ἀρέσκειν,3,2.18096165869404e-05
4553,διδασκαλίαν,3,2.18096165869404e-05
4554,ψαλῶ,3,2.18096165869404e-05
4555,πεπληρωμένοι,3,2.18096165869404e-05
4556,πνευματικοῖς,3,2.18096165869404e-05
4557,πράγματι,3,2.18096165869404e-05
4558,συνεργόν,3,2.18096165869404e-05
4559,Στεφανᾶ,3,2.18096165869404e-05
4560,μωρία,3,2.18096165869404e-05
4561,σύνεσιν,3,2.18096165869404e-05
4562,καταργήσῃ,3,2.18096165869404e-05
4563,ἔγνωκε(ν),3,2.18096165869404e-05
4564,ἡτοίμασε(ν),3,2.18096165869404e-05
4565,ἀνακρίνεται,3,2.18096165869404e-05
4566,ἐποικοδομεῖ,3,2.18096165869404e-05
4567,λογιζέσθω,3,2.18096165869404e-05
4568,εὐλογοῦμεν,3,2.18096165869404e-05
4569,θελήσῃ,3,2.18096165869404e-05
4570,ὄλεθρον,3,2.18096165869404e-05
4571,ἐπιστολῇ,3,2.18096165869404e-05
4572,συναναμίγνυσθαι,3,2.18096165869404e-05
4573,πόρνος,3,2.18096165869404e-05
4574,εἰδωλολάτραι,3,2.18096165869404e-05
4575,βρώμασι(ν),3,2.18096165869404e-05
4576,ἐχέτω,3,2.18096165869404e-05
4577,ἄγαμος,3,2.18096165869404e-05
4578,τοιούτοις,3,2.18096165869404e-05
4579,σώσεις,3,2.18096165869404e-05
4580,κρεῖσσον,3,2.18096165869404e-05
4581,γνῶσις,3,2.18096165869404e-05
4582,συνείδησις,3,2.18096165869404e-05
4583,εἰδωλόθυτα,3,2.18096165869404e-05
4584,ἁμαρτάνετε,3,2.18096165869404e-05
4585,γάλακτος,3,2.18096165869404e-05
4586,ἀνόμοις,3,2.18096165869404e-05
4587,ἄνομος,3,2.18096165869404e-05
4588,ἀγωνιζόμενος,3,2.18096165869404e-05
4589,φθαρτόν,3,2.18096165869404e-05
4590,ἐπόρνευσαν,3,2.18096165869404e-05
4591,ἀπώλοντο,3,2.18096165869404e-05
4592,εἴληφε(ν),3,2.18096165869404e-05
4593,ἐπαινῶ,3,2.18096165869404e-05
4594,κατέχετε,3,2.18096165869404e-05
4595,αἰσχρόν,3,2.18096165869404e-05
4596,διδάσκει,3,2.18096165869404e-05
4597,αἱρέσεις,3,2.18096165869404e-05
4598,ὁσάκις,3,2.18096165869404e-05
4599,ἐσθιέτω,3,2.18096165869404e-05
4600,διαιρέσεις,3,2.18096165869404e-05
4601,ἐνεργῶν,3,2.18096165869404e-05
4602,συμφέρον,3,2.18096165869404e-05
4603,ἰαμάτων,3,2.18096165869404e-05
4604,γένη,3,2.18096165869404e-05
4605,περισσοτέραν,3,2.18096165869404e-05
4606,διδασκάλους,3,2.18096165869404e-05
4607,διώκετε,3,2.18096165869404e-05
4608,βάρβαρος,3,2.18096165869404e-05
4609,νοῦς,3,2.18096165869404e-05
4610,εὐχαριστίᾳ,3,2.18096165869404e-05
4611,μαθεῖν,3,2.18096165869404e-05
4612,κενή,3,2.18096165869404e-05
4613,ὑπέταξε(ν),3,2.18096165869404e-05
4614,ὄφελος,3,2.18096165869404e-05
4615,σπείρεις,3,2.18096165869404e-05
4616,ἐπουρανίων,3,2.18096165869404e-05
4617,σελήνης,3,2.18096165869404e-05
4618,ψυχικόν,3,2.18096165869404e-05
4619,οἷος,3,2.18096165869404e-05
4620,ἐνδύσασθαι,3,2.18096165869404e-05
4621,θνητόν,3,2.18096165869404e-05
4622,ἀθανασίαν,3,2.18096165869404e-05
4623,Γαλατίας,3,2.18096165869404e-05
4624,ἐνεργής,3,2.18096165869404e-05
4625,ἐπιγινώσκετε,3,2.18096165869404e-05
4626,Ἀχαΐᾳ,3,2.18096165869404e-05
4627,περισσεύει,3,2.18096165869404e-05
4628,παράκλησις,3,2.18096165869404e-05
4629,ὦμεν,3,2.18096165869404e-05
4630,τοὐναντίον,3,2.18096165869404e-05
4631,ὀσμήν,3,2.18096165869404e-05
4632,καινῆς,3,2.18096165869404e-05
4633,μέρει,3,2.18096165869404e-05
4634,θλιβόμενοι,3,2.18096165869404e-05
4635,ἐνεργεῖται,3,2.18096165869404e-05
4636,πληγαῖς,3,2.18096165869404e-05
4637,κόποις,3,2.18096165869404e-05
4638,ἀποθνῄσκοντες,3,2.18096165869404e-05
4639,ἐλυπήθητε,3,2.18096165869404e-05
4640,ἀπολογίαν,3,2.18096165869404e-05
4641,τρόμου,3,2.18096165869404e-05
4642,καυχήσεως,3,2.18096165869404e-05
4643,ὑστερήματα,3,2.18096165869404e-05
4644,ὁμολογίας,3,2.18096165869404e-05
4645,κοινωνίας,3,2.18096165869404e-05
4646,καθαίρεσιν,3,2.18096165869404e-05
4647,καυχᾶσθαι,3,2.18096165869404e-05
4648,διωγμοῖς,3,2.18096165869404e-05
4649,Τίτος,3,2.18096165869404e-05
4650,ἀσελγείᾳ,3,2.18096165869404e-05
4651,δοκιμάζετε,3,2.18096165869404e-05
4652,κατάρας,3,2.18096165869404e-05
4653,γεννηθείς,3,2.18096165869404e-05
4654,ὅμοια,3,2.18096165869404e-05
4655,ἀγαθοῖς,3,2.18096165869404e-05
4656,φθοράν,3,2.18096165869404e-05
4657,ἀμώμους,3,2.18096165869404e-05
4658,κατενώπιον,3,2.18096165869404e-05
4659,ὑπεράνω,3,2.18096165869404e-05
4660,παραπτώμασι(ν),3,2.18096165869404e-05
4661,μυστηρίου,3,2.18096165869404e-05
4662,μῆκος,3,2.18096165869404e-05
4663,ὕψος,3,2.18096165869404e-05
4664,ὑπερεκπερισσοῦ,3,2.18096165869404e-05
4665,αἰχμαλωσίαν,3,2.18096165869404e-05
4666,περιπατεῖ,3,2.18096165869404e-05
4667,ἐδιδάχθητε,3,2.18096165869404e-05
4668,πρέπει,3,2.18096165869404e-05
4669,ἴστε,3,2.18096165869404e-05
4670,εὐχαριστοῦντες,3,2.18096165869404e-05
4671,ταπεινοφροσύνῃ,3,2.18096165869404e-05
4672,ἡγήσατο,3,2.18096165869404e-05
4673,ἡγοῦμαι,3,2.18096165869404e-05
4674,ἐχάρην,3,2.18096165869404e-05
4675,πρωτότοκος,3,2.18096165869404e-05
4676,πονηροῖς,3,2.18096165869404e-05
4677,θυμόν,3,2.18096165869404e-05
4678,ἠγαπημένοι,3,2.18096165869404e-05
4679,Μᾶρκος,3,2.18096165869404e-05
4680,Λουκᾶς,3,2.18096165869404e-05
4681,Δημᾶς,3,2.18096165869404e-05
4682,Μακεδονίᾳ,3,2.18096165869404e-05
4683,εἴσοδον,3,2.18096165869404e-05
4684,στηρίξαι,3,2.18096165869404e-05
4685,ἐρωτῶμεν,3,2.18096165869404e-05
4686,παρουσίαν,3,2.18096165869404e-05
4687,παρακαλεῖτε,3,2.18096165869404e-05
4688,ἐπιστολῆς,3,2.18096165869404e-05
4689,παραγγέλλομεν,3,2.18096165869404e-05
4690,τέκνῳ,3,2.18096165869404e-05
4691,μύθοις,3,2.18096165869404e-05
4692,ὑγιαινούσῃ,3,2.18096165869404e-05
4693,ποιεῖσθαι,3,2.18096165869404e-05
4694,προσευχάς,3,2.18096165869404e-05
4695,ἐπίσκοπον,3,2.18096165869404e-05
4696,ὀνειδισμόν,3,2.18096165869404e-05
4697,προσέχοντες,3,2.18096165869404e-05
4698,γαμεῖν,3,2.18096165869404e-05
4699,βεβήλους,3,2.18096165869404e-05
4700,ὠφέλιμος,3,2.18096165869404e-05
4701,παράγγελλε,3,2.18096165869404e-05
4702,νεωτέρας,3,2.18096165869404e-05
4703,ἔχουσαι,3,2.18096165869404e-05
4704,ἀργαί,3,2.18096165869404e-05
4705,ἔλεγχε,3,2.18096165869404e-05
4706,ζητήσεις,3,2.18096165869404e-05
4707,ὁμολογίαν,3,2.18096165869404e-05
4708,παραθήκην,3,2.18096165869404e-05
4709,μνημόνευε,3,2.18096165869404e-05
4710,προκόψουσι(ν),3,2.18096165869404e-05
4711,πραΰτητι,3,2.18096165869404e-05
4712,ἐπιφάνειαν,3,2.18096165869404e-05
4713,ἄγε,3,2.18096165869404e-05
4714,ἀπέλιπον,3,2.18096165869404e-05
4715,ποιήσεις,3,2.18096165869404e-05
4716,ὅσῳ,3,2.18096165869404e-05
4717,ῥάβδος,3,2.18096165869404e-05
4718,μισθαποδοσίαν,3,2.18096165869404e-05
4719,μέτοχοι,3,2.18096165869404e-05
4720,ποιήσαντι,3,2.18096165869404e-05
4721,σκληρύνητε,3,2.18096165869404e-05
4722,ἀπειθήσασι(ν),3,2.18096165869404e-05
4723,κατέπαυσε(ν),3,2.18096165869404e-05
4724,ἀπολείπεται,3,2.18096165869404e-05
4725,μείζονος,3,2.18096165869404e-05
4726,φυλήν,3,2.18096165869404e-05
4727,ὅσιος,3,2.18096165869404e-05
4728,ἀμίαντος,3,2.18096165869404e-05
4729,τράγων,3,2.18096165869404e-05
4730,θυσίαις,3,2.18096165869404e-05
4731,Κάϊν,3,2.18096165869404e-05
4732,πόρνη,3,2.18096165869404e-05
4733,στόματα,3,2.18096165869404e-05
4734,λεόντων,3,2.18096165869404e-05
4735,ποιητής,3,2.18096165869404e-05
4736,βλασφημοῦσι(ν),3,2.18096165869404e-05
4737,ἀντιτάσσεται,3,2.18096165869404e-05
4738,ὑποτάγητε,3,2.18096165869404e-05
4739,πληθυνθείη,3,2.18096165869404e-05
4740,δόξας,3,2.18096165869404e-05
4741,κακοποιῶν,3,2.18096165869404e-05
4742,λέων,3,2.18096165869404e-05
4743,Βαλαάμ,3,2.18096165869404e-05
4744,πλάνῃ,3,2.18096165869404e-05
4745,περιπατῶμεν,3,2.18096165869404e-05
4746,τετελείωται,3,2.18096165869404e-05
4747,νενικήκατε,3,2.18096165869404e-05
4748,ἀντίχριστος,3,2.18096165869404e-05
4749,χρῖσμα,3,2.18096165869404e-05
4750,ἀρνούμενος,3,2.18096165869404e-05
4751,ἀγαπητέ,3,2.18096165869404e-05
4752,ἀσεβεῖς,3,2.18096165869404e-05
4753,Ἄλφα,3,2.18096165869404e-05
4754,Ὦ,3,2.18096165869404e-05
4755,ἀστέρας,3,2.18096165869404e-05
4756,κρατοῦντας,3,2.18096165869404e-05
4757,ῥομφαίᾳ,3,2.18096165869404e-05
4758,ἥξω,3,2.18096165869404e-05
4759,σιδηρᾷ,3,2.18096165869404e-05
4760,ψυχρός,3,2.18096165869404e-05
4761,ζεστός,3,2.18096165869404e-05
4762,ὁράσει,3,2.18096165869404e-05
4763,κυκλόθεν,3,2.18096165869404e-05
4764,σφραγῖδας,3,2.18096165869404e-05
4765,ᾄδουσι(ν),3,2.18096165869404e-05
4766,ζῴου,3,2.18096165869404e-05
4767,ᾅδης,3,2.18096165869404e-05
4768,ἐσφραγισμένοι,3,2.18096165869404e-05
4769,φυλῶν,3,2.18096165869404e-05
4770,χάλαζα,3,2.18096165869404e-05
4771,κατεκάη,3,2.18096165869404e-05
4772,τέταρτος,3,2.18096165869404e-05
4773,μεσουρανήματι,3,2.18096165869404e-05
4774,πέμπτος,3,2.18096165869404e-05
4775,φρέατος,3,2.18096165869404e-05
4776,θώρακας,3,2.18096165869404e-05
4777,κεφαλαί,3,2.18096165869404e-05
4778,καταβαίνοντα,3,2.18096165869404e-05
4779,βιβλαρίδιον,3,2.18096165869404e-05
4780,ἠνεῳγμένον,3,2.18096165869404e-05
4781,ἀναβαῖνον,3,2.18096165869404e-05
4782,ἥμισυ,3,2.18096165869404e-05
4783,μικρούς,3,2.18096165869404e-05
4784,περιβεβλημένη,3,2.18096165869404e-05
4785,διαδήματα,3,2.18096165869404e-05
4786,ἐβλήθησαν,3,2.18096165869404e-05
4787,πληγή,3,2.18096165869404e-05
4788,μέτωπον,3,2.18096165869404e-05
4789,θείῳ,3,2.18096165869404e-05
4790,βασανισμοῦ,3,2.18096165869404e-05
4791,δίκαιαι,3,2.18096165869404e-05
4792,ἀληθιναί,3,2.18096165869404e-05
4793,λαμπρόν,3,2.18096165869404e-05
4794,ἐβλασφήμησαν,3,2.18096165869404e-05
4795,κόκκινον,3,2.18096165869404e-05
4796,φυλακή,3,2.18096165869404e-05
4797,Ἀράμ,2,1.4539744391293602e-05
4798,Σαλμών,2,1.4539744391293602e-05
4799,Βόες,2,1.4539744391293602e-05
4800,Ἰωβήδ,2,1.4539744391293602e-05
4801,Ῥοβοάμ,2,1.4539744391293602e-05
4802,Ἀσάφ,2,1.4539744391293602e-05
4803,Ἰωσαφάτ,2,1.4539744391293602e-05
4804,Ἰωράμ,2,1.4539744391293602e-05
4805,Ἰωαθάμ,2,1.4539744391293602e-05
4806,Ἀχάζ,2,1.4539744391293602e-05
4807,Μανασσῆ,2,1.4539744391293602e-05
4808,Ἀβιούδ,2,1.4539744391293602e-05
4809,Ἀζώρ,2,1.4539744391293602e-05
4810,Σαδώκ,2,1.4539744391293602e-05
4811,Ἀχίμ,2,1.4539744391293602e-05
4812,Ἐλιούδ,2,1.4539744391293602e-05
4813,Ἐλεάζαρ,2,1.4539744391293602e-05
4814,Ματθάν,2,1.4539744391293602e-05
4815,τέξεται,2,1.4539744391293602e-05
4816,ἀνατολῇ,2,1.4539744391293602e-05
4817,συναγαγών,2,1.4539744391293602e-05
4818,ἡγεμόσι(ν),2,1.4539744391293602e-05
4819,ἠκρίβωσε(ν),2,1.4539744391293602e-05
4820,ἐξετάσατε,2,1.4539744391293602e-05
4821,εὕρητε,2,1.4539744391293602e-05
4822,λίβανον,2,1.4539744391293602e-05
4823,ἀνακάμψαι,2,1.4539744391293602e-05
4824,Ἡρῴδην,2,1.4539744391293602e-05
4825,ζητεῖν,2,1.4539744391293602e-05
4826,μάγων,2,1.4539744391293602e-05
4827,ἀνεῖλε(ν),2,1.4539744391293602e-05
4828,ὁρίοις,2,1.4539744391293602e-05
4829,Ἰερεμίου,2,1.4539744391293602e-05
4830,χρηματισθείς,2,1.4539744391293602e-05
4831,τριχῶν,2,1.4539744391293602e-05
4832,καμήλου,2,1.4539744391293602e-05
4833,δερματίνην,2,1.4539744391293602e-05
4834,τροφή,2,1.4539744391293602e-05
4835,ἀκρίδες,2,1.4539744391293602e-05
4836,ἄγριον,2,1.4539744391293602e-05
4837,Ἰουδαία,2,1.4539744391293602e-05
4838,Ἰορδάνῃ,2,1.4539744391293602e-05
4839,ὑπέδειξε(ν),2,1.4539744391293602e-05
4840,λίθων,2,1.4539744391293602e-05
4841,ἐγεῖραι,2,1.4539744391293602e-05
4842,ἀξίνη,2,1.4539744391293602e-05
4843,πτύον,2,1.4539744391293602e-05
4844,ἅλωνα,2,1.4539744391293602e-05
4845,ἄχυρον,2,1.4539744391293602e-05
4846,κατακαύσει,2,1.4539744391293602e-05
4847,ἀσβέστῳ,2,1.4539744391293602e-05
4848,Ἰορδάνην,2,1.4539744391293602e-05
4849,πρέπον,2,1.4539744391293602e-05
4850,ἀνήχθη,2,1.4539744391293602e-05
4851,πειρασθῆναι,2,1.4539744391293602e-05
4852,ἄρτῳ,2,1.4539744391293602e-05
4853,πτερύγιον,2,1.4539744391293602e-05
4854,ἐντελεῖται,2,1.4539744391293602e-05
4855,προσκόψῃς,2,1.4539744391293602e-05
4856,ἐκπειράσεις,2,1.4539744391293602e-05
4857,δείκνυσι(ν),2,1.4539744391293602e-05
4858,προσκυνήσῃς,2,1.4539744391293602e-05
4859,προσκυνήσεις,2,1.4539744391293602e-05
4860,λατρεύσεις,2,1.4539744391293602e-05
4861,Ναζαρά,2,1.4539744391293602e-05
4862,βάλλοντας,2,1.4539744391293602e-05
4863,προβάς,2,1.4539744391293602e-05
4864,καταρτίζοντας,2,1.4539744391293602e-05
4865,θεραπεύων,2,1.4539744391293602e-05
4866,βασάνοις,2,1.4539744391293602e-05
4867,Δεκαπόλεως,2,1.4539744391293602e-05
4868,προσῆλθαν,2,1.4539744391293602e-05
4869,πεινῶντες,2,1.4539744391293602e-05
4870,κληθήσονται,2,1.4539744391293602e-05
4871,ὀνειδίσωσι(ν),2,1.4539744391293602e-05
4872,μωρανθῇ,2,1.4539744391293602e-05
4873,ἁλισθήσεται,2,1.4539744391293602e-05
4874,κρυβῆναι,2,1.4539744391293602e-05
4875,λάμπει,2,1.4539744391293602e-05
4876,δοξάσωσι(ν),2,1.4539744391293602e-05
4877,νομίσητε,2,1.4539744391293602e-05
4878,λύσῃ,2,1.4539744391293602e-05
4879,διδάξῃ,2,1.4539744391293602e-05
4880,ἐλάχιστος,2,1.4539744391293602e-05
4881,περισσεύσῃ,2,1.4539744391293602e-05
4882,ἀρχαίοις,2,1.4539744391293602e-05
4883,ἀντίδικος,2,1.4539744391293602e-05
4884,κριτῇ,2,1.4539744391293602e-05
4885,ὑπηρέτῃ,2,1.4539744391293602e-05
4886,ἐξέλθῃς,2,1.4539744391293602e-05
4887,ἀποδῷς,2,1.4539744391293602e-05
4888,ἔξελε,2,1.4539744391293602e-05
4889,μελῶν,2,1.4539744391293602e-05
4890,ἀπολύων,2,1.4539744391293602e-05
4891,ὀμόσαι,2,1.4539744391293602e-05
4892,πονηρῷ,2,1.4539744391293602e-05
4893,σιαγόνα,2,1.4539744391293602e-05
4894,θέλοντι,2,1.4539744391293602e-05
4895,ἐχθρόν,2,1.4539744391293602e-05
4896,ἀγαθούς,2,1.4539744391293602e-05
4897,ἀδίκους,2,1.4539744391293602e-05
4898,ἀσπάσησθε,2,1.4539744391293602e-05
4899,ἐθνικοί,2,1.4539744391293602e-05
4900,θεαθῆναι,2,1.4539744391293602e-05
4901,προσεύχησθε,2,1.4539744391293602e-05
4902,φιλοῦσι(ν),2,1.4539744391293602e-05
4903,γωνίαις,2,1.4539744391293602e-05
4904,φανῶσι(ν),2,1.4539744391293602e-05
4905,ταμεῖον,2,1.4539744391293602e-05
4906,δοκοῦσι(ν),2,1.4539744391293602e-05
4907,ἐλθέτω,2,1.4539744391293602e-05
4908,ἐπιούσιον,2,1.4539744391293602e-05
4909,εἰσενέγκῃς,2,1.4539744391293602e-05
4910,σκυθρωποί,2,1.4539744391293602e-05
4911,νηστεύοντες,2,1.4539744391293602e-05
4912,νηστεύων,2,1.4539744391293602e-05
4913,κρυφαίῳ,2,1.4539744391293602e-05
4914,θησαυρίζετε,2,1.4539744391293602e-05
4915,ἀφανίζει,2,1.4539744391293602e-05
4916,διορύσσουσι(ν),2,1.4539744391293602e-05
4917,κλέπτουσι(ν),2,1.4539744391293602e-05
4918,θησαυρός,2,1.4539744391293602e-05
4919,ἁπλοῦς,2,1.4539744391293602e-05
4920,μισήσει,2,1.4539744391293602e-05
4921,ἀνθέξεται,2,1.4539744391293602e-05
4922,καταφρονήσει,2,1.4539744391293602e-05
4923,σπείρουσι(ν),2,1.4539744391293602e-05
4924,θερίζουσι(ν),2,1.4539744391293602e-05
4925,συνάγουσι(ν),2,1.4539744391293602e-05
4926,ἀποθήκας,2,1.4539744391293602e-05
4927,τρέφει,2,1.4539744391293602e-05
4928,προσθεῖναι,2,1.4539744391293602e-05
4929,πῆχυν,2,1.4539744391293602e-05
4930,κρίνα,2,1.4539744391293602e-05
4931,περιεβάλετο,2,1.4539744391293602e-05
4932,κλίβανον,2,1.4539744391293602e-05
4933,βαλλόμενον,2,1.4539744391293602e-05
4934,πίωμεν,2,1.4539744391293602e-05
4935,χρῄζετε,2,1.4539744391293602e-05
4936,μεριμνήσει,2,1.4539744391293602e-05
4937,ἀρκετόν,2,1.4539744391293602e-05
4938,κρίματι,2,1.4539744391293602e-05
4939,μετρηθήσεται,2,1.4539744391293602e-05
4940,κατανοεῖς,2,1.4539744391293602e-05
4941,ὑποκριτά,2,1.4539744391293602e-05
4942,διαβλέψεις,2,1.4539744391293602e-05
4943,μαργαρίτας,2,1.4539744391293602e-05
4944,κρούετε,2,1.4539744391293602e-05
4945,αἰτῶν,2,1.4539744391293602e-05
4946,κρούοντι,2,1.4539744391293602e-05
4947,στενῆς,2,1.4539744391293602e-05
4948,πλατεῖα,2,1.4539744391293602e-05
4949,πύλη,2,1.4539744391293602e-05
4950,ἀπάγουσα,2,1.4539744391293602e-05
4951,εἰσερχόμενοι,2,1.4539744391293602e-05
4952,εὑρίσκοντες,2,1.4539744391293602e-05
4953,λύκοι,2,1.4539744391293602e-05
4954,συλλέγουσι(ν),2,1.4539744391293602e-05
4955,ἐποιήσαμεν,2,1.4539744391293602e-05
4956,βροχή,2,1.4539744391293602e-05
4957,ἔπνευσαν,2,1.4539744391293602e-05
4958,ἄμμον,2,1.4539744391293602e-05
4959,προσέκοψαν,2,1.4539744391293602e-05
4960,λεπρός,2,1.4539744391293602e-05
4961,βέβληται,2,1.4539744391293602e-05
4962,παραλυτικός,2,1.4539744391293602e-05
4963,δεινῶς,2,1.4539744391293602e-05
4964,τοσαύτην,2,1.4539744391293602e-05
4965,ἀνακλιθήσονται,2,1.4539744391293602e-05
4966,ἐπίστευσας,2,1.4539744391293602e-05
4967,πενθεράν,2,1.4539744391293602e-05
4968,ἀπέρχῃ,2,1.4539744391293602e-05
4969,ἀλώπεκες,2,1.4539744391293602e-05
4970,φωλεούς,2,1.4539744391293602e-05
4971,κατασκηνώσεις,2,1.4539744391293602e-05
4972,κλίνῃ,2,1.4539744391293602e-05
4973,κυμάτων,2,1.4539744391293602e-05
4974,δειλοί,2,1.4539744391293602e-05
4975,ἀνέμοις,2,1.4539744391293602e-05
4976,ποταπός,2,1.4539744391293602e-05
4977,ὑπήντησαν,2,1.4539744391293602e-05
4978,χαλεποί,2,1.4539744391293602e-05
4979,ἀπόστειλον,2,1.4539744391293602e-05
4980,μεταβῇ,2,1.4539744391293602e-05
4981,παραλυτικόν,2,1.4539744391293602e-05
4982,βλασφημεῖ,2,1.4539744391293602e-05
4983,ἐνθυμήσεις,2,1.4539744391293602e-05
4984,δόντα,2,1.4539744391293602e-05
4985,ἀνακειμένου,2,1.4539744391293602e-05
4986,συνανέκειντο,2,1.4539744391293602e-05
4987,ἰσχύοντες,2,1.4539744391293602e-05
4988,προσέρχονται,2,1.4539744391293602e-05
4989,ἐπιβάλλει,2,1.4539744391293602e-05
4990,ῥάκους,2,1.4539744391293602e-05
4991,ἀγνάφου,2,1.4539744391293602e-05
4992,παλαιῷ,2,1.4539744391293602e-05
4993,προσελθοῦσα,2,1.4539744391293602e-05
4994,ἑαυτῇ,2,1.4539744391293602e-05
4995,ἅψωμαι,2,1.4539744391293602e-05
4996,σωθήσομαι,2,1.4539744391293602e-05
4997,φήμη,2,1.4539744391293602e-05
4998,δαιμονιζόμενον,2,1.4539744391293602e-05
4999,Βαρθολομαῖος,2,1.4539744391293602e-05
5000,Μαθθαῖος,2,1.4539744391293602e-05
5001,ἀπέλθητε,2,1.4539744391293602e-05
5002,ἀπολωλότα,2,1.4539744391293602e-05
5003,θεραπεύετε,2,1.4539744391293602e-05
5004,ἄργυρον,2,1.4539744391293602e-05
5005,ζώνας,2,1.4539744391293602e-05
5006,ἀξία,2,1.4539744391293602e-05
5007,ἐκτινάξατε,2,1.4539744391293602e-05
5008,λύκων,2,1.4539744391293602e-05
5009,ἀκέραιοι,2,1.4539744391293602e-05
5010,συνέδρια,2,1.4539744391293602e-05
5011,μαστιγώσουσι(ν),2,1.4539744391293602e-05
5012,ἡγεμόνας,2,1.4539744391293602e-05
5013,λαλοῦν,2,1.4539744391293602e-05
5014,ἐπαναστήσονται,2,1.4539744391293602e-05
5015,τελέσητε,2,1.4539744391293602e-05
5016,κηρύξατε,2,1.4539744391293602e-05
5017,δωμάτων,2,1.4539744391293602e-05
5018,στρουθία,2,1.4539744391293602e-05
5019,πεσεῖται,2,1.4539744391293602e-05
5020,στρουθίων,2,1.4539744391293602e-05
5021,ὁμολογήσει,2,1.4539744391293602e-05
5022,ποτίσῃ,2,1.4539744391293602e-05
5023,πόλεσι(ν),2,1.4539744391293602e-05
5024,ἀναβλέπουσι(ν),2,1.4539744391293602e-05
5025,καθαρίζονται,2,1.4539744391293602e-05
5026,κωφοί,2,1.4539744391293602e-05
5027,εὐαγγελίζονται,2,1.4539744391293602e-05
5028,σκανδαλισθῇ,2,1.4539744391293602e-05
5029,σαλευόμενον,2,1.4539744391293602e-05
5030,μαλακοῖς,2,1.4539744391293602e-05
5031,ἠμφιεσμένον,2,1.4539744391293602e-05
5032,γεννητοῖς,2,1.4539744391293602e-05
5033,βιάζεται,2,1.4539744391293602e-05
5034,παιδίοις,2,1.4539744391293602e-05
5035,ἑτέροις,2,1.4539744391293602e-05
5036,ηὐλήσαμεν,2,1.4539744391293602e-05
5037,ὠρχήσασθε,2,1.4539744391293602e-05
5038,ἐθρηνήσαμεν,2,1.4539744391293602e-05
5039,φάγος,2,1.4539744391293602e-05
5040,οἰνοπότης,2,1.4539744391293602e-05
5041,Χοραζίν,2,1.4539744391293602e-05
5042,σάκκῳ,2,1.4539744391293602e-05
5043,σποδῷ,2,1.4539744391293602e-05
5044,ὑψωθήσῃ,2,1.4539744391293602e-05
5045,Σοδόμοις,2,1.4539744391293602e-05
5046,ἐξομολογοῦμαι,2,1.4539744391293602e-05
5047,ἀπεκάλυψας,2,1.4539744391293602e-05
5048,ἐπιγινώσκει,2,1.4539744391293602e-05
5049,βούληται,2,1.4539744391293602e-05
5050,κοπιῶντες,2,1.4539744391293602e-05
5051,πραΰς,2,1.4539744391293602e-05
5052,φορτίον,2,1.4539744391293602e-05
5053,ἐλαφρόν,2,1.4539744391293602e-05
5054,ἱερεῦσι(ν),2,1.4539744391293602e-05
5055,ἐγνώκειτε,2,1.4539744391293602e-05
5056,κατεδικάσατε,2,1.4539744391293602e-05
5057,κατηγορήσωσι(ν),2,1.4539744391293602e-05
5058,ἐξέτεινε(ν),2,1.4539744391293602e-05
5059,ἀκούσει,2,1.4539744391293602e-05
5060,πλατείαις,2,1.4539744391293602e-05
5061,λίνον,2,1.4539744391293602e-05
5062,ἐλπιοῦσι(ν),2,1.4539744391293602e-05
5063,μερισθεῖσα,2,1.4539744391293602e-05
5064,ἐρημοῦται,2,1.4539744391293602e-05
5065,ἐμερίσθη,2,1.4539744391293602e-05
5066,ἰσχυροῦ,2,1.4539744391293602e-05
5067,ἁρπάσαι,2,1.4539744391293602e-05
5068,δήσῃ,2,1.4539744391293602e-05
5069,διαρπάσει,2,1.4539744391293602e-05
5070,γινώσκεται,2,1.4539744391293602e-05
5071,περισσεύματος,2,1.4539744391293602e-05
5072,λαλήσουσι(ν),2,1.4539744391293602e-05
5073,Ἰωνᾶς,2,1.4539744391293602e-05
5074,Νινευῖται,2,1.4539744391293602e-05
5075,κατακρινεῖ,2,1.4539744391293602e-05
5076,περάτων,2,1.4539744391293602e-05
5077,διέρχεται,2,1.4539744391293602e-05
5078,ἀνύδρων,2,1.4539744391293602e-05
5079,ζητοῦν,2,1.4539744391293602e-05
5080,ἐλθόν,2,1.4539744391293602e-05
5081,σεσαρωμένον,2,1.4539744391293602e-05
5082,κεκοσμημένον,2,1.4539744391293602e-05
5083,πονηρότερα,2,1.4539744391293602e-05
5084,πονηρᾷ,2,1.4539744391293602e-05
5085,ἐμβάντα,2,1.4539744391293602e-05
5086,καθῆσθαι,2,1.4539744391293602e-05
5087,ἐλθόντα,2,1.4539744391293602e-05
5088,ἐξανέτειλε(ν),2,1.4539744391293602e-05
5089,ἀνατείλαντος,2,1.4539744391293602e-05
5090,ἐκαυματίσθη,2,1.4539744391293602e-05
5091,περισσευθήσεται,2,1.4539744391293602e-05
5092,ἀκούσετε,2,1.4539744391293602e-05
5093,συνῆτε,2,1.4539744391293602e-05
5094,βλέψετε,2,1.4539744391293602e-05
5095,ἐπαχύνθη,2,1.4539744391293602e-05
5096,βαρέως,2,1.4539744391293602e-05
5097,ἐκάμμυσαν,2,1.4539744391293602e-05
5098,συνῶσι(ν),2,1.4539744391293602e-05
5099,ἐπεθύμησαν,2,1.4539744391293602e-05
5100,ἀκούοντος,2,1.4539744391293602e-05
5101,ἁρπάζει,2,1.4539744391293602e-05
5102,ἐσπαρμένον,2,1.4539744391293602e-05
5103,διωγμοῦ,2,1.4539744391293602e-05
5104,μέριμνα,2,1.4539744391293602e-05
5105,ἀπάτη,2,1.4539744391293602e-05
5106,καρποφορεῖ,2,1.4539744391293602e-05
5107,ἐβλάστησε(ν),2,1.4539744391293602e-05
5108,οἰκοδεσπότου,2,1.4539744391293602e-05
5109,συναγάγετε,2,1.4539744391293602e-05
5110,μικρότερον,2,1.4539744391293602e-05
5111,λαχάνων,2,1.4539744391293602e-05
5112,κατασκηνοῦν,2,1.4539744391293602e-05
5113,κλάδοις,2,1.4539744391293602e-05
5114,ἀλεύρου,2,1.4539744391293602e-05
5115,σάτα,2,1.4539744391293602e-05
5116,ἐζυμώθη,2,1.4539744391293602e-05
5117,καίεται,2,1.4539744391293602e-05
5118,κάμινον,2,1.4539744391293602e-05
5119,ἀγοράζει,2,1.4539744391293602e-05
5120,καθίσαντες,2,1.4539744391293602e-05
5121,ἐξελεύσονται,2,1.4539744391293602e-05
5122,παλαιά,2,1.4539744391293602e-05
5123,μετῆρε(ν),2,1.4539744391293602e-05
5124,ἐσκανδαλίζοντο,2,1.4539744391293602e-05
5125,ἄτιμος,2,1.4539744391293602e-05
5126,ἐνεργοῦσι(ν),2,1.4539744391293602e-05
5127,Ἡρῳδιάδα,2,1.4539744391293602e-05
5128,γενεσίοις,2,1.4539744391293602e-05
5129,ὅρκου,2,1.4539744391293602e-05
5130,ἀπεκεφάλισε(ν),2,1.4539744391293602e-05
5131,ἠνέχθη,2,1.4539744391293602e-05
5132,πεζῇ,2,1.4539744391293602e-05
5133,παρῆλθε(ν),2,1.4539744391293602e-05
5134,κελεύσας,2,1.4539744391293602e-05
5135,περισσεῦον,2,1.4539744391293602e-05
5136,ἠνάγκασε(ν),2,1.4539744391293602e-05
5137,ἐμβῆναι,2,1.4539744391293602e-05
5138,προάγειν,2,1.4539744391293602e-05
5139,ἀπολύσας,2,1.4539744391293602e-05
5140,ἐναντίος,2,1.4539744391293602e-05
5141,ἐταράχθησαν,2,1.4539744391293602e-05
5142,φάντασμα,2,1.4539744391293602e-05
5143,κέλευσον,2,1.4539744391293602e-05
5144,ἐλθέ,2,1.4539744391293602e-05
5145,ἐπελάβετο,2,1.4539744391293602e-05
5146,διαπεράσαντες,2,1.4539744391293602e-05
5147,ἥψαντο,2,1.4539744391293602e-05
5148,διεσώθησαν,2,1.4539744391293602e-05
5149,ἐσθίωσι(ν),2,1.4539744391293602e-05
5150,κακολογῶν,2,1.4539744391293602e-05
5151,τελευτάτω,2,1.4539744391293602e-05
5152,ὠφεληθῇς,2,1.4539744391293602e-05
5153,τιμήσει,2,1.4539744391293602e-05
5154,μάτην,2,1.4539744391293602e-05
5155,σέβονται,2,1.4539744391293602e-05
5156,ἀσύνετοι,2,1.4539744391293602e-05
5157,χωρεῖ,2,1.4539744391293602e-05
5158,ἀφεδρῶνα,2,1.4539744391293602e-05
5159,ἐκπορευόμενα,2,1.4539744391293602e-05
5160,ἐξέρχονται,2,1.4539744391293602e-05
5161,φόνοι,2,1.4539744391293602e-05
5162,μοιχεῖαι,2,1.4539744391293602e-05
5163,πορνεῖαι,2,1.4539744391293602e-05
5164,κλοπαί,2,1.4539744391293602e-05
5165,κοινοῦντα,2,1.4539744391293602e-05
5166,ἀνίπτοις,2,1.4539744391293602e-05
5167,βοήθει,2,1.4539744391293602e-05
5168,κυναρίοις,2,1.4539744391293602e-05
5169,κυνάρια,2,1.4539744391293602e-05
5170,ψιχίων,2,1.4539744391293602e-05
5171,πιπτόντων,2,1.4539744391293602e-05
5172,κυλλούς,2,1.4539744391293602e-05
5173,ἔρριψαν,2,1.4539744391293602e-05
5174,βλέποντας,2,1.4539744391293602e-05
5175,σπλαγχνίζομαι,2,1.4539744391293602e-05
5176,προσμένουσι(ν),2,1.4539744391293602e-05
5177,νήστεις,2,1.4539744391293602e-05
5178,ἐρημίᾳ,2,1.4539744391293602e-05
5179,χορτάσαι,2,1.4539744391293602e-05
5180,ἰχθύδια,2,1.4539744391293602e-05
5181,τετρακισχίλιοι,2,1.4539744391293602e-05
5182,ἐνέβη,2,1.4539744391293602e-05
5183,πυρράζει,2,1.4539744391293602e-05
5184,χειμών,2,1.4539744391293602e-05
5185,ἐπελάθοντο,2,1.4539744391293602e-05
5186,ἀπεκάλυψε(ν),2,1.4539744391293602e-05
5187,πέτρᾳ,2,1.4539744391293602e-05
5188,προσλαβόμενος,2,1.4539744391293602e-05
5189,ἐπιτιμᾶν,2,1.4539744391293602e-05
5190,ἵλεως,2,1.4539744391293602e-05
5191,ἀπαρνησάσθω,2,1.4539744391293602e-05
5192,ἀντάλλαγμα,2,1.4539744391293602e-05
5193,πρᾶξιν,2,1.4539744391293602e-05
5194,ἀναφέρει,2,1.4539744391293602e-05
5195,μετεμορφώθη,2,1.4539744391293602e-05
5196,συλλαλοῦντες,2,1.4539744391293602e-05
5197,ἐπάραντες,2,1.4539744391293602e-05
5198,καταβαινόντων,2,1.4539744391293602e-05
5199,ἐγερθῇ,2,1.4539744391293602e-05
5200,γονυπετῶν,2,1.4539744391293602e-05
5201,πάσχει,2,1.4539744391293602e-05
5202,θεραπεῦσαι,2,1.4539744391293602e-05
5203,διεστραμμένη,2,1.4539744391293602e-05
5204,ἠδυνήθημεν,2,1.4539744391293602e-05
5205,ἔνθεν,2,1.4539744391293602e-05
5206,ἀδυνατήσει,2,1.4539744391293602e-05
5207,παραδίδοσθαι,2,1.4539744391293602e-05
5208,ἐλυπήθησαν,2,1.4539744391293602e-05
5209,δίδραχμα,2,1.4539744391293602e-05
5210,τέλη,2,1.4539744391293602e-05
5211,ἀναβάντα,2,1.4539744391293602e-05
5212,μύλος,2,1.4539744391293602e-05
5213,ὀνικός,2,1.4539744391293602e-05
5214,κυλλόν,2,1.4539744391293602e-05
5215,μονόφθαλμον,2,1.4539744391293602e-05
5216,πλανηθῇ,2,1.4539744391293602e-05
5217,ἁμαρτήσῃ,2,1.4539744391293602e-05
5218,ἔλεγξον,2,1.4539744391293602e-05
5219,μόνου,2,1.4539744391293602e-05
5220,παρακούσῃ,2,1.4539744391293602e-05
5221,αἰτήσωνται,2,1.4539744391293602e-05
5222,ἀφήσω,2,1.4539744391293602e-05
5223,ἀποδοθῆναι,2,1.4539744391293602e-05
5224,μακροθύμησον,2,1.4539744391293602e-05
5225,ὀφειλόμενον,2,1.4539744391293602e-05
5226,σύνδουλοι,2,1.4539744391293602e-05
5227,ὀφειλήν,2,1.4539744391293602e-05
5228,συνέζευξε(ν),2,1.4539744391293602e-05
5229,χωριζέτω,2,1.4539744391293602e-05
5230,ἀποστασίου,2,1.4539744391293602e-05
5231,γαμήσας,2,1.4539744391293602e-05
5232,αἰτία,2,1.4539744391293602e-05
5233,γαμῆσαι,2,1.4539744391293602e-05
5234,χωρεῖν,2,1.4539744391293602e-05
5235,ἐπετίμησαν,2,1.4539744391293602e-05
5236,ἐρωτᾷς,2,1.4539744391293602e-05
5237,τήρησον,2,1.4539744391293602e-05
5238,κλέψεις,2,1.4539744391293602e-05
5239,ῥαφίδος,2,1.4539744391293602e-05
5240,ἠκολουθήσαμεν,2,1.4539744391293602e-05
5241,καθήσεσθε,2,1.4539744391293602e-05
5242,κρίνοντες,2,1.4539744391293602e-05
5243,φυλάς,2,1.4539744391293602e-05
5244,ἐργατῶν,2,1.4539744391293602e-05
5245,ἀργούς,2,1.4539744391293602e-05
5246,ἑνδεκάτην,2,1.4539744391293602e-05
5247,ἀδικῶ,2,1.4539744391293602e-05
5248,ἐσχάτῳ,2,1.4539744391293602e-05
5249,ἐμοῖς,2,1.4539744391293602e-05
5250,γραμματεῦσι(ν),2,1.4539744391293602e-05
5251,μέλλω,2,1.4539744391293602e-05
5252,πίεσθε,2,1.4539744391293602e-05
5253,ἡτοίμασται,2,1.4539744391293602e-05
5254,κατακυριεύουσι(ν),2,1.4539744391293602e-05
5255,κατεξουσιάζουσι(ν),2,1.4539744391293602e-05
5256,διακονηθῆναι,2,1.4539744391293602e-05
5257,διακονῆσαι,2,1.4539744391293602e-05
5258,λύτρον,2,1.4539744391293602e-05
5259,παράγει,2,1.4539744391293602e-05
5260,στάς,2,1.4539744391293602e-05
5261,ἤγγισαν,2,1.4539744391293602e-05
5262,λύσαντες,2,1.4539744391293602e-05
5263,πλεῖστος,2,1.4539744391293602e-05
5264,ἔστρωσαν,2,1.4539744391293602e-05
5265,κλάδους,2,1.4539744391293602e-05
5266,ἐσείσθη,2,1.4539744391293602e-05
5267,ἀγοράζοντας,2,1.4539744391293602e-05
5268,κατέστρεψε(ν),2,1.4539744391293602e-05
5269,πωλούντων,2,1.4539744391293602e-05
5270,νηπίων,2,1.4539744391293602e-05
5271,κατηρτίσω,2,1.4539744391293602e-05
5272,αἶνον,2,1.4539744391293602e-05
5273,ποιήσετε,2,1.4539744391293602e-05
5274,ἄρθητι,2,1.4539744391293602e-05
5275,βλήθητι,2,1.4539744391293602e-05
5276,ἀμπελῶνι,2,1.4539744391293602e-05
5277,μεταμεληθείς,2,1.4539744391293602e-05
5278,πόρναι,2,1.4539744391293602e-05
5279,φραγμόν,2,1.4539744391293602e-05
5280,περιέθηκε(ν),2,1.4539744391293602e-05
5281,ἔδειραν,2,1.4539744391293602e-05
5282,σχῶμεν,2,1.4539744391293602e-05
5283,θαυμαστή,2,1.4539744391293602e-05
5284,ποιοῦντι,2,1.4539744391293602e-05
5285,συνθλασθήσεται,2,1.4539744391293602e-05
5286,λικμήσει,2,1.4539744391293602e-05
5287,κεκλημένους,2,1.4539744391293602e-05
5288,κεκλημένοις,2,1.4539744391293602e-05
5289,ἄριστον,2,1.4539744391293602e-05
5290,ἀμελήσαντες,2,1.4539744391293602e-05
5291,ἀνακειμένους,2,1.4539744391293602e-05
5292,ἐνδεδυμένον,2,1.4539744391293602e-05
5293,εἰσῆλθες,2,1.4539744391293602e-05
5294,ἐκβάλετε,2,1.4539744391293602e-05
5295,ἀποστέλλουσι(ν),2,1.4539744391293602e-05
5296,ἐπιδείξατε,2,1.4539744391293602e-05
5297,νομικός,2,1.4539744391293602e-05
5298,ἐτόλμησε(ν),2,1.4539744391293602e-05
5299,φορτία,2,1.4539744391293602e-05
5300,βαρέα,2,1.4539744391293602e-05
5301,ὤμους,2,1.4539744391293602e-05
5302,δακτύλῳ,2,1.4539744391293602e-05
5303,πρωτοκλισίαν,2,1.4539744391293602e-05
5304,κληθῆτε,2,1.4539744391293602e-05
5305,ὑψώσει,2,1.4539744391293602e-05
5306,εἰσερχομένους,2,1.4539744391293602e-05
5307,προσήλυτον,2,1.4539744391293602e-05
5308,μωροί,2,1.4539744391293602e-05
5309,χρυσός,2,1.4539744391293602e-05
5310,ἀποδεκατοῦτε,2,1.4539744391293602e-05
5311,ἡδύοσμον,2,1.4539744391293602e-05
5312,παροψίδος,2,1.4539744391293602e-05
5313,ἁρπαγῆς,2,1.4539744391293602e-05
5314,ἐντός,2,1.4539744391293602e-05
5315,ὡραῖοι,2,1.4539744391293602e-05
5316,ὀστέων,2,1.4539744391293602e-05
5317,φαίνεσθε,2,1.4539744391293602e-05
5318,μεστοί,2,1.4539744391293602e-05
5319,πληρώσατε,2,1.4539744391293602e-05
5320,ἐφονεύσατε,2,1.4539744391293602e-05
5321,ἀποκτείνουσα,2,1.4539744391293602e-05
5322,λιθοβολοῦσα,2,1.4539744391293602e-05
5323,ἀπεσταλμένους,2,1.4539744391293602e-05
5324,ὄρνις,2,1.4539744391293602e-05
5325,οἰκοδομάς,2,1.4539744391293602e-05
5326,συντελείας,2,1.4539744391293602e-05
5327,πολέμων,2,1.4539744391293602e-05
5328,θροεῖσθε,2,1.4539744391293602e-05
5329,ὠδίνων,2,1.4539744391293602e-05
5330,μισήσουσι(ν),2,1.4539744391293602e-05
5331,κηρυχθήσεται,2,1.4539744391293602e-05
5332,οἰκουμένῃ,2,1.4539744391293602e-05
5333,ἐρημώσεως,2,1.4539744391293602e-05
5334,ἑστός,2,1.4539744391293602e-05
5335,νοείτω,2,1.4539744391293602e-05
5336,οἵα,2,1.4539744391293602e-05
5337,ψευδόχριστοι,2,1.4539744391293602e-05
5338,πλανῆσαι,2,1.4539744391293602e-05
5339,ταμείοις,2,1.4539744391293602e-05
5340,συναχθήσονται,2,1.4539744391293602e-05
5341,ἀετοί,2,1.4539744391293602e-05
5342,σκοτισθήσεται,2,1.4539744391293602e-05
5343,φυλαί,2,1.4539744391293602e-05
5344,ἄκρων,2,1.4539744391293602e-05
5345,κλάδος,2,1.4539744391293602e-05
5346,ἁπαλός,2,1.4539744391293602e-05
5347,ἐκφύῃ,2,1.4539744391293602e-05
5348,θύραις,2,1.4539744391293602e-05
5349,παρελεύσεται,2,1.4539744391293602e-05
5350,πίνοντες,2,1.4539744391293602e-05
5351,κατακλυσμός,2,1.4539744391293602e-05
5352,παραλαμβάνεται,2,1.4539744391293602e-05
5353,ἀλήθουσαι,2,1.4539744391293602e-05
5354,διορυχθῆναι,2,1.4539744391293602e-05
5355,φρόνιμος,2,1.4539744391293602e-05
5356,τροφήν,2,1.4539744391293602e-05
5357,χρονίζει,2,1.4539744391293602e-05
5358,ἄρξηται,2,1.4539744391293602e-05
5359,ἐσθίῃ,2,1.4539744391293602e-05
5360,πίνῃ,2,1.4539744391293602e-05
5361,προσδοκᾷ,2,1.4539744391293602e-05
5362,διχοτομήσει,2,1.4539744391293602e-05
5363,ὑποκριτῶν,2,1.4539744391293602e-05
5364,θήσει,2,1.4539744391293602e-05
5365,λαβοῦσαι,2,1.4539744391293602e-05
5366,λαμπάδων,2,1.4539744391293602e-05
5367,μέσης,2,1.4539744391293602e-05
5368,ἐξέρχεσθε,2,1.4539744391293602e-05
5369,ἠγέρθησαν,2,1.4539744391293602e-05
5370,φρονίμοις,2,1.4539744391293602e-05
5371,ἐλαίου,2,1.4539744391293602e-05
5372,ἐκλείσθη,2,1.4539744391293602e-05
5373,λοιπαί,2,1.4539744391293602e-05
5374,ἄνοιξον,2,1.4539744391293602e-05
5375,ἐκέρδησε(ν),2,1.4539744391293602e-05
5376,παρέδωκας,2,1.4539744391293602e-05
5377,ἐκέρδησα,2,1.4539744391293602e-05
5378,πιστέ,2,1.4539744391293602e-05
5379,καταστήσω,2,1.4539744391293602e-05
5380,σκληρός,2,1.4539744391293602e-05
5381,ἔσπειρα,2,1.4539744391293602e-05
5382,τόκῳ,2,1.4539744391293602e-05
5383,ἡτοιμασμένην,2,1.4539744391293602e-05
5384,ἐπείνασα,2,1.4539744391293602e-05
5385,ἐδίψησα,2,1.4539744391293602e-05
5386,ἐποτίσατε,2,1.4539744391293602e-05
5387,συνηγάγετε,2,1.4539744391293602e-05
5388,περιεβάλετε,2,1.4539744391293602e-05
5389,ἐπεσκέψασθε,2,1.4539744391293602e-05
5390,ἀποκριθήσονται,2,1.4539744391293602e-05
5391,πεινῶντα,2,1.4539744391293602e-05
5392,διψῶντα,2,1.4539744391293602e-05
5393,ξένον,2,1.4539744391293602e-05
5394,κόλασιν,2,1.4539744391293602e-05
5395,συνεβουλεύσαντο,2,1.4539744391293602e-05
5396,λεπροῦ,2,1.4539744391293602e-05
5397,κατέχεε(ν),2,1.4539744391293602e-05
5398,παρέχετε,2,1.4539744391293602e-05
5399,κηρυχθῇ,2,1.4539744391293602e-05
5400,εὐκαιρίαν,2,1.4539744391293602e-05
5401,λυπούμενοι,2,1.4539744391293602e-05
5402,ὑμνήσαντες,2,1.4539744391293602e-05
5403,σκανδαλισθήσεσθε,2,1.4539744391293602e-05
5404,πατάξω,2,1.4539744391293602e-05
5405,διασκορπισθήσονται,2,1.4539744391293602e-05
5406,ποίμνης,2,1.4539744391293602e-05
5407,προάξω,2,1.4539744391293602e-05
5408,δέῃ,2,1.4539744391293602e-05
5409,ἀπαρνήσομαι,2,1.4539744391293602e-05
5410,Γεθσημανί,2,1.4539744391293602e-05
5411,προσεύξωμαι,2,1.4539744391293602e-05
5412,λυπεῖσθαι,2,1.4539744391293602e-05
5413,ἀδημονεῖν,2,1.4539744391293602e-05
5414,προελθών,2,1.4539744391293602e-05
5415,γρηγορῆσαι,2,1.4539744391293602e-05
5416,βεβαρημένοι,2,1.4539744391293602e-05
5417,ἀναπαύεσθε,2,1.4539744391293602e-05
5418,φιλήσω,2,1.4539744391293602e-05
5419,ὠτίον,2,1.4539744391293602e-05
5420,ἐκρατήσατε,2,1.4539744391293602e-05
5421,Καϊάφαν,2,1.4539744391293602e-05
5422,ἐσιώπα,2,1.4539744391293602e-05
5423,παίσας,2,1.4539744391293602e-05
5424,αὐλῇ,2,1.4539744391293602e-05
5425,ἦσθα,2,1.4539744391293602e-05
5426,λαλιά,2,1.4539744391293602e-05
5427,ἐμνήσθη,2,1.4539744391293602e-05
5428,πικρῶς,2,1.4539744391293602e-05
5429,πρωΐας,2,1.4539744391293602e-05
5430,θανατῶσαι,2,1.4539744391293602e-05
5431,ἔστρεψε(ν),2,1.4539744391293602e-05
5432,ἠγόρασαν,2,1.4539744391293602e-05
5433,κεραμέως,2,1.4539744391293602e-05
5434,πόσα,2,1.4539744391293602e-05
5435,θαυμάζειν,2,1.4539744391293602e-05
5436,ἡγεμόνα,2,1.4539744391293602e-05
5437,εἰώθει,2,1.4539744391293602e-05
5438,ἀπολύειν,2,1.4539744391293602e-05
5439,δικαίῳ,2,1.4539744391293602e-05
5440,σταυρωθήτω,2,1.4539744391293602e-05
5441,φραγελλώσας,2,1.4539744391293602e-05
5442,παραλαβόντες,2,1.4539744391293602e-05
5443,ἐκδύσαντες,2,1.4539744391293602e-05
5444,χλαμύδα,2,1.4539744391293602e-05
5445,ἐξέδυσαν,2,1.4539744391293602e-05
5446,ἐνέδυσαν,2,1.4539744391293602e-05
5447,Γολγοθᾶ,2,1.4539744391293602e-05
5448,γευσάμενος,2,1.4539744391293602e-05
5449,διεμερίσαντο,2,1.4539744391293602e-05
5450,βάλλοντες,2,1.4539744391293602e-05
5451,ἐβλασφήμουν,2,1.4539744391293602e-05
5452,κινοῦντες,2,1.4539744391293602e-05
5453,καταλύων,2,1.4539744391293602e-05
5454,οἰκοδομῶν,2,1.4539744391293602e-05
5455,ἐμπαίζοντες,2,1.4539744391293602e-05
5456,πέποιθε(ν),2,1.4539744391293602e-05
5457,ὠνείδιζον,2,1.4539744391293602e-05
5458,ἕκτης,2,1.4539744391293602e-05
5459,ἠλί,2,1.4539744391293602e-05
5460,λεμά,2,1.4539744391293602e-05
5461,σαβαχθάνι,2,1.4539744391293602e-05
5462,θεέ,2,1.4539744391293602e-05
5463,ἐγκατέλιπες,2,1.4539744391293602e-05
5464,περιθείς,2,1.4539744391293602e-05
5465,ἐπότιζε(ν),2,1.4539744391293602e-05
5466,κεκοιμημένων,2,1.4539744391293602e-05
5467,θεωροῦσαι,2,1.4539744391293602e-05
5468,ἐνετύλιξε(ν),2,1.4539744391293602e-05
5469,παρασκευήν,2,1.4539744391293602e-05
5470,πλάνος,2,1.4539744391293602e-05
5471,τρίτης,2,1.4539744391293602e-05
5472,χείρων,2,1.4539744391293602e-05
5473,κουστωδίας,2,1.4539744391293602e-05
5474,χιών,2,1.4539744391293602e-05
5475,προάγει,2,1.4539744391293602e-05
5476,ἀπελθοῦσαι,2,1.4539744391293602e-05
5477,κοιμωμένων,2,1.4539744391293602e-05
5478,πείσομεν,2,1.4539744391293602e-05
5479,ἀμερίμνους,2,1.4539744391293602e-05
5480,χώρα,2,1.4539744391293602e-05
5481,παραδοθῆναι,2,1.4539744391293602e-05
5482,εἰσπορεύονται,2,1.4539744391293602e-05
5483,ἀνέκραξε(ν),2,1.4539744391293602e-05
5484,Ναζαρηνέ,2,1.4539744391293602e-05
5485,φιμώθητι,2,1.4539744391293602e-05
5486,ἀκαθάρτοις,2,1.4539744391293602e-05
5487,Ἀνδρέου,2,1.4539744391293602e-05
5488,ἤφιε(ν),2,1.4539744391293602e-05
5489,ἐκβάλλων,2,1.4539744391293602e-05
5490,προσένεγκε,2,1.4539744391293602e-05
5491,τόποις,2,1.4539744391293602e-05
5492,ἐξορύξαντες,2,1.4539744391293602e-05
5493,Λευίν,2,1.4539744391293602e-05
5494,κατακεῖσθαι,2,1.4539744391293602e-05
5495,ἠκολούθουν,2,1.4539744391293602e-05
5496,νηστεύειν,2,1.4539744391293602e-05
5497,νυμφίον,2,1.4539744391293602e-05
5498,ῥήξει,2,1.4539744391293602e-05
5499,ἀπόλλυται,2,1.4539744391293602e-05
5500,ἐξηραμμένην,2,1.4539744391293602e-05
5501,ἀγαθοποιῆσαι,2,1.4539744391293602e-05
5502,κακοποιῆσαι,2,1.4539744391293602e-05
5503,ἐσιώπων,2,1.4539744391293602e-05
5504,ἐδίδουν,2,1.4539744391293602e-05
5505,Τύρον,2,1.4539744391293602e-05
5506,Σιδῶνα,2,1.4539744391293602e-05
5507,πλοιάριον,2,1.4539744391293602e-05
5508,προσκαλεῖται,2,1.4539744391293602e-05
5509,Βαρθολομαῖον,2,1.4539744391293602e-05
5510,Θωμᾶν,2,1.4539744391293602e-05
5511,καταβάντες,2,1.4539744391293602e-05
5512,μερισθῇ,2,1.4539744391293602e-05
5513,σπεῖραι,2,1.4539744391293602e-05
5514,μόνας,2,1.4539744391293602e-05
5515,συνιῶσι(ν),2,1.4539744391293602e-05
5516,σπειρόμενοι,2,1.4539744391293602e-05
5517,καρποφοροῦσι(ν),2,1.4539744391293602e-05
5518,τεθῇ,2,1.4539744391293602e-05
5519,ἀπόκρυφον,2,1.4539744391293602e-05
5520,βάλῃ,2,1.4539744391293602e-05
5521,σπόρος,2,1.4539744391293602e-05
5522,αὐτομάτη,2,1.4539744391293602e-05
5523,παρέστηκε(ν),2,1.4539744391293602e-05
5524,παραβολῇ,2,1.4539744391293602e-05
5525,σπαρῇ,2,1.4539744391293602e-05
5526,σκιάν,2,1.4539744391293602e-05
5527,τοιαύταις,2,1.4539744391293602e-05
5528,λαῖλαψ,2,1.4539744391293602e-05
5529,κύματα,2,1.4539744391293602e-05
5530,καθεύδων,2,1.4539744391293602e-05
5531,διεγερθείς,2,1.4539744391293602e-05
5532,ὑπακούει,2,1.4539744391293602e-05
5533,ἁλύσει,2,1.4539744391293602e-05
5534,δῆσαι,2,1.4539744391293602e-05
5535,πέδαις,2,1.4539744391293602e-05
5536,ἁλύσεις,2,1.4539744391293602e-05
5537,ἴσχυε(ν),2,1.4539744391293602e-05
5538,δαμάσαι,2,1.4539744391293602e-05
5539,κράζων,2,1.4539744391293602e-05
5540,ἔδραμε(ν),2,1.4539744391293602e-05
5541,ὁρκίζω,2,1.4539744391293602e-05
5542,βασανίσῃς,2,1.4539744391293602e-05
5543,λεγιών,2,1.4539744391293602e-05
5544,ἀποστείλῃ,2,1.4539744391293602e-05
5545,ἱματισμένον,2,1.4539744391293602e-05
5546,σωφρονοῦντα,2,1.4539744391293602e-05
5547,διηγήσαντο,2,1.4539744391293602e-05
5548,δαιμονισθείς,2,1.4539744391293602e-05
5549,ἠλέησε(ν),2,1.4539744391293602e-05
5550,Ἰάϊρος,2,1.4539744391293602e-05
5551,θυγάτριον,2,1.4539744391293602e-05
5552,ζήσῃ,2,1.4539744391293602e-05
5553,ῥύσει,2,1.4539744391293602e-05
5554,ἀκούσασα,2,1.4539744391293602e-05
5555,μάστιγος,2,1.4539744391293602e-05
5556,τρέμουσα,2,1.4539744391293602e-05
5557,εἰδυῖα,2,1.4539744391293602e-05
5558,λαλούμενον,2,1.4539744391293602e-05
5559,πίστευε,2,1.4539744391293602e-05
5560,κλαίοντας,2,1.4539744391293602e-05
5561,θορυβεῖσθε,2,1.4539744391293602e-05
5562,συγγενεῦσι(ν),2,1.4539744391293602e-05
5563,σανδάλια,2,1.4539744391293602e-05
5564,χοῦν,2,1.4539744391293602e-05
5565,ἐκήρυξαν,2,1.4539744391293602e-05
5566,ἀπεκεφάλισα,2,1.4539744391293602e-05
5567,συνετήρει,2,1.4539744391293602e-05
5568,χιλιάρχοις,2,1.4539744391293602e-05
5569,πρώτοις,2,1.4539744391293602e-05
5570,συνάγονται,2,1.4539744391293602e-05
5571,προῆλθον,2,1.4539744391293602e-05
5572,δώσομεν,2,1.4539744391293602e-05
5573,συμπόσια,2,1.4539744391293602e-05
5574,ἀνέπεσαν,2,1.4539744391293602e-05
5575,πρασιαί,2,1.4539744391293602e-05
5576,κατέκλασε(ν),2,1.4539744391293602e-05
5577,παρατιθῶσι(ν),2,1.4539744391293602e-05
5578,κλάσματα,2,1.4539744391293602e-05
5579,πληρώματα,2,1.4539744391293602e-05
5580,φαγόντες,2,1.4539744391293602e-05
5581,Βηθσαϊδάν,2,1.4539744391293602e-05
5582,τετάρτην,2,1.4539744391293602e-05
5583,ἔδοξαν,2,1.4539744391293602e-05
5584,ἐξελθόντων,2,1.4539744391293602e-05
5585,κοιναῖς,2,1.4539744391293602e-05
5586,ἐπερωτῶσι(ν),2,1.4539744391293602e-05
5587,κρατεῖτε,2,1.4539744391293602e-05
5588,τηρήσητε,2,1.4539744391293602e-05
5589,παρεδώκατε,2,1.4539744391293602e-05
5590,κοινῶσαι,2,1.4539744391293602e-05
5591,ἐκπορεύονται,2,1.4539744391293602e-05
5592,ἀσέλγεια,2,1.4539744391293602e-05
5593,χορτασθῆναι,2,1.4539744391293602e-05
5594,ἐξελήλυθε(ν),2,1.4539744391293602e-05
5595,παρακαλοῦσι(ν),2,1.4539744391293602e-05
5596,πτύσας,2,1.4539744391293602e-05
5597,διεστέλλετο,2,1.4539744391293602e-05
5598,παραγγέλλει,2,1.4539744391293602e-05
5599,τετρακισχιλίους,2,1.4539744391293602e-05
5600,ἅψηται,2,1.4539744391293602e-05
5601,ὁρῶ,2,1.4539744391293602e-05
5602,κερδῆσαι,2,1.4539744391293602e-05
5603,ἐπαισχυνθῇ,2,1.4539744391293602e-05
5604,ἐπαισχυνθήσεται,2,1.4539744391293602e-05
5605,οἷα,2,1.4539744391293602e-05
5606,ἀναστῇ,2,1.4539744391293602e-05
5607,συζητοῦντες,2,1.4539744391293602e-05
5608,ἐξεθαμβήθησαν,2,1.4539744391293602e-05
5609,ἄλαλον,2,1.4539744391293602e-05
5610,ὀδόντας,2,1.4539744391293602e-05
5611,συνεσπάραξε(ν),2,1.4539744391293602e-05
5612,βοήθησον,2,1.4539744391293602e-05
5613,ἠγνόουν,2,1.4539744391293602e-05
5614,ἐναγκαλισάμενος,2,1.4539744391293602e-05
5615,ἐκβάλλοντα,2,1.4539744391293602e-05
5616,ἐκωλύομεν,2,1.4539744391293602e-05
5617,ἀπόκοψον,2,1.4539744391293602e-05
5618,προσκολληθήσεται,2,1.4539744391293602e-05
5619,προσδραμών,2,1.4539744391293602e-05
5620,κλέψῃς,2,1.4539744391293602e-05
5621,ψευδομαρτυρήσῃς,2,1.4539744391293602e-05
5622,ἐθαμβοῦντο,2,1.4539744391293602e-05
5623,μητέρας,2,1.4539744391293602e-05
5624,προάγων,2,1.4539744391293602e-05
5625,βαπτίζομαι,2,1.4539744391293602e-05
5626,ἄρχειν,2,1.4539744391293602e-05
5627,ἱκανοῦ,2,1.4539744391293602e-05
5628,προσαίτης,2,1.4539744391293602e-05
5629,ραββουνι,2,1.4539744391293602e-05
5630,ἀναβλέψω,2,1.4539744391293602e-05
5631,ἀφῆκαν,2,1.4539744391293602e-05
5632,εὐλογημένη,2,1.4539744391293602e-05
5633,ἐρχομένη,2,1.4539744391293602e-05
5634,Βηθανίας,2,1.4539744391293602e-05
5635,πιστεύῃ,2,1.4539744391293602e-05
5636,περιπατοῦντος,2,1.4539744391293602e-05
5637,ἀποκρίθητε,2,1.4539744391293602e-05
5638,δέροντες,2,1.4539744391293602e-05
5639,ἐξαναστήσῃ,2,1.4539744391293602e-05
5640,ἀποθνῄσκων,2,1.4539744391293602e-05
5641,ἀναστῶσι(ν),2,1.4539744391293602e-05
5642,διανοίας,2,1.4539744391293602e-05
5643,συνέσεως,2,1.4539744391293602e-05
5644,θυσιῶν,2,1.4539744391293602e-05
5645,στολαῖς,2,1.4539744391293602e-05
5646,χηρῶν,2,1.4539744391293602e-05
5647,μακρά,2,1.4539744391293602e-05
5648,λεπτά,2,1.4539744391293602e-05
5649,βαλλόντων,2,1.4539744391293602e-05
5650,περισσεύοντος,2,1.4539744391293602e-05
5651,μεγάλας,2,1.4539744391293602e-05
5652,καταλυθῇ,2,1.4539744391293602e-05
5653,συντελεῖσθαι,2,1.4539744391293602e-05
5654,κηρυχθῆναι,2,1.4539744391293602e-05
5655,παραδιδόντες,2,1.4539744391293602e-05
5656,ἐκολόβωσε(ν),2,1.4539744391293602e-05
5657,νεφέλαις,2,1.4539744391293602e-05
5658,ἄκρου,2,1.4539744391293602e-05
5659,ἀγρυπνεῖτε,2,1.4539744391293602e-05
5660,θυρωρῷ,2,1.4539744391293602e-05
5661,μεσονύκτιον,2,1.4539744391293602e-05
5662,νάρδου,2,1.4539744391293602e-05
5663,πιστικῆς,2,1.4539744391293602e-05
5664,τριακοσίων,2,1.4539744391293602e-05
5665,εὐκαίρως,2,1.4539744391293602e-05
5666,κεράμιον,2,1.4539744391293602e-05
5667,ἀκολουθήσατε,2,1.4539744391293602e-05
5668,κατάλυμα,2,1.4539744391293602e-05
5669,ἀνάγαιον,2,1.4539744391293602e-05
5670,ἐστρωμένον,2,1.4539744391293602e-05
5671,ἔπιον,2,1.4539744391293602e-05
5672,συναποθανεῖν,2,1.4539744391293602e-05
5673,παρένεγκε,2,1.4539744391293602e-05
5674,δεδώκει,2,1.4539744391293602e-05
5675,παρεστηκότων,2,1.4539744391293602e-05
5676,σπασάμενος,2,1.4539744391293602e-05
5677,ἔπαισε(ν),2,1.4539744391293602e-05
5678,ὠτάριον,2,1.4539744391293602e-05
5679,περιβεβλημένος,2,1.4539744391293602e-05
5680,συνέρχονται,2,1.4539744391293602e-05
5681,ηὕρισκον,2,1.4539744391293602e-05
5682,ἐψευδομαρτύρουν,2,1.4539744391293602e-05
5683,ἀχειροποίητον,2,1.4539744391293602e-05
5684,Ναζαρηνοῦ,2,1.4539744391293602e-05
5685,ἐπίσταμαι,2,1.4539744391293602e-05
5686,παρεστῶτες,2,1.4539744391293602e-05
5687,ἐπιβαλών,2,1.4539744391293602e-05
5688,ἔκλαιε(ν),2,1.4539744391293602e-05
5689,Βαραββᾶς,2,1.4539744391293602e-05
5690,αἰτεῖσθαι,2,1.4539744391293602e-05
5691,ἀκάνθινον,2,1.4539744391293602e-05
5692,σταυροῦσι(ν),2,1.4539744391293602e-05
5693,αἰτίας,2,1.4539744391293602e-05
5694,λῃστάς,2,1.4539744391293602e-05
5695,ἐλωΐ,2,1.4539744391293602e-05
5696,ἐναντίας,2,1.4539744391293602e-05
5697,Σαλώμη,2,1.4539744391293602e-05
5698,βουλευτής,2,1.4539744391293602e-05
5699,προσδεχόμενος,2,1.4539744391293602e-05
5700,διαγενομένου,2,1.4539744391293602e-05
5701,εἰσελθοῦσαι,2,1.4539744391293602e-05
5702,νεανίσκον,2,1.4539744391293602e-05
5703,περιβεβλημένον,2,1.4539744391293602e-05
5704,στολήν,2,1.4539744391293602e-05
5705,συντόμως,2,1.4539744391293602e-05
5706,πενθοῦσι(ν),2,1.4539744391293602e-05
5707,κλαίουσι(ν),2,1.4539744391293602e-05
5708,ἠπίστησαν,2,1.4539744391293602e-05
5709,μορφῇ,2,1.4539744391293602e-05
5710,ἀνακειμένοις,2,1.4539744391293602e-05
5711,ἐγηγερμένον,2,1.4539744391293602e-05
5712,πιστεύσας,2,1.4539744391293602e-05
5713,ἕξουσι(ν),2,1.4539744391293602e-05
5714,ἐπεχείρησαν,2,1.4539744391293602e-05
5715,Θεόφιλε,2,1.4539744391293602e-05
5716,ἐφημερίας,2,1.4539744391293602e-05
5717,ἄμεμπτοι,2,1.4539744391293602e-05
5718,στεῖρα,2,1.4539744391293602e-05
5719,ἔναντι,2,1.4539744391293602e-05
5720,ἔλαχε(ν),2,1.4539744391293602e-05
5721,θυμιάματος,2,1.4539744391293602e-05
5722,εἰσηκούσθη,2,1.4539744391293602e-05
5723,πίῃ,2,1.4539744391293602e-05
5724,Ἠλίου,2,1.4539744391293602e-05
5725,ἐπιστρέψαι,2,1.4539744391293602e-05
5726,φρονήσει,2,1.4539744391293602e-05
5727,γνώσομαι,2,1.4539744391293602e-05
5728,πρεσβύτης,2,1.4539744391293602e-05
5729,προβεβηκυῖα,2,1.4539744391293602e-05
5730,Γαβριήλ,2,1.4539744391293602e-05
5731,Ζαχαρίαν,2,1.4539744391293602e-05
5732,ὀπτασίαν,2,1.4539744391293602e-05
5733,ἕκτῳ,2,1.4539744391293602e-05
5734,ἀπεστάλη,2,1.4539744391293602e-05
5735,διελογίζετο,2,1.4539744391293602e-05
5736,εὗρες,2,1.4539744391293602e-05
5737,βασιλεύσει,2,1.4539744391293602e-05
5738,μήν,2,1.4539744391293602e-05
5739,ἀναστᾶσα,2,1.4539744391293602e-05
5740,ἐσκίρτησε(ν),2,1.4539744391293602e-05
5741,μακαρία,2,1.4539744391293602e-05
5742,τελείωσις,2,1.4539744391293602e-05
5743,σωτῆρι,2,1.4539744391293602e-05
5744,φοβουμένοις,2,1.4539744391293602e-05
5745,διεσκόρπισε(ν),2,1.4539744391293602e-05
5746,ὑπερηφάνους,2,1.4539744391293602e-05
5747,θρόνων,2,1.4539744391293602e-05
5748,ταπεινούς,2,1.4539744391293602e-05
5749,ἐμεγάλυνε(ν),2,1.4539744391293602e-05
5750,ὀγδόῃ,2,1.4539744391293602e-05
5751,περιτεμεῖν,2,1.4539744391293602e-05
5752,ἐκάλουν,2,1.4539744391293602e-05
5753,συγγενείας,2,1.4539744391293602e-05
5754,αἰτήσας,2,1.4539744391293602e-05
5755,εὐλογῶν,2,1.4539744391293602e-05
5756,ἐχθρῶν,2,1.4539744391293602e-05
5757,ὅρκον,2,1.4539744391293602e-05
5758,ὁσιότητι,2,1.4539744391293602e-05
5759,κληθήσῃ,2,1.4539744391293602e-05
5760,ἀφέσει,2,1.4539744391293602e-05
5761,ὕψους,2,1.4539744391293602e-05
5762,ἐκραταιοῦτο,2,1.4539744391293602e-05
5763,ἀπογράφεσθαι,2,1.4539744391293602e-05
5764,ἡγεμονεύοντος,2,1.4539744391293602e-05
5765,Συρίας,2,1.4539744391293602e-05
5766,φυλάσσοντες,2,1.4539744391293602e-05
5767,ποίμνην,2,1.4539744391293602e-05
5768,ἐπέστη,2,1.4539744391293602e-05
5769,εὐδοκίας,2,1.4539744391293602e-05
5770,δοξάζοντες,2,1.4539744391293602e-05
5771,αἰνοῦντες,2,1.4539744391293602e-05
5772,ἐλαλήθη,2,1.4539744391293602e-05
5773,εὐλαβής,2,1.4539744391293602e-05
5774,δέσποτα,2,1.4539744391293602e-05
5775,ἡτοίμασας,2,1.4539744391293602e-05
5776,θαυμάζοντες,2,1.4539744391293602e-05
5777,Ἅννα,2,1.4539744391293602e-05
5778,Ἀσήρ,2,1.4539744391293602e-05
5779,ὀγδοήκοντα,2,1.4539744391293602e-05
5780,ἐπιστᾶσα,2,1.4539744391293602e-05
5781,προσδεχομένοις,2,1.4539744391293602e-05
5782,ἐτέλεσαν,2,1.4539744391293602e-05
5783,ἐπέστρεψαν,2,1.4539744391293602e-05
5784,ἔτος,2,1.4539744391293602e-05
5785,ἀναβαινόντων,2,1.4539744391293602e-05
5786,ὑπέμεινε(ν),2,1.4539744391293602e-05
5787,ἀκούοντα,2,1.4539744391293602e-05
5788,συνέσει,2,1.4539744391293602e-05
5789,ὀδυνώμενοι,2,1.4539744391293602e-05
5790,ἡλικίᾳ,2,1.4539744391293602e-05
5791,Ποντίου,2,1.4539744391293602e-05
5792,ἐκπορευομένοις,2,1.4539744391293602e-05
5793,ἄρξησθε,2,1.4539744391293602e-05
5794,ποιείτω,2,1.4539744391293602e-05
5795,διατεταγμένον,2,1.4539744391293602e-05
5796,πράσσετε,2,1.4539744391293602e-05
5797,ὀψωνίοις,2,1.4539744391293602e-05
5798,ἐλεγχόμενος,2,1.4539744391293602e-05
5799,προσευχομένου,2,1.4539744391293602e-05
5800,καταβῆναι,2,1.4539744391293602e-05
5801,Μαθθάτ,2,1.4539744391293602e-05
5802,Μελχί,2,1.4539744391293602e-05
5803,Ματταθίου,2,1.4539744391293602e-05
5804,Σαλά,2,1.4539744391293602e-05
5805,Καϊνάμ,2,1.4539744391293602e-05
5806,ἅπασαν,2,1.4539744391293602e-05
5807,ἀπέστη,2,1.4539744391293602e-05
5808,εἰωθός,2,1.4539744391293602e-05
5809,εἵνεκεν,2,1.4539744391293602e-05
5810,τυφλοῖς,2,1.4539744391293602e-05
5811,ἀτενίζοντες,2,1.4539744391293602e-05
5812,δεκτός,2,1.4539744391293602e-05
5813,κατῆλθε(ν),2,1.4539744391293602e-05
5814,θάμβος,2,1.4539744391293602e-05
5815,συνελάλουν,2,1.4539744391293602e-05
5816,ἦχος,2,1.4539744391293602e-05
5817,πυρετῷ,2,1.4539744391293602e-05
5818,ἐξήρχετο,2,1.4539744391293602e-05
5819,ἐπιτιμῶν,2,1.4539744391293602e-05
5820,κατεῖχον,2,1.4539744391293602e-05
5821,πλοίων,2,1.4539744391293602e-05
5822,ἐπαύσατο,2,1.4539744391293602e-05
5823,συνέλαβον,2,1.4539744391293602e-05
5824,ἀσθενειῶν,2,1.4539744391293602e-05
5825,νομοδιδάσκαλοι,2,1.4539744391293602e-05
5826,ἰᾶσθαι,2,1.4539744391293602e-05
5827,παραλελυμένος,2,1.4539744391293602e-05
5828,δῶμα,2,1.4539744391293602e-05
5829,καθῆκαν,2,1.4539744391293602e-05
5830,δοχήν,2,1.4539744391293602e-05
5831,πίνετε,2,1.4539744391293602e-05
5832,καινοῦ,2,1.4539744391293602e-05
5833,παλαιός,2,1.4539744391293602e-05
5834,παρετηροῦντο,2,1.4539744391293602e-05
5835,ὠνόμασε(ν),2,1.4539744391293602e-05
5836,νόσων,2,1.4539744391293602e-05
5837,ἅπτεσθαι,2,1.4539744391293602e-05
5838,ἰᾶτο,2,1.4539744391293602e-05
5839,πλουσίοις,2,1.4539744391293602e-05
5840,κλαύσετε,2,1.4539744391293602e-05
5841,πάρεχε,2,1.4539744391293602e-05
5842,αἴροντος,2,1.4539744391293602e-05
5843,δίδου,2,1.4539744391293602e-05
5844,ἁμαρτωλοῖς,2,1.4539744391293602e-05
5845,οἰκτίρμων,2,1.4539744391293602e-05
5846,δίδοτε,2,1.4539744391293602e-05
5847,προφέρει,2,1.4539744391293602e-05
5848,προσέρηξε(ν),2,1.4539744391293602e-05
5849,ποταμός,2,1.4539744391293602e-05
5850,ἀπέχοντος,2,1.4539744391293602e-05
5851,ὑγιαίνοντα,2,1.4539744391293602e-05
5852,συνεπορεύοντο,2,1.4539744391293602e-05
5853,πύλῃ,2,1.4539744391293602e-05
5854,τεθνηκώς,2,1.4539744391293602e-05
5855,κλαῖε,2,1.4539744391293602e-05
5856,ἀνεκάθισε(ν),2,1.4539744391293602e-05
5857,μαστίγων,2,1.4539744391293602e-05
5858,ἱματισμῷ,2,1.4539744391293602e-05
5859,βαπτισθέντες,2,1.4539744391293602e-05
5860,ἠθέτησαν,2,1.4539744391293602e-05
5861,Φαρισαίου,2,1.4539744391293602e-05
5862,ἐπιγνοῦσα,2,1.4539744391293602e-05
5863,δάκρυσι(ν),2,1.4539744391293602e-05
5864,ἅπτεται,2,1.4539744391293602e-05
5865,ἔκρινας,2,1.4539744391293602e-05
5866,ἐξέμαξε(ν),2,1.4539744391293602e-05
5867,ἤλειψε(ν),2,1.4539744391293602e-05
5868,ἐξεληλύθει,2,1.4539744391293602e-05
5869,Ἰωάννα,2,1.4539744391293602e-05
5870,φυέν,2,1.4539744391293602e-05
5871,ἡδονῶν,2,1.4539744391293602e-05
5872,καλῇ,2,1.4539744391293602e-05
5873,ἀγαθῇ,2,1.4539744391293602e-05
5874,ἅψας,2,1.4539744391293602e-05
5875,καλύπτει,2,1.4539744391293602e-05
5876,σκεύει,2,1.4539744391293602e-05
5877,κλύδωνι,2,1.4539744391293602e-05
5878,ἱκανῷ,2,1.4539744391293602e-05
5879,ἐπιτρέψῃ,2,1.4539744391293602e-05
5880,πίστευσον,2,1.4539744391293602e-05
5881,ἔκλαιον,2,1.4539744391293602e-05
5882,ἐκόπτοντο,2,1.4539744391293602e-05
5883,ἐπέστρεψε(ν),2,1.4539744391293602e-05
5884,διέταξε(ν),2,1.4539744391293602e-05
5885,διήρχοντο,2,1.4539744391293602e-05
5886,διηπόρει,2,1.4539744391293602e-05
5887,θεραπείας,2,1.4539744391293602e-05
5888,εἶδος,2,1.4539744391293602e-05
5889,ἔξοδον,2,1.4539744391293602e-05
5890,ὕπνῳ,2,1.4539744391293602e-05
5891,ἐσίγησαν,2,1.4539744391293602e-05
5892,συνήντησε(ν),2,1.4539744391293602e-05
5893,ἐδεήθην,2,1.4539744391293602e-05
5894,προσερχομένου,2,1.4539744391293602e-05
5895,ἀπέδωκε(ν),2,1.4539744391293602e-05
5896,θαυμαζόντων,2,1.4539744391293602e-05
5897,ἐρωτῆσαι,2,1.4539744391293602e-05
5898,συμπληροῦσθαι,2,1.4539744391293602e-05
5899,πορευόμενον,2,1.4539744391293602e-05
5900,βαστάζετε,2,1.4539744391293602e-05
5901,βαλλάντιον,2,1.4539744391293602e-05
5902,ὄφεων,2,1.4539744391293602e-05
5903,ἀναγινώσκεις,2,1.4539744391293602e-05
5904,ἰσχύϊ,2,1.4539744391293602e-05
5905,κατέβαινε(ν),2,1.4539744391293602e-05
5906,ἀντιπαρῆλθε(ν),2,1.4539744391293602e-05
5907,Λευίτης,2,1.4539744391293602e-05
5908,ὑπεδέξατο,2,1.4539744391293602e-05
5909,διακονεῖν,2,1.4539744391293602e-05
5910,ὀλίγων,2,1.4539744391293602e-05
5911,χρεία,2,1.4539744391293602e-05
5912,μερίδα,2,1.4539744391293602e-05
5913,φίλον,2,1.4539744391293602e-05
5914,μεσονυκτίου,2,1.4539744391293602e-05
5915,φίλε,2,1.4539744391293602e-05
5916,κοίτην,2,1.4539744391293602e-05
5917,ἰχθύος,2,1.4539744391293602e-05
5918,φυλάσσῃ,2,1.4539744391293602e-05
5919,νικήσῃ,2,1.4539744391293602e-05
5920,μαστοί,2,1.4539744391293602e-05
5921,γέμει,2,1.4539744391293602e-05
5922,ἄφρονες,2,1.4539744391293602e-05
5923,Φαρισαίοις,2,1.4539744391293602e-05
5924,νομικοῖς,2,1.4539744391293602e-05
5925,διδάξει,2,1.4539744391293602e-05
5926,φυλάσσεσθε,2,1.4539744391293602e-05
5927,πλουσίου,2,1.4539744391293602e-05
5928,συνάξω,2,1.4539744391293602e-05
5929,εὐφραίνου,2,1.4539744391293602e-05
5930,θησαυρίζων,2,1.4539744391293602e-05
5931,πλουτῶν,2,1.4539744391293602e-05
5932,ἐλάχιστον,2,1.4539744391293602e-05
5933,πίητε,2,1.4539744391293602e-05
5934,ποίμνιον,2,1.4539744391293602e-05
5935,ἐγγίζει,2,1.4539744391293602e-05
5936,ἔστωσαν,2,1.4539744391293602e-05
5937,κρούσαντος,2,1.4539744391293602e-05
5938,παρελθών,2,1.4539744391293602e-05
5939,δαρήσεται,2,1.4539744391293602e-05
5940,ὀλίγας,2,1.4539744391293602e-05
5941,παρέθεντο,2,1.4539744391293602e-05
5942,συνέχομαι,2,1.4539744391293602e-05
5943,παρεγενόμην,2,1.4539744391293602e-05
5944,νύμφη,2,1.4539744391293602e-05
5945,ἀντιδίκου,2,1.4539744391293602e-05
5946,παρῆσαν,2,1.4539744391293602e-05
5947,μετανοῆτε,2,1.4539744391293602e-05
5948,ἀπολεῖσθε,2,1.4539744391293602e-05
5949,δεκαοκτώ,2,1.4539744391293602e-05
5950,ἀπέκτεινε(ν),2,1.4539744391293602e-05
5951,παντελές,2,1.4539744391293602e-05
5952,ἐδόξαζε(ν),2,1.4539744391293602e-05
5953,ἀρχισυνάγωγος,2,1.4539744391293602e-05
5954,ηὔξησε(ν),2,1.4539744391293602e-05
5955,ζητήσουσι(ν),2,1.4539744391293602e-05
5956,ἐφάγομεν,2,1.4539744391293602e-05
5957,ἀπόστητε,2,1.4539744391293602e-05
5958,βορρᾶ,2,1.4539744391293602e-05
5959,ἀπολέσθαι,2,1.4539744391293602e-05
5960,κληθῇς,2,1.4539744391293602e-05
5961,κατέχειν,2,1.4539744391293602e-05
5962,ἀνάπεσε,2,1.4539744391293602e-05
5963,ἀνώτερον,2,1.4539744391293602e-05
5964,συνανακειμένων,2,1.4539744391293602e-05
5965,ὑψῶν,2,1.4539744391293602e-05
5966,ἀνταπόδομα,2,1.4539744391293602e-05
5967,ἀναπείρους,2,1.4539744391293602e-05
5968,ἀνταποδοθήσεται,2,1.4539744391293602e-05
5969,φάγεται,2,1.4539744391293602e-05
5970,ἔρχεσθε,2,1.4539744391293602e-05
5971,ἠγόρασα,2,1.4539744391293602e-05
5972,παρῃτημένον,2,1.4539744391293602e-05
5973,βοῶν,2,1.4539744391293602e-05
5974,ἐκτελέσαι,2,1.4539744391293602e-05
5975,ὑπαντῆσαι,2,1.4539744391293602e-05
5976,πρεσβείαν,2,1.4539744391293602e-05
5977,εὔθετον,2,1.4539744391293602e-05
5978,διεγόγγυζον,2,1.4539744391293602e-05
5979,συγκαλεῖ,2,1.4539744391293602e-05
5980,συγχάρητε,2,1.4539744391293602e-05
5981,μετανοοῦντι,2,1.4539744391293602e-05
5982,δραχμήν,2,1.4539744391293602e-05
5983,ἀπώλεσα,2,1.4539744391293602e-05
5984,πορεύσομαι,2,1.4539744391293602e-05
5985,ἀνέζησε(ν),2,1.4539744391293602e-05
5986,ἀπολωλώς,2,1.4539744391293602e-05
5987,δουλεύω,2,1.4539744391293602e-05
5988,πορνῶν,2,1.4539744391293602e-05
5989,χαρῆναι,2,1.4539744391293602e-05
5990,οἰκονομίας,2,1.4539744391293602e-05
5991,ἰσχύω,2,1.4539744391293602e-05
5992,δέξωνται,2,1.4539744391293602e-05
5993,ἐκλίπῃ,2,1.4539744391293602e-05
5994,φιλάργυροι,2,1.4539744391293602e-05
5995,ἐξεμυκτήριζον,2,1.4539744391293602e-05
5996,γαμῶν,2,1.4539744391293602e-05
5997,μοιχεύει,2,1.4539744391293602e-05
5998,κύνες,2,1.4539744391293602e-05
5999,πτωχόν,2,1.4539744391293602e-05
6000,ἄκρον,2,1.4539744391293602e-05
6001,μνήσθητι,2,1.4539744391293602e-05
6002,ἁμάρτῃ,2,1.4539744391293602e-05
6003,μετανοήσῃ,2,1.4539744391293602e-05
6004,δειπνήσω,2,1.4539744391293602e-05
6005,διαταχθέντα,2,1.4539744391293602e-05
6006,πόρρωθεν,2,1.4539744391293602e-05
6007,ἐκαθαρίσθησαν,2,1.4539744391293602e-05
6008,εὐχαριστῶν,2,1.4539744391293602e-05
6009,εὑρέθησαν,2,1.4539744391293602e-05
6010,παραλημφθήσεται,2,1.4539744391293602e-05
6011,ἐγκακεῖν,2,1.4539744391293602e-05
6012,πεποιθότας,2,1.4539744391293602e-05
6013,ἄδικοι,2,1.4539744391293602e-05
6014,μοιχοί,2,1.4539744391293602e-05
6015,ἐγγίζειν,2,1.4539744391293602e-05
6016,ἀνάβλεψον,2,1.4539744391293602e-05
6017,Ζακχαῖος,2,1.4539744391293602e-05
6018,διέρχεσθαι,2,1.4539744391293602e-05
6019,σπεύσας,2,1.4539744391293602e-05
6020,ἀκουόντων,2,1.4539744391293602e-05
6021,ὑποστρέψαι,2,1.4539744391293602e-05
6022,βασιλεῦσαι,2,1.4539744391293602e-05
6023,ἐγένου,2,1.4539744391293602e-05
6024,ἀποκειμένην,2,1.4539744391293602e-05
6025,σουδαρίῳ,2,1.4539744391293602e-05
6026,αὐστηρός,2,1.4539744391293602e-05
6027,αἴρεις,2,1.4539744391293602e-05
6028,ἔθηκας,2,1.4539744391293602e-05
6029,αἴρων,2,1.4539744391293602e-05
6030,τράπεζαν,2,1.4539744391293602e-05
6031,λύετε,2,1.4539744391293602e-05
6032,ἐπιρίψαντες,2,1.4539744391293602e-05
6033,πορευομένου,2,1.4539744391293602e-05
6034,ἅπας,2,1.4539744391293602e-05
6035,ἱκανούς,2,1.4539744391293602e-05
6036,ἐκβαλόντες,2,1.4539744391293602e-05
6037,ἐπιλάβωνται,2,1.4539744391293602e-05
6038,ἄτεκνος,2,1.4539744391293602e-05
6039,κατέλιπον,2,1.4539744391293602e-05
6040,τυχεῖν,2,1.4539744391293602e-05
6041,ψαλμῶν,2,1.4539744391293602e-05
6042,ἀκαταστασίας,2,1.4539744391293602e-05
6043,ἀποβήσεται,2,1.4539744391293602e-05
6044,ἀντειπεῖν,2,1.4539744391293602e-05
6045,συγγενῶν,2,1.4539744391293602e-05
6046,θρίξ,2,1.4539744391293602e-05
6047,ἡλίῳ,2,1.4539744391293602e-05
6048,προσδοκίας,2,1.4539744391293602e-05
6049,ἐπάρατε,2,1.4539744391293602e-05
6050,ἀπολύτρωσις,2,1.4539744391293602e-05
6051,καρδίαι,2,1.4539744391293602e-05
6052,αἰφνίδιος,2,1.4539744391293602e-05
6053,ἐκφυγεῖν,2,1.4539744391293602e-05
6054,ἤγγιζε(ν),2,1.4539744391293602e-05
6055,λεγομένη,2,1.4539744391293602e-05
6056,ἀριθμοῦ,2,1.4539744391293602e-05
6057,συνέθεντο,2,1.4539744391293602e-05
6058,ἄτερ,2,1.4539744391293602e-05
6059,εἰσελθόντων,2,1.4539744391293602e-05
6060,ἐπεθύμησα,2,1.4539744391293602e-05
6061,δειπνῆσαι,2,1.4539744391293602e-05
6062,διέθετο,2,1.4539744391293602e-05
6063,στήρισον,2,1.4539744391293602e-05
6064,οὐθενός,2,1.4539744391293602e-05
6065,ἀνόμων,2,1.4539744391293602e-05
6066,λίθου,2,1.4539744391293602e-05
6067,ἐπάταξε(ν),2,1.4539744391293602e-05
6068,διϊσχυρίζετο,2,1.4539744391293602e-05
6069,πρεσβυτέριον,2,1.4539744391293602e-05
6070,μαρτυρίας,2,1.4539744391293602e-05
6071,φόρους,2,1.4539744391293602e-05
6072,εὐτόνως,2,1.4539744391293602e-05
6073,λαμπράν,2,1.4539744391293602e-05
6074,προσηνέγκατε,2,1.4539744391293602e-05
6075,πεπραγμένον,2,1.4539744391293602e-05
6076,παιδεύσας,2,1.4539744391293602e-05
6077,σταύρου,2,1.4539744391293602e-05
6078,ᾐτοῦντο,2,1.4539744391293602e-05
6079,φέρειν,2,1.4539744391293602e-05
6080,πέσετε,2,1.4539744391293602e-05
6081,ἀναιρεθῆναι,2,1.4539744391293602e-05
6082,κλήρους,2,1.4539744391293602e-05
6083,ἐκλεκτός,2,1.4539744391293602e-05
6084,προσερχόμενοι,2,1.4539744391293602e-05
6085,ὄξος,2,1.4539744391293602e-05
6086,ἔπραξε(ν),2,1.4539744391293602e-05
6087,παραδείσῳ,2,1.4539744391293602e-05
6088,στήθη,2,1.4539744391293602e-05
6089,ὑπέστρεφον,2,1.4539744391293602e-05
6090,μνήματι,2,1.4539744391293602e-05
6091,ἐθεάσαντο,2,1.4539744391293602e-05
6092,ὑποστρέψασαι,2,1.4539744391293602e-05
6093,μνήσθητε,2,1.4539744391293602e-05
6094,ἠπίστουν,2,1.4539744391293602e-05
6095,ἐγγίσας,2,1.4539744391293602e-05
6096,ἄγει,2,1.4539744391293602e-05
6097,ἐγνώσθη,2,1.4539744391293602e-05
6098,κλάσει,2,1.4539744391293602e-05
6099,ἔμφοβοι,2,1.4539744391293602e-05
6100,ἐδόκουν,2,1.4539744391293602e-05
6101,θεωρεῖν,2,1.4539744391293602e-05
6102,ἐπέδωκαν,2,1.4539744391293602e-05
6103,πληρωθῆναι,2,1.4539744391293602e-05
6104,διήνοιξε(ν),2,1.4539744391293602e-05
6105,συνιέναι,2,1.4539744391293602e-05
6106,εὐλογοῦντες,2,1.4539744391293602e-05
6107,κατέλαβε(ν),2,1.4539744391293602e-05
6108,ἐθεασάμεθα,2,1.4539744391293602e-05
6109,μονογενοῦς,2,1.4539744391293602e-05
6110,ἐξηγήσατο,2,1.4539744391293602e-05
6111,ἀπόκρισιν,2,1.4539744391293602e-05
6112,βαπτίζειν,2,1.4539744391293602e-05
6113,θεασάμενος,2,1.4539744391293602e-05
6114,ἔμειναν,2,1.4539744391293602e-05
6115,εὑρήκαμεν,2,1.4539744391293602e-05
6116,ἑρμηνεύεται,2,1.4539744391293602e-05
6117,Ἰσραηλίτης,2,1.4539744391293602e-05
6118,μείζω,2,1.4539744391293602e-05
6119,καθαρισμόν,2,1.4539744391293602e-05
6120,ἐγέμισαν,2,1.4539744391293602e-05
6121,ἀρχιτρίκλινος,2,1.4539744391293602e-05
6122,βόας,2,1.4539744391293602e-05
6123,ἔτεσι(ν),2,1.4539744391293602e-05
6124,γραφῇ,2,1.4539744391293602e-05
6125,γινώσκειν,2,1.4539744391293602e-05
6126,ἐλήλυθας,2,1.4539744391293602e-05
6127,πιστεύσετε,2,1.4539744391293602e-05
6128,ὑψωθῆναι,2,1.4539744391293602e-05
6129,κέκριται,2,1.4539744391293602e-05
6130,πεπίστευκε(ν),2,1.4539744391293602e-05
6131,φαῦλα,2,1.4539744391293602e-05
6132,διέτριβε(ν),2,1.4539744391293602e-05
6133,ἐβάπτιζε(ν),2,1.4539744391293602e-05
6134,βαπτίζει,2,1.4539744391293602e-05
6135,ἑστηκώς,2,1.4539744391293602e-05
6136,μέτρου,2,1.4539744391293602e-05
6137,χωρίου,2,1.4539744391293602e-05
6138,ἐκαθέζετο,2,1.4539744391293602e-05
6139,ἔπιε(ν),2,1.4539744391293602e-05
6140,διψῶ,2,1.4539744391293602e-05
6141,ζητεῖς,2,1.4539744391293602e-05
6142,τελειώσω,2,1.4539744391293602e-05
6143,λευκαί,2,1.4539744391293602e-05
6144,λαλιάν,2,1.4539744391293602e-05
6145,βασιλικός,2,1.4539744391293602e-05
6146,καταβῇ,2,1.4539744391293602e-05
6147,ἑβδόμην,2,1.4539744391293602e-05
6148,κολυμβήθραν,2,1.4539744391293602e-05
6149,καταβαίνει,2,1.4539744391293602e-05
6150,ἐργάζομαι,2,1.4539744391293602e-05
6151,ἐγείρει,2,1.4539744391293602e-05
6152,τιμῶσι(ν),2,1.4539744391293602e-05
6153,δικαία,2,1.4539744391293602e-05
6154,λαμβάνω,2,1.4539744391293602e-05
6155,καιόμενος,2,1.4539744391293602e-05
6156,ἀκηκόατε,2,1.4539744391293602e-05
6157,ἔγνωκα,2,1.4539744391293602e-05
6158,κατηγορῶν,2,1.4539744391293602e-05
6159,ἐπιστεύετε,2,1.4539744391293602e-05
6160,ὀψαρίων,2,1.4539744391293602e-05
6161,μέλλουσι(ν),2,1.4539744391293602e-05
6162,ἁρπάζειν,2,1.4539744391293602e-05
6163,ὑπῆγον,2,1.4539744391293602e-05
6164,συνεισῆλθε(ν),2,1.4539744391293602e-05
6165,πλοιάρια,2,1.4539744391293602e-05
6166,ἐνέβησαν,2,1.4539744391293602e-05
6167,ποιῶμεν,2,1.4539744391293602e-05
6168,ἐργαζώμεθα,2,1.4539744391293602e-05
6169,καταβαίνων,2,1.4539744391293602e-05
6170,καταβέβηκα,2,1.4539744391293602e-05
6171,γογγύζετε,2,1.4539744391293602e-05
6172,μαθών,2,1.4539744391293602e-05
6173,πόσις,2,1.4539744391293602e-05
6174,ζῳοποιοῦν,2,1.4539744391293602e-05
6175,πεπιστεύκαμεν,2,1.4539744391293602e-05
6176,παραδιδόναι,2,1.4539744391293602e-05
6177,ἀναβαίνω,2,1.4539744391293602e-05
6178,γογγυσμός,2,1.4539744391293602e-05
6179,δικαίαν,2,1.4539744391293602e-05
6180,ἔρχηται,2,1.4539744391293602e-05
6181,πιάσωσι(ν),2,1.4539744391293602e-05
6182,διψᾷ,2,1.4539744391293602e-05
6183,ἐρχέσθω,2,1.4539744391293602e-05
6184,πινέτω,2,1.4539744391293602e-05
6185,ἠγάγετε,2,1.4539744391293602e-05
6186,γινώσκων,2,1.4539744391293602e-05
6187,ἀκολουθῶν,2,1.4539744391293602e-05
6188,ὑμετέρῳ,2,1.4539744391293602e-05
6189,ἀποκτενεῖ,2,1.4539744391293602e-05
6190,ἀρεστά,2,1.4539744391293602e-05
6191,μείνητε,2,1.4539744391293602e-05
6192,ἠγαπᾶτε,2,1.4539744391293602e-05
6193,γεύσηται,2,1.4539744391293602e-05
6194,δοξάσω,2,1.4539744391293602e-05
6195,χαμαί,2,1.4539744391293602e-05
6196,ἐπέχρισε(ν),2,1.4539744391293602e-05
6197,ἀνέβλεψα,2,1.4539744391293602e-05
6198,ἄγουσι(ν),2,1.4539744391293602e-05
6199,ἠνέῳξε(ν),2,1.4539744391293602e-05
6200,ἐφώνησαν,2,1.4539744391293602e-05
6201,λελάληκε(ν),2,1.4539744391293602e-05
6202,πιστεύσω,2,1.4539744391293602e-05
6203,λῃστής,2,1.4539744391293602e-05
6204,θυρωρός,2,1.4539744391293602e-05
6205,παροιμίαν,2,1.4539744391293602e-05
6206,νομήν,2,1.4539744391293602e-05
6207,μισθωτός,2,1.4539744391293602e-05
6208,φεύγει,2,1.4539744391293602e-05
6209,γινώσκουσι(ν),2,1.4539744391293602e-05
6210,ἀγαγεῖν,2,1.4539744391293602e-05
6211,στοᾷ,2,1.4539744391293602e-05
6212,θεούς,2,1.4539744391293602e-05
6213,Μάρθαν,2,1.4539744391293602e-05
6214,κεκοίμηται,2,1.4539744391293602e-05
6215,σταδίων,2,1.4539744391293602e-05
6216,πεπίστευκα,2,1.4539744391293602e-05
6217,παραμυθούμενοι,2,1.4539744391293602e-05
6218,δόξαντες,2,1.4539744391293602e-05
6219,πιστεύσῃς,2,1.4539744391293602e-05
6220,ὄψις,2,1.4539744391293602e-05
6221,θεασάμενοι,2,1.4539744391293602e-05
6222,ἐβουλεύσαντο,2,1.4539744391293602e-05
6223,ἐρήμου,2,1.4539744391293602e-05
6224,ἑστηκότες,2,1.4539744391293602e-05
6225,πτωχῶν,2,1.4539744391293602e-05
6226,ἔμελε(ν),2,1.4539744391293602e-05
6227,γλωσσόκομον,2,1.4539744391293602e-05
6228,προσκυνήσωσι(ν),2,1.4539744391293602e-05
6229,φυλάξει,2,1.4539744391293602e-05
6230,ἐδόξασα,2,1.4539744391293602e-05
6231,κρίνοντα,2,1.4539744391293602e-05
6232,νίπτειν,2,1.4539744391293602e-05
6233,ἔνιψε(ν),2,1.4539744391293602e-05
6234,πεποίηκα,2,1.4539744391293602e-05
6235,ὀφείλετε,2,1.4539744391293602e-05
6236,ἔδωκα,2,1.4539744391293602e-05
6237,τίνας,2,1.4539744391293602e-05
6238,ἐπῆρε(ν),2,1.4539744391293602e-05
6239,ἀπορούμενοι,2,1.4539744391293602e-05
6240,ἀκολουθῆσαι,2,1.4539744391293602e-05
6241,ταρασσέσθω,2,1.4539744391293602e-05
6242,πορευθῶ,2,1.4539744391293602e-05
6243,ἀρκεῖ,2,1.4539744391293602e-05
6244,ἑωρακώς,2,1.4539744391293602e-05
6245,παράκλητον,2,1.4539744391293602e-05
6246,ὀρφανούς,2,1.4539744391293602e-05
6247,τηρήσει,2,1.4539744391293602e-05
6248,ἀφίημι,2,1.4539744391293602e-05
6249,γεωργός,2,1.4539744391293602e-05
6250,φέρον,2,1.4539744391293602e-05
6251,φέρητε,2,1.4539744391293602e-05
6252,μενεῖτε,2,1.4539744391293602e-05
6253,τετήρηκα,2,1.4539744391293602e-05
6254,θῇ,2,1.4539744391293602e-05
6255,ἐντέλλομαι,2,1.4539744391293602e-05
6256,ἐγνώρισα,2,1.4539744391293602e-05
6257,εἴχοσαν,2,1.4539744391293602e-05
6258,ἀποκτείνας,2,1.4539744391293602e-05
6259,λατρείαν,2,1.4539744391293602e-05
6260,πεπλήρωκε(ν),2,1.4539744391293602e-05
6261,ἀπέλθω,2,1.4539744391293602e-05
6262,βαστάζειν,2,1.4539744391293602e-05
6263,ἐρχόμενα,2,1.4539744391293602e-05
6264,χαρήσεται,2,1.4539744391293602e-05
6265,ὄψομαι,2,1.4539744391293602e-05
6266,παροιμίαις,2,1.4539744391293602e-05
6267,ἀπαγγελῶ,2,1.4539744391293602e-05
6268,ἐμίσησε(ν),2,1.4539744391293602e-05
6269,ἡγιασμένοι,2,1.4539744391293602e-05
6270,κῆπος,2,1.4539744391293602e-05
6271,ὅπλων,2,1.4539744391293602e-05
6272,εἵλκυσε(ν),2,1.4539744391293602e-05
6273,ἀπέκοψε(ν),2,1.4539744391293602e-05
6274,ἔδησαν,2,1.4539744391293602e-05
6275,γνωστός,2,1.4539744391293602e-05
6276,ἀνθρακιάν,2,1.4539744391293602e-05
6277,ψῦχος,2,1.4539744391293602e-05
6278,Ἅννας,2,1.4539744391293602e-05
6279,κήπῳ,2,1.4539744391293602e-05
6280,μιανθῶσι(ν),2,1.4539744391293602e-05
6281,κατηγορίαν,2,1.4539744391293602e-05
6282,γεγέννημαι,2,1.4539744391293602e-05
6283,βούλεσθε,2,1.4539744391293602e-05
6284,τίτλον,2,1.4539744391293602e-05
6285,Ἑλληνιστί,2,1.4539744391293602e-05
6286,γέγραφα,2,1.4539744391293602e-05
6287,στρατιώτῃ,2,1.4539744391293602e-05
6288,τετέλεσται,2,1.4539744391293602e-05
6289,πρώτου,2,1.4539744391293602e-05
6290,κατέαξαν,2,1.4539744391293602e-05
6291,ἐξεκέντησαν,2,1.4539744391293602e-05
6292,φέρων,2,1.4539744391293602e-05
6293,κλαίεις,2,1.4539744391293602e-05
6294,ἐβάστασας,2,1.4539744391293602e-05
6295,κεκλεισμένων,2,1.4539744391293602e-05
6296,ἥλων,2,1.4539744391293602e-05
6297,δάκτυλον,2,1.4539744391293602e-05
6298,πηχῶν,2,1.4539744391293602e-05
6299,ὀψάριον,2,1.4539744391293602e-05
6300,μεγάλων,2,1.4539744391293602e-05
6301,ἀγαπᾷς,2,1.4539744391293602e-05
6302,βόσκε,2,1.4539744391293602e-05
6303,παρέστησε(ν),2,1.4539744391293602e-05
6304,χωρίζεσθαι,2,1.4539744391293602e-05
6305,βλεπόντων,2,1.4539744391293602e-05
6306,καλουμένου,2,1.4539744391293602e-05
6307,ὑπερῷον,2,1.4539744391293602e-05
6308,ὀνομάτων,2,1.4539744391293602e-05
6309,λαβέτω,2,1.4539744391293602e-05
6310,βαπτίσματος,2,1.4539744391293602e-05
6311,Βαρσαββᾶν,2,1.4539744391293602e-05
6312,Ἰοῦστος,2,1.4539744391293602e-05
6313,Μαθθίαν,2,1.4539744391293602e-05
6314,ἀποστολῆς,2,1.4539744391293602e-05
6315,πορευθῆναι,2,1.4539744391293602e-05
6316,κλῆρος,2,1.4539744391293602e-05
6317,εὐλαβεῖς,2,1.4539744391293602e-05
6318,συνῆλθε(ν),2,1.4539744391293602e-05
6319,ἐπιδημοῦντες,2,1.4539744391293602e-05
6320,Κρῆτες,2,1.4539744391293602e-05
6321,διηπόρουν,2,1.4539744391293602e-05
6322,μεθύουσι(ν),2,1.4539744391293602e-05
6323,ἐκχεῶ,2,1.4539744391293602e-05
6324,ἐπικαλέσηται,2,1.4539744391293602e-05
6325,λύσας,2,1.4539744391293602e-05
6326,ᾅδην,2,1.4539744391293602e-05
6327,δώσεις,2,1.4539744391293602e-05
6328,εὐφροσύνης,2,1.4539744391293602e-05
6329,ὅρκῳ,2,1.4539744391293602e-05
6330,ὀσφύος,2,1.4539744391293602e-05
6331,ἐσταυρώσατε,2,1.4539744391293602e-05
6332,μετανοήσατε,2,1.4539744391293602e-05
6333,πλείοσι(ν),2,1.4539744391293602e-05
6334,διεμαρτύρατο,2,1.4539744391293602e-05
6335,σκολιᾶς,2,1.4539744391293602e-05
6336,ἐβαπτίσθησαν,2,1.4539744391293602e-05
6337,κοινωνίᾳ,2,1.4539744391293602e-05
6338,κοινά,2,1.4539744391293602e-05
6339,χωλός,2,1.4539744391293602e-05
6340,ἐτίθουν,2,1.4539744391293602e-05
6341,πιάσας,2,1.4539744391293602e-05
6342,Σολομῶντος,2,1.4539744391293602e-05
6343,ἠρνήσασθε,2,1.4539744391293602e-05
6344,ἄγνοιαν,2,1.4539744391293602e-05
6345,λαλήσῃ,2,1.4539744391293602e-05
6346,ἐνευλογηθήσονται,2,1.4539744391293602e-05
6347,καταγγέλλειν,2,1.4539744391293602e-05
6348,συναχθῆναι,2,1.4539744391293602e-05
6349,ἐπυνθάνοντο,2,1.4539744391293602e-05
6350,πλησθείς,2,1.4539744391293602e-05
6351,ἀσθενοῦς,2,1.4539744391293602e-05
6352,ἰδιῶται,2,1.4539744391293602e-05
6353,συνέβαλλον,2,1.4539744391293602e-05
6354,παρήγγειλαν,2,1.4539744391293602e-05
6355,ἀπολυθέντες,2,1.4539744391293602e-05
6356,λαοῖς,2,1.4539744391293602e-05
6357,ἐκτείνειν,2,1.4539744391293602e-05
6358,ὑπῆρχον,2,1.4539744391293602e-05
6359,τιμάς,2,1.4539744391293602e-05
6360,ἐνέγκας,2,1.4539744391293602e-05
6361,Ἁνανία,2,1.4539744391293602e-05
6362,ψεύσασθαι,2,1.4539744391293602e-05
6363,νεώτεροι,2,1.4539744391293602e-05
6364,ἐξενέγκαντες,2,1.4539744391293602e-05
6365,τοσούτου,2,1.4539744391293602e-05
6366,πειράσαι,2,1.4539744391293602e-05
6367,τιθέναι,2,1.4539744391293602e-05
6368,ἐρχομένου,2,1.4539744391293602e-05
6369,σκιά,2,1.4539744391293602e-05
6370,ζήλου,2,1.4539744391293602e-05
6371,ἐξαγαγών,2,1.4539744391293602e-05
6372,σταθέντες,2,1.4539744391293602e-05
6373,ἐδίδασκον,2,1.4539744391293602e-05
6374,δεσμωτήριον,2,1.4539744391293602e-05
6375,εὕρομεν,2,1.4539744391293602e-05
6376,φύλακας,2,1.4539744391293602e-05
6377,βίας,2,1.4539744391293602e-05
6378,παρηγγείλαμεν,2,1.4539744391293602e-05
6379,πειθαρχεῖν,2,1.4539744391293602e-05
6380,κρεμάσαντες,2,1.4539744391293602e-05
6381,διεπρίοντο,2,1.4539744391293602e-05
6382,ἐβούλοντο,2,1.4539744391293602e-05
6383,Γαμαλιήλ,2,1.4539744391293602e-05
6384,τίμιος,2,1.4539744391293602e-05
6385,μέλλετε,2,1.4539744391293602e-05
6386,δυνήσεσθε,2,1.4539744391293602e-05
6387,ἐπείσθησαν,2,1.4539744391293602e-05
6388,προσκαλεσάμενοι,2,1.4539744391293602e-05
6389,ἀρεστόν,2,1.4539744391293602e-05
6390,ἱερέων,2,1.4539744391293602e-05
6391,ἀνέστησαν,2,1.4539744391293602e-05
6392,λεγομένης,2,1.4539744391293602e-05
6393,Στεφάνῳ,2,1.4539744391293602e-05
6394,ἐπιστάντες,2,1.4539744391293602e-05
6395,ψευδεῖς,2,1.4539744391293602e-05
6396,ἔθη,2,1.4539744391293602e-05
6397,Χαρράν,2,1.4539744391293602e-05
6398,βῆμα,2,1.4539744391293602e-05
6399,τέκνου,2,1.4539744391293602e-05
6400,τετρακόσια,2,1.4539744391293602e-05
6401,λατρεύσουσι(ν),2,1.4539744391293602e-05
6402,περιέτεμε(ν),2,1.4539744391293602e-05
6403,ζηλώσαντες,2,1.4539744391293602e-05
6404,ἐξείλατο,2,1.4539744391293602e-05
6405,Χανάαν,2,1.4539744391293602e-05
6406,μετεκαλέσατο,2,1.4539744391293602e-05
6407,Συχέμ,2,1.4539744391293602e-05
6408,ἐτέθησαν,2,1.4539744391293602e-05
6409,Αἰγύπτιον,2,1.4539744391293602e-05
6410,ἀδικεῖτε,2,1.4539744391293602e-05
6411,δικαστήν,2,1.4539744391293602e-05
6412,κατανοῆσαι,2,1.4539744391293602e-05
6413,λῦσον,2,1.4539744391293602e-05
6414,ὑπόδημα,2,1.4539744391293602e-05
6415,ἕστηκας,2,1.4539744391293602e-05
6416,ὑπήκοοι,2,1.4539744391293602e-05
6417,μαρτυρίου,2,1.4539744391293602e-05
6418,χειροποιήτοις,2,1.4539744391293602e-05
6419,προδόται,2,1.4539744391293602e-05
6420,ὥρμησαν,2,1.4539744391293602e-05
6421,ἐλιθοβόλουν,2,1.4539744391293602e-05
6422,Σαύλου,2,1.4539744391293602e-05
6423,ἐπικαλούμενον,2,1.4539744391293602e-05
6424,ἐκοιμήθη,2,1.4539744391293602e-05
6425,συνευδοκῶν,2,1.4539744391293602e-05
6426,διωγμός,2,1.4539744391293602e-05
6427,εἰσπορευόμενος,2,1.4539744391293602e-05
6428,παρεδίδου,2,1.4539744391293602e-05
6429,διασπαρέντες,2,1.4539744391293602e-05
6430,κτᾶσθαι,2,1.4539744391293602e-05
6431,μερίς,2,1.4539744391293602e-05
6432,ἐπέλθῃ,2,1.4539744391293602e-05
6433,λαλήσαντες,2,1.4539744391293602e-05
6434,μεσημβρίαν,2,1.4539744391293602e-05
6435,δυνάστης,2,1.4539744391293602e-05
6436,προσκυνήσων,2,1.4539744391293602e-05
6437,ἀνεγίνωσκε(ν),2,1.4539744391293602e-05
6438,Ἠσαΐαν,2,1.4539744391293602e-05
6439,ἤχθη,2,1.4539744391293602e-05
6440,εὐηγγελίσατο,2,1.4539744391293602e-05
6441,κωλύει,2,1.4539744391293602e-05
6442,φόνου,2,1.4539744391293602e-05
6443,ἐπιστολάς,2,1.4539744391293602e-05
6444,ἀγάγῃ,2,1.4539744391293602e-05
6445,ῥύμην,2,1.4539744391293602e-05
6446,εὐθεῖαν,2,1.4539744391293602e-05
6447,προσεύχεται,2,1.4539744391293602e-05
6448,ἐπληροῦντο,2,1.4539744391293602e-05
6449,ἱκαναί,2,1.4539744391293602e-05
6450,χαλάσαντες,2,1.4539744391293602e-05
6451,διηγήσατο,2,1.4539744391293602e-05
6452,παρρησιαζόμενος,2,1.4539744391293602e-05
6453,Ἑλληνιστάς,2,1.4539744391293602e-05
6454,κατήγαγον,2,1.4539744391293602e-05
6455,Ταρσόν,2,1.4539744391293602e-05
6456,Λύδδα,2,1.4539744391293602e-05
6457,Ταβιθά,2,1.4539744391293602e-05
6458,Δορκάς,2,1.4539744391293602e-05
6459,ὑπερῴῳ,2,1.4539744391293602e-05
6460,Ἰόππης,2,1.4539744391293602e-05
6461,ἱκανάς,2,1.4539744391293602e-05
6462,βυρσεῖ,2,1.4539744391293602e-05
6463,ἐλεημοσύνας,2,1.4539744391293602e-05
6464,δεόμενος,2,1.4539744391293602e-05
6465,Κορνήλιε,2,1.4539744391293602e-05
6466,ἔμφοβος,2,1.4539744391293602e-05
6467,προσευχαί,2,1.4539744391293602e-05
6468,ἐλεημοσύναι,2,1.4539744391293602e-05
6469,μετάπεμψαι,2,1.4539744391293602e-05
6470,ἐπικαλεῖται,2,1.4539744391293602e-05
6471,γεύσασθαι,2,1.4539744391293602e-05
6472,ὀθόνην,2,1.4539744391293602e-05
6473,τετράποδα,2,1.4539744391293602e-05
6474,ἑρπετά,2,1.4539744391293602e-05
6475,θῦσον,2,1.4539744391293602e-05
6476,μηδαμῶς,2,1.4539744391293602e-05
6477,ἐκαθάρισε(ν),2,1.4539744391293602e-05
6478,κοίνου,2,1.4539744391293602e-05
6479,ὁράματος,2,1.4539744391293602e-05
6480,ἀπέσταλκα,2,1.4539744391293602e-05
6481,ἐξένισε(ν),2,1.4539744391293602e-05
6482,συνῆλθον,2,1.4539744391293602e-05
6483,συναντήσας,2,1.4539744391293602e-05
6484,λαμπρᾷ,2,1.4539744391293602e-05
6485,προσευχή,2,1.4539744391293602e-05
6486,ἐργαζόμενος,2,1.4539744391293602e-05
6487,ἐκήρυξε(ν),2,1.4539744391293602e-05
6488,διῆλθε(ν),2,1.4539744391293602e-05
6489,διαμαρτύρασθαι,2,1.4539744391293602e-05
6490,δωρεά,2,1.4539744391293602e-05
6491,ἐκκέχυται,2,1.4539744391293602e-05
6492,κωλῦσαι,2,1.4539744391293602e-05
6493,ἐξετίθετο,2,1.4539744391293602e-05
6494,κατενόουν,2,1.4539744391293602e-05
6495,θηρία,2,1.4539744391293602e-05
6496,εἰσήλθομεν,2,1.4539744391293602e-05
6497,ἄρξασθαι,2,1.4539744391293602e-05
6498,προθέσει,2,1.4539744391293602e-05
6499,προσμένειν,2,1.4539744391293602e-05
6500,Ἅγαβος,2,1.4539744391293602e-05
6501,ἐσήμανε(ν),2,1.4539744391293602e-05
6502,κακῶσαι,2,1.4539744391293602e-05
6503,φυλάσσειν,2,1.4539744391293602e-05
6504,ἀναγαγεῖν,2,1.4539744391293602e-05
6505,ἐκτενῶς,2,1.4539744391293602e-05
6506,προαγαγεῖν,2,1.4539744391293602e-05
6507,ἀνάστα,2,1.4539744391293602e-05
6508,πυλῶνος,2,1.4539744391293602e-05
6509,μαίνῃ,2,1.4539744391293602e-05
6510,Ἰακώβῳ,2,1.4539744391293602e-05
6511,τάραχος,2,1.4539744391293602e-05
6512,ὀλίγος,2,1.4539744391293602e-05
6513,πείσαντες,2,1.4539744391293602e-05
6514,Λούκιος,2,1.4539744391293602e-05
6515,ἀπέπλευσαν,2,1.4539744391293602e-05
6516,ὑπηρέτην,2,1.4539744391293602e-05
6517,νῆσον,2,1.4539744391293602e-05
6518,Πάφου,2,1.4539744391293602e-05
6519,Ἰουδαῖον,2,1.4539744391293602e-05
6520,δόλου,2,1.4539744391293602e-05
6521,Παμφυλίας,2,1.4539744391293602e-05
6522,Πισιδίαν,2,1.4539744391293602e-05
6523,ᾐτήσαντο,2,1.4539744391293602e-05
6524,θελήματα,2,1.4539744391293602e-05
6525,φωνάς,2,1.4539744391293602e-05
6526,κρίναντες,2,1.4539744391293602e-05
6527,ἐπλήρωσαν,2,1.4539744391293602e-05
6528,πιστά,2,1.4539744391293602e-05
6529,δικαιωθῆναι,2,1.4539744391293602e-05
6530,λαληθῆναι,2,1.4539744391293602e-05
6531,σεβομένων,2,1.4539744391293602e-05
6532,τέθεικα,2,1.4539744391293602e-05
6533,ἐπήγειραν,2,1.4539744391293602e-05
6534,Ἰκόνιον,2,1.4539744391293602e-05
6535,ὁρμή,2,1.4539744391293602e-05
6536,ἐπῆραν,2,1.4539744391293602e-05
6537,Ἑρμῆν,2,1.4539744391293602e-05
6538,θύειν,2,1.4539744391293602e-05
6539,ἐπιστρέφειν,2,1.4539744391293602e-05
6540,γενεαῖς,2,1.4539744391293602e-05
6541,καίτοι,2,1.4539744391293602e-05
6542,οὐρανόθεν,2,1.4539744391293602e-05
6543,ἔσυρον,2,1.4539744391293602e-05
6544,συναγαγόντες,2,1.4539744391293602e-05
6545,ζητήσεως,2,1.4539744391293602e-05
6546,ἔταξαν,2,1.4539744391293602e-05
6547,Φοινίκην,2,1.4539744391293602e-05
6548,πεπιστευκότες,2,1.4539744391293602e-05
6549,περιτέμνειν,2,1.4539744391293602e-05
6550,καθαρίσας,2,1.4539744391293602e-05
6551,ἰσχύσαμεν,2,1.4539744391293602e-05
6552,ἀνοικοδομήσω,2,1.4539744391293602e-05
6553,γενεῶν,2,1.4539744391293602e-05
6554,ἡγουμένους,2,1.4539744391293602e-05
6555,ἐτάραξαν,2,1.4539744391293602e-05
6556,ἀγαπητοῖς,2,1.4539744391293602e-05
6557,Γαλατικήν,2,1.4539744391293602e-05
6558,Μυσίαν,2,1.4539744391293602e-05
6559,προσευχήν,2,1.4539744391293602e-05
6560,παιδίσκην,2,1.4539744391293602e-05
6561,ἐργασίας,2,1.4539744391293602e-05
6562,Ῥωμαίοις,2,1.4539744391293602e-05
6563,παραγγελίαν,2,1.4539744391293602e-05
6564,σαλευθῆναι,2,1.4539744391293602e-05
6565,θύραι,2,1.4539744391293602e-05
6566,δεσμοφύλαξ,2,1.4539744391293602e-05
6567,Σιλᾷ,2,1.4539744391293602e-05
6568,ἐξῆλθαν,2,1.4539744391293602e-05
6569,Θεσσαλονίκην,2,1.4539744391293602e-05
6570,συναγωγή,2,1.4539744391293602e-05
6571,διελέξατο,2,1.4539744391293602e-05
6572,καταγγέλλω,2,1.4539744391293602e-05
6573,προσλαβόμενοι,2,1.4539744391293602e-05
6574,Ἰάσονος,2,1.4539744391293602e-05
6575,δῆμον,2,1.4539744391293602e-05
6576,πολιτάρχας,2,1.4539744391293602e-05
6577,βοῶντες,2,1.4539744391293602e-05
6578,Ἰάσων,2,1.4539744391293602e-05
6579,πράσσουσι(ν),2,1.4539744391293602e-05
6580,Θεσσαλονίκῃ,2,1.4539744391293602e-05
6581,ἔχοι,2,1.4539744391293602e-05
6582,ταράσσοντες,2,1.4539744391293602e-05
6583,Ἀθηνῶν,2,1.4539744391293602e-05
6584,Ἀθήναις,2,1.4539744391293602e-05
6585,Ἀθηναῖοι,2,1.4539744391293602e-05
6586,ἀγνοοῦντες,2,1.4539744391293602e-05
6587,τέχνης,2,1.4539744391293602e-05
6588,μετανοεῖν,2,1.4539744391293602e-05
6589,Κόρινθον,2,1.4539744391293602e-05
6590,ἐληλυθότα,2,1.4539744391293602e-05
6591,Ἰταλίας,2,1.4539744391293602e-05
6592,ἀδίκημα,2,1.4539744391293602e-05
6593,ζητήματα,2,1.4539744391293602e-05
6594,Πρίσκιλλα,2,1.4539744391293602e-05
6595,Κεγχρεαῖς,2,1.4539744391293602e-05
6596,εὐχήν,2,1.4539744391293602e-05
6597,κατήντησαν,2,1.4539744391293602e-05
6598,θέλοντος,2,1.4539744391293602e-05
6599,Ἐφέσου,2,1.4539744391293602e-05
6600,βουλομένου,2,1.4539744391293602e-05
6601,Ἀχαΐαν,2,1.4539744391293602e-05
6602,ἐπιθέντος,2,1.4539744391293602e-05
6603,διαλεγόμενος,2,1.4539744391293602e-05
6604,πείθων,2,1.4539744391293602e-05
6605,ἐκπορεύεσθαι,2,1.4539744391293602e-05
6606,κηρύσσει,2,1.4539744391293602e-05
6607,πράξεις,2,1.4539744391293602e-05
6608,πραξάντων,2,1.4539744391293602e-05
6609,Δημήτριος,2,1.4539744391293602e-05
6610,μετέστησε(ν),2,1.4539744391293602e-05
6611,γινόμενοι,2,1.4539744391293602e-05
6612,λογισθῆναι,2,1.4539744391293602e-05
6613,μεγαλειότητος,2,1.4539744391293602e-05
6614,Ἄρτεμις,2,1.4539744391293602e-05
6615,Γάϊον,2,1.4539744391293602e-05
6616,εἴων,2,1.4539744391293602e-05
6617,ἀπολογεῖσθαι,2,1.4539744391293602e-05
6618,δέον,2,1.4539744391293602e-05
6619,ἄγονται,2,1.4539744391293602e-05
6620,κινδυνεύομεν,2,1.4539744391293602e-05
6621,παρακαλέσας,2,1.4539744391293602e-05
6622,ἐπιβουλῆς,2,1.4539744391293602e-05
6623,ἀνάγεσθαι,2,1.4539744391293602e-05
6624,γνώμης,2,1.4539744391293602e-05
6625,Γάϊος,2,1.4539744391293602e-05
6626,Τρῳάδι,2,1.4539744391293602e-05
6627,ἐξιέναι,2,1.4539744391293602e-05
6628,θυρίδος,2,1.4539744391293602e-05
6629,διαλεγομένου,2,1.4539744391293602e-05
6630,Ἆσσον,2,1.4539744391293602e-05
6631,δουλεύων,2,1.4539744391293602e-05
6632,ταπεινοφροσύνης,2,1.4539744391293602e-05
6633,ὑπεστειλάμην,2,1.4539744391293602e-05
6634,ἀναγγεῖλαι,2,1.4539744391293602e-05
6635,μένουσι(ν),2,1.4539744391293602e-05
6636,ποιοῦμαι,2,1.4539744391293602e-05
6637,ποιμαίνειν,2,1.4539744391293602e-05
6638,ποιμνίου,2,1.4539744391293602e-05
6639,μνημονεύοντες,2,1.4539744391293602e-05
6640,νουθετῶν,2,1.4539744391293602e-05
6641,χρυσίου,2,1.4539744391293602e-05
6642,χρείαις,2,1.4539744391293602e-05
6643,χεῖρες,2,1.4539744391293602e-05
6644,κοπιῶντας,2,1.4539744391293602e-05
6645,μακάριον,2,1.4539744391293602e-05
6646,ἀναχθῆναι,2,1.4539744391293602e-05
6647,ἐπιβάντες,2,1.4539744391293602e-05
6648,καταλιπόντες,2,1.4539744391293602e-05
6649,εὐώνυμον,2,1.4539744391293602e-05
6650,κατήλθομεν,2,1.4539744391293602e-05
6651,ἐκεῖσε,2,1.4539744391293602e-05
6652,ἐπεμείναμεν,2,1.4539744391293602e-05
6653,πλοῦν,2,1.4539744391293602e-05
6654,ἐμείναμεν,2,1.4539744391293602e-05
6655,εὐαγγελιστοῦ,2,1.4539744391293602e-05
6656,δεθῆναι,2,1.4539744391293602e-05
6657,εἰσῄει,2,1.4539744391293602e-05
6658,μυριάδες,2,1.4539744391293602e-05
6659,ἔθεσι(ν),2,1.4539744391293602e-05
6660,ἀκούσονται,2,1.4539744391293602e-05
6661,φυλάσσων,2,1.4539744391293602e-05
6662,φυλάσσεσθαι,2,1.4539744391293602e-05
6663,Τρόφιμον,2,1.4539744391293602e-05
6664,ζητούντων,2,1.4539744391293602e-05
6665,πεποιηκώς,2,1.4539744391293602e-05
6666,εἰσάγεσθαι,2,1.4539744391293602e-05
6667,ἀπολογίας,2,1.4539744391293602e-05
6668,ἐδίωξα,2,1.4539744391293602e-05
6669,ἀπεκρίθην,2,1.4539744391293602e-05
6670,κατοικούντων,2,1.4539744391293602e-05
6671,ἐπίστανται,2,1.4539744391293602e-05
6672,δέρων,2,1.4539744391293602e-05
6673,ὁμολογοῦσι(ν),2,1.4539744391293602e-05
6674,μαρτυρῆσαι,2,1.4539744391293602e-05
6675,ἀνεθεμάτισαν,2,1.4539744391293602e-05
6676,ἐνέδραν,2,1.4539744391293602e-05
6677,ἑκατονταρχῶν,2,1.4539744391293602e-05
6678,νεανίαν,2,1.4539744391293602e-05
6679,διακοσίους,2,1.4539744391293602e-05
6680,ἱππεῖς,2,1.4539744391293602e-05
6681,κτήνη,2,1.4539744391293602e-05
6682,Λυσίας,2,1.4539744391293602e-05
6683,ζητημάτων,2,1.4539744391293602e-05
6684,κατήγοροι,2,1.4539744391293602e-05
6685,πραιτωρίῳ,2,1.4539744391293602e-05
6686,ἐπείρασε(ν),2,1.4539744391293602e-05
6687,φάσκοντες,2,1.4539744391293602e-05
6688,αἵρεσιν,2,1.4539744391293602e-05
6689,γεγραμμένοις,2,1.4539744391293602e-05
6690,προσφοράς,2,1.4539744391293602e-05
6691,κρίματος,2,1.4539744391293602e-05
6692,ἐλπίζων,2,1.4539744391293602e-05
6693,χάριτα,2,1.4539744391293602e-05
6694,καταθέσθαι,2,1.4539744391293602e-05
6695,ἀπολογουμένου,2,1.4539744391293602e-05
6696,χαρίσασθαι,2,1.4539744391293602e-05
6697,ἐπικαλοῦμαι,2,1.4539744391293602e-05
6698,Βερνίκη,2,1.4539744391293602e-05
6699,ποιησάμενος,2,1.4539744391293602e-05
6700,ἐκέλευσα,2,1.4539744391293602e-05
6701,ὑπενόουν,2,1.4539744391293602e-05
6702,ἐπικαλεσαμένου,2,1.4539744391293602e-05
6703,γράψω,2,1.4539744391293602e-05
6704,ἐπιτρέπεται,2,1.4539744391293602e-05
6705,ἐγκαλοῦμαι,2,1.4539744391293602e-05
6706,ἥγημαι,2,1.4539744391293602e-05
6707,προγινώσκοντες,2,1.4539744391293602e-05
6708,πορευομένους,2,1.4539744391293602e-05
6709,κέντρα,2,1.4539744391293602e-05
6710,Παῦλε,2,1.4539744391293602e-05
6711,ὁποῖος,2,1.4539744391293602e-05
6712,Ἰταλίαν,2,1.4539744391293602e-05
6713,δεσμώτας,2,1.4539744391293602e-05
6714,ὑπεπλεύσαμεν,2,1.4539744391293602e-05
6715,ἀνέμους,2,1.4539744391293602e-05
6716,Κρήτην,2,1.4539744391293602e-05
6717,δύναιντο,2,1.4539744391293602e-05
6718,παραχειμάσαι,2,1.4539744391293602e-05
6719,Κρήτης,2,1.4539744391293602e-05
6720,ἄραντες,2,1.4539744391293602e-05
6721,σκάφης,2,1.4539744391293602e-05
6722,ἀποβολή,2,1.4539744391293602e-05
6723,παρέστη,2,1.4539744391293602e-05
6724,κεχάρισται,2,1.4539744391293602e-05
6725,ἐκπεσεῖν,2,1.4539744391293602e-05
6726,ναῦται,2,1.4539744391293602e-05
6727,βολίσαντες,2,1.4539744391293602e-05
6728,ὀργυιάς,2,1.4539744391293602e-05
6729,ὑμετέρας,2,1.4539744391293602e-05
6730,περιελόντες,2,1.4539744391293602e-05
6731,ἐκώλυσε(ν),2,1.4539744391293602e-05
6732,βάρβαροι,2,1.4539744391293602e-05
6733,πυράν,2,1.4539744391293602e-05
6734,φονεύς,2,1.4539744391293602e-05
6735,ἀναδεξάμενος,2,1.4539744391293602e-05
6736,παρεκλήθημεν,2,1.4539744391293602e-05
6737,ξενίαν,2,1.4539744391293602e-05
6738,κλητός,2,1.4539744391293602e-05
6739,ἀποστολήν,2,1.4539744391293602e-05
6740,ἐπιποθῶ,2,1.4539744391293602e-05
6741,ἐπαισχύνομαι,2,1.4539744391293602e-05
6742,Ἕλληνι,2,1.4539744391293602e-05
6743,ἀσέβειαν,2,1.4539744391293602e-05
6744,ἀδικίαν,2,1.4539744391293602e-05
6745,ἀόρατα,2,1.4539744391293602e-05
6746,ἀφθάρτου,2,1.4539744391293602e-05
6747,ἑρπετῶν,2,1.4539744391293602e-05
6748,ἀκαθαρσίαν,2,1.4539744391293602e-05
6749,μετήλλαξαν,2,1.4539744391293602e-05
6750,ψεύδει,2,1.4539744391293602e-05
6751,ἀτιμίας,2,1.4539744391293602e-05
6752,φυσικήν,2,1.4539744391293602e-05
6753,χρῆσιν,2,1.4539744391293602e-05
6754,ἄρσενες,2,1.4539744391293602e-05
6755,ἀσχημοσύνην,2,1.4539744391293602e-05
6756,ἀντιμισθίαν,2,1.4539744391293602e-05
6757,μεστούς,2,1.4539744391293602e-05
6758,πράσσοντες,2,1.4539744391293602e-05
6759,ἀγνοῶν,2,1.4539744391293602e-05
6760,ἐριθείας,2,1.4539744391293602e-05
6761,ἀπειθοῦσι(ν),2,1.4539744391293602e-05
6762,στενοχωρία,2,1.4539744391293602e-05
6763,ἀνόμως,2,1.4539744391293602e-05
6764,ἀκροαταί,2,1.4539744391293602e-05
6765,ποιηταί,2,1.4539744391293602e-05
6766,συμμαρτυρούσης,2,1.4539744391293602e-05
6767,διαφέροντα,2,1.4539744391293602e-05
6768,κατηχούμενος,2,1.4539744391293602e-05
6769,μόρφωσιν,2,1.4539744391293602e-05
6770,μοιχεύεις,2,1.4539744391293602e-05
6771,παραβάσεως,2,1.4539744391293602e-05
6772,παραβάτης,2,1.4539744391293602e-05
6773,φύσεως,2,1.4539744391293602e-05
6774,παραβάτην,2,1.4539744391293602e-05
6775,φανερῷ,2,1.4539744391293602e-05
6776,ἔνδικον,2,1.4539744391293602e-05
6777,ἰός,2,1.4539744391293602e-05
6778,χείλη,2,1.4539744391293602e-05
6779,δικαιωθήσεται,2,1.4539744391293602e-05
6780,πεφανέρωται,2,1.4539744391293602e-05
6781,μαρτυρουμένη,2,1.4539744391293602e-05
6782,διαστολή,2,1.4539744391293602e-05
6783,ἀπολυτρώσεως,2,1.4539744391293602e-05
6784,προέθετο,2,1.4539744391293602e-05
6785,ἱλαστήριον,2,1.4539744391293602e-05
6786,ἁμαρτημάτων,2,1.4539744391293602e-05
6787,δικαιοῦντα,2,1.4539744391293602e-05
6788,λογίσηται,2,1.4539744391293602e-05
6789,μακαρισμός,2,1.4539744391293602e-05
6790,ἀκροβυστίας,2,1.4539744391293602e-05
6791,κληρονόμον,2,1.4539744391293602e-05
6792,παράβασις,2,1.4539744391293602e-05
6793,κατενόησε(ν),2,1.4539744391293602e-05
6794,νέκρωσιν,2,1.4539744391293602e-05
6795,ἐγείραντα,2,1.4539744391293602e-05
6796,δικαίωσιν,2,1.4539744391293602e-05
6797,ἐσχήκαμεν,2,1.4539744391293602e-05
6798,καυχώμεθα,2,1.4539744391293602e-05
6799,τάχα,2,1.4539744391293602e-05
6800,σωθησόμεθα,2,1.4539744391293602e-05
6801,τύπος,2,1.4539744391293602e-05
6802,δώρημα,2,1.4539744391293602e-05
6803,παραπτωμάτων,2,1.4539744391293602e-05
6804,πλεονάσῃ,2,1.4539744391293602e-05
6805,ἐπλεόνασε(ν),2,1.4539744391293602e-05
6806,ἀπεθάνομεν,2,1.4539744391293602e-05
6807,ἀγνοεῖτε,2,1.4539744391293602e-05
6808,καινότητι,2,1.4539744391293602e-05
6809,γεγόναμεν,2,1.4539744391293602e-05
6810,συζήσομεν,2,1.4539744391293602e-05
6811,κυριεύει,2,1.4539744391293602e-05
6812,παριστάνετε,2,1.4539744391293602e-05
6813,παραστήσατε,2,1.4539744391293602e-05
6814,ὑπηκούσατε,2,1.4539744391293602e-05
6815,ἐλευθερωθέντες,2,1.4539744391293602e-05
6816,δοῦλα,2,1.4539744391293602e-05
6817,ἀνομίᾳ,2,1.4539744391293602e-05
6818,ἐγερθέντι,2,1.4539744391293602e-05
6819,ἐπιθυμήσεις,2,1.4539744391293602e-05
6820,ἐλθούσης,2,1.4539744391293602e-05
6821,ἐξηπάτησε(ν),2,1.4539744391293602e-05
6822,ἀγαθή,2,1.4539744391293602e-05
6823,μισῶ,2,1.4539744391293602e-05
6824,οἰκοῦσα,2,1.4539744391293602e-05
6825,παράκειται,2,1.4539744391293602e-05
6826,ταλαίπωρος,2,1.4539744391293602e-05
6827,ἠλευθέρωσε(ν),2,1.4539744391293602e-05
6828,ἔχθρα,2,1.4539744391293602e-05
6829,ματαιότητι,2,1.4539744391293602e-05
6830,ἐραυνῶν,2,1.4539744391293602e-05
6831,προέγνω,2,1.4539744391293602e-05
6832,ἐδικαίωσε(ν),2,1.4539744391293602e-05
6833,μάχαιρα,2,1.4539744391293602e-05
6834,σφαγῆς,2,1.4539744391293602e-05
6835,ἀγαπήσαντος,2,1.4539744391293602e-05
6836,ἀρχαί,2,1.4539744391293602e-05
6837,ἐνεστῶτα,2,1.4539744391293602e-05
6838,ὕψωμα,2,1.4539744391293602e-05
6839,διαθῆκαι,2,1.4539744391293602e-05
6840,Σάρρᾳ,2,1.4539744391293602e-05
6841,μήπω,2,1.4539744391293602e-05
6842,πρόθεσις,2,1.4539744391293602e-05
6843,ἀνθέστηκε(ν),2,1.4539744391293602e-05
6844,προητοίμασε(ν),2,1.4539744391293602e-05
6845,Σαβαώθ,2,1.4539744391293602e-05
6846,ἐγκατέλιπε(ν),2,1.4539744391293602e-05
6847,Γόμορρα,2,1.4539744391293602e-05
6848,σκανδάλου,2,1.4539744391293602e-05
6849,καταισχυνθήσεται,2,1.4539744391293602e-05
6850,ἐμῆς,2,1.4539744391293602e-05
6851,καταβήσεται,2,1.4539744391293602e-05
6852,παραζηλώσω,2,1.4539744391293602e-05
6853,τράπεζα,2,1.4539744391293602e-05
6854,ἥττημα,2,1.4539744391293602e-05
6855,κλάδοι,2,1.4539744391293602e-05
6856,ἐνεκεντρίσθης,2,1.4539744391293602e-05
6857,ἐλαίας,2,1.4539744391293602e-05
6858,ὑψηλά,2,1.4539744391293602e-05
6859,ἐγκεντρισθήσονται,2,1.4539744391293602e-05
6860,ἐλέει,2,1.4539744391293602e-05
6861,συνέκλεισε(ν),2,1.4539744391293602e-05
6862,ἀπείθειαν,2,1.4539744391293602e-05
6863,κρίματα,2,1.4539744391293602e-05
6864,ὁδοί,2,1.4539744391293602e-05
6865,σωφρονεῖν,2,1.4539744391293602e-05
6866,προφητείαν,2,1.4539744391293602e-05
6867,ἀνυπόκριτος,2,1.4539744391293602e-05
6868,φιλαδελφίᾳ,2,1.4539744391293602e-05
6869,ἀποδιδόντες,2,1.4539744391293602e-05
6870,ἐκδίκησις,2,1.4539744391293602e-05
6871,ἀνταποδώσω,2,1.4539744391293602e-05
6872,ἔκδικος,2,1.4539744391293602e-05
6873,τελεῖτε,2,1.4539744391293602e-05
6874,ἐπιστεύσαμεν,2,1.4539744391293602e-05
6875,κώμοις,2,1.4539744391293602e-05
6876,ζήλῳ,2,1.4539744391293602e-05
6877,προσλαμβάνεσθε,2,1.4539744391293602e-05
6878,διακρίσεις,2,1.4539744391293602e-05
6879,ἐσθίοντα,2,1.4539744391293602e-05
6880,κρινέτω,2,1.4539744391293602e-05
6881,προσελάβετο,2,1.4539744391293602e-05
6882,ἀλλότριον,2,1.4539744391293602e-05
6883,εὐχαριστεῖ,2,1.4539744391293602e-05
6884,ἀποθνῄσκωμεν,2,1.4539744391293602e-05
6885,ἀποθνῄσκομεν,2,1.4539744391293602e-05
6886,πρόσκομμα,2,1.4539744391293602e-05
6887,περιπατεῖς,2,1.4539744391293602e-05
6888,οἰκοδομῆς,2,1.4539744391293602e-05
6889,κρέα,2,1.4539744391293602e-05
6890,προεγράφη,2,1.4539744391293602e-05
6891,διάκονον,2,1.4539744391293602e-05
6892,αἰνεῖτε,2,1.4539744391293602e-05
6893,ἀγαθωσύνης,2,1.4539744391293602e-05
6894,λειτουργόν,2,1.4539744391293602e-05
6895,καύχησιν,2,1.4539744391293602e-05
6896,εὐαγγελίζεσθαι,2,1.4539744391293602e-05
6897,οἰκοδομῶ,2,1.4539744391293602e-05
6898,ἀνηγγέλη,2,1.4539744391293602e-05
6899,κλίμασι(ν),2,1.4539744391293602e-05
6900,πορεύωμαι,2,1.4539744391293602e-05
6901,Σπανίαν,2,1.4539744391293602e-05
6902,προπεμφθῆναι,2,1.4539744391293602e-05
6903,εὐδόκησαν,2,1.4539744391293602e-05
6904,Ἀχαΐα,2,1.4539744391293602e-05
6905,ὀφείλουσι(ν),2,1.4539744391293602e-05
6906,σφραγισάμενος,2,1.4539744391293602e-05
6907,ἀπειθούντων,2,1.4539744391293602e-05
6908,Πρίσκαν,2,1.4539744391293602e-05
6909,ἐκοπίασε(ν),2,1.4539744391293602e-05
6910,γέγοναν,2,1.4539744391293602e-05
6911,δόκιμον,2,1.4539744391293602e-05
6912,ὑπακοή,2,1.4539744391293602e-05
6913,συνεργός,2,1.4539744391293602e-05
6914,Ἔραστος,2,1.4539744391293602e-05
6915,ἐβεβαιώθη,2,1.4539744391293602e-05
6916,βεβαιώσει,2,1.4539744391293602e-05
6917,ἀνεγκλήτους,2,1.4539744391293602e-05
6918,σχίσματα,2,1.4539744391293602e-05
6919,μεμέρισται,2,1.4539744391293602e-05
6920,κενωθῇ,2,1.4539744391293602e-05
6921,σῳζομένοις,2,1.4539744391293602e-05
6922,ἀσθενές,2,1.4539744391293602e-05
6923,κλῆσιν,2,1.4539744391293602e-05
6924,καταισχύνῃ,2,1.4539744391293602e-05
6925,καυχήσηται,2,1.4539744391293602e-05
6926,ἁγιασμός,2,1.4539744391293602e-05
6927,καυχώμενος,2,1.4539744391293602e-05
6928,μυστηρίῳ,2,1.4539744391293602e-05
6929,διδακτοῖς,2,1.4539744391293602e-05
6930,ἀνθρωπίνης,2,1.4539744391293602e-05
6931,συγκρίνοντες,2,1.4539744391293602e-05
6932,πνευματικῶς,2,1.4539744391293602e-05
6933,γάλα,2,1.4539744391293602e-05
6934,σαρκικοί,2,1.4539744391293602e-05
6935,φυτεύων,2,1.4539744391293602e-05
6936,ποτίζων,2,1.4539744391293602e-05
6937,οἰκοδομή,2,1.4539744391293602e-05
6938,βλεπέτω,2,1.4539744391293602e-05
6939,μάταιοι,2,1.4539744391293602e-05
6940,οἰκονόμους,2,1.4539744391293602e-05
6941,φωτίσει,2,1.4539744391293602e-05
6942,φανερώσει,2,1.4539744391293602e-05
6943,Ἀπολλῶν,2,1.4539744391293602e-05
6944,ἔλαβες,2,1.4539744391293602e-05
6945,ἐβασιλεύσατε,2,1.4539744391293602e-05
6946,δοκῶ,2,1.4539744391293602e-05
6947,κοπιῶμεν,2,1.4539744391293602e-05
6948,ἰδίαις,2,1.4539744391293602e-05
6949,διωκόμενοι,2,1.4539744391293602e-05
6950,ἀγαπητά,2,1.4539744391293602e-05
6951,μυρίους,2,1.4539744391293602e-05
6952,ἐγέννησα,2,1.4539744391293602e-05
6953,κέκρικα,2,1.4539744391293602e-05
6954,Σατανᾷ,2,1.4539744391293602e-05
6955,μικρά,2,1.4539744391293602e-05
6956,ζύμη,2,1.4539744391293602e-05
6957,ζυμοῖ,2,1.4539744391293602e-05
6958,παλαιάν,2,1.4539744391293602e-05
6959,εἰλικρινείας,2,1.4539744391293602e-05
6960,εἰδωλολάτραις,2,1.4539744391293602e-05
6961,πλεονέκτης,2,1.4539744391293602e-05
6962,εἰδωλολάτρης,2,1.4539744391293602e-05
6963,τοιούτῳ,2,1.4539744391293602e-05
6964,βιωτικά,2,1.4539744391293602e-05
6965,κριτήρια,2,1.4539744391293602e-05
6966,ἐντροπήν,2,1.4539744391293602e-05
6967,ἀποστερεῖτε,2,1.4539744391293602e-05
6968,πόρνοι,2,1.4539744391293602e-05
6969,πόρνης,2,1.4539744391293602e-05
6970,κολλώμενος,2,1.4539744391293602e-05
6971,ἠγοράσθητε,2,1.4539744391293602e-05
6972,ἐξουσιάζει,2,1.4539744391293602e-05
6973,χήραις,2,1.4539744391293602e-05
6974,συνευδοκεῖ,2,1.4539744391293602e-05
6975,οἰκεῖν,2,1.4539744391293602e-05
6976,ἀφιέτω,2,1.4539744391293602e-05
6977,ἡγίασται,2,1.4539744391293602e-05
6978,δεδούλωται,2,1.4539744391293602e-05
6979,κέκληκε(ν),2,1.4539744391293602e-05
6980,κέκληται,2,1.4539744391293602e-05
6981,κλήσει,2,1.4539744391293602e-05
6982,ἐκλήθης,2,1.4539744391293602e-05
6983,κληθείς,2,1.4539744391293602e-05
6984,ζήτει,2,1.4539744391293602e-05
6985,φείδομαι,2,1.4539744391293602e-05
6986,κατέχοντες,2,1.4539744391293602e-05
6987,σύμφορον,2,1.4539744391293602e-05
6988,γαμίζων,2,1.4539744391293602e-05
6989,βρώσεως,2,1.4539744391293602e-05
6990,εἴδωλον,2,1.4539744391293602e-05
6991,λεγόμενοι,2,1.4539744391293602e-05
6992,ἀσθενέσι(ν),2,1.4539744391293602e-05
6993,ἁμαρτάνοντες,2,1.4539744391293602e-05
6994,διόπερ,2,1.4539744391293602e-05
6995,ἀλοῶντα,2,1.4539744391293602e-05
6996,μετέχειν,2,1.4539744391293602e-05
6997,σαρκικά,2,1.4539744391293602e-05
6998,θερίσομεν,2,1.4539744391293602e-05
6999,ἱερά,2,1.4539744391293602e-05
7000,εὐαγγελίζωμαι,2,1.4539744391293602e-05
7001,πεπίστευμαι,2,1.4539744391293602e-05
7002,γένωμαι,2,1.4539744391293602e-05
7003,βραβεῖον,2,1.4539744391293602e-05
7004,τρέχω,2,1.4539744391293602e-05
7005,ἀδόκιμος,2,1.4539744391293602e-05
7006,πέτρα,2,1.4539744391293602e-05
7007,τύποι,2,1.4539744391293602e-05
7008,ἐπείρασαν,2,1.4539744391293602e-05
7009,νουθεσίαν,2,1.4539744391293602e-05
7010,ἔκβασιν,2,1.4539744391293602e-05
7011,θύουσι(ν),2,1.4539744391293602e-05
7012,ἐλευθερία,2,1.4539744391293602e-05
7013,ἀπρόσκοποι,2,1.4539744391293602e-05
7014,παραδόσεις,2,1.4539744391293602e-05
7015,ἐκτίσθη,2,1.4539744391293602e-05
7016,φύσις,2,1.4539744391293602e-05
7017,κομᾷ,2,1.4539744391293602e-05
7018,ἧσσον,2,1.4539744391293602e-05
7019,συνερχομένων,2,1.4539744391293602e-05
7020,δόκιμοι,2,1.4539744391293602e-05
7021,δοκιμαζέτω,2,1.4539744391293602e-05
7022,συνέρχησθε,2,1.4539744391293602e-05
7023,βούλεται,2,1.4539744391293602e-05
7024,συγχαίρει,2,1.4539744391293602e-05
7025,λαλοῦσι(ν),2,1.4539744391293602e-05
7026,εἰδῶ,2,1.4539744391293602e-05
7027,ὑπομένει,2,1.4539744391293602e-05
7028,καταργηθήσεται,2,1.4539744391293602e-05
7029,προφητεύητε,2,1.4539744391293602e-05
7030,διερμηνεύῃ,2,1.4539744391293602e-05
7031,διδόντα,2,1.4539744391293602e-05
7032,τύχοι,2,1.4539744391293602e-05
7033,φωνῶν,2,1.4539744391293602e-05
7034,ἄφωνον,2,1.4539744391293602e-05
7035,λαλοῦντι,2,1.4539744391293602e-05
7036,προσευχέσθω,2,1.4539744391293602e-05
7037,προσεύξομαι,2,1.4539744391293602e-05
7038,φρεσί(ν),2,1.4539744391293602e-05
7039,εἰσέλθωσι(ν),2,1.4539744391293602e-05
7040,ἰδιώτης,2,1.4539744391293602e-05
7041,σιγάτω,2,1.4539744391293602e-05
7042,ἀποκαλυφθῇ,2,1.4539744391293602e-05
7043,προφητεύειν,2,1.4539744391293602e-05
7044,Κηφᾷ,2,1.4539744391293602e-05
7045,ἐκοιμήθησαν,2,1.4539744391293602e-05
7046,ἐκοπίασα,2,1.4539744391293602e-05
7047,καταργεῖται,2,1.4539744391293602e-05
7048,ἀγνωσίαν,2,1.4539744391293602e-05
7049,ἐπιγείων,2,1.4539744391293602e-05
7050,φθορᾷ,2,1.4539744391293602e-05
7051,ἀφθαρσίᾳ,2,1.4539744391293602e-05
7052,χοϊκός,2,1.4539744391293602e-05
7053,κληρονομῆσαι,2,1.4539744391293602e-05
7054,ἀλλαγησόμεθα,2,1.4539744391293602e-05
7055,σάλπιγγι,2,1.4539744391293602e-05
7056,ἐνδύσηται,2,1.4539744391293602e-05
7057,θάνατε,2,1.4539744391293602e-05
7058,κέντρον,2,1.4539744391293602e-05
7059,ἑδραῖοι,2,1.4539744391293602e-05
7060,περισσεύοντες,2,1.4539744391293602e-05
7061,κόπος,2,1.4539744391293602e-05
7062,παραμενῶ,2,1.4539744391293602e-05
7063,ἀνέῳγε(ν),2,1.4539744391293602e-05
7064,ἤτω,2,1.4539744391293602e-05
7065,παρακαλούμεθα,2,1.4539744391293602e-05
7066,βεβαία,2,1.4539744391293602e-05
7067,πεποιθότες,2,1.4539744391293602e-05
7068,ἠλπίκαμεν,2,1.4539744391293602e-05
7069,ἀνεστράφημεν,2,1.4539744391293602e-05
7070,γράφομεν,2,1.4539744391293602e-05
7071,ἐπέγνωτε,2,1.4539744391293602e-05
7072,βουλεύομαι,2,1.4539744391293602e-05
7073,Σιλουανοῦ,2,1.4539744391293602e-05
7074,Τιμοθέου,2,1.4539744391293602e-05
7075,ἀρραβῶνα,2,1.4539744391293602e-05
7076,λύπῃ,2,1.4539744391293602e-05
7077,λελύπηκε(ν),2,1.4539744391293602e-05
7078,καταποθῇ,2,1.4539744391293602e-05
7079,κεχάρισμαι,2,1.4539744391293602e-05
7080,ὀσμή,2,1.4539744391293602e-05
7081,ἐγγεγραμμένη,2,1.4539744391293602e-05
7082,πλαξί(ν),2,1.4539744391293602e-05
7083,πεποίθησιν,2,1.4539744391293602e-05
7084,διακόνους,2,1.4539744391293602e-05
7085,ἀτενίσαι,2,1.4539744391293602e-05
7086,ἀναγνώσει,2,1.4539744391293602e-05
7087,ἡνίκα,2,1.4539744391293602e-05
7088,ἐγκακοῦμεν,2,1.4539744391293602e-05
7089,συνιστάνοντες,2,1.4539744391293602e-05
7090,ἐτύφλωσε(ν),2,1.4539744391293602e-05
7091,φωτισμόν,2,1.4539744391293602e-05
7092,καταβαλλόμενοι,2,1.4539744391293602e-05
7093,ἐπίγειος,2,1.4539744391293602e-05
7094,οἰκητήριον,2,1.4539744391293602e-05
7095,ἐπενδύσασθαι,2,1.4539744391293602e-05
7096,ἐπιποθοῦντες,2,1.4539744391293602e-05
7097,γυμνοί,2,1.4539744391293602e-05
7098,ἐνδημοῦντες,2,1.4539744391293602e-05
7099,εἴδους,2,1.4539744391293602e-05
7100,εὐδοκοῦμεν,2,1.4539744391293602e-05
7101,φανερωθῆναι,2,1.4539744391293602e-05
7102,πεφανερῶσθαι,2,1.4539744391293602e-05
7103,διδόντες,2,1.4539744391293602e-05
7104,δόντος,2,1.4539744391293602e-05
7105,καταλλαγῆς,2,1.4539744391293602e-05
7106,θέμενος,2,1.4539744391293602e-05
7107,ἀνάγκαις,2,1.4539744391293602e-05
7108,στενοχωρίαις,2,1.4539744391293602e-05
7109,ἀγρυπνίαις,2,1.4539744391293602e-05
7110,πλάνοι,2,1.4539744391293602e-05
7111,στενοχωρεῖσθε,2,1.4539744391293602e-05
7112,σπλάγχνοις,2,1.4539744391293602e-05
7113,ἀπίστου,2,1.4539744391293602e-05
7114,ἐξέλθατε,2,1.4539744391293602e-05
7115,ἐπιτελοῦντες,2,1.4539744391293602e-05
7116,παρρησία,2,1.4539744391293602e-05
7117,πεπλήρωμαι,2,1.4539744391293602e-05
7118,μάχαι,2,1.4539744391293602e-05
7119,ἐπιπόθησιν,2,1.4539744391293602e-05
7120,ἀναπέπαυται,2,1.4539744391293602e-05
7121,θαρρῶ,2,1.4539744391293602e-05
7122,ἁπλότητος,2,1.4539744391293602e-05
7123,πέρυσι(ν),2,1.4539744391293602e-05
7124,προθυμία,2,1.4539744391293602e-05
7125,περίσσευμα,2,1.4539744391293602e-05
7126,συνεπέμψαμεν,2,1.4539744391293602e-05
7127,διακονουμένῃ,2,1.4539744391293602e-05
7128,προθυμίαν,2,1.4539744391293602e-05
7129,κοινωνός,2,1.4539744391293602e-05
7130,ὑποστάσει,2,1.4539744391293602e-05
7131,ἡγησάμην,2,1.4539744391293602e-05
7132,ἑτοίμην,2,1.4539744391293602e-05
7133,πλεονεξίαν,2,1.4539744391293602e-05
7134,φειδομένως,2,1.4539744391293602e-05
7135,εὐλογίαις,2,1.4539744391293602e-05
7136,ἀνάγκης,2,1.4539744391293602e-05
7137,ἐπιχορηγῶν,2,1.4539744391293602e-05
7138,ὑπερβάλλουσαν,2,1.4539744391293602e-05
7139,αἰχμαλωτίζοντες,2,1.4539744391293602e-05
7140,καυχήσωμαι,2,1.4539744391293602e-05
7141,αἰσχυνθήσομαι,2,1.4539744391293602e-05
7142,βαρεῖαι,2,1.4539744391293602e-05
7143,οἷοι,2,1.4539744391293602e-05
7144,ἄμετρα,2,1.4539744391293602e-05
7145,ἐφθάσαμεν,2,1.4539744391293602e-05
7146,κανόνι,2,1.4539744391293602e-05
7147,καυχήσασθαι,2,1.4539744391293602e-05
7148,ἁγνήν,2,1.4539744391293602e-05
7149,ἐκηρύξαμεν,2,1.4539744391293602e-05
7150,ὑστερηκέναι,2,1.4539744391293602e-05
7151,ὑπερλίαν,2,1.4539744391293602e-05
7152,κατενάρκησα,2,1.4539744391293602e-05
7153,τηρήσω,2,1.4539744391293602e-05
7154,καυχῶνται,2,1.4539744391293602e-05
7155,θαῦμα,2,1.4539744391293602e-05
7156,ἄφρονα,2,1.4539744391293602e-05
7157,ἀφροσύνῃ,2,1.4539744391293602e-05
7158,κατεσθίει,2,1.4539744391293602e-05
7159,ποταμῶν,2,1.4539744391293602e-05
7160,κόπῳ,2,1.4539744391293602e-05
7161,μόχθῳ,2,1.4539744391293602e-05
7162,ἀσθενῶ,2,1.4539744391293602e-05
7163,ἐξέφυγον,2,1.4539744391293602e-05
7164,δεκατεσσάρων,2,1.4539744391293602e-05
7165,ὑπεραίρωμαι,2,1.4539744391293602e-05
7166,ἥδιστα,2,1.4539744391293602e-05
7167,λοιπάς,2,1.4539744391293602e-05
7168,οἵους,2,1.4539744391293602e-05
7169,εὑρεθῶ,2,1.4539744391293602e-05
7170,θυμοί,2,1.4539744391293602e-05
7171,ἐριθεῖαι,2,1.4539744391293602e-05
7172,προλέγω,2,1.4539744391293602e-05
7173,εὐχόμεθα,2,1.4539744391293602e-05
7174,χαίρομεν,2,1.4539744391293602e-05
7175,ἀποτόμως,2,1.4539744391293602e-05
7176,εὐαγγελισθέν,2,1.4539744391293602e-05
7177,Ἰουδαϊσμῷ,2,1.4539744391293602e-05
7178,ἀνῆλθον,2,1.4539744391293602e-05
7179,κηρύσσω,2,1.4539744391293602e-05
7180,στῦλοι,2,1.4539744391293602e-05
7181,ὑποκρίσει,2,1.4539744391293602e-05
7182,ζῇς,2,1.4539744391293602e-05
7183,δικαιωθῶμεν,2,1.4539744391293602e-05
7184,ἐπάθετε,2,1.4539744391293602e-05
7185,ἐπικατάρατος,2,1.4539744391293602e-05
7186,κατάρα,2,1.4539744391293602e-05
7187,λάβωμεν,2,1.4539744391293602e-05
7188,παραβάσεων,2,1.4539744391293602e-05
7189,ἄχρις,2,1.4539744391293602e-05
7190,ἐπαγγελιῶν,2,1.4539744391293602e-05
7191,νήπιοι,2,1.4539744391293602e-05
7192,ἐνιαυτούς,2,1.4539744391293602e-05
7193,Ἁγάρ,2,1.4539744391293602e-05
7194,τίκτουσα,2,1.4539744391293602e-05
7195,ὠδίνουσα,2,1.4539744391293602e-05
7196,ἐχούσης,2,1.4539744391293602e-05
7197,ἐλευθερίᾳ,2,1.4539744391293602e-05
7198,ἐνεργουμένη,2,1.4539744391293602e-05
7199,ἐνέκοψε(ν),2,1.4539744391293602e-05
7200,πείθεσθαι,2,1.4539744391293602e-05
7201,πέποιθα,2,1.4539744391293602e-05
7202,βαστάσει,2,1.4539744391293602e-05
7203,δουλεύετε,2,1.4539744391293602e-05
7204,ἐπιθυμεῖ,2,1.4539744391293602e-05
7205,ἀντίκειται,2,1.4539744391293602e-05
7206,ἀκαθαρσία,2,1.4539744391293602e-05
7207,εἰδωλολατρία,2,1.4539744391293602e-05
7208,μακροθυμία,2,1.4539744391293602e-05
7209,γινώμεθα,2,1.4539744391293602e-05
7210,ἐκλυόμενοι,2,1.4539744391293602e-05
7211,περιτέμνεσθαι,2,1.4539744391293602e-05
7212,λοιποῦ,2,1.4539744391293602e-05
7213,πνευματικῇ,2,1.4539744391293602e-05
7214,ἐνεργοῦντος,2,1.4539744391293602e-05
7215,ἐσφραγίσθητε,2,1.4539744391293602e-05
7216,δώῃ,2,1.4539744391293602e-05
7217,ὑπερβάλλον,2,1.4539744391293602e-05
7218,κυριότητος,2,1.4539744391293602e-05
7219,περιεπατήσατε,2,1.4539744391293602e-05
7220,συνεζωοποίησε(ν),2,1.4539744391293602e-05
7221,σεσῳσμένοι,2,1.4539744391293602e-05
7222,ἐνδείξηται,2,1.4539744391293602e-05
7223,χειροποιήτου,2,1.4539744391293602e-05
7224,ἀπηλλοτριωμένοι,2,1.4539744391293602e-05
7225,ἔχθραν,2,1.4539744391293602e-05
7226,δόγμασι(ν),2,1.4539744391293602e-05
7227,αὔξει,2,1.4539744391293602e-05
7228,κατοικητήριον,2,1.4539744391293602e-05
7229,ἐγνωρίσθη,2,1.4539744391293602e-05
7230,ἐρριζωμένοι,2,1.4539744391293602e-05
7231,τεθεμελιωμένοι,2,1.4539744391293602e-05
7232,πληρωθῆτε,2,1.4539744391293602e-05
7233,νοοῦμεν,2,1.4539744391293602e-05
7234,ἐνεργουμένην,2,1.4539744391293602e-05
7235,περιπατῆσαι,2,1.4539744391293602e-05
7236,ἀνεχόμενοι,2,1.4539744391293602e-05
7237,ἑνότητα,2,1.4539744391293602e-05
7238,πληρώσῃ,2,1.4539744391293602e-05
7239,ἐπιγνώσεως,2,1.4539744391293602e-05
7240,ἡλικίας,2,1.4539744391293602e-05
7241,συμβιβαζόμενον,2,1.4539744391293602e-05
7242,ἐπιχορηγίας,2,1.4539744391293602e-05
7243,αὔξησιν,2,1.4539744391293602e-05
7244,ἀπάτης,2,1.4539744391293602e-05
7245,εὔσπλαγχνοι,2,1.4539744391293602e-05
7246,χαριζόμενοι,2,1.4539744391293602e-05
7247,προσφοράν,2,1.4539744391293602e-05
7248,εὐωδίας,2,1.4539744391293602e-05
7249,ἀνῆκε(ν),2,1.4539744391293602e-05
7250,εὐχαριστία,2,1.4539744391293602e-05
7251,ἐξαγοραζόμενοι,2,1.4539744391293602e-05
7252,πονηραί,2,1.4539744391293602e-05
7253,ὕμνοις,2,1.4539744391293602e-05
7254,ᾠδαῖς,2,1.4539744391293602e-05
7255,πνευματικαῖς,2,1.4539744391293602e-05
7256,ᾄδοντες,2,1.4539744391293602e-05
7257,ὑποτασσόμενοι,2,1.4539744391293602e-05
7258,ἁγιάσῃ,2,1.4539744391293602e-05
7259,ἀνθρωπάρεσκοι,2,1.4539744391293602e-05
7260,κομίσεται,2,1.4539744391293602e-05
7261,κράτει,2,1.4539744391293602e-05
7262,στῆτε,2,1.4539744391293602e-05
7263,θώρακα,2,1.4539744391293602e-05
7264,περικεφαλαίαν,2,1.4539744391293602e-05
7265,δεήσεως,2,1.4539744391293602e-05
7266,γνωρίσει,2,1.4539744391293602e-05
7267,παρακαλέσῃ,2,1.4539744391293602e-05
7268,Φιλίπποις,2,1.4539744391293602e-05
7269,δέησιν,2,1.4539744391293602e-05
7270,ἀπολογίᾳ,2,1.4539744391293602e-05
7271,περισσεύῃ,2,1.4539744391293602e-05
7272,προκοπήν,2,1.4539744391293602e-05
7273,ἐγείρειν,2,1.4539744391293602e-05
7274,τρόπῳ,2,1.4539744391293602e-05
7275,ἐριθείαν,2,1.4539744391293602e-05
7276,ἡγούμενοι,2,1.4539744391293602e-05
7277,ἕκαστοι,2,1.4539744391293602e-05
7278,σπένδομαι,2,1.4539744391293602e-05
7279,ἀπόστολον,2,1.4539744391293602e-05
7280,ἐπιποθῶν,2,1.4539744391293602e-05
7281,ἠσθένησε(ν),2,1.4539744391293602e-05
7282,χαρῆτε,2,1.4539744391293602e-05
7283,λατρεύοντες,2,1.4539744391293602e-05
7284,ἄμεμπτος,2,1.4539744391293602e-05
7285,διώκω,2,1.4539744391293602e-05
7286,ὑποτάξαι,2,1.4539744391293602e-05
7287,αἰτήματα,2,1.4539744391293602e-05
7288,δίκαια,2,1.4539744391293602e-05
7289,ἐπιζητῶ,2,1.4539744391293602e-05
7290,πλεονάζοντα,2,1.4539744391293602e-05
7291,θρόνοι,2,1.4539744391293602e-05
7292,νουθετοῦντες,2,1.4539744391293602e-05
7293,ἡλίκον,2,1.4539744391293602e-05
7294,συνηγέρθητε,2,1.4539744391293602e-05
7295,κρατῶν,2,1.4539744391293602e-05
7296,ἀπεθάνετε,2,1.4539744391293602e-05
7297,κακίαν,2,1.4539744391293602e-05
7298,ψεύδεσθε,2,1.4539744391293602e-05
7299,ταπεινοφροσύνην,2,1.4539744391293602e-05
7300,πραΰτητα,2,1.4539744391293602e-05
7301,ἠδίκησε(ν),2,1.4539744391293602e-05
7302,ἀνοίξῃ,2,1.4539744391293602e-05
7303,συναιχμάλωτος,2,1.4539744391293602e-05
7304,Ἐπαφρᾶς,2,1.4539744391293602e-05
7305,ἀναγνωσθῇ,2,1.4539744391293602e-05
7306,Ἀρχίππῳ,2,1.4539744391293602e-05
7307,Σιλουανός,2,1.4539744391293602e-05
7308,πληροφορίᾳ,2,1.4539744391293602e-05
7309,ἀληθινῷ,2,1.4539744391293602e-05
7310,ἐπιβαρῆσαι,2,1.4539744391293602e-05
7311,ἀμέμπτως,2,1.4539744391293602e-05
7312,κωλυόντων,2,1.4539744391293602e-05
7313,καταρτίσαι,2,1.4539744391293602e-05
7314,κατευθύναι,2,1.4539744391293602e-05
7315,παραγγελίας,2,1.4539744391293602e-05
7316,τοιγαροῦν,2,1.4539744391293602e-05
7317,περιπατῆτε,2,1.4539744391293602e-05
7318,κοιμηθέντας,2,1.4539744391293602e-05
7319,περιλειπόμενοι,2,1.4539744391293602e-05
7320,καθεύδωμεν,2,1.4539744391293602e-05
7321,γρηγορῶμεν,2,1.4539744391293602e-05
7322,νήφωμεν,2,1.4539744391293602e-05
7323,νουθετεῖτε,2,1.4539744391293602e-05
7324,εὐχαριστεῖν,2,1.4539744391293602e-05
7325,θλιβομένοις,2,1.4539744391293602e-05
7326,διδόντος,2,1.4539744391293602e-05
7327,δίκην,2,1.4539744391293602e-05
7328,ἐπιστεύθη,2,1.4539744391293602e-05
7329,ἀπάτῃ,2,1.4539744391293602e-05
7330,κριθῶσι(ν),2,1.4539744391293602e-05
7331,ἅς,2,1.4539744391293602e-05
7332,αἰωνίαν,2,1.4539744391293602e-05
7333,δοξάζηται,2,1.4539744391293602e-05
7334,στηρίξει,2,1.4539744391293602e-05
7335,ἀτάκτως,2,1.4539744391293602e-05
7336,μιμεῖσθαι,2,1.4539744391293602e-05
7337,ἐντραπῇ,2,1.4539744391293602e-05
7338,ἡγεῖσθε,2,1.4539744391293602e-05
7339,Τιμοθέῳ,2,1.4539744391293602e-05
7340,γνησίῳ,2,1.4539744391293602e-05
7341,καθαρᾶς,2,1.4539744391293602e-05
7342,ἀγαθῆς,2,1.4539744391293602e-05
7343,ἀνυποκρίτου,2,1.4539744391293602e-05
7344,ἐξετράπησαν,2,1.4539744391293602e-05
7345,νομίμως,2,1.4539744391293602e-05
7346,ἀσεβέσι(ν),2,1.4539744391293602e-05
7347,ἐπιστεύθην,2,1.4539744391293602e-05
7348,βλάσφημον,2,1.4539744391293602e-05
7349,ἠλεήθην,2,1.4539744391293602e-05
7350,ἀποδοχῆς,2,1.4539744391293602e-05
7351,ὑποτύπωσιν,2,1.4539744391293602e-05
7352,ἀφθάρτῳ,2,1.4539744391293602e-05
7353,Τιμόθεε,2,1.4539744391293602e-05
7354,Ὑμέναιος,2,1.4539744391293602e-05
7355,ἀπόδεκτον,2,1.4539744391293602e-05
7356,ἐτέθην,2,1.4539744391293602e-05
7357,κῆρυξ,2,1.4539744391293602e-05
7358,μαργαρίταις,2,1.4539744391293602e-05
7359,ἡσυχίᾳ,2,1.4539744391293602e-05
7360,ἀνεπίλημπτον,2,1.4539744391293602e-05
7361,σώφρονα,2,1.4539744391293602e-05
7362,φιλόξενον,2,1.4539744391293602e-05
7363,διδακτικόν,2,1.4539744391293602e-05
7364,πάροινον,2,1.4539744391293602e-05
7365,πλήκτην,2,1.4539744391293602e-05
7366,σεμνούς,2,1.4539744391293602e-05
7367,διαβόλους,2,1.4539744391293602e-05
7368,νηφαλίους,2,1.4539744391293602e-05
7369,διακονήσαντες,2,1.4539744391293602e-05
7370,ἀναστρέφεσθαι,2,1.4539744391293602e-05
7371,εὐσεβείας,2,1.4539744391293602e-05
7372,κτίσμα,2,1.4539744391293602e-05
7373,καλῆς,2,1.4539744391293602e-05
7374,μύθους,2,1.4539744391293602e-05
7375,εὐσέβεια,2,1.4539744391293602e-05
7376,πιστῶν,2,1.4539744391293602e-05
7377,δίδασκε,2,1.4539744391293602e-05
7378,ἀναστροφῇ,2,1.4539744391293602e-05
7379,ἁγνείᾳ,2,1.4539744391293602e-05
7380,νεωτέρους,2,1.4539744391293602e-05
7381,μανθανέτωσαν,2,1.4539744391293602e-05
7382,ἔλαττον,2,1.4539744391293602e-05
7383,λοιδορίας,2,1.4539744391293602e-05
7384,διαμαρτύρομαι,2,1.4539744391293602e-05
7385,τήρει,2,1.4539744391293602e-05
7386,δεσπότας,2,1.4539744391293602e-05
7387,βλασφημῆται,2,1.4539744391293602e-05
7388,πιστούς,2,1.4539744391293602e-05
7389,πλουτεῖν,2,1.4539744391293602e-05
7390,δίωκε,2,1.4539744391293602e-05
7391,ἄσπιλον,2,1.4539744391293602e-05
7392,ἐπιφανείας,2,1.4539744391293602e-05
7393,ἀπόλαυσιν,2,1.4539744391293602e-05
7394,φύλαξον,2,1.4539744391293602e-05
7395,κενοφωνίας,2,1.4539744391293602e-05
7396,ἐπαγγελλόμενοι,2,1.4539744391293602e-05
7397,ἠστόχησαν,2,1.4539744391293602e-05
7398,συγκακοπάθησον,2,1.4539744391293602e-05
7399,αἰωνίων,2,1.4539744391293602e-05
7400,φυλάξαι,2,1.4539744391293602e-05
7401,Ὀνησιφόρου,2,1.4539744391293602e-05
7402,τύχωσι(ν),2,1.4539744391293602e-05
7403,ὑπομίμνῃσκε,2,1.4539744391293602e-05
7404,καταστροφῇ,2,1.4539744391293602e-05
7405,περιΐστασο,2,1.4539744391293602e-05
7406,ἀνατρέπουσι(ν),2,1.4539744391293602e-05
7407,θεμέλιος,2,1.4539744391293602e-05
7408,χρυσᾶ,2,1.4539744391293602e-05
7409,ἀργυρᾶ,2,1.4539744391293602e-05
7410,ξύλινα,2,1.4539744391293602e-05
7411,εὔχρηστον,2,1.4539744391293602e-05
7412,μωράς,2,1.4539744391293602e-05
7413,μάχας,2,1.4539744391293602e-05
7414,δυνάμενα,2,1.4539744391293602e-05
7415,εὐσεβῶς,2,1.4539744391293602e-05
7416,ἔμαθες,2,1.4539744391293602e-05
7417,παιδείαν,2,1.4539744391293602e-05
7418,ἀπόκειται,2,1.4539744391293602e-05
7419,Τυχικόν,2,1.4539744391293602e-05
7420,λέοντος,2,1.4539744391293602e-05
7421,ἄσπασαι,2,1.4539744391293602e-05
7422,ἀσωτίας,2,1.4539744391293602e-05
7423,πιστοῦ,2,1.4539744391293602e-05
7424,ἀντιλέγοντας,2,1.4539744391293602e-05
7425,σώφρονας,2,1.4539744391293602e-05
7426,νέας,2,1.4539744391293602e-05
7427,ἀγαθάς,2,1.4539744391293602e-05
7428,δεσπόταις,2,1.4539744391293602e-05
7429,ἐνδεικνυμένους,2,1.4539744391293602e-05
7430,ἐπεφάνη,2,1.4539744391293602e-05
7431,καθαρίσῃ,2,1.4539744391293602e-05
7432,ἡδοναῖς,2,1.4539744391293602e-05
7433,μισοῦντες,2,1.4539744391293602e-05
7434,προΐστασθαι,2,1.4539744391293602e-05
7435,ὑπακοῇ,2,1.4539744391293602e-05
7436,λαλήσας,2,1.4539744391293602e-05
7437,ὑποστάσεως,2,1.4539744391293602e-05
7438,αὑτοῦ,2,1.4539744391293602e-05
7439,μεγαλωσύνης,2,1.4539744391293602e-05
7440,φλόγα,2,1.4539744391293602e-05
7441,μετόχους,2,1.4539744391293602e-05
7442,ἔπρεπε(ν),2,1.4539744391293602e-05
7443,ἐπαισχύνεται,2,1.4539744391293602e-05
7444,ἐπιλαμβάνεται,2,1.4539744391293602e-05
7445,κατασκευάσας,2,1.4539744391293602e-05
7446,κατάσχωμεν,2,1.4539744391293602e-05
7447,παραπικρασμῷ,2,1.4539744391293602e-05
7448,ὤμοσα,2,1.4539744391293602e-05
7449,ἐάνπερ,2,1.4539744391293602e-05
7450,τίσι(ν),2,1.4539744391293602e-05
7451,ὑποδείγματι,2,1.4539744391293602e-05
7452,δίστομον,2,1.4539744391293602e-05
7453,ὁμοιότητα,2,1.4539744391293602e-05
7454,προσερχώμεθα,2,1.4539744391293602e-05
7455,προσφέρῃ,2,1.4539744391293602e-05
7456,ἀγνοοῦσι(ν),2,1.4539744391293602e-05
7457,σῴζειν,2,1.4539744391293602e-05
7458,προσενέγκας,2,1.4539744391293602e-05
7459,εὐλαβείας,2,1.4539744391293602e-05
7460,νωθροί,2,1.4539744391293602e-05
7461,γεγόνατε,2,1.4539744391293602e-05
7462,γευσαμένους,2,1.4539744391293602e-05
7463,διακονοῦντες,2,1.4539744391293602e-05
7464,ἐπαγγειλάμενος,2,1.4539744391293602e-05
7465,ἀντιλογίας,2,1.4539744391293602e-05
7466,προκειμένης,2,1.4539744391293602e-05
7467,καταπετάσματος,2,1.4539744391293602e-05
7468,Σαλήμ,2,1.4539744391293602e-05
7469,δεκάτην,2,1.4539744391293602e-05
7470,δεκάτας,2,1.4539744391293602e-05
7471,ἱερωσύνης,2,1.4539744391293602e-05
7472,νενομοθέτηται,2,1.4539744391293602e-05
7473,ἱερέα,2,1.4539744391293602e-05
7474,ἑτέρας,2,1.4539744391293602e-05
7475,γεγονότες,2,1.4539744391293602e-05
7476,προσερχομένους,2,1.4539744391293602e-05
7477,ἀνενέγκας,2,1.4539744391293602e-05
7478,καθίστησι(ν),2,1.4539744391293602e-05
7479,ἀληθινῆς,2,1.4539744391293602e-05
7480,λατρεύουσι(ν),2,1.4539744391293602e-05
7481,κρείττοσι(ν),2,1.4539744391293602e-05
7482,διαθήκῃ,2,1.4539744391293602e-05
7483,διαθήσομαι,2,1.4539744391293602e-05
7484,ἐκείνας,2,1.4539744391293602e-05
7485,νόμους,2,1.4539744391293602e-05
7486,ἐπιγράψω,2,1.4539744391293602e-05
7487,λατρείας,2,1.4539744391293602e-05
7488,προσφέρονται,2,1.4539744391293602e-05
7489,μόσχων,2,1.4539744391293602e-05
7490,ταύρων,2,1.4539744391293602e-05
7491,ἄμωμον,2,1.4539744391293602e-05
7492,νεκροῖς,2,1.4539744391293602e-05
7493,κοκκίνου,2,1.4539744391293602e-05
7494,ἐράντισε(ν),2,1.4539744391293602e-05
7495,ἠθέλησας,2,1.4539744391293602e-05
7496,ὁλοκαυτώματα,2,1.4539744391293602e-05
7497,εὐδόκησας,2,1.4539744391293602e-05
7498,καθαρῷ,2,1.4539744391293602e-05
7499,ἑκουσίως,2,1.4539744391293602e-05
7500,ἡγησάμενος,2,1.4539744391293602e-05
7501,φοβερόν,2,1.4539744391293602e-05
7502,γενηθέντες,2,1.4539744391293602e-05
7503,βλεπομένων,2,1.4539744391293602e-05
7504,μεμαρτύρηται,2,1.4539744391293602e-05
7505,θεμελίους,2,1.4539744391293602e-05
7506,τεχνίτης,2,1.4539744391293602e-05
7507,ἐμνημόνευσε(ν),2,1.4539744391293602e-05
7508,θίγῃ,2,1.4539744391293602e-05
7509,πεῖραν,2,1.4539744391293602e-05
7510,Ῥαάβ,2,1.4539744391293602e-05
7511,παιδείας,2,1.4539744391293602e-05
7512,παιδεύει,2,1.4539744391293602e-05
7513,γεγόνασι(ν),2,1.4539744391293602e-05
7514,εἴχομεν,2,1.4539744391293602e-05
7515,ἐπισκοποῦντες,2,1.4539744391293602e-05
7516,προσεληλύθατε,2,1.4539744391293602e-05
7517,μυριάσι(ν),2,1.4539744391293602e-05
7518,ἐπιλανθάνεσθε,2,1.4539744391293602e-05
7519,παρεμβολῆς,2,1.4539744391293602e-05
7520,ποικίλοις,2,1.4539744391293602e-05
7521,δοκίμιον,2,1.4539744391293602e-05
7522,λειπόμενοι,2,1.4539744391293602e-05
7523,αἰτείτω,2,1.4539744391293602e-05
7524,ἔοικε(ν),2,1.4539744391293602e-05
7525,ἐξέπεσε(ν),2,1.4539744391293602e-05
7526,κτισμάτων,2,1.4539744391293602e-05
7527,βραδύς,2,1.4539744391293602e-05
7528,ἀκροατής,2,1.4539744391293602e-05
7529,ἐλευθερίας,2,1.4539744391293602e-05
7530,θρησκεία,2,1.4539744391293602e-05
7531,σκληρῶν,2,1.4539744391293602e-05
7532,ἀνθρωπίνῃ,2,1.4539744391293602e-05
7533,μεστή,2,1.4539744391293602e-05
7534,πικρόν,2,1.4539744391293602e-05
7535,ὑπερηφάνοις,2,1.4539744391293602e-05
7536,ἀντίστητε,2,1.4539744391293602e-05
7537,κλαύσατε,2,1.4539744391293602e-05
7538,ταπεινώθητε,2,1.4539744391293602e-05
7539,μακροθυμήσατε,2,1.4539744391293602e-05
7540,φανερωθέντος,2,1.4539744391293602e-05
7541,φιλαδελφίαν,2,1.4539744391293602e-05
7542,δόλον,2,1.4539744391293602e-05
7543,ἔντιμον,2,1.4539744391293602e-05
7544,ἱεράτευμα,2,1.4539744391293602e-05
7545,ἀγαθοποιῶν,2,1.4539744391293602e-05
7546,πάσχων,2,1.4539744391293602e-05
7547,ὑπομενεῖτε,2,1.4539744391293602e-05
7548,πάσχοντες,2,1.4539744391293602e-05
7549,ὑποτασσόμεναι,2,1.4539744391293602e-05
7550,ποιησάτω,2,1.4539744391293602e-05
7551,ἀπόθεσις,2,1.4539744391293602e-05
7552,νήψατε,2,1.4539744391293602e-05
7553,θείας,2,1.4539744391293602e-05
7554,ἀρετῇ,2,1.4539744391293602e-05
7555,ἀποφυγόντες,2,1.4539744391293602e-05
7556,σπουδάσατε,2,1.4539744391293602e-05
7557,εἰδότας,2,1.4539744391293602e-05
7558,ἐξακολουθήσαντες,2,1.4539744391293602e-05
7559,δεσπότην,2,1.4539744391293602e-05
7560,ἀρνούμενοι,2,1.4539744391293602e-05
7561,ἔκπαλαι,2,1.4539744391293602e-05
7562,ἀθέσμων,2,1.4539744391293602e-05
7563,ἄλογα,2,1.4539744391293602e-05
7564,συνευωχούμενοι,2,1.4539744391293602e-05
7565,ἐπλανήθησαν,2,1.4539744391293602e-05
7566,ἄνυδροι,2,1.4539744391293602e-05
7567,ζόφος,2,1.4539744391293602e-05
7568,τετήρηται,2,1.4539744391293602e-05
7569,ὑπέρογκα,2,1.4539744391293602e-05
7570,προειρημένων,2,1.4539744391293602e-05
7571,ἐμπαῖκται,2,1.4539744391293602e-05
7572,καυσούμενα,2,1.4539744391293602e-05
7573,λυθήσεται,2,1.4539744391293602e-05
7574,ἀπαγγέλλομεν,2,1.4539744391293602e-05
7575,ἀγγελία,2,1.4539744391293602e-05
7576,ψεύστην,2,1.4539744391293602e-05
7577,τηρῶμεν,2,1.4539744391293602e-05
7578,παράγεται,2,1.4539744391293602e-05
7579,ἔσφαξε(ν),2,1.4539744391293602e-05
7580,καταγινώσκῃ,2,1.4539744391293602e-05
7581,λαμβάνομεν,2,1.4539744391293602e-05
7582,ὁμολογεῖ,2,1.4539744391293602e-05
7583,αἰτώμεθα,2,1.4539744391293602e-05
7584,εὕρηκα,2,1.4539744391293602e-05
7585,μέλανος,2,1.4539744391293602e-05
7586,ἐπιδέχεται,2,1.4539744391293602e-05
7587,Μιχαήλ,2,1.4539744391293602e-05
7588,ἐλεᾶτε,2,1.4539744391293602e-05
7589,δεῖξαι,2,1.4539744391293602e-05
7590,λυχνιῶν,2,1.4539744391293602e-05
7591,φλόξ,2,1.4539744391293602e-05
7592,χαλκολιβάνῳ,2,1.4539744391293602e-05
7593,ὀξεῖα,2,1.4539744391293602e-05
7594,λυχνίαι,2,1.4539744391293602e-05
7595,πρῶτα,2,1.4539744391293602e-05
7596,Νικολαϊτῶν,2,1.4539744391293602e-05
7597,νικῶντι,2,1.4539744391293602e-05
7598,ἠρνήσω,2,1.4539744391293602e-05
7599,πορνεῦσαι,2,1.4539744391293602e-05
7600,Θυατείροις,2,1.4539744391293602e-05
7601,βάλλω,2,1.4539744391293602e-05
7602,Σάρδεσι(ν),2,1.4539744391293602e-05
7603,γρηγορῶν,2,1.4539744391293602e-05
7604,εἴληφας,2,1.4539744391293602e-05
7605,περιπατήσουσι(ν),2,1.4539744391293602e-05
7606,κλεῖν,2,1.4539744391293602e-05
7607,κλεῖσαι,2,1.4539744391293602e-05
7608,ἐτήρησας,2,1.4539744391293602e-05
7609,ἰάσπιδι,2,1.4539744391293602e-05
7610,ἶρις,2,1.4539744391293602e-05
7611,περιβεβλημένους,2,1.4539744391293602e-05
7612,στεφάνους,2,1.4539744391293602e-05
7613,γέμοντα,2,1.4539744391293602e-05
7614,τέταρτον,2,1.4539744391293602e-05
7615,ἐσφαγμένον,2,1.4539744391293602e-05
7616,γεμούσας,2,1.4539744391293602e-05
7617,θυμιαμάτων,2,1.4539744391293602e-05
7618,πυρρός,2,1.4539744391293602e-05
7619,μέλας,2,1.4539744391293602e-05
7620,χλωρός,2,1.4539744391293602e-05
7621,ἐσφαγμένων,2,1.4539744391293602e-05
7622,λευκή,2,1.4539744391293602e-05
7623,μεγιστᾶνες,2,1.4539744391293602e-05
7624,λευκάς,2,1.4539744391293602e-05
7625,περιβεβλημένοι,2,1.4539744391293602e-05
7626,σκηνώσει,2,1.4539744391293602e-05
7627,καῦμα,2,1.4539744391293602e-05
7628,ἐξαλείψει,2,1.4539744391293602e-05
7629,δάκρυον,2,1.4539744391293602e-05
7630,ἐδόθησαν,2,1.4539744391293602e-05
7631,λιβανωτόν,2,1.4539744391293602e-05
7632,θυμιάματα,2,1.4539744391293602e-05
7633,φάνῃ,2,1.4539744391293602e-05
7634,ἀετοῦ,2,1.4539744391293602e-05
7635,σαλπίζειν,2,1.4539744391293602e-05
7636,βασανισθήσονται,2,1.4539744391293602e-05
7637,βασανισμός,2,1.4539744391293602e-05
7638,εὑρήσουσι(ν),2,1.4539744391293602e-05
7639,ἵπποις,2,1.4539744391293602e-05
7640,οὐραῖς,2,1.4539744391293602e-05
7641,κεράτων,2,1.4539744391293602e-05
7642,χρυσοῦ,2,1.4539744391293602e-05
7643,μῆνα,2,1.4539744391293602e-05
7644,στομάτων,2,1.4539744391293602e-05
7645,θείου,2,1.4539744391293602e-05
7646,ἐτελέσθη,2,1.4539744391293602e-05
7647,λάβε,2,1.4539744391293602e-05
7648,χιλίας,2,1.4539744391293602e-05
7649,διακοσίας,2,1.4539744391293602e-05
7650,νικήσει,2,1.4539744391293602e-05
7651,πολεμῆσαι,2,1.4539744391293602e-05
7652,δράκοντος,2,1.4539744391293602e-05
7653,ἀρχαῖος,2,1.4539744391293602e-05
7654,Διάβολος,2,1.4539744391293602e-05
7655,πλανῶν,2,1.4539744391293602e-05
7656,τηρούντων,2,1.4539744391293602e-05
7657,κιθαρῳδῶν,2,1.4539744391293602e-05
7658,ποτηρίῳ,2,1.4539744391293602e-05
7659,ὑαλίνην,2,1.4539744391293602e-05
7660,ἐνδεδυμένοι,2,1.4539744391293602e-05
7661,πληγαί,2,1.4539744391293602e-05
7662,κρίσεις,2,1.4539744391293602e-05
7663,παντοκράτορος,2,1.4539744391293602e-05
7664,ἀπήνεγκε(ν),2,1.4539744391293602e-05
7665,κεχρυσωμένη,2,1.4539744391293602e-05
7666,βδελυγμάτων,2,1.4539744391293602e-05
7667,κάθηται,2,1.4539744391293602e-05
7668,ὄγδοος,2,1.4539744391293602e-05
7669,πόρνην,2,1.4539744391293602e-05
7670,ἐπλούτησαν,2,1.4539744391293602e-05
7671,καπνόν,2,1.4539744391293602e-05
7672,πυρώσεως,2,1.4539744391293602e-05
7673,ἠρημώθη,2,1.4539744391293602e-05
7674,ἔκρινε(ν),2,1.4539744391293602e-05
7675,λύχνου,2,1.4539744391293602e-05
7676,ἰσχυρῶν,2,1.4539744391293602e-05
7677,προσκύνησον,2,1.4539744391293602e-05
7678,ἵππου,2,1.4539744391293602e-05
7679,ψευδοπροφήτης,2,1.4539744391293602e-05
7680,ἔζησαν,2,1.4539744391293602e-05
7681,ἐκρίθησαν,2,1.4539744391293602e-05
7682,γεγραμμένων,2,1.4539744391293602e-05
7683,πυλῶσι(ν),2,1.4539744391293602e-05
7684,ἐμέτρησε(ν),2,1.4539744391293602e-05
7685,ἴασπις,2,1.4539744391293602e-05
7686,βίβλος,1,7.269872195646801e-06
7687,Ζάρα,1,7.269872195646801e-06
7688,Θαμάρ,1,7.269872195646801e-06
7689,Ῥαχάβ,1,7.269872195646801e-06
7690,Ῥούθ,1,7.269872195646801e-06
7691,Σολομῶνα,1,7.269872195646801e-06
7692,Οὐρίου,1,7.269872195646801e-06
7693,Ὀζίαν,1,7.269872195646801e-06
7694,Ὀζίας,1,7.269872195646801e-06
7695,Ἑζεκίαν,1,7.269872195646801e-06
7696,Ἑζεκίας,1,7.269872195646801e-06
7697,Μανασσῆς,1,7.269872195646801e-06
7698,Ἰωσίαν,1,7.269872195646801e-06
7699,Ἰωσίας,1,7.269872195646801e-06
7700,Ἰεχονίαν,1,7.269872195646801e-06
7701,μετοικεσίαν,1,7.269872195646801e-06
7702,Ἰεχονίας,1,7.269872195646801e-06
7703,γένεσις,1,7.269872195646801e-06
7704,μνηστευθείσης,1,7.269872195646801e-06
7705,δειγματίσαι,1,7.269872195646801e-06
7706,ἐβουλήθη,1,7.269872195646801e-06
7707,ἐνθυμηθέντος,1,7.269872195646801e-06
7708,φοβηθῇς,1,7.269872195646801e-06
7709,παραλαβεῖν,1,7.269872195646801e-06
7710,Μαρίαν,1,7.269872195646801e-06
7711,γεννηθέν,1,7.269872195646801e-06
7712,καλέσουσι(ν),1,7.269872195646801e-06
7713,Ἐμμανουήλ,1,7.269872195646801e-06
7714,γεννηθέντος,1,7.269872195646801e-06
7715,μάγοι,1,7.269872195646801e-06
7716,τεχθείς,1,7.269872195646801e-06
7717,γεννᾶται,1,7.269872195646801e-06
7718,οὐδαμῶς,1,7.269872195646801e-06
7719,ἐλαχίστη,1,7.269872195646801e-06
7720,μάγους,1,7.269872195646801e-06
7721,φαινομένου,1,7.269872195646801e-06
7722,προσκυνήσω,1,7.269872195646801e-06
7723,προῆγε(ν),1,7.269872195646801e-06
7724,πεσόντες,1,7.269872195646801e-06
7725,σμύρναν,1,7.269872195646801e-06
7726,χρηματισθέντες,1,7.269872195646801e-06
7727,ἀνεχώρησαν,1,7.269872195646801e-06
7728,ἀναχωρησάντων,1,7.269872195646801e-06
7729,τελευτῆς,1,7.269872195646801e-06
7730,ἐκάλεσα,1,7.269872195646801e-06
7731,ἐνεπαίχθη,1,7.269872195646801e-06
7732,ἐθυμώθη,1,7.269872195646801e-06
7733,διετοῦς,1,7.269872195646801e-06
7734,κατωτέρω,1,7.269872195646801e-06
7735,Ῥαμά,1,7.269872195646801e-06
7736,ὀδυρμός,1,7.269872195646801e-06
7737,Ῥαχήλ,1,7.269872195646801e-06
7738,παρακληθῆναι,1,7.269872195646801e-06
7739,τελευτήσαντος,1,7.269872195646801e-06
7740,τεθνήκασι(ν),1,7.269872195646801e-06
7741,Ἀρχέλαος,1,7.269872195646801e-06
7742,βασιλεύει,1,7.269872195646801e-06
7743,ῥηθείς,1,7.269872195646801e-06
7744,περίχωρος,1,7.269872195646801e-06
7745,ἐρχομένους,1,7.269872195646801e-06
7746,δόξητε,1,7.269872195646801e-06
7747,διακαθαριεῖ,1,7.269872195646801e-06
7748,συνάξει,1,7.269872195646801e-06
7749,διεκώλυε(ν),1,7.269872195646801e-06
7750,ἔρχῃ,1,7.269872195646801e-06
7751,νηστεύσας,1,7.269872195646801e-06
7752,ἐκπορευομένῳ,1,7.269872195646801e-06
7753,παραθαλασσίαν,1,7.269872195646801e-06
7754,Γαλιλαία,1,7.269872195646801e-06
7755,ἀμφίβληστρον,1,7.269872195646801e-06
7756,συνεχομένους,1,7.269872195646801e-06
7757,σεληνιαζομένους,1,7.269872195646801e-06
7758,παραλυτικούς,1,7.269872195646801e-06
7759,καθίσαντος,1,7.269872195646801e-06
7760,παρακληθήσονται,1,7.269872195646801e-06
7761,πραεῖς,1,7.269872195646801e-06
7762,διψῶντες,1,7.269872195646801e-06
7763,χορτασθήσονται,1,7.269872195646801e-06
7764,ἐλεήμονες,1,7.269872195646801e-06
7765,ἐλεηθήσονται,1,7.269872195646801e-06
7766,εἰρηνοποιοί,1,7.269872195646801e-06
7767,δεδιωγμένοι,1,7.269872195646801e-06
7768,διώξωσι(ν),1,7.269872195646801e-06
7769,ψευδόμενοι,1,7.269872195646801e-06
7770,βληθέν,1,7.269872195646801e-06
7771,καταπατεῖσθαι,1,7.269872195646801e-06
7772,κειμένη,1,7.269872195646801e-06
7773,καίουσι(ν),1,7.269872195646801e-06
7774,τιθέασι(ν),1,7.269872195646801e-06
7775,λαμψάτω,1,7.269872195646801e-06
7776,ἰῶτα,1,7.269872195646801e-06
7777,κεραία,1,7.269872195646801e-06
7778,φονεύσῃ,1,7.269872195646801e-06
7779,ὀργιζόμενος,1,7.269872195646801e-06
7780,ῥακά,1,7.269872195646801e-06
7781,μωρέ,1,7.269872195646801e-06
7782,προσφέρῃς,1,7.269872195646801e-06
7783,μνησθῇς,1,7.269872195646801e-06
7784,διαλλάγηθι,1,7.269872195646801e-06
7785,πρόσφερε,1,7.269872195646801e-06
7786,εὐνοῶν,1,7.269872195646801e-06
7787,ἀντιδίκῳ,1,7.269872195646801e-06
7788,βληθήσῃ,1,7.269872195646801e-06
7789,κοδράντην,1,7.269872195646801e-06
7790,ἐπιθυμῆσαι,1,7.269872195646801e-06
7791,ἐμοίχευσε(ν),1,7.269872195646801e-06
7792,δεξιός,1,7.269872195646801e-06
7793,βληθῇ,1,7.269872195646801e-06
7794,ἀπέλθῃ,1,7.269872195646801e-06
7795,δότω,1,7.269872195646801e-06
7796,ἀποστάσιον,1,7.269872195646801e-06
7797,μοιχευθῆναι,1,7.269872195646801e-06
7798,ἐπιορκήσεις,1,7.269872195646801e-06
7799,ἀποδώσεις,1,7.269872195646801e-06
7800,ὀμόσῃς,1,7.269872195646801e-06
7801,τρίχα,1,7.269872195646801e-06
7802,μέλαιναν,1,7.269872195646801e-06
7803,ὀφθαλμόν,1,7.269872195646801e-06
7804,ὀδόντα,1,7.269872195646801e-06
7805,ὀδόντος,1,7.269872195646801e-06
7806,ῥαπίζει,1,7.269872195646801e-06
7807,στρέψον,1,7.269872195646801e-06
7808,ἀγγαρεύσει,1,7.269872195646801e-06
7809,μίλιον,1,7.269872195646801e-06
7810,θέλοντα,1,7.269872195646801e-06
7811,δανίσασθαι,1,7.269872195646801e-06
7812,ἀποστραφῇς,1,7.269872195646801e-06
7813,μισήσεις,1,7.269872195646801e-06
7814,διωκόντων,1,7.269872195646801e-06
7815,ἀνατέλλει,1,7.269872195646801e-06
7816,βρέχει,1,7.269872195646801e-06
7817,ἀγαπήσητε,1,7.269872195646801e-06
7818,σαλπίσῃς,1,7.269872195646801e-06
7819,ῥύμαις,1,7.269872195646801e-06
7820,δοξασθῶσι(ν),1,7.269872195646801e-06
7821,ποιοῦντος,1,7.269872195646801e-06
7822,γνώτω,1,7.269872195646801e-06
7823,ἀριστερά,1,7.269872195646801e-06
7824,ἐλεημοσύνη,1,7.269872195646801e-06
7825,πλατειῶν,1,7.269872195646801e-06
7826,προσεύχῃ,1,7.269872195646801e-06
7827,κλείσας,1,7.269872195646801e-06
7828,πρόσευξαι,1,7.269872195646801e-06
7829,βατταλογήσητε,1,7.269872195646801e-06
7830,πολυλογίᾳ,1,7.269872195646801e-06
7831,εἰσακουσθήσονται,1,7.269872195646801e-06
7832,ὁμοιωθῆτε,1,7.269872195646801e-06
7833,αἰτῆσαι,1,7.269872195646801e-06
7834,ὀφειλήματα,1,7.269872195646801e-06
7835,ὀφειλέταις,1,7.269872195646801e-06
7836,ῥῦσαι,1,7.269872195646801e-06
7837,νηστεύητε,1,7.269872195646801e-06
7838,ἀφανίζουσι(ν),1,7.269872195646801e-06
7839,ἄλειψαι,1,7.269872195646801e-06
7840,φανῇς,1,7.269872195646801e-06
7841,ἐμβλέψατε,1,7.269872195646801e-06
7842,καταμάθετε,1,7.269872195646801e-06
7843,αὐξάνουσι(ν),1,7.269872195646801e-06
7844,κοπιῶσι(ν),1,7.269872195646801e-06
7845,νήθουσι(ν),1,7.269872195646801e-06
7846,ἀμφιέννυσι(ν),1,7.269872195646801e-06
7847,περιβαλώμεθα,1,7.269872195646801e-06
7848,ἁπάντων,1,7.269872195646801e-06
7849,αὑτῆς,1,7.269872195646801e-06
7850,κακία,1,7.269872195646801e-06
7851,κριθήσεσθε,1,7.269872195646801e-06
7852,δοκός,1,7.269872195646801e-06
7853,κυσί(ν),1,7.269872195646801e-06
7854,βάλητε,1,7.269872195646801e-06
7855,καταπατήσουσι(ν),1,7.269872195646801e-06
7856,στραφέντες,1,7.269872195646801e-06
7857,ῥήξωσι(ν),1,7.269872195646801e-06
7858,εἰσέλθατε,1,7.269872195646801e-06
7859,εὐρύχωρος,1,7.269872195646801e-06
7860,στενή,1,7.269872195646801e-06
7861,τεθλιμμένη,1,7.269872195646801e-06
7862,ψευδοπροφητῶν,1,7.269872195646801e-06
7863,ἐνδύμασι(ν),1,7.269872195646801e-06
7864,σταφυλάς,1,7.269872195646801e-06
7865,τριβόλων,1,7.269872195646801e-06
7866,ἐπροφητεύσαμεν,1,7.269872195646801e-06
7867,ἐξεβάλομεν,1,7.269872195646801e-06
7868,ἀποχωρεῖτε,1,7.269872195646801e-06
7869,φρονίμῳ,1,7.269872195646801e-06
7870,προσέπεσαν,1,7.269872195646801e-06
7871,τεθεμελίωτο,1,7.269872195646801e-06
7872,μωρῷ,1,7.269872195646801e-06
7873,πτῶσις,1,7.269872195646801e-06
7874,καταβάντος,1,7.269872195646801e-06
7875,προσένεγκον,1,7.269872195646801e-06
7876,βασανιζόμενος,1,7.269872195646801e-06
7877,θεραπεύσω,1,7.269872195646801e-06
7878,ἰαθήσεται,1,7.269872195646801e-06
7879,ἐκβληθήσονται,1,7.269872195646801e-06
7880,βεβλημένην,1,7.269872195646801e-06
7881,πυρέσσουσαν,1,7.269872195646801e-06
7882,ἐβάστασε(ν),1,7.269872195646801e-06
7883,ἐμβάντι,1,7.269872195646801e-06
7884,καλύπτεσθαι,1,7.269872195646801e-06
7885,ἐκάθευδε(ν),1,7.269872195646801e-06
7886,ἤγειραν,1,7.269872195646801e-06
7887,Γαδαρηνῶν,1,7.269872195646801e-06
7888,δαιμονιζόμενοι,1,7.269872195646801e-06
7889,ἰσχύειν,1,7.269872195646801e-06
7890,βασανίσαι,1,7.269872195646801e-06
7891,δαίμονες,1,7.269872195646801e-06
7892,ἐκβάλλεις,1,7.269872195646801e-06
7893,ἀγέλην,1,7.269872195646801e-06
7894,ὕδασι(ν),1,7.269872195646801e-06
7895,δαιμονιζομένων,1,7.269872195646801e-06
7896,διεπέρασε(ν),1,7.269872195646801e-06
7897,ἐνθυμεῖσθε,1,7.269872195646801e-06
7898,νηστεύομεν,1,7.269872195646801e-06
7899,πενθεῖν,1,7.269872195646801e-06
7900,ἱματίῳ,1,7.269872195646801e-06
7901,ῥήγνυνται,1,7.269872195646801e-06
7902,ἐκχεῖται,1,7.269872195646801e-06
7903,ἀπόλλυνται,1,7.269872195646801e-06
7904,συντηροῦνται,1,7.269872195646801e-06
7905,ἐπίθες,1,7.269872195646801e-06
7906,αἱμορροοῦσα,1,7.269872195646801e-06
7907,θύγατερ,1,7.269872195646801e-06
7908,ἄρχοντος,1,7.269872195646801e-06
7909,αὐλητάς,1,7.269872195646801e-06
7910,θορυβούμενον,1,7.269872195646801e-06
7911,ἀναχωρεῖτε,1,7.269872195646801e-06
7912,ἐξεβλήθη,1,7.269872195646801e-06
7913,παράγοντι,1,7.269872195646801e-06
7914,ἐλθόντι,1,7.269872195646801e-06
7915,ἐνεβριμήθη,1,7.269872195646801e-06
7916,διεφήμισαν,1,7.269872195646801e-06
7917,ἐξερχομένων,1,7.269872195646801e-06
7918,ἐκβληθέντος,1,7.269872195646801e-06
7919,ἐσκυλμένοι,1,7.269872195646801e-06
7920,ἐρριμμένοι,1,7.269872195646801e-06
7921,Θαδδαῖος,1,7.269872195646801e-06
7922,Καναναῖος,1,7.269872195646801e-06
7923,κηρύσσετε,1,7.269872195646801e-06
7924,ἐγείρετε,1,7.269872195646801e-06
7925,λεπρούς,1,7.269872195646801e-06
7926,ἐκβάλλετε,1,7.269872195646801e-06
7927,κτήσησθε,1,7.269872195646801e-06
7928,ἐλθάτω,1,7.269872195646801e-06
7929,ἐπιστραφήτω,1,7.269872195646801e-06
7930,Γομόρρων,1,7.269872195646801e-06
7931,περιστεραί,1,7.269872195646801e-06
7932,ἀχθήσεσθε,1,7.269872195646801e-06
7933,παραδῶσι(ν),1,7.269872195646801e-06
7934,διώκωσι(ν),1,7.269872195646801e-06
7935,οἰκοδεσπότην,1,7.269872195646801e-06
7936,ἐπεκάλεσαν,1,7.269872195646801e-06
7937,οἰκιακούς,1,7.269872195646801e-06
7938,ἀποκτεννόντων,1,7.269872195646801e-06
7939,δυναμένων,1,7.269872195646801e-06
7940,γεέννῃ,1,7.269872195646801e-06
7941,ἀσσαρίου,1,7.269872195646801e-06
7942,πωλεῖται,1,7.269872195646801e-06
7943,ἠριθμημέναι,1,7.269872195646801e-06
7944,ἀρνήσηται,1,7.269872195646801e-06
7945,ἀρνήσομαι,1,7.269872195646801e-06
7946,διχάσαι,1,7.269872195646801e-06
7947,πενθερᾶς,1,7.269872195646801e-06
7948,οἰκιακοί,1,7.269872195646801e-06
7949,ψυχροῦ,1,7.269872195646801e-06
7950,μαθητοῦ,1,7.269872195646801e-06
7951,διατάσσων,1,7.269872195646801e-06
7952,μετέβη,1,7.269872195646801e-06
7953,δεσμωτηρίῳ,1,7.269872195646801e-06
7954,μαλακά,1,7.269872195646801e-06
7955,φοροῦντες,1,7.269872195646801e-06
7956,οἴκοις,1,7.269872195646801e-06
7957,βιασταί,1,7.269872195646801e-06
7958,ἁρπάζουσι(ν),1,7.269872195646801e-06
7959,ἐπροφήτευσαν,1,7.269872195646801e-06
7960,προσφωνοῦντα,1,7.269872195646801e-06
7961,ἐκόψασθε,1,7.269872195646801e-06
7962,ὀνειδίζειν,1,7.269872195646801e-06
7963,πλεῖσται,1,7.269872195646801e-06
7964,καταβήσῃ,1,7.269872195646801e-06
7965,ἔκρυψας,1,7.269872195646801e-06
7966,πεφορτισμένοι,1,7.269872195646801e-06
7967,ἀναπαύσω,1,7.269872195646801e-06
7968,ζυγός,1,7.269872195646801e-06
7969,ἐπείνασαν,1,7.269872195646801e-06
7970,τίλλειν,1,7.269872195646801e-06
7971,μόνοις,1,7.269872195646801e-06
7972,βεβηλοῦσι(ν),1,7.269872195646801e-06
7973,ἀναίτιοι,1,7.269872195646801e-06
7974,ἀναιτίους,1,7.269872195646801e-06
7975,κρατήσει,1,7.269872195646801e-06
7976,προβάτου,1,7.269872195646801e-06
7977,ᾑρέτισα,1,7.269872195646801e-06
7978,ἀπαγγελεῖ,1,7.269872195646801e-06
7979,ἐρίσει,1,7.269872195646801e-06
7980,κραυγάσει,1,7.269872195646801e-06
7981,συντετριμμένον,1,7.269872195646801e-06
7982,κατεάξει,1,7.269872195646801e-06
7983,τυφόμενον,1,7.269872195646801e-06
7984,σβέσει,1,7.269872195646801e-06
7985,δαιμονιζόμενος,1,7.269872195646801e-06
7986,ἀργόν,1,7.269872195646801e-06
7987,δικαιωθήσῃ,1,7.269872195646801e-06
7988,καταδικασθήσῃ,1,7.269872195646801e-06
7989,κήτους,1,7.269872195646801e-06
7990,ἐπιστρέψω,1,7.269872195646801e-06
7991,σχολάζοντα,1,7.269872195646801e-06
7992,λέγοντι,1,7.269872195646801e-06
7993,ἔπνιξαν,1,7.269872195646801e-06
7994,συνίουσι(ν),1,7.269872195646801e-06
7995,ἀναπληροῦται,1,7.269872195646801e-06
7996,σπείραντος,1,7.269872195646801e-06
7997,συνιέντος,1,7.269872195646801e-06
7998,πρόσκαιρος,1,7.269872195646801e-06
7999,συμπνίγει,1,7.269872195646801e-06
8000,συνιείς,1,7.269872195646801e-06
8001,σπείραντι,1,7.269872195646801e-06
8002,καθεύδειν,1,7.269872195646801e-06
8003,ἐπέσπειρε(ν),1,7.269872195646801e-06
8004,συλλέξωμεν,1,7.269872195646801e-06
8005,συλλέγοντες,1,7.269872195646801e-06
8006,ἐκριζώσητε,1,7.269872195646801e-06
8007,συναυξάνεσθαι,1,7.269872195646801e-06
8008,θερισταῖς,1,7.269872195646801e-06
8009,συλλέξατε,1,7.269872195646801e-06
8010,δήσατε,1,7.269872195646801e-06
8011,δέσμας,1,7.269872195646801e-06
8012,κατακαῦσαι,1,7.269872195646801e-06
8013,ἔσπειρε(ν),1,7.269872195646801e-06
8014,αὐξηθῇ,1,7.269872195646801e-06
8015,ἐνέκρυψε(ν),1,7.269872195646801e-06
8016,ἀνοίξω,1,7.269872195646801e-06
8017,ἐρεύξομαι,1,7.269872195646801e-06
8018,κεκρυμμένα,1,7.269872195646801e-06
8019,διασάφησον,1,7.269872195646801e-06
8020,ζιζανίων,1,7.269872195646801e-06
8021,σπείρας,1,7.269872195646801e-06
8022,συντέλεια,1,7.269872195646801e-06
8023,θερισταί,1,7.269872195646801e-06
8024,συλλέγεται,1,7.269872195646801e-06
8025,συλλέξουσι(ν),1,7.269872195646801e-06
8026,ἐκλάμψουσι(ν),1,7.269872195646801e-06
8027,θησαυρῷ,1,7.269872195646801e-06
8028,κεκρυμμένῳ,1,7.269872195646801e-06
8029,πωλεῖ,1,7.269872195646801e-06
8030,ἐμπόρῳ,1,7.269872195646801e-06
8031,ζητοῦντι,1,7.269872195646801e-06
8032,πολύτιμον,1,7.269872195646801e-06
8033,μαργαρίτην,1,7.269872195646801e-06
8034,πέπρακε(ν),1,7.269872195646801e-06
8035,ἠγόρασε(ν),1,7.269872195646801e-06
8036,σαγήνῃ,1,7.269872195646801e-06
8037,βληθείσῃ,1,7.269872195646801e-06
8038,συναγαγούσῃ,1,7.269872195646801e-06
8039,ἀναβιβάσαντες,1,7.269872195646801e-06
8040,συνέλεξαν,1,7.269872195646801e-06
8041,ἄγγη,1,7.269872195646801e-06
8042,σαπρά,1,7.269872195646801e-06
8043,ἀφοριοῦσι(ν),1,7.269872195646801e-06
8044,συνήκατε,1,7.269872195646801e-06
8045,μαθητευθείς,1,7.269872195646801e-06
8046,ἐκπλήσσεσθαι,1,7.269872195646801e-06
8047,τέκτονος,1,7.269872195646801e-06
8048,παισί(ν),1,7.269872195646801e-06
8049,ἀπέθετο,1,7.269872195646801e-06
8050,ὠρχήσατο,1,7.269872195646801e-06
8051,αἰτήσηται,1,7.269872195646801e-06
8052,προβιβασθεῖσα,1,7.269872195646801e-06
8053,λυπηθείς,1,7.269872195646801e-06
8054,συνανακειμένους,1,7.269872195646801e-06
8055,ἀνακλιθῆναι,1,7.269872195646801e-06
8056,ἀπεῖχε(ν),1,7.269872195646801e-06
8057,βασανιζόμενον,1,7.269872195646801e-06
8058,τετάρτῃ,1,7.269872195646801e-06
8059,ἄνεμον,1,7.269872195646801e-06
8060,καταποντίζεσθαι,1,7.269872195646801e-06
8061,ὀλιγόπιστε,1,7.269872195646801e-06
8062,ἐδίστασας,1,7.269872195646801e-06
8063,ἀναβάντων,1,7.269872195646801e-06
8064,παραβαίνουσι(ν),1,7.269872195646801e-06
8065,νίπτονται,1,7.269872195646801e-06
8066,παραβαίνετε,1,7.269872195646801e-06
8067,ἠκυρώσατε,1,7.269872195646801e-06
8068,εἰσερχόμενον,1,7.269872195646801e-06
8069,ἐσκανδαλίσθησαν,1,7.269872195646801e-06
8070,φυτεία,1,7.269872195646801e-06
8071,ἐκριζωθήσεται,1,7.269872195646801e-06
8072,ὁδηγῇ,1,7.269872195646801e-06
8073,φράσον,1,7.269872195646801e-06
8074,ἀκμήν,1,7.269872195646801e-06
8075,ἐκβάλλεται,1,7.269872195646801e-06
8076,ψευδομαρτυρίαι,1,7.269872195646801e-06
8077,Χαναναία,1,7.269872195646801e-06
8078,δαιμονίζεται,1,7.269872195646801e-06
8079,ἠρώτουν,1,7.269872195646801e-06
8080,θαυμάσαι,1,7.269872195646801e-06
8081,λαλοῦντας,1,7.269872195646801e-06
8082,ὑγιεῖς,1,7.269872195646801e-06
8083,ἐκλυθῶσι(ν),1,7.269872195646801e-06
8084,τοσοῦτοι,1,7.269872195646801e-06
8085,Μαγαδάν,1,7.269872195646801e-06
8086,εὐδία,1,7.269872195646801e-06
8087,στυγνάζων,1,7.269872195646801e-06
8088,διακρίνειν,1,7.269872195646801e-06
8089,πεντακισχιλίων,1,7.269872195646801e-06
8090,τετρακισχιλίων,1,7.269872195646801e-06
8091,πόσας,1,7.269872195646801e-06
8092,Ἰερεμίαν,1,7.269872195646801e-06
8093,Βαριωνᾶ,1,7.269872195646801e-06
8094,πύλαι,1,7.269872195646801e-06
8095,κατισχύσουσι(ν),1,7.269872195646801e-06
8096,κλεῖδας,1,7.269872195646801e-06
8097,δήσῃς,1,7.269872195646801e-06
8098,λύσῃς,1,7.269872195646801e-06
8099,λελυμένον,1,7.269872195646801e-06
8100,δεικνύειν,1,7.269872195646801e-06
8101,ὠφεληθήσεται,1,7.269872195646801e-06
8102,κερδήσῃ,1,7.269872195646801e-06
8103,ζημιωθῇ,1,7.269872195646801e-06
8104,ἑστώτων,1,7.269872195646801e-06
8105,φωτεινή,1,7.269872195646801e-06
8106,ἐπεσκίασε(ν),1,7.269872195646801e-06
8107,ἐγέρθητε,1,7.269872195646801e-06
8108,ἀποκαταστήσει,1,7.269872195646801e-06
8109,σεληνιάζεται,1,7.269872195646801e-06
8110,προσήνεγκα,1,7.269872195646801e-06
8111,ὀλιγοπιστίαν,1,7.269872195646801e-06
8112,μετάβα,1,7.269872195646801e-06
8113,μεταβήσεται,1,7.269872195646801e-06
8114,συστρεφομένων,1,7.269872195646801e-06
8115,τελεῖ,1,7.269872195646801e-06
8116,προέφθασε(ν),1,7.269872195646801e-06
8117,σκανδαλίσωμεν,1,7.269872195646801e-06
8118,ἄγκιστρον,1,7.269872195646801e-06
8119,εὑρήσεις,1,7.269872195646801e-06
8120,στατῆρα,1,7.269872195646801e-06
8121,στραφῆτε,1,7.269872195646801e-06
8122,τοιοῦτο,1,7.269872195646801e-06
8123,κρεμασθῇ,1,7.269872195646801e-06
8124,καταποντισθῇ,1,7.269872195646801e-06
8125,πελάγει,1,7.269872195646801e-06
8126,σκανδάλων,1,7.269872195646801e-06
8127,καταφρονήσητε,1,7.269872195646801e-06
8128,πλανώμενον,1,7.269872195646801e-06
8129,πεπλανημένοις,1,7.269872195646801e-06
8130,ἐκέρδησας,1,7.269872195646801e-06
8131,σταθῇ,1,7.269872195646801e-06
8132,ἐθνικός,1,7.269872195646801e-06
8133,δήσητε,1,7.269872195646801e-06
8134,δεδεμένα,1,7.269872195646801e-06
8135,λύσητε,1,7.269872195646801e-06
8136,λελυμένα,1,7.269872195646801e-06
8137,συμφωνήσωσι(ν),1,7.269872195646801e-06
8138,πράγματος,1,7.269872195646801e-06
8139,ἁμαρτήσει,1,7.269872195646801e-06
8140,ἑβδομηκοντάκις,1,7.269872195646801e-06
8141,συνᾶραι,1,7.269872195646801e-06
8142,ἀρξαμένου,1,7.269872195646801e-06
8143,συναίρειν,1,7.269872195646801e-06
8144,μυρίων,1,7.269872195646801e-06
8145,ταλάντων,1,7.269872195646801e-06
8146,δάνειον,1,7.269872195646801e-06
8147,συνδούλων,1,7.269872195646801e-06
8148,ἔπνιγε(ν),1,7.269872195646801e-06
8149,διεσάφησαν,1,7.269872195646801e-06
8150,ἀφῆκα,1,7.269872195646801e-06
8151,παρεκάλεσας,1,7.269872195646801e-06
8152,ἐλεῆσαι,1,7.269872195646801e-06
8153,σύνδουλον,1,7.269872195646801e-06
8154,ἠλέησα,1,7.269872195646801e-06
8155,βασανισταῖς,1,7.269872195646801e-06
8156,κτίσας,1,7.269872195646801e-06
8157,κολληθήσεται,1,7.269872195646801e-06
8158,χωροῦσι(ν),1,7.269872195646801e-06
8159,εὐνουχίσθησαν,1,7.269872195646801e-06
8160,εὐνούχισαν,1,7.269872195646801e-06
8161,χωρείτω,1,7.269872195646801e-06
8162,προσηνέχθησαν,1,7.269872195646801e-06
8163,προσεύξηται,1,7.269872195646801e-06
8164,ψευδομαρτυρήσεις,1,7.269872195646801e-06
8165,ὑστερῶ,1,7.269872195646801e-06
8166,τρυπήματος,1,7.269872195646801e-06
8167,ἀκολουθήσαντες,1,7.269872195646801e-06
8168,παλιγγενεσίᾳ,1,7.269872195646801e-06
8169,καθίσῃ,1,7.269872195646801e-06
8170,μισθώσασθαι,1,7.269872195646801e-06
8171,συμφωνήσας,1,7.269872195646801e-06
8172,ἀργοί,1,7.269872195646801e-06
8173,ἐμισθώσατο,1,7.269872195646801e-06
8174,ἐπιτρόπῳ,1,7.269872195646801e-06
8175,κάλεσον,1,7.269872195646801e-06
8176,ἐνόμισαν,1,7.269872195646801e-06
8177,ἴσους,1,7.269872195646801e-06
8178,βαστάσασι(ν),1,7.269872195646801e-06
8179,καύσωνα,1,7.269872195646801e-06
8180,συνεφώνησας,1,7.269872195646801e-06
8181,ἐμπαῖξαι,1,7.269872195646801e-06
8182,μαστιγῶσαι,1,7.269872195646801e-06
8183,προσκυνοῦσα,1,7.269872195646801e-06
8184,αἰτοῦσα,1,7.269872195646801e-06
8185,καθίσωσι(ν),1,7.269872195646801e-06
8186,ἐκπορευομένων,1,7.269872195646801e-06
8187,σιωπήσωσι(ν),1,7.269872195646801e-06
8188,ἀνοιγῶσι(ν),1,7.269872195646801e-06
8189,ὀμμάτων,1,7.269872195646801e-06
8190,ἀνέβλεψαν,1,7.269872195646801e-06
8191,δεδεμένην,1,7.269872195646801e-06
8192,θυγατρί,1,7.269872195646801e-06
8193,ἐπιβεβηκώς,1,7.269872195646801e-06
8194,ὑποζυγίου,1,7.269872195646801e-06
8195,ἐπεκάθισε(ν),1,7.269872195646801e-06
8196,ἔκοπτον,1,7.269872195646801e-06
8197,ἐστρώννυον,1,7.269872195646801e-06
8198,θαυμάσια,1,7.269872195646801e-06
8199,κράζοντας,1,7.269872195646801e-06
8200,θηλαζόντων,1,7.269872195646801e-06
8201,ηὐλίσθη,1,7.269872195646801e-06
8202,ἐπανάγων,1,7.269872195646801e-06
8203,διακριθῆτε,1,7.269872195646801e-06
8204,διδάσκοντι,1,7.269872195646801e-06
8205,φοβούμεθα,1,7.269872195646801e-06
8206,ἐργάζου,1,7.269872195646801e-06
8207,προάγουσι(ν),1,7.269872195646801e-06
8208,μετεμελήθητε,1,7.269872195646801e-06
8209,ἐλιθοβόλησαν,1,7.269872195646801e-06
8210,ἐκδώσεται,1,7.269872195646801e-06
8211,ἡτοίμακα,1,7.269872195646801e-06
8212,ταῦροι,1,7.269872195646801e-06
8213,σιτιστά,1,7.269872195646801e-06
8214,τεθυμένα,1,7.269872195646801e-06
8215,ἐμπορίαν,1,7.269872195646801e-06
8216,ὕβρισαν,1,7.269872195646801e-06
8217,ἐνέπρησε(ν),1,7.269872195646801e-06
8218,διεξόδους,1,7.269872195646801e-06
8219,ὁδῶν,1,7.269872195646801e-06
8220,καλέσατε,1,7.269872195646801e-06
8221,ἐφιμώθη,1,7.269872195646801e-06
8222,παγιδεύσωσι(ν),1,7.269872195646801e-06
8223,πονηρίαν,1,7.269872195646801e-06
8224,νόμισμα,1,7.269872195646801e-06
8225,κήνσου,1,7.269872195646801e-06
8226,ἐπιγαμβρεύσει,1,7.269872195646801e-06
8227,γήμας,1,7.269872195646801e-06
8228,ἐφίμωσε(ν),1,7.269872195646801e-06
8229,Σαδδουκαίους,1,7.269872195646801e-06
8230,κρέμαται,1,7.269872195646801e-06
8231,ἀποκριθῆναι,1,7.269872195646801e-06
8232,τηρεῖτε,1,7.269872195646801e-06
8233,δεσμεύουσι(ν),1,7.269872195646801e-06
8234,ἐπιτιθέασι(ν),1,7.269872195646801e-06
8235,κινῆσαι,1,7.269872195646801e-06
8236,πλατύνουσι(ν),1,7.269872195646801e-06
8237,φυλακτήρια,1,7.269872195646801e-06
8238,μεγαλύνουσι(ν),1,7.269872195646801e-06
8239,κράσπεδα,1,7.269872195646801e-06
8240,καλέσητε,1,7.269872195646801e-06
8241,καθηγηταί,1,7.269872195646801e-06
8242,καθηγητής,1,7.269872195646801e-06
8243,κλείετε,1,7.269872195646801e-06
8244,εἰσέρχεσθε,1,7.269872195646801e-06
8245,περιάγετε,1,7.269872195646801e-06
8246,διπλότερον,1,7.269872195646801e-06
8247,ἁγιάσας,1,7.269872195646801e-06
8248,δώρῳ,1,7.269872195646801e-06
8249,ἁγιάζον,1,7.269872195646801e-06
8250,κατοικοῦντι,1,7.269872195646801e-06
8251,ἄνηθον,1,7.269872195646801e-06
8252,κύμινον,1,7.269872195646801e-06
8253,ἀφήκατε,1,7.269872195646801e-06
8254,βαρύτερα,1,7.269872195646801e-06
8255,διϋλίζοντες,1,7.269872195646801e-06
8256,κώνωπα,1,7.269872195646801e-06
8257,καταπίνοντες,1,7.269872195646801e-06
8258,ἀκρασίας,1,7.269872195646801e-06
8259,Φαρισαῖε,1,7.269872195646801e-06
8260,τυφλέ,1,7.269872195646801e-06
8261,καθάρισον,1,7.269872195646801e-06
8262,παρομοιάζετε,1,7.269872195646801e-06
8263,τάφοις,1,7.269872195646801e-06
8264,κεκονιαμένοις,1,7.269872195646801e-06
8265,φαίνονται,1,7.269872195646801e-06
8266,ὑποκρίσεως,1,7.269872195646801e-06
8267,τάφους,1,7.269872195646801e-06
8268,κοσμεῖτε,1,7.269872195646801e-06
8269,φονευσάντων,1,7.269872195646801e-06
8270,φύγητε,1,7.269872195646801e-06
8271,ἀποκτενεῖτε,1,7.269872195646801e-06
8272,σταυρώσετε,1,7.269872195646801e-06
8273,μαστιγώσετε,1,7.269872195646801e-06
8274,διώξετε,1,7.269872195646801e-06
8275,Βαραχίου,1,7.269872195646801e-06
8276,ἐπισυναγαγεῖν,1,7.269872195646801e-06
8277,ἐπισυνάγει,1,7.269872195646801e-06
8278,νοσσία,1,7.269872195646801e-06
8279,μελλήσετε,1,7.269872195646801e-06
8280,πληθυνθῆναι,1,7.269872195646801e-06
8281,ψυγήσεται,1,7.269872195646801e-06
8282,Δανιήλ,1,7.269872195646801e-06
8283,φυγή,1,7.269872195646801e-06
8284,ἐκολοβώθησαν,1,7.269872195646801e-06
8285,κολοβωθήσονται,1,7.269872195646801e-06
8286,φανήσεται,1,7.269872195646801e-06
8287,ἐπισυνάξουσι(ν),1,7.269872195646801e-06
8288,παρέλθωσι(ν),1,7.269872195646801e-06
8289,κατακλυσμοῦ,1,7.269872195646801e-06
8290,τρώγοντες,1,7.269872195646801e-06
8291,γαμοῦντες,1,7.269872195646801e-06
8292,γαμίζοντες,1,7.269872195646801e-06
8293,μύλῳ,1,7.269872195646801e-06
8294,ἐγρηγόρησε(ν),1,7.269872195646801e-06
8295,οἰκετείας,1,7.269872195646801e-06
8296,κακός,1,7.269872195646801e-06
8297,συνδούλους,1,7.269872195646801e-06
8298,μεθυόντων,1,7.269872195646801e-06
8299,παρθένοις,1,7.269872195646801e-06
8300,ἀγγείοις,1,7.269872195646801e-06
8301,χρονίζοντος,1,7.269872195646801e-06
8302,ἐνύσταξαν,1,7.269872195646801e-06
8303,ἐκάθευδον,1,7.269872195646801e-06
8304,ἐκόσμησαν,1,7.269872195646801e-06
8305,σβέννυνται,1,7.269872195646801e-06
8306,ἀρκέσῃ,1,7.269872195646801e-06
8307,ἀγοράσατε,1,7.269872195646801e-06
8308,ἑαυταῖς,1,7.269872195646801e-06
8309,ἀπερχομένων,1,7.269872195646801e-06
8310,ἀποδημῶν,1,7.269872195646801e-06
8311,συναίρει,1,7.269872195646801e-06
8312,εἰληφώς,1,7.269872195646801e-06
8313,διεσκόρπισας,1,7.269872195646801e-06
8314,ἔκρυψα,1,7.269872195646801e-06
8315,ὀκνηρέ,1,7.269872195646801e-06
8316,θερίζω,1,7.269872195646801e-06
8317,συνάγω,1,7.269872195646801e-06
8318,διεσκόρπισα,1,7.269872195646801e-06
8319,τραπεζίταις,1,7.269872195646801e-06
8320,ἐκομισάμην,1,7.269872195646801e-06
8321,ἀχρεῖον,1,7.269872195646801e-06
8322,καθίσει,1,7.269872195646801e-06
8323,ἀφορίσει,1,7.269872195646801e-06
8324,ἀφορίζει,1,7.269872195646801e-06
8325,ἐρίφων,1,7.269872195646801e-06
8326,στήσει,1,7.269872195646801e-06
8327,ἐρίφια,1,7.269872195646801e-06
8328,εὐλογημένοι,1,7.269872195646801e-06
8329,κληρονομήσατε,1,7.269872195646801e-06
8330,ἠσθένησα,1,7.269872195646801e-06
8331,ἤλθατε,1,7.269872195646801e-06
8332,ἐθρέψαμεν,1,7.269872195646801e-06
8333,ἐποτίσαμεν,1,7.269872195646801e-06
8334,συνηγάγομεν,1,7.269872195646801e-06
8335,περιεβάλομεν,1,7.269872195646801e-06
8336,κατηραμένοι,1,7.269872195646801e-06
8337,διηκονήσαμεν,1,7.269872195646801e-06
8338,ἀποκριθήσεται,1,7.269872195646801e-06
8339,ἀπελεύσονται,1,7.269872195646801e-06
8340,λεγομένου,1,7.269872195646801e-06
8341,κρατήσωσι(ν),1,7.269872195646801e-06
8342,βαρυτίμου,1,7.269872195646801e-06
8343,βαλοῦσα,1,7.269872195646801e-06
8344,ἐνταφιάσαι,1,7.269872195646801e-06
8345,παραδώσω,1,7.269872195646801e-06
8346,δεῖνα,1,7.269872195646801e-06
8347,ἀνέκειτο,1,7.269872195646801e-06
8348,ἐμβάψας,1,7.269872195646801e-06
8349,τρυβλίῳ,1,7.269872195646801e-06
8350,φάγετε,1,7.269872195646801e-06
8351,πίετε,1,7.269872195646801e-06
8352,σκανδαλισθήσομαι,1,7.269872195646801e-06
8353,παρελθάτω,1,7.269872195646801e-06
8354,ἰσχύσατε,1,7.269872195646801e-06
8355,πάρει,1,7.269872195646801e-06
8356,ἀπέσπασε(ν),1,7.269872195646801e-06
8357,ἀπόστρεψον,1,7.269872195646801e-06
8358,δοκεῖς,1,7.269872195646801e-06
8359,πλείω,1,7.269872195646801e-06
8360,λεγιῶνας,1,7.269872195646801e-06
8361,ἐκαθεζόμην,1,7.269872195646801e-06
8362,ψευδομαρτυρίαν,1,7.269872195646801e-06
8363,θανατώσωσι(ν),1,7.269872195646801e-06
8364,προσελθόντων,1,7.269872195646801e-06
8365,ψευδομαρτύρων,1,7.269872195646801e-06
8366,ἐξορκίζω,1,7.269872195646801e-06
8367,διέρρηξε(ν),1,7.269872195646801e-06
8368,ἐβλασφήμησε(ν),1,7.269872195646801e-06
8369,ἐνέπτυσαν,1,7.269872195646801e-06
8370,ἐκολάφισαν,1,7.269872195646801e-06
8371,ἐράπισαν,1,7.269872195646801e-06
8372,Χριστέ,1,7.269872195646801e-06
8373,Γαλιλαίου,1,7.269872195646801e-06
8374,καταθεματίζειν,1,7.269872195646801e-06
8375,ὀμνύειν,1,7.269872195646801e-06
8376,εἰρηκότος,1,7.269872195646801e-06
8377,κατεκρίθη,1,7.269872195646801e-06
8378,ἀθῷον,1,7.269872195646801e-06
8379,ῥίψας,1,7.269872195646801e-06
8380,ἀπήγξατο,1,7.269872195646801e-06
8381,κορβανᾶν,1,7.269872195646801e-06
8382,ταφήν,1,7.269872195646801e-06
8383,ξένοις,1,7.269872195646801e-06
8384,τετιμημένου,1,7.269872195646801e-06
8385,ἐτιμήσαντο,1,7.269872195646801e-06
8386,καθά,1,7.269872195646801e-06
8387,κατηγορεῖσθαι,1,7.269872195646801e-06
8388,ἐπίσημον,1,7.269872195646801e-06
8389,ἔπαθον,1,7.269872195646801e-06
8390,ἔπεισαν,1,7.269872195646801e-06
8391,ἀπενίψατο,1,7.269872195646801e-06
8392,ἀθῷος,1,7.269872195646801e-06
8393,κοκκίνην,1,7.269872195646801e-06
8394,περιέθηκαν,1,7.269872195646801e-06
8395,γονυπετήσαντες,1,7.269872195646801e-06
8396,ἐμπτύσαντες,1,7.269872195646801e-06
8397,ἠγγάρευσαν,1,7.269872195646801e-06
8398,χολῆς,1,7.269872195646801e-06
8399,μεμιγμένον,1,7.269872195646801e-06
8400,σταυρώσαντες,1,7.269872195646801e-06
8401,γεγραμμένην,1,7.269872195646801e-06
8402,σταυροῦνται,1,7.269872195646801e-06
8403,πιστεύσομεν,1,7.269872195646801e-06
8404,ῥυσάσθω,1,7.269872195646801e-06
8405,συσταυρωθέντες,1,7.269872195646801e-06
8406,ἀνεβόησε(ν),1,7.269872195646801e-06
8407,πλήσας,1,7.269872195646801e-06
8408,σώσων,1,7.269872195646801e-06
8409,πέτραι,1,7.269872195646801e-06
8410,ἐσχίσθησαν,1,7.269872195646801e-06
8411,ἀνεῴχθησαν,1,7.269872195646801e-06
8412,ἔγερσιν,1,7.269872195646801e-06
8413,ἐνεφανίσθησαν,1,7.269872195646801e-06
8414,σεισμόν,1,7.269872195646801e-06
8415,διακονοῦσαι,1,7.269872195646801e-06
8416,τοὔνομα,1,7.269872195646801e-06
8417,ἐμαθητεύθη,1,7.269872195646801e-06
8418,καινῷ,1,7.269872195646801e-06
8419,ἐλατόμησε(ν),1,7.269872195646801e-06
8420,προσκυλίσας,1,7.269872195646801e-06
8421,καθήμεναι,1,7.269872195646801e-06
8422,τάφου,1,7.269872195646801e-06
8423,ἐμνήσθημεν,1,7.269872195646801e-06
8424,ἐγείρομαι,1,7.269872195646801e-06
8425,ἀσφαλισθῆναι,1,7.269872195646801e-06
8426,κλέψωσι(ν),1,7.269872195646801e-06
8427,πλάνη,1,7.269872195646801e-06
8428,κουστωδίαν,1,7.269872195646801e-06
8429,ἀσφαλίσασθε,1,7.269872195646801e-06
8430,ἠσφαλίσαντο,1,7.269872195646801e-06
8431,σφραγίσαντες,1,7.269872195646801e-06
8432,ἐπιφωσκούσῃ,1,7.269872195646801e-06
8433,θεωρῆσαι,1,7.269872195646801e-06
8434,ἀπεκύλισε(ν),1,7.269872195646801e-06
8435,εἰδέα,1,7.269872195646801e-06
8436,ἐσείσθησαν,1,7.269872195646801e-06
8437,πορευθεῖσαι,1,7.269872195646801e-06
8438,προσελθοῦσαι,1,7.269872195646801e-06
8439,ἀπέλθωσι(ν),1,7.269872195646801e-06
8440,συναχθέντες,1,7.269872195646801e-06
8441,ἱκανά,1,7.269872195646801e-06
8442,ἔκλεψαν,1,7.269872195646801e-06
8443,ἐδιδάχθησαν,1,7.269872195646801e-06
8444,διεφημίσθη,1,7.269872195646801e-06
8445,ἐτάξατο,1,7.269872195646801e-06
8446,ἐδίστασαν,1,7.269872195646801e-06
8447,μαθητεύσατε,1,7.269872195646801e-06
8448,βαπτίζοντες,1,7.269872195646801e-06
8449,ἐνετειλάμην,1,7.269872195646801e-06
8450,Ἠσαΐᾳ,1,7.269872195646801e-06
8451,προφήτῃ,1,7.269872195646801e-06
8452,Ἱεροσολυμῖται,1,7.269872195646801e-06
8453,ἐνδεδυμένος,1,7.269872195646801e-06
8454,ἔσθων,1,7.269872195646801e-06
8455,ἀκρίδας,1,7.269872195646801e-06
8456,κύψας,1,7.269872195646801e-06
8457,σχιζομένους,1,7.269872195646801e-06
8458,ἀμφιβάλλοντας,1,7.269872195646801e-06
8459,Ζεβεδαῖον,1,7.269872195646801e-06
8460,μισθωτῶν,1,7.269872195646801e-06
8461,σπαράξαν,1,7.269872195646801e-06
8462,φωνῆσαν,1,7.269872195646801e-06
8463,ἐθαμβήθησαν,1,7.269872195646801e-06
8464,πυρέσσουσα,1,7.269872195646801e-06
8465,ἔδυ,1,7.269872195646801e-06
8466,ἐπισυνηγμένη,1,7.269872195646801e-06
8467,ἔννυχα,1,7.269872195646801e-06
8468,κατεδίωξε(ν),1,7.269872195646801e-06
8469,ἀλλαχοῦ,1,7.269872195646801e-06
8470,ἐχομένας,1,7.269872195646801e-06
8471,κωμοπόλεις,1,7.269872195646801e-06
8472,κηρύξω,1,7.269872195646801e-06
8473,ἐμβριμησάμενος,1,7.269872195646801e-06
8474,διαφημίζειν,1,7.269872195646801e-06
8475,αἰρόμενον,1,7.269872195646801e-06
8476,προσενέγκαι,1,7.269872195646801e-06
8477,ἀπεστέγασαν,1,7.269872195646801e-06
8478,χαλῶσι(ν),1,7.269872195646801e-06
8479,διαλογιζόμενοι,1,7.269872195646801e-06
8480,διαλογίζονται,1,7.269872195646801e-06
8481,ἐξίστασθαι,1,7.269872195646801e-06
8482,δοξάζειν,1,7.269872195646801e-06
8483,ἐπιράπτει,1,7.269872195646801e-06
8484,παλαιοῦ,1,7.269872195646801e-06
8485,παραπορεύεσθαι,1,7.269872195646801e-06
8486,τίλλοντες,1,7.269872195646801e-06
8487,Ἀβιαθάρ,1,7.269872195646801e-06
8488,παρετήρουν,1,7.269872195646801e-06
8489,θεραπεύσει,1,7.269872195646801e-06
8490,συλλυπούμενος,1,7.269872195646801e-06
8491,πωρώσει,1,7.269872195646801e-06
8492,Ἰδουμαίας,1,7.269872195646801e-06
8493,προσκαρτερῇ,1,7.269872195646801e-06
8494,θλίβωσι(ν),1,7.269872195646801e-06
8495,ἐπιπίπτειν,1,7.269872195646801e-06
8496,μάστιγας,1,7.269872195646801e-06
8497,προσέπιπτον,1,7.269872195646801e-06
8498,ἐπετίμα,1,7.269872195646801e-06
8499,ἀποστέλλῃ,1,7.269872195646801e-06
8500,Βοανηργές,1,7.269872195646801e-06
8501,Θαδδαῖον,1,7.269872195646801e-06
8502,Καναναῖον,1,7.269872195646801e-06
8503,συνέρχεται,1,7.269872195646801e-06
8504,ἐξέστη,1,7.269872195646801e-06
8505,διαρπάσαι,1,7.269872195646801e-06
8506,ἁμαρτήματα,1,7.269872195646801e-06
8507,βλασφημήσωσι(ν),1,7.269872195646801e-06
8508,βλασφημήσῃ,1,7.269872195646801e-06
8509,ἁμαρτήματος,1,7.269872195646801e-06
8510,στήκοντες,1,7.269872195646801e-06
8511,καλοῦντες,1,7.269872195646801e-06
8512,συνάγεται,1,7.269872195646801e-06
8513,πετρῶδες,1,7.269872195646801e-06
8514,συνέπνιξαν,1,7.269872195646801e-06
8515,αὐξανόμενα,1,7.269872195646801e-06
8516,ἔφερε(ν),1,7.269872195646801e-06
8517,ἀκούωσι(ν),1,7.269872195646801e-06
8518,σπείρει,1,7.269872195646801e-06
8519,πρόσκαιροι,1,7.269872195646801e-06
8520,σκανδαλίζονται,1,7.269872195646801e-06
8521,μέριμναι,1,7.269872195646801e-06
8522,ἐπιθυμίαι,1,7.269872195646801e-06
8523,εἰσπορευόμεναι,1,7.269872195646801e-06
8524,συμπνίγουσι(ν),1,7.269872195646801e-06
8525,σπαρέντες,1,7.269872195646801e-06
8526,παραδέχονται,1,7.269872195646801e-06
8527,καθεύδῃ,1,7.269872195646801e-06
8528,ἐγείρηται,1,7.269872195646801e-06
8529,βλαστᾷ,1,7.269872195646801e-06
8530,μηκύνηται,1,7.269872195646801e-06
8531,στάχυν,1,7.269872195646801e-06
8532,στάχυϊ,1,7.269872195646801e-06
8533,ὁμοιώσωμεν,1,7.269872195646801e-06
8534,θῶμεν,1,7.269872195646801e-06
8535,ὄν,1,7.269872195646801e-06
8536,ἐπέλυε(ν),1,7.269872195646801e-06
8537,παραλαμβάνουσι(ν),1,7.269872195646801e-06
8538,ἐπέβαλλε(ν),1,7.269872195646801e-06
8539,γεμίζεσθαι,1,7.269872195646801e-06
8540,πρύμνῃ,1,7.269872195646801e-06
8541,προσκεφάλαιον,1,7.269872195646801e-06
8542,ἐγείρουσι(ν),1,7.269872195646801e-06
8543,σιώπα,1,7.269872195646801e-06
8544,πεφίμωσο,1,7.269872195646801e-06
8545,κατοίκησιν,1,7.269872195646801e-06
8546,δεδέσθαι,1,7.269872195646801e-06
8547,διεσπάσθαι,1,7.269872195646801e-06
8548,πέδας,1,7.269872195646801e-06
8549,συντετρῖφθαι,1,7.269872195646801e-06
8550,κατακόπτων,1,7.269872195646801e-06
8551,εἰσέλθωμεν,1,7.269872195646801e-06
8552,δισχίλιοι,1,7.269872195646801e-06
8553,ἐπνίγοντο,1,7.269872195646801e-06
8554,ἐσχηκότα,1,7.269872195646801e-06
8555,λεγιῶνα,1,7.269872195646801e-06
8556,δαιμονιζομένῳ,1,7.269872195646801e-06
8557,ἐμβαίνοντος,1,7.269872195646801e-06
8558,σούς,1,7.269872195646801e-06
8559,ἀπάγγειλον,1,7.269872195646801e-06
8560,Δεκαπόλει,1,7.269872195646801e-06
8561,διαπεράσαντος,1,7.269872195646801e-06
8562,ἀρχισυναγώγων,1,7.269872195646801e-06
8563,παρακαλεῖ,1,7.269872195646801e-06
8564,ἐσχάτως,1,7.269872195646801e-06
8565,ἐπιθῇς,1,7.269872195646801e-06
8566,συνέθλιβον,1,7.269872195646801e-06
8567,παθοῦσα,1,7.269872195646801e-06
8568,ἰατρῶν,1,7.269872195646801e-06
8569,δαπανήσασα,1,7.269872195646801e-06
8570,ὠφεληθεῖσα,1,7.269872195646801e-06
8571,ἴαται,1,7.269872195646801e-06
8572,ἐξελθοῦσαν,1,7.269872195646801e-06
8573,συνθλίβοντα,1,7.269872195646801e-06
8574,περιεβλέπετο,1,7.269872195646801e-06
8575,ποιήσασαν,1,7.269872195646801e-06
8576,φοβηθεῖσα,1,7.269872195646801e-06
8577,σκύλλεις,1,7.269872195646801e-06
8578,παρακούσας,1,7.269872195646801e-06
8579,ἀρχισυναγώγῳ,1,7.269872195646801e-06
8580,συνακολουθῆσαι,1,7.269872195646801e-06
8581,ἀλαλάζοντας,1,7.269872195646801e-06
8582,ταλιθα,1,7.269872195646801e-06
8583,κουμ,1,7.269872195646801e-06
8584,δοθεῖσα,1,7.269872195646801e-06
8585,τοιαῦται,1,7.269872195646801e-06
8586,γινόμεναι,1,7.269872195646801e-06
8587,τέκτων,1,7.269872195646801e-06
8588,ὀλίγοις,1,7.269872195646801e-06
8589,ἀρρώστοις,1,7.269872195646801e-06
8590,ἐθαύμαζε(ν),1,7.269872195646801e-06
8591,ἀποστέλλειν,1,7.269872195646801e-06
8592,αἴρωσι(ν),1,7.269872195646801e-06
8593,ὑποδεδεμένους,1,7.269872195646801e-06
8594,ἐκπορευόμενοι,1,7.269872195646801e-06
8595,μετανοῶσι(ν),1,7.269872195646801e-06
8596,ἐξέβαλλον,1,7.269872195646801e-06
8597,ἤλειφον,1,7.269872195646801e-06
8598,ἐθεράπευον,1,7.269872195646801e-06
8599,ἐγάμησε(ν),1,7.269872195646801e-06
8600,Ἡρῳδιάς,1,7.269872195646801e-06
8601,ἐνεῖχε(ν),1,7.269872195646801e-06
8602,ἐφοβεῖτο,1,7.269872195646801e-06
8603,ἠπόρει,1,7.269872195646801e-06
8604,εὐκαίρου,1,7.269872195646801e-06
8605,μεγιστᾶσι(ν),1,7.269872195646801e-06
8606,εἰσελθούσης,1,7.269872195646801e-06
8607,ὀρχησαμένης,1,7.269872195646801e-06
8608,ἀρεσάσης,1,7.269872195646801e-06
8609,συνανακειμένοις,1,7.269872195646801e-06
8610,αἴτησον,1,7.269872195646801e-06
8611,αἰτήσῃς,1,7.269872195646801e-06
8612,ἡμίσους,1,7.269872195646801e-06
8613,αἰτήσωμαι,1,7.269872195646801e-06
8614,βαπτίζοντος,1,7.269872195646801e-06
8615,εἰσελθοῦσα,1,7.269872195646801e-06
8616,δῷς,1,7.269872195646801e-06
8617,ἀθετῆσαι,1,7.269872195646801e-06
8618,σπεκουλάτορα,1,7.269872195646801e-06
8619,ἐνέγκαι,1,7.269872195646801e-06
8620,ἐδίδαξαν,1,7.269872195646801e-06
8621,ἀναπαύσασθε,1,7.269872195646801e-06
8622,ὑπάγοντες,1,7.269872195646801e-06
8623,εὐκαίρουν,1,7.269872195646801e-06
8624,ὑπάγοντας,1,7.269872195646801e-06
8625,συνέδραμον,1,7.269872195646801e-06
8626,ἀνακλῖναι,1,7.269872195646801e-06
8627,χλωρῷ,1,7.269872195646801e-06
8628,χόρτῳ,1,7.269872195646801e-06
8629,κοφίνων,1,7.269872195646801e-06
8630,ἀπολύει,1,7.269872195646801e-06
8631,βασανιζομένους,1,7.269872195646801e-06
8632,ἐλαύνειν,1,7.269872195646801e-06
8633,ἀνέκραξαν,1,7.269872195646801e-06
8634,περισσοῦ,1,7.269872195646801e-06
8635,ἄρτοις,1,7.269872195646801e-06
8636,πεπωρωμένη,1,7.269872195646801e-06
8637,προσωρμίσθησαν,1,7.269872195646801e-06
8638,περιέδραμον,1,7.269872195646801e-06
8639,κραβάττοις,1,7.269872195646801e-06
8640,περιφέρειν,1,7.269872195646801e-06
8641,εἰσεπορεύετο,1,7.269872195646801e-06
8642,ἐτίθεσαν,1,7.269872195646801e-06
8643,ἐσῴζοντο,1,7.269872195646801e-06
8644,πυγμῇ,1,7.269872195646801e-06
8645,νίψωνται,1,7.269872195646801e-06
8646,κρατοῦντες,1,7.269872195646801e-06
8647,ἀγορᾶς,1,7.269872195646801e-06
8648,βαπτίσωνται,1,7.269872195646801e-06
8649,κρατεῖν,1,7.269872195646801e-06
8650,βαπτισμούς,1,7.269872195646801e-06
8651,ποτηρίων,1,7.269872195646801e-06
8652,ξεστῶν,1,7.269872195646801e-06
8653,χαλκίων,1,7.269872195646801e-06
8654,κλινῶν,1,7.269872195646801e-06
8655,ἀθετεῖτε,1,7.269872195646801e-06
8656,Κορβᾶν,1,7.269872195646801e-06
8657,ἀκυροῦντες,1,7.269872195646801e-06
8658,παραδόσει,1,7.269872195646801e-06
8659,παρόμοια,1,7.269872195646801e-06
8660,σύνετε,1,7.269872195646801e-06
8661,καθαρίζων,1,7.269872195646801e-06
8662,κακοί,1,7.269872195646801e-06
8663,πλεονεξίαι,1,7.269872195646801e-06
8664,πονηρίαι,1,7.269872195646801e-06
8665,ὑπερηφανία,1,7.269872195646801e-06
8666,ἀφροσύνη,1,7.269872195646801e-06
8667,ἠδυνήθη,1,7.269872195646801e-06
8668,λαθεῖν,1,7.269872195646801e-06
8669,Ἑλληνίς,1,7.269872195646801e-06
8670,Συροφοινίκισσα,1,7.269872195646801e-06
8671,ἀπελθοῦσα,1,7.269872195646801e-06
8672,ἐξεληλυθός,1,7.269872195646801e-06
8673,μογιλάλον,1,7.269872195646801e-06
8674,ἀπολαβόμενος,1,7.269872195646801e-06
8675,δακτύλους,1,7.269872195646801e-06
8676,ἐστέναξε(ν),1,7.269872195646801e-06
8677,εφφαθα,1,7.269872195646801e-06
8678,διανοίχθητι,1,7.269872195646801e-06
8679,ἠνοίγησαν,1,7.269872195646801e-06
8680,ἀκοαί,1,7.269872195646801e-06
8681,ἐλύθη,1,7.269872195646801e-06
8682,δεσμός,1,7.269872195646801e-06
8683,ἐκήρυσσον,1,7.269872195646801e-06
8684,ὑπερπερισσῶς,1,7.269872195646801e-06
8685,ἀλάλους,1,7.269872195646801e-06
8686,ἐκλυθήσονται,1,7.269872195646801e-06
8687,ἥκασι(ν),1,7.269872195646801e-06
8688,ἐρημίας,1,7.269872195646801e-06
8689,παρέθηκαν,1,7.269872195646801e-06
8690,παρατιθέναι,1,7.269872195646801e-06
8691,περισσεύματα,1,7.269872195646801e-06
8692,Δαλμανουθά,1,7.269872195646801e-06
8693,ἀναστενάξας,1,7.269872195646801e-06
8694,πεπωρωμένην,1,7.269872195646801e-06
8695,ἔκλασα,1,7.269872195646801e-06
8696,πεντακισχιλίους,1,7.269872195646801e-06
8697,πόσων,1,7.269872195646801e-06
8698,σπυρίδων,1,7.269872195646801e-06
8699,ἐξήνεγκε(ν),1,7.269872195646801e-06
8700,ὄμματα,1,7.269872195646801e-06
8701,διέβλεψε(ν),1,7.269872195646801e-06
8702,ἀπεκατέστη,1,7.269872195646801e-06
8703,ἐνέβλεπε(ν),1,7.269872195646801e-06
8704,τηλαυγῶς,1,7.269872195646801e-06
8705,ζημιωθῆναι,1,7.269872195646801e-06
8706,δοῖ,1,7.269872195646801e-06
8707,μοιχαλίδι,1,7.269872195646801e-06
8708,ἐληλυθυῖαν,1,7.269872195646801e-06
8709,στίλβοντα,1,7.269872195646801e-06
8710,γναφεύς,1,7.269872195646801e-06
8711,λευκᾶναι,1,7.269872195646801e-06
8712,ἀποκριθῇ,1,7.269872195646801e-06
8713,ἔκφοβοι,1,7.269872195646801e-06
8714,ἐπισκιάζουσα,1,7.269872195646801e-06
8715,ἐξάπινα,1,7.269872195646801e-06
8716,περιβλεψάμενοι,1,7.269872195646801e-06
8717,διηγήσωνται,1,7.269872195646801e-06
8718,ἀποκαθιστάνει,1,7.269872195646801e-06
8719,πάθῃ,1,7.269872195646801e-06
8720,ἐξουδενηθῇ,1,7.269872195646801e-06
8721,συζητοῦντας,1,7.269872195646801e-06
8722,προστρέχοντες,1,7.269872195646801e-06
8723,ἠσπάζοντο,1,7.269872195646801e-06
8724,συζητεῖτε,1,7.269872195646801e-06
8725,ἤνεγκα,1,7.269872195646801e-06
8726,ῥήσσει,1,7.269872195646801e-06
8727,ἀφρίζει,1,7.269872195646801e-06
8728,τρίζει,1,7.269872195646801e-06
8729,ξηραίνεται,1,7.269872195646801e-06
8730,ἐκυλίετο,1,7.269872195646801e-06
8731,ἀφρίζων,1,7.269872195646801e-06
8732,πόσος,1,7.269872195646801e-06
8733,παιδιόθεν,1,7.269872195646801e-06
8734,ἐπισυντρέχει,1,7.269872195646801e-06
8735,ἐπιτάσσω,1,7.269872195646801e-06
8736,σπαράξας,1,7.269872195646801e-06
8737,παρεπορεύοντο,1,7.269872195646801e-06
8738,ἀποκτανθείς,1,7.269872195646801e-06
8739,διελογίζεσθε,1,7.269872195646801e-06
8740,διελέχθησαν,1,7.269872195646801e-06
8741,δέχηται,1,7.269872195646801e-06
8742,κακολογῆσαι,1,7.269872195646801e-06
8743,ἄσβεστον,1,7.269872195646801e-06
8744,σκώληξ,1,7.269872195646801e-06
8745,τελευτᾷ,1,7.269872195646801e-06
8746,σβέννυται,1,7.269872195646801e-06
8747,ἄναλον,1,7.269872195646801e-06
8748,ἀρτύσετε,1,7.269872195646801e-06
8749,ἅλα,1,7.269872195646801e-06
8750,συμπορεύονται,1,7.269872195646801e-06
8751,ἀπολύσασα,1,7.269872195646801e-06
8752,ἠγανάκτησε(ν),1,7.269872195646801e-06
8753,κατευλόγει,1,7.269872195646801e-06
8754,τιθείς,1,7.269872195646801e-06
8755,γονυπετήσας,1,7.269872195646801e-06
8756,ἀποστερήσῃς,1,7.269872195646801e-06
8757,ἐφυλαξάμην,1,7.269872195646801e-06
8758,ὑστερεῖ,1,7.269872195646801e-06
8759,στυγνάσας,1,7.269872195646801e-06
8760,δύσκολον,1,7.269872195646801e-06
8761,τρυμαλιᾶς,1,7.269872195646801e-06
8762,ἠκολουθήκαμεν,1,7.269872195646801e-06
8763,διωγμῶν,1,7.269872195646801e-06
8764,ἀναβαίνοντες,1,7.269872195646801e-06
8765,συμβαίνειν,1,7.269872195646801e-06
8766,ἐμπαίξουσι(ν),1,7.269872195646801e-06
8767,ἐμπτύσουσι(ν),1,7.269872195646801e-06
8768,προσπορεύονται,1,7.269872195646801e-06
8769,αἰτήσωμεν,1,7.269872195646801e-06
8770,ποιήσῃς,1,7.269872195646801e-06
8771,καθίσωμεν,1,7.269872195646801e-06
8772,ἀγανακτεῖν,1,7.269872195646801e-06
8773,Τιμαίου,1,7.269872195646801e-06
8774,Βαρτιμαῖος,1,7.269872195646801e-06
8775,Ναζαρηνός,1,7.269872195646801e-06
8776,κράζειν,1,7.269872195646801e-06
8777,σιωπήσῃ,1,7.269872195646801e-06
8778,φωνήσατε,1,7.269872195646801e-06
8779,φωνοῦσι(ν),1,7.269872195646801e-06
8780,ἀποβαλών,1,7.269872195646801e-06
8781,ἀναπηδήσας,1,7.269872195646801e-06
8782,ἐγγίζουσι(ν),1,7.269872195646801e-06
8783,ἀμφόδου,1,7.269872195646801e-06
8784,λύουσι(ν),1,7.269872195646801e-06
8785,λύοντες,1,7.269872195646801e-06
8786,ἐπιβάλλουσι(ν),1,7.269872195646801e-06
8787,στιβάδας,1,7.269872195646801e-06
8788,κόψαντες,1,7.269872195646801e-06
8789,ἀγρῶν,1,7.269872195646801e-06
8790,σύκων,1,7.269872195646801e-06
8791,φάγοι,1,7.269872195646801e-06
8792,διενέγκῃ,1,7.269872195646801e-06
8793,πεποιήκατε,1,7.269872195646801e-06
8794,ἐξεπλήσσετο,1,7.269872195646801e-06
8795,ἐξεπορεύοντο,1,7.269872195646801e-06
8796,ῥιζῶν,1,7.269872195646801e-06
8797,ἀναμνησθείς,1,7.269872195646801e-06
8798,κατηράσω,1,7.269872195646801e-06
8799,ἐξήρανται,1,7.269872195646801e-06
8800,διακριθῇ,1,7.269872195646801e-06
8801,ἐπερωτήσω,1,7.269872195646801e-06
8802,ὑπολήνιον,1,7.269872195646801e-06
8803,γεωργῶν,1,7.269872195646801e-06
8804,ἐκεφαλίωσαν,1,7.269872195646801e-06
8805,ἠτίμασαν,1,7.269872195646801e-06
8806,ἀποκτέννοντες,1,7.269872195646801e-06
8807,ἀγρεύσωσι(ν),1,7.269872195646801e-06
8808,ὑπόκρισιν,1,7.269872195646801e-06
8809,ἐξεθαύμαζον,1,7.269872195646801e-06
8810,καταλίπῃ,1,7.269872195646801e-06
8811,συζητούντων,1,7.269872195646801e-06
8812,ἄκουε,1,7.269872195646801e-06
8813,εἶπες,1,7.269872195646801e-06
8814,ὁλοκαυτωμάτων,1,7.269872195646801e-06
8815,νουνεχῶς,1,7.269872195646801e-06
8816,κατεσθίοντες,1,7.269872195646801e-06
8817,γαζοφυλακίου,1,7.269872195646801e-06
8818,ἐθεώρει,1,7.269872195646801e-06
8819,ἔβαλλον,1,7.269872195646801e-06
8820,κοδράντης,1,7.269872195646801e-06
8821,ὑστερήσεως,1,7.269872195646801e-06
8822,ποταποί,1,7.269872195646801e-06
8823,ποταπαί,1,7.269872195646801e-06
8824,οἰκοδομαί,1,7.269872195646801e-06
8825,δαρήσεσθε,1,7.269872195646801e-06
8826,ἡγεμόνων,1,7.269872195646801e-06
8827,σταθήσεσθε,1,7.269872195646801e-06
8828,ἄγωσι(ν),1,7.269872195646801e-06
8829,προμεριμνᾶτε,1,7.269872195646801e-06
8830,ἑστηκότα,1,7.269872195646801e-06
8831,εἰσελθάτω,1,7.269872195646801e-06
8832,ἀποπλανᾶν,1,7.269872195646801e-06
8833,πίπτοντες,1,7.269872195646801e-06
8834,ἐπισυνάξει,1,7.269872195646801e-06
8835,ἀπόδημος,1,7.269872195646801e-06
8836,γρηγορῇ,1,7.269872195646801e-06
8837,ἀλεκτοροφωνίας,1,7.269872195646801e-06
8838,ἄζυμα,1,7.269872195646801e-06
8839,κατακειμένου,1,7.269872195646801e-06
8840,πολυτελοῦς,1,7.269872195646801e-06
8841,συντρίψασα,1,7.269872195646801e-06
8842,ἀγανακτοῦντες,1,7.269872195646801e-06
8843,ἐνεβριμῶντο,1,7.269872195646801e-06
8844,προέλαβε(ν),1,7.269872195646801e-06
8845,μυρίσαι,1,7.269872195646801e-06
8846,ἐνταφιασμόν,1,7.269872195646801e-06
8847,ἐπηγγείλαντο,1,7.269872195646801e-06
8848,ἔθυον,1,7.269872195646801e-06
8849,φάγῃς,1,7.269872195646801e-06
8850,ἀπαντήσει,1,7.269872195646801e-06
8851,ἕτοιμον,1,7.269872195646801e-06
8852,ἐμβαπτόμενος,1,7.269872195646801e-06
8853,τρύβλιον,1,7.269872195646801e-06
8854,ἐκπερισσῶς,1,7.269872195646801e-06
8855,ἐκθαμβεῖσθαι,1,7.269872195646801e-06
8856,ἔπιπτε(ν),1,7.269872195646801e-06
8857,καθεύδεις,1,7.269872195646801e-06
8858,ἴσχυσας,1,7.269872195646801e-06
8859,ἔλθητε,1,7.269872195646801e-06
8860,καταβαρυνόμενοι,1,7.269872195646801e-06
8861,ἀποκριθῶσι(ν),1,7.269872195646801e-06
8862,σύσσημον,1,7.269872195646801e-06
8863,ἀπάγετε,1,7.269872195646801e-06
8864,ἐπέβαλαν,1,7.269872195646801e-06
8865,συνηκολούθει,1,7.269872195646801e-06
8866,γυμνοῦ,1,7.269872195646801e-06
8867,κρατοῦσι(ν),1,7.269872195646801e-06
8868,συγκαθήμενος,1,7.269872195646801e-06
8869,ἴσαι,1,7.269872195646801e-06
8870,μαρτυρίαι,1,7.269872195646801e-06
8871,καταλύσω,1,7.269872195646801e-06
8872,χειροποίητον,1,7.269872195646801e-06
8873,ἴση,1,7.269872195646801e-06
8874,εὐλογητοῦ,1,7.269872195646801e-06
8875,διαρρήξας,1,7.269872195646801e-06
8876,κατέκριναν,1,7.269872195646801e-06
8877,ἔνοχον,1,7.269872195646801e-06
8878,ἐμπτύειν,1,7.269872195646801e-06
8879,περικαλύπτειν,1,7.269872195646801e-06
8880,κολαφίζειν,1,7.269872195646801e-06
8881,ῥαπίσμασι(ν),1,7.269872195646801e-06
8882,παιδισκῶν,1,7.269872195646801e-06
8883,θερμαινόμενον,1,7.269872195646801e-06
8884,ἐμβλέψασα,1,7.269872195646801e-06
8885,προαύλιον,1,7.269872195646801e-06
8886,ἠρνεῖτο,1,7.269872195646801e-06
8887,ὁμοιάζει,1,7.269872195646801e-06
8888,ἀναθεματίζειν,1,7.269872195646801e-06
8889,ὀμνύναι,1,7.269872195646801e-06
8890,ἀνεμνήσθη,1,7.269872195646801e-06
8891,ἀπήνεγκαν,1,7.269872195646801e-06
8892,κατηγόρουν,1,7.269872195646801e-06
8893,ἀπέλυε(ν),1,7.269872195646801e-06
8894,παρῃτοῦντο,1,7.269872195646801e-06
8895,στασιαστῶν,1,7.269872195646801e-06
8896,στάσει,1,7.269872195646801e-06
8897,πεποιήκεισαν,1,7.269872195646801e-06
8898,παραδεδώκεισαν,1,7.269872195646801e-06
8899,ἀνέσεισαν,1,7.269872195646801e-06
8900,συγκαλοῦσι(ν),1,7.269872195646801e-06
8901,ἐνδιδύσκουσι(ν),1,7.269872195646801e-06
8902,περιτιθέασι(ν),1,7.269872195646801e-06
8903,ἀσπάζεσθαι,1,7.269872195646801e-06
8904,ἐνέπτυον,1,7.269872195646801e-06
8905,τιθέντες,1,7.269872195646801e-06
8906,προσεκύνουν,1,7.269872195646801e-06
8907,ἐξάγουσι(ν),1,7.269872195646801e-06
8908,σταυρώσωσι(ν),1,7.269872195646801e-06
8909,ἀγγαρεύουσι(ν),1,7.269872195646801e-06
8910,παράγοντα,1,7.269872195646801e-06
8911,Ἀλεξάνδρου,1,7.269872195646801e-06
8912,Ῥούφου,1,7.269872195646801e-06
8913,Γολγοθᾶν,1,7.269872195646801e-06
8914,ἐσμυρνισμένον,1,7.269872195646801e-06
8915,διαμερίζονται,1,7.269872195646801e-06
8916,ἐπιγεγραμμένη,1,7.269872195646801e-06
8917,οὐά,1,7.269872195646801e-06
8918,συνεσταυρωμένοι,1,7.269872195646801e-06
8919,ἐνάτῃ,1,7.269872195646801e-06
8920,γεμίσας,1,7.269872195646801e-06
8921,καθελεῖν,1,7.269872195646801e-06
8922,κεντυρίων,1,7.269872195646801e-06
8923,ἄλλαι,1,7.269872195646801e-06
8924,συναναβᾶσαι,1,7.269872195646801e-06
8925,προσάββατον,1,7.269872195646801e-06
8926,εὐσχήμων,1,7.269872195646801e-06
8927,τολμήσας,1,7.269872195646801e-06
8928,κεντυρίωνα,1,7.269872195646801e-06
8929,κεντυρίωνος,1,7.269872195646801e-06
8930,ἐδωρήσατο,1,7.269872195646801e-06
8931,ἀγοράσας,1,7.269872195646801e-06
8932,ἐνείλησε(ν),1,7.269872195646801e-06
8933,λελατομημένον,1,7.269872195646801e-06
8934,προσεκύλισε(ν),1,7.269872195646801e-06
8935,τέθειται,1,7.269872195646801e-06
8936,ἐλθοῦσαι,1,7.269872195646801e-06
8937,ἀλείψωσι(ν),1,7.269872195646801e-06
8938,ἀποκυλίσει,1,7.269872195646801e-06
8939,ἀναβλέψασαι,1,7.269872195646801e-06
8940,ἀποκεκύλισται,1,7.269872195646801e-06
8941,δεξιοῖς,1,7.269872195646801e-06
8942,ἐκθαμβεῖσθε,1,7.269872195646801e-06
8943,Ναζαρηνόν,1,7.269872195646801e-06
8944,ἐξελθοῦσαι,1,7.269872195646801e-06
8945,τρόμος,1,7.269872195646801e-06
8946,παρηγγελμένα,1,7.269872195646801e-06
8947,ἐξήγγειλαν,1,7.269872195646801e-06
8948,δύσεως,1,7.269872195646801e-06
8949,Μαρίᾳ,1,7.269872195646801e-06
8950,Μαγδαληνῇ,1,7.269872195646801e-06
8951,ἐκβεβλήκει,1,7.269872195646801e-06
8952,πορευθεῖσα,1,7.269872195646801e-06
8953,ἐθεάθη,1,7.269872195646801e-06
8954,πορευομένοις,1,7.269872195646801e-06
8955,ὠνείδισε(ν),1,7.269872195646801e-06
8956,θεασαμένοις,1,7.269872195646801e-06
8957,ἀπιστήσας,1,7.269872195646801e-06
8958,κατακριθήσεται,1,7.269872195646801e-06
8959,παρακολουθήσει,1,7.269872195646801e-06
8960,ἐκβαλοῦσι(ν),1,7.269872195646801e-06
8961,καιναῖς,1,7.269872195646801e-06
8962,θανάσιμον,1,7.269872195646801e-06
8963,πίωσι(ν),1,7.269872195646801e-06
8964,βλάψῃ,1,7.269872195646801e-06
8965,ἐπιθήσουσι(ν),1,7.269872195646801e-06
8966,συνεργοῦντος,1,7.269872195646801e-06
8967,βεβαιοῦντος,1,7.269872195646801e-06
8968,ἐπακολουθούντων,1,7.269872195646801e-06
8969,ἐπειδήπερ,1,7.269872195646801e-06
8970,ἀνατάξασθαι,1,7.269872195646801e-06
8971,διήγησιν,1,7.269872195646801e-06
8972,πεπληροφορημένων,1,7.269872195646801e-06
8973,παρέδοσαν,1,7.269872195646801e-06
8974,αὐτόπται,1,7.269872195646801e-06
8975,παρηκολουθηκότι,1,7.269872195646801e-06
8976,ἐπιγνῷς,1,7.269872195646801e-06
8977,κατηχήθης,1,7.269872195646801e-06
8978,ἀσφάλειαν,1,7.269872195646801e-06
8979,θυγατέρων,1,7.269872195646801e-06
8980,δικαιώμασι(ν),1,7.269872195646801e-06
8981,προβεβηκότες,1,7.269872195646801e-06
8982,ἱερατεύειν,1,7.269872195646801e-06
8983,τάξει,1,7.269872195646801e-06
8984,ἱερατείας,1,7.269872195646801e-06
8985,θυμιᾶσαι,1,7.269872195646801e-06
8986,Ζαχαρία,1,7.269872195646801e-06
8987,γεννήσει,1,7.269872195646801e-06
8988,ἀγαλλίασις,1,7.269872195646801e-06
8989,γενέσει,1,7.269872195646801e-06
8990,χαρήσονται,1,7.269872195646801e-06
8991,σίκερα,1,7.269872195646801e-06
8992,πλησθήσεται,1,7.269872195646801e-06
8993,ἐπιστρέψει,1,7.269872195646801e-06
8994,προελεύσεται,1,7.269872195646801e-06
8995,κατεσκευασμένον,1,7.269872195646801e-06
8996,σιωπῶν,1,7.269872195646801e-06
8997,πληρωθήσονται,1,7.269872195646801e-06
8998,χρονίζειν,1,7.269872195646801e-06
8999,διανεύων,1,7.269872195646801e-06
9000,διέμενε(ν),1,7.269872195646801e-06
9001,συνέλαβε(ν),1,7.269872195646801e-06
9002,περιέκρυβε(ν),1,7.269872195646801e-06
9003,ἐπεῖδε(ν),1,7.269872195646801e-06
9004,ἀφελεῖν,1,7.269872195646801e-06
9005,ὄνειδος,1,7.269872195646801e-06
9006,μηνί,1,7.269872195646801e-06
9007,ἐμνηστευμένην,1,7.269872195646801e-06
9008,παρθένου,1,7.269872195646801e-06
9009,κεχαριτωμένη,1,7.269872195646801e-06
9010,διεταράχθη,1,7.269872195646801e-06
9011,συλλήμψῃ,1,7.269872195646801e-06
9012,τέξῃ,1,7.269872195646801e-06
9013,ἐπελεύσεται,1,7.269872195646801e-06
9014,ἐπισκιάσει,1,7.269872195646801e-06
9015,γεννώμενον,1,7.269872195646801e-06
9016,συγγενίς,1,7.269872195646801e-06
9017,συνείληφε(ν),1,7.269872195646801e-06
9018,γήρει,1,7.269872195646801e-06
9019,στείρᾳ,1,7.269872195646801e-06
9020,δούλη,1,7.269872195646801e-06
9021,ὀρεινήν,1,7.269872195646801e-06
9022,ἠσπάσατο,1,7.269872195646801e-06
9023,ἀσπασμόν,1,7.269872195646801e-06
9024,ἀνεφώνησε(ν),1,7.269872195646801e-06
9025,κραυγῇ,1,7.269872195646801e-06
9026,ἀσπασμοῦ,1,7.269872195646801e-06
9027,πιστεύσασα,1,7.269872195646801e-06
9028,λελαλημένοις,1,7.269872195646801e-06
9029,μεγαλύνει,1,7.269872195646801e-06
9030,ἠγαλλίασε(ν),1,7.269872195646801e-06
9031,ἐπέβλεψε(ν),1,7.269872195646801e-06
9032,ταπείνωσιν,1,7.269872195646801e-06
9033,δούλης,1,7.269872195646801e-06
9034,μακαριοῦσι(ν),1,7.269872195646801e-06
9035,βραχίονι,1,7.269872195646801e-06
9036,καθεῖλε(ν),1,7.269872195646801e-06
9037,δυνάστας,1,7.269872195646801e-06
9038,πεινῶντας,1,7.269872195646801e-06
9039,ἐνέπλησε(ν),1,7.269872195646801e-06
9040,πλουτοῦντας,1,7.269872195646801e-06
9041,κενούς,1,7.269872195646801e-06
9042,ἀντελάβετο,1,7.269872195646801e-06
9043,περίοικοι,1,7.269872195646801e-06
9044,συνέχαιρον,1,7.269872195646801e-06
9045,ἀποκριθεῖσα,1,7.269872195646801e-06
9046,ἐνένευον,1,7.269872195646801e-06
9047,πινακίδιον,1,7.269872195646801e-06
9048,ἀνεῴχθη,1,7.269872195646801e-06
9049,περιοικοῦντας,1,7.269872195646801e-06
9050,ὀρεινῇ,1,7.269872195646801e-06
9051,διελαλεῖτο,1,7.269872195646801e-06
9052,κέρας,1,7.269872195646801e-06
9053,μισούντων,1,7.269872195646801e-06
9054,ῥυσθέντας,1,7.269872195646801e-06
9055,προπορεύσῃ,1,7.269872195646801e-06
9056,ἐπισκέψεται,1,7.269872195646801e-06
9057,ἀνατολή,1,7.269872195646801e-06
9058,ἐπιφᾶναι,1,7.269872195646801e-06
9059,κατευθῦναι,1,7.269872195646801e-06
9060,ἀναδείξεως,1,7.269872195646801e-06
9061,δόγμα,1,7.269872195646801e-06
9062,Αὐγούστου,1,7.269872195646801e-06
9063,ἀπογραφή,1,7.269872195646801e-06
9064,Κυρηνίου,1,7.269872195646801e-06
9065,πατριᾶς,1,7.269872195646801e-06
9066,ἀπογράψασθαι,1,7.269872195646801e-06
9067,ἐμνηστευμένῃ,1,7.269872195646801e-06
9068,ἐγκύῳ,1,7.269872195646801e-06
9069,ἐσπαργάνωσε(ν),1,7.269872195646801e-06
9070,ἀνέκλινε(ν),1,7.269872195646801e-06
9071,καταλύματι,1,7.269872195646801e-06
9072,ἀγραυλοῦντες,1,7.269872195646801e-06
9073,περιέλαμψε(ν),1,7.269872195646801e-06
9074,εὐαγγελίζομαι,1,7.269872195646801e-06
9075,ἐτέχθη,1,7.269872195646801e-06
9076,ἐσπαργανωμένον,1,7.269872195646801e-06
9077,στρατιᾶς,1,7.269872195646801e-06
9078,οὐρανίου,1,7.269872195646801e-06
9079,αἰνούντων,1,7.269872195646801e-06
9080,ἐγνώρισε(ν),1,7.269872195646801e-06
9081,σπεύσαντες,1,7.269872195646801e-06
9082,ἀνεῦραν,1,7.269872195646801e-06
9083,ἐγνώρισαν,1,7.269872195646801e-06
9084,λαληθέντος,1,7.269872195646801e-06
9085,λαληθέντων,1,7.269872195646801e-06
9086,ποιμένων,1,7.269872195646801e-06
9087,συμβάλλουσα,1,7.269872195646801e-06
9088,κληθέν,1,7.269872195646801e-06
9089,συλλημφθῆναι,1,7.269872195646801e-06
9090,διανοῖγον,1,7.269872195646801e-06
9091,μήτραν,1,7.269872195646801e-06
9092,ζεῦγος,1,7.269872195646801e-06
9093,τρυγόνων,1,7.269872195646801e-06
9094,νοσσούς,1,7.269872195646801e-06
9095,περιστερῶν,1,7.269872195646801e-06
9096,κεχρηματισμένον,1,7.269872195646801e-06
9097,εἰσαγαγεῖν,1,7.269872195646801e-06
9098,εἰθισμένον,1,7.269872195646801e-06
9099,ἀγκάλας,1,7.269872195646801e-06
9100,ἀπολύεις,1,7.269872195646801e-06
9101,πτῶσιν,1,7.269872195646801e-06
9102,ἀντιλεγόμενον,1,7.269872195646801e-06
9103,διελεύσεται,1,7.269872195646801e-06
9104,ἀποκαλυφθῶσι(ν),1,7.269872195646801e-06
9105,προφῆτις,1,7.269872195646801e-06
9106,Φανουήλ,1,7.269872195646801e-06
9107,ζήσασα,1,7.269872195646801e-06
9108,παρθενίας,1,7.269872195646801e-06
9109,ἀφίστατο,1,7.269872195646801e-06
9110,λατρεύουσα,1,7.269872195646801e-06
9111,ἀνθωμολογεῖτο,1,7.269872195646801e-06
9112,πληρούμενον,1,7.269872195646801e-06
9113,τελειωσάντων,1,7.269872195646801e-06
9114,νομίσαντες,1,7.269872195646801e-06
9115,συνοδίᾳ,1,7.269872195646801e-06
9116,ἀνεζήτουν,1,7.269872195646801e-06
9117,γνωστοῖς,1,7.269872195646801e-06
9118,ἀναζητοῦντες,1,7.269872195646801e-06
9119,καθεζόμενον,1,7.269872195646801e-06
9120,διδασκάλων,1,7.269872195646801e-06
9121,ἐπερωτῶντα,1,7.269872195646801e-06
9122,ἀποκρίσεσι(ν),1,7.269872195646801e-06
9123,ἐξεπλάγησαν,1,7.269872195646801e-06
9124,ἐζητοῦμεν,1,7.269872195646801e-06
9125,ἐζητεῖτε,1,7.269872195646801e-06
9126,ὑποτασσόμενος,1,7.269872195646801e-06
9127,διετήρει,1,7.269872195646801e-06
9128,προέκοπτε(ν),1,7.269872195646801e-06
9129,ἔτει,1,7.269872195646801e-06
9130,πεντεκαιδεκάτῳ,1,7.269872195646801e-06
9131,ἡγεμονίας,1,7.269872195646801e-06
9132,Τιβερίου,1,7.269872195646801e-06
9133,Ἰτουραίας,1,7.269872195646801e-06
9134,Τραχωνίτιδος,1,7.269872195646801e-06
9135,Λυσανίου,1,7.269872195646801e-06
9136,Ἀβιληνῆς,1,7.269872195646801e-06
9137,φάραγξ,1,7.269872195646801e-06
9138,πληρωθήσεται,1,7.269872195646801e-06
9139,βουνός,1,7.269872195646801e-06
9140,σκολιά,1,7.269872195646801e-06
9141,εὐθείαν,1,7.269872195646801e-06
9142,τραχεῖαι,1,7.269872195646801e-06
9143,λείας,1,7.269872195646801e-06
9144,μεταδότω,1,7.269872195646801e-06
9145,στρατευόμενοι,1,7.269872195646801e-06
9146,διασείσητε,1,7.269872195646801e-06
9147,συκοφαντήσητε,1,7.269872195646801e-06
9148,ἀρκεῖσθε,1,7.269872195646801e-06
9149,προσδοκῶντος,1,7.269872195646801e-06
9150,διαλογιζομένων,1,7.269872195646801e-06
9151,διακαθᾶραι,1,7.269872195646801e-06
9152,προσέθηκε(ν),1,7.269872195646801e-06
9153,κατέκλεισε(ν),1,7.269872195646801e-06
9154,βαπτισθέντος,1,7.269872195646801e-06
9155,ἀνεῳχθῆναι,1,7.269872195646801e-06
9156,σωματικῷ,1,7.269872195646801e-06
9157,εἴδει,1,7.269872195646801e-06
9158,ἀρχόμενος,1,7.269872195646801e-06
9159,ἐνομίζετο,1,7.269872195646801e-06
9160,Ἠλί,1,7.269872195646801e-06
9161,Ἰανναί,1,7.269872195646801e-06
9162,Ναούμ,1,7.269872195646801e-06
9163,Ἑσλί,1,7.269872195646801e-06
9164,Ναγγαί,1,7.269872195646801e-06
9165,Μάαθ,1,7.269872195646801e-06
9166,Σεμεΐν,1,7.269872195646801e-06
9167,Ἰωσήχ,1,7.269872195646801e-06
9168,Ἰωδά,1,7.269872195646801e-06
9169,Ἰωανάν,1,7.269872195646801e-06
9170,Ῥησά,1,7.269872195646801e-06
9171,Νηρί,1,7.269872195646801e-06
9172,Ἀδδί,1,7.269872195646801e-06
9173,Κωσάμ,1,7.269872195646801e-06
9174,Ἐλμαδάμ,1,7.269872195646801e-06
9175,Ἤρ,1,7.269872195646801e-06
9176,Ἐλιέζερ,1,7.269872195646801e-06
9177,Ἰωρίμ,1,7.269872195646801e-06
9178,Ἰωνάμ,1,7.269872195646801e-06
9179,Μελεά,1,7.269872195646801e-06
9180,Μεννά,1,7.269872195646801e-06
9181,Ματταθά,1,7.269872195646801e-06
9182,Ναθάμ,1,7.269872195646801e-06
9183,Ἰωβήλ,1,7.269872195646801e-06
9184,Βόος,1,7.269872195646801e-06
9185,Ἀδμίν,1,7.269872195646801e-06
9186,Ἀρνί,1,7.269872195646801e-06
9187,Θάρα,1,7.269872195646801e-06
9188,Ναχώρ,1,7.269872195646801e-06
9189,Σερούχ,1,7.269872195646801e-06
9190,Ῥαγαύ,1,7.269872195646801e-06
9191,Φάλεκ,1,7.269872195646801e-06
9192,Ἔβερ,1,7.269872195646801e-06
9193,Ἀρφαξάδ,1,7.269872195646801e-06
9194,Σήμ,1,7.269872195646801e-06
9195,Λάμεχ,1,7.269872195646801e-06
9196,Μαθουσαλά,1,7.269872195646801e-06
9197,Ἰάρετ,1,7.269872195646801e-06
9198,Μαλελεήλ,1,7.269872195646801e-06
9199,Ἐνώς,1,7.269872195646801e-06
9200,Σήθ,1,7.269872195646801e-06
9201,ἤγετο,1,7.269872195646801e-06
9202,συντελεσθεισῶν,1,7.269872195646801e-06
9203,στιγμῇ,1,7.269872195646801e-06
9204,παραδέδοται,1,7.269872195646801e-06
9205,διαφυλάξαι,1,7.269872195646801e-06
9206,εἴρηται,1,7.269872195646801e-06
9207,συντελέσας,1,7.269872195646801e-06
9208,δοξαζόμενος,1,7.269872195646801e-06
9209,τεθραμμένος,1,7.269872195646801e-06
9210,ἀναγνῶναι,1,7.269872195646801e-06
9211,ἐπεδόθη,1,7.269872195646801e-06
9212,ἀναπτύξας,1,7.269872195646801e-06
9213,αἰχμαλώτοις,1,7.269872195646801e-06
9214,ἀνάβλεψιν,1,7.269872195646801e-06
9215,ἀποστεῖλαι,1,7.269872195646801e-06
9216,τεθραυσμένους,1,7.269872195646801e-06
9217,δεκτόν,1,7.269872195646801e-06
9218,πτύξας,1,7.269872195646801e-06
9219,ἀποδούς,1,7.269872195646801e-06
9220,ἐμαρτύρουν,1,7.269872195646801e-06
9221,ἰατρέ,1,7.269872195646801e-06
9222,θεράπευσον,1,7.269872195646801e-06
9223,ἐπέμφθη,1,7.269872195646801e-06
9224,Σάρεπτα,1,7.269872195646801e-06
9225,Σιδωνίας,1,7.269872195646801e-06
9226,Ἐλισαίου,1,7.269872195646801e-06
9227,Ναιμάν,1,7.269872195646801e-06
9228,Σύρος,1,7.269872195646801e-06
9229,ὀφρύος,1,7.269872195646801e-06
9230,ᾠκοδόμητο,1,7.269872195646801e-06
9231,κατακρημνίσαι,1,7.269872195646801e-06
9232,ἔα,1,7.269872195646801e-06
9233,ῥίψαν,1,7.269872195646801e-06
9234,βλάψαν,1,7.269872195646801e-06
9235,συνεχομένη,1,7.269872195646801e-06
9236,δύνοντος,1,7.269872195646801e-06
9237,ἐπιτιθείς,1,7.269872195646801e-06
9238,ἐθεράπευε(ν),1,7.269872195646801e-06
9239,κραυγάζοντα,1,7.269872195646801e-06
9240,εἴα,1,7.269872195646801e-06
9241,ἐπεζήτουν,1,7.269872195646801e-06
9242,ἐπικεῖσθαι,1,7.269872195646801e-06
9243,ἀποβάντες,1,7.269872195646801e-06
9244,ἔπλυνον,1,7.269872195646801e-06
9245,ἐπαναγαγεῖν,1,7.269872195646801e-06
9246,ἐπανάγαγε,1,7.269872195646801e-06
9247,χαλάσατε,1,7.269872195646801e-06
9248,ἄγραν,1,7.269872195646801e-06
9249,κοπιάσαντες,1,7.269872195646801e-06
9250,χαλάσω,1,7.269872195646801e-06
9251,συνέκλεισαν,1,7.269872195646801e-06
9252,διερρήσσετο,1,7.269872195646801e-06
9253,κατένευσαν,1,7.269872195646801e-06
9254,μετόχοις,1,7.269872195646801e-06
9255,ἐλθόντας,1,7.269872195646801e-06
9256,συλλαβέσθαι,1,7.269872195646801e-06
9257,ἔπλησαν,1,7.269872195646801e-06
9258,βυθίζεσθαι,1,7.269872195646801e-06
9259,γόνασι(ν),1,7.269872195646801e-06
9260,περιέσχε(ν),1,7.269872195646801e-06
9261,ἄγρᾳ,1,7.269872195646801e-06
9262,ζωγρῶν,1,7.269872195646801e-06
9263,καταγαγόντες,1,7.269872195646801e-06
9264,λέπρας,1,7.269872195646801e-06
9265,ἐδεήθη,1,7.269872195646801e-06
9266,συνήρχοντο,1,7.269872195646801e-06
9267,θεραπεύεσθαι,1,7.269872195646801e-06
9268,ὑποχωρῶν,1,7.269872195646801e-06
9269,ἐληλυθότες,1,7.269872195646801e-06
9270,εἰσενεγκεῖν,1,7.269872195646801e-06
9271,εἰσενέγκωσι(ν),1,7.269872195646801e-06
9272,ἀναβάντες,1,7.269872195646801e-06
9273,κεράμων,1,7.269872195646801e-06
9274,κλινιδίῳ,1,7.269872195646801e-06
9275,διαλογίζεσθαι,1,7.269872195646801e-06
9276,ἀφεῖναι,1,7.269872195646801e-06
9277,παραλελυμένῳ,1,7.269872195646801e-06
9278,κλινίδιον,1,7.269872195646801e-06
9279,παράδοξα,1,7.269872195646801e-06
9280,ἐθεάσατο,1,7.269872195646801e-06
9281,τελώνην,1,7.269872195646801e-06
9282,Λευίς,1,7.269872195646801e-06
9283,κατακείμενοι,1,7.269872195646801e-06
9284,ὑγιαίνοντες,1,7.269872195646801e-06
9285,πυκνά,1,7.269872195646801e-06
9286,ποιοῦνται,1,7.269872195646801e-06
9287,πίνουσι(ν),1,7.269872195646801e-06
9288,νηστεῦσαι,1,7.269872195646801e-06
9289,σχίσας,1,7.269872195646801e-06
9290,σχίσει,1,7.269872195646801e-06
9291,συμφωνήσει,1,7.269872195646801e-06
9292,νέος,1,7.269872195646801e-06
9293,ἐκχυθήσεται,1,7.269872195646801e-06
9294,βλητέον,1,7.269872195646801e-06
9295,πιών,1,7.269872195646801e-06
9296,διαπορεύεσθαι,1,7.269872195646801e-06
9297,ἔτιλλον,1,7.269872195646801e-06
9298,ψώχοντες,1,7.269872195646801e-06
9299,ὁπότε,1,7.269872195646801e-06
9300,ξηρά,1,7.269872195646801e-06
9301,θεραπεύει,1,7.269872195646801e-06
9302,ἐπερωτῶ,1,7.269872195646801e-06
9303,ἀνοίας,1,7.269872195646801e-06
9304,διελάλουν,1,7.269872195646801e-06
9305,ποιήσαιε(ν),1,7.269872195646801e-06
9306,διανυκτερεύων,1,7.269872195646801e-06
9307,ἐκλεξάμενος,1,7.269872195646801e-06
9308,Ζηλωτήν,1,7.269872195646801e-06
9309,προδότης,1,7.269872195646801e-06
9310,πεδινοῦ,1,7.269872195646801e-06
9311,παραλίου,1,7.269872195646801e-06
9312,ἰαθῆναι,1,7.269872195646801e-06
9313,ἐνοχλούμενοι,1,7.269872195646801e-06
9314,ὑμετέρα,1,7.269872195646801e-06
9315,χορτασθήσεσθε,1,7.269872195646801e-06
9316,γελάσετε,1,7.269872195646801e-06
9317,μισήσωσι(ν),1,7.269872195646801e-06
9318,ἀφορίσωσι(ν),1,7.269872195646801e-06
9319,χάρητε,1,7.269872195646801e-06
9320,σκιρτήσατε,1,7.269872195646801e-06
9321,ἀπέχετε,1,7.269872195646801e-06
9322,ἐμπεπλησμένοι,1,7.269872195646801e-06
9323,πεινάσετε,1,7.269872195646801e-06
9324,γελῶντες,1,7.269872195646801e-06
9325,πενθήσετε,1,7.269872195646801e-06
9326,ψευδοπροφήταις,1,7.269872195646801e-06
9327,μισοῦσι(ν),1,7.269872195646801e-06
9328,καταρωμένους,1,7.269872195646801e-06
9329,ἐπηρεαζόντων,1,7.269872195646801e-06
9330,τύπτοντι,1,7.269872195646801e-06
9331,κωλύσῃς,1,7.269872195646801e-06
9332,ἀπαίτει,1,7.269872195646801e-06
9333,ἀγαθοποιῆτε,1,7.269872195646801e-06
9334,δανίσητε,1,7.269872195646801e-06
9335,ἐλπίζετε,1,7.269872195646801e-06
9336,δανίζουσι(ν),1,7.269872195646801e-06
9337,ἀπολάβωσι(ν),1,7.269872195646801e-06
9338,ἀγαθοποιεῖτε,1,7.269872195646801e-06
9339,δανίζετε,1,7.269872195646801e-06
9340,ἀπελπίζοντες,1,7.269872195646801e-06
9341,ἀχαρίστους,1,7.269872195646801e-06
9342,οἰκτίρμονες,1,7.269872195646801e-06
9343,καταδικάζετε,1,7.269872195646801e-06
9344,καταδικασθῆτε,1,7.269872195646801e-06
9345,ἀπολύετε,1,7.269872195646801e-06
9346,ἀπολυθήσεσθε,1,7.269872195646801e-06
9347,πεπιεσμένον,1,7.269872195646801e-06
9348,σεσαλευμένον,1,7.269872195646801e-06
9349,ὑπερεκχυννόμενον,1,7.269872195646801e-06
9350,ἀντιμετρηθήσεται,1,7.269872195646801e-06
9351,ὁδηγεῖν,1,7.269872195646801e-06
9352,ἐμπεσοῦνται,1,7.269872195646801e-06
9353,κατηρτισμένος,1,7.269872195646801e-06
9354,σταφυλήν,1,7.269872195646801e-06
9355,τρυγῶσι(ν),1,7.269872195646801e-06
9356,καλεῖτε,1,7.269872195646801e-06
9357,οἰκοδομοῦντι,1,7.269872195646801e-06
9358,ἔσκαψε(ν),1,7.269872195646801e-06
9359,ἐβάθυνε(ν),1,7.269872195646801e-06
9360,πλημμύρης,1,7.269872195646801e-06
9361,σαλεῦσαι,1,7.269872195646801e-06
9362,οἰκοδομῆσθαι,1,7.269872195646801e-06
9363,οἰκοδομήσαντι,1,7.269872195646801e-06
9364,θεμελίου,1,7.269872195646801e-06
9365,συνέπεσε(ν),1,7.269872195646801e-06
9366,ῥῆγμα,1,7.269872195646801e-06
9367,ἑκατοντάρχου,1,7.269872195646801e-06
9368,τελευτᾶν,1,7.269872195646801e-06
9369,ἔντιμος,1,7.269872195646801e-06
9370,ἐρωτῶν,1,7.269872195646801e-06
9371,διασώσῃ,1,7.269872195646801e-06
9372,παρέξῃ,1,7.269872195646801e-06
9373,σκύλλου,1,7.269872195646801e-06
9374,ἠξίωσα,1,7.269872195646801e-06
9375,ἰαθήτω,1,7.269872195646801e-06
9376,τασσόμενος,1,7.269872195646801e-06
9377,ἀκολουθοῦντι,1,7.269872195646801e-06
9378,πεμφθέντες,1,7.269872195646801e-06
9379,Ναΐν,1,7.269872195646801e-06
9380,ἐξεκομίζετο,1,7.269872195646801e-06
9381,σοροῦ,1,7.269872195646801e-06
9382,βαστάζοντες,1,7.269872195646801e-06
9383,νεανίσκε,1,7.269872195646801e-06
9384,ἐγέρθητι,1,7.269872195646801e-06
9385,περιχώρῳ,1,7.269872195646801e-06
9386,ἀπελθόντων,1,7.269872195646801e-06
9387,ἐνδόξῳ,1,7.269872195646801e-06
9388,τρυφῇ,1,7.269872195646801e-06
9389,βασιλείοις,1,7.269872195646801e-06
9390,ἐδικαίωσαν,1,7.269872195646801e-06
9391,νομικοί,1,7.269872195646801e-06
9392,προσφωνοῦσι(ν),1,7.269872195646801e-06
9393,ἐκλαύσατε,1,7.269872195646801e-06
9394,κατεκλίθη,1,7.269872195646801e-06
9395,κατάκειται,1,7.269872195646801e-06
9396,κομίσασα,1,7.269872195646801e-06
9397,στᾶσα,1,7.269872195646801e-06
9398,βρέχειν,1,7.269872195646801e-06
9399,ἐξέμασσε(ν),1,7.269872195646801e-06
9400,κατεφίλει,1,7.269872195646801e-06
9401,ἤλειφε(ν),1,7.269872195646801e-06
9402,ποταπή,1,7.269872195646801e-06
9403,χρεοφειλέται,1,7.269872195646801e-06
9404,δανιστῇ,1,7.269872195646801e-06
9405,πεντακόσια,1,7.269872195646801e-06
9406,ἀμφοτέροις,1,7.269872195646801e-06
9407,ὑπολαμβάνω,1,7.269872195646801e-06
9408,φίλημα,1,7.269872195646801e-06
9409,διέλιπε(ν),1,7.269872195646801e-06
9410,καταφιλοῦσα,1,7.269872195646801e-06
9411,ἤλειψας,1,7.269872195646801e-06
9412,συνανακείμενοι,1,7.269872195646801e-06
9413,διώδευε(ν),1,7.269872195646801e-06
9414,τεθεραπευμέναι,1,7.269872195646801e-06
9415,Χουζᾶ,1,7.269872195646801e-06
9416,ἐπιτρόπου,1,7.269872195646801e-06
9417,Σουσάννα,1,7.269872195646801e-06
9418,ἕτεραι,1,7.269872195646801e-06
9419,συνιόντος,1,7.269872195646801e-06
9420,ἐπιπορευομένων,1,7.269872195646801e-06
9421,κατεπατήθη,1,7.269872195646801e-06
9422,κατέπεσε(ν),1,7.269872195646801e-06
9423,ἰκμάδα,1,7.269872195646801e-06
9424,συμφυεῖσαι,1,7.269872195646801e-06
9425,ἀπέπνιξαν,1,7.269872195646801e-06
9426,ἐφώνει,1,7.269872195646801e-06
9427,δέχονται,1,7.269872195646801e-06
9428,ἀφίστανται,1,7.269872195646801e-06
9429,πεσόν,1,7.269872195646801e-06
9430,συμπνίγονται,1,7.269872195646801e-06
9431,τελεσφοροῦσι(ν),1,7.269872195646801e-06
9432,κατέχουσι(ν),1,7.269872195646801e-06
9433,γνωσθῇ,1,7.269872195646801e-06
9434,συντυχεῖν,1,7.269872195646801e-06
9435,ἀπηγγέλη,1,7.269872195646801e-06
9436,λίμνης,1,7.269872195646801e-06
9437,ἀνήχθησαν,1,7.269872195646801e-06
9438,πλεόντων,1,7.269872195646801e-06
9439,ἀφύπνωσε(ν),1,7.269872195646801e-06
9440,συνεπληροῦντο,1,7.269872195646801e-06
9441,ἐκινδύνευον,1,7.269872195646801e-06
9442,διήγειραν,1,7.269872195646801e-06
9443,φοβηθέντες,1,7.269872195646801e-06
9444,κατέπλευσαν,1,7.269872195646801e-06
9445,ἀντιπέρα,1,7.269872195646801e-06
9446,ἐξελθόντι,1,7.269872195646801e-06
9447,ἐνεδύσατο,1,7.269872195646801e-06
9448,ἀνακράξας,1,7.269872195646801e-06
9449,παρήγγελλε(ν),1,7.269872195646801e-06
9450,χρόνοις,1,7.269872195646801e-06
9451,συνηρπάκει,1,7.269872195646801e-06
9452,ἐδεσμεύετο,1,7.269872195646801e-06
9453,φυλασσόμενος,1,7.269872195646801e-06
9454,διαρρήσσων,1,7.269872195646801e-06
9455,ἠλαύνετο,1,7.269872195646801e-06
9456,ἐρήμους,1,7.269872195646801e-06
9457,ἐπιτάξῃ,1,7.269872195646801e-06
9458,ἀπεπνίγη,1,7.269872195646801e-06
9459,συνείχοντο,1,7.269872195646801e-06
9460,ἐδεῖτο,1,7.269872195646801e-06
9461,ὑπόστρεφε,1,7.269872195646801e-06
9462,διηγοῦ,1,7.269872195646801e-06
9463,ἀπεδέξατο,1,7.269872195646801e-06
9464,ἀπέθνῃσκε(ν),1,7.269872195646801e-06
9465,συνέπνιγον,1,7.269872195646801e-06
9466,ἰατροῖς,1,7.269872195646801e-06
9467,προσαναλώσασα,1,7.269872195646801e-06
9468,θεραπευθῆναι,1,7.269872195646801e-06
9469,ῥύσις,1,7.269872195646801e-06
9470,ἀρνουμένων,1,7.269872195646801e-06
9471,συνέχουσι(ν),1,7.269872195646801e-06
9472,ἀποθλίβουσι(ν),1,7.269872195646801e-06
9473,ἐξεληλυθυῖαν,1,7.269872195646801e-06
9474,ἔλαθε(ν),1,7.269872195646801e-06
9475,προσπεσοῦσα,1,7.269872195646801e-06
9476,σκύλλε,1,7.269872195646801e-06
9477,αἴρετε,1,7.269872195646801e-06
9478,ἀποτινάσσετε,1,7.269872195646801e-06
9479,θεραπεύοντες,1,7.269872195646801e-06
9480,ὑπεχώρησε(ν),1,7.269872195646801e-06
9481,ἀποδεξάμενος,1,7.269872195646801e-06
9482,κλίνειν,1,7.269872195646801e-06
9483,καταλύσωσι(ν),1,7.269872195646801e-06
9484,ἐπισιτισμόν,1,7.269872195646801e-06
9485,ἰχθύες,1,7.269872195646801e-06
9486,κατακλίνατε,1,7.269872195646801e-06
9487,κλισίας,1,7.269872195646801e-06
9488,κατέκλιναν,1,7.269872195646801e-06
9489,παραθεῖναι,1,7.269872195646801e-06
9490,περισσεῦσαν,1,7.269872195646801e-06
9491,κόφινοι,1,7.269872195646801e-06
9492,συνῆσαν,1,7.269872195646801e-06
9493,ἐπιτιμήσας,1,7.269872195646801e-06
9494,ἀρνησάσθω,1,7.269872195646801e-06
9495,ὠφελεῖται,1,7.269872195646801e-06
9496,κερδήσας,1,7.269872195646801e-06
9497,ζημιωθείς,1,7.269872195646801e-06
9498,ἱματισμός,1,7.269872195646801e-06
9499,ἐξαστράπτων,1,7.269872195646801e-06
9500,ὀφθέντες,1,7.269872195646801e-06
9501,πληροῦν,1,7.269872195646801e-06
9502,διαγρηγορήσαντες,1,7.269872195646801e-06
9503,συνεστῶτας,1,7.269872195646801e-06
9504,διαχωρίζεσθαι,1,7.269872195646801e-06
9505,ἐπεσκίαζε(ν),1,7.269872195646801e-06
9506,ἐκλελεγμένος,1,7.269872195646801e-06
9507,ἑώρακαν,1,7.269872195646801e-06
9508,κατελθόντων,1,7.269872195646801e-06
9509,ἐπιβλέψαι,1,7.269872195646801e-06
9510,σπαράσσει,1,7.269872195646801e-06
9511,ἀφροῦ,1,7.269872195646801e-06
9512,μόγις,1,7.269872195646801e-06
9513,ἀποχωρεῖ,1,7.269872195646801e-06
9514,συντρῖβον,1,7.269872195646801e-06
9515,προσάγαγε,1,7.269872195646801e-06
9516,ἔρρηξε(ν),1,7.269872195646801e-06
9517,μεγαλειότητι,1,7.269872195646801e-06
9518,θέσθε,1,7.269872195646801e-06
9519,παρακεκαλυμμένον,1,7.269872195646801e-06
9520,αἴσθωνται,1,7.269872195646801e-06
9521,διαλογισμός,1,7.269872195646801e-06
9522,διαλογισμόν,1,7.269872195646801e-06
9523,ἀναλήμψεως,1,7.269872195646801e-06
9524,ἐστήρισε(ν),1,7.269872195646801e-06
9525,ἀναλῶσαι,1,7.269872195646801e-06
9526,ἀπελθόντι,1,7.269872195646801e-06
9527,διάγγελλε,1,7.269872195646801e-06
9528,ἀποτάξασθαι,1,7.269872195646801e-06
9529,ἄροτρον,1,7.269872195646801e-06
9530,εὔθετος,1,7.269872195646801e-06
9531,ἀνέδειξε(ν),1,7.269872195646801e-06
9532,ἄρνας,1,7.269872195646801e-06
9533,ἐπαναπαήσεται,1,7.269872195646801e-06
9534,ἀνακάμψει,1,7.269872195646801e-06
9535,μεταβαίνετε,1,7.269872195646801e-06
9536,εἰσέρχησθε,1,7.269872195646801e-06
9537,παρατιθέμενα,1,7.269872195646801e-06
9538,κολληθέντα,1,7.269872195646801e-06
9539,ἀπομασσόμεθα,1,7.269872195646801e-06
9540,καταβιβασθήσῃ,1,7.269872195646801e-06
9541,ἀστραπήν,1,7.269872195646801e-06
9542,πεσόντα,1,7.269872195646801e-06
9543,πατεῖν,1,7.269872195646801e-06
9544,σκορπίων,1,7.269872195646801e-06
9545,ἐχθροῦ,1,7.269872195646801e-06
9546,ἀδικήσῃ,1,7.269872195646801e-06
9547,ἐγγέγραπται,1,7.269872195646801e-06
9548,ἀπέκρυψας,1,7.269872195646801e-06
9549,ἐκπειράζων,1,7.269872195646801e-06
9550,ἀπεκρίθης,1,7.269872195646801e-06
9551,δικαιῶσαι,1,7.269872195646801e-06
9552,ὑπολαβών,1,7.269872195646801e-06
9553,λῃσταῖς,1,7.269872195646801e-06
9554,περιέπεσε(ν),1,7.269872195646801e-06
9555,ἡμιθανῆ,1,7.269872195646801e-06
9556,συγκυρίαν,1,7.269872195646801e-06
9557,ὁδεύων,1,7.269872195646801e-06
9558,κατέδησε(ν),1,7.269872195646801e-06
9559,τραύματα,1,7.269872195646801e-06
9560,ἐπιχέων,1,7.269872195646801e-06
9561,ἐπιβιβάσας,1,7.269872195646801e-06
9562,κτῆνος,1,7.269872195646801e-06
9563,πανδοχεῖον,1,7.269872195646801e-06
9564,ἐπεμελήθη,1,7.269872195646801e-06
9565,πανδοχεῖ,1,7.269872195646801e-06
9566,ἐπιμελήθητι,1,7.269872195646801e-06
9567,προσδαπανήσῃς,1,7.269872195646801e-06
9568,ἐπανέρχεσθαι,1,7.269872195646801e-06
9569,ἐμπεσόντος,1,7.269872195646801e-06
9570,τῇδε,1,7.269872195646801e-06
9571,παρακαθεσθεῖσα,1,7.269872195646801e-06
9572,περιεσπᾶτο,1,7.269872195646801e-06
9573,μόνην,1,7.269872195646801e-06
9574,κατέλειπε(ν),1,7.269872195646801e-06
9575,συναντιλάβηται,1,7.269872195646801e-06
9576,μεριμνᾷς,1,7.269872195646801e-06
9577,θορυβάζῃ,1,7.269872195646801e-06
9578,ἀφαιρεθήσεται,1,7.269872195646801e-06
9579,δίδαξον,1,7.269872195646801e-06
9580,ἀφίομεν,1,7.269872195646801e-06
9581,ὀφείλοντι,1,7.269872195646801e-06
9582,πορεύσεται,1,7.269872195646801e-06
9583,χρῆσον,1,7.269872195646801e-06
9584,παραθήσω,1,7.269872195646801e-06
9585,κέκλεισται,1,7.269872195646801e-06
9586,ἀναίδειαν,1,7.269872195646801e-06
9587,ὅσων,1,7.269872195646801e-06
9588,χρῄζει,1,7.269872195646801e-06
9589,ᾠόν,1,7.269872195646801e-06
9590,σκορπίον,1,7.269872195646801e-06
9591,διανοήματα,1,7.269872195646801e-06
9592,διαμερισθεῖσα,1,7.269872195646801e-06
9593,διεμερίσθη,1,7.269872195646801e-06
9594,καθωπλισμένος,1,7.269872195646801e-06
9595,ἐπελθών,1,7.269872195646801e-06
9596,ἐπεποίθει,1,7.269872195646801e-06
9597,σκῦλα,1,7.269872195646801e-06
9598,διαδίδωσι(ν),1,7.269872195646801e-06
9599,εὑρίσκον,1,7.269872195646801e-06
9600,ὑποστρέψω,1,7.269872195646801e-06
9601,ἐπάρασα,1,7.269872195646801e-06
9602,βαστάσασα,1,7.269872195646801e-06
9603,ἐθήλασας,1,7.269872195646801e-06
9604,μενοῦν,1,7.269872195646801e-06
9605,ὄχλων,1,7.269872195646801e-06
9606,ἐπαθροιζομένων,1,7.269872195646801e-06
9607,Νινευίταις,1,7.269872195646801e-06
9608,κρύπτην,1,7.269872195646801e-06
9609,σκόπει,1,7.269872195646801e-06
9610,ἀστραπῇ,1,7.269872195646801e-06
9611,φωτίζῃ,1,7.269872195646801e-06
9612,ἀριστήσῃ,1,7.269872195646801e-06
9613,ἀρίστου,1,7.269872195646801e-06
9614,πίνακος,1,7.269872195646801e-06
9615,ἐνόντα,1,7.269872195646801e-06
9616,πήγανον,1,7.269872195646801e-06
9617,λάχανον,1,7.269872195646801e-06
9618,παρέρχεσθε,1,7.269872195646801e-06
9619,πρωτοκαθεδρίαν,1,7.269872195646801e-06
9620,ἄδηλα,1,7.269872195646801e-06
9621,νομικῶν,1,7.269872195646801e-06
9622,ὑβρίζεις,1,7.269872195646801e-06
9623,φορτίζετε,1,7.269872195646801e-06
9624,δυσβάστακτα,1,7.269872195646801e-06
9625,δακτύλων,1,7.269872195646801e-06
9626,προσψαύετε,1,7.269872195646801e-06
9627,φορτίοις,1,7.269872195646801e-06
9628,συνευδοκεῖτε,1,7.269872195646801e-06
9629,ἀποστελῶ,1,7.269872195646801e-06
9630,ἐκζητηθῇ,1,7.269872195646801e-06
9631,ἐκκεχυμένον,1,7.269872195646801e-06
9632,ἀπολομένου,1,7.269872195646801e-06
9633,ἐκζητηθήσεται,1,7.269872195646801e-06
9634,κλεῖδα,1,7.269872195646801e-06
9635,εἰσήλθατε,1,7.269872195646801e-06
9636,ἐκωλύσατε,1,7.269872195646801e-06
9637,ἐνέχειν,1,7.269872195646801e-06
9638,ἀποστοματίζειν,1,7.269872195646801e-06
9639,ἐνεδρεύοντες,1,7.269872195646801e-06
9640,θηρεῦσαι,1,7.269872195646801e-06
9641,ἐπισυναχθεισῶν,1,7.269872195646801e-06
9642,καταπατεῖν,1,7.269872195646801e-06
9643,ὑπόκρισις,1,7.269872195646801e-06
9644,συγκεκαλυμμένον,1,7.269872195646801e-06
9645,ἀκουσθήσεται,1,7.269872195646801e-06
9646,ἐλαλήσατε,1,7.269872195646801e-06
9647,φίλοις,1,7.269872195646801e-06
9648,ἀποκτεινόντων,1,7.269872195646801e-06
9649,ἐμβαλεῖν,1,7.269872195646801e-06
9650,πωλοῦνται,1,7.269872195646801e-06
9651,ἀσσαρίων,1,7.269872195646801e-06
9652,ἐπιλελησμένον,1,7.269872195646801e-06
9653,ἠρίθμηνται,1,7.269872195646801e-06
9654,ἀρνησάμενος,1,7.269872195646801e-06
9655,ἀπαρνηθήσεται,1,7.269872195646801e-06
9656,βλασφημήσαντι,1,7.269872195646801e-06
9657,εἰσφέρωσι(ν),1,7.269872195646801e-06
9658,ἀπολογήσησθε,1,7.269872195646801e-06
9659,μερίσασθαι,1,7.269872195646801e-06
9660,μεριστήν,1,7.269872195646801e-06
9661,εὐφόρησε(ν),1,7.269872195646801e-06
9662,καθελῶ,1,7.269872195646801e-06
9663,μείζονας,1,7.269872195646801e-06
9664,ἀναπαύου,1,7.269872195646801e-06
9665,πίε,1,7.269872195646801e-06
9666,ἀπαιτοῦσι(ν),1,7.269872195646801e-06
9667,κόρακας,1,7.269872195646801e-06
9668,ἀποθήκη,1,7.269872195646801e-06
9669,αὐξάνει,1,7.269872195646801e-06
9670,κοπιᾷ,1,7.269872195646801e-06
9671,νήθει,1,7.269872195646801e-06
9672,ἀμφιέζει,1,7.269872195646801e-06
9673,μετεωρίζεσθε,1,7.269872195646801e-06
9674,πωλήσατε,1,7.269872195646801e-06
9675,βαλλάντια,1,7.269872195646801e-06
9676,παλαιούμενα,1,7.269872195646801e-06
9677,ἀνέκλειπτον,1,7.269872195646801e-06
9678,διαφθείρει,1,7.269872195646801e-06
9679,ὀσφύες,1,7.269872195646801e-06
9680,περιεζωσμέναι,1,7.269872195646801e-06
9681,λύχνοι,1,7.269872195646801e-06
9682,καιόμενοι,1,7.269872195646801e-06
9683,ἀναλύσῃ,1,7.269872195646801e-06
9684,γάμων,1,7.269872195646801e-06
9685,ἀνοίξωσι(ν),1,7.269872195646801e-06
9686,γρηγοροῦντας,1,7.269872195646801e-06
9687,περιζώσεται,1,7.269872195646801e-06
9688,ἀνακλινεῖ,1,7.269872195646801e-06
9689,διακονήσει,1,7.269872195646801e-06
9690,δευτέρᾳ,1,7.269872195646801e-06
9691,σιτομέτριον,1,7.269872195646801e-06
9692,παιδίσκας,1,7.269872195646801e-06
9693,μεθύσκεσθαι,1,7.269872195646801e-06
9694,ἑτοιμάσας,1,7.269872195646801e-06
9695,ζητηθήσεται,1,7.269872195646801e-06
9696,αἰτήσουσι(ν),1,7.269872195646801e-06
9697,ἀνήφθη,1,7.269872195646801e-06
9698,διαμερισμόν,1,7.269872195646801e-06
9699,διαμεμερισμένοι,1,7.269872195646801e-06
9700,διαμερισθήσονται,1,7.269872195646801e-06
9701,ἀνατέλλουσαν,1,7.269872195646801e-06
9702,ὄμβρος,1,7.269872195646801e-06
9703,νότον,1,7.269872195646801e-06
9704,πνέοντα,1,7.269872195646801e-06
9705,καύσων,1,7.269872195646801e-06
9706,ἀπηλλάχθαι,1,7.269872195646801e-06
9707,κατασύρῃ,1,7.269872195646801e-06
9708,πράκτορι,1,7.269872195646801e-06
9709,πράκτωρ,1,7.269872195646801e-06
9710,βαλεῖ,1,7.269872195646801e-06
9711,λεπτόν,1,7.269872195646801e-06
9712,ἀπαγγέλλοντες,1,7.269872195646801e-06
9713,Γαλιλαίων,1,7.269872195646801e-06
9714,ἔμιξε(ν),1,7.269872195646801e-06
9715,Γαλιλαίους,1,7.269872195646801e-06
9716,πεπόνθασι(ν),1,7.269872195646801e-06
9717,πύργος,1,7.269872195646801e-06
9718,πεφυτευμένην,1,7.269872195646801e-06
9719,ἀμπελουργόν,1,7.269872195646801e-06
9720,συκῇ,1,7.269872195646801e-06
9721,καταργεῖ,1,7.269872195646801e-06
9722,σκάψω,1,7.269872195646801e-06
9723,κόπρια,1,7.269872195646801e-06
9724,ἐκκόψεις,1,7.269872195646801e-06
9725,συναγωγῶν,1,7.269872195646801e-06
9726,συγκύπτουσα,1,7.269872195646801e-06
9727,δυναμένη,1,7.269872195646801e-06
9728,ἀνακύψαι,1,7.269872195646801e-06
9729,ἀπολέλυσαι,1,7.269872195646801e-06
9730,ἀνωρθώθη,1,7.269872195646801e-06
9731,ἀγανακτῶν,1,7.269872195646801e-06
9732,θεραπεύεσθε,1,7.269872195646801e-06
9733,λύει,1,7.269872195646801e-06
9734,φάτνης,1,7.269872195646801e-06
9735,ἀπαγαγών,1,7.269872195646801e-06
9736,ποτίζει,1,7.269872195646801e-06
9737,δεσμοῦ,1,7.269872195646801e-06
9738,κατῃσχύνοντο,1,7.269872195646801e-06
9739,ἔχαιρε(ν),1,7.269872195646801e-06
9740,ἐνδόξοις,1,7.269872195646801e-06
9741,γινομένοις,1,7.269872195646801e-06
9742,κῆπον,1,7.269872195646801e-06
9743,κατεσκήνωσε(ν),1,7.269872195646801e-06
9744,διεπορεύετο,1,7.269872195646801e-06
9745,πορείαν,1,7.269872195646801e-06
9746,σῳζόμενοι,1,7.269872195646801e-06
9747,ἀγωνίζεσθε,1,7.269872195646801e-06
9748,ἰσχύσουσι(ν),1,7.269872195646801e-06
9749,ἀποκλείσῃ,1,7.269872195646801e-06
9750,κρούειν,1,7.269872195646801e-06
9751,ἄρξεσθε,1,7.269872195646801e-06
9752,ἐπίομεν,1,7.269872195646801e-06
9753,ἐδίδαξας,1,7.269872195646801e-06
9754,ὄψησθε,1,7.269872195646801e-06
9755,ἐκβαλλομένους,1,7.269872195646801e-06
9756,ἀλώπεκι,1,7.269872195646801e-06
9757,ἰάσεις,1,7.269872195646801e-06
9758,ἀποτελῶ,1,7.269872195646801e-06
9759,τελειοῦμαι,1,7.269872195646801e-06
9760,ἐνδέχεται,1,7.269872195646801e-06
9761,ἐπισυνάξαι,1,7.269872195646801e-06
9762,νοσσιάν,1,7.269872195646801e-06
9763,παρατηρούμενοι,1,7.269872195646801e-06
9764,ὑδρωπικός,1,7.269872195646801e-06
9765,νομικούς,1,7.269872195646801e-06
9766,βοῦς,1,7.269872195646801e-06
9767,ἀνασπάσει,1,7.269872195646801e-06
9768,ἀνταποκριθῆναι,1,7.269872195646801e-06
9769,ἐπέχων,1,7.269872195646801e-06
9770,ἐξελέγοντο,1,7.269872195646801e-06
9771,κατακλιθῇς,1,7.269872195646801e-06
9772,ἐντιμότερος,1,7.269872195646801e-06
9773,κεκλημένος,1,7.269872195646801e-06
9774,ἄρξῃ,1,7.269872195646801e-06
9775,κεκληκώς,1,7.269872195646801e-06
9776,προσανάβηθι,1,7.269872195646801e-06
9777,κεκληκότι,1,7.269872195646801e-06
9778,φώνει,1,7.269872195646801e-06
9779,ἀντικαλέσωσι(ν),1,7.269872195646801e-06
9780,κάλει,1,7.269872195646801e-06
9781,παραιτεῖσθαι,1,7.269872195646801e-06
9782,ζεύγη,1,7.269872195646801e-06
9783,δοκιμάσαι,1,7.269872195646801e-06
9784,ἔγημα,1,7.269872195646801e-06
9785,ῥύμας,1,7.269872195646801e-06
9786,εἰσάγαγε,1,7.269872195646801e-06
9787,ἐπέταξας,1,7.269872195646801e-06
9788,φραγμούς,1,7.269872195646801e-06
9789,ἀνάγκασον,1,7.269872195646801e-06
9790,γεμισθῇ,1,7.269872195646801e-06
9791,κεκλημένων,1,7.269872195646801e-06
9792,γεύσεται,1,7.269872195646801e-06
9793,βαστάζει,1,7.269872195646801e-06
9794,ψηφίζει,1,7.269872195646801e-06
9795,δαπάνην,1,7.269872195646801e-06
9796,ἀπαρτισμόν,1,7.269872195646801e-06
9797,θέντος,1,7.269872195646801e-06
9798,ἰσχύοντος,1,7.269872195646801e-06
9799,ἄρξωνται,1,7.269872195646801e-06
9800,ἐμπαίζειν,1,7.269872195646801e-06
9801,οἰκοδομεῖν,1,7.269872195646801e-06
9802,συμβαλεῖν,1,7.269872195646801e-06
9803,βουλεύσεται,1,7.269872195646801e-06
9804,χιλιάσι(ν),1,7.269872195646801e-06
9805,ἀποτάσσεται,1,7.269872195646801e-06
9806,ἀρτυθήσεται,1,7.269872195646801e-06
9807,κοπρίαν,1,7.269872195646801e-06
9808,ἐγγίζοντες,1,7.269872195646801e-06
9809,προσδέχεται,1,7.269872195646801e-06
9810,συνεσθίει,1,7.269872195646801e-06
9811,καταλείπει,1,7.269872195646801e-06
9812,ἐπιτίθησι(ν),1,7.269872195646801e-06
9813,δικαίοις,1,7.269872195646801e-06
9814,δραχμάς,1,7.269872195646801e-06
9815,ἅπτει,1,7.269872195646801e-06
9816,σαροῖ,1,7.269872195646801e-06
9817,ἐπιμελῶς,1,7.269872195646801e-06
9818,εὑροῦσα,1,7.269872195646801e-06
9819,φίλας,1,7.269872195646801e-06
9820,ἐπιβάλλον,1,7.269872195646801e-06
9821,οὐσίας,1,7.269872195646801e-06
9822,διεῖλε(ν),1,7.269872195646801e-06
9823,οὐσίαν,1,7.269872195646801e-06
9824,ἀσώτως,1,7.269872195646801e-06
9825,δαπανήσαντος,1,7.269872195646801e-06
9826,ἐκολλήθη,1,7.269872195646801e-06
9827,πολιτῶν,1,7.269872195646801e-06
9828,βόσκειν,1,7.269872195646801e-06
9829,ἐπεθύμει,1,7.269872195646801e-06
9830,γεμίσαι,1,7.269872195646801e-06
9831,κερατίων,1,7.269872195646801e-06
9832,χοῖροι,1,7.269872195646801e-06
9833,πόσοι,1,7.269872195646801e-06
9834,μίσθιοι,1,7.269872195646801e-06
9835,περισσεύονται,1,7.269872195646801e-06
9836,ἀπόλλυμαι,1,7.269872195646801e-06
9837,μισθίων,1,7.269872195646801e-06
9838,ἐξενέγκατε,1,7.269872195646801e-06
9839,ἐνδύσατε,1,7.269872195646801e-06
9840,δακτύλιον,1,7.269872195646801e-06
9841,θύσατε,1,7.269872195646801e-06
9842,εὐφρανθῶμεν,1,7.269872195646801e-06
9843,εὐφραίνεσθαι,1,7.269872195646801e-06
9844,συμφωνίας,1,7.269872195646801e-06
9845,χορῶν,1,7.269872195646801e-06
9846,παίδων,1,7.269872195646801e-06
9847,ἔθυσε(ν),1,7.269872195646801e-06
9848,ἀπέλαβε(ν),1,7.269872195646801e-06
9849,παρῆλθον,1,7.269872195646801e-06
9850,ἔριφον,1,7.269872195646801e-06
9851,εὐφρανθῶ,1,7.269872195646801e-06
9852,καταφαγών,1,7.269872195646801e-06
9853,ἔθυσας,1,7.269872195646801e-06
9854,εὐφρανθῆναι,1,7.269872195646801e-06
9855,διεβλήθη,1,7.269872195646801e-06
9856,διασκορπίζων,1,7.269872195646801e-06
9857,οἰκονομεῖν,1,7.269872195646801e-06
9858,ἀφαιρεῖται,1,7.269872195646801e-06
9859,σκάπτειν,1,7.269872195646801e-06
9860,ἐπαιτεῖν,1,7.269872195646801e-06
9861,αἰσχύνομαι,1,7.269872195646801e-06
9862,μετασταθῶ,1,7.269872195646801e-06
9863,χρεοφειλετῶν,1,7.269872195646801e-06
9864,βάτους,1,7.269872195646801e-06
9865,κόρους,1,7.269872195646801e-06
9866,ἐπῄνεσε(ν),1,7.269872195646801e-06
9867,φρονίμως,1,7.269872195646801e-06
9868,φρονιμώτεροι,1,7.269872195646801e-06
9869,μαμωνᾶ,1,7.269872195646801e-06
9870,αἰωνίους,1,7.269872195646801e-06
9871,ἀδίκῳ,1,7.269872195646801e-06
9872,πιστεύσει,1,7.269872195646801e-06
9873,οἰκέτης,1,7.269872195646801e-06
9874,δικαιοῦντες,1,7.269872195646801e-06
9875,κεραίαν,1,7.269872195646801e-06
9876,πεσεῖν,1,7.269872195646801e-06
9877,ἐνεδιδύσκετο,1,7.269872195646801e-06
9878,βύσσον,1,7.269872195646801e-06
9879,εὐφραινόμενος,1,7.269872195646801e-06
9880,λαμπρῶς,1,7.269872195646801e-06
9881,ἐβέβλητο,1,7.269872195646801e-06
9882,εἱλκωμένος,1,7.269872195646801e-06
9883,ἐπιθυμῶν,1,7.269872195646801e-06
9884,ἐπέλειχον,1,7.269872195646801e-06
9885,ἕλκη,1,7.269872195646801e-06
9886,ἀπενεχθῆναι,1,7.269872195646801e-06
9887,ᾅδῃ,1,7.269872195646801e-06
9888,ὁρᾷ,1,7.269872195646801e-06
9889,κόλποις,1,7.269872195646801e-06
9890,βάψῃ,1,7.269872195646801e-06
9891,δακτύλου,1,7.269872195646801e-06
9892,καταψύξῃ,1,7.269872195646801e-06
9893,ὀδυνῶμαι,1,7.269872195646801e-06
9894,ἀπέλαβες,1,7.269872195646801e-06
9895,παρακαλεῖται,1,7.269872195646801e-06
9896,ὀδυνᾶσαι,1,7.269872195646801e-06
9897,χάσμα,1,7.269872195646801e-06
9898,ἐστήρικται,1,7.269872195646801e-06
9899,διαβῆναι,1,7.269872195646801e-06
9900,δύνωνται,1,7.269872195646801e-06
9901,διαπερῶσι(ν),1,7.269872195646801e-06
9902,πέμψῃς,1,7.269872195646801e-06
9903,διαμαρτύρηται,1,7.269872195646801e-06
9904,βασάνου,1,7.269872195646801e-06
9905,Μωϋσέα,1,7.269872195646801e-06
9906,ἀκουσάτωσαν,1,7.269872195646801e-06
9907,πορευθῇ,1,7.269872195646801e-06
9908,μετανοήσουσι(ν),1,7.269872195646801e-06
9909,πεισθήσονται,1,7.269872195646801e-06
9910,ἀνένδεκτον,1,7.269872195646801e-06
9911,λυσιτελεῖ,1,7.269872195646801e-06
9912,μυλικός,1,7.269872195646801e-06
9913,ἔρριπται,1,7.269872195646801e-06
9914,μετανοῶ,1,7.269872195646801e-06
9915,ἀφήσεις,1,7.269872195646801e-06
9916,πρόσθες,1,7.269872195646801e-06
9917,ἐλέγετε,1,7.269872195646801e-06
9918,συκαμίνῳ,1,7.269872195646801e-06
9919,ἐκριζώθητι,1,7.269872195646801e-06
9920,φυτεύθητι,1,7.269872195646801e-06
9921,ἀροτριῶντα,1,7.269872195646801e-06
9922,ποιμαίνοντα,1,7.269872195646801e-06
9923,εἰσελθόντι,1,7.269872195646801e-06
9924,ἑτοίμασον,1,7.269872195646801e-06
9925,περιζωσάμενος,1,7.269872195646801e-06
9926,διακόνει,1,7.269872195646801e-06
9927,φάγεσαι,1,7.269872195646801e-06
9928,πίεσαι,1,7.269872195646801e-06
9929,ποιήσητε,1,7.269872195646801e-06
9930,ἀχρεῖοι,1,7.269872195646801e-06
9931,ὠφείλομεν,1,7.269872195646801e-06
9932,πεποιήκαμεν,1,7.269872195646801e-06
9933,εἰσερχομένου,1,7.269872195646801e-06
9934,ἀπήντησαν,1,7.269872195646801e-06
9935,ἀλλογενής,1,7.269872195646801e-06
9936,ἐπερωτηθείς,1,7.269872195646801e-06
9937,παρατηρήσεως,1,7.269872195646801e-06
9938,ἐπιθυμήσετε,1,7.269872195646801e-06
9939,διώξητε,1,7.269872195646801e-06
9940,ἀστράπτουσα,1,7.269872195646801e-06
9941,ἐγάμουν,1,7.269872195646801e-06
9942,ἐγαμίζοντο,1,7.269872195646801e-06
9943,ἠγόραζον,1,7.269872195646801e-06
9944,ἐπώλουν,1,7.269872195646801e-06
9945,ἐφύτευον,1,7.269872195646801e-06
9946,ᾠκοδόμουν,1,7.269872195646801e-06
9947,ζητήσῃ,1,7.269872195646801e-06
9948,περιποιήσασθαι,1,7.269872195646801e-06
9949,ζῳογονήσει,1,7.269872195646801e-06
9950,ἐπισυναχθήσονται,1,7.269872195646801e-06
9951,ἐντρεπόμενος,1,7.269872195646801e-06
9952,ἐκδίκησον,1,7.269872195646801e-06
9953,ἐντρέπομαι,1,7.269872195646801e-06
9954,παρέχειν,1,7.269872195646801e-06
9955,ἐκδικήσω,1,7.269872195646801e-06
9956,ὑπωπιάζῃ,1,7.269872195646801e-06
9957,βοώντων,1,7.269872195646801e-06
9958,ἐξουθενοῦντας,1,7.269872195646801e-06
9959,νηστεύω,1,7.269872195646801e-06
9960,ἀποδεκατῶ,1,7.269872195646801e-06
9961,κτῶμαι,1,7.269872195646801e-06
9962,ἐπᾶραι,1,7.269872195646801e-06
9963,ἔτυπτε(ν),1,7.269872195646801e-06
9964,ἱλάσθητι,1,7.269872195646801e-06
9965,δεδικαιωμένος,1,7.269872195646801e-06
9966,ἅπτηται,1,7.269872195646801e-06
9967,προσεκαλέσατο,1,7.269872195646801e-06
9968,λείπει,1,7.269872195646801e-06
9969,διάδος,1,7.269872195646801e-06
9970,τρήματος,1,7.269872195646801e-06
9971,βελόνης,1,7.269872195646801e-06
9972,ἀδύνατα,1,7.269872195646801e-06
9973,ἀπολάβῃ,1,7.269872195646801e-06
9974,πολλαπλασίονα,1,7.269872195646801e-06
9975,τελεσθήσεται,1,7.269872195646801e-06
9976,ἐμπαιχθήσεται,1,7.269872195646801e-06
9977,ὑβρισθήσεται,1,7.269872195646801e-06
9978,ἐμπτυσθήσεται,1,7.269872195646801e-06
9979,μαστιγώσαντες,1,7.269872195646801e-06
9980,κεκρυμμένον,1,7.269872195646801e-06
9981,ἐγίνωσκον,1,7.269872195646801e-06
9982,λεγόμενα,1,7.269872195646801e-06
9983,ἐπαιτῶν,1,7.269872195646801e-06
9984,διαπορευομένου,1,7.269872195646801e-06
9985,παρέρχεται,1,7.269872195646801e-06
9986,σιγήσῃ,1,7.269872195646801e-06
9987,ἐγγίσαντος,1,7.269872195646801e-06
9988,ἀρχιτελώνης,1,7.269872195646801e-06
9989,μικρός,1,7.269872195646801e-06
9990,προδραμών,1,7.269872195646801e-06
9991,συκομορέαν,1,7.269872195646801e-06
9992,Ζακχαῖε,1,7.269872195646801e-06
9993,ἡμίσια,1,7.269872195646801e-06
9994,ἐσυκοφάντησα,1,7.269872195646801e-06
9995,ἀποδίδωμι,1,7.269872195646801e-06
9996,τετραπλοῦν,1,7.269872195646801e-06
9997,ζητῆσαι,1,7.269872195646801e-06
9998,προσθείς,1,7.269872195646801e-06
9999,δοκεῖν,1,7.269872195646801e-06
10000,ἀναφαίνεσθαι,1,7.269872195646801e-06
10001,εὐγενής,1,7.269872195646801e-06
10002,πραγματεύσασθε,1,7.269872195646801e-06
10003,πολῖται,1,7.269872195646801e-06
10004,ἐμίσουν,1,7.269872195646801e-06
10005,ἐπανελθεῖν,1,7.269872195646801e-06
10006,λαβόντα,1,7.269872195646801e-06
10007,φωνηθῆναι,1,7.269872195646801e-06
10008,διεπραγματεύσαντο,1,7.269872195646801e-06
10009,προσηργάσατο,1,7.269872195646801e-06
10010,εὖγε,1,7.269872195646801e-06
10011,ἐφοβούμην,1,7.269872195646801e-06
10012,θερίζεις,1,7.269872195646801e-06
10013,ἔπραξα,1,7.269872195646801e-06
10014,μνᾶν,1,7.269872195646801e-06
10015,θελήσαντας,1,7.269872195646801e-06
10016,κατασφάξατε,1,7.269872195646801e-06
10017,λυόντων,1,7.269872195646801e-06
10018,ἐπεβίβασαν,1,7.269872195646801e-06
10019,ὑπεστρώννυον,1,7.269872195646801e-06
10020,ἐγγίζοντος,1,7.269872195646801e-06
10021,καταβάσει,1,7.269872195646801e-06
10022,αἰνεῖν,1,7.269872195646801e-06
10023,σιωπήσουσι(ν),1,7.269872195646801e-06
10024,κράξουσι(ν),1,7.269872195646801e-06
10025,παρεμβαλοῦσι(ν),1,7.269872195646801e-06
10026,χάρακα,1,7.269872195646801e-06
10027,περικυκλώσουσι(ν),1,7.269872195646801e-06
10028,συνέξουσι(ν),1,7.269872195646801e-06
10029,ἐδαφιοῦσι(ν),1,7.269872195646801e-06
10030,ἀφήσουσι(ν),1,7.269872195646801e-06
10031,εὕρισκον,1,7.269872195646801e-06
10032,ἐξεκρέματο,1,7.269872195646801e-06
10033,διδάσκοντος,1,7.269872195646801e-06
10034,εὐαγγελιζομένου,1,7.269872195646801e-06
10035,συνελογίσαντο,1,7.269872195646801e-06
10036,καταλιθάσει,1,7.269872195646801e-06
10037,πεπεισμένος,1,7.269872195646801e-06
10038,ἀτιμάσαντες,1,7.269872195646801e-06
10039,τραυματίσαντες,1,7.269872195646801e-06
10040,ἴσως,1,7.269872195646801e-06
10041,ἐζήτησαν,1,7.269872195646801e-06
10042,ἐπιβαλεῖν,1,7.269872195646801e-06
10043,παρατηρήσαντες,1,7.269872195646801e-06
10044,ἐγκαθέτους,1,7.269872195646801e-06
10045,ὑποκρινομένους,1,7.269872195646801e-06
10046,λαμβάνεις,1,7.269872195646801e-06
10047,κατανοήσας,1,7.269872195646801e-06
10048,πανουργίαν,1,7.269872195646801e-06
10049,δείξατε,1,7.269872195646801e-06
10050,ἐπιγραφήν,1,7.269872195646801e-06
10051,ἐπιλαβέσθαι,1,7.269872195646801e-06
10052,θαυμάσαντες,1,7.269872195646801e-06
10053,ἀποκρίσει,1,7.269872195646801e-06
10054,ἀντιλέγοντες,1,7.269872195646801e-06
10055,γαμίσκονται,1,7.269872195646801e-06
10056,καταξιωθέντες,1,7.269872195646801e-06
10057,ἰσάγγελοι,1,7.269872195646801e-06
10058,ἐμήνυσε(ν),1,7.269872195646801e-06
10059,ἐτόλμων,1,7.269872195646801e-06
10060,ἐπερωτᾶν,1,7.269872195646801e-06
10061,φιλούντων,1,7.269872195646801e-06
10062,κατεσθίουσι(ν),1,7.269872195646801e-06
10063,προσεύχονται,1,7.269872195646801e-06
10064,πενιχράν,1,7.269872195646801e-06
10065,βάλλουσαν,1,7.269872195646801e-06
10066,ὑστερήματος,1,7.269872195646801e-06
10067,ἀναθήμασι(ν),1,7.269872195646801e-06
10068,κεκόσμηται,1,7.269872195646801e-06
10069,πλανηθῆτε,1,7.269872195646801e-06
10070,πορευθῆτε,1,7.269872195646801e-06
10071,πτοηθῆτε,1,7.269872195646801e-06
10072,λοιμοί,1,7.269872195646801e-06
10073,φόβητρα,1,7.269872195646801e-06
10074,ἐπιβαλοῦσι(ν),1,7.269872195646801e-06
10075,ἀπαγομένους,1,7.269872195646801e-06
10076,θέτε,1,7.269872195646801e-06
10077,προμελετᾶν,1,7.269872195646801e-06
10078,ἀπολογηθῆναι,1,7.269872195646801e-06
10079,δυνήσονται,1,7.269872195646801e-06
10080,παραδοθήσεσθε,1,7.269872195646801e-06
10081,γονέων,1,7.269872195646801e-06
10082,κτήσασθε,1,7.269872195646801e-06
10083,κυκλουμένην,1,7.269872195646801e-06
10084,στρατοπέδων,1,7.269872195646801e-06
10085,ἐρήμωσις,1,7.269872195646801e-06
10086,ἐκχωρείτωσαν,1,7.269872195646801e-06
10087,χώραις,1,7.269872195646801e-06
10088,εἰσερχέσθωσαν,1,7.269872195646801e-06
10089,ἐκδικήσεως,1,7.269872195646801e-06
10090,πλησθῆναι,1,7.269872195646801e-06
10091,αἰχμαλωτισθήσονται,1,7.269872195646801e-06
10092,πατουμένη,1,7.269872195646801e-06
10093,σελήνῃ,1,7.269872195646801e-06
10094,ἄστροις,1,7.269872195646801e-06
10095,συνοχή,1,7.269872195646801e-06
10096,ἀπορίᾳ,1,7.269872195646801e-06
10097,ἤχους,1,7.269872195646801e-06
10098,σάλου,1,7.269872195646801e-06
10099,ἀποψυχόντων,1,7.269872195646801e-06
10100,ἐπερχομένων,1,7.269872195646801e-06
10101,ἀρχομένων,1,7.269872195646801e-06
10102,ἀνακύψατε,1,7.269872195646801e-06
10103,προβάλωσι(ν),1,7.269872195646801e-06
10104,βαρηθῶσι(ν),1,7.269872195646801e-06
10105,κραιπάλῃ,1,7.269872195646801e-06
10106,μέθῃ,1,7.269872195646801e-06
10107,μερίμναις,1,7.269872195646801e-06
10108,βιωτικαῖς,1,7.269872195646801e-06
10109,ἐπιστῇ,1,7.269872195646801e-06
10110,παγίς,1,7.269872195646801e-06
10111,ἐπεισελεύσεται,1,7.269872195646801e-06
10112,κατισχύσητε,1,7.269872195646801e-06
10113,ἐξερχόμενος,1,7.269872195646801e-06
10114,ηὐλίζετο,1,7.269872195646801e-06
10115,ὤρθριζε(ν),1,7.269872195646801e-06
10116,Ἰσκαριώτην,1,7.269872195646801e-06
10117,συνελάλησε(ν),1,7.269872195646801e-06
10118,ἐξωμολόγησε(ν),1,7.269872195646801e-06
10119,θύεσθαι,1,7.269872195646801e-06
10120,συναντήσει,1,7.269872195646801e-06
10121,διαμερίσατε,1,7.269872195646801e-06
10122,διδόμενον,1,7.269872195646801e-06
10123,παραδιδόντος,1,7.269872195646801e-06
10124,ὡρισμένον,1,7.269872195646801e-06
10125,φιλονεικία,1,7.269872195646801e-06
10126,κυριεύουσι(ν),1,7.269872195646801e-06
10127,ἐξουσιάζοντες,1,7.269872195646801e-06
10128,εὐεργέται,1,7.269872195646801e-06
10129,καλοῦνται,1,7.269872195646801e-06
10130,διαμεμενηκότες,1,7.269872195646801e-06
10131,διατίθεμαι,1,7.269872195646801e-06
10132,ἔσθητε,1,7.269872195646801e-06
10133,ἐξῃτήσατο,1,7.269872195646801e-06
10134,σινιάσαι,1,7.269872195646801e-06
10135,φωνήσει,1,7.269872195646801e-06
10136,βαλλαντίου,1,7.269872195646801e-06
10137,πήρας,1,7.269872195646801e-06
10138,ὑστερήσατε,1,7.269872195646801e-06
10139,πωλησάτω,1,7.269872195646801e-06
10140,ἀγορασάτω,1,7.269872195646801e-06
10141,τελεσθῆναι,1,7.269872195646801e-06
10142,μάχαιραι,1,7.269872195646801e-06
10143,ἀπεσπάσθη,1,7.269872195646801e-06
10144,βολήν,1,7.269872195646801e-06
10145,βούλει,1,7.269872195646801e-06
10146,ἐνισχύων,1,7.269872195646801e-06
10147,ἀγωνίᾳ,1,7.269872195646801e-06
10148,ἐκτενέστερον,1,7.269872195646801e-06
10149,ἱδρώς,1,7.269872195646801e-06
10150,θρόμβοι,1,7.269872195646801e-06
10151,καταβαίνοντες,1,7.269872195646801e-06
10152,κοιμωμένους,1,7.269872195646801e-06
10153,προήρχετο,1,7.269872195646801e-06
10154,φιλῆσαι,1,7.269872195646801e-06
10155,παραδίδως,1,7.269872195646801e-06
10156,ἐσόμενον,1,7.269872195646801e-06
10157,πατάξομεν,1,7.269872195646801e-06
10158,ἐᾶτε,1,7.269872195646801e-06
10159,ὠτίου,1,7.269872195646801e-06
10160,παραγενομένους,1,7.269872195646801e-06
10161,στρατηγούς,1,7.269872195646801e-06
10162,ἐξετείνατε,1,7.269872195646801e-06
10163,συλλαβόντες,1,7.269872195646801e-06
10164,περιαψάντων,1,7.269872195646801e-06
10165,συγκαθισάντων,1,7.269872195646801e-06
10166,ἀτενίσασα,1,7.269872195646801e-06
10167,διαστάσης,1,7.269872195646801e-06
10168,ἐνέβλεψε(ν),1,7.269872195646801e-06
10169,ὑπεμνήσθη,1,7.269872195646801e-06
10170,συνέχοντες,1,7.269872195646801e-06
10171,ἐνέπαιζον,1,7.269872195646801e-06
10172,περικαλύψαντες,1,7.269872195646801e-06
10173,ἀποκριθῆτε,1,7.269872195646801e-06
10174,ἀναστάν,1,7.269872195646801e-06
10175,εὕραμεν,1,7.269872195646801e-06
10176,διαστρέφοντα,1,7.269872195646801e-06
10177,κωλύοντα,1,7.269872195646801e-06
10178,ἐπίσχυον,1,7.269872195646801e-06
10179,ἀνασείει,1,7.269872195646801e-06
10180,ἤλπιζε(ν),1,7.269872195646801e-06
10181,ἱκανοῖς,1,7.269872195646801e-06
10182,κατηγοροῦντες,1,7.269872195646801e-06
10183,ἐξουθενήσας,1,7.269872195646801e-06
10184,στρατεύμασι(ν),1,7.269872195646801e-06
10185,ἐμπαίξας,1,7.269872195646801e-06
10186,περιβαλών,1,7.269872195646801e-06
10187,προϋπῆρχον,1,7.269872195646801e-06
10188,ἔχθρᾳ,1,7.269872195646801e-06
10189,ἀποστρέφοντα,1,7.269872195646801e-06
10190,κατηγορεῖτε,1,7.269872195646801e-06
10191,ἀνέκραγον,1,7.269872195646801e-06
10192,παμπληθεί,1,7.269872195646801e-06
10193,βληθείς,1,7.269872195646801e-06
10194,ἐπέκειντο,1,7.269872195646801e-06
10195,φωναῖς,1,7.269872195646801e-06
10196,μεγάλαις,1,7.269872195646801e-06
10197,κατίσχυον,1,7.269872195646801e-06
10198,ἐπέκρινε(ν),1,7.269872195646801e-06
10199,αἴτημα,1,7.269872195646801e-06
10200,ἐθρήνουν,1,7.269872195646801e-06
10201,μακάριαι,1,7.269872195646801e-06
10202,στεῖραι,1,7.269872195646801e-06
10203,κοιλίαι,1,7.269872195646801e-06
10204,ἐγέννησαν,1,7.269872195646801e-06
10205,ἔθρεψαν,1,7.269872195646801e-06
10206,ἄρξονται,1,7.269872195646801e-06
10207,βουνοῖς,1,7.269872195646801e-06
10208,καλύψατε,1,7.269872195646801e-06
10209,ὑγρῷ,1,7.269872195646801e-06
10210,ξύλῳ,1,7.269872195646801e-06
10211,ξηρῷ,1,7.269872195646801e-06
10212,ἤγοντο,1,7.269872195646801e-06
10213,κακοῦργοι,1,7.269872195646801e-06
10214,κρανίον,1,7.269872195646801e-06
10215,κακούργους,1,7.269872195646801e-06
10216,διαμεριζόμενοι,1,7.269872195646801e-06
10217,σωσάτω,1,7.269872195646801e-06
10218,προσφέροντες,1,7.269872195646801e-06
10219,κρεμασθέντων,1,7.269872195646801e-06
10220,κακούργων,1,7.269872195646801e-06
10221,ἐβλασφήμει,1,7.269872195646801e-06
10222,φοβῇ,1,7.269872195646801e-06
10223,ἐπράξαμεν,1,7.269872195646801e-06
10224,ἀπολαμβάνομεν,1,7.269872195646801e-06
10225,ἔλθῃς,1,7.269872195646801e-06
10226,ἐκλιπόντος,1,7.269872195646801e-06
10227,συμπαραγενόμενοι,1,7.269872195646801e-06
10228,θεωρίαν,1,7.269872195646801e-06
10229,θεωρήσαντες,1,7.269872195646801e-06
10230,γνωστοί,1,7.269872195646801e-06
10231,συνακολουθοῦσαι,1,7.269872195646801e-06
10232,ὁρῶσαι,1,7.269872195646801e-06
10233,συγκατατεθειμένος,1,7.269872195646801e-06
10234,πράξει,1,7.269872195646801e-06
10235,προσεδέχετο,1,7.269872195646801e-06
10236,λαξευτῷ,1,7.269872195646801e-06
10237,κείμενος,1,7.269872195646801e-06
10238,παρασκευῆς,1,7.269872195646801e-06
10239,ἐπέφωσκε(ν),1,7.269872195646801e-06
10240,κατακολουθήσασαι,1,7.269872195646801e-06
10241,συνεληλυθυῖαι,1,7.269872195646801e-06
10242,ἐτέθη,1,7.269872195646801e-06
10243,μύρα,1,7.269872195646801e-06
10244,ὄρθρου,1,7.269872195646801e-06
10245,βαθέως,1,7.269872195646801e-06
10246,φέρουσαι,1,7.269872195646801e-06
10247,ἀποκεκυλισμένον,1,7.269872195646801e-06
10248,ἀπορεῖσθαι,1,7.269872195646801e-06
10249,ἀστραπτούσῃ,1,7.269872195646801e-06
10250,ἐμφόβων,1,7.269872195646801e-06
10251,κλινουσῶν,1,7.269872195646801e-06
10252,ἐφάνησαν,1,7.269872195646801e-06
10253,λῆρος,1,7.269872195646801e-06
10254,μόνα,1,7.269872195646801e-06
10255,θαυμάζων,1,7.269872195646801e-06
10256,ἀπέχουσαν,1,7.269872195646801e-06
10257,Ἐμμαοῦς,1,7.269872195646801e-06
10258,ὡμίλουν,1,7.269872195646801e-06
10259,συμβεβηκότων,1,7.269872195646801e-06
10260,ὁμιλεῖν,1,7.269872195646801e-06
10261,συνεπορεύετο,1,7.269872195646801e-06
10262,ἐκρατοῦντο,1,7.269872195646801e-06
10263,ἀντιβάλλετε,1,7.269872195646801e-06
10264,ἐστάθησαν,1,7.269872195646801e-06
10265,Κλεοπᾶς,1,7.269872195646801e-06
10266,παροικεῖς,1,7.269872195646801e-06
10267,ποῖα,1,7.269872195646801e-06
10268,ἠλπίζομεν,1,7.269872195646801e-06
10269,λυτροῦσθαι,1,7.269872195646801e-06
10270,ὀρθριναί,1,7.269872195646801e-06
10271,εὑροῦσαι,1,7.269872195646801e-06
10272,ἑωρακέναι,1,7.269872195646801e-06
10273,βραδεῖς,1,7.269872195646801e-06
10274,διερμήνευσε(ν),1,7.269872195646801e-06
10275,προσεποιήσατο,1,7.269872195646801e-06
10276,πορρώτερον,1,7.269872195646801e-06
10277,παρεβιάσαντο,1,7.269872195646801e-06
10278,μεῖνον,1,7.269872195646801e-06
10279,ἑσπέραν,1,7.269872195646801e-06
10280,κέκλικε(ν),1,7.269872195646801e-06
10281,κατακλιθῆναι,1,7.269872195646801e-06
10282,ἐπεδίδου,1,7.269872195646801e-06
10283,διηνοίχθησαν,1,7.269872195646801e-06
10284,ἄφαντος,1,7.269872195646801e-06
10285,καιομένη,1,7.269872195646801e-06
10286,διήνοιγε(ν),1,7.269872195646801e-06
10287,ἠθροισμένους,1,7.269872195646801e-06
10288,ἐξηγοῦντο,1,7.269872195646801e-06
10289,πτοηθέντες,1,7.269872195646801e-06
10290,τεταραγμένοι,1,7.269872195646801e-06
10291,ἀναβαίνουσι(ν),1,7.269872195646801e-06
10292,ψηλαφήσατε,1,7.269872195646801e-06
10293,ὀστέα,1,7.269872195646801e-06
10294,ἀπιστούντων,1,7.269872195646801e-06
10295,βρώσιμον,1,7.269872195646801e-06
10296,ὀπτοῦ,1,7.269872195646801e-06
10297,ἀρξάμενοι,1,7.269872195646801e-06
10298,ἐξαποστέλλω,1,7.269872195646801e-06
10299,εὐλογεῖν,1,7.269872195646801e-06
10300,διέστη,1,7.269872195646801e-06
10301,ἀνεφέρετο,1,7.269872195646801e-06
10302,προσκυνήσαντες,1,7.269872195646801e-06
10303,φωτίζει,1,7.269872195646801e-06
10304,ἴδιοι,1,7.269872195646801e-06
10305,αἱμάτων,1,7.269872195646801e-06
10306,ἐσκήνωσε(ν),1,7.269872195646801e-06
10307,κέκραγε(ν),1,7.269872195646801e-06
10308,Λευίτας,1,7.269872195646801e-06
10309,ἐρωτήσωσι(ν),1,7.269872195646801e-06
10310,πέμψασι(ν),1,7.269872195646801e-06
10311,εὐθύνατε,1,7.269872195646801e-06
10312,βαπτίζεις,1,7.269872195646801e-06
10313,λύσω,1,7.269872195646801e-06
10314,ὑποδήματος,1,7.269872195646801e-06
10315,τεθέαμαι,1,7.269872195646801e-06
10316,ἴδῃς,1,7.269872195646801e-06
10317,μεμαρτύρηκα,1,7.269872195646801e-06
10318,περιπατοῦντι,1,7.269872195646801e-06
10319,ἀκολουθοῦντας,1,7.269872195646801e-06
10320,μένεις,1,7.269872195646801e-06
10321,δεκάτη,1,7.269872195646801e-06
10322,ἀκολουθησάντων,1,7.269872195646801e-06
10323,Μεσσίαν,1,7.269872195646801e-06
10324,ἀνεῳγότα,1,7.269872195646801e-06
10325,ἀναβαίνοντας,1,7.269872195646801e-06
10326,καταβαίνοντας,1,7.269872195646801e-06
10327,γάμον,1,7.269872195646801e-06
10328,ὑστερήσαντος,1,7.269872195646801e-06
10329,λίθιναι,1,7.269872195646801e-06
10330,ὑδρίαι,1,7.269872195646801e-06
10331,κείμεναι,1,7.269872195646801e-06
10332,χωροῦσαι,1,7.269872195646801e-06
10333,μετρητάς,1,7.269872195646801e-06
10334,γεμίσατε,1,7.269872195646801e-06
10335,ὑδρίας,1,7.269872195646801e-06
10336,ἀντλήσατε,1,7.269872195646801e-06
10337,ἀρχιτρικλίνῳ,1,7.269872195646801e-06
10338,ἐγεύσατο,1,7.269872195646801e-06
10339,γεγενημένον,1,7.269872195646801e-06
10340,ἠντληκότες,1,7.269872195646801e-06
10341,μεθυσθῶσι(ν),1,7.269872195646801e-06
10342,ἐλάσσω,1,7.269872195646801e-06
10343,τετήρηκας,1,7.269872195646801e-06
10344,κερματιστάς,1,7.269872195646801e-06
10345,φραγέλλιον,1,7.269872195646801e-06
10346,σχοινίων,1,7.269872195646801e-06
10347,κέρματα,1,7.269872195646801e-06
10348,ἀνέστρεψε(ν),1,7.269872195646801e-06
10349,πωλοῦσι(ν),1,7.269872195646801e-06
10350,ἐμπορίου,1,7.269872195646801e-06
10351,καταφάγεται,1,7.269872195646801e-06
10352,δεικνύεις,1,7.269872195646801e-06
10353,ἐγερῶ,1,7.269872195646801e-06
10354,οἰκοδομήθη,1,7.269872195646801e-06
10355,ἐγερεῖς,1,7.269872195646801e-06
10356,ἐπίστευε(ν),1,7.269872195646801e-06
10357,γέρων,1,7.269872195646801e-06
10358,θαυμάσῃς,1,7.269872195646801e-06
10359,πνεῖ,1,7.269872195646801e-06
10360,ἀναβέβηκε(ν),1,7.269872195646801e-06
10361,κρίνῃ,1,7.269872195646801e-06
10362,πράσσων,1,7.269872195646801e-06
10363,ἐλεγχθῇ,1,7.269872195646801e-06
10364,εἰργασμένα,1,7.269872195646801e-06
10365,Αἰνών,1,7.269872195646801e-06
10366,Σαλείμ,1,7.269872195646801e-06
10367,παρεγίνοντο,1,7.269872195646801e-06
10368,βεβλημένος,1,7.269872195646801e-06
10369,ζήτησις,1,7.269872195646801e-06
10370,μεμαρτύρηκας,1,7.269872195646801e-06
10371,αὐξάνειν,1,7.269872195646801e-06
10372,ἐλαττοῦσθαι,1,7.269872195646801e-06
10373,ἀπειθῶν,1,7.269872195646801e-06
10374,καίτοιγε,1,7.269872195646801e-06
10375,Συχάρ,1,7.269872195646801e-06
10376,κεκοπιακώς,1,7.269872195646801e-06
10377,ὁδοιπορίας,1,7.269872195646801e-06
10378,πηγῇ,1,7.269872195646801e-06
10379,ἀντλῆσαι,1,7.269872195646801e-06
10380,ἀπεληλύθεισαν,1,7.269872195646801e-06
10381,τροφάς,1,7.269872195646801e-06
10382,Σαμαρῖτις,1,7.269872195646801e-06
10383,αἰτεῖς,1,7.269872195646801e-06
10384,Σαμαρίτιδος,1,7.269872195646801e-06
10385,συγχρῶνται,1,7.269872195646801e-06
10386,Σαμαρίταις,1,7.269872195646801e-06
10387,ᾔτησας,1,7.269872195646801e-06
10388,ἄντλημα,1,7.269872195646801e-06
10389,βαθύ,1,7.269872195646801e-06
10390,θρέμματα,1,7.269872195646801e-06
10391,ἁλλομένου,1,7.269872195646801e-06
10392,διέρχωμαι,1,7.269872195646801e-06
10393,ἀντλεῖν,1,7.269872195646801e-06
10394,φώνησον,1,7.269872195646801e-06
10395,ἔσχες,1,7.269872195646801e-06
10396,εἴρηκας,1,7.269872195646801e-06
10397,προσκυνήσετε,1,7.269872195646801e-06
10398,προσκυνεῖτε,1,7.269872195646801e-06
10399,προσκυνοῦμεν,1,7.269872195646801e-06
10400,προσκυνηταί,1,7.269872195646801e-06
10401,Μεσσίας,1,7.269872195646801e-06
10402,ὑδρίαν,1,7.269872195646801e-06
10403,τετράμηνος,1,7.269872195646801e-06
10404,θεάσασθε,1,7.269872195646801e-06
10405,συνάγει,1,7.269872195646801e-06
10406,χαίρῃ,1,7.269872195646801e-06
10407,θερίζειν,1,7.269872195646801e-06
10408,κεκοπιάκατε,1,7.269872195646801e-06
10409,κεκοπιάκασι(ν),1,7.269872195646801e-06
10410,εἰσεληλύθατε,1,7.269872195646801e-06
10411,μαρτυρούσης,1,7.269872195646801e-06
10412,Σαμαρῖται,1,7.269872195646801e-06
10413,σήν,1,7.269872195646801e-06
10414,ἑωρακότες,1,7.269872195646801e-06
10415,ἰάσηται,1,7.269872195646801e-06
10416,καταβαίνοντος,1,7.269872195646801e-06
10417,ἐπύθετο,1,7.269872195646801e-06
10418,κομψότερον,1,7.269872195646801e-06
10419,προβατικῇ,1,7.269872195646801e-06
10420,κολυμβήθρα,1,7.269872195646801e-06
10421,ἐπιλεγομένη,1,7.269872195646801e-06
10422,Βηθεσδά,1,7.269872195646801e-06
10423,στοάς,1,7.269872195646801e-06
10424,χωλῶν,1,7.269872195646801e-06
10425,ξηρῶν,1,7.269872195646801e-06
10426,ταραχθῇ,1,7.269872195646801e-06
10427,τεθεραπευμένῳ,1,7.269872195646801e-06
10428,ἰαθείς,1,7.269872195646801e-06
10429,ἐξένευσε(ν),1,7.269872195646801e-06
10430,ἁμάρτανε,1,7.269872195646801e-06
10431,ἀνήγγειλε(ν),1,7.269872195646801e-06
10432,ἔλυε(ν),1,7.269872195646801e-06
10433,ἴσον,1,7.269872195646801e-06
10434,βλέπῃ,1,7.269872195646801e-06
10435,θαυμάζητε,1,7.269872195646801e-06
10436,τιμῶν,1,7.269872195646801e-06
10437,πέμψαντι,1,7.269872195646801e-06
10438,μεταβέβηκε(ν),1,7.269872195646801e-06
10439,ζήσουσι(ν),1,7.269872195646801e-06
10440,μνημείοις,1,7.269872195646801e-06
10441,ἐκπορεύσονται,1,7.269872195646801e-06
10442,πράξαντες,1,7.269872195646801e-06
10443,ἀπεστάλκατε,1,7.269872195646801e-06
10444,σωθῆτε,1,7.269872195646801e-06
10445,φαίνων,1,7.269872195646801e-06
10446,ἀγαλλιαθῆναι,1,7.269872195646801e-06
10447,μένοντα,1,7.269872195646801e-06
10448,ἐραυνᾶτε,1,7.269872195646801e-06
10449,μαρτυροῦσαι,1,7.269872195646801e-06
10450,κατηγορήσω,1,7.269872195646801e-06
10451,ἠλπίκατε,1,7.269872195646801e-06
10452,ῥήμασι(ν),1,7.269872195646801e-06
10453,ἀνῆλθε(ν),1,7.269872195646801e-06
10454,ἀρκοῦσι(ν),1,7.269872195646801e-06
10455,παιδάριον,1,7.269872195646801e-06
10456,κριθίνους,1,7.269872195646801e-06
10457,ὀψάρια,1,7.269872195646801e-06
10458,τοσούτους,1,7.269872195646801e-06
10459,διέδωκε(ν),1,7.269872195646801e-06
10460,ἐνεπλήσθησαν,1,7.269872195646801e-06
10461,περισσεύσαντα,1,7.269872195646801e-06
10462,κριθίνων,1,7.269872195646801e-06
10463,ἐπερίσσευσαν,1,7.269872195646801e-06
10464,βεβρωκόσι(ν),1,7.269872195646801e-06
10465,ὀψία,1,7.269872195646801e-06
10466,ἐμβάντες,1,7.269872195646801e-06
10467,ἐγεγόνει,1,7.269872195646801e-06
10468,πνέοντος,1,7.269872195646801e-06
10469,διεγείρετο,1,7.269872195646801e-06
10470,ἐληλακότες,1,7.269872195646801e-06
10471,εὐχαριστήσαντος,1,7.269872195646801e-06
10472,ἐφάγετε,1,7.269872195646801e-06
10473,ἐχορτάσθητε,1,7.269872195646801e-06
10474,ἀπολλυμένην,1,7.269872195646801e-06
10475,ἐργάζῃ,1,7.269872195646801e-06
10476,πεινάσῃ,1,7.269872195646801e-06
10477,ἀπολέσω,1,7.269872195646801e-06
10478,ἑλκύσῃ,1,7.269872195646801e-06
10479,διδακτοί,1,7.269872195646801e-06
10480,ἐμάχοντο,1,7.269872195646801e-06
10481,γογγύζουσι(ν),1,7.269872195646801e-06
10482,θεωρῆτε,1,7.269872195646801e-06
10483,παραδώσων,1,7.269872195646801e-06
10484,περιεπάτουν,1,7.269872195646801e-06
10485,ἀπελευσόμεθα,1,7.269872195646801e-06
10486,σκηνοπηγία,1,7.269872195646801e-06
10487,μετάβηθι,1,7.269872195646801e-06
10488,θεωρήσουσι(ν),1,7.269872195646801e-06
10489,φανέρωσον,1,7.269872195646801e-06
10490,ὑμέτερος,1,7.269872195646801e-06
10491,μισεῖν,1,7.269872195646801e-06
10492,ἀνάβητε,1,7.269872195646801e-06
10493,μεσούσης,1,7.269872195646801e-06
10494,μεμαθηκώς,1,7.269872195646801e-06
10495,γνώσεται,1,7.269872195646801e-06
10496,πότερον,1,7.269872195646801e-06
10497,περιτέμνετε,1,7.269872195646801e-06
10498,λυθῇ,1,7.269872195646801e-06
10499,χολᾶτε,1,7.269872195646801e-06
10500,ὄψιν,1,7.269872195646801e-06
10501,Ἱεροσολυμιτῶν,1,7.269872195646801e-06
10502,γογγύζοντος,1,7.269872195646801e-06
10503,εὑρήσομεν,1,7.269872195646801e-06
10504,διασποράν,1,7.269872195646801e-06
10505,ῥεύσουσι(ν),1,7.269872195646801e-06
10506,πεπλάνησθε,1,7.269872195646801e-06
10507,ἐπάρατοι,1,7.269872195646801e-06
10508,ἐραύνησον,1,7.269872195646801e-06
10509,περιπατήσῃ,1,7.269872195646801e-06
10510,μαρτυρεῖς,1,7.269872195646801e-06
10511,γαζοφυλακίῳ,1,7.269872195646801e-06
10512,ἐπίασε(ν),1,7.269872195646801e-06
10513,ὑψώσητε,1,7.269872195646801e-06
10514,πεπιστευκότας,1,7.269872195646801e-06
10515,ἐλευθερώσει,1,7.269872195646801e-06
10516,δεδουλεύκαμεν,1,7.269872195646801e-06
10517,γενήσεσθε,1,7.269872195646801e-06
10518,ἐλευθερώσῃ,1,7.269872195646801e-06
10519,ἐποιεῖτε,1,7.269872195646801e-06
10520,γεγεννήμεθα,1,7.269872195646801e-06
10521,ἔστηκε(ν),1,7.269872195646801e-06
10522,λαλῇ,1,7.269872195646801e-06
10523,ἐλέγχει,1,7.269872195646801e-06
10524,τιμῶ,1,7.269872195646801e-06
10525,ἀτιμάζετε,1,7.269872195646801e-06
10526,θεωρήσῃ,1,7.269872195646801e-06
10527,τηρῶ,1,7.269872195646801e-06
10528,βάλωσι(ν),1,7.269872195646801e-06
10529,γενετῆς,1,7.269872195646801e-06
10530,ἔπτυσε(ν),1,7.269872195646801e-06
10531,πτύσματος,1,7.269872195646801e-06
10532,ἐνίψατο,1,7.269872195646801e-06
10533,γείτονες,1,7.269872195646801e-06
10534,προσαιτῶν,1,7.269872195646801e-06
10535,νιψάμενος,1,7.269872195646801e-06
10536,ἀνέῳξε(ν),1,7.269872195646801e-06
10537,ἐνιψάμην,1,7.269872195646801e-06
10538,τυφλῷ,1,7.269872195646801e-06
10539,ἀναβλέψαντος,1,7.269872195646801e-06
10540,ἐρωτήσατε,1,7.269872195646801e-06
10541,συνετέθειντο,1,7.269872195646801e-06
10542,ἀποσυνάγωγος,1,7.269872195646801e-06
10543,ἐπερωτήσατε,1,7.269872195646801e-06
10544,ἐλοιδόρησαν,1,7.269872195646801e-06
10545,θεοσεβής,1,7.269872195646801e-06
10546,γεγεννημένου,1,7.269872195646801e-06
10547,ἐγεννήθης,1,7.269872195646801e-06
10548,ἀλλαχόθεν,1,7.269872195646801e-06
10549,ἐξάγει,1,7.269872195646801e-06
10550,ἀκολουθήσουσι(ν),1,7.269872195646801e-06
10551,φεύξονται,1,7.269872195646801e-06
10552,κλέψῃ,1,7.269872195646801e-06
10553,θύσῃ,1,7.269872195646801e-06
10554,λύκον,1,7.269872195646801e-06
10555,λύκος,1,7.269872195646801e-06
10556,γενήσονται,1,7.269872195646801e-06
10557,ποίμνη,1,7.269872195646801e-06
10558,λάβω,1,7.269872195646801e-06
10559,μαίνεται,1,7.269872195646801e-06
10560,δαιμονιζομένου,1,7.269872195646801e-06
10561,ἐγκαίνια,1,7.269872195646801e-06
10562,ἐκύκλωσαν,1,7.269872195646801e-06
10563,ἐμῶν,1,7.269872195646801e-06
10564,ἀπόλωνται,1,7.269872195646801e-06
10565,ἁρπάσει,1,7.269872195646801e-06
10566,μεῖζων,1,7.269872195646801e-06
10567,ἐβάστασαν,1,7.269872195646801e-06
10568,λιθάσωσι(ν),1,7.269872195646801e-06
10569,ἔδειξα,1,7.269872195646801e-06
10570,λιθάζετε,1,7.269872195646801e-06
10571,λιθάζομεν,1,7.269872195646801e-06
10572,ἡγίασε(ν),1,7.269872195646801e-06
10573,βλασφημεῖς,1,7.269872195646801e-06
10574,γινώσκητε,1,7.269872195646801e-06
10575,Μάρθας,1,7.269872195646801e-06
10576,ἀλείψασα,1,7.269872195646801e-06
10577,ἐκμάξασα,1,7.269872195646801e-06
10578,ἀσθένεια,1,7.269872195646801e-06
10579,λιθάσαι,1,7.269872195646801e-06
10580,ὧραι,1,7.269872195646801e-06
10581,ἐξυπνίσω,1,7.269872195646801e-06
10582,κοιμήσεως,1,7.269872195646801e-06
10583,συμμαθηταῖς,1,7.269872195646801e-06
10584,ἀποθάνωμεν,1,7.269872195646801e-06
10585,Βηθανία,1,7.269872195646801e-06
10586,ἐληλύθεισαν,1,7.269872195646801e-06
10587,παραμυθήσωνται,1,7.269872195646801e-06
10588,αἰτήσῃ,1,7.269872195646801e-06
10589,κλαύσῃ,1,7.269872195646801e-06
10590,κλαίουσαν,1,7.269872195646801e-06
10591,συνελθόντας,1,7.269872195646801e-06
10592,ἐνεβριμήσατο,1,7.269872195646801e-06
10593,ἐτάραξε(ν),1,7.269872195646801e-06
10594,τεθείκατε,1,7.269872195646801e-06
10595,ἐδάκρυσε(ν),1,7.269872195646801e-06
10596,ἐμβριμώμενος,1,7.269872195646801e-06
10597,ἐπέκειτο,1,7.269872195646801e-06
10598,τετελευτηκότος,1,7.269872195646801e-06
10599,ὄζει,1,7.269872195646801e-06
10600,τεταρταῖος,1,7.269872195646801e-06
10601,περιεστῶτα,1,7.269872195646801e-06
10602,ἐκραύγασε(ν),1,7.269872195646801e-06
10603,Λάζαρε,1,7.269872195646801e-06
10604,κειρίαις,1,7.269872195646801e-06
10605,περιεδέδετο,1,7.269872195646801e-06
10606,ἀφῶμεν,1,7.269872195646801e-06
10607,πιστεύσουσι(ν),1,7.269872195646801e-06
10608,διεσκορπισμένα,1,7.269872195646801e-06
10609,συναγάγῃ,1,7.269872195646801e-06
10610,Ἐφραίμ,1,7.269872195646801e-06
10611,ἁγνίσωσι(ν),1,7.269872195646801e-06
10612,δεδώκεισαν,1,7.269872195646801e-06
10613,μηνύσῃ,1,7.269872195646801e-06
10614,λίτραν,1,7.269872195646801e-06
10615,πολυτίμου,1,7.269872195646801e-06
10616,ὀσμῆς,1,7.269872195646801e-06
10617,ἐπράθη,1,7.269872195646801e-06
10618,βαλλόμενα,1,7.269872195646801e-06
10619,ἐβάσταζε(ν),1,7.269872195646801e-06
10620,ἐνταφιασμοῦ,1,7.269872195646801e-06
10621,βαΐα,1,7.269872195646801e-06
10622,φοινίκων,1,7.269872195646801e-06
10623,ἐκραύγαζον,1,7.269872195646801e-06
10624,ὀνάριον,1,7.269872195646801e-06
10625,ὄνου,1,7.269872195646801e-06
10626,ἐμαρτύρει,1,7.269872195646801e-06
10627,πεποιηκέναι,1,7.269872195646801e-06
10628,ὠφελεῖτε,1,7.269872195646801e-06
10629,Ἀνδρέᾳ,1,7.269872195646801e-06
10630,κόκκος,1,7.269872195646801e-06
10631,ἀπολλύει,1,7.269872195646801e-06
10632,τετάρακται,1,7.269872195646801e-06
10633,βροντήν,1,7.269872195646801e-06
10634,ἐκβληθήσεται,1,7.269872195646801e-06
10635,ὑψωθῶ,1,7.269872195646801e-06
10636,ἑλκύσω,1,7.269872195646801e-06
10637,πεποιηκότος,1,7.269872195646801e-06
10638,βραχίων,1,7.269872195646801e-06
10639,τετύφλωκε(ν),1,7.269872195646801e-06
10640,ἐπώρωσε(ν),1,7.269872195646801e-06
10641,νοήσωσι(ν),1,7.269872195646801e-06
10642,στραφῶσι(ν),1,7.269872195646801e-06
10643,ὡμολόγουν,1,7.269872195646801e-06
10644,ἀποσυνάγωγοι,1,7.269872195646801e-06
10645,ἤπερ,1,7.269872195646801e-06
10646,φυλάξῃ,1,7.269872195646801e-06
10647,γινομένου,1,7.269872195646801e-06
10648,βεβληκότος,1,7.269872195646801e-06
10649,λέντιον,1,7.269872195646801e-06
10650,διέζωσε(ν),1,7.269872195646801e-06
10651,νιπτῆρα,1,7.269872195646801e-06
10652,ἐκμάσσειν,1,7.269872195646801e-06
10653,λεντίῳ,1,7.269872195646801e-06
10654,διεζωσμένος,1,7.269872195646801e-06
10655,νίπτεις,1,7.269872195646801e-06
10656,γνώσῃ,1,7.269872195646801e-06
10657,νίψῃς,1,7.269872195646801e-06
10658,νίψω,1,7.269872195646801e-06
10659,λελουμένος,1,7.269872195646801e-06
10660,νίψασθαι,1,7.269872195646801e-06
10661,παραδιδόντα,1,7.269872195646801e-06
10662,φωνεῖτε,1,7.269872195646801e-06
10663,ἔνιψα,1,7.269872195646801e-06
10664,πτέρναν,1,7.269872195646801e-06
10665,ἔβλεπον,1,7.269872195646801e-06
10666,κόλπῳ,1,7.269872195646801e-06
10667,νεύει,1,7.269872195646801e-06
10668,πυθέσθαι,1,7.269872195646801e-06
10669,ἀναπεσών,1,7.269872195646801e-06
10670,βάψω,1,7.269872195646801e-06
10671,βάψας,1,7.269872195646801e-06
10672,Ἰούδᾳ,1,7.269872195646801e-06
10673,ἀγόρασον,1,7.269872195646801e-06
10674,ἀκολουθήσεις,1,7.269872195646801e-06
10675,θήσεις,1,7.269872195646801e-06
10676,φωνήσῃ,1,7.269872195646801e-06
10677,ἀρνήσῃ,1,7.269872195646801e-06
10678,μοναί,1,7.269872195646801e-06
10679,ἑτοιμάσω,1,7.269872195646801e-06
10680,παραλήμψομαι,1,7.269872195646801e-06
10681,ἔγνωκας,1,7.269872195646801e-06
10682,Φίλιππε,1,7.269872195646801e-06
10683,ἐμάς,1,7.269872195646801e-06
10684,τηρήσετε,1,7.269872195646801e-06
10685,ζήσετε,1,7.269872195646801e-06
10686,ἀγαπηθήσεται,1,7.269872195646801e-06
10687,ἀγαπήσω,1,7.269872195646801e-06
10688,ἐμφανίσω,1,7.269872195646801e-06
10689,ἐμφανίζειν,1,7.269872195646801e-06
10690,ἐλευσόμεθα,1,7.269872195646801e-06
10691,μονήν,1,7.269872195646801e-06
10692,ποιησόμεθα,1,7.269872195646801e-06
10693,πέμψει,1,7.269872195646801e-06
10694,δειλιάτω,1,7.269872195646801e-06
10695,ἐχάρητε,1,7.269872195646801e-06
10696,καθαίρει,1,7.269872195646801e-06
10697,φέρῃ,1,7.269872195646801e-06
10698,ἀμπέλῳ,1,7.269872195646801e-06
10699,μένητε,1,7.269872195646801e-06
10700,κλήματα,1,7.269872195646801e-06
10701,αἰτήσασθε,1,7.269872195646801e-06
10702,μένω,1,7.269872195646801e-06
10703,ἐξελέξασθε,1,7.269872195646801e-06
10704,ὑπάγητε,1,7.269872195646801e-06
10705,μεμίσηκε(ν),1,7.269872195646801e-06
10706,ἐτήρησαν,1,7.269872195646801e-06
10707,τηρήσουσι(ν),1,7.269872195646801e-06
10708,πρόφασιν,1,7.269872195646801e-06
10709,ἑωράκασι(ν),1,7.269872195646801e-06
10710,μεμισήκασι(ν),1,7.269872195646801e-06
10711,ἐμίσησαν,1,7.269872195646801e-06
10712,μαρτυρήσει,1,7.269872195646801e-06
10713,σκανδαλισθῆτε,1,7.269872195646801e-06
10714,ἀποσυναγώγους,1,7.269872195646801e-06
10715,μνημονεύητε,1,7.269872195646801e-06
10716,ἐλέγξει,1,7.269872195646801e-06
10717,ἐρωτᾶν,1,7.269872195646801e-06
10718,θρηνήσετε,1,7.269872195646801e-06
10719,λυπηθήσεσθε,1,7.269872195646801e-06
10720,τίκτῃ,1,7.269872195646801e-06
10721,γεννήσῃ,1,7.269872195646801e-06
10722,μνημονεύει,1,7.269872195646801e-06
10723,ἐρωτήσετε,1,7.269872195646801e-06
10724,ᾐτήσατε,1,7.269872195646801e-06
10725,αἰτήσεσθε,1,7.269872195646801e-06
10726,πεφιλήκατε,1,7.269872195646801e-06
10727,πεπιστεύκατε,1,7.269872195646801e-06
10728,ἐξῆλθες,1,7.269872195646801e-06
10729,σκορπισθῆτε,1,7.269872195646801e-06
10730,νενίκηκα,1,7.269872195646801e-06
10731,δοξάσῃ,1,7.269872195646801e-06
10732,δώσῃ,1,7.269872195646801e-06
10733,γινώσκωσι(ν),1,7.269872195646801e-06
10734,τελειώσας,1,7.269872195646801e-06
10735,ἐφανέρωσα,1,7.269872195646801e-06
10736,τετήρηκαν,1,7.269872195646801e-06
10737,ἔγνωκαν,1,7.269872195646801e-06
10738,δεδόξασμαι,1,7.269872195646801e-06
10739,ἅγιε,1,7.269872195646801e-06
10740,πεπληρωμένην,1,7.269872195646801e-06
10741,ἄρῃς,1,7.269872195646801e-06
10742,τηρήσῃς,1,7.269872195646801e-06
10743,ἁγίασον,1,7.269872195646801e-06
10744,σός,1,7.269872195646801e-06
10745,ἁγιάζω,1,7.269872195646801e-06
10746,τετελειωμένοι,1,7.269872195646801e-06
10747,γινώσκῃ,1,7.269872195646801e-06
10748,θεωρῶσι(ν),1,7.269872195646801e-06
10749,δίκαιε,1,7.269872195646801e-06
10750,γνωρίσω,1,7.269872195646801e-06
10751,χειμάρρου,1,7.269872195646801e-06
10752,Κεδρών,1,7.269872195646801e-06
10753,φανῶν,1,7.269872195646801e-06
10754,Μάλχος,1,7.269872195646801e-06
10755,θήκην,1,7.269872195646801e-06
10756,σπεῖρα,1,7.269872195646801e-06
10757,Ἅνναν,1,7.269872195646801e-06
10758,πενθερός,1,7.269872195646801e-06
10759,συμβουλεύσας,1,7.269872195646801e-06
10760,πεποιηκότες,1,7.269872195646801e-06
10761,ἐθερμαίνοντο,1,7.269872195646801e-06
10762,ἐδίδαξα,1,7.269872195646801e-06
10763,ἐρώτησον,1,7.269872195646801e-06
10764,ἀκηκοότας,1,7.269872195646801e-06
10765,ῥάπισμα,1,7.269872195646801e-06
10766,μαρτύρησον,1,7.269872195646801e-06
10767,δέρεις,1,7.269872195646801e-06
10768,συγγενής,1,7.269872195646801e-06
10769,παρεδώκαμεν,1,7.269872195646801e-06
10770,ἠγωνίζοντο,1,7.269872195646801e-06
10771,παραδοθῶ,1,7.269872195646801e-06
10772,οὐκοῦν,1,7.269872195646801e-06
10773,μαρτυρήσω,1,7.269872195646801e-06
10774,συνήθεια,1,7.269872195646801e-06
10775,ἐμαστίγωσε(ν),1,7.269872195646801e-06
10776,περιέβαλον,1,7.269872195646801e-06
10777,ἐδίδοσαν,1,7.269872195646801e-06
10778,ῥαπίσματα,1,7.269872195646801e-06
10779,ἄγω,1,7.269872195646801e-06
10780,φορῶν,1,7.269872195646801e-06
10781,σταυρώσατε,1,7.269872195646801e-06
10782,εἶχες,1,7.269872195646801e-06
10783,ἀπολύσῃς,1,7.269872195646801e-06
10784,ἀντιλέγει,1,7.269872195646801e-06
10785,λιθόστρωτον,1,7.269872195646801e-06
10786,Γαββαθα,1,7.269872195646801e-06
10787,σταυρώσω,1,7.269872195646801e-06
10788,ἀνέγνωσαν,1,7.269872195646801e-06
10789,Ῥωμαϊστί,1,7.269872195646801e-06
10790,γράφε,1,7.269872195646801e-06
10791,χιτών,1,7.269872195646801e-06
10792,ἄραφος,1,7.269872195646801e-06
10793,ὑφαντός,1,7.269872195646801e-06
10794,σχίσωμεν,1,7.269872195646801e-06
10795,λάχωμεν,1,7.269872195646801e-06
10796,ἱματισμόν,1,7.269872195646801e-06
10797,Κλωπᾶ,1,7.269872195646801e-06
10798,παρεστῶτα,1,7.269872195646801e-06
10799,τελειωθῇ,1,7.269872195646801e-06
10800,ὑσσώπῳ,1,7.269872195646801e-06
10801,περιθέντες,1,7.269872195646801e-06
10802,κλίνας,1,7.269872195646801e-06
10803,κατεαγῶσι(ν),1,7.269872195646801e-06
10804,ἀρθῶσι(ν),1,7.269872195646801e-06
10805,ἄλλου,1,7.269872195646801e-06
10806,συσταυρωθέντος,1,7.269872195646801e-06
10807,τεθνηκότα,1,7.269872195646801e-06
10808,λόγχῃ,1,7.269872195646801e-06
10809,ἔνυξε(ν),1,7.269872195646801e-06
10810,ὀστοῦν,1,7.269872195646801e-06
10811,συντριβήσεται,1,7.269872195646801e-06
10812,κεκρυμμένος,1,7.269872195646801e-06
10813,μίγμα,1,7.269872195646801e-06
10814,σμύρνης,1,7.269872195646801e-06
10815,ἀλόης,1,7.269872195646801e-06
10816,λίτρας,1,7.269872195646801e-06
10817,ὀθονίοις,1,7.269872195646801e-06
10818,ἀρωμάτων,1,7.269872195646801e-06
10819,ἐνταφιάζειν,1,7.269872195646801e-06
10820,τεθειμένος,1,7.269872195646801e-06
10821,σκοτίας,1,7.269872195646801e-06
10822,ἠρμένον,1,7.269872195646801e-06
10823,τρέχει,1,7.269872195646801e-06
10824,ἔτρεχον,1,7.269872195646801e-06
10825,προέδραμε(ν),1,7.269872195646801e-06
10826,σουδάριον,1,7.269872195646801e-06
10827,ὀθονίων,1,7.269872195646801e-06
10828,ἐντετυλιγμένον,1,7.269872195646801e-06
10829,παρέκυψε(ν),1,7.269872195646801e-06
10830,καθεζομένους,1,7.269872195646801e-06
10831,ἐστράφη,1,7.269872195646801e-06
10832,δοκοῦσα,1,7.269872195646801e-06
10833,κηπουρός,1,7.269872195646801e-06
10834,ἀρῶ,1,7.269872195646801e-06
10835,στραφεῖσα,1,7.269872195646801e-06
10836,ἅπτου,1,7.269872195646801e-06
10837,ἀναβέβηκα,1,7.269872195646801e-06
10838,ἀγγέλλουσα,1,7.269872195646801e-06
10839,πέμπω,1,7.269872195646801e-06
10840,ἐνεφύσησε(ν),1,7.269872195646801e-06
10841,κρατῆτε,1,7.269872195646801e-06
10842,κεκράτηνται,1,7.269872195646801e-06
10843,Θωμᾷ,1,7.269872195646801e-06
10844,πεπίστευκας,1,7.269872195646801e-06
10845,ἁλιεύειν,1,7.269872195646801e-06
10846,ἐρχόμεθα,1,7.269872195646801e-06
10847,ἐπίασαν,1,7.269872195646801e-06
10848,προσφάγιον,1,7.269872195646801e-06
10849,βάλετε,1,7.269872195646801e-06
10850,ἑλκύσαι,1,7.269872195646801e-06
10851,ἐπενδύτην,1,7.269872195646801e-06
10852,διεζώσατο,1,7.269872195646801e-06
10853,πλοιαρίῳ,1,7.269872195646801e-06
10854,σύροντες,1,7.269872195646801e-06
10855,ἀπέβησαν,1,7.269872195646801e-06
10856,κειμένην,1,7.269872195646801e-06
10857,ἐπικείμενον,1,7.269872195646801e-06
10858,ἐνέγκατε,1,7.269872195646801e-06
10859,ἐπιάσατε,1,7.269872195646801e-06
10860,τοσούτων,1,7.269872195646801e-06
10861,ἀριστήσατε,1,7.269872195646801e-06
10862,ἐξετάσαι,1,7.269872195646801e-06
10863,ἠρίστησαν,1,7.269872195646801e-06
10864,ἀρνία,1,7.269872195646801e-06
10865,ποίμαινε,1,7.269872195646801e-06
10866,ἐλυπήθη,1,7.269872195646801e-06
10867,ἐζώννυες,1,7.269872195646801e-06
10868,περιεπάτεις,1,7.269872195646801e-06
10869,ἤθελες,1,7.269872195646801e-06
10870,γηράσῃς,1,7.269872195646801e-06
10871,ἐκτενεῖς,1,7.269872195646801e-06
10872,ζώσει,1,7.269872195646801e-06
10873,οἴσει,1,7.269872195646801e-06
10874,ἀκολουθοῦντα,1,7.269872195646801e-06
10875,δείπνῳ,1,7.269872195646801e-06
10876,γράφηται,1,7.269872195646801e-06
10877,οἶμαι,1,7.269872195646801e-06
10878,χωρήσειν,1,7.269872195646801e-06
10879,γραφόμενα,1,7.269872195646801e-06
10880,ἐποιησάμην,1,7.269872195646801e-06
10881,ἐντειλάμενος,1,7.269872195646801e-06
10882,τεκμηρίοις,1,7.269872195646801e-06
10883,ὀπτανόμενος,1,7.269872195646801e-06
10884,συναλιζόμενος,1,7.269872195646801e-06
10885,περιμένειν,1,7.269872195646801e-06
10886,συνελθόντες,1,7.269872195646801e-06
10887,ἀποκαθιστάνεις,1,7.269872195646801e-06
10888,ἐπελθόντος,1,7.269872195646801e-06
10889,Σαμαρείᾳ,1,7.269872195646801e-06
10890,ἐπήρθη,1,7.269872195646801e-06
10891,ὑπέλαβε(ν),1,7.269872195646801e-06
10892,παρειστήκεισαν,1,7.269872195646801e-06
10893,ἐσθήσεσι(ν),1,7.269872195646801e-06
10894,λευκαῖς,1,7.269872195646801e-06
10895,ἀναλημφθείς,1,7.269872195646801e-06
10896,ἐθεάσασθε,1,7.269872195646801e-06
10897,ἐλαιῶνος,1,7.269872195646801e-06
10898,καταμένοντες,1,7.269872195646801e-06
10899,προεῖπε(ν),1,7.269872195646801e-06
10900,ὁδηγοῦ,1,7.269872195646801e-06
10901,συλλαβοῦσι(ν),1,7.269872195646801e-06
10902,κατηριθμημένος,1,7.269872195646801e-06
10903,ἐκτήσατο,1,7.269872195646801e-06
10904,πρηνής,1,7.269872195646801e-06
10905,ἐλάκησε(ν),1,7.269872195646801e-06
10906,ἐξεχύθη,1,7.269872195646801e-06
10907,Ἁκελδαμάχ,1,7.269872195646801e-06
10908,ἔπαυλις,1,7.269872195646801e-06
10909,κατοικῶν,1,7.269872195646801e-06
10910,ἐπισκοπήν,1,7.269872195646801e-06
10911,ἐπεκλήθη,1,7.269872195646801e-06
10912,καρδιογνῶστα,1,7.269872195646801e-06
10913,ἀνάδειξον,1,7.269872195646801e-06
10914,ἐξελέξω,1,7.269872195646801e-06
10915,παρέβη,1,7.269872195646801e-06
10916,συγκατεψηφίσθη,1,7.269872195646801e-06
10917,φερομένης,1,7.269872195646801e-06
10918,πνοῆς,1,7.269872195646801e-06
10919,βιαίας,1,7.269872195646801e-06
10920,ὤφθησαν,1,7.269872195646801e-06
10921,διαμεριζόμεναι,1,7.269872195646801e-06
10922,ἀποφθέγγεσθαι,1,7.269872195646801e-06
10923,συνεχύθη,1,7.269872195646801e-06
10924,ἐγεννήθημεν,1,7.269872195646801e-06
10925,Πάρθοι,1,7.269872195646801e-06
10926,Μῆδοι,1,7.269872195646801e-06
10927,Ἐλαμῖται,1,7.269872195646801e-06
10928,Μεσοποταμίαν,1,7.269872195646801e-06
10929,Καππαδοκίαν,1,7.269872195646801e-06
10930,Πόντον,1,7.269872195646801e-06
10931,Λιβύης,1,7.269872195646801e-06
10932,Κυρήνην,1,7.269872195646801e-06
10933,προσήλυτοι,1,7.269872195646801e-06
10934,Ἄραβες,1,7.269872195646801e-06
10935,ἡμετέραις,1,7.269872195646801e-06
10936,μεγαλεῖα,1,7.269872195646801e-06
10937,διαχλευάζοντες,1,7.269872195646801e-06
10938,γλεύκους,1,7.269872195646801e-06
10939,μεμεστωμένοι,1,7.269872195646801e-06
10940,ἀπεφθέγξατο,1,7.269872195646801e-06
10941,ἐνωτίσασθε,1,7.269872195646801e-06
10942,ὑπολαμβάνετε,1,7.269872195646801e-06
10943,Ἰωήλ,1,7.269872195646801e-06
10944,ὁράσεις,1,7.269872195646801e-06
10945,ἐνυπνίοις,1,7.269872195646801e-06
10946,ἐνυπνιασθήσονται,1,7.269872195646801e-06
10947,δούλας,1,7.269872195646801e-06
10948,ἀτμίδα,1,7.269872195646801e-06
10949,μεταστραφήσεται,1,7.269872195646801e-06
10950,ἐπιφανῆ,1,7.269872195646801e-06
10951,ἀποδεδειγμένον,1,7.269872195646801e-06
10952,ὡρισμένῃ,1,7.269872195646801e-06
10953,προγνώσει,1,7.269872195646801e-06
10954,ἔκδοτον,1,7.269872195646801e-06
10955,προσπήξαντες,1,7.269872195646801e-06
10956,ἀνείλατε,1,7.269872195646801e-06
10957,ὠδῖνας,1,7.269872195646801e-06
10958,κρατεῖσθαι,1,7.269872195646801e-06
10959,προορώμην,1,7.269872195646801e-06
10960,σαλευθῶ,1,7.269872195646801e-06
10961,ηὐφράνθη,1,7.269872195646801e-06
10962,κατασκηνώσει,1,7.269872195646801e-06
10963,ἐγκαταλείψεις,1,7.269872195646801e-06
10964,ἐγνώρισας,1,7.269872195646801e-06
10965,πληρώσεις,1,7.269872195646801e-06
10966,πατριάρχου,1,7.269872195646801e-06
10967,προϊδών,1,7.269872195646801e-06
10968,ἐγκατελείφθη,1,7.269872195646801e-06
10969,ὑψωθείς,1,7.269872195646801e-06
10970,κατενύγησαν,1,7.269872195646801e-06
10971,βαπτισθήτω,1,7.269872195646801e-06
10972,προσκαλέσηται,1,7.269872195646801e-06
10973,σώθητε,1,7.269872195646801e-06
10974,ἀποδεξάμενοι,1,7.269872195646801e-06
10975,προσετέθησαν,1,7.269872195646801e-06
10976,τρισχίλιαι,1,7.269872195646801e-06
10977,ὑπάρξεις,1,7.269872195646801e-06
10978,ἐπίπρασκον,1,7.269872195646801e-06
10979,διεμέριζον,1,7.269872195646801e-06
10980,κλῶντες,1,7.269872195646801e-06
10981,μετελάμβανον,1,7.269872195646801e-06
10982,ἀφελότητι,1,7.269872195646801e-06
10983,προσετίθει,1,7.269872195646801e-06
10984,σῳζομένους,1,7.269872195646801e-06
10985,ἀνέβαινον,1,7.269872195646801e-06
10986,ἐβαστάζετο,1,7.269872195646801e-06
10987,ὡραίαν,1,7.269872195646801e-06
10988,αἰτεῖν,1,7.269872195646801e-06
10989,εἰσπορευομένων,1,7.269872195646801e-06
10990,εἰσιέναι,1,7.269872195646801e-06
10991,βλέψον,1,7.269872195646801e-06
10992,ἐπεῖχε(ν),1,7.269872195646801e-06
10993,ἐστερεώθησαν,1,7.269872195646801e-06
10994,βάσεις,1,7.269872195646801e-06
10995,σφυδρά,1,7.269872195646801e-06
10996,ἐξαλλόμενος,1,7.269872195646801e-06
10997,ἁλλόμενος,1,7.269872195646801e-06
10998,αἰνῶν,1,7.269872195646801e-06
10999,αἰνοῦντα,1,7.269872195646801e-06
11000,ὡραίᾳ,1,7.269872195646801e-06
11001,θάμβους,1,7.269872195646801e-06
11002,ἐκστάσεως,1,7.269872195646801e-06
11003,συμβεβηκότι,1,7.269872195646801e-06
11004,κρατοῦντος,1,7.269872195646801e-06
11005,συνέδραμε(ν),1,7.269872195646801e-06
11006,ἔκθαμβοι,1,7.269872195646801e-06
11007,ἀτενίζετε,1,7.269872195646801e-06
11008,πεποιηκόσι(ν),1,7.269872195646801e-06
11009,κρίναντος,1,7.269872195646801e-06
11010,ᾐτήσασθε,1,7.269872195646801e-06
11011,φονέα,1,7.269872195646801e-06
11012,χαρισθῆναι,1,7.269872195646801e-06
11013,ἀπεκτείνατε,1,7.269872195646801e-06
11014,ἐστερέωσε(ν),1,7.269872195646801e-06
11015,ὁλοκληρίαν,1,7.269872195646801e-06
11016,ἐπράξατε,1,7.269872195646801e-06
11017,προκατήγγειλε(ν),1,7.269872195646801e-06
11018,ἐπιστρέψατε,1,7.269872195646801e-06
11019,ἐξαλειφθῆναι,1,7.269872195646801e-06
11020,ἀναψύξεως,1,7.269872195646801e-06
11021,προκεχειρισμένον,1,7.269872195646801e-06
11022,ἀποκαταστάσεως,1,7.269872195646801e-06
11023,ἀκούσεσθε,1,7.269872195646801e-06
11024,ἐξολεθρευθήσεται,1,7.269872195646801e-06
11025,κατήγγειλαν,1,7.269872195646801e-06
11026,πατριαί,1,7.269872195646801e-06
11027,εὐλογοῦντα,1,7.269872195646801e-06
11028,ἀποστρέφειν,1,7.269872195646801e-06
11029,πονηριῶν,1,7.269872195646801e-06
11030,διαπονούμενοι,1,7.269872195646801e-06
11031,τήρησιν,1,7.269872195646801e-06
11032,ἑσπέρα,1,7.269872195646801e-06
11033,ἀρχιερατικοῦ,1,7.269872195646801e-06
11034,στήσαντες,1,7.269872195646801e-06
11035,ἀνακρινόμεθα,1,7.269872195646801e-06
11036,εὐεργεσίᾳ,1,7.269872195646801e-06
11037,σέσωσται,1,7.269872195646801e-06
11038,ἐξουθενηθείς,1,7.269872195646801e-06
11039,οἰκοδόμων,1,7.269872195646801e-06
11040,καταλαβόμενοι,1,7.269872195646801e-06
11041,ἀγράμματοι,1,7.269872195646801e-06
11042,τεθεραπευμένον,1,7.269872195646801e-06
11043,κελεύσαντες,1,7.269872195646801e-06
11044,ἀρνεῖσθαι,1,7.269872195646801e-06
11045,διανεμηθῇ,1,7.269872195646801e-06
11046,ἀπειλησώμεθα,1,7.269872195646801e-06
11047,καλέσαντες,1,7.269872195646801e-06
11048,καθόλου,1,7.269872195646801e-06
11049,φθέγγεσθαι,1,7.269872195646801e-06
11050,εἴδαμεν,1,7.269872195646801e-06
11051,προσαπειλησάμενοι,1,7.269872195646801e-06
11052,κολάσωνται,1,7.269872195646801e-06
11053,γεγονότι,1,7.269872195646801e-06
11054,γεγόνει,1,7.269872195646801e-06
11055,ἰάσεως,1,7.269872195646801e-06
11056,ἐφρύαξαν,1,7.269872195646801e-06
11057,ἐμελέτησαν,1,7.269872195646801e-06
11058,κενά,1,7.269872195646801e-06
11059,ἔχρισας,1,7.269872195646801e-06
11060,Πόντιος,1,7.269872195646801e-06
11061,ἔπιδε,1,7.269872195646801e-06
11062,ἀπειλάς,1,7.269872195646801e-06
11063,ἴασιν,1,7.269872195646801e-06
11064,δεηθέντων,1,7.269872195646801e-06
11065,ἐσαλεύθη,1,7.269872195646801e-06
11066,πιστευσάντων,1,7.269872195646801e-06
11067,ἀπεδίδουν,1,7.269872195646801e-06
11068,ἐνδεής,1,7.269872195646801e-06
11069,κτήτορες,1,7.269872195646801e-06
11070,χωρίων,1,7.269872195646801e-06
11071,οἰκιῶν,1,7.269872195646801e-06
11072,πωλοῦντες,1,7.269872195646801e-06
11073,πιπρασκομένων,1,7.269872195646801e-06
11074,διεδίδετο,1,7.269872195646801e-06
11075,ἐπικληθείς,1,7.269872195646801e-06
11076,Κύπριος,1,7.269872195646801e-06
11077,πωλήσας,1,7.269872195646801e-06
11078,χρῆμα,1,7.269872195646801e-06
11079,Σαπφίρῃ,1,7.269872195646801e-06
11080,ἐπώλησε(ν),1,7.269872195646801e-06
11081,κτῆμα,1,7.269872195646801e-06
11082,ἐνοσφίσατο,1,7.269872195646801e-06
11083,συνειδυίης,1,7.269872195646801e-06
11084,νοσφίσασθαι,1,7.269872195646801e-06
11085,πραθέν,1,7.269872195646801e-06
11086,ἔθου,1,7.269872195646801e-06
11087,ἐψεύσω,1,7.269872195646801e-06
11088,συνέστειλαν,1,7.269872195646801e-06
11089,ὡρῶν,1,7.269872195646801e-06
11090,διάστημα,1,7.269872195646801e-06
11091,ἀπέδοσθε,1,7.269872195646801e-06
11092,συνεφωνήθη,1,7.269872195646801e-06
11093,θαψάντων,1,7.269872195646801e-06
11094,ἐξοίσουσι(ν),1,7.269872195646801e-06
11095,νεκράν,1,7.269872195646801e-06
11096,Στοᾷ,1,7.269872195646801e-06
11097,προσετίθεντο,1,7.269872195646801e-06
11098,πλήθη,1,7.269872195646801e-06
11099,ἐκφέρειν,1,7.269872195646801e-06
11100,κλιναρίων,1,7.269872195646801e-06
11101,κραβάττων,1,7.269872195646801e-06
11102,ἐπισκιάσῃ,1,7.269872195646801e-06
11103,συνήρχετο,1,7.269872195646801e-06
11104,πέριξ,1,7.269872195646801e-06
11105,ὀχλουμένους,1,7.269872195646801e-06
11106,αἵρεσις,1,7.269872195646801e-06
11107,ὄρθρον,1,7.269872195646801e-06
11108,συνεκάλεσαν,1,7.269872195646801e-06
11109,γερουσίαν,1,7.269872195646801e-06
11110,ἀναστρέψαντες,1,7.269872195646801e-06
11111,κεκλεισμένον,1,7.269872195646801e-06
11112,ἀσφαλείᾳ,1,7.269872195646801e-06
11113,ἔθεσθε,1,7.269872195646801e-06
11114,ὑπηρέταις,1,7.269872195646801e-06
11115,λιθασθῶσι(ν),1,7.269872195646801e-06
11116,ἀγαγόντες,1,7.269872195646801e-06
11117,παραγγελίᾳ,1,7.269872195646801e-06
11118,πεπληρώκατε,1,7.269872195646801e-06
11119,ἐπαγαγεῖν,1,7.269872195646801e-06
11120,διεχειρίσασθε,1,7.269872195646801e-06
11121,πειθαρχοῦσι(ν),1,7.269872195646801e-06
11122,νομοδιδάσκαλος,1,7.269872195646801e-06
11123,Θευδᾶς,1,7.269872195646801e-06
11124,προσεκλίθη,1,7.269872195646801e-06
11125,τετρακοσίων,1,7.269872195646801e-06
11126,ἀνῃρέθη,1,7.269872195646801e-06
11127,διελύθησαν,1,7.269872195646801e-06
11128,ἀπογραφῆς,1,7.269872195646801e-06
11129,ἀπέστησε(ν),1,7.269872195646801e-06
11130,διεσκορπίσθησαν,1,7.269872195646801e-06
11131,θεομάχοι,1,7.269872195646801e-06
11132,εὑρεθῆτε,1,7.269872195646801e-06
11133,κατηξιώθησαν,1,7.269872195646801e-06
11134,ἀτιμασθῆναι,1,7.269872195646801e-06
11135,ἐπαύοντο,1,7.269872195646801e-06
11136,πληθυνόντων,1,7.269872195646801e-06
11137,Ἑλληνιστῶν,1,7.269872195646801e-06
11138,Ἑβραίους,1,7.269872195646801e-06
11139,παρεθεωροῦντο,1,7.269872195646801e-06
11140,καθημερινῇ,1,7.269872195646801e-06
11141,καταλείψαντας,1,7.269872195646801e-06
11142,τραπέζαις,1,7.269872195646801e-06
11143,ἐπισκέψασθε,1,7.269872195646801e-06
11144,μαρτυρουμένους,1,7.269872195646801e-06
11145,καταστήσομεν,1,7.269872195646801e-06
11146,προσκαρτερήσομεν,1,7.269872195646801e-06
11147,ἐξελέξαντο,1,7.269872195646801e-06
11148,Πρόχορον,1,7.269872195646801e-06
11149,Νικάνορα,1,7.269872195646801e-06
11150,Τίμωνα,1,7.269872195646801e-06
11151,Παρμενᾶν,1,7.269872195646801e-06
11152,Νικόλαον,1,7.269872195646801e-06
11153,Ἀντιοχέα,1,7.269872195646801e-06
11154,ὑπήκουον,1,7.269872195646801e-06
11155,Στέφανος,1,7.269872195646801e-06
11156,Λιβερτίνων,1,7.269872195646801e-06
11157,Κυρηναίων,1,7.269872195646801e-06
11158,Ἀλεξανδρέων,1,7.269872195646801e-06
11159,ὑπέβαλον,1,7.269872195646801e-06
11160,βλάσφημα,1,7.269872195646801e-06
11161,συνεκίνησαν,1,7.269872195646801e-06
11162,συνήρπασαν,1,7.269872195646801e-06
11163,μάρτυρας,1,7.269872195646801e-06
11164,παύεται,1,7.269872195646801e-06
11165,καταλύσει,1,7.269872195646801e-06
11166,ἀλλάξει,1,7.269872195646801e-06
11167,ἀτενίσαντες,1,7.269872195646801e-06
11168,καθεζόμενοι,1,7.269872195646801e-06
11169,Μεσοποταμίᾳ,1,7.269872195646801e-06
11170,Χαλδαίων,1,7.269872195646801e-06
11171,μετῴκισε(ν),1,7.269872195646801e-06
11172,κατοικεῖτε,1,7.269872195646801e-06
11173,ποδός,1,7.269872195646801e-06
11174,κατάσχεσιν,1,7.269872195646801e-06
11175,πάροικον,1,7.269872195646801e-06
11176,ἀλλοτρίᾳ,1,7.269872195646801e-06
11177,δουλώσουσι(ν),1,7.269872195646801e-06
11178,κακώσουσι(ν),1,7.269872195646801e-06
11179,δουλεύσουσι(ν),1,7.269872195646801e-06
11180,κρινῶ,1,7.269872195646801e-06
11181,πατριάρχας,1,7.269872195646801e-06
11182,πατριάρχαι,1,7.269872195646801e-06
11183,ἀπέδοντο,1,7.269872195646801e-06
11184,ἡγούμενον,1,7.269872195646801e-06
11185,χορτάσματα,1,7.269872195646801e-06
11186,σιτία,1,7.269872195646801e-06
11187,ἀνεγνωρίσθη,1,7.269872195646801e-06
11188,συγγένειαν,1,7.269872195646801e-06
11189,μετετέθησαν,1,7.269872195646801e-06
11190,ὠνήσατο,1,7.269872195646801e-06
11191,Ἑμμώρ,1,7.269872195646801e-06
11192,ἐπληθύνθη,1,7.269872195646801e-06
11193,κατασοφισάμενος,1,7.269872195646801e-06
11194,ἐκάκωσε(ν),1,7.269872195646801e-06
11195,ἔκθετα,1,7.269872195646801e-06
11196,ζῳογονεῖσθαι,1,7.269872195646801e-06
11197,ἀστεῖος,1,7.269872195646801e-06
11198,ἀνετράφη,1,7.269872195646801e-06
11199,ἐκτεθέντος,1,7.269872195646801e-06
11200,ἀνείλατο,1,7.269872195646801e-06
11201,ἀνεθρέψατο,1,7.269872195646801e-06
11202,ἐπαιδεύθη,1,7.269872195646801e-06
11203,Αἰγυπτίων,1,7.269872195646801e-06
11204,ἐπληροῦτο,1,7.269872195646801e-06
11205,τεσσερακονταετής,1,7.269872195646801e-06
11206,ἐπισκέψασθαι,1,7.269872195646801e-06
11207,ἀδικούμενον,1,7.269872195646801e-06
11208,ἠμύνατο,1,7.269872195646801e-06
11209,καταπονουμένῳ,1,7.269872195646801e-06
11210,ἐνόμιζε(ν),1,7.269872195646801e-06
11211,μαχομένοις,1,7.269872195646801e-06
11212,συνήλλασσε(ν),1,7.269872195646801e-06
11213,ἀνεῖλες,1,7.269872195646801e-06
11214,πάροικος,1,7.269872195646801e-06
11215,Μαδιάμ,1,7.269872195646801e-06
11216,πληρωθέντων,1,7.269872195646801e-06
11217,κάκωσιν,1,7.269872195646801e-06
11218,στεναγμοῦ,1,7.269872195646801e-06
11219,κατέβην,1,7.269872195646801e-06
11220,ἐξελέσθαι,1,7.269872195646801e-06
11221,ἀποστείλω,1,7.269872195646801e-06
11222,ἠρνήσαντο,1,7.269872195646801e-06
11223,λυτρωτήν,1,7.269872195646801e-06
11224,ὀφθέντος,1,7.269872195646801e-06
11225,βάτῳ,1,7.269872195646801e-06
11226,Ἐρυθρᾷ,1,7.269872195646801e-06
11227,Θαλάσσῃ,1,7.269872195646801e-06
11228,ἀπώσαντο,1,7.269872195646801e-06
11229,ἐστράφησαν,1,7.269872195646801e-06
11230,προπορεύσονται,1,7.269872195646801e-06
11231,ἐμοσχοποίησαν,1,7.269872195646801e-06
11232,εἰδώλῳ,1,7.269872195646801e-06
11233,εὐφραίνοντο,1,7.269872195646801e-06
11234,στρατιᾷ,1,7.269872195646801e-06
11235,σφάγια,1,7.269872195646801e-06
11236,ἀνελάβετε,1,7.269872195646801e-06
11237,Μολόχ,1,7.269872195646801e-06
11238,ἄστρον,1,7.269872195646801e-06
11239,Ῥαιφάν,1,7.269872195646801e-06
11240,τύπους,1,7.269872195646801e-06
11241,μετοικιῶ,1,7.269872195646801e-06
11242,ἐπέκεινα,1,7.269872195646801e-06
11243,διετάξατο,1,7.269872195646801e-06
11244,Μωϋσῇ,1,7.269872195646801e-06
11245,ἑωράκει,1,7.269872195646801e-06
11246,διαδεξάμενοι,1,7.269872195646801e-06
11247,κατασχέσει,1,7.269872195646801e-06
11248,ἐξῶσε(ν),1,7.269872195646801e-06
11249,σκήνωμα,1,7.269872195646801e-06
11250,Σολομῶν,1,7.269872195646801e-06
11251,οἰκοδόμησε(ν),1,7.269872195646801e-06
11252,ὕψιστος,1,7.269872195646801e-06
11253,οἰκοδομήσετε,1,7.269872195646801e-06
11254,καταπαύσεως,1,7.269872195646801e-06
11255,σκληροτράχηλοι,1,7.269872195646801e-06
11256,ἀπερίτμητοι,1,7.269872195646801e-06
11257,ἀντιπίπτετε,1,7.269872195646801e-06
11258,προκαταγγείλαντας,1,7.269872195646801e-06
11259,ἐλεύσεως,1,7.269872195646801e-06
11260,διαταγάς,1,7.269872195646801e-06
11261,ἐφυλάξατε,1,7.269872195646801e-06
11262,ἔβρυχον,1,7.269872195646801e-06
11263,διηνοιγμένους,1,7.269872195646801e-06
11264,κράξαντες,1,7.269872195646801e-06
11265,συνέσχον,1,7.269872195646801e-06
11266,ἀπέθεντο,1,7.269872195646801e-06
11267,νεανίου,1,7.269872195646801e-06
11268,στήσῃς,1,7.269872195646801e-06
11269,ἀναιρέσει,1,7.269872195646801e-06
11270,διεσπάρησαν,1,7.269872195646801e-06
11271,συνεκόμισαν,1,7.269872195646801e-06
11272,κοπετόν,1,7.269872195646801e-06
11273,ἐλυμαίνετο,1,7.269872195646801e-06
11274,σύρων,1,7.269872195646801e-06
11275,βοῶντα,1,7.269872195646801e-06
11276,ἐξήρχοντο,1,7.269872195646801e-06
11277,παραλελυμένοι,1,7.269872195646801e-06
11278,ἐθεραπεύθησαν,1,7.269872195646801e-06
11279,προϋπῆρχε(ν),1,7.269872195646801e-06
11280,μαγεύων,1,7.269872195646801e-06
11281,ἐξιστάνων,1,7.269872195646801e-06
11282,μαγείαις,1,7.269872195646801e-06
11283,ἐξεστακέναι,1,7.269872195646801e-06
11284,εὐαγγελιζομένῳ,1,7.269872195646801e-06
11285,προσκαρτερῶν,1,7.269872195646801e-06
11286,γινομένας,1,7.269872195646801e-06
11287,ἐξίστατο,1,7.269872195646801e-06
11288,δέδεκται,1,7.269872195646801e-06
11289,Σαμάρεια,1,7.269872195646801e-06
11290,προσηύξαντο,1,7.269872195646801e-06
11291,ἐπιπεπτωκός,1,7.269872195646801e-06
11292,βεβαπτισμένοι,1,7.269872195646801e-06
11293,ἐπετίθεσαν,1,7.269872195646801e-06
11294,ἐλάμβανον,1,7.269872195646801e-06
11295,ἐπιθῶ,1,7.269872195646801e-06
11296,λαμβάνῃ,1,7.269872195646801e-06
11297,ἐνόμισας,1,7.269872195646801e-06
11298,χρημάτων,1,7.269872195646801e-06
11299,εὐθεῖα,1,7.269872195646801e-06
11300,δεήθητι,1,7.269872195646801e-06
11301,ἐπίνοια,1,7.269872195646801e-06
11302,χολήν,1,7.269872195646801e-06
11303,σύνδεσμον,1,7.269872195646801e-06
11304,εἰρήκατε,1,7.269872195646801e-06
11305,διαμαρτυράμενοι,1,7.269872195646801e-06
11306,εὐηγγελίζοντο,1,7.269872195646801e-06
11307,Γάζαν,1,7.269872195646801e-06
11308,Αἰθίοψ,1,7.269872195646801e-06
11309,Κανδάκης,1,7.269872195646801e-06
11310,βασιλίσσης,1,7.269872195646801e-06
11311,Αἰθιόπων,1,7.269872195646801e-06
11312,γάζης,1,7.269872195646801e-06
11313,ὑποστρέφων,1,7.269872195646801e-06
11314,ἅρματος,1,7.269872195646801e-06
11315,πρόσελθε,1,7.269872195646801e-06
11316,κολλήθητι,1,7.269872195646801e-06
11317,ἅρματι,1,7.269872195646801e-06
11318,ἀναγινώσκοντος,1,7.269872195646801e-06
11319,δυναίμην,1,7.269872195646801e-06
11320,περιοχή,1,7.269872195646801e-06
11321,σφαγήν,1,7.269872195646801e-06
11322,κείραντος,1,7.269872195646801e-06
11323,ἄφωνος,1,7.269872195646801e-06
11324,διηγήσεται,1,7.269872195646801e-06
11325,αἴρεται,1,7.269872195646801e-06
11326,ἅρμα,1,7.269872195646801e-06
11327,ἥρπασε(ν),1,7.269872195646801e-06
11328,Ἄζωτον,1,7.269872195646801e-06
11329,ἐμπνέων,1,7.269872195646801e-06
11330,ἀπειλῆς,1,7.269872195646801e-06
11331,περιήστραψε(ν),1,7.269872195646801e-06
11332,συνοδεύοντες,1,7.269872195646801e-06
11333,ἐνεοί,1,7.269872195646801e-06
11334,ἀνεῳγμένων,1,7.269872195646801e-06
11335,ἔβλεπε(ν),1,7.269872195646801e-06
11336,χειραγωγοῦντες,1,7.269872195646801e-06
11337,ζήτησον,1,7.269872195646801e-06
11338,Ταρσέα,1,7.269872195646801e-06
11339,Ἁνανίαν,1,7.269872195646801e-06
11340,ἐπιθέντα,1,7.269872195646801e-06
11341,ἀναβλέψῃ,1,7.269872195646801e-06
11342,ἐκλογῆς,1,7.269872195646801e-06
11343,ὀφθείς,1,7.269872195646801e-06
11344,ἤρχου,1,7.269872195646801e-06
11345,ἀναβλέψῃς,1,7.269872195646801e-06
11346,πλησθῇς,1,7.269872195646801e-06
11347,ἀπέπεσαν,1,7.269872195646801e-06
11348,λεπίδες,1,7.269872195646801e-06
11349,ἐνίσχυσε(ν),1,7.269872195646801e-06
11350,πορθήσας,1,7.269872195646801e-06
11351,ἐνεδυναμοῦτο,1,7.269872195646801e-06
11352,συνέχυννε(ν),1,7.269872195646801e-06
11353,συμβιβάζων,1,7.269872195646801e-06
11354,Σαύλῳ,1,7.269872195646801e-06
11355,ἐπιβουλή,1,7.269872195646801e-06
11356,πύλας,1,7.269872195646801e-06
11357,σπυρίδι,1,7.269872195646801e-06
11358,ἐπείραζε(ν),1,7.269872195646801e-06
11359,ἐπαρρησιάσατο,1,7.269872195646801e-06
11360,ἐκπορευόμενος,1,7.269872195646801e-06
11361,συνεζήτει,1,7.269872195646801e-06
11362,ἐπεχείρουν,1,7.269872195646801e-06
11363,οἰκοδομουμένη,1,7.269872195646801e-06
11364,πορευομένη,1,7.269872195646801e-06
11365,διερχόμενον,1,7.269872195646801e-06
11366,κατελθεῖν,1,7.269872195646801e-06
11367,Αἰνέαν,1,7.269872195646801e-06
11368,κραβάττου,1,7.269872195646801e-06
11369,Αἰνέα,1,7.269872195646801e-06
11370,ἰᾶται,1,7.269872195646801e-06
11371,στρῶσον,1,7.269872195646801e-06
11372,Σαρῶνα,1,7.269872195646801e-06
11373,μαθήτρια,1,7.269872195646801e-06
11374,διερμηνευομένη,1,7.269872195646801e-06
11375,ἐλεημοσυνῶν,1,7.269872195646801e-06
11376,ἀσθενήσασαν,1,7.269872195646801e-06
11377,λούσαντες,1,7.269872195646801e-06
11378,Λύδδας,1,7.269872195646801e-06
11379,ὀκνήσῃς,1,7.269872195646801e-06
11380,παραγενόμενον,1,7.269872195646801e-06
11381,κλαίουσαι,1,7.269872195646801e-06
11382,ἐπιδεικνύμεναι,1,7.269872195646801e-06
11383,Καισαρείᾳ,1,7.269872195646801e-06
11384,καλουμένης,1,7.269872195646801e-06
11385,Ἰταλικῆς,1,7.269872195646801e-06
11386,εὐσεβής,1,7.269872195646801e-06
11387,οἰκετῶν,1,7.269872195646801e-06
11388,στρατιώτην,1,7.269872195646801e-06
11389,εὐσεβῆ,1,7.269872195646801e-06
11390,προσκαρτερούντων,1,7.269872195646801e-06
11391,ἐξηγησάμενος,1,7.269872195646801e-06
11392,ὁδοιπορούντων,1,7.269872195646801e-06
11393,ἐγγιζόντων,1,7.269872195646801e-06
11394,πρόσπεινος,1,7.269872195646801e-06
11395,παρασκευαζόντων,1,7.269872195646801e-06
11396,ἀνεῳγμένον,1,7.269872195646801e-06
11397,καθιέμενον,1,7.269872195646801e-06
11398,Κορνηλίου,1,7.269872195646801e-06
11399,διερωτήσαντες,1,7.269872195646801e-06
11400,φωνήσαντες,1,7.269872195646801e-06
11401,ἐπικαλούμενος,1,7.269872195646801e-06
11402,διενθυμουμένου,1,7.269872195646801e-06
11403,πάρεστε,1,7.269872195646801e-06
11404,ἐχρηματίσθη,1,7.269872195646801e-06
11405,μεταπέμψασθαι,1,7.269872195646801e-06
11406,εἰσκαλεσάμενος,1,7.269872195646801e-06
11407,ἀναγκαίους,1,7.269872195646801e-06
11408,συνομιλῶν,1,7.269872195646801e-06
11409,συνεληλυθότας,1,7.269872195646801e-06
11410,ἀθέμιτον,1,7.269872195646801e-06
11411,προσέρχεσθαι,1,7.269872195646801e-06
11412,ἀλλοφύλῳ,1,7.269872195646801e-06
11413,ἀναντιρρήτως,1,7.269872195646801e-06
11414,μεταπεμφθείς,1,7.269872195646801e-06
11415,πυνθάνομαι,1,7.269872195646801e-06
11416,μετεπέμψασθε,1,7.269872195646801e-06
11417,τετάρτης,1,7.269872195646801e-06
11418,μετακάλεσαι,1,7.269872195646801e-06
11419,βυρσέως,1,7.269872195646801e-06
11420,πάρεσμεν,1,7.269872195646801e-06
11421,προστεταγμένα,1,7.269872195646801e-06
11422,καταλαμβάνομαι,1,7.269872195646801e-06
11423,προσωπολήμπτης,1,7.269872195646801e-06
11424,εὐεργετῶν,1,7.269872195646801e-06
11425,ἰώμενος,1,7.269872195646801e-06
11426,καταδυναστευομένους,1,7.269872195646801e-06
11427,ἀνεῖλαν,1,7.269872195646801e-06
11428,ἐμφανῆ,1,7.269872195646801e-06
11429,προκεχειροτονημένοις,1,7.269872195646801e-06
11430,συνεφάγομεν,1,7.269872195646801e-06
11431,συνεπίομεν,1,7.269872195646801e-06
11432,ὡρισμένος,1,7.269872195646801e-06
11433,μαρτυροῦσι(ν),1,7.269872195646801e-06
11434,πιστεύοντα,1,7.269872195646801e-06
11435,συνῆλθαν,1,7.269872195646801e-06
11436,μεγαλυνόντων,1,7.269872195646801e-06
11437,διεκρίνοντο,1,7.269872195646801e-06
11438,συνέφαγες,1,7.269872195646801e-06
11439,καθιεμένην,1,7.269872195646801e-06
11440,ἀνεσπάσθη,1,7.269872195646801e-06
11441,διακρίναντα,1,7.269872195646801e-06
11442,σταθέντα,1,7.269872195646801e-06
11443,ἐμνήσθην,1,7.269872195646801e-06
11444,ἴσην,1,7.269872195646801e-06
11445,Φοινίκης,1,7.269872195646801e-06
11446,Κύπρου,1,7.269872195646801e-06
11447,Κύπριοι,1,7.269872195646801e-06
11448,Κυρηναῖοι,1,7.269872195646801e-06
11449,ἀναζητῆσαι,1,7.269872195646801e-06
11450,χρηματίσαι,1,7.269872195646801e-06
11451,πρώτως,1,7.269872195646801e-06
11452,Χριστιανούς,1,7.269872195646801e-06
11453,λιμόν,1,7.269872195646801e-06
11454,Κλαυδίου,1,7.269872195646801e-06
11455,εὐπορεῖτο,1,7.269872195646801e-06
11456,ὥρισαν,1,7.269872195646801e-06
11457,ἀποστείλαντες,1,7.269872195646801e-06
11458,τετραδίοις,1,7.269872195646801e-06
11459,ἐτηρεῖτο,1,7.269872195646801e-06
11460,γινομένη,1,7.269872195646801e-06
11461,κοιμώμενος,1,7.269872195646801e-06
11462,φύλακες,1,7.269872195646801e-06
11463,οἰκήματι,1,7.269872195646801e-06
11464,ἐξέπεσαν,1,7.269872195646801e-06
11465,ζῶσαι,1,7.269872195646801e-06
11466,ὑπόδησαι,1,7.269872195646801e-06
11467,περιβαλοῦ,1,7.269872195646801e-06
11468,ἐδόκει,1,7.269872195646801e-06
11469,πύλην,1,7.269872195646801e-06
11470,σιδηρᾶν,1,7.269872195646801e-06
11471,φέρουσαν,1,7.269872195646801e-06
11472,συνιδών,1,7.269872195646801e-06
11473,ἐπικαλουμένου,1,7.269872195646801e-06
11474,Μάρκου,1,7.269872195646801e-06
11475,συνηθροισμένοι,1,7.269872195646801e-06
11476,ὑπακοῦσαι,1,7.269872195646801e-06
11477,Ῥόδη,1,7.269872195646801e-06
11478,εἰσδραμοῦσα,1,7.269872195646801e-06
11479,ἐπέμενε(ν),1,7.269872195646801e-06
11480,κρούων,1,7.269872195646801e-06
11481,σιγᾶν,1,7.269872195646801e-06
11482,ἐπιζητήσας,1,7.269872195646801e-06
11483,ἀπαχθῆναι,1,7.269872195646801e-06
11484,θυμομαχῶν,1,7.269872195646801e-06
11485,Τυρίοις,1,7.269872195646801e-06
11486,Σιδωνίοις,1,7.269872195646801e-06
11487,Βλάστον,1,7.269872195646801e-06
11488,κοιτῶνος,1,7.269872195646801e-06
11489,τρέφεσθαι,1,7.269872195646801e-06
11490,βασιλικῆς,1,7.269872195646801e-06
11491,τακτῇ,1,7.269872195646801e-06
11492,ἐνδυσάμενος,1,7.269872195646801e-06
11493,βασιλικήν,1,7.269872195646801e-06
11494,ἐδημηγόρει,1,7.269872195646801e-06
11495,δῆμος,1,7.269872195646801e-06
11496,ἐπεφώνει,1,7.269872195646801e-06
11497,σκωληκόβρωτος,1,7.269872195646801e-06
11498,πληρώσαντες,1,7.269872195646801e-06
11499,συμπαραλαβόντες,1,7.269872195646801e-06
11500,ἐπικληθέντα,1,7.269872195646801e-06
11501,Νίγερ,1,7.269872195646801e-06
11502,Κυρηναῖος,1,7.269872195646801e-06
11503,Μαναήν,1,7.269872195646801e-06
11504,τετραάρχου,1,7.269872195646801e-06
11505,σύντροφος,1,7.269872195646801e-06
11506,λειτουργούντων,1,7.269872195646801e-06
11507,νηστευόντων,1,7.269872195646801e-06
11508,ἀφορίσατε,1,7.269872195646801e-06
11509,προσκέκλημαι,1,7.269872195646801e-06
11510,νηστεύσαντες,1,7.269872195646801e-06
11511,ἐκπεμφθέντες,1,7.269872195646801e-06
11512,Σελεύκειαν,1,7.269872195646801e-06
11513,Σαλαμῖνι,1,7.269872195646801e-06
11514,κατήγγελλον,1,7.269872195646801e-06
11515,μάγον,1,7.269872195646801e-06
11516,ψευδοπροφήτην,1,7.269872195646801e-06
11517,Βαριησοῦ,1,7.269872195646801e-06
11518,ἀνθυπάτῳ,1,7.269872195646801e-06
11519,Σεργίῳ,1,7.269872195646801e-06
11520,συνετῷ,1,7.269872195646801e-06
11521,ἐπεζήτησε(ν),1,7.269872195646801e-06
11522,ἀνθίστατο,1,7.269872195646801e-06
11523,Ἐλύμας,1,7.269872195646801e-06
11524,μάγος,1,7.269872195646801e-06
11525,μεθερμηνεύεται,1,7.269872195646801e-06
11526,διαστρέψαι,1,7.269872195646801e-06
11527,ἀνθύπατον,1,7.269872195646801e-06
11528,ῥᾳδιουργίας,1,7.269872195646801e-06
11529,ἐχθρέ,1,7.269872195646801e-06
11530,παύσῃ,1,7.269872195646801e-06
11531,διαστρέφων,1,7.269872195646801e-06
11532,ἀχλύς,1,7.269872195646801e-06
11533,περιάγων,1,7.269872195646801e-06
11534,χειραγωγούς,1,7.269872195646801e-06
11535,ἀνθύπατος,1,7.269872195646801e-06
11536,ἐκπλησσόμενος,1,7.269872195646801e-06
11537,Πέργην,1,7.269872195646801e-06
11538,ἀποχωρήσας,1,7.269872195646801e-06
11539,Πέργης,1,7.269872195646801e-06
11540,ἀνάγνωσιν,1,7.269872195646801e-06
11541,ἀρχισυνάγωγοι,1,7.269872195646801e-06
11542,παροικίᾳ,1,7.269872195646801e-06
11543,βραχίονος,1,7.269872195646801e-06
11544,ὑψηλοῦ,1,7.269872195646801e-06
11545,τεσσερακονταετῆ,1,7.269872195646801e-06
11546,ἐτροποφόρησε(ν),1,7.269872195646801e-06
11547,κατεκληρονόμησε(ν),1,7.269872195646801e-06
11548,τετρακοσίοις,1,7.269872195646801e-06
11549,κριτάς,1,7.269872195646801e-06
11550,Κίς,1,7.269872195646801e-06
11551,μεταστήσας,1,7.269872195646801e-06
11552,μαρτυρήσας,1,7.269872195646801e-06
11553,προκηρύξαντος,1,7.269872195646801e-06
11554,εἰσόδου,1,7.269872195646801e-06
11555,ἐπλήρου,1,7.269872195646801e-06
11556,ὑπονοεῖτε,1,7.269872195646801e-06
11557,ἐξαπεστάλη,1,7.269872195646801e-06
11558,ἀγνοήσαντες,1,7.269872195646801e-06
11559,ἀναγινωσκομένας,1,7.269872195646801e-06
11560,καθελόντες,1,7.269872195646801e-06
11561,συναναβᾶσι(ν),1,7.269872195646801e-06
11562,εὐαγγελιζόμεθα,1,7.269872195646801e-06
11563,ἐκπεπλήρωκε(ν),1,7.269872195646801e-06
11564,ψαλμῷ,1,7.269872195646801e-06
11565,ὅσια,1,7.269872195646801e-06
11566,ὑπηρετήσας,1,7.269872195646801e-06
11567,ἠδυνήθητε,1,7.269872195646801e-06
11568,καταφρονηταί,1,7.269872195646801e-06
11569,θαυμάσατε,1,7.269872195646801e-06
11570,ἀφανίσθητε,1,7.269872195646801e-06
11571,ἐκδιηγῆται,1,7.269872195646801e-06
11572,ἐξιόντων,1,7.269872195646801e-06
11573,λυθείσης,1,7.269872195646801e-06
11574,προσηλύτων,1,7.269872195646801e-06
11575,προσλαλοῦντες,1,7.269872195646801e-06
11576,ἔπειθον,1,7.269872195646801e-06
11577,ἀντέλεγον,1,7.269872195646801e-06
11578,παρρησιασάμενοι,1,7.269872195646801e-06
11579,ἀπωθεῖσθε,1,7.269872195646801e-06
11580,στρεφόμεθα,1,7.269872195646801e-06
11581,ἐντέταλται,1,7.269872195646801e-06
11582,ἔχαιρον,1,7.269872195646801e-06
11583,τεταγμένοι,1,7.269872195646801e-06
11584,διεφέρετο,1,7.269872195646801e-06
11585,παρώτρυναν,1,7.269872195646801e-06
11586,σεβομένας,1,7.269872195646801e-06
11587,εὐσχήμονας,1,7.269872195646801e-06
11588,διωγμόν,1,7.269872195646801e-06
11589,ἐκτιναξάμενοι,1,7.269872195646801e-06
11590,ἀπειθήσαντες,1,7.269872195646801e-06
11591,ἐκάκωσαν,1,7.269872195646801e-06
11592,διέτριψαν,1,7.269872195646801e-06
11593,παρρησιαζόμενοι,1,7.269872195646801e-06
11594,μαρτυροῦντι,1,7.269872195646801e-06
11595,ἄρχουσι(ν),1,7.269872195646801e-06
11596,ὑβρίσαι,1,7.269872195646801e-06
11597,λιθοβολῆσαι,1,7.269872195646801e-06
11598,συνιδόντες,1,7.269872195646801e-06
11599,κατέφυγον,1,7.269872195646801e-06
11600,Λυκαονίας,1,7.269872195646801e-06
11601,ἀδύνατος,1,7.269872195646801e-06
11602,ὀρθός,1,7.269872195646801e-06
11603,ἥλατο,1,7.269872195646801e-06
11604,Λυκαονιστί,1,7.269872195646801e-06
11605,ὁμοιωθέντες,1,7.269872195646801e-06
11606,Δία,1,7.269872195646801e-06
11607,Διός,1,7.269872195646801e-06
11608,ταύρους,1,7.269872195646801e-06
11609,στέμματα,1,7.269872195646801e-06
11610,διαρρήξαντες,1,7.269872195646801e-06
11611,ἐξεπήδησαν,1,7.269872195646801e-06
11612,ὁμοιοπαθεῖς,1,7.269872195646801e-06
11613,ματαίων,1,7.269872195646801e-06
11614,παρῳχημέναις,1,7.269872195646801e-06
11615,ἀμάρτυρον,1,7.269872195646801e-06
11616,ἀγαθουργῶν,1,7.269872195646801e-06
11617,ὑετούς,1,7.269872195646801e-06
11618,καρποφόρους,1,7.269872195646801e-06
11619,ἐμπιπλῶν,1,7.269872195646801e-06
11620,κατέπαυσαν,1,7.269872195646801e-06
11621,ἐπῆλθαν,1,7.269872195646801e-06
11622,Ἰκονίου,1,7.269872195646801e-06
11623,λιθάσαντες,1,7.269872195646801e-06
11624,νομίζοντες,1,7.269872195646801e-06
11625,τεθνηκέναι,1,7.269872195646801e-06
11626,κυκλωσάντων,1,7.269872195646801e-06
11627,εὐαγγελισάμενοι,1,7.269872195646801e-06
11628,μαθητεύσαντες,1,7.269872195646801e-06
11629,ἐπιστηρίζοντες,1,7.269872195646801e-06
11630,ἐμμένειν,1,7.269872195646801e-06
11631,χειροτονήσαντες,1,7.269872195646801e-06
11632,νηστειῶν,1,7.269872195646801e-06
11633,πεπιστεύκεισαν,1,7.269872195646801e-06
11634,Πέργῃ,1,7.269872195646801e-06
11635,Ἀττάλειαν,1,7.269872195646801e-06
11636,παραδεδομένοι,1,7.269872195646801e-06
11637,ἀνήγγελλον,1,7.269872195646801e-06
11638,κατελθόντες,1,7.269872195646801e-06
11639,περιτμηθῆτε,1,7.269872195646801e-06
11640,ἔθει,1,7.269872195646801e-06
11641,ὀλίγης,1,7.269872195646801e-06
11642,ζητήματος,1,7.269872195646801e-06
11643,προπεμφθέντες,1,7.269872195646801e-06
11644,Σαμάρειαν,1,7.269872195646801e-06
11645,ἐκδιηγούμενοι,1,7.269872195646801e-06
11646,ἐπιστροφήν,1,7.269872195646801e-06
11647,παρεδέχθησαν,1,7.269872195646801e-06
11648,ἀνήγγειλαν,1,7.269872195646801e-06
11649,ἐξανέστησαν,1,7.269872195646801e-06
11650,παραγγέλλειν,1,7.269872195646801e-06
11651,καρδιογνώστης,1,7.269872195646801e-06
11652,διέκρινε(ν),1,7.269872195646801e-06
11653,ἐπιθεῖναι,1,7.269872195646801e-06
11654,ἐσίγησε(ν),1,7.269872195646801e-06
11655,ἐξηγουμένων,1,7.269872195646801e-06
11656,σιγῆσαι,1,7.269872195646801e-06
11657,συμφωνοῦσι(ν),1,7.269872195646801e-06
11658,ἀναστρέψω,1,7.269872195646801e-06
11659,πεπτωκυῖαν,1,7.269872195646801e-06
11660,κατεσκαμμένα,1,7.269872195646801e-06
11661,ἀνορθώσω,1,7.269872195646801e-06
11662,ἐκζητήσωσι(ν),1,7.269872195646801e-06
11663,κατάλοιποι,1,7.269872195646801e-06
11664,ἐπικέκληται,1,7.269872195646801e-06
11665,γνωστά,1,7.269872195646801e-06
11666,παρενοχλεῖν,1,7.269872195646801e-06
11667,ἐπιστρέφουσι(ν),1,7.269872195646801e-06
11668,ἐπιστεῖλαι,1,7.269872195646801e-06
11669,ἀλισγημάτων,1,7.269872195646801e-06
11670,πνικτοῦ,1,7.269872195646801e-06
11671,κηρύσσοντας,1,7.269872195646801e-06
11672,ἀναγινωσκόμενος,1,7.269872195646801e-06
11673,ἐκλεξαμένους,1,7.269872195646801e-06
11674,γράψαντες,1,7.269872195646801e-06
11675,ἀνασκευάζοντες,1,7.269872195646801e-06
11676,διεστειλάμεθα,1,7.269872195646801e-06
11677,ἐκλεξαμένοις,1,7.269872195646801e-06
11678,παραδεδωκόσι(ν),1,7.269872195646801e-06
11679,ἀπεστάλκαμεν,1,7.269872195646801e-06
11680,ἀπαγγέλλοντας,1,7.269872195646801e-06
11681,ἐπιτίθεσθαι,1,7.269872195646801e-06
11682,ἐπάναγκες,1,7.269872195646801e-06
11683,πνικτῶν,1,7.269872195646801e-06
11684,διατηροῦντες,1,7.269872195646801e-06
11685,πράξετε,1,7.269872195646801e-06
11686,ἔρρωσθε,1,7.269872195646801e-06
11687,ἀναγνόντες,1,7.269872195646801e-06
11688,ἐπεστήριξαν,1,7.269872195646801e-06
11689,ἀπελύθησαν,1,7.269872195646801e-06
11690,ἀποστείλαντας,1,7.269872195646801e-06
11691,ἐπιστρέψαντες,1,7.269872195646801e-06
11692,ἐπισκεψώμεθα,1,7.269872195646801e-06
11693,κατηγγείλαμεν,1,7.269872195646801e-06
11694,ἐβούλετο,1,7.269872195646801e-06
11695,συμπαραλαβεῖν,1,7.269872195646801e-06
11696,ἠξίου,1,7.269872195646801e-06
11697,ἀποστάντα,1,7.269872195646801e-06
11698,συνελθόντα,1,7.269872195646801e-06
11699,συμπαραλαμβάνειν,1,7.269872195646801e-06
11700,παροξυσμός,1,7.269872195646801e-06
11701,ἀποχωρισθῆναι,1,7.269872195646801e-06
11702,παραλαβόντα,1,7.269872195646801e-06
11703,ἐκπλεῦσαι,1,7.269872195646801e-06
11704,ἐπιλεξάμενος,1,7.269872195646801e-06
11705,παραδοθείς,1,7.269872195646801e-06
11706,ἐπιστηρίζων,1,7.269872195646801e-06
11707,πιστῆς,1,7.269872195646801e-06
11708,ἐμαρτυρεῖτο,1,7.269872195646801e-06
11709,διεπορεύοντο,1,7.269872195646801e-06
11710,παρεδίδοσαν,1,7.269872195646801e-06
11711,δόγματα,1,7.269872195646801e-06
11712,κεκριμένα,1,7.269872195646801e-06
11713,ἐστερεοῦντο,1,7.269872195646801e-06
11714,ἐπερίσσευον,1,7.269872195646801e-06
11715,ἀριθμῷ,1,7.269872195646801e-06
11716,κωλυθέντες,1,7.269872195646801e-06
11717,ἐπείραζον,1,7.269872195646801e-06
11718,Βιθυνίαν,1,7.269872195646801e-06
11719,παρελθόντες,1,7.269872195646801e-06
11720,Μακεδών,1,7.269872195646801e-06
11721,διαβάς,1,7.269872195646801e-06
11722,ἐζητήσαμεν,1,7.269872195646801e-06
11723,συμβιβάζοντες,1,7.269872195646801e-06
11724,προσκέκληται,1,7.269872195646801e-06
11725,Τρῳάδος,1,7.269872195646801e-06
11726,εὐθυδρομήσαμεν,1,7.269872195646801e-06
11727,Σαμοθρᾴκην,1,7.269872195646801e-06
11728,Νέαν,1,7.269872195646801e-06
11729,Πόλιν,1,7.269872195646801e-06
11730,Φιλίππους,1,7.269872195646801e-06
11731,μερίδος,1,7.269872195646801e-06
11732,κολωνία,1,7.269872195646801e-06
11733,διατρίβοντες,1,7.269872195646801e-06
11734,ἐξήλθομεν,1,7.269872195646801e-06
11735,ἐνομίζομεν,1,7.269872195646801e-06
11736,ἐλαλοῦμεν,1,7.269872195646801e-06
11737,συνελθούσαις,1,7.269872195646801e-06
11738,Λυδία,1,7.269872195646801e-06
11739,πορφυρόπωλις,1,7.269872195646801e-06
11740,Θυατείρων,1,7.269872195646801e-06
11741,σεβομένη,1,7.269872195646801e-06
11742,κεκρίκατε,1,7.269872195646801e-06
11743,πιστήν,1,7.269872195646801e-06
11744,παρεβιάσατο,1,7.269872195646801e-06
11745,πύθωνα,1,7.269872195646801e-06
11746,παρεῖχε(ν),1,7.269872195646801e-06
11747,μαντευομένη,1,7.269872195646801e-06
11748,κατακολουθοῦσα,1,7.269872195646801e-06
11749,διαπονηθείς,1,7.269872195646801e-06
11750,εἵλκυσαν,1,7.269872195646801e-06
11751,ἀγοράν,1,7.269872195646801e-06
11752,προσαγαγόντες,1,7.269872195646801e-06
11753,ἐκταράσσουσι(ν),1,7.269872195646801e-06
11754,παραδέχεσθαι,1,7.269872195646801e-06
11755,συνεπέστη,1,7.269872195646801e-06
11756,περιρήξαντες,1,7.269872195646801e-06
11757,ἐκέλευον,1,7.269872195646801e-06
11758,ῥαβδίζειν,1,7.269872195646801e-06
11759,παραγγείλαντες,1,7.269872195646801e-06
11760,δεσμοφύλακι,1,7.269872195646801e-06
11761,ἐσωτέραν,1,7.269872195646801e-06
11762,ἠσφαλίσατο,1,7.269872195646801e-06
11763,ὕμνουν,1,7.269872195646801e-06
11764,ἐπηκροῶντο,1,7.269872195646801e-06
11765,δέσμιοι,1,7.269872195646801e-06
11766,θεμέλια,1,7.269872195646801e-06
11767,δεσμωτηρίου,1,7.269872195646801e-06
11768,ἀνέθη,1,7.269872195646801e-06
11769,ἔξυπνος,1,7.269872195646801e-06
11770,ἀνεῳγμένας,1,7.269872195646801e-06
11771,ἀναιρεῖν,1,7.269872195646801e-06
11772,νομίζων,1,7.269872195646801e-06
11773,ἐκπεφευγέναι,1,7.269872195646801e-06
11774,δεσμίους,1,7.269872195646801e-06
11775,πράξῃς,1,7.269872195646801e-06
11776,φῶτα,1,7.269872195646801e-06
11777,εἰσεπήδησε(ν),1,7.269872195646801e-06
11778,προαγαγών,1,7.269872195646801e-06
11779,σωθῶ,1,7.269872195646801e-06
11780,ἔλουσε(ν),1,7.269872195646801e-06
11781,πανοικεί,1,7.269872195646801e-06
11782,πεπιστευκώς,1,7.269872195646801e-06
11783,ῥαβδούχους,1,7.269872195646801e-06
11784,ἀπέσταλκαν,1,7.269872195646801e-06
11785,ἀπολυθῆτε,1,7.269872195646801e-06
11786,ἀκατακρίτους,1,7.269872195646801e-06
11787,Ῥωμαίους,1,7.269872195646801e-06
11788,ὑπάρχοντας,1,7.269872195646801e-06
11789,ἔβαλαν,1,7.269872195646801e-06
11790,ἐξαγαγέτωσαν,1,7.269872195646801e-06
11791,ῥαβδοῦχοι,1,7.269872195646801e-06
11792,ἐξαγαγόντες,1,7.269872195646801e-06
11793,Λυδίαν,1,7.269872195646801e-06
11794,διοδεύσαντες,1,7.269872195646801e-06
11795,Ἀμφίπολιν,1,7.269872195646801e-06
11796,Ἀπολλωνίαν,1,7.269872195646801e-06
11797,σάββατα,1,7.269872195646801e-06
11798,διανοίγων,1,7.269872195646801e-06
11799,παρατιθέμενος,1,7.269872195646801e-06
11800,προσεκληρώθησαν,1,7.269872195646801e-06
11801,ὀλίγαι,1,7.269872195646801e-06
11802,ἀγοραίων,1,7.269872195646801e-06
11803,ὀχλοποιήσαντες,1,7.269872195646801e-06
11804,ἐθορύβουν,1,7.269872195646801e-06
11805,Ἰάσονα,1,7.269872195646801e-06
11806,ἀναστατώσαντες,1,7.269872195646801e-06
11807,πάρεισι(ν),1,7.269872195646801e-06
11808,ὑποδέδεκται,1,7.269872195646801e-06
11809,δογμάτων,1,7.269872195646801e-06
11810,ἐξέπεμψαν,1,7.269872195646801e-06
11811,Βέροιαν,1,7.269872195646801e-06
11812,ἀπῄεσαν,1,7.269872195646801e-06
11813,εὐγενέστεροι,1,7.269872195646801e-06
11814,προθυμίας,1,7.269872195646801e-06
11815,Ἑλληνίδων,1,7.269872195646801e-06
11816,εὐσχημόνων,1,7.269872195646801e-06
11817,Θεσσαλονίκης,1,7.269872195646801e-06
11818,Βεροίᾳ,1,7.269872195646801e-06
11819,κατηγγέλη,1,7.269872195646801e-06
11820,σαλεύοντες,1,7.269872195646801e-06
11821,ὑπέμειναν,1,7.269872195646801e-06
11822,καθιστάνοντες,1,7.269872195646801e-06
11823,τάχιστα,1,7.269872195646801e-06
11824,ἐξῄεσαν,1,7.269872195646801e-06
11825,ἐκδεχομένου,1,7.269872195646801e-06
11826,παρωξύνετο,1,7.269872195646801e-06
11827,θεωροῦντος,1,7.269872195646801e-06
11828,κατείδωλον,1,7.269872195646801e-06
11829,σεβομένοις,1,7.269872195646801e-06
11830,παρατυγχάνοντας,1,7.269872195646801e-06
11831,Ἐπικουρείων,1,7.269872195646801e-06
11832,Στοϊκῶν,1,7.269872195646801e-06
11833,φιλοσόφων,1,7.269872195646801e-06
11834,σπερμολόγος,1,7.269872195646801e-06
11835,ξένων,1,7.269872195646801e-06
11836,καταγγελεύς,1,7.269872195646801e-06
11837,Ἄρειον,1,7.269872195646801e-06
11838,Πάγον,1,7.269872195646801e-06
11839,λαλουμένη,1,7.269872195646801e-06
11840,ξενίζοντα,1,7.269872195646801e-06
11841,εἰσφέρεις,1,7.269872195646801e-06
11842,βουλόμεθα,1,7.269872195646801e-06
11843,ηὐκαίρουν,1,7.269872195646801e-06
11844,καινότερον,1,7.269872195646801e-06
11845,Ἀρείου,1,7.269872195646801e-06
11846,Πάγου,1,7.269872195646801e-06
11847,δεισιδαιμονεστέρους,1,7.269872195646801e-06
11848,ἀναθεωρῶν,1,7.269872195646801e-06
11849,σεβάσματα,1,7.269872195646801e-06
11850,βωμόν,1,7.269872195646801e-06
11851,ἐπεγέγραπτο,1,7.269872195646801e-06
11852,ἀγνώστῳ,1,7.269872195646801e-06
11853,εὐσεβεῖτε,1,7.269872195646801e-06
11854,ναοῖς,1,7.269872195646801e-06
11855,ἀνθρωπίνων,1,7.269872195646801e-06
11856,θεραπεύεται,1,7.269872195646801e-06
11857,προσδεόμενος,1,7.269872195646801e-06
11858,πνοήν,1,7.269872195646801e-06
11859,κατοικεῖν,1,7.269872195646801e-06
11860,ὁρίσας,1,7.269872195646801e-06
11861,προστεταγμένους,1,7.269872195646801e-06
11862,ὁροθεσίας,1,7.269872195646801e-06
11863,κατοικίας,1,7.269872195646801e-06
11864,ψηλαφήσειαν,1,7.269872195646801e-06
11865,εὕροιε(ν),1,7.269872195646801e-06
11866,κινούμεθα,1,7.269872195646801e-06
11867,ποιητῶν,1,7.269872195646801e-06
11868,εἰρήκασι(ν),1,7.269872195646801e-06
11869,νομίζειν,1,7.269872195646801e-06
11870,ἀργύρῳ,1,7.269872195646801e-06
11871,χαράγματι,1,7.269872195646801e-06
11872,ἐνθυμήσεως,1,7.269872195646801e-06
11873,ἀγνοίας,1,7.269872195646801e-06
11874,ὑπεριδών,1,7.269872195646801e-06
11875,ὥρισε(ν),1,7.269872195646801e-06
11876,παρασχών,1,7.269872195646801e-06
11877,ἐχλεύαζον,1,7.269872195646801e-06
11878,ἀκουσόμεθα,1,7.269872195646801e-06
11879,κολληθέντες,1,7.269872195646801e-06
11880,Διονύσιος,1,7.269872195646801e-06
11881,Ἀρεοπαγίτης,1,7.269872195646801e-06
11882,Δάμαρις,1,7.269872195646801e-06
11883,χωρισθείς,1,7.269872195646801e-06
11884,Ποντικόν,1,7.269872195646801e-06
11885,προσφάτως,1,7.269872195646801e-06
11886,Πρίσκιλλαν,1,7.269872195646801e-06
11887,διατεταχέναι,1,7.269872195646801e-06
11888,Κλαύδιον,1,7.269872195646801e-06
11889,Ῥώμης,1,7.269872195646801e-06
11890,ὁμότεχνον,1,7.269872195646801e-06
11891,ἠργάζετο,1,7.269872195646801e-06
11892,σκηνοποιοί,1,7.269872195646801e-06
11893,τέχνῃ,1,7.269872195646801e-06
11894,ἔπειθε(ν),1,7.269872195646801e-06
11895,συνείχετο,1,7.269872195646801e-06
11896,ἀντιτασσομένων,1,7.269872195646801e-06
11897,βλασφημούντων,1,7.269872195646801e-06
11898,ἐκτιναξάμενος,1,7.269872195646801e-06
11899,Τιτίου,1,7.269872195646801e-06
11900,Ἰούστου,1,7.269872195646801e-06
11901,σεβομένου,1,7.269872195646801e-06
11902,συνομοροῦσα,1,7.269872195646801e-06
11903,Κρίσπος,1,7.269872195646801e-06
11904,Κορινθίων,1,7.269872195646801e-06
11905,σιωπήσῃς,1,7.269872195646801e-06
11906,ἐπιθήσεται,1,7.269872195646801e-06
11907,Γαλλίωνος,1,7.269872195646801e-06
11908,ἀνθυπάτου,1,7.269872195646801e-06
11909,κατεπέστησαν,1,7.269872195646801e-06
11910,ἀναπείθει,1,7.269872195646801e-06
11911,σέβεσθαι,1,7.269872195646801e-06
11912,ἀνοίγειν,1,7.269872195646801e-06
11913,Γαλλίων,1,7.269872195646801e-06
11914,ῥᾳδιούργημα,1,7.269872195646801e-06
11915,ἀνεσχόμην,1,7.269872195646801e-06
11916,ἀπήλασε(ν),1,7.269872195646801e-06
11917,Σωσθένην,1,7.269872195646801e-06
11918,ἀρχισυνάγωγον,1,7.269872195646801e-06
11919,Γαλλίωνι,1,7.269872195646801e-06
11920,προσμείνας,1,7.269872195646801e-06
11921,ἐξέπλει,1,7.269872195646801e-06
11922,κειράμενος,1,7.269872195646801e-06
11923,κἀκείνους,1,7.269872195646801e-06
11924,ἐρωτώντων,1,7.269872195646801e-06
11925,ἐπένευσε(ν),1,7.269872195646801e-06
11926,ἀνακάμψω,1,7.269872195646801e-06
11927,στηρίζων,1,7.269872195646801e-06
11928,Ἀλεξανδρεύς,1,7.269872195646801e-06
11929,λόγιος,1,7.269872195646801e-06
11930,κατηχημένος,1,7.269872195646801e-06
11931,ζέων,1,7.269872195646801e-06
11932,παρρησιάζεσθαι,1,7.269872195646801e-06
11933,ἐξέθεντο,1,7.269872195646801e-06
11934,προτρεψάμενοι,1,7.269872195646801e-06
11935,ἔγραψαν,1,7.269872195646801e-06
11936,ἀποδέξασθαι,1,7.269872195646801e-06
11937,συνεβάλετο,1,7.269872195646801e-06
11938,πεπιστευκόσι(ν),1,7.269872195646801e-06
11939,διακατηλέγχετο,1,7.269872195646801e-06
11940,ἐπιδεικνύς,1,7.269872195646801e-06
11941,διελθόντα,1,7.269872195646801e-06
11942,ἀνωτερικά,1,7.269872195646801e-06
11943,ἐπροφήτευον,1,7.269872195646801e-06
11944,ἐπαρρησιάζετο,1,7.269872195646801e-06
11945,ἐσκληρύνοντο,1,7.269872195646801e-06
11946,ἠπείθουν,1,7.269872195646801e-06
11947,κακολογοῦντες,1,7.269872195646801e-06
11948,ἀποστάς,1,7.269872195646801e-06
11949,ἀφώρισε(ν),1,7.269872195646801e-06
11950,σχολῇ,1,7.269872195646801e-06
11951,Τυράννου,1,7.269872195646801e-06
11952,τυχούσας,1,7.269872195646801e-06
11953,ἀποφέρεσθαι,1,7.269872195646801e-06
11954,χρωτός,1,7.269872195646801e-06
11955,σουδάρια,1,7.269872195646801e-06
11956,σιμικίνθια,1,7.269872195646801e-06
11957,ἀπαλλάσσεσθαι,1,7.269872195646801e-06
11958,περιερχομένων,1,7.269872195646801e-06
11959,ἐξορκιστῶν,1,7.269872195646801e-06
11960,ὀνομάζειν,1,7.269872195646801e-06
11961,Σκευᾶ,1,7.269872195646801e-06
11962,ἀποκριθέν,1,7.269872195646801e-06
11963,ἐφαλόμενος,1,7.269872195646801e-06
11964,κατακυριεύσας,1,7.269872195646801e-06
11965,ἀμφοτέρων,1,7.269872195646801e-06
11966,γυμνούς,1,7.269872195646801e-06
11967,τετραυματισμένους,1,7.269872195646801e-06
11968,ἐμεγαλύνετο,1,7.269872195646801e-06
11969,ἀναγγέλλοντες,1,7.269872195646801e-06
11970,περίεργα,1,7.269872195646801e-06
11971,συνενέγκαντες,1,7.269872195646801e-06
11972,βίβλους,1,7.269872195646801e-06
11973,κατέκαιον,1,7.269872195646801e-06
11974,συνεψήφισαν,1,7.269872195646801e-06
11975,μυριάδας,1,7.269872195646801e-06
11976,διακονούντων,1,7.269872195646801e-06
11977,Ἔραστον,1,7.269872195646801e-06
11978,ἐπέσχε(ν),1,7.269872195646801e-06
11979,ἀργυροκόπος,1,7.269872195646801e-06
11980,ναούς,1,7.269872195646801e-06
11981,ἀργυροῦς,1,7.269872195646801e-06
11982,παρείχετο,1,7.269872195646801e-06
11983,τεχνίταις,1,7.269872195646801e-06
11984,ὀλίγην,1,7.269872195646801e-06
11985,συναθροίσας,1,7.269872195646801e-06
11986,εὐπορία,1,7.269872195646801e-06
11987,πείσας,1,7.269872195646801e-06
11988,κινδυνεύει,1,7.269872195646801e-06
11989,ἀπελεγμόν,1,7.269872195646801e-06
11990,θεᾶς,1,7.269872195646801e-06
11991,καθαιρεῖσθαι,1,7.269872195646801e-06
11992,Ἀσία,1,7.269872195646801e-06
11993,οἰκουμένη,1,7.269872195646801e-06
11994,σέβεται,1,7.269872195646801e-06
11995,συγχύσεως,1,7.269872195646801e-06
11996,συναρπάσαντες,1,7.269872195646801e-06
11997,Ἀρίσταρχον,1,7.269872195646801e-06
11998,Μακεδόνας,1,7.269872195646801e-06
11999,συνεκδήμους,1,7.269872195646801e-06
12000,Ἀσιαρχῶν,1,7.269872195646801e-06
12001,πέμψαντες,1,7.269872195646801e-06
12002,συγκεχυμένη,1,7.269872195646801e-06
12003,συνεληλύθεισαν,1,7.269872195646801e-06
12004,συνεβίβασαν,1,7.269872195646801e-06
12005,Ἀλέξανδρον,1,7.269872195646801e-06
12006,προβαλόντων,1,7.269872195646801e-06
12007,δήμῳ,1,7.269872195646801e-06
12008,κραζόντων,1,7.269872195646801e-06
12009,καταστείλας,1,7.269872195646801e-06
12010,Ἐφέσιοι,1,7.269872195646801e-06
12011,νεωκόρον,1,7.269872195646801e-06
12012,διοπετοῦς,1,7.269872195646801e-06
12013,ἀναντιρρήτων,1,7.269872195646801e-06
12014,κατεσταλμένους,1,7.269872195646801e-06
12015,προπετές,1,7.269872195646801e-06
12016,ἱεροσύλους,1,7.269872195646801e-06
12017,βλασφημοῦντας,1,7.269872195646801e-06
12018,τεχνῖται,1,7.269872195646801e-06
12019,ἀγοραῖοι,1,7.269872195646801e-06
12020,ἀνθύπατοι,1,7.269872195646801e-06
12021,ἐγκαλείτωσαν,1,7.269872195646801e-06
12022,περαιτέρω,1,7.269872195646801e-06
12023,ἐπιζητεῖτε,1,7.269872195646801e-06
12024,ἐννόμῳ,1,7.269872195646801e-06
12025,ἐπιλυθήσεται,1,7.269872195646801e-06
12026,ἐγκαλεῖσθαι,1,7.269872195646801e-06
12027,αἰτίου,1,7.269872195646801e-06
12028,δυνησόμεθα,1,7.269872195646801e-06
12029,συστροφῆς,1,7.269872195646801e-06
12030,παύσασθαι,1,7.269872195646801e-06
12031,μεταπεμψάμενος,1,7.269872195646801e-06
12032,ἐκεῖνα,1,7.269872195646801e-06
12033,Ἑλλάδα,1,7.269872195646801e-06
12034,συνείπετο,1,7.269872195646801e-06
12035,Σώπατρος,1,7.269872195646801e-06
12036,Πύρρου,1,7.269872195646801e-06
12037,Βεροιαῖος,1,7.269872195646801e-06
12038,Σεκοῦνδος,1,7.269872195646801e-06
12039,Δερβαῖος,1,7.269872195646801e-06
12040,Ἀσιανοί,1,7.269872195646801e-06
12041,Τρόφιμος,1,7.269872195646801e-06
12042,ἔμενον,1,7.269872195646801e-06
12043,ἐξεπλεύσαμεν,1,7.269872195646801e-06
12044,Φιλίππων,1,7.269872195646801e-06
12045,διετρίψαμεν,1,7.269872195646801e-06
12046,κλάσαι,1,7.269872195646801e-06
12047,παρέτεινε(ν),1,7.269872195646801e-06
12048,καθεζόμενος,1,7.269872195646801e-06
12049,νεανίας,1,7.269872195646801e-06
12050,Εὔτυχος,1,7.269872195646801e-06
12051,καταφερόμενος,1,7.269872195646801e-06
12052,βαθεῖ,1,7.269872195646801e-06
12053,κατενεχθείς,1,7.269872195646801e-06
12054,τριστέγου,1,7.269872195646801e-06
12055,συμπεριλαβών,1,7.269872195646801e-06
12056,ὁμιλήσας,1,7.269872195646801e-06
12057,αὐγῆς,1,7.269872195646801e-06
12058,παρεκλήθησαν,1,7.269872195646801e-06
12059,μετρίως,1,7.269872195646801e-06
12060,προελθόντες,1,7.269872195646801e-06
12061,ἀναλαμβάνειν,1,7.269872195646801e-06
12062,διατεταγμένος,1,7.269872195646801e-06
12063,πεζεύειν,1,7.269872195646801e-06
12064,συνέβαλλε(ν),1,7.269872195646801e-06
12065,Μιτυλήνην,1,7.269872195646801e-06
12066,ἀποπλεύσαντες,1,7.269872195646801e-06
12067,ἄντικρυς,1,7.269872195646801e-06
12068,Χίου,1,7.269872195646801e-06
12069,παρεβάλομεν,1,7.269872195646801e-06
12070,Σάμον,1,7.269872195646801e-06
12071,Μίλητον,1,7.269872195646801e-06
12072,κεκρίκει,1,7.269872195646801e-06
12073,παραπλεῦσαι,1,7.269872195646801e-06
12074,χρονοτριβῆσαι,1,7.269872195646801e-06
12075,ἔσπευδε(ν),1,7.269872195646801e-06
12076,Μιλήτου,1,7.269872195646801e-06
12077,ἐπέβην,1,7.269872195646801e-06
12078,πειρασμῶν,1,7.269872195646801e-06
12079,συμβάντων,1,7.269872195646801e-06
12080,ἐπιβουλαῖς,1,7.269872195646801e-06
12081,συμφερόντων,1,7.269872195646801e-06
12082,συναντήσοντα,1,7.269872195646801e-06
12083,διαμαρτύρεται,1,7.269872195646801e-06
12084,λέγον,1,7.269872195646801e-06
12085,θλίψεις,1,7.269872195646801e-06
12086,τιμίαν,1,7.269872195646801e-06
12087,ποιμνίῳ,1,7.269872195646801e-06
12088,ἐπισκόπους,1,7.269872195646801e-06
12089,περιεποιήσατο,1,7.269872195646801e-06
12090,ἄφιξιν,1,7.269872195646801e-06
12091,βαρεῖς,1,7.269872195646801e-06
12092,φειδόμενοι,1,7.269872195646801e-06
12093,διεστραμμένα,1,7.269872195646801e-06
12094,ἀποσπᾶν,1,7.269872195646801e-06
12095,τριετίαν,1,7.269872195646801e-06
12096,ἐπαυσάμην,1,7.269872195646801e-06
12097,ἱματισμοῦ,1,7.269872195646801e-06
12098,ὑπηρέτησαν,1,7.269872195646801e-06
12099,ὑπέδειξα,1,7.269872195646801e-06
12100,ἀντιλαμβάνεσθαι,1,7.269872195646801e-06
12101,μνημονεύειν,1,7.269872195646801e-06
12102,ἐπιπεσόντες,1,7.269872195646801e-06
12103,κατεφίλουν,1,7.269872195646801e-06
12104,προέπεμπον,1,7.269872195646801e-06
12105,ἀποσπασθέντας,1,7.269872195646801e-06
12106,εὐθυδρομήσαντες,1,7.269872195646801e-06
12107,Κῶ,1,7.269872195646801e-06
12108,Ῥόδον,1,7.269872195646801e-06
12109,Πάταρα,1,7.269872195646801e-06
12110,διαπερῶν,1,7.269872195646801e-06
12111,ἀναφάναντες,1,7.269872195646801e-06
12112,ἐπλέομεν,1,7.269872195646801e-06
12113,ἀποφορτιζόμενον,1,7.269872195646801e-06
12114,ἀνευρόντες,1,7.269872195646801e-06
12115,ἐπιβαίνειν,1,7.269872195646801e-06
12116,ἐξαρτίσαι,1,7.269872195646801e-06
12117,ἐπορευόμεθα,1,7.269872195646801e-06
12118,προπεμπόντων,1,7.269872195646801e-06
12119,θέντες,1,7.269872195646801e-06
12120,ἀπησπασάμεθα,1,7.269872195646801e-06
12121,ἐνέβημεν,1,7.269872195646801e-06
12122,διανύσαντες,1,7.269872195646801e-06
12123,Πτολεμαΐδα,1,7.269872195646801e-06
12124,προφητεύουσαι,1,7.269872195646801e-06
12125,ἐπιμενόντων,1,7.269872195646801e-06
12126,δήσας,1,7.269872195646801e-06
12127,ζώνη,1,7.269872195646801e-06
12128,δήσουσι(ν),1,7.269872195646801e-06
12129,παρεκαλοῦμεν,1,7.269872195646801e-06
12130,ἐντόπιοι,1,7.269872195646801e-06
12131,συνθρύπτοντες,1,7.269872195646801e-06
12132,πειθομένου,1,7.269872195646801e-06
12133,ἡσυχάσαμεν,1,7.269872195646801e-06
12134,ἐπισκευασάμενοι,1,7.269872195646801e-06
12135,ἀνεβαίνομεν,1,7.269872195646801e-06
12136,ἄγοντες,1,7.269872195646801e-06
12137,ξενισθῶμεν,1,7.269872195646801e-06
12138,Μνάσωνι,1,7.269872195646801e-06
12139,Κυπρίῳ,1,7.269872195646801e-06
12140,ἀρχαίῳ,1,7.269872195646801e-06
12141,ἀσμένως,1,7.269872195646801e-06
12142,ἀπεδέξαντο,1,7.269872195646801e-06
12143,ἐξηγεῖτο,1,7.269872195646801e-06
12144,θεωρεῖς,1,7.269872195646801e-06
12145,πόσαι,1,7.269872195646801e-06
12146,κατηχήθησαν,1,7.269872195646801e-06
12147,ἀποστασίαν,1,7.269872195646801e-06
12148,ἁγνίσθητι,1,7.269872195646801e-06
12149,δαπάνησον,1,7.269872195646801e-06
12150,ξυρήσονται,1,7.269872195646801e-06
12151,κατήχηνται,1,7.269872195646801e-06
12152,στοιχεῖς,1,7.269872195646801e-06
12153,ἀπεστείλαμεν,1,7.269872195646801e-06
12154,πνικτόν,1,7.269872195646801e-06
12155,ἁγνισθείς,1,7.269872195646801e-06
12156,διαγγέλλων,1,7.269872195646801e-06
12157,ἐκπλήρωσιν,1,7.269872195646801e-06
12158,ἁγνισμοῦ,1,7.269872195646801e-06
12159,συνέχεον,1,7.269872195646801e-06
12160,βοηθεῖτε,1,7.269872195646801e-06
12161,πανταχῇ,1,7.269872195646801e-06
12162,κεκοίνωκε(ν),1,7.269872195646801e-06
12163,προεωρακότες,1,7.269872195646801e-06
12164,Ἐφέσιον,1,7.269872195646801e-06
12165,ἐνόμιζον,1,7.269872195646801e-06
12166,ἐκινήθη,1,7.269872195646801e-06
12167,συνδρομή,1,7.269872195646801e-06
12168,εἷλκον,1,7.269872195646801e-06
12169,ἐκλείσθησαν,1,7.269872195646801e-06
12170,φάσις,1,7.269872195646801e-06
12171,συγχύννεται,1,7.269872195646801e-06
12172,ἑκατοντάρχας,1,7.269872195646801e-06
12173,κατέδραμε(ν),1,7.269872195646801e-06
12174,ἄγεσθαι,1,7.269872195646801e-06
12175,ἀναβαθμούς,1,7.269872195646801e-06
12176,συνέβη,1,7.269872195646801e-06
12177,βαστάζεσθαι,1,7.269872195646801e-06
12178,βίαν,1,7.269872195646801e-06
12179,Αἰγύπτιος,1,7.269872195646801e-06
12180,ἀναστατώσας,1,7.269872195646801e-06
12181,σικαρίων,1,7.269872195646801e-06
12182,Ταρσεύς,1,7.269872195646801e-06
12183,ἀσήμου,1,7.269872195646801e-06
12184,πολίτης,1,7.269872195646801e-06
12185,ἐπιτρέψαντος,1,7.269872195646801e-06
12186,ἀναβαθμῶν,1,7.269872195646801e-06
12187,κατέσεισε(ν),1,7.269872195646801e-06
12188,σιγῆς,1,7.269872195646801e-06
12189,προσεφώνει,1,7.269872195646801e-06
12190,παρέσχον,1,7.269872195646801e-06
12191,ἡσυχίαν,1,7.269872195646801e-06
12192,Ταρσῷ,1,7.269872195646801e-06
12193,ἀνατεθραμμένος,1,7.269872195646801e-06
12194,πεπαιδευμένος,1,7.269872195646801e-06
12195,ἀκρίβειαν,1,7.269872195646801e-06
12196,πατρῴου,1,7.269872195646801e-06
12197,δεσμεύων,1,7.269872195646801e-06
12198,ἐπορευόμην,1,7.269872195646801e-06
12199,ἄξων,1,7.269872195646801e-06
12200,τιμωρηθῶσι(ν),1,7.269872195646801e-06
12201,πορευομένῳ,1,7.269872195646801e-06
12202,ἐγγίζοντι,1,7.269872195646801e-06
12203,περιαστράψαι,1,7.269872195646801e-06
12204,ἔδαφος,1,7.269872195646801e-06
12205,τέτακται,1,7.269872195646801e-06
12206,ἐνέβλεπον,1,7.269872195646801e-06
12207,χειραγωγούμενος,1,7.269872195646801e-06
12208,συνόντων,1,7.269872195646801e-06
12209,προεχειρίσατο,1,7.269872195646801e-06
12210,βάπτισαι,1,7.269872195646801e-06
12211,ἀπόλουσαι,1,7.269872195646801e-06
12212,ἐπικαλεσάμενος,1,7.269872195646801e-06
12213,ὑποστρέψαντι,1,7.269872195646801e-06
12214,σπεῦσον,1,7.269872195646801e-06
12215,παραδέξονται,1,7.269872195646801e-06
12216,φυλακίζων,1,7.269872195646801e-06
12217,ἐξεχύννετο,1,7.269872195646801e-06
12218,Στεφάνου,1,7.269872195646801e-06
12219,μάρτυρος,1,7.269872195646801e-06
12220,ἐφεστώς,1,7.269872195646801e-06
12221,ἀναιρούντων,1,7.269872195646801e-06
12222,ἐξαποστελῶ,1,7.269872195646801e-06
12223,καθῆκε(ν),1,7.269872195646801e-06
12224,κραυγαζόντων,1,7.269872195646801e-06
12225,ῥιπτούντων,1,7.269872195646801e-06
12226,μάστιξι(ν),1,7.269872195646801e-06
12227,ἀνετάζεσθαι,1,7.269872195646801e-06
12228,ἐπιγνῷ,1,7.269872195646801e-06
12229,προέτειναν,1,7.269872195646801e-06
12230,ἱμᾶσι(ν),1,7.269872195646801e-06
12231,ἑκατόνταρχον,1,7.269872195646801e-06
12232,Ῥωμαῖον,1,7.269872195646801e-06
12233,ἀκατάκριτον,1,7.269872195646801e-06
12234,μαστίζειν,1,7.269872195646801e-06
12235,λέγε,1,7.269872195646801e-06
12236,κεφαλαίου,1,7.269872195646801e-06
12237,πολιτείαν,1,7.269872195646801e-06
12238,ἐκτησάμην,1,7.269872195646801e-06
12239,ἀπέστησαν,1,7.269872195646801e-06
12240,ἀνετάζειν,1,7.269872195646801e-06
12241,δεδεκώς,1,7.269872195646801e-06
12242,κατηγορεῖται,1,7.269872195646801e-06
12243,ἔλυσε(ν),1,7.269872195646801e-06
12244,καταγαγών,1,7.269872195646801e-06
12245,πεπολίτευμαι,1,7.269872195646801e-06
12246,τοῖχε,1,7.269872195646801e-06
12247,κεκονιαμένε,1,7.269872195646801e-06
12248,κάθῃ,1,7.269872195646801e-06
12249,παρανομῶν,1,7.269872195646801e-06
12250,κελεύεις,1,7.269872195646801e-06
12251,τύπτεσθαι,1,7.269872195646801e-06
12252,λοιδορεῖς,1,7.269872195646801e-06
12253,στάσις,1,7.269872195646801e-06
12254,διεμάχοντο,1,7.269872195646801e-06
12255,εὑρίσκομεν,1,7.269872195646801e-06
12256,γινομένης,1,7.269872195646801e-06
12257,διασπασθῇ,1,7.269872195646801e-06
12258,στράτευμα,1,7.269872195646801e-06
12259,καταβάν,1,7.269872195646801e-06
12260,ἄγειν,1,7.269872195646801e-06
12261,διεμαρτύρω,1,7.269872195646801e-06
12262,συστροφήν,1,7.269872195646801e-06
12263,συνωμοσίαν,1,7.269872195646801e-06
12264,ποιησάμενοι,1,7.269872195646801e-06
12265,ἀναθέματι,1,7.269872195646801e-06
12266,ἀνεθεματίσαμεν,1,7.269872195646801e-06
12267,ἐμφανίσατε,1,7.269872195646801e-06
12268,καταγάγῃ,1,7.269872195646801e-06
12269,διαγινώσκειν,1,7.269872195646801e-06
12270,ἐγγίσαι,1,7.269872195646801e-06
12271,ἄπαγε,1,7.269872195646801e-06
12272,ἀναχωρήσας,1,7.269872195646801e-06
12273,καταγάγῃς,1,7.269872195646801e-06
12274,πυνθάνεσθαι,1,7.269872195646801e-06
12275,πεισθῇς,1,7.269872195646801e-06
12276,ἐνεδρεύουσι(ν),1,7.269872195646801e-06
12277,ἐκλαλῆσαι,1,7.269872195646801e-06
12278,ἐνεφάνισας,1,7.269872195646801e-06
12279,πορευθῶσι(ν),1,7.269872195646801e-06
12280,δεξιολάβους,1,7.269872195646801e-06
12281,ἐπιβιβάσαντες,1,7.269872195646801e-06
12282,διασώσωσι(ν),1,7.269872195646801e-06
12283,Φήλικα,1,7.269872195646801e-06
12284,Κλαύδιος,1,7.269872195646801e-06
12285,κρατίστῳ,1,7.269872195646801e-06
12286,Φήλικι,1,7.269872195646801e-06
12287,συλλημφθέντα,1,7.269872195646801e-06
12288,ἀναιρεῖσθαι,1,7.269872195646801e-06
12289,στρατεύματι,1,7.269872195646801e-06
12290,ἐξειλάμην,1,7.269872195646801e-06
12291,ἐνεκάλουν,1,7.269872195646801e-06
12292,ἐγκαλούμενον,1,7.269872195646801e-06
12293,ἔγκλημα,1,7.269872195646801e-06
12294,μηνυθείσης,1,7.269872195646801e-06
12295,κατηγόροις,1,7.269872195646801e-06
12296,Ἀντιπατρίδα,1,7.269872195646801e-06
12297,ἐάσαντες,1,7.269872195646801e-06
12298,ἀπέρχεσθαι,1,7.269872195646801e-06
12299,ἀναδόντες,1,7.269872195646801e-06
12300,ἀναγνούς,1,7.269872195646801e-06
12301,ἐπερωτήσας,1,7.269872195646801e-06
12302,ἐπαρχείας,1,7.269872195646801e-06
12303,πυθόμενος,1,7.269872195646801e-06
12304,διακούσομαι,1,7.269872195646801e-06
12305,παραγένωνται,1,7.269872195646801e-06
12306,ῥήτορος,1,7.269872195646801e-06
12307,Τερτύλλου,1,7.269872195646801e-06
12308,κληθέντος,1,7.269872195646801e-06
12309,Τέρτυλλος,1,7.269872195646801e-06
12310,τυγχάνοντες,1,7.269872195646801e-06
12311,διορθωμάτων,1,7.269872195646801e-06
12312,γινομένων,1,7.269872195646801e-06
12313,προνοίας,1,7.269872195646801e-06
12314,πάντῃ,1,7.269872195646801e-06
12315,ἀποδεχόμεθα,1,7.269872195646801e-06
12316,ἐγκόπτω,1,7.269872195646801e-06
12317,ἐπιεικείᾳ,1,7.269872195646801e-06
12318,λοιμόν,1,7.269872195646801e-06
12319,κινοῦντα,1,7.269872195646801e-06
12320,στάσεις,1,7.269872195646801e-06
12321,πρωτοστάτην,1,7.269872195646801e-06
12322,Ναζωραίων,1,7.269872195646801e-06
12323,βεβηλῶσαι,1,7.269872195646801e-06
12324,ἐκρατήσαμεν,1,7.269872195646801e-06
12325,δυνήσῃ,1,7.269872195646801e-06
12326,κατηγοροῦμεν,1,7.269872195646801e-06
12327,συνεπέθεντο,1,7.269872195646801e-06
12328,νεύσαντος,1,7.269872195646801e-06
12329,εὐθύμως,1,7.269872195646801e-06
12330,ἀπολογοῦμαι,1,7.269872195646801e-06
12331,διαλεγόμενον,1,7.269872195646801e-06
12332,ἐπίστασιν,1,7.269872195646801e-06
12333,ὁμολογῶ,1,7.269872195646801e-06
12334,πατρῴῳ,1,7.269872195646801e-06
12335,προσδέχονται,1,7.269872195646801e-06
12336,ἀσκῶ,1,7.269872195646801e-06
12337,ἀπρόσκοπον,1,7.269872195646801e-06
12338,ποιήσων,1,7.269872195646801e-06
12339,ἡγνισμένον,1,7.269872195646801e-06
12340,θορύβου,1,7.269872195646801e-06
12341,ἔχοιε(ν),1,7.269872195646801e-06
12342,εἰπάτωσαν,1,7.269872195646801e-06
12343,στάντος,1,7.269872195646801e-06
12344,ἐκέκραξα,1,7.269872195646801e-06
12345,ἀνεβάλετο,1,7.269872195646801e-06
12346,διαγνώσομαι,1,7.269872195646801e-06
12347,διαταξάμενος,1,7.269872195646801e-06
12348,κωλύειν,1,7.269872195646801e-06
12349,ὑπηρετεῖν,1,7.269872195646801e-06
12350,Δρουσίλλῃ,1,7.269872195646801e-06
12351,μετεπέμψατο,1,7.269872195646801e-06
12352,ἐγκρατείας,1,7.269872195646801e-06
12353,μεταλαβών,1,7.269872195646801e-06
12354,μετακαλέσομαι,1,7.269872195646801e-06
12355,πυκνότερον,1,7.269872195646801e-06
12356,μεταπεμπόμενος,1,7.269872195646801e-06
12357,ὡμίλει,1,7.269872195646801e-06
12358,διετίας,1,7.269872195646801e-06
12359,πληρωθείσης,1,7.269872195646801e-06
12360,διάδοχον,1,7.269872195646801e-06
12361,Πόρκιον,1,7.269872195646801e-06
12362,ἐπιβάς,1,7.269872195646801e-06
12363,ἐπαρχείᾳ,1,7.269872195646801e-06
12364,μεταπέμψηται,1,7.269872195646801e-06
12365,συγκαταβάντες,1,7.269872195646801e-06
12366,κατηγορείτωσαν,1,7.269872195646801e-06
12367,διατρίψας,1,7.269872195646801e-06
12368,παραγενομένου,1,7.269872195646801e-06
12369,περιέστησαν,1,7.269872195646801e-06
12370,καταβεβηκότες,1,7.269872195646801e-06
12371,αἰτιώματα,1,7.269872195646801e-06
12372,καταφέροντες,1,7.269872195646801e-06
12373,ἀποδεῖξαι,1,7.269872195646801e-06
12374,ἠδίκησα,1,7.269872195646801e-06
12375,κάλλιον,1,7.269872195646801e-06
12376,ἐπιγινώσκεις,1,7.269872195646801e-06
12377,πέπραχα,1,7.269872195646801e-06
12378,παραιτοῦμαι,1,7.269872195646801e-06
12379,συλλαλήσας,1,7.269872195646801e-06
12380,συμβουλίου,1,7.269872195646801e-06
12381,ἐπικέκλησαι,1,7.269872195646801e-06
12382,πορεύσῃ,1,7.269872195646801e-06
12383,διαγενομένων,1,7.269872195646801e-06
12384,ἀνέθετο,1,7.269872195646801e-06
12385,καταλελειμμένος,1,7.269872195646801e-06
12386,Φήλικος,1,7.269872195646801e-06
12387,καταδίκην,1,7.269872195646801e-06
12388,χαρίζεσθαι,1,7.269872195646801e-06
12389,κατηγορούμενος,1,7.269872195646801e-06
12390,κατηγόρους,1,7.269872195646801e-06
12391,λάβοι,1,7.269872195646801e-06
12392,ἐγκλήματος,1,7.269872195646801e-06
12393,ἀναβολήν,1,7.269872195646801e-06
12394,δεισιδαιμονίας,1,7.269872195646801e-06
12395,τεθνηκότος,1,7.269872195646801e-06
12396,ἔφασκε(ν),1,7.269872195646801e-06
12397,ἀπορούμενος,1,7.269872195646801e-06
12398,ζήτησιν,1,7.269872195646801e-06
12399,βούλοιτο,1,7.269872195646801e-06
12400,τηρηθῆναι,1,7.269872195646801e-06
12401,Σεβαστοῦ,1,7.269872195646801e-06
12402,διάγνωσιν,1,7.269872195646801e-06
12403,ἀναπέμψω,1,7.269872195646801e-06
12404,Βερνίκης,1,7.269872195646801e-06
12405,φαντασίας,1,7.269872195646801e-06
12406,ἀκροατήριον,1,7.269872195646801e-06
12407,ἐξοχήν,1,7.269872195646801e-06
12408,κελεύσαντος,1,7.269872195646801e-06
12409,Φήστου,1,7.269872195646801e-06
12410,συμπαρόντες,1,7.269872195646801e-06
12411,ἐνέτυχον,1,7.269872195646801e-06
12412,κατελαβόμην,1,7.269872195646801e-06
12413,πεπραχέναι,1,7.269872195646801e-06
12414,Σεβαστόν,1,7.269872195646801e-06
12415,πέμπειν,1,7.269872195646801e-06
12416,προήγαγον,1,7.269872195646801e-06
12417,ἀνακρίσεως,1,7.269872195646801e-06
12418,ἄλογον,1,7.269872195646801e-06
12419,πέμποντα,1,7.269872195646801e-06
12420,σημᾶναι,1,7.269872195646801e-06
12421,ἀπελογεῖτο,1,7.269872195646801e-06
12422,γνώστην,1,7.269872195646801e-06
12423,ἐθῶν,1,7.269872195646801e-06
12424,μακροθύμως,1,7.269872195646801e-06
12425,βίωσιν,1,7.269872195646801e-06
12426,ἴσασι(ν),1,7.269872195646801e-06
12427,θέλωσι(ν),1,7.269872195646801e-06
12428,μαρτυρεῖν,1,7.269872195646801e-06
12429,ἀκριβεστάτην,1,7.269872195646801e-06
12430,ἡμετέρας,1,7.269872195646801e-06
12431,θρησκείας,1,7.269872195646801e-06
12432,ἔζησα,1,7.269872195646801e-06
12433,κρινόμενος,1,7.269872195646801e-06
12434,δωδεκάφυλον,1,7.269872195646801e-06
12435,ἐκτενείᾳ,1,7.269872195646801e-06
12436,λατρεῦον,1,7.269872195646801e-06
12437,καταντῆσαι,1,7.269872195646801e-06
12438,ἔδοξα,1,7.269872195646801e-06
12439,ἐναντία,1,7.269872195646801e-06
12440,πρᾶξαι,1,7.269872195646801e-06
12441,κατέκλεισα,1,7.269872195646801e-06
12442,ἀναιρουμένων,1,7.269872195646801e-06
12443,κατήνεγκα,1,7.269872195646801e-06
12444,τιμωρῶν,1,7.269872195646801e-06
12445,ἠνάγκαζον,1,7.269872195646801e-06
12446,ἐμμαινόμενος,1,7.269872195646801e-06
12447,ἐπιτροπῆς,1,7.269872195646801e-06
12448,λαμπρότητα,1,7.269872195646801e-06
12449,περιλάμψαν,1,7.269872195646801e-06
12450,καταπεσόντων,1,7.269872195646801e-06
12451,σκληρόν,1,7.269872195646801e-06
12452,λακτίζειν,1,7.269872195646801e-06
12453,ὤφθην,1,7.269872195646801e-06
12454,προχειρίσασθαι,1,7.269872195646801e-06
12455,ὀφθήσομαι,1,7.269872195646801e-06
12456,ἐξαιρούμενος,1,7.269872195646801e-06
12457,ἀπειθής,1,7.269872195646801e-06
12458,οὐρανίῳ,1,7.269872195646801e-06
12459,ὀπτασίᾳ,1,7.269872195646801e-06
12460,ἀπήγγελλον,1,7.269872195646801e-06
12461,συλλαβόμενοι,1,7.269872195646801e-06
12462,ἐπειρῶντο,1,7.269872195646801e-06
12463,διαχειρίσασθαι,1,7.269872195646801e-06
12464,ἐπικουρίας,1,7.269872195646801e-06
12465,τυχών,1,7.269872195646801e-06
12466,μαρτυρόμενος,1,7.269872195646801e-06
12467,μικρῷ,1,7.269872195646801e-06
12468,παθητός,1,7.269872195646801e-06
12469,μανίαν,1,7.269872195646801e-06
12470,περιτρέπει,1,7.269872195646801e-06
12471,μαίνομαι,1,7.269872195646801e-06
12472,Φῆστε,1,7.269872195646801e-06
12473,ἀποφθέγγομαι,1,7.269872195646801e-06
12474,ἐπίσταται,1,7.269872195646801e-06
12475,λανθάνειν,1,7.269872195646801e-06
12476,πείθομαι,1,7.269872195646801e-06
12477,γωνίᾳ,1,7.269872195646801e-06
12478,πείθεις,1,7.269872195646801e-06
12479,Χριστιανόν,1,7.269872195646801e-06
12480,εὐξαίμην,1,7.269872195646801e-06
12481,συγκαθήμενοι,1,7.269872195646801e-06
12482,ἀναχωρήσαντες,1,7.269872195646801e-06
12483,πράσσει,1,7.269872195646801e-06
12484,Φήστῳ,1,7.269872195646801e-06
12485,ἀπολελύσθαι,1,7.269872195646801e-06
12486,ἐπεκέκλητο,1,7.269872195646801e-06
12487,ἐκρίθη,1,7.269872195646801e-06
12488,ἀποπλεῖν,1,7.269872195646801e-06
12489,παρεδίδουν,1,7.269872195646801e-06
12490,Ἰουλίῳ,1,7.269872195646801e-06
12491,Σεβαστῆς,1,7.269872195646801e-06
12492,Ἀδραμυττηνῷ,1,7.269872195646801e-06
12493,πλεῖν,1,7.269872195646801e-06
12494,Ἀριστάρχου,1,7.269872195646801e-06
12495,Μακεδόνος,1,7.269872195646801e-06
12496,Θεσσαλονικέως,1,7.269872195646801e-06
12497,κατήχθημεν,1,7.269872195646801e-06
12498,φιλανθρώπως,1,7.269872195646801e-06
12499,Ἰούλιος,1,7.269872195646801e-06
12500,χρησάμενος,1,7.269872195646801e-06
12501,πορευθέντι,1,7.269872195646801e-06
12502,ἐπιμελείας,1,7.269872195646801e-06
12503,ἐναντίους,1,7.269872195646801e-06
12504,πέλαγος,1,7.269872195646801e-06
12505,διαπλεύσαντες,1,7.269872195646801e-06
12506,Μύρα,1,7.269872195646801e-06
12507,Λυκίας,1,7.269872195646801e-06
12508,Ἀλεξανδρῖνον,1,7.269872195646801e-06
12509,ἐνεβίβασε(ν),1,7.269872195646801e-06
12510,ἱκαναῖς,1,7.269872195646801e-06
12511,βραδυπλοοῦντες,1,7.269872195646801e-06
12512,Κνίδον,1,7.269872195646801e-06
12513,προσεῶντος,1,7.269872195646801e-06
12514,Σαλμώνην,1,7.269872195646801e-06
12515,παραλεγόμενοι,1,7.269872195646801e-06
12516,Καλούς,1,7.269872195646801e-06
12517,Λιμένας,1,7.269872195646801e-06
12518,Λασαία,1,7.269872195646801e-06
12519,ἐπισφαλοῦς,1,7.269872195646801e-06
12520,πλοός,1,7.269872195646801e-06
12521,νηστείαν,1,7.269872195646801e-06
12522,παρεληλυθέναι,1,7.269872195646801e-06
12523,παρῄνει,1,7.269872195646801e-06
12524,ὕβρεως,1,7.269872195646801e-06
12525,ζημίας,1,7.269872195646801e-06
12526,φορτίου,1,7.269872195646801e-06
12527,κυβερνήτῃ,1,7.269872195646801e-06
12528,ναυκλήρῳ,1,7.269872195646801e-06
12529,ἐπείθετο,1,7.269872195646801e-06
12530,ἀνευθέτου,1,7.269872195646801e-06
12531,λιμένος,1,7.269872195646801e-06
12532,παραχειμασίαν,1,7.269872195646801e-06
12533,καταντήσαντες,1,7.269872195646801e-06
12534,Φοίνικα,1,7.269872195646801e-06
12535,λιμένα,1,7.269872195646801e-06
12536,βλέποντα,1,7.269872195646801e-06
12537,λίβα,1,7.269872195646801e-06
12538,χῶρον,1,7.269872195646801e-06
12539,ὑποπνεύσαντος,1,7.269872195646801e-06
12540,κεκρατηκέναι,1,7.269872195646801e-06
12541,ἆσσον,1,7.269872195646801e-06
12542,παρελέγοντο,1,7.269872195646801e-06
12543,τυφωνικός,1,7.269872195646801e-06
12544,εὐρακύλων,1,7.269872195646801e-06
12545,συναρπασθέντος,1,7.269872195646801e-06
12546,ἀντοφθαλμεῖν,1,7.269872195646801e-06
12547,ἐπιδόντες,1,7.269872195646801e-06
12548,ἐφερόμεθα,1,7.269872195646801e-06
12549,νησίον,1,7.269872195646801e-06
12550,ὑποδραμόντες,1,7.269872195646801e-06
12551,Καῦδα,1,7.269872195646801e-06
12552,περικρατεῖς,1,7.269872195646801e-06
12553,βοηθείαις,1,7.269872195646801e-06
12554,ἐχρῶντο,1,7.269872195646801e-06
12555,ὑποζωννύντες,1,7.269872195646801e-06
12556,Σύρτιν,1,7.269872195646801e-06
12557,ἐκπέσωσι(ν),1,7.269872195646801e-06
12558,ἐφέροντο,1,7.269872195646801e-06
12559,σφοδρῶς,1,7.269872195646801e-06
12560,χειμαζομένων,1,7.269872195646801e-06
12561,ἐκβολήν,1,7.269872195646801e-06
12562,ἐποιοῦντο,1,7.269872195646801e-06
12563,αὐτόχειρες,1,7.269872195646801e-06
12564,σκευήν,1,7.269872195646801e-06
12565,ἄστρων,1,7.269872195646801e-06
12566,ἐπιφαινόντων,1,7.269872195646801e-06
12567,ὀλίγου,1,7.269872195646801e-06
12568,ἐπικειμένου,1,7.269872195646801e-06
12569,περιῃρεῖτο,1,7.269872195646801e-06
12570,σῴζεσθαι,1,7.269872195646801e-06
12571,ἀσιτίας,1,7.269872195646801e-06
12572,ὑπαρχούσης,1,7.269872195646801e-06
12573,πειθαρχήσαντας,1,7.269872195646801e-06
12574,ὕβριν,1,7.269872195646801e-06
12575,παραινῶ,1,7.269872195646801e-06
12576,εὐθυμεῖν,1,7.269872195646801e-06
12577,παραστῆναι,1,7.269872195646801e-06
12578,πλέοντας,1,7.269872195646801e-06
12579,εὐθυμεῖτε,1,7.269872195646801e-06
12580,λελάληται,1,7.269872195646801e-06
12581,τεσσαρεσκαιδεκάτη,1,7.269872195646801e-06
12582,διαφερομένων,1,7.269872195646801e-06
12583,Ἀδρίᾳ,1,7.269872195646801e-06
12584,προσάγειν,1,7.269872195646801e-06
12585,διαστήσαντες,1,7.269872195646801e-06
12586,τραχεῖς,1,7.269872195646801e-06
12587,ἐκπέσωμεν,1,7.269872195646801e-06
12588,πρύμνης,1,7.269872195646801e-06
12589,ῥίψαντες,1,7.269872195646801e-06
12590,ηὔχοντο,1,7.269872195646801e-06
12591,ναυτῶν,1,7.269872195646801e-06
12592,χαλασάντων,1,7.269872195646801e-06
12593,σκάφην,1,7.269872195646801e-06
12594,πρῴρης,1,7.269872195646801e-06
12595,ἀπέκοψαν,1,7.269872195646801e-06
12596,σχοινία,1,7.269872195646801e-06
12597,εἴασαν,1,7.269872195646801e-06
12598,τεσσαρεσκαιδεκάτην,1,7.269872195646801e-06
12599,ἄσιτοι,1,7.269872195646801e-06
12600,διατελεῖτε,1,7.269872195646801e-06
12601,μηθέν,1,7.269872195646801e-06
12602,ἀπολεῖται,1,7.269872195646801e-06
12603,εὐχαρίστησε(ν),1,7.269872195646801e-06
12604,εὔθυμοι,1,7.269872195646801e-06
12605,διακόσιαι,1,7.269872195646801e-06
12606,κορεσθέντες,1,7.269872195646801e-06
12607,ἐκούφιζον,1,7.269872195646801e-06
12608,ἐκβαλλόμενοι,1,7.269872195646801e-06
12609,ἐβουλεύοντο,1,7.269872195646801e-06
12610,ἐξῶσαι,1,7.269872195646801e-06
12611,ἀνέντες,1,7.269872195646801e-06
12612,ζευκτηρίας,1,7.269872195646801e-06
12613,πηδαλίων,1,7.269872195646801e-06
12614,ἀρτέμωνα,1,7.269872195646801e-06
12615,πνεούσῃ,1,7.269872195646801e-06
12616,περιπεσόντες,1,7.269872195646801e-06
12617,διθάλασσον,1,7.269872195646801e-06
12618,ἐπέκειλαν,1,7.269872195646801e-06
12619,ναῦν,1,7.269872195646801e-06
12620,πρῷρα,1,7.269872195646801e-06
12621,ἐρείσασα,1,7.269872195646801e-06
12622,ἀσάλευτος,1,7.269872195646801e-06
12623,πρύμνα,1,7.269872195646801e-06
12624,ἐλύετο,1,7.269872195646801e-06
12625,ἐκκολυμβήσας,1,7.269872195646801e-06
12626,διαφύγῃ,1,7.269872195646801e-06
12627,διασῶσαι,1,7.269872195646801e-06
12628,βουλήματος,1,7.269872195646801e-06
12629,δυναμένους,1,7.269872195646801e-06
12630,κολυμβᾶν,1,7.269872195646801e-06
12631,ἀπορίψαντας,1,7.269872195646801e-06
12632,σανίσι(ν),1,7.269872195646801e-06
12633,διασωθῆναι,1,7.269872195646801e-06
12634,διασωθέντες,1,7.269872195646801e-06
12635,ἐπέγνωμεν,1,7.269872195646801e-06
12636,Μελίτη,1,7.269872195646801e-06
12637,παρεῖχον,1,7.269872195646801e-06
12638,τυχοῦσαν,1,7.269872195646801e-06
12639,φιλανθρωπίαν,1,7.269872195646801e-06
12640,ἅψαντες,1,7.269872195646801e-06
12641,ἐφεστῶτα,1,7.269872195646801e-06
12642,συστρέψαντος,1,7.269872195646801e-06
12643,φρυγάνων,1,7.269872195646801e-06
12644,ἔχιδνα,1,7.269872195646801e-06
12645,θέρμης,1,7.269872195646801e-06
12646,καθῆψε(ν),1,7.269872195646801e-06
12647,κρεμάμενον,1,7.269872195646801e-06
12648,διασωθέντα,1,7.269872195646801e-06
12649,δίκη,1,7.269872195646801e-06
12650,ἀποτινάξας,1,7.269872195646801e-06
12651,προσεδόκων,1,7.269872195646801e-06
12652,πίμπρασθαι,1,7.269872195646801e-06
12653,καταπίπτειν,1,7.269872195646801e-06
12654,προσδοκώντων,1,7.269872195646801e-06
12655,θεωρούντων,1,7.269872195646801e-06
12656,μεταβαλόμενοι,1,7.269872195646801e-06
12657,χωρία,1,7.269872195646801e-06
12658,νήσου,1,7.269872195646801e-06
12659,Ποπλίῳ,1,7.269872195646801e-06
12660,φιλοφρόνως,1,7.269872195646801e-06
12661,Ποπλίου,1,7.269872195646801e-06
12662,πυρετοῖς,1,7.269872195646801e-06
12663,δυσεντερίῳ,1,7.269872195646801e-06
12664,συνεχόμενον,1,7.269872195646801e-06
12665,προσευξάμενος,1,7.269872195646801e-06
12666,προσήρχοντο,1,7.269872195646801e-06
12667,τιμαῖς,1,7.269872195646801e-06
12668,ἐτίμησαν,1,7.269872195646801e-06
12669,ἀναγομένοις,1,7.269872195646801e-06
12670,ἐπέθεντο,1,7.269872195646801e-06
12671,παρακεχειμακότι,1,7.269872195646801e-06
12672,Ἀλεξανδρίνῳ,1,7.269872195646801e-06
12673,παρασήμῳ,1,7.269872195646801e-06
12674,Διοσκούροις,1,7.269872195646801e-06
12675,καταχθέντες,1,7.269872195646801e-06
12676,Συρακούσας,1,7.269872195646801e-06
12677,Ῥήγιον,1,7.269872195646801e-06
12678,ἐπιγενομένου,1,7.269872195646801e-06
12679,δευτεραῖοι,1,7.269872195646801e-06
12680,Ποτιόλους,1,7.269872195646801e-06
12681,ἤλθαμεν,1,7.269872195646801e-06
12682,Ἀππίου,1,7.269872195646801e-06
12683,Φόρου,1,7.269872195646801e-06
12684,Τριῶν,1,7.269872195646801e-06
12685,Ταβερνῶν,1,7.269872195646801e-06
12686,θάρσος,1,7.269872195646801e-06
12687,ἐπετράπη,1,7.269872195646801e-06
12688,φυλάσσοντι,1,7.269872195646801e-06
12689,συγκαλέσασθαι,1,7.269872195646801e-06
12690,πατρῴοις,1,7.269872195646801e-06
12691,παρεδόθην,1,7.269872195646801e-06
12692,Ῥωμαίων,1,7.269872195646801e-06
12693,ἀνακρίναντες,1,7.269872195646801e-06
12694,ἀντιλεγόντων,1,7.269872195646801e-06
12695,ἠναγκάσθην,1,7.269872195646801e-06
12696,ἐπικαλέσασθαι,1,7.269872195646801e-06
12697,προσλαλῆσαι,1,7.269872195646801e-06
12698,περίκειμαι,1,7.269872195646801e-06
12699,ἐδεξάμεθα,1,7.269872195646801e-06
12700,ἀξιοῦμεν,1,7.269872195646801e-06
12701,ἀντιλέγεται,1,7.269872195646801e-06
12702,ταξάμενοι,1,7.269872195646801e-06
12703,ἧκον,1,7.269872195646801e-06
12704,ἑσπέρας,1,7.269872195646801e-06
12705,ἀσύμφωνοι,1,7.269872195646801e-06
12706,ἀπελύοντο,1,7.269872195646801e-06
12707,ἐνέμεινε(ν),1,7.269872195646801e-06
12708,διετίαν,1,7.269872195646801e-06
12709,μισθώματι,1,7.269872195646801e-06
12710,ἀπεδέχετο,1,7.269872195646801e-06
12711,εἰσπορευομένους,1,7.269872195646801e-06
12712,ἀκωλύτως,1,7.269872195646801e-06
12713,ἀφωρισμένος,1,7.269872195646801e-06
12714,προεπηγγείλατο,1,7.269872195646801e-06
12715,ὁρισθέντος,1,7.269872195646801e-06
12716,ἁγιωσύνης,1,7.269872195646801e-06
12717,εὐοδωθήσομαι,1,7.269872195646801e-06
12718,μεταδῶ,1,7.269872195646801e-06
12719,στηριχθῆναι,1,7.269872195646801e-06
12720,συμπαρακληθῆναι,1,7.269872195646801e-06
12721,προεθέμην,1,7.269872195646801e-06
12722,ἐκωλύθην,1,7.269872195646801e-06
12723,βαρβάροις,1,7.269872195646801e-06
12724,σοφοῖς,1,7.269872195646801e-06
12725,ἀνοήτοις,1,7.269872195646801e-06
12726,κατεχόντων,1,7.269872195646801e-06
12727,ποιήμασι(ν),1,7.269872195646801e-06
12728,νοούμενα,1,7.269872195646801e-06
12729,καθορᾶται,1,7.269872195646801e-06
12730,ἀΐδιος,1,7.269872195646801e-06
12731,θειότης,1,7.269872195646801e-06
12732,ἀναπολογήτους,1,7.269872195646801e-06
12733,ηὐχαρίστησαν,1,7.269872195646801e-06
12734,ἐματαιώθησαν,1,7.269872195646801e-06
12735,διαλογισμοῖς,1,7.269872195646801e-06
12736,ἐσκοτίσθη,1,7.269872195646801e-06
12737,ἀσύνετος,1,7.269872195646801e-06
12738,ἐμωράνθησαν,1,7.269872195646801e-06
12739,ἤλλαξαν,1,7.269872195646801e-06
12740,φθαρτοῦ,1,7.269872195646801e-06
12741,τετραπόδων,1,7.269872195646801e-06
12742,ἀτιμάζεσθαι,1,7.269872195646801e-06
12743,ἐσεβάσθησαν,1,7.269872195646801e-06
12744,ἐλάτρευσαν,1,7.269872195646801e-06
12745,κτίσαντα,1,7.269872195646801e-06
12746,πάθη,1,7.269872195646801e-06
12747,θήλειαι,1,7.269872195646801e-06
12748,θηλείας,1,7.269872195646801e-06
12749,ἐξεκαύθησαν,1,7.269872195646801e-06
12750,ὀρέξει,1,7.269872195646801e-06
12751,ἄρσεσι(ν),1,7.269872195646801e-06
12752,κατεργαζόμενοι,1,7.269872195646801e-06
12753,ἀπολαμβάνοντες,1,7.269872195646801e-06
12754,ἐδοκίμασαν,1,7.269872195646801e-06
12755,ἀδόκιμον,1,7.269872195646801e-06
12756,καθήκοντα,1,7.269872195646801e-06
12757,πεπληρωμένους,1,7.269872195646801e-06
12758,πονηρίᾳ,1,7.269872195646801e-06
12759,φθόνου,1,7.269872195646801e-06
12760,ἔριδος,1,7.269872195646801e-06
12761,κακοηθείας,1,7.269872195646801e-06
12762,ψιθυριστάς,1,7.269872195646801e-06
12763,καταλάλους,1,7.269872195646801e-06
12764,θεοστυγεῖς,1,7.269872195646801e-06
12765,ὑβριστάς,1,7.269872195646801e-06
12766,ἀλαζόνας,1,7.269872195646801e-06
12767,ἐφευρετάς,1,7.269872195646801e-06
12768,ἀσυνέτους,1,7.269872195646801e-06
12769,ἀσυνθέτους,1,7.269872195646801e-06
12770,ἀστόργους,1,7.269872195646801e-06
12771,ἀνελεήμονας,1,7.269872195646801e-06
12772,συνευδοκοῦσι(ν),1,7.269872195646801e-06
12773,ἀναπολόγητος,1,7.269872195646801e-06
12774,κατακρίνεις,1,7.269872195646801e-06
12775,πράσσεις,1,7.269872195646801e-06
12776,λογίζῃ,1,7.269872195646801e-06
12777,ἐκφεύξῃ,1,7.269872195646801e-06
12778,χρηστότητος,1,7.269872195646801e-06
12779,ἀνοχῆς,1,7.269872195646801e-06
12780,καταφρονεῖς,1,7.269872195646801e-06
12781,χρηστόν,1,7.269872195646801e-06
12782,σκληρότητα,1,7.269872195646801e-06
12783,ἀμετανόητον,1,7.269872195646801e-06
12784,θησαυρίζεις,1,7.269872195646801e-06
12785,δικαιοκρισίας,1,7.269872195646801e-06
12786,πειθομένοις,1,7.269872195646801e-06
12787,κατεργαζομένου,1,7.269872195646801e-06
12788,κριθήσονται,1,7.269872195646801e-06
12789,δικαιωθήσονται,1,7.269872195646801e-06
12790,ἐνδείκνυνται,1,7.269872195646801e-06
12791,γραπτόν,1,7.269872195646801e-06
12792,λογισμῶν,1,7.269872195646801e-06
12793,κατηγορούντων,1,7.269872195646801e-06
12794,ἀπολογουμένων,1,7.269872195646801e-06
12795,ἐπονομάζῃ,1,7.269872195646801e-06
12796,ἐπαναπαύῃ,1,7.269872195646801e-06
12797,δοκιμάζεις,1,7.269872195646801e-06
12798,πέποιθας,1,7.269872195646801e-06
12799,ὁδηγόν,1,7.269872195646801e-06
12800,παιδευτήν,1,7.269872195646801e-06
12801,κλέπτειν,1,7.269872195646801e-06
12802,κλέπτεις,1,7.269872195646801e-06
12803,μοιχεύειν,1,7.269872195646801e-06
12804,βδελυσσόμενος,1,7.269872195646801e-06
12805,ἱεροσυλεῖς,1,7.269872195646801e-06
12806,ἀτιμάζεις,1,7.269872195646801e-06
12807,βλασφημεῖται,1,7.269872195646801e-06
12808,πράσσῃς,1,7.269872195646801e-06
12809,ᾖς,1,7.269872195646801e-06
12810,λογισθήσεται,1,7.269872195646801e-06
12811,τελοῦσα,1,7.269872195646801e-06
12812,γράμματι,1,7.269872195646801e-06
12813,ὠφέλεια,1,7.269872195646801e-06
12814,ἐπιστεύθησαν,1,7.269872195646801e-06
12815,ἀπιστία,1,7.269872195646801e-06
12816,δικαιωθῇς,1,7.269872195646801e-06
12817,νικήσεις,1,7.269872195646801e-06
12818,ἐπιφέρων,1,7.269872195646801e-06
12819,ψεύσματι,1,7.269872195646801e-06
12820,βλασφημούμεθα,1,7.269872195646801e-06
12821,φασί(ν),1,7.269872195646801e-06
12822,προεχόμεθα,1,7.269872195646801e-06
12823,προῃτιασάμεθα,1,7.269872195646801e-06
12824,συνίων,1,7.269872195646801e-06
12825,ἐκζητῶν,1,7.269872195646801e-06
12826,ἐξέκλιναν,1,7.269872195646801e-06
12827,ἠχρεώθησαν,1,7.269872195646801e-06
12828,τάφος,1,7.269872195646801e-06
12829,ἀνεῳγμένος,1,7.269872195646801e-06
12830,λάρυγξ,1,7.269872195646801e-06
12831,ἐδολιοῦσαν,1,7.269872195646801e-06
12832,ἀσπίδων,1,7.269872195646801e-06
12833,ἀρᾶς,1,7.269872195646801e-06
12834,ὀξεῖς,1,7.269872195646801e-06
12835,ἐκχέαι,1,7.269872195646801e-06
12836,σύντριμμα,1,7.269872195646801e-06
12837,ταλαιπωρία,1,7.269872195646801e-06
12838,φραγῇ,1,7.269872195646801e-06
12839,ὑπόδικος,1,7.269872195646801e-06
12840,ἐπίγνωσις,1,7.269872195646801e-06
12841,ὑστεροῦνται,1,7.269872195646801e-06
12842,δικαιούμενοι,1,7.269872195646801e-06
12843,πάρεσιν,1,7.269872195646801e-06
12844,προγεγονότων,1,7.269872195646801e-06
12845,ἀνοχῇ,1,7.269872195646801e-06
12846,ἐξεκλείσθη,1,7.269872195646801e-06
12847,ποίου,1,7.269872195646801e-06
12848,λογιζόμεθα,1,7.269872195646801e-06
12849,δικαιοῦσθαι,1,7.269872195646801e-06
12850,δικαιώσει,1,7.269872195646801e-06
12851,καταργοῦμεν,1,7.269872195646801e-06
12852,ἱστάνομεν,1,7.269872195646801e-06
12853,εὑρηκέναι,1,7.269872195646801e-06
12854,προπάτορα,1,7.269872195646801e-06
12855,ὀφείλημα,1,7.269872195646801e-06
12856,ἀσεβῆ,1,7.269872195646801e-06
12857,μακαρισμόν,1,7.269872195646801e-06
12858,ἀφέθησαν,1,7.269872195646801e-06
12859,ἀνομίαι,1,7.269872195646801e-06
12860,ἐπεκαλύφθησαν,1,7.269872195646801e-06
12861,στοιχοῦσι(ν),1,7.269872195646801e-06
12862,κεκένωται,1,7.269872195646801e-06
12863,ζῳοποιοῦντος,1,7.269872195646801e-06
12864,ἀσθενήσας,1,7.269872195646801e-06
12865,νενεκρωμένον,1,7.269872195646801e-06
12866,ἑκατονταετής,1,7.269872195646801e-06
12867,μήτρας,1,7.269872195646801e-06
12868,Σάρρας,1,7.269872195646801e-06
12869,διεκρίθη,1,7.269872195646801e-06
12870,ἐνεδυναμώθη,1,7.269872195646801e-06
12871,πληροφορηθείς,1,7.269872195646801e-06
12872,λογίζεσθαι,1,7.269872195646801e-06
12873,ἑστήκαμεν,1,7.269872195646801e-06
12874,δοκιμή,1,7.269872195646801e-06
12875,δοθέντος,1,7.269872195646801e-06
12876,ἀποθανεῖται,1,7.269872195646801e-06
12877,κατηλλάγημεν,1,7.269872195646801e-06
12878,καταλλαγέντες,1,7.269872195646801e-06
12879,καταλλαγήν,1,7.269872195646801e-06
12880,ἐλλογεῖται,1,7.269872195646801e-06
12881,ἁμαρτήσαντας,1,7.269872195646801e-06
12882,ἁμαρτήσαντος,1,7.269872195646801e-06
12883,παραπτώματος,1,7.269872195646801e-06
12884,δικαιώματος,1,7.269872195646801e-06
12885,παρακοῆς,1,7.269872195646801e-06
12886,κατεστάθησαν,1,7.269872195646801e-06
12887,κατασταθήσονται,1,7.269872195646801e-06
12888,παρεισῆλθε(ν),1,7.269872195646801e-06
12889,ὑπερεπερίσσευσε(ν),1,7.269872195646801e-06
12890,βασιλεύσῃ,1,7.269872195646801e-06
12891,ἐπιμένωμεν,1,7.269872195646801e-06
12892,συνετάφημεν,1,7.269872195646801e-06
12893,σύμφυτοι,1,7.269872195646801e-06
12894,συνεσταυρώθη,1,7.269872195646801e-06
12895,καταργηθῇ,1,7.269872195646801e-06
12896,δεδικαίωται,1,7.269872195646801e-06
12897,βασιλευέτω,1,7.269872195646801e-06
12898,θνητῷ,1,7.269872195646801e-06
12899,ὑπακούειν,1,7.269872195646801e-06
12900,κυριεύσει,1,7.269872195646801e-06
12901,ἁμαρτήσωμεν,1,7.269872195646801e-06
12902,ἤτοι,1,7.269872195646801e-06
12903,παρεδόθητε,1,7.269872195646801e-06
12904,ἐδουλώθητε,1,7.269872195646801e-06
12905,ἀνθρώπινον,1,7.269872195646801e-06
12906,παρεστήσατε,1,7.269872195646801e-06
12907,ἐπαισχύνεσθε,1,7.269872195646801e-06
12908,δουλωθέντες,1,7.269872195646801e-06
12909,ὀψώνια,1,7.269872195646801e-06
12910,ὕπανδρος,1,7.269872195646801e-06
12911,χρηματίσει,1,7.269872195646801e-06
12912,μοιχαλίδα,1,7.269872195646801e-06
12913,ἐθανατώθητε,1,7.269872195646801e-06
12914,καρποφορήσωμεν,1,7.269872195646801e-06
12915,ἐνηργεῖτο,1,7.269872195646801e-06
12916,καρποφορῆσαι,1,7.269872195646801e-06
12917,κατηργήθημεν,1,7.269872195646801e-06
12918,ἀποθανόντες,1,7.269872195646801e-06
12919,κατειχόμεθα,1,7.269872195646801e-06
12920,παλαιότητι,1,7.269872195646801e-06
12921,ἔζων,1,7.269872195646801e-06
12922,φανῇ,1,7.269872195646801e-06
12923,κατεργαζομένη,1,7.269872195646801e-06
12924,σάρκινος,1,7.269872195646801e-06
12925,πεπραμένος,1,7.269872195646801e-06
12926,σύμφημι,1,7.269872195646801e-06
12927,κατεργάζεσθαι,1,7.269872195646801e-06
12928,συνήδομαι,1,7.269872195646801e-06
12929,ἀντιστρατευόμενον,1,7.269872195646801e-06
12930,αἰχμαλωτίζοντα,1,7.269872195646801e-06
12931,φρονοῦσι(ν),1,7.269872195646801e-06
12932,ἀρέσαι,1,7.269872195646801e-06
12933,ζῳοποιήσει,1,7.269872195646801e-06
12934,θνητά,1,7.269872195646801e-06
12935,ἐνοικοῦν,1,7.269872195646801e-06
12936,ζῆτε,1,7.269872195646801e-06
12937,θανατοῦτε,1,7.269872195646801e-06
12938,ζήσεσθε,1,7.269872195646801e-06
12939,υἱοθεσίας,1,7.269872195646801e-06
12940,κράζομεν,1,7.269872195646801e-06
12941,συμμαρτυρεῖ,1,7.269872195646801e-06
12942,συγκληρονόμοι,1,7.269872195646801e-06
12943,συμπάσχομεν,1,7.269872195646801e-06
12944,συνδοξασθῶμεν,1,7.269872195646801e-06
12945,ἀποκαραδοκία,1,7.269872195646801e-06
12946,ἀπεκδέχεται,1,7.269872195646801e-06
12947,ὑπετάγη,1,7.269872195646801e-06
12948,ἑκοῦσα,1,7.269872195646801e-06
12949,ὑποτάξαντα,1,7.269872195646801e-06
12950,ἐλευθερωθήσεται,1,7.269872195646801e-06
12951,συστενάζει,1,7.269872195646801e-06
12952,συνωδίνει,1,7.269872195646801e-06
12953,ἀπεκδεχόμενοι,1,7.269872195646801e-06
12954,ἐσώθημεν,1,7.269872195646801e-06
12955,βλεπομένη,1,7.269872195646801e-06
12956,ἐλπίζομεν,1,7.269872195646801e-06
12957,συναντιλαμβάνεται,1,7.269872195646801e-06
12958,προσευξώμεθα,1,7.269872195646801e-06
12959,ὑπερεντυγχάνει,1,7.269872195646801e-06
12960,στεναγμοῖς,1,7.269872195646801e-06
12961,ἀλαλήτοις,1,7.269872195646801e-06
12962,συνεργεῖ,1,7.269872195646801e-06
12963,συμμόρφους,1,7.269872195646801e-06
12964,χαρίσεται,1,7.269872195646801e-06
12965,ἐγκαλέσει,1,7.269872195646801e-06
12966,δικαιῶν,1,7.269872195646801e-06
12967,κατακρινῶν,1,7.269872195646801e-06
12968,χωρίσει,1,7.269872195646801e-06
12969,γυμνότης,1,7.269872195646801e-06
12970,κίνδυνος,1,7.269872195646801e-06
12971,θανατούμεθα,1,7.269872195646801e-06
12972,ἐλογίσθημεν,1,7.269872195646801e-06
12973,ὑπερνικῶμεν,1,7.269872195646801e-06
12974,χωρίσαι,1,7.269872195646801e-06
12975,ἀδιάλειπτος,1,7.269872195646801e-06
12976,ὀδύνη,1,7.269872195646801e-06
12977,ηὐχόμην,1,7.269872195646801e-06
12978,υἱοθεσία,1,7.269872195646801e-06
12979,νομοθεσία,1,7.269872195646801e-06
12980,λατρεία,1,7.269872195646801e-06
12981,ἐκπέπτωκε(ν),1,7.269872195646801e-06
12982,Ῥεβέκκα,1,7.269872195646801e-06
12983,γεννηθέντων,1,7.269872195646801e-06
12984,δουλεύσει,1,7.269872195646801e-06
12985,ἐλάσσονι,1,7.269872195646801e-06
12986,ἐμίσησα,1,7.269872195646801e-06
12987,ἐλεήσω,1,7.269872195646801e-06
12988,ἐλεῶ,1,7.269872195646801e-06
12989,οἰκτιρήσω,1,7.269872195646801e-06
12990,οἰκτίρω,1,7.269872195646801e-06
12991,τρέχοντος,1,7.269872195646801e-06
12992,ἐλεῶντος,1,7.269872195646801e-06
12993,ἐξήγειρα,1,7.269872195646801e-06
12994,ἐνδείξωμαι,1,7.269872195646801e-06
12995,διαγγελῇ,1,7.269872195646801e-06
12996,ἐλεεῖ,1,7.269872195646801e-06
12997,σκληρύνει,1,7.269872195646801e-06
12998,μέμφεται,1,7.269872195646801e-06
12999,βουλήματι,1,7.269872195646801e-06
13000,ἀνταποκρινόμενος,1,7.269872195646801e-06
13001,πλάσμα,1,7.269872195646801e-06
13002,πλάσαντι,1,7.269872195646801e-06
13003,κεραμεύς,1,7.269872195646801e-06
13004,πηλοῦ,1,7.269872195646801e-06
13005,φυράματος,1,7.269872195646801e-06
13006,ἐνδείξασθαι,1,7.269872195646801e-06
13007,κατηρτισμένα,1,7.269872195646801e-06
13008,γνωρίσῃ,1,7.269872195646801e-06
13009,Ὡσηέ,1,7.269872195646801e-06
13010,καλέσω,1,7.269872195646801e-06
13011,ὑπόλειμμα,1,7.269872195646801e-06
13012,συντελῶν,1,7.269872195646801e-06
13013,συντέμνων,1,7.269872195646801e-06
13014,προείρηκε(ν),1,7.269872195646801e-06
13015,ὡμοιώθημεν,1,7.269872195646801e-06
13016,διώκοντα,1,7.269872195646801e-06
13017,ὑπετάγησαν,1,7.269872195646801e-06
13018,γράφει,1,7.269872195646801e-06
13019,ἀναβήσεται,1,7.269872195646801e-06
13020,καταγαγεῖν,1,7.269872195646801e-06
13021,ὁμολογήσῃς,1,7.269872195646801e-06
13022,πιστεύεται,1,7.269872195646801e-06
13023,ὁμολογεῖται,1,7.269872195646801e-06
13024,ἐπικαλέσωνται,1,7.269872195646801e-06
13025,κηρύσσοντος,1,7.269872195646801e-06
13026,κηρύξωσι(ν),1,7.269872195646801e-06
13027,ἀποσταλῶσι(ν),1,7.269872195646801e-06
13028,εὐαγγελιζομένων,1,7.269872195646801e-06
13029,ὑπήκουσαν,1,7.269872195646801e-06
13030,φθόγγος,1,7.269872195646801e-06
13031,πέρατα,1,7.269872195646801e-06
13032,ἀσυνέτῳ,1,7.269872195646801e-06
13033,παροργιῶ,1,7.269872195646801e-06
13034,ἀποτολμᾷ,1,7.269872195646801e-06
13035,εὑρέθην,1,7.269872195646801e-06
13036,ἐμφανής,1,7.269872195646801e-06
13037,ἐξεπέτασα,1,7.269872195646801e-06
13038,ἀπειθοῦντα,1,7.269872195646801e-06
13039,ἀντιλέγοντα,1,7.269872195646801e-06
13040,θυσιαστήρια,1,7.269872195646801e-06
13041,κατέσκαψαν,1,7.269872195646801e-06
13042,ὑπελείφθην,1,7.269872195646801e-06
13043,χρηματισμός,1,7.269872195646801e-06
13044,ἑπτακισχιλίους,1,7.269872195646801e-06
13045,ἔκαμψαν,1,7.269872195646801e-06
13046,Βάαλ,1,7.269872195646801e-06
13047,λεῖμμα,1,7.269872195646801e-06
13048,ἐκλογή,1,7.269872195646801e-06
13049,ἐπωρώθησαν,1,7.269872195646801e-06
13050,κατανύξεως,1,7.269872195646801e-06
13051,θήραν,1,7.269872195646801e-06
13052,σκοτισθήτωσαν,1,7.269872195646801e-06
13053,νῶτον,1,7.269872195646801e-06
13054,σύγκαμψον,1,7.269872195646801e-06
13055,ἔπταισαν,1,7.269872195646801e-06
13056,πέσωσι(ν),1,7.269872195646801e-06
13057,παραζηλῶσαι,1,7.269872195646801e-06
13058,δοξάζω,1,7.269872195646801e-06
13059,καταλλαγή,1,7.269872195646801e-06
13060,πρόσλημψις,1,7.269872195646801e-06
13061,ἀγριέλαιος,1,7.269872195646801e-06
13062,ῥίζης,1,7.269872195646801e-06
13063,πιότητος,1,7.269872195646801e-06
13064,κατακαυχῶ,1,7.269872195646801e-06
13065,κατακαυχᾶσαι,1,7.269872195646801e-06
13066,βαστάζεις,1,7.269872195646801e-06
13067,ἐγκεντρισθῶ,1,7.269872195646801e-06
13068,φρόνει,1,7.269872195646801e-06
13069,φείσεται,1,7.269872195646801e-06
13070,ἀποτομίαν,1,7.269872195646801e-06
13071,πεσόντας,1,7.269872195646801e-06
13072,ἀποτομία,1,7.269872195646801e-06
13073,ἐπιμένῃς,1,7.269872195646801e-06
13074,ἐκκοπήσῃ,1,7.269872195646801e-06
13075,ἐπιμένωσι(ν),1,7.269872195646801e-06
13076,ἐγκεντρίσαι,1,7.269872195646801e-06
13077,ἐξεκόπης,1,7.269872195646801e-06
13078,ἀγριελαίου,1,7.269872195646801e-06
13079,καλλιέλαιον,1,7.269872195646801e-06
13080,ἐλαίᾳ,1,7.269872195646801e-06
13081,πώρωσις,1,7.269872195646801e-06
13082,ῥυόμενος,1,7.269872195646801e-06
13083,ἀποστρέψει,1,7.269872195646801e-06
13084,ἀφέλωμαι,1,7.269872195646801e-06
13085,ἀμεταμέλητα,1,7.269872195646801e-06
13086,κλῆσις,1,7.269872195646801e-06
13087,ἠπειθήσατε,1,7.269872195646801e-06
13088,ἠλεήθητε,1,7.269872195646801e-06
13089,ἀπειθείᾳ,1,7.269872195646801e-06
13090,ἠπείθησαν,1,7.269872195646801e-06
13091,ἐλεηθῶσι(ν),1,7.269872195646801e-06
13092,ἐλεήσῃ,1,7.269872195646801e-06
13093,ἀνεξεραύνητα,1,7.269872195646801e-06
13094,ἀνεξιχνίαστοι,1,7.269872195646801e-06
13095,σύμβουλος,1,7.269872195646801e-06
13096,προέδωκε(ν),1,7.269872195646801e-06
13097,λογικήν,1,7.269872195646801e-06
13098,συσχηματίζεσθε,1,7.269872195646801e-06
13099,μεταμορφοῦσθε,1,7.269872195646801e-06
13100,ἀνακαινώσει,1,7.269872195646801e-06
13101,ὑπερφρονεῖν,1,7.269872195646801e-06
13102,διάφορα,1,7.269872195646801e-06
13103,ἀναλογίαν,1,7.269872195646801e-06
13104,μεταδιδούς,1,7.269872195646801e-06
13105,προϊστάμενος,1,7.269872195646801e-06
13106,ἐλεῶν,1,7.269872195646801e-06
13107,ἱλαρότητι,1,7.269872195646801e-06
13108,ἀποστυγοῦντες,1,7.269872195646801e-06
13109,κολλώμενοι,1,7.269872195646801e-06
13110,φιλόστοργοι,1,7.269872195646801e-06
13111,προηγούμενοι,1,7.269872195646801e-06
13112,ὀκνηροί,1,7.269872195646801e-06
13113,ζέοντες,1,7.269872195646801e-06
13114,ὑπομένοντες,1,7.269872195646801e-06
13115,κοινωνοῦντες,1,7.269872195646801e-06
13116,φιλοξενίαν,1,7.269872195646801e-06
13117,διώκοντες,1,7.269872195646801e-06
13118,διώκοντας,1,7.269872195646801e-06
13119,καταρᾶσθε,1,7.269872195646801e-06
13120,χαιρόντων,1,7.269872195646801e-06
13121,κλαίειν,1,7.269872195646801e-06
13122,κλαιόντων,1,7.269872195646801e-06
13123,συναπαγόμενοι,1,7.269872195646801e-06
13124,προνοούμενοι,1,7.269872195646801e-06
13125,εἰρηνεύοντες,1,7.269872195646801e-06
13126,ἐκδικοῦντες,1,7.269872195646801e-06
13127,ψώμιζε,1,7.269872195646801e-06
13128,πότιζε,1,7.269872195646801e-06
13129,ἄνθρακας,1,7.269872195646801e-06
13130,σωρεύσεις,1,7.269872195646801e-06
13131,νικῶ,1,7.269872195646801e-06
13132,νίκα,1,7.269872195646801e-06
13133,ὑπερεχούσαις,1,7.269872195646801e-06
13134,ὑποτασσέσθω,1,7.269872195646801e-06
13135,οὖσαι,1,7.269872195646801e-06
13136,τεταγμέναι,1,7.269872195646801e-06
13137,ἀντιτασσόμενος,1,7.269872195646801e-06
13138,διαταγῇ,1,7.269872195646801e-06
13139,ἀνθεστηκότες,1,7.269872195646801e-06
13140,κακῷ,1,7.269872195646801e-06
13141,φοβεῖσθαι,1,7.269872195646801e-06
13142,φορεῖ,1,7.269872195646801e-06
13143,πράσσοντι,1,7.269872195646801e-06
13144,λειτουργοί,1,7.269872195646801e-06
13145,ὀφειλάς,1,7.269872195646801e-06
13146,ἀνακεφαλαιοῦται,1,7.269872195646801e-06
13147,ἐγγύτερον,1,7.269872195646801e-06
13148,προέκοψε(ν),1,7.269872195646801e-06
13149,ἀποβαλώμεθα,1,7.269872195646801e-06
13150,ἐνδυσώμεθα,1,7.269872195646801e-06
13151,μέθαις,1,7.269872195646801e-06
13152,κοίταις,1,7.269872195646801e-06
13153,ἔριδι,1,7.269872195646801e-06
13154,πρόνοιαν,1,7.269872195646801e-06
13155,ποιεῖσθε,1,7.269872195646801e-06
13156,λάχανα,1,7.269872195646801e-06
13157,ἐξουθενείτω,1,7.269872195646801e-06
13158,οἰκέτην,1,7.269872195646801e-06
13159,στήκει,1,7.269872195646801e-06
13160,πληροφορείσθω,1,7.269872195646801e-06
13161,φρονῶν,1,7.269872195646801e-06
13162,φρονεῖ,1,7.269872195646801e-06
13163,κυριεύσῃ,1,7.269872195646801e-06
13164,ἐξουθενεῖς,1,7.269872195646801e-06
13165,παραστησόμεθα,1,7.269872195646801e-06
13166,βήματι,1,7.269872195646801e-06
13167,κάμψει,1,7.269872195646801e-06
13168,ἐξομολογήσεται,1,7.269872195646801e-06
13169,κρίνωμεν,1,7.269872195646801e-06
13170,λογιζομένῳ,1,7.269872195646801e-06
13171,λυπεῖται,1,7.269872195646801e-06
13172,βρώματι,1,7.269872195646801e-06
13173,ἀπόλλυε,1,7.269872195646801e-06
13174,βλασφημείσθω,1,7.269872195646801e-06
13175,εὐάρεστος,1,7.269872195646801e-06
13176,διώκωμεν,1,7.269872195646801e-06
13177,βρώματος,1,7.269872195646801e-06
13178,κατάλυε,1,7.269872195646801e-06
13179,ἐσθίοντι,1,7.269872195646801e-06
13180,δοκιμάζει,1,7.269872195646801e-06
13181,κατακέκριται,1,7.269872195646801e-06
13182,ἀσθενήματα,1,7.269872195646801e-06
13183,ἀδυνάτων,1,7.269872195646801e-06
13184,ἀρεσκέτω,1,7.269872195646801e-06
13185,ὀνειδισμοί,1,7.269872195646801e-06
13186,ὀνειδιζόντων,1,7.269872195646801e-06
13187,ἐπέπεσαν,1,7.269872195646801e-06
13188,ἡμετέραν,1,7.269872195646801e-06
13189,δοξάζητε,1,7.269872195646801e-06
13190,γεγενῆσθαι,1,7.269872195646801e-06
13191,βεβαιῶσαι,1,7.269872195646801e-06
13192,δοξάσαι,1,7.269872195646801e-06
13193,ἐξομολογήσομαι,1,7.269872195646801e-06
13194,εὐφράνθητε,1,7.269872195646801e-06
13195,ἐπαινεσάτωσαν,1,7.269872195646801e-06
13196,ἀνιστάμενος,1,7.269872195646801e-06
13197,πληρώσαι,1,7.269872195646801e-06
13198,νουθετεῖν,1,7.269872195646801e-06
13199,τολμηρότερον,1,7.269872195646801e-06
13200,ἐπαναμιμνῄσκων,1,7.269872195646801e-06
13201,ἱερουργοῦντα,1,7.269872195646801e-06
13202,ἡγιασμένη,1,7.269872195646801e-06
13203,τολμήσω,1,7.269872195646801e-06
13204,τεράτων,1,7.269872195646801e-06
13205,Ἰλλυρικοῦ,1,7.269872195646801e-06
13206,πεπληρωκέναι,1,7.269872195646801e-06
13207,φιλοτιμούμενον,1,7.269872195646801e-06
13208,ὠνομάσθη,1,7.269872195646801e-06
13209,ἀκηκόασι(ν),1,7.269872195646801e-06
13210,συνήσουσι(ν),1,7.269872195646801e-06
13211,ἐνεκοπτόμην,1,7.269872195646801e-06
13212,ἐπιποθίαν,1,7.269872195646801e-06
13213,διαπορευόμενος,1,7.269872195646801e-06
13214,ἐμπλησθῶ,1,7.269872195646801e-06
13215,Μακεδονία,1,7.269872195646801e-06
13216,ποιήσασθαι,1,7.269872195646801e-06
13217,ἐκοινώνησαν,1,7.269872195646801e-06
13218,σαρκικοῖς,1,7.269872195646801e-06
13219,λειτουργῆσαι,1,7.269872195646801e-06
13220,ἐπιτελέσας,1,7.269872195646801e-06
13221,ἀπελεύσομαι,1,7.269872195646801e-06
13222,πληρώματι,1,7.269872195646801e-06
13223,συναγωνίσασθαι,1,7.269872195646801e-06
13224,ῥυσθῶ,1,7.269872195646801e-06
13225,συναναπαύσωμαι,1,7.269872195646801e-06
13226,συνίστημι,1,7.269872195646801e-06
13227,Φοίβην,1,7.269872195646801e-06
13228,προσδέξησθε,1,7.269872195646801e-06
13229,παραστῆτε,1,7.269872195646801e-06
13230,χρῄζῃ,1,7.269872195646801e-06
13231,προστάτις,1,7.269872195646801e-06
13232,συνεργούς,1,7.269872195646801e-06
13233,ὑπέθηκαν,1,7.269872195646801e-06
13234,Ἐπαίνετον,1,7.269872195646801e-06
13235,Ἀνδρόνικον,1,7.269872195646801e-06
13236,Ἰουνίαν,1,7.269872195646801e-06
13237,συναιχμαλώτους,1,7.269872195646801e-06
13238,ἐπίσημοι,1,7.269872195646801e-06
13239,Ἀμπλιᾶτον,1,7.269872195646801e-06
13240,Οὐρβανόν,1,7.269872195646801e-06
13241,Στάχυν,1,7.269872195646801e-06
13242,Ἀπελλῆν,1,7.269872195646801e-06
13243,Ἀριστοβούλου,1,7.269872195646801e-06
13244,Ἡρῳδίωνα,1,7.269872195646801e-06
13245,συγγενῆ,1,7.269872195646801e-06
13246,Ναρκίσσου,1,7.269872195646801e-06
13247,Τρύφαιναν,1,7.269872195646801e-06
13248,Τρυφῶσαν,1,7.269872195646801e-06
13249,κοπιώσας,1,7.269872195646801e-06
13250,Περσίδα,1,7.269872195646801e-06
13251,ἀγαπητήν,1,7.269872195646801e-06
13252,Ῥοῦφον,1,7.269872195646801e-06
13253,Ἀσύγκριτον,1,7.269872195646801e-06
13254,Φλέγοντα,1,7.269872195646801e-06
13255,Πατροβᾶν,1,7.269872195646801e-06
13256,Ἑρμᾶν,1,7.269872195646801e-06
13257,Φιλόλογον,1,7.269872195646801e-06
13258,Ἰουλίαν,1,7.269872195646801e-06
13259,Νηρέα,1,7.269872195646801e-06
13260,Ὀλυμπᾶν,1,7.269872195646801e-06
13261,σκοπεῖν,1,7.269872195646801e-06
13262,διχοστασίας,1,7.269872195646801e-06
13263,ἐκκλίνετε,1,7.269872195646801e-06
13264,δουλεύουσι(ν),1,7.269872195646801e-06
13265,χρηστολογίας,1,7.269872195646801e-06
13266,ἐξαπατῶσι(ν),1,7.269872195646801e-06
13267,ἀκάκων,1,7.269872195646801e-06
13268,ἀφίκετο,1,7.269872195646801e-06
13269,ἀκεραίους,1,7.269872195646801e-06
13270,συντρίψει,1,7.269872195646801e-06
13271,Σωσίπατρος,1,7.269872195646801e-06
13272,ἀσπάζομαι,1,7.269872195646801e-06
13273,Τέρτιος,1,7.269872195646801e-06
13274,Κούαρτος,1,7.269872195646801e-06
13275,Σωσθένης,1,7.269872195646801e-06
13276,ἐπικαλουμένοις,1,7.269872195646801e-06
13277,δοθείσῃ,1,7.269872195646801e-06
13278,ἐπλουτίσθητε,1,7.269872195646801e-06
13279,χαρίσματι,1,7.269872195646801e-06
13280,ἀπεκδεχομένους,1,7.269872195646801e-06
13281,λέγητε,1,7.269872195646801e-06
13282,κατηρτισμένοι,1,7.269872195646801e-06
13283,γνώμῃ,1,7.269872195646801e-06
13284,ἐδηλώθη,1,7.269872195646801e-06
13285,Χλόης,1,7.269872195646801e-06
13286,ἔριδες,1,7.269872195646801e-06
13287,Κηφᾶ,1,7.269872195646801e-06
13288,Κρίσπον,1,7.269872195646801e-06
13289,σταυρός,1,7.269872195646801e-06
13290,ἀπολῶ,1,7.269872195646801e-06
13291,ἀθετήσω,1,7.269872195646801e-06
13292,συζητητής,1,7.269872195646801e-06
13293,ἐμώρανε(ν),1,7.269872195646801e-06
13294,μωρίας,1,7.269872195646801e-06
13295,κηρύγματος,1,7.269872195646801e-06
13296,μωρίαν,1,7.269872195646801e-06
13297,μωρόν,1,7.269872195646801e-06
13298,σοφώτερον,1,7.269872195646801e-06
13299,ἰσχυρότερον,1,7.269872195646801e-06
13300,εὐγενεῖς,1,7.269872195646801e-06
13301,μωρά,1,7.269872195646801e-06
13302,ἀγενῆ,1,7.269872195646801e-06
13303,ἐξουθενημένα,1,7.269872195646801e-06
13304,ὑπεροχήν,1,7.269872195646801e-06
13305,καταγγέλλων,1,7.269872195646801e-06
13306,τρόμῳ,1,7.269872195646801e-06
13307,πειθοῖ(ς),1,7.269872195646801e-06
13308,ἀποδείξει,1,7.269872195646801e-06
13309,τελείοις,1,7.269872195646801e-06
13310,καταργουμένων,1,7.269872195646801e-06
13311,ἀποκεκρυμμένην,1,7.269872195646801e-06
13312,ἐραυνᾷ,1,7.269872195646801e-06
13313,βάθη,1,7.269872195646801e-06
13314,εἰδῶμεν,1,7.269872195646801e-06
13315,χαρισθέντα,1,7.269872195646801e-06
13316,ψυχικός,1,7.269872195646801e-06
13317,ἀνακρίνει,1,7.269872195646801e-06
13318,συμβιβάσει,1,7.269872195646801e-06
13319,ἠδυνήθην,1,7.269872195646801e-06
13320,σαρκίνοις,1,7.269872195646801e-06
13321,ἐπότισα,1,7.269872195646801e-06
13322,ἐδύνασθε,1,7.269872195646801e-06
13323,ἐφύτευσα,1,7.269872195646801e-06
13324,ἐπότισε(ν),1,7.269872195646801e-06
13325,αὐξάνων,1,7.269872195646801e-06
13326,γεώργιον,1,7.269872195646801e-06
13327,ἀρχιτέκτων,1,7.269872195646801e-06
13328,τιμίους,1,7.269872195646801e-06
13329,ξύλα,1,7.269872195646801e-06
13330,καλάμην,1,7.269872195646801e-06
13331,δηλώσει,1,7.269872195646801e-06
13332,ὁποῖον,1,7.269872195646801e-06
13333,δοκιμάσει,1,7.269872195646801e-06
13334,μενεῖ,1,7.269872195646801e-06
13335,ἐποικοδόμησε(ν),1,7.269872195646801e-06
13336,κατακαήσεται,1,7.269872195646801e-06
13337,ζημιωθήσεται,1,7.269872195646801e-06
13338,φθείρει,1,7.269872195646801e-06
13339,φθερεῖ,1,7.269872195646801e-06
13340,ἐξαπατάτω,1,7.269872195646801e-06
13341,μωρός,1,7.269872195646801e-06
13342,γενέσθω,1,7.269872195646801e-06
13343,δρασσόμενος,1,7.269872195646801e-06
13344,μυστηρίων,1,7.269872195646801e-06
13345,ζητεῖται,1,7.269872195646801e-06
13346,οἰκονόμοις,1,7.269872195646801e-06
13347,ἀνακριθῶ,1,7.269872195646801e-06
13348,ἀνακρίνω,1,7.269872195646801e-06
13349,σύνοιδα,1,7.269872195646801e-06
13350,δεδικαίωμαι,1,7.269872195646801e-06
13351,ἀνακρίνων,1,7.269872195646801e-06
13352,βουλάς,1,7.269872195646801e-06
13353,μετεσχημάτισα,1,7.269872195646801e-06
13354,μάθητε,1,7.269872195646801e-06
13355,φυσιοῦσθε,1,7.269872195646801e-06
13356,διακρίνει,1,7.269872195646801e-06
13357,κεκορεσμένοι,1,7.269872195646801e-06
13358,ἐπλουτήσατε,1,7.269872195646801e-06
13359,συμβασιλεύσωμεν,1,7.269872195646801e-06
13360,ἐσχάτους,1,7.269872195646801e-06
13361,ἀπέδειξε(ν),1,7.269872195646801e-06
13362,ἐπιθανατίους,1,7.269872195646801e-06
13363,ἔνδοξοι,1,7.269872195646801e-06
13364,ἄτιμοι,1,7.269872195646801e-06
13365,πεινῶμεν,1,7.269872195646801e-06
13366,διψῶμεν,1,7.269872195646801e-06
13367,γυμνιτεύομεν,1,7.269872195646801e-06
13368,κολαφιζόμεθα,1,7.269872195646801e-06
13369,ἀστατοῦμεν,1,7.269872195646801e-06
13370,λοιδορούμενοι,1,7.269872195646801e-06
13371,ἀνεχόμεθα,1,7.269872195646801e-06
13372,δυσφημούμενοι,1,7.269872195646801e-06
13373,περικαθάρματα,1,7.269872195646801e-06
13374,περίψημα,1,7.269872195646801e-06
13375,ἐντρέπων,1,7.269872195646801e-06
13376,παιδαγωγούς,1,7.269872195646801e-06
13377,ἀναμνήσει,1,7.269872195646801e-06
13378,διδάσκω,1,7.269872195646801e-06
13379,ἐφυσιώθησαν,1,7.269872195646801e-06
13380,πεφυσιωμένων,1,7.269872195646801e-06
13381,ἀκούεται,1,7.269872195646801e-06
13382,πεφυσιωμένοι,1,7.269872195646801e-06
13383,ἐπενθήσατε,1,7.269872195646801e-06
13384,ἀρθῇ,1,7.269872195646801e-06
13385,κατεργασάμενον,1,7.269872195646801e-06
13386,συναχθέντων,1,7.269872195646801e-06
13387,ἐκκαθάρατε,1,7.269872195646801e-06
13388,ζύμην,1,7.269872195646801e-06
13389,ἄζυμοι,1,7.269872195646801e-06
13390,ἐτύθη,1,7.269872195646801e-06
13391,ἑορτάζωμεν,1,7.269872195646801e-06
13392,παλαιᾷ,1,7.269872195646801e-06
13393,ἀζύμοις,1,7.269872195646801e-06
13394,πλεονέκταις,1,7.269872195646801e-06
13395,ἅρπαξι(ν),1,7.269872195646801e-06
13396,ὠφείλετε,1,7.269872195646801e-06
13397,ὀνομαζόμενος,1,7.269872195646801e-06
13398,λοίδορος,1,7.269872195646801e-06
13399,μέθυσος,1,7.269872195646801e-06
13400,ἅρπαξ,1,7.269872195646801e-06
13401,συνεσθίειν,1,7.269872195646801e-06
13402,ἐξάρατε,1,7.269872195646801e-06
13403,κρινοῦσι(ν),1,7.269872195646801e-06
13404,ἀνάξιοι,1,7.269872195646801e-06
13405,κριτηρίων,1,7.269872195646801e-06
13406,κρινοῦμεν,1,7.269872195646801e-06
13407,μήτιγε,1,7.269872195646801e-06
13408,ἐξουθενημένους,1,7.269872195646801e-06
13409,καθίζετε,1,7.269872195646801e-06
13410,διακρῖναι,1,7.269872195646801e-06
13411,ἀδικεῖσθε,1,7.269872195646801e-06
13412,ἀποστερεῖσθε,1,7.269872195646801e-06
13413,μαλακοί,1,7.269872195646801e-06
13414,ἀρσενοκοῖται,1,7.269872195646801e-06
13415,πλεονέκται,1,7.269872195646801e-06
13416,μέθυσοι,1,7.269872195646801e-06
13417,λοίδοροι,1,7.269872195646801e-06
13418,ἀπελούσασθε,1,7.269872195646801e-06
13419,ἡγιάσθητε,1,7.269872195646801e-06
13420,ἐδικαιώθητε,1,7.269872195646801e-06
13421,ἐξουσιασθήσομαι,1,7.269872195646801e-06
13422,ἐξεγερεῖ,1,7.269872195646801e-06
13423,πόρνῃ,1,7.269872195646801e-06
13424,ἁμάρτημα,1,7.269872195646801e-06
13425,πορνεύων,1,7.269872195646801e-06
13426,δοξάσατε,1,7.269872195646801e-06
13427,ἐγράψατε,1,7.269872195646801e-06
13428,ἑκάστη,1,7.269872195646801e-06
13429,ἀποδιδότω,1,7.269872195646801e-06
13430,συμφώνου,1,7.269872195646801e-06
13431,σχολάσητε,1,7.269872195646801e-06
13432,πειράζῃ,1,7.269872195646801e-06
13433,ἀκρασίαν,1,7.269872195646801e-06
13434,συγγνώμην,1,7.269872195646801e-06
13435,ἀγάμοις,1,7.269872195646801e-06
13436,ἐγκρατεύονται,1,7.269872195646801e-06
13437,γαμησάτωσαν,1,7.269872195646801e-06
13438,πυροῦσθαι,1,7.269872195646801e-06
13439,γεγαμηκόσι(ν),1,7.269872195646801e-06
13440,χωρισθῆναι,1,7.269872195646801e-06
13441,χωρισθῇ,1,7.269872195646801e-06
13442,καταλλαγήτω,1,7.269872195646801e-06
13443,χωρίζεται,1,7.269872195646801e-06
13444,χωριζέσθω,1,7.269872195646801e-06
13445,ἄνερ,1,7.269872195646801e-06
13446,περιπατείτω,1,7.269872195646801e-06
13447,διατάσσομαι,1,7.269872195646801e-06
13448,περιτετμημένος,1,7.269872195646801e-06
13449,ἐπισπάσθω,1,7.269872195646801e-06
13450,περιτεμνέσθω,1,7.269872195646801e-06
13451,τήρησις,1,7.269872195646801e-06
13452,μελέτω,1,7.269872195646801e-06
13453,χρῆσαι,1,7.269872195646801e-06
13454,ἀπελεύθερος,1,7.269872195646801e-06
13455,παρθένων,1,7.269872195646801e-06
13456,ἠλεημένος,1,7.269872195646801e-06
13457,νομίζω,1,7.269872195646801e-06
13458,ἐνεστῶσαν,1,7.269872195646801e-06
13459,δέδεσαι,1,7.269872195646801e-06
13460,λύσιν,1,7.269872195646801e-06
13461,λέλυσαι,1,7.269872195646801e-06
13462,γαμήσῃς,1,7.269872195646801e-06
13463,ἥμαρτες,1,7.269872195646801e-06
13464,γήμῃ,1,7.269872195646801e-06
13465,συνεσταλμένος,1,7.269872195646801e-06
13466,ἀγοράζοντες,1,7.269872195646801e-06
13467,χρώμενοι,1,7.269872195646801e-06
13468,καταχρώμενοι,1,7.269872195646801e-06
13469,σχῆμα,1,7.269872195646801e-06
13470,γαμήσασα,1,7.269872195646801e-06
13471,βρόχον,1,7.269872195646801e-06
13472,ἐπιβάλω,1,7.269872195646801e-06
13473,εὔσχημον,1,7.269872195646801e-06
13474,εὐπάρεδρον,1,7.269872195646801e-06
13475,ἀπερισπάστως,1,7.269872195646801e-06
13476,ἀσχημονεῖν,1,7.269872195646801e-06
13477,νομίζει,1,7.269872195646801e-06
13478,ὑπέρακμος,1,7.269872195646801e-06
13479,γαμείτωσαν,1,7.269872195646801e-06
13480,ἑδραῖος,1,7.269872195646801e-06
13481,κέκρικε(ν),1,7.269872195646801e-06
13482,κοιμηθῇ,1,7.269872195646801e-06
13483,γαμηθῆναι,1,7.269872195646801e-06
13484,μακαριωτέρα,1,7.269872195646801e-06
13485,φυσιοῖ,1,7.269872195646801e-06
13486,ἐγνωκέναι,1,7.269872195646801e-06
13487,ἔγνωσται,1,7.269872195646801e-06
13488,συνηθείᾳ,1,7.269872195646801e-06
13489,εἰδώλου,1,7.269872195646801e-06
13490,μολύνεται,1,7.269872195646801e-06
13491,περισσεύομεν,1,7.269872195646801e-06
13492,ὑστερούμεθα,1,7.269872195646801e-06
13493,εἰδωλείῳ,1,7.269872195646801e-06
13494,οἰκοδομηθήσεται,1,7.269872195646801e-06
13495,ἀσθενοῦσαν,1,7.269872195646801e-06
13496,σκανδαλίσω,1,7.269872195646801e-06
13497,ἑόρακα,1,7.269872195646801e-06
13498,σφραγίς,1,7.269872195646801e-06
13499,ἀπολογία,1,7.269872195646801e-06
13500,ἀνακρίνουσι(ν),1,7.269872195646801e-06
13501,περιάγειν,1,7.269872195646801e-06
13502,στρατεύεται,1,7.269872195646801e-06
13503,φυτεύει,1,7.269872195646801e-06
13504,ποιμαίνει,1,7.269872195646801e-06
13505,κημώσεις,1,7.269872195646801e-06
13506,ἀροτριῶν,1,7.269872195646801e-06
13507,ἀροτριᾶν,1,7.269872195646801e-06
13508,ἀλοῶν,1,7.269872195646801e-06
13509,ἐσπείραμεν,1,7.269872195646801e-06
13510,μετέχουσι(ν),1,7.269872195646801e-06
13511,ἐχρησάμεθα,1,7.269872195646801e-06
13512,στέγομεν,1,7.269872195646801e-06
13513,ἐγκοπήν,1,7.269872195646801e-06
13514,παρεδρεύοντες,1,7.269872195646801e-06
13515,συμμερίζονται,1,7.269872195646801e-06
13516,κέχρημαι,1,7.269872195646801e-06
13517,κενώσει,1,7.269872195646801e-06
13518,ἐπίκειται,1,7.269872195646801e-06
13519,εὐαγγελίσωμαι,1,7.269872195646801e-06
13520,ἑκών,1,7.269872195646801e-06
13521,ἄκων,1,7.269872195646801e-06
13522,ἀδάπανον,1,7.269872195646801e-06
13523,καταχρήσασθαι,1,7.269872195646801e-06
13524,ἐδούλωσα,1,7.269872195646801e-06
13525,ἔννομος,1,7.269872195646801e-06
13526,κερδάνω,1,7.269872195646801e-06
13527,ἀνόμους,1,7.269872195646801e-06
13528,σταδίῳ,1,7.269872195646801e-06
13529,τρέχοντες,1,7.269872195646801e-06
13530,τρέχουσι(ν),1,7.269872195646801e-06
13531,τρέχετε,1,7.269872195646801e-06
13532,καταλάβητε,1,7.269872195646801e-06
13533,ἐγκρατεύεται,1,7.269872195646801e-06
13534,ἀδήλως,1,7.269872195646801e-06
13535,πυκτεύω,1,7.269872195646801e-06
13536,ὑπωπιάζω,1,7.269872195646801e-06
13537,δουλαγωγῶ,1,7.269872195646801e-06
13538,κηρύξας,1,7.269872195646801e-06
13539,ἐβαπτίσαντο,1,7.269872195646801e-06
13540,πόμα,1,7.269872195646801e-06
13541,πνευματικῆς,1,7.269872195646801e-06
13542,ἀκολουθούσης,1,7.269872195646801e-06
13543,ηὐδόκησε(ν),1,7.269872195646801e-06
13544,κατεστρώθησαν,1,7.269872195646801e-06
13545,ἐπιθυμητάς,1,7.269872195646801e-06
13546,παίζειν,1,7.269872195646801e-06
13547,πορνεύωμεν,1,7.269872195646801e-06
13548,ἐκπειράζωμεν,1,7.269872195646801e-06
13549,ἀπώλλυντο,1,7.269872195646801e-06
13550,ἐγόγγυσαν,1,7.269872195646801e-06
13551,ὀλοθρευτοῦ,1,7.269872195646801e-06
13552,τυπικῶς,1,7.269872195646801e-06
13553,συνέβαινε(ν),1,7.269872195646801e-06
13554,κατήντηκε(ν),1,7.269872195646801e-06
13555,δοκῶν,1,7.269872195646801e-06
13556,πειρασμός,1,7.269872195646801e-06
13557,ἀνθρώπινος,1,7.269872195646801e-06
13558,ἐάσει,1,7.269872195646801e-06
13559,πειρασμῷ,1,7.269872195646801e-06
13560,ὑπενεγκεῖν,1,7.269872195646801e-06
13561,εἰδωλολατρίας,1,7.269872195646801e-06
13562,κλῶμεν,1,7.269872195646801e-06
13563,μετέχομεν,1,7.269872195646801e-06
13564,δαιμονίοις,1,7.269872195646801e-06
13565,κοινωνούς,1,7.269872195646801e-06
13566,παραζηλοῦμεν,1,7.269872195646801e-06
13567,ἰσχυρότεροι,1,7.269872195646801e-06
13568,ζητείτω,1,7.269872195646801e-06
13569,μακέλλῳ,1,7.269872195646801e-06
13570,πωλούμενον,1,7.269872195646801e-06
13571,παρατιθέμενον,1,7.269872195646801e-06
13572,ἱερόθυτον,1,7.269872195646801e-06
13573,μηνύσαντα,1,7.269872195646801e-06
13574,μετέχω,1,7.269872195646801e-06
13575,βλασφημοῦμαι,1,7.269872195646801e-06
13576,ἀρέσκω,1,7.269872195646801e-06
13577,μέμνησθε,1,7.269872195646801e-06
13578,προσευχομένη,1,7.269872195646801e-06
13579,προφητεύουσα,1,7.269872195646801e-06
13580,ἀκατακαλύπτῳ,1,7.269872195646801e-06
13581,ἐξυρημένῃ,1,7.269872195646801e-06
13582,κατακαλύπτεται,1,7.269872195646801e-06
13583,κειράσθω,1,7.269872195646801e-06
13584,κείρασθαι,1,7.269872195646801e-06
13585,ξυρᾶσθαι,1,7.269872195646801e-06
13586,κατακαλυπτέσθω,1,7.269872195646801e-06
13587,κατακαλύπτεσθαι,1,7.269872195646801e-06
13588,ἀκατακάλυπτον,1,7.269872195646801e-06
13589,ἀτιμία,1,7.269872195646801e-06
13590,κόμη,1,7.269872195646801e-06
13591,περιβολαίου,1,7.269872195646801e-06
13592,φιλόνεικος,1,7.269872195646801e-06
13593,συνήθειαν,1,7.269872195646801e-06
13594,παραγγέλλων,1,7.269872195646801e-06
13595,συνέρχεσθε,1,7.269872195646801e-06
13596,φανεροί,1,7.269872195646801e-06
13597,κυριακόν,1,7.269872195646801e-06
13598,προλαμβάνει,1,7.269872195646801e-06
13599,μεθύει,1,7.269872195646801e-06
13600,καταφρονεῖτε,1,7.269872195646801e-06
13601,καταισχύνετε,1,7.269872195646801e-06
13602,ἐπαινέσω,1,7.269872195646801e-06
13603,παρεδίδετο,1,7.269872195646801e-06
13604,ἐσθίητε,1,7.269872195646801e-06
13605,καταγγέλλετε,1,7.269872195646801e-06
13606,ἀναξίως,1,7.269872195646801e-06
13607,πίνει,1,7.269872195646801e-06
13608,διακρίνων,1,7.269872195646801e-06
13609,ἄρρωστοι,1,7.269872195646801e-06
13610,κοιμῶνται,1,7.269872195646801e-06
13611,διεκρίνομεν,1,7.269872195646801e-06
13612,ἐκρινόμεθα,1,7.269872195646801e-06
13613,κρινόμενοι,1,7.269872195646801e-06
13614,παιδευόμεθα,1,7.269872195646801e-06
13615,κατακριθῶμεν,1,7.269872195646801e-06
13616,συνερχόμενοι,1,7.269872195646801e-06
13617,ἐκδέχεσθε,1,7.269872195646801e-06
13618,διατάξομαι,1,7.269872195646801e-06
13619,πνευματικῶν,1,7.269872195646801e-06
13620,ἄφωνα,1,7.269872195646801e-06
13621,ἤγεσθε,1,7.269872195646801e-06
13622,ἀπαγόμενοι,1,7.269872195646801e-06
13623,χαρισμάτων,1,7.269872195646801e-06
13624,διακονιῶν,1,7.269872195646801e-06
13625,ἐνεργημάτων,1,7.269872195646801e-06
13626,φανέρωσις,1,7.269872195646801e-06
13627,ἐνεργήματα,1,7.269872195646801e-06
13628,ἑρμηνεία,1,7.269872195646801e-06
13629,ἐνεργεῖ,1,7.269872195646801e-06
13630,διαιροῦν,1,7.269872195646801e-06
13631,ἐποτίσθημεν,1,7.269872195646801e-06
13632,ὄσφρησις,1,7.269872195646801e-06
13633,δοκοῦντα,1,7.269872195646801e-06
13634,ἀσθενέστερα,1,7.269872195646801e-06
13635,ἀναγκαῖα,1,7.269872195646801e-06
13636,δοκοῦμεν,1,7.269872195646801e-06
13637,ἀτιμότερα,1,7.269872195646801e-06
13638,περιτίθεμεν,1,7.269872195646801e-06
13639,ἀσχήμονα,1,7.269872195646801e-06
13640,εὐσχημοσύνην,1,7.269872195646801e-06
13641,εὐσχήμονα,1,7.269872195646801e-06
13642,συνεκέρασε(ν),1,7.269872195646801e-06
13643,ὑστεροῦντι,1,7.269872195646801e-06
13644,μεριμνῶσι(ν),1,7.269872195646801e-06
13645,συμπάσχει,1,7.269872195646801e-06
13646,δοξάζεται,1,7.269872195646801e-06
13647,ἀντιλήμψεις,1,7.269872195646801e-06
13648,κυβερνήσεις,1,7.269872195646801e-06
13649,διερμηνεύουσι(ν),1,7.269872195646801e-06
13650,δείκνυμι,1,7.269872195646801e-06
13651,χαλκός,1,7.269872195646801e-06
13652,ἠχῶν,1,7.269872195646801e-06
13653,κύμβαλον,1,7.269872195646801e-06
13654,ἀλαλάζον,1,7.269872195646801e-06
13655,μεθιστάναι,1,7.269872195646801e-06
13656,ψωμίσω,1,7.269872195646801e-06
13657,παραδῶ,1,7.269872195646801e-06
13658,καυθήσομαι,1,7.269872195646801e-06
13659,ὠφελοῦμαι,1,7.269872195646801e-06
13660,χρηστεύεται,1,7.269872195646801e-06
13661,ζηλοῖ,1,7.269872195646801e-06
13662,περπερεύεται,1,7.269872195646801e-06
13663,φυσιοῦται,1,7.269872195646801e-06
13664,ἀσχημονεῖ,1,7.269872195646801e-06
13665,παροξύνεται,1,7.269872195646801e-06
13666,στέγει,1,7.269872195646801e-06
13667,προφητεῖαι,1,7.269872195646801e-06
13668,καταργηθήσονται,1,7.269872195646801e-06
13669,παύσονται,1,7.269872195646801e-06
13670,προφητεύομεν,1,7.269872195646801e-06
13671,ἐφρόνουν,1,7.269872195646801e-06
13672,ἐλογιζόμην,1,7.269872195646801e-06
13673,κατήργηκα,1,7.269872195646801e-06
13674,νηπίου,1,7.269872195646801e-06
13675,ἐσόπτρου,1,7.269872195646801e-06
13676,αἰνίγματι,1,7.269872195646801e-06
13677,ἐπιγνώσομαι,1,7.269872195646801e-06
13678,ἐπεγνώσθην,1,7.269872195646801e-06
13679,παραμυθίαν,1,7.269872195646801e-06
13680,ὠφελήσω,1,7.269872195646801e-06
13681,προφητείᾳ,1,7.269872195646801e-06
13682,ἄψυχα,1,7.269872195646801e-06
13683,αὐλός,1,7.269872195646801e-06
13684,κιθάρα,1,7.269872195646801e-06
13685,διαστολήν,1,7.269872195646801e-06
13686,φθόγγοις,1,7.269872195646801e-06
13687,αὐλούμενον,1,7.269872195646801e-06
13688,κιθαριζόμενον,1,7.269872195646801e-06
13689,ἄδηλον,1,7.269872195646801e-06
13690,σάλπιγξ,1,7.269872195646801e-06
13691,παρασκευάσεται,1,7.269872195646801e-06
13692,εὔσημον,1,7.269872195646801e-06
13693,προσεύχωμαι,1,7.269872195646801e-06
13694,εὐλογῇς,1,7.269872195646801e-06
13695,ἀναπληρῶν,1,7.269872195646801e-06
13696,ἰδιώτου,1,7.269872195646801e-06
13697,εὐχαριστεῖς,1,7.269872195646801e-06
13698,οἰκοδομεῖται,1,7.269872195646801e-06
13699,κατηχήσω,1,7.269872195646801e-06
13700,νηπιάζετε,1,7.269872195646801e-06
13701,ἑτερογλώσσοις,1,7.269872195646801e-06
13702,εἰσακούσονται,1,7.269872195646801e-06
13703,συνέλθῃ,1,7.269872195646801e-06
13704,λαλῶσι(ν),1,7.269872195646801e-06
13705,ἄπιστοι,1,7.269872195646801e-06
13706,μαίνεσθε,1,7.269872195646801e-06
13707,προφητεύωσι(ν),1,7.269872195646801e-06
13708,ἐλέγχεται,1,7.269872195646801e-06
13709,προσκυνήσει,1,7.269872195646801e-06
13710,ἀπαγγέλλων,1,7.269872195646801e-06
13711,ψαλμόν,1,7.269872195646801e-06
13712,ἑρμηνείαν,1,7.269872195646801e-06
13713,πλεῖστον,1,7.269872195646801e-06
13714,διερμηνευέτω,1,7.269872195646801e-06
13715,διερμηνευτής,1,7.269872195646801e-06
13716,λαλείτω,1,7.269872195646801e-06
13717,λαλείτωσαν,1,7.269872195646801e-06
13718,διακρινέτωσαν,1,7.269872195646801e-06
13719,μανθάνωσι(ν),1,7.269872195646801e-06
13720,παρακαλῶνται,1,7.269872195646801e-06
13721,σιγάτωσαν,1,7.269872195646801e-06
13722,ὑποτασσέσθωσαν,1,7.269872195646801e-06
13723,ἐπερωτάτωσαν,1,7.269872195646801e-06
13724,ἐπιγινωσκέτω,1,7.269872195646801e-06
13725,ἀγνοεῖ,1,7.269872195646801e-06
13726,ἀγνοεῖται,1,7.269872195646801e-06
13727,σῴζεσθε,1,7.269872195646801e-06
13728,πεντακοσίοις,1,7.269872195646801e-06
13729,ὡσπερεί,1,7.269872195646801e-06
13730,ἐκτρώματι,1,7.269872195646801e-06
13731,κηρύσσεται,1,7.269872195646801e-06
13732,εὑρισκόμεθα,1,7.269872195646801e-06
13733,ψευδομάρτυρες,1,7.269872195646801e-06
13734,ἐμαρτυρήσαμεν,1,7.269872195646801e-06
13735,ματαία,1,7.269872195646801e-06
13736,κοιμηθέντες,1,7.269872195646801e-06
13737,ἠλπικότες,1,7.269872195646801e-06
13738,ἐλεεινότεροι,1,7.269872195646801e-06
13739,ἀποθνῄσκουσι(ν),1,7.269872195646801e-06
13740,ζῳοποιηθήσονται,1,7.269872195646801e-06
13741,τάγματι,1,7.269872195646801e-06
13742,παραδιδῷ,1,7.269872195646801e-06
13743,βασιλεύειν,1,7.269872195646801e-06
13744,ὑποτέτακται,1,7.269872195646801e-06
13745,ὑποτάξαντος,1,7.269872195646801e-06
13746,ὑποταγήσεται,1,7.269872195646801e-06
13747,ὑποτάξαντι,1,7.269872195646801e-06
13748,βαπτιζόμενοι,1,7.269872195646801e-06
13749,βαπτίζονται,1,7.269872195646801e-06
13750,ἀποθνῄσκω,1,7.269872195646801e-06
13751,νή,1,7.269872195646801e-06
13752,ὑμετέραν,1,7.269872195646801e-06
13753,ἐθηριομάχησα,1,7.269872195646801e-06
13754,φθείρουσι(ν),1,7.269872195646801e-06
13755,ἤθη,1,7.269872195646801e-06
13756,χρηστά,1,7.269872195646801e-06
13757,ὁμιλίαι,1,7.269872195646801e-06
13758,κακαί,1,7.269872195646801e-06
13759,ἐκνήψατε,1,7.269872195646801e-06
13760,ζῳοποιεῖται,1,7.269872195646801e-06
13761,γενησόμενον,1,7.269872195646801e-06
13762,κτηνῶν,1,7.269872195646801e-06
13763,πτηνῶν,1,7.269872195646801e-06
13764,ἀτιμίᾳ,1,7.269872195646801e-06
13765,χοϊκοί,1,7.269872195646801e-06
13766,ἐπουράνιος,1,7.269872195646801e-06
13767,ἐπουράνιοι,1,7.269872195646801e-06
13768,ἐφορέσαμεν,1,7.269872195646801e-06
13769,χοϊκοῦ,1,7.269872195646801e-06
13770,φορέσομεν,1,7.269872195646801e-06
13771,φθορά,1,7.269872195646801e-06
13772,κληρονομεῖ,1,7.269872195646801e-06
13773,κοιμηθησόμεθα,1,7.269872195646801e-06
13774,ἀτόμῳ,1,7.269872195646801e-06
13775,ῥιπῇ,1,7.269872195646801e-06
13776,σαλπίσει,1,7.269872195646801e-06
13777,ἄφθαρτοι,1,7.269872195646801e-06
13778,κατεπόθη,1,7.269872195646801e-06
13779,ἀμετακίνητοι,1,7.269872195646801e-06
13780,κενός,1,7.269872195646801e-06
13781,λογείας,1,7.269872195646801e-06
13782,διέταξα,1,7.269872195646801e-06
13783,τιθέτω,1,7.269872195646801e-06
13784,εὐοδῶται,1,7.269872195646801e-06
13785,λογεῖαι,1,7.269872195646801e-06
13786,γίνωνται,1,7.269872195646801e-06
13787,παραγένωμαι,1,7.269872195646801e-06
13788,δοκιμάσητε,1,7.269872195646801e-06
13789,ἀπενεγκεῖν,1,7.269872195646801e-06
13790,πορεύσονται,1,7.269872195646801e-06
13791,διέλθω,1,7.269872195646801e-06
13792,διέρχομαι,1,7.269872195646801e-06
13793,τυχόν,1,7.269872195646801e-06
13794,παραχειμάσω,1,7.269872195646801e-06
13795,προπέμψητε,1,7.269872195646801e-06
13796,παρόδῳ,1,7.269872195646801e-06
13797,ἐπιμενῶ,1,7.269872195646801e-06
13798,ἐξουθενήσῃ,1,7.269872195646801e-06
13799,προπέμψατε,1,7.269872195646801e-06
13800,ἐκδέχομαι,1,7.269872195646801e-06
13801,εὐκαιρήσῃ,1,7.269872195646801e-06
13802,ἀνδρίζεσθε,1,7.269872195646801e-06
13803,κραταιοῦσθε,1,7.269872195646801e-06
13804,ὑποτάσσησθε,1,7.269872195646801e-06
13805,συνεργοῦντι,1,7.269872195646801e-06
13806,κοπιῶντι,1,7.269872195646801e-06
13807,Φορτουνάτου,1,7.269872195646801e-06
13808,Ἀχαϊκοῦ,1,7.269872195646801e-06
13809,ἀνεπλήρωσαν,1,7.269872195646801e-06
13810,ἀνέπαυσαν,1,7.269872195646801e-06
13811,Πρίσκα,1,7.269872195646801e-06
13812,μαράνα,1,7.269872195646801e-06
13813,θά,1,7.269872195646801e-06
13814,θλιβόμεθα,1,7.269872195646801e-06
13815,ἐνεργουμένης,1,7.269872195646801e-06
13816,πάσχομεν,1,7.269872195646801e-06
13817,ἐβαρήθημεν,1,7.269872195646801e-06
13818,ἐξαπορηθῆναι,1,7.269872195646801e-06
13819,ἀπόκριμα,1,7.269872195646801e-06
13820,ἐγείροντι,1,7.269872195646801e-06
13821,τηλικούτου,1,7.269872195646801e-06
13822,συνυπουργούντων,1,7.269872195646801e-06
13823,προσώπων,1,7.269872195646801e-06
13824,εὐχαριστηθῇ,1,7.269872195646801e-06
13825,ἁγιότητι,1,7.269872195646801e-06
13826,εἰλικρινείᾳ,1,7.269872195646801e-06
13827,σαρκικῇ,1,7.269872195646801e-06
13828,ἀναγινώσκετε,1,7.269872195646801e-06
13829,σχῆτε,1,7.269872195646801e-06
13830,ἐλαφρίᾳ,1,7.269872195646801e-06
13831,ἐχρησάμην,1,7.269872195646801e-06
13832,κηρυχθείς,1,7.269872195646801e-06
13833,ὅσαι,1,7.269872195646801e-06
13834,βεβαιῶν,1,7.269872195646801e-06
13835,χρίσας,1,7.269872195646801e-06
13836,φειδόμενος,1,7.269872195646801e-06
13837,κυριεύομεν,1,7.269872195646801e-06
13838,λυπῶ,1,7.269872195646801e-06
13839,εὐφραίνων,1,7.269872195646801e-06
13840,συνοχῆς,1,7.269872195646801e-06
13841,λυπηθῆτε,1,7.269872195646801e-06
13842,ἐπιβαρῶ,1,7.269872195646801e-06
13843,ἐπιτιμία,1,7.269872195646801e-06
13844,περισσοτέρᾳ,1,7.269872195646801e-06
13845,κυρῶσαι,1,7.269872195646801e-06
13846,γνῶ,1,7.269872195646801e-06
13847,χαρίζεσθε,1,7.269872195646801e-06
13848,πλεονεκτηθῶμεν,1,7.269872195646801e-06
13849,ἀγνοοῦμεν,1,7.269872195646801e-06
13850,ἀνεῳγμένης,1,7.269872195646801e-06
13851,ἔσχηκα,1,7.269872195646801e-06
13852,θριαμβεύοντι,1,7.269872195646801e-06
13853,φανεροῦντι,1,7.269872195646801e-06
13854,εὐωδία,1,7.269872195646801e-06
13855,καπηλεύοντες,1,7.269872195646801e-06
13856,ἀρχόμεθα,1,7.269872195646801e-06
13857,συνιστάνειν,1,7.269872195646801e-06
13858,χρῄζομεν,1,7.269872195646801e-06
13859,συστατικῶν,1,7.269872195646801e-06
13860,γινωσκομένη,1,7.269872195646801e-06
13861,ἀναγινωσκομένη,1,7.269872195646801e-06
13862,φανερούμενοι,1,7.269872195646801e-06
13863,διακονηθεῖσα,1,7.269872195646801e-06
13864,μέλανι,1,7.269872195646801e-06
13865,λιθίναις,1,7.269872195646801e-06
13866,σαρκίναις,1,7.269872195646801e-06
13867,λογίσασθαι,1,7.269872195646801e-06
13868,αὑτῶν,1,7.269872195646801e-06
13869,ἱκανότης,1,7.269872195646801e-06
13870,ἱκάνωσε(ν),1,7.269872195646801e-06
13871,γράμμα,1,7.269872195646801e-06
13872,ἀποκτέννει,1,7.269872195646801e-06
13873,ἐντετυπωμένη,1,7.269872195646801e-06
13874,καταργουμένην,1,7.269872195646801e-06
13875,κατακρίσεως,1,7.269872195646801e-06
13876,δεδόξασται,1,7.269872195646801e-06
13877,δεδοξασμένον,1,7.269872195646801e-06
13878,ὑπερβαλλούσης,1,7.269872195646801e-06
13879,καταργούμενον,1,7.269872195646801e-06
13880,χρώμεθα,1,7.269872195646801e-06
13881,ἐτίθει,1,7.269872195646801e-06
13882,καταργουμένου,1,7.269872195646801e-06
13883,ἐπωρώθη,1,7.269872195646801e-06
13884,παλαιᾶς,1,7.269872195646801e-06
13885,ἀνακαλυπτόμενον,1,7.269872195646801e-06
13886,ἀναγινώσκηται,1,7.269872195646801e-06
13887,περιαιρεῖται,1,7.269872195646801e-06
13888,ἀνακεκαλυμμένῳ,1,7.269872195646801e-06
13889,κατοπτριζόμενοι,1,7.269872195646801e-06
13890,μεταμορφούμεθα,1,7.269872195646801e-06
13891,ἠλεήθημεν,1,7.269872195646801e-06
13892,ἀπειπάμεθα,1,7.269872195646801e-06
13893,δολοῦντες,1,7.269872195646801e-06
13894,αὐγάσαι,1,7.269872195646801e-06
13895,λάμψει,1,7.269872195646801e-06
13896,ὀστρακίνοις,1,7.269872195646801e-06
13897,σκεύεσι(ν),1,7.269872195646801e-06
13898,ὑπερβολή,1,7.269872195646801e-06
13899,στενοχωρούμενοι,1,7.269872195646801e-06
13900,ἐξαπορούμενοι,1,7.269872195646801e-06
13901,ἐγκαταλειπόμενοι,1,7.269872195646801e-06
13902,ἀπολλύμενοι,1,7.269872195646801e-06
13903,περιφέροντες,1,7.269872195646801e-06
13904,παραδιδόμεθα,1,7.269872195646801e-06
13905,θνητῇ,1,7.269872195646801e-06
13906,ἐπίστευσα,1,7.269872195646801e-06
13907,πλεονάσασα,1,7.269872195646801e-06
13908,διαφθείρεται,1,7.269872195646801e-06
13909,ἀνακαινοῦται,1,7.269872195646801e-06
13910,παραυτίκα,1,7.269872195646801e-06
13911,σκοπούντων,1,7.269872195646801e-06
13912,πρόσκαιρα,1,7.269872195646801e-06
13913,αἰώνια,1,7.269872195646801e-06
13914,σκήνους,1,7.269872195646801e-06
13915,εὑρεθησόμεθα,1,7.269872195646801e-06
13916,σκήνει,1,7.269872195646801e-06
13917,βαρούμενοι,1,7.269872195646801e-06
13918,ἐκδύσασθαι,1,7.269872195646801e-06
13919,κατεργασάμενος,1,7.269872195646801e-06
13920,θαρροῦντες,1,7.269872195646801e-06
13921,ἐκδημοῦμεν,1,7.269872195646801e-06
13922,περιπατοῦμεν,1,7.269872195646801e-06
13923,θαρροῦμεν,1,7.269872195646801e-06
13924,ἐκδημῆσαι,1,7.269872195646801e-06
13925,ἐνδημῆσαι,1,7.269872195646801e-06
13926,φιλοτιμούμεθα,1,7.269872195646801e-06
13927,ἐκδημοῦντες,1,7.269872195646801e-06
13928,εὐάρεστοι,1,7.269872195646801e-06
13929,κομίσηται,1,7.269872195646801e-06
13930,πείθομεν,1,7.269872195646801e-06
13931,πεφανερώμεθα,1,7.269872195646801e-06
13932,συνειδήσεσι(ν),1,7.269872195646801e-06
13933,συνιστάνομεν,1,7.269872195646801e-06
13934,καυχήματος,1,7.269872195646801e-06
13935,καυχωμένους,1,7.269872195646801e-06
13936,ἐξέστημεν,1,7.269872195646801e-06
13937,σωφρονοῦμεν,1,7.269872195646801e-06
13938,συνέχει,1,7.269872195646801e-06
13939,κρίναντας,1,7.269872195646801e-06
13940,ἀποθανόντι,1,7.269872195646801e-06
13941,ἀρχαῖα,1,7.269872195646801e-06
13942,καταλλάξαντος,1,7.269872195646801e-06
13943,καταλλάσσων,1,7.269872195646801e-06
13944,λογιζόμενος,1,7.269872195646801e-06
13945,πρεσβεύομεν,1,7.269872195646801e-06
13946,παρακαλοῦντος,1,7.269872195646801e-06
13947,δεόμεθα,1,7.269872195646801e-06
13948,καταλλάγητε,1,7.269872195646801e-06
13949,γνόντα,1,7.269872195646801e-06
13950,γενώμεθα,1,7.269872195646801e-06
13951,συνεργοῦντες,1,7.269872195646801e-06
13952,δεκτῷ,1,7.269872195646801e-06
13953,ἐπήκουσα,1,7.269872195646801e-06
13954,ἐβοήθησα,1,7.269872195646801e-06
13955,προσκοπήν,1,7.269872195646801e-06
13956,μωμηθῇ,1,7.269872195646801e-06
13957,ἀκαταστασίαις,1,7.269872195646801e-06
13958,ἁγνότητι,1,7.269872195646801e-06
13959,ἀνυποκρίτῳ,1,7.269872195646801e-06
13960,δυσφημίας,1,7.269872195646801e-06
13961,εὐφημίας,1,7.269872195646801e-06
13962,ἀληθεῖς,1,7.269872195646801e-06
13963,ἀγνοούμενοι,1,7.269872195646801e-06
13964,ἐπιγινωσκόμενοι,1,7.269872195646801e-06
13965,παιδευόμενοι,1,7.269872195646801e-06
13966,θανατούμενοι,1,7.269872195646801e-06
13967,πλουτίζοντες,1,7.269872195646801e-06
13968,Κορίνθιοι,1,7.269872195646801e-06
13969,πεπλάτυνται,1,7.269872195646801e-06
13970,πλατύνθητε,1,7.269872195646801e-06
13971,ἑτεροζυγοῦντες,1,7.269872195646801e-06
13972,μετοχή,1,7.269872195646801e-06
13973,συμφώνησις,1,7.269872195646801e-06
13974,Βελιάρ,1,7.269872195646801e-06
13975,συγκατάθεσις,1,7.269872195646801e-06
13976,ἐνοικήσω,1,7.269872195646801e-06
13977,ἐμπεριπατήσω,1,7.269872195646801e-06
13978,ἀφορίσθητε,1,7.269872195646801e-06
13979,ἅπτεσθε,1,7.269872195646801e-06
13980,εἰσδέξομαι,1,7.269872195646801e-06
13981,θυγατέρας,1,7.269872195646801e-06
13982,καθαρίσωμεν,1,7.269872195646801e-06
13983,μολυσμοῦ,1,7.269872195646801e-06
13984,ἁγιωσύνην,1,7.269872195646801e-06
13985,χωρήσατε,1,7.269872195646801e-06
13986,ἠδικήσαμεν,1,7.269872195646801e-06
13987,ἐφθείραμεν,1,7.269872195646801e-06
13988,ἐπλεονεκτήσαμεν,1,7.269872195646801e-06
13989,κατάκρισιν,1,7.269872195646801e-06
13990,συζῆν,1,7.269872195646801e-06
13991,ὑπερπερισσεύομαι,1,7.269872195646801e-06
13992,ἔσχηκε(ν),1,7.269872195646801e-06
13993,φόβοι,1,7.269872195646801e-06
13994,παρεκλήθη,1,7.269872195646801e-06
13995,ἀναγγέλλων,1,7.269872195646801e-06
13996,ὀδυρμόν,1,7.269872195646801e-06
13997,ἐλύπησα,1,7.269872195646801e-06
13998,μεταμέλομαι,1,7.269872195646801e-06
13999,μετεμελόμην,1,7.269872195646801e-06
14000,ἐλύπησε(ν),1,7.269872195646801e-06
14001,ζημιωθῆτε,1,7.269872195646801e-06
14002,ἀμεταμέλητον,1,7.269872195646801e-06
14003,λυπηθῆναι,1,7.269872195646801e-06
14004,πόσην,1,7.269872195646801e-06
14005,ἀγανάκτησιν,1,7.269872195646801e-06
14006,συνεστήσατε,1,7.269872195646801e-06
14007,ἁγνούς,1,7.269872195646801e-06
14008,ἀδικήσαντος,1,7.269872195646801e-06
14009,ἀδικηθέντος,1,7.269872195646801e-06
14010,παρακεκλήμεθα,1,7.269872195646801e-06
14011,ἐχάρημεν,1,7.269872195646801e-06
14012,κεκαύχημαι,1,7.269872195646801e-06
14013,κατῃσχύνθην,1,7.269872195646801e-06
14014,ἐλαλήσαμεν,1,7.269872195646801e-06
14015,ἀναμιμνῃσκομένου,1,7.269872195646801e-06
14016,γνωρίζομεν,1,7.269872195646801e-06
14017,δεδομένην,1,7.269872195646801e-06
14018,δοκιμῇ,1,7.269872195646801e-06
14019,περισσεία,1,7.269872195646801e-06
14020,βάθους,1,7.269872195646801e-06
14021,πτωχεία,1,7.269872195646801e-06
14022,αὐθαίρετοι,1,7.269872195646801e-06
14023,ἠλπίσαμεν,1,7.269872195646801e-06
14024,προενήρξατο,1,7.269872195646801e-06
14025,ἐπιτελέσῃ,1,7.269872195646801e-06
14026,περισσεύετε,1,7.269872195646801e-06
14027,γνήσιον,1,7.269872195646801e-06
14028,δοκιμάζων,1,7.269872195646801e-06
14029,ἐπτώχευσε(ν),1,7.269872195646801e-06
14030,πτωχείᾳ,1,7.269872195646801e-06
14031,πλουτήσητε,1,7.269872195646801e-06
14032,προενήρξασθε,1,7.269872195646801e-06
14033,ἐπιτελέσατε,1,7.269872195646801e-06
14034,ἐπιτελέσαι,1,7.269872195646801e-06
14035,πρόκειται,1,7.269872195646801e-06
14036,ἄνεσις,1,7.269872195646801e-06
14037,ἰσότητος,1,7.269872195646801e-06
14038,ἰσότης,1,7.269872195646801e-06
14039,ἠλαττόνησε(ν),1,7.269872195646801e-06
14040,σπουδαιότερος,1,7.269872195646801e-06
14041,αὐθαίρετος,1,7.269872195646801e-06
14042,χειροτονηθείς,1,7.269872195646801e-06
14043,συνέκδημος,1,7.269872195646801e-06
14044,στελλόμενοι,1,7.269872195646801e-06
14045,μωμήσηται,1,7.269872195646801e-06
14046,ἁδρότητι,1,7.269872195646801e-06
14047,προνοοῦμεν,1,7.269872195646801e-06
14048,ἐδοκιμάσαμεν,1,7.269872195646801e-06
14049,σπουδαῖον,1,7.269872195646801e-06
14050,σπουδαιότερον,1,7.269872195646801e-06
14051,ἐνδεικνύμενοι,1,7.269872195646801e-06
14052,καυχῶμαι,1,7.269872195646801e-06
14053,Μακεδόσι(ν),1,7.269872195646801e-06
14054,παρεσκεύασται,1,7.269872195646801e-06
14055,ἠρέθισε(ν),1,7.269872195646801e-06
14056,παρεσκευασμένοι,1,7.269872195646801e-06
14057,Μακεδόνες,1,7.269872195646801e-06
14058,ἀπαρασκευάστους,1,7.269872195646801e-06
14059,καταισχυνθῶμεν,1,7.269872195646801e-06
14060,λέγωμεν,1,7.269872195646801e-06
14061,προέλθωσι(ν),1,7.269872195646801e-06
14062,προκαταρτίσωσι(ν),1,7.269872195646801e-06
14063,προεπηγγελμένην,1,7.269872195646801e-06
14064,προῄρηται,1,7.269872195646801e-06
14065,ἱλαρόν,1,7.269872195646801e-06
14066,δότην,1,7.269872195646801e-06
14067,περισσεῦσαι,1,7.269872195646801e-06
14068,αὐτάρκειαν,1,7.269872195646801e-06
14069,ἐσκόρπισε(ν),1,7.269872195646801e-06
14070,πένησι(ν),1,7.269872195646801e-06
14071,σπείροντι,1,7.269872195646801e-06
14072,χορηγήσει,1,7.269872195646801e-06
14073,πληθυνεῖ,1,7.269872195646801e-06
14074,αὐξήσει,1,7.269872195646801e-06
14075,γενήματα,1,7.269872195646801e-06
14076,πλουτιζόμενοι,1,7.269872195646801e-06
14077,ἁπλότητα,1,7.269872195646801e-06
14078,προσαναπληροῦσα,1,7.269872195646801e-06
14079,περισσεύουσα,1,7.269872195646801e-06
14080,εὐχαριστιῶν,1,7.269872195646801e-06
14081,δοκιμῆς,1,7.269872195646801e-06
14082,ἐπιποθούντων,1,7.269872195646801e-06
14083,ἀνεκδιηγήτῳ,1,7.269872195646801e-06
14084,δωρεᾷ,1,7.269872195646801e-06
14085,ἐπιεικείας,1,7.269872195646801e-06
14086,θαρρῆσαι,1,7.269872195646801e-06
14087,τολμῆσαι,1,7.269872195646801e-06
14088,λογιζομένους,1,7.269872195646801e-06
14089,στρατευόμεθα,1,7.269872195646801e-06
14090,στρατείας,1,7.269872195646801e-06
14091,ὀχυρωμάτων,1,7.269872195646801e-06
14092,λογισμούς,1,7.269872195646801e-06
14093,καθαιροῦντες,1,7.269872195646801e-06
14094,ἐπαιρόμενον,1,7.269872195646801e-06
14095,νόημα,1,7.269872195646801e-06
14096,ἑτοίμῳ,1,7.269872195646801e-06
14097,ἐκδικῆσαι,1,7.269872195646801e-06
14098,παρακοήν,1,7.269872195646801e-06
14099,δόξω,1,7.269872195646801e-06
14100,ἐκφοβεῖν,1,7.269872195646801e-06
14101,ἐπιστολαί,1,7.269872195646801e-06
14102,ἰσχυραί,1,7.269872195646801e-06
14103,ἐξουθενημένος,1,7.269872195646801e-06
14104,ἀπόντες,1,7.269872195646801e-06
14105,παρόντες,1,7.269872195646801e-06
14106,τολμῶμεν,1,7.269872195646801e-06
14107,ἐγκρῖναι,1,7.269872195646801e-06
14108,συγκρῖναι,1,7.269872195646801e-06
14109,συνιστανόντων,1,7.269872195646801e-06
14110,μετροῦντες,1,7.269872195646801e-06
14111,συνιᾶσι(ν),1,7.269872195646801e-06
14112,καυχησόμεθα,1,7.269872195646801e-06
14113,κανόνος,1,7.269872195646801e-06
14114,ἐφικέσθαι,1,7.269872195646801e-06
14115,ἐφικνούμενοι,1,7.269872195646801e-06
14116,ὑπερεκτείνομεν,1,7.269872195646801e-06
14117,ἀλλοτρίοις,1,7.269872195646801e-06
14118,αὐξανομένης,1,7.269872195646801e-06
14119,μεγαλυνθῆναι,1,7.269872195646801e-06
14120,κανόνα,1,7.269872195646801e-06
14121,ὑπερέκεινα,1,7.269872195646801e-06
14122,συνιστάνων,1,7.269872195646801e-06
14123,ἀνείχεσθε,1,7.269872195646801e-06
14124,ἀφροσύνης,1,7.269872195646801e-06
14125,ζηλῶ,1,7.269872195646801e-06
14126,ἡρμοσάμην,1,7.269872195646801e-06
14127,Εὕαν,1,7.269872195646801e-06
14128,φθαρῇ,1,7.269872195646801e-06
14129,ἁγνότητος,1,7.269872195646801e-06
14130,φανερώσαντες,1,7.269872195646801e-06
14131,ὑψωθῆτε,1,7.269872195646801e-06
14132,ἄλλας,1,7.269872195646801e-06
14133,ἐσύλησα,1,7.269872195646801e-06
14134,ὀψώνιον,1,7.269872195646801e-06
14135,ὑστερηθείς,1,7.269872195646801e-06
14136,προσανεπλήρωσαν,1,7.269872195646801e-06
14137,ἀβαρῆ,1,7.269872195646801e-06
14138,ἐτήρησα,1,7.269872195646801e-06
14139,φραγήσεται,1,7.269872195646801e-06
14140,ἐκκόψω,1,7.269872195646801e-06
14141,εὑρεθῶσι(ν),1,7.269872195646801e-06
14142,ψευδαπόστολοι,1,7.269872195646801e-06
14143,δόλιοι,1,7.269872195646801e-06
14144,μετασχηματιζόμενοι,1,7.269872195646801e-06
14145,μετασχηματίζεται,1,7.269872195646801e-06
14146,μετασχηματίζονται,1,7.269872195646801e-06
14147,καταδουλοῖ,1,7.269872195646801e-06
14148,ἐπαίρεται,1,7.269872195646801e-06
14149,δέρει,1,7.269872195646801e-06
14150,ἠσθενήκαμεν,1,7.269872195646801e-06
14151,τολμῶ,1,7.269872195646801e-06
14152,Ἑβραῖοι,1,7.269872195646801e-06
14153,παραφρονῶν,1,7.269872195646801e-06
14154,ὑπερβαλλόντως,1,7.269872195646801e-06
14155,θανάτοις,1,7.269872195646801e-06
14156,πεντάκις,1,7.269872195646801e-06
14157,ἐραβδίσθην,1,7.269872195646801e-06
14158,ἐλιθάσθην,1,7.269872195646801e-06
14159,ἐναυάγησα,1,7.269872195646801e-06
14160,νυχθήμερον,1,7.269872195646801e-06
14161,βυθῷ,1,7.269872195646801e-06
14162,ὁδοιπορίαις,1,7.269872195646801e-06
14163,ψευδαδέλφοις,1,7.269872195646801e-06
14164,δίψει,1,7.269872195646801e-06
14165,ψύχει,1,7.269872195646801e-06
14166,γυμνότητι,1,7.269872195646801e-06
14167,ἐπίστασις,1,7.269872195646801e-06
14168,πυροῦμαι,1,7.269872195646801e-06
14169,ἐθνάρχης,1,7.269872195646801e-06
14170,Ἁρέτα,1,7.269872195646801e-06
14171,ἐφρούρει,1,7.269872195646801e-06
14172,Δαμασκηνῶν,1,7.269872195646801e-06
14173,σαργάνῃ,1,7.269872195646801e-06
14174,ἐχαλάσθην,1,7.269872195646801e-06
14175,ὀπτασίας,1,7.269872195646801e-06
14176,ἀποκαλύψεις,1,7.269872195646801e-06
14177,ἁρπαγέντα,1,7.269872195646801e-06
14178,ἡρπάγη,1,7.269872195646801e-06
14179,παράδεισον,1,7.269872195646801e-06
14180,ἄρρητα,1,7.269872195646801e-06
14181,τοιούτου,1,7.269872195646801e-06
14182,θελήσω,1,7.269872195646801e-06
14183,ὑπερβολῇ,1,7.269872195646801e-06
14184,ἀποκαλύψεων,1,7.269872195646801e-06
14185,σκόλοψ,1,7.269872195646801e-06
14186,κολαφίζῃ,1,7.269872195646801e-06
14187,ἀποστῇ,1,7.269872195646801e-06
14188,τελεῖται,1,7.269872195646801e-06
14189,ἐπισκηνώσῃ,1,7.269872195646801e-06
14190,εὐδοκῶ,1,7.269872195646801e-06
14191,ὕβρεσι(ν),1,7.269872195646801e-06
14192,ἠναγκάσατε,1,7.269872195646801e-06
14193,ὤφειλον,1,7.269872195646801e-06
14194,συνίστασθαι,1,7.269872195646801e-06
14195,ὑστέρησα,1,7.269872195646801e-06
14196,ἀποστόλου,1,7.269872195646801e-06
14197,κατειργάσθη,1,7.269872195646801e-06
14198,ἡσσώθητε,1,7.269872195646801e-06
14199,χαρίσασθε,1,7.269872195646801e-06
14200,καταναρκήσω,1,7.269872195646801e-06
14201,θησαυρίζειν,1,7.269872195646801e-06
14202,δαπανήσω,1,7.269872195646801e-06
14203,ἐκδαπανηθήσομαι,1,7.269872195646801e-06
14204,ἀγαπῶμαι,1,7.269872195646801e-06
14205,κατεβάρησα,1,7.269872195646801e-06
14206,πανοῦργος,1,7.269872195646801e-06
14207,ἐπλεονέκτησα,1,7.269872195646801e-06
14208,συναπέστειλα,1,7.269872195646801e-06
14209,ἐπλεονέκτησε(ν),1,7.269872195646801e-06
14210,περιεπατήσαμεν,1,7.269872195646801e-06
14211,ἀπολογούμεθα,1,7.269872195646801e-06
14212,εὕρω,1,7.269872195646801e-06
14213,καταλαλιαί,1,7.269872195646801e-06
14214,ψιθυρισμοί,1,7.269872195646801e-06
14215,φυσιώσεις,1,7.269872195646801e-06
14216,ἀκαταστασίαι,1,7.269872195646801e-06
14217,ταπεινώσῃ,1,7.269872195646801e-06
14218,πενθήσω,1,7.269872195646801e-06
14219,προημαρτηκότων,1,7.269872195646801e-06
14220,μετανοησάντων,1,7.269872195646801e-06
14221,ἔπραξαν,1,7.269872195646801e-06
14222,προημαρτηκόσι(ν),1,7.269872195646801e-06
14223,φείσομαι,1,7.269872195646801e-06
14224,ἀσθενοῦμεν,1,7.269872195646801e-06
14225,φανῶμεν,1,7.269872195646801e-06
14226,ἀσθενῶμεν,1,7.269872195646801e-06
14227,κατάρτισιν,1,7.269872195646801e-06
14228,χρήσωμαι,1,7.269872195646801e-06
14229,καταρτίζεσθε,1,7.269872195646801e-06
14230,παρακαλεῖσθε,1,7.269872195646801e-06
14231,ἐξέληται,1,7.269872195646801e-06
14232,ἐνεστῶτος,1,7.269872195646801e-06
14233,θαυμάζω,1,7.269872195646801e-06
14234,μετατίθεσθε,1,7.269872195646801e-06
14235,μεταστρέψαι,1,7.269872195646801e-06
14236,εὐαγγελίζηται,1,7.269872195646801e-06
14237,εὐηγγελισάμεθα,1,7.269872195646801e-06
14238,προειρήκαμεν,1,7.269872195646801e-06
14239,πείθω,1,7.269872195646801e-06
14240,ἤρεσκον,1,7.269872195646801e-06
14241,ἐδιδάχθην,1,7.269872195646801e-06
14242,ἐπόρθουν,1,7.269872195646801e-06
14243,προέκοπτον,1,7.269872195646801e-06
14244,συνηλικιώτας,1,7.269872195646801e-06
14245,πατρικῶν,1,7.269872195646801e-06
14246,παραδόσεων,1,7.269872195646801e-06
14247,ἀφορίσας,1,7.269872195646801e-06
14248,προσανεθέμην,1,7.269872195646801e-06
14249,Ἀραβίαν,1,7.269872195646801e-06
14250,ὑπέστρεψα,1,7.269872195646801e-06
14251,ἱστορῆσαι,1,7.269872195646801e-06
14252,Κηφᾶν,1,7.269872195646801e-06
14253,ἐπέμεινα,1,7.269872195646801e-06
14254,κλίματα,1,7.269872195646801e-06
14255,ἀγνοούμενος,1,7.269872195646801e-06
14256,ἐπόρθει,1,7.269872195646801e-06
14257,συμπαραλαβών,1,7.269872195646801e-06
14258,ἀνεθέμην,1,7.269872195646801e-06
14259,ἠναγκάσθη,1,7.269872195646801e-06
14260,περιτμηθῆναι,1,7.269872195646801e-06
14261,παρεισάκτους,1,7.269872195646801e-06
14262,ψευδαδέλφους,1,7.269872195646801e-06
14263,παρεισῆλθον,1,7.269872195646801e-06
14264,κατασκοπῆσαι,1,7.269872195646801e-06
14265,καταδουλώσουσι(ν),1,7.269872195646801e-06
14266,εἴξαμεν,1,7.269872195646801e-06
14267,διαμείνῃ,1,7.269872195646801e-06
14268,δοκούντων,1,7.269872195646801e-06
14269,ὁποῖοι,1,7.269872195646801e-06
14270,προσανέθεντο,1,7.269872195646801e-06
14271,ἐνεργήσας,1,7.269872195646801e-06
14272,ἐνήργησε(ν),1,7.269872195646801e-06
14273,δεξιάς,1,7.269872195646801e-06
14274,μνημονεύωμεν,1,7.269872195646801e-06
14275,ἐσπούδασα,1,7.269872195646801e-06
14276,ἀντέστην,1,7.269872195646801e-06
14277,κατεγνωσμένος,1,7.269872195646801e-06
14278,συνήσθιε(ν),1,7.269872195646801e-06
14279,ὑπέστελλε(ν),1,7.269872195646801e-06
14280,ἀφώριζε(ν),1,7.269872195646801e-06
14281,συνυπεκρίθησαν,1,7.269872195646801e-06
14282,συναπήχθη,1,7.269872195646801e-06
14283,ὀρθοποδοῦσι(ν),1,7.269872195646801e-06
14284,ἐθνικῶς,1,7.269872195646801e-06
14285,Ἰουδαϊκῶς,1,7.269872195646801e-06
14286,ἀναγκάζεις,1,7.269872195646801e-06
14287,ἰουδαΐζειν,1,7.269872195646801e-06
14288,εὑρέθημεν,1,7.269872195646801e-06
14289,κατέλυσα,1,7.269872195646801e-06
14290,συνιστάνω,1,7.269872195646801e-06
14291,ζήσω,1,7.269872195646801e-06
14292,συνεσταύρωμαι,1,7.269872195646801e-06
14293,παραδόντος,1,7.269872195646801e-06
14294,ἀθετῶ,1,7.269872195646801e-06
14295,Γαλάται,1,7.269872195646801e-06
14296,ἐβάσκανε(ν),1,7.269872195646801e-06
14297,ἐσταυρωμένος,1,7.269872195646801e-06
14298,ἐναρξάμενοι,1,7.269872195646801e-06
14299,ἐπιτελεῖσθε,1,7.269872195646801e-06
14300,προϊδοῦσα,1,7.269872195646801e-06
14301,δικαιοῖ,1,7.269872195646801e-06
14302,προευηγγελίσατο,1,7.269872195646801e-06
14303,εὐλογοῦνται,1,7.269872195646801e-06
14304,κατάραν,1,7.269872195646801e-06
14305,ἐμμένει,1,7.269872195646801e-06
14306,ἐξηγόρασε(ν),1,7.269872195646801e-06
14307,κρεμάμενος,1,7.269872195646801e-06
14308,κεκυρωμένην,1,7.269872195646801e-06
14309,ἐπιδιατάσσεται,1,7.269872195646801e-06
14310,ἐρρέθησαν,1,7.269872195646801e-06
14311,σπέρμασι(ν),1,7.269872195646801e-06
14312,προκεκυρωμένην,1,7.269872195646801e-06
14313,γεγονώς,1,7.269872195646801e-06
14314,ἀκυροῖ,1,7.269872195646801e-06
14315,καταργῆσαι,1,7.269872195646801e-06
14316,διαταγείς,1,7.269872195646801e-06
14317,μεσίτου,1,7.269872195646801e-06
14318,ζῳοποιῆσαι,1,7.269872195646801e-06
14319,ἐφρουρούμεθα,1,7.269872195646801e-06
14320,συγκλειόμενοι,1,7.269872195646801e-06
14321,παιδαγωγός,1,7.269872195646801e-06
14322,παιδαγωγόν,1,7.269872195646801e-06
14323,ἐνεδύσασθε,1,7.269872195646801e-06
14324,ἐπιτρόπους,1,7.269872195646801e-06
14325,προθεσμίας,1,7.269872195646801e-06
14326,δεδουλωμένοι,1,7.269872195646801e-06
14327,ἐξαγοράσῃ,1,7.269872195646801e-06
14328,ἀπολάβωμεν,1,7.269872195646801e-06
14329,κρᾶζον,1,7.269872195646801e-06
14330,ἐδουλεύσατε,1,7.269872195646801e-06
14331,θεοῖς,1,7.269872195646801e-06
14332,γνωσθέντες,1,7.269872195646801e-06
14333,ἐπιστρέφετε,1,7.269872195646801e-06
14334,πτωχά,1,7.269872195646801e-06
14335,παρατηρεῖσθε,1,7.269872195646801e-06
14336,κεκοπίακα,1,7.269872195646801e-06
14337,ἠδικήσατε,1,7.269872195646801e-06
14338,ἐξουθενήσατε,1,7.269872195646801e-06
14339,ἐξεπτύσατε,1,7.269872195646801e-06
14340,ἀληθεύων,1,7.269872195646801e-06
14341,ζηλοῦσι(ν),1,7.269872195646801e-06
14342,ἐκκλεῖσαι,1,7.269872195646801e-06
14343,ζηλοῦσθαι,1,7.269872195646801e-06
14344,καλῷ,1,7.269872195646801e-06
14345,ὠδίνω,1,7.269872195646801e-06
14346,μορφωθῇ,1,7.269872195646801e-06
14347,ἀλλάξαι,1,7.269872195646801e-06
14348,ἀποροῦμαι,1,7.269872195646801e-06
14349,ἀλληγορούμενα,1,7.269872195646801e-06
14350,δουλείαν,1,7.269872195646801e-06
14351,γεννῶσα,1,7.269872195646801e-06
14352,Ἀραβίᾳ,1,7.269872195646801e-06
14353,συστοιχεῖ,1,7.269872195646801e-06
14354,δουλεύει,1,7.269872195646801e-06
14355,εὐφράνθητι,1,7.269872195646801e-06
14356,ῥῆξον,1,7.269872195646801e-06
14357,βόησον,1,7.269872195646801e-06
14358,ἐδίωκε(ν),1,7.269872195646801e-06
14359,ζυγῷ,1,7.269872195646801e-06
14360,ἐνέχεσθε,1,7.269872195646801e-06
14361,περιτέμνησθε,1,7.269872195646801e-06
14362,ὠφελήσει,1,7.269872195646801e-06
14363,περιτεμνομένῳ,1,7.269872195646801e-06
14364,κατηργήθητε,1,7.269872195646801e-06
14365,δικαιοῦσθε,1,7.269872195646801e-06
14366,ἐξεπέσατε,1,7.269872195646801e-06
14367,ἐτρέχετε,1,7.269872195646801e-06
14368,πεισμονή,1,7.269872195646801e-06
14369,φρονήσετε,1,7.269872195646801e-06
14370,ταράσσων,1,7.269872195646801e-06
14371,διώκομαι,1,7.269872195646801e-06
14372,ἀποκόψονται,1,7.269872195646801e-06
14373,ἀναστατοῦντες,1,7.269872195646801e-06
14374,δάκνετε,1,7.269872195646801e-06
14375,κατεσθίετε,1,7.269872195646801e-06
14376,ἀναλωθῆτε,1,7.269872195646801e-06
14377,ἄγεσθε,1,7.269872195646801e-06
14378,φαρμακεία,1,7.269872195646801e-06
14379,ἔχθραι,1,7.269872195646801e-06
14380,διχοστασίαι,1,7.269872195646801e-06
14381,φθόνοι,1,7.269872195646801e-06
14382,μέθαι,1,7.269872195646801e-06
14383,κῶμοι,1,7.269872195646801e-06
14384,προεῖπον,1,7.269872195646801e-06
14385,ἀγαθωσύνη,1,7.269872195646801e-06
14386,πραΰτης,1,7.269872195646801e-06
14387,ἐγκράτεια,1,7.269872195646801e-06
14388,στοιχῶμεν,1,7.269872195646801e-06
14389,κενόδοξοι,1,7.269872195646801e-06
14390,προκαλούμενοι,1,7.269872195646801e-06
14391,φθονοῦντες,1,7.269872195646801e-06
14392,προλημφθῇ,1,7.269872195646801e-06
14393,πνευματικοί,1,7.269872195646801e-06
14394,καταρτίζετε,1,7.269872195646801e-06
14395,σκοπῶν,1,7.269872195646801e-06
14396,πειρασθῇς,1,7.269872195646801e-06
14397,βάρη,1,7.269872195646801e-06
14398,ἀναπληρώσετε,1,7.269872195646801e-06
14399,φρεναπατᾷ,1,7.269872195646801e-06
14400,κοινωνείτω,1,7.269872195646801e-06
14401,κατηχοῦντι,1,7.269872195646801e-06
14402,μυκτηρίζεται,1,7.269872195646801e-06
14403,σπείρῃ,1,7.269872195646801e-06
14404,ἐγκακῶμεν,1,7.269872195646801e-06
14405,οἰκείους,1,7.269872195646801e-06
14406,πηλίκοις,1,7.269872195646801e-06
14407,εὐπροσωπῆσαι,1,7.269872195646801e-06
14408,ἀναγκάζουσι(ν),1,7.269872195646801e-06
14409,διώκωνται,1,7.269872195646801e-06
14410,περιτεμνόμενοι,1,7.269872195646801e-06
14411,φυλάσσουσι(ν),1,7.269872195646801e-06
14412,ὑμετέρᾳ,1,7.269872195646801e-06
14413,καυχήσωνται,1,7.269872195646801e-06
14414,ἐσταύρωται,1,7.269872195646801e-06
14415,στοιχήσουσι(ν),1,7.269872195646801e-06
14416,παρεχέτω,1,7.269872195646801e-06
14417,στίγματα,1,7.269872195646801e-06
14418,βαστάζω,1,7.269872195646801e-06
14419,εὐλογίᾳ,1,7.269872195646801e-06
14420,προορίσας,1,7.269872195646801e-06
14421,ἐχαρίτωσε(ν),1,7.269872195646801e-06
14422,ἠγαπημένῳ,1,7.269872195646801e-06
14423,γνωρίσας,1,7.269872195646801e-06
14424,ἀνακεφαλαιώσασθαι,1,7.269872195646801e-06
14425,ἐκληρώθημεν,1,7.269872195646801e-06
14426,προορισθέντες,1,7.269872195646801e-06
14427,προηλπικότας,1,7.269872195646801e-06
14428,ἀρραβών,1,7.269872195646801e-06
14429,περιποιήσεως,1,7.269872195646801e-06
14430,παύομαι,1,7.269872195646801e-06
14431,πεφωτισμένους,1,7.269872195646801e-06
14432,μέγεθος,1,7.269872195646801e-06
14433,κράτους,1,7.269872195646801e-06
14434,ἐνήργηκε(ν),1,7.269872195646801e-06
14435,ὀνομαζομένου,1,7.269872195646801e-06
14436,πληρουμένου,1,7.269872195646801e-06
14437,ἀέρος,1,7.269872195646801e-06
14438,διανοιῶν,1,7.269872195646801e-06
14439,συνήγειρε(ν),1,7.269872195646801e-06
14440,συνεκάθισε(ν),1,7.269872195646801e-06
14441,αἰῶσι(ν),1,7.269872195646801e-06
14442,ἐπερχομένοις,1,7.269872195646801e-06
14443,ποίημα,1,7.269872195646801e-06
14444,κτισθέντες,1,7.269872195646801e-06
14445,πολιτείας,1,7.269872195646801e-06
14446,διαθηκῶν,1,7.269872195646801e-06
14447,ἄθεοι,1,7.269872195646801e-06
14448,μεσότοιχον,1,7.269872195646801e-06
14449,φραγμοῦ,1,7.269872195646801e-06
14450,καταργήσας,1,7.269872195646801e-06
14451,κτίσῃ,1,7.269872195646801e-06
14452,ἀποκαταλλάξῃ,1,7.269872195646801e-06
14453,ἀμφοτέρους,1,7.269872195646801e-06
14454,πάροικοι,1,7.269872195646801e-06
14455,συμπολῖται,1,7.269872195646801e-06
14456,οἰκεῖοι,1,7.269872195646801e-06
14457,ἐποικοδομηθέντες,1,7.269872195646801e-06
14458,θεμελίῳ,1,7.269872195646801e-06
14459,ἀκρογωνιαίου,1,7.269872195646801e-06
14460,συναρμολογουμένη,1,7.269872195646801e-06
14461,συνοικοδομεῖσθε,1,7.269872195646801e-06
14462,προέγραψα,1,7.269872195646801e-06
14463,ἀναγινώσκοντες,1,7.269872195646801e-06
14464,νοῆσαι,1,7.269872195646801e-06
14465,συγκληρονόμα,1,7.269872195646801e-06
14466,σύσσωμα,1,7.269872195646801e-06
14467,συμμέτοχα,1,7.269872195646801e-06
14468,ἐγενήθην,1,7.269872195646801e-06
14469,ἐλαχιστοτέρῳ,1,7.269872195646801e-06
14470,ἀνεξιχνίαστον,1,7.269872195646801e-06
14471,φωτίσαι,1,7.269872195646801e-06
14472,οἰκονομία,1,7.269872195646801e-06
14473,ἀποκεκρυμμένου,1,7.269872195646801e-06
14474,κτίσαντι,1,7.269872195646801e-06
14475,γνωρισθῇ,1,7.269872195646801e-06
14476,πολυποίκιλος,1,7.269872195646801e-06
14477,αἰτοῦμαι,1,7.269872195646801e-06
14478,κάμπτω,1,7.269872195646801e-06
14479,πατριά,1,7.269872195646801e-06
14480,ὀνομάζεται,1,7.269872195646801e-06
14481,κραταιωθῆναι,1,7.269872195646801e-06
14482,ἐξισχύσητε,1,7.269872195646801e-06
14483,καταλαβέσθαι,1,7.269872195646801e-06
14484,αἰτούμεθα,1,7.269872195646801e-06
14485,σπουδάζοντες,1,7.269872195646801e-06
14486,συνδέσμῳ,1,7.269872195646801e-06
14487,ᾐχμαλώτευσε(ν),1,7.269872195646801e-06
14488,κατώτερα,1,7.269872195646801e-06
14489,εὐαγγελιστάς,1,7.269872195646801e-06
14490,ποιμένας,1,7.269872195646801e-06
14491,καταρτισμόν,1,7.269872195646801e-06
14492,καταντήσωμεν,1,7.269872195646801e-06
14493,κλυδωνιζόμενοι,1,7.269872195646801e-06
14494,περιφερόμενοι,1,7.269872195646801e-06
14495,κυβείᾳ,1,7.269872195646801e-06
14496,μεθοδείαν,1,7.269872195646801e-06
14497,ἀληθεύοντες,1,7.269872195646801e-06
14498,αὐξήσωμεν,1,7.269872195646801e-06
14499,συναρμολογούμενον,1,7.269872195646801e-06
14500,ἁφῆς,1,7.269872195646801e-06
14501,ποιεῖται,1,7.269872195646801e-06
14502,ἐσκοτωμένοι,1,7.269872195646801e-06
14503,πώρωσιν,1,7.269872195646801e-06
14504,ἀπηλγηκότες,1,7.269872195646801e-06
14505,ἀποθέσθαι,1,7.269872195646801e-06
14506,προτέραν,1,7.269872195646801e-06
14507,φθειρόμενον,1,7.269872195646801e-06
14508,ἀνανεοῦσθαι,1,7.269872195646801e-06
14509,κτισθέντα,1,7.269872195646801e-06
14510,ὀργίζεσθε,1,7.269872195646801e-06
14511,ἐπιδυέτω,1,7.269872195646801e-06
14512,παροργισμῷ,1,7.269872195646801e-06
14513,κλέπτων,1,7.269872195646801e-06
14514,κλεπτέτω,1,7.269872195646801e-06
14515,κοπιάτω,1,7.269872195646801e-06
14516,μεταδιδόναι,1,7.269872195646801e-06
14517,σαπρός,1,7.269872195646801e-06
14518,ἐκπορευέσθω,1,7.269872195646801e-06
14519,λυπεῖτε,1,7.269872195646801e-06
14520,πικρία,1,7.269872195646801e-06
14521,ἀρθήτω,1,7.269872195646801e-06
14522,χρηστοί,1,7.269872195646801e-06
14523,πλεονεξία,1,7.269872195646801e-06
14524,ὀνομαζέσθω,1,7.269872195646801e-06
14525,αἰσχρότης,1,7.269872195646801e-06
14526,μωρολογία,1,7.269872195646801e-06
14527,εὐτραπελία,1,7.269872195646801e-06
14528,ἀκάθαρτος,1,7.269872195646801e-06
14529,ἀπατάτω,1,7.269872195646801e-06
14530,κενοῖς,1,7.269872195646801e-06
14531,συμμέτοχοι,1,7.269872195646801e-06
14532,ἀγαθωσύνῃ,1,7.269872195646801e-06
14533,δοκιμάζοντες,1,7.269872195646801e-06
14534,συγκοινωνεῖτε,1,7.269872195646801e-06
14535,ἀκάρποις,1,7.269872195646801e-06
14536,ἐλέγχετε,1,7.269872195646801e-06
14537,κρυφῇ,1,7.269872195646801e-06
14538,ἐλεγχόμενα,1,7.269872195646801e-06
14539,φανεροῦται,1,7.269872195646801e-06
14540,φανερούμενον,1,7.269872195646801e-06
14541,ἐπιφαύσει,1,7.269872195646801e-06
14542,ἄσοφοι,1,7.269872195646801e-06
14543,μεθύσκεσθε,1,7.269872195646801e-06
14544,ἀσωτία,1,7.269872195646801e-06
14545,πληροῦσθε,1,7.269872195646801e-06
14546,ψάλλοντες,1,7.269872195646801e-06
14547,λουτρῷ,1,7.269872195646801e-06
14548,παραστήσῃ,1,7.269872195646801e-06
14549,ἔνδοξον,1,7.269872195646801e-06
14550,σπίλον,1,7.269872195646801e-06
14551,ῥυτίδα,1,7.269872195646801e-06
14552,ἄμωμος,1,7.269872195646801e-06
14553,ἐκτρέφει,1,7.269872195646801e-06
14554,θάλπει,1,7.269872195646801e-06
14555,ἀγαπάτω,1,7.269872195646801e-06
14556,φοβῆται,1,7.269872195646801e-06
14557,ἐπαγγελίᾳ,1,7.269872195646801e-06
14558,μακροχρόνιος,1,7.269872195646801e-06
14559,παροργίζετε,1,7.269872195646801e-06
14560,ἐκτρέφετε,1,7.269872195646801e-06
14561,παιδείᾳ,1,7.269872195646801e-06
14562,νουθεσίᾳ,1,7.269872195646801e-06
14563,ὀφθαλμοδουλίαν,1,7.269872195646801e-06
14564,εὐνοίας,1,7.269872195646801e-06
14565,ἀνιέντες,1,7.269872195646801e-06
14566,ἀπειλήν,1,7.269872195646801e-06
14567,ἐνδυναμοῦσθε,1,7.269872195646801e-06
14568,μεθοδείας,1,7.269872195646801e-06
14569,πάλη,1,7.269872195646801e-06
14570,κοσμοκράτορας,1,7.269872195646801e-06
14571,ἀναλάβετε,1,7.269872195646801e-06
14572,δυνηθῆτε,1,7.269872195646801e-06
14573,κατεργασάμενοι,1,7.269872195646801e-06
14574,περιζωσάμενοι,1,7.269872195646801e-06
14575,ὑποδησάμενοι,1,7.269872195646801e-06
14576,ἑτοιμασίᾳ,1,7.269872195646801e-06
14577,θυρεόν,1,7.269872195646801e-06
14578,βέλη,1,7.269872195646801e-06
14579,πεπυρωμένα,1,7.269872195646801e-06
14580,σβέσαι,1,7.269872195646801e-06
14581,σωτηρίου,1,7.269872195646801e-06
14582,ἀγρυπνοῦντες,1,7.269872195646801e-06
14583,προσκαρτερήσει,1,7.269872195646801e-06
14584,ἀνοίξει,1,7.269872195646801e-06
14585,πρεσβεύω,1,7.269872195646801e-06
14586,παρρησιάσωμαι,1,7.269872195646801e-06
14587,ἀγαπώντων,1,7.269872195646801e-06
14588,ἐπισκόποις,1,7.269872195646801e-06
14589,μνείᾳ,1,7.269872195646801e-06
14590,ἐναρξάμενος,1,7.269872195646801e-06
14591,ἐπιτελέσει,1,7.269872195646801e-06
14592,συγκοινωνούς,1,7.269872195646801e-06
14593,προσεύχομαι,1,7.269872195646801e-06
14594,αἰσθήσει,1,7.269872195646801e-06
14595,εἰλικρινεῖς,1,7.269872195646801e-06
14596,δεσμούς,1,7.269872195646801e-06
14597,φανερούς,1,7.269872195646801e-06
14598,τολμᾶν,1,7.269872195646801e-06
14599,ἔριν,1,7.269872195646801e-06
14600,κηρύσσουσι(ν),1,7.269872195646801e-06
14601,κεῖμαι,1,7.269872195646801e-06
14602,ἁγνῶς,1,7.269872195646801e-06
14603,οἰόμενοι,1,7.269872195646801e-06
14604,χαρήσομαι,1,7.269872195646801e-06
14605,ἀποκαραδοκίαν,1,7.269872195646801e-06
14606,μεγαλυνθήσεται,1,7.269872195646801e-06
14607,κέρδος,1,7.269872195646801e-06
14608,αἱρήσομαι,1,7.269872195646801e-06
14609,ἀναλῦσαι,1,7.269872195646801e-06
14610,ἐπιμένειν,1,7.269872195646801e-06
14611,ἀναγκαιότερον,1,7.269872195646801e-06
14612,μενῶ,1,7.269872195646801e-06
14613,πολιτεύεσθε,1,7.269872195646801e-06
14614,συναθλοῦντες,1,7.269872195646801e-06
14615,πτυρόμενοι,1,7.269872195646801e-06
14616,ἀντικειμένων,1,7.269872195646801e-06
14617,ἔνδειξις,1,7.269872195646801e-06
14618,ἐχαρίσθη,1,7.269872195646801e-06
14619,παραμύθιον,1,7.269872195646801e-06
14620,οἰκτιρμοί,1,7.269872195646801e-06
14621,φρονῆτε,1,7.269872195646801e-06
14622,σύμψυχοι,1,7.269872195646801e-06
14623,κενοδοξίαν,1,7.269872195646801e-06
14624,ὑπερέχοντας,1,7.269872195646801e-06
14625,σκοποῦντες,1,7.269872195646801e-06
14626,ἁρπαγμόν,1,7.269872195646801e-06
14627,ἐκένωσε(ν),1,7.269872195646801e-06
14628,μορφήν,1,7.269872195646801e-06
14629,σχήματι,1,7.269872195646801e-06
14630,εὑρεθείς,1,7.269872195646801e-06
14631,ἐταπείνωσε(ν),1,7.269872195646801e-06
14632,ὑπήκοος,1,7.269872195646801e-06
14633,ὑπερύψωσε(ν),1,7.269872195646801e-06
14634,κάμψῃ,1,7.269872195646801e-06
14635,καταχθονίων,1,7.269872195646801e-06
14636,ἐξομολογήσηται,1,7.269872195646801e-06
14637,ἀπουσίᾳ,1,7.269872195646801e-06
14638,κατεργάζεσθε,1,7.269872195646801e-06
14639,ἐνεργεῖν,1,7.269872195646801e-06
14640,γογγυσμῶν,1,7.269872195646801e-06
14641,ἄμωμα,1,7.269872195646801e-06
14642,διεστραμμένης,1,7.269872195646801e-06
14643,φωστῆρες,1,7.269872195646801e-06
14644,ἐπέχοντες,1,7.269872195646801e-06
14645,θυσίᾳ,1,7.269872195646801e-06
14646,λειτουργίᾳ,1,7.269872195646801e-06
14647,συγχαίρω,1,7.269872195646801e-06
14648,συγχαίρετε,1,7.269872195646801e-06
14649,εὐψυχῶ,1,7.269872195646801e-06
14650,ἰσόψυχον,1,7.269872195646801e-06
14651,γνησίως,1,7.269872195646801e-06
14652,ἐδούλευσε(ν),1,7.269872195646801e-06
14653,ἀφίδω,1,7.269872195646801e-06
14654,Ἐπαφρόδιτον,1,7.269872195646801e-06
14655,συστρατιώτην,1,7.269872195646801e-06
14656,ἀδημονῶν,1,7.269872195646801e-06
14657,παραπλήσιον,1,7.269872195646801e-06
14658,σπουδαιοτέρως,1,7.269872195646801e-06
14659,ἀλυπότερος,1,7.269872195646801e-06
14660,προσδέχεσθε,1,7.269872195646801e-06
14661,ἐντίμους,1,7.269872195646801e-06
14662,παραβολευσάμενος,1,7.269872195646801e-06
14663,ἀναπληρώσῃ,1,7.269872195646801e-06
14664,ὀκνηρόν,1,7.269872195646801e-06
14665,κύνας,1,7.269872195646801e-06
14666,κατατομήν,1,7.269872195646801e-06
14667,πεποιθέναι,1,7.269872195646801e-06
14668,ὀκταήμερος,1,7.269872195646801e-06
14669,Ἑβραῖος,1,7.269872195646801e-06
14670,Ἑβραίων,1,7.269872195646801e-06
14671,κέρδη,1,7.269872195646801e-06
14672,ὑπερέχον,1,7.269872195646801e-06
14673,ἐζημιώθην,1,7.269872195646801e-06
14674,σκύβαλα,1,7.269872195646801e-06
14675,συμμορφιζόμενος,1,7.269872195646801e-06
14676,καταντήσω,1,7.269872195646801e-06
14677,ἐξανάστασιν,1,7.269872195646801e-06
14678,τετελείωμαι,1,7.269872195646801e-06
14679,καταλάβω,1,7.269872195646801e-06
14680,κατελήμφθην,1,7.269872195646801e-06
14681,κατειληφέναι,1,7.269872195646801e-06
14682,ἐπιλανθανόμενος,1,7.269872195646801e-06
14683,ἐπεκτεινόμενος,1,7.269872195646801e-06
14684,σκοπόν,1,7.269872195646801e-06
14685,φρονῶμεν,1,7.269872195646801e-06
14686,ἑτέρως,1,7.269872195646801e-06
14687,στοιχεῖν,1,7.269872195646801e-06
14688,συμμιμηταί,1,7.269872195646801e-06
14689,σκοπεῖτε,1,7.269872195646801e-06
14690,κλαίων,1,7.269872195646801e-06
14691,αἰσχύνῃ,1,7.269872195646801e-06
14692,πολίτευμα,1,7.269872195646801e-06
14693,μετασχηματίσει,1,7.269872195646801e-06
14694,ταπεινώσεως,1,7.269872195646801e-06
14695,σύμμορφον,1,7.269872195646801e-06
14696,ἐπιπόθητοι,1,7.269872195646801e-06
14697,Εὐοδίαν,1,7.269872195646801e-06
14698,Συντύχην,1,7.269872195646801e-06
14699,γνήσιε,1,7.269872195646801e-06
14700,σύζυγε,1,7.269872195646801e-06
14701,συλλαμβάνου,1,7.269872195646801e-06
14702,συνήθλησαν,1,7.269872195646801e-06
14703,Κλήμεντος,1,7.269872195646801e-06
14704,συνεργῶν,1,7.269872195646801e-06
14705,ἐπιεικές,1,7.269872195646801e-06
14706,γνωσθήτω,1,7.269872195646801e-06
14707,γνωριζέσθω,1,7.269872195646801e-06
14708,ὑπερέχουσα,1,7.269872195646801e-06
14709,φρουρήσει,1,7.269872195646801e-06
14710,σεμνά,1,7.269872195646801e-06
14711,ἁγνά,1,7.269872195646801e-06
14712,προσφιλῆ,1,7.269872195646801e-06
14713,εὔφημα,1,7.269872195646801e-06
14714,ἀρετή,1,7.269872195646801e-06
14715,μεγάλως,1,7.269872195646801e-06
14716,ἀνεθάλετε,1,7.269872195646801e-06
14717,ἐφρονεῖτε,1,7.269872195646801e-06
14718,ἠκαιρεῖσθε,1,7.269872195646801e-06
14719,ὑστέρησιν,1,7.269872195646801e-06
14720,ἔμαθον,1,7.269872195646801e-06
14721,αὐτάρκης,1,7.269872195646801e-06
14722,ταπεινοῦσθαι,1,7.269872195646801e-06
14723,μεμύημαι,1,7.269872195646801e-06
14724,χορτάζεσθαι,1,7.269872195646801e-06
14725,πεινᾶν,1,7.269872195646801e-06
14726,ἐνδυναμοῦντι,1,7.269872195646801e-06
14727,συγκοινωνήσαντες,1,7.269872195646801e-06
14728,Φιλιππήσιοι,1,7.269872195646801e-06
14729,ἐκοινώνησε(ν),1,7.269872195646801e-06
14730,δόσεως,1,7.269872195646801e-06
14731,λήμψεως,1,7.269872195646801e-06
14732,ἐπέμψατε,1,7.269872195646801e-06
14733,δόμα,1,7.269872195646801e-06
14734,ἀπέχω,1,7.269872195646801e-06
14735,περισσεύω,1,7.269872195646801e-06
14736,Ἐπαφροδίτου,1,7.269872195646801e-06
14737,δεκτήν,1,7.269872195646801e-06
14738,πληρώσει,1,7.269872195646801e-06
14739,Κολοσσαῖς,1,7.269872195646801e-06
14740,προηκούσατε,1,7.269872195646801e-06
14741,παρόντος,1,7.269872195646801e-06
14742,καρποφορούμενον,1,7.269872195646801e-06
14743,αὐξανόμενον,1,7.269872195646801e-06
14744,Ἐπαφρᾶ,1,7.269872195646801e-06
14745,ἀγαπητοῦ,1,7.269872195646801e-06
14746,συνδούλου,1,7.269872195646801e-06
14747,δηλώσας,1,7.269872195646801e-06
14748,παυόμεθα,1,7.269872195646801e-06
14749,ἀρεσκείαν,1,7.269872195646801e-06
14750,καρποφοροῦντες,1,7.269872195646801e-06
14751,αὐξανόμενοι,1,7.269872195646801e-06
14752,δυναμούμενοι,1,7.269872195646801e-06
14753,ἱκανώσαντι,1,7.269872195646801e-06
14754,κλήρου,1,7.269872195646801e-06
14755,ἀοράτου,1,7.269872195646801e-06
14756,ὁρατά,1,7.269872195646801e-06
14757,κυριότητες,1,7.269872195646801e-06
14758,ἐξουσίαι,1,7.269872195646801e-06
14759,ἔκτισται,1,7.269872195646801e-06
14760,συνέστηκε(ν),1,7.269872195646801e-06
14761,πρωτεύων,1,7.269872195646801e-06
14762,ἀποκαταλλάξαι,1,7.269872195646801e-06
14763,εἰρηνοποιήσας,1,7.269872195646801e-06
14764,ἀπηλλοτριωμένους,1,7.269872195646801e-06
14765,ἀποκατηλλάγητε,1,7.269872195646801e-06
14766,ἐπιμένετε,1,7.269872195646801e-06
14767,μετακινούμενοι,1,7.269872195646801e-06
14768,κηρυχθέντος,1,7.269872195646801e-06
14769,ἀνταναπληρῶ,1,7.269872195646801e-06
14770,ἀποκεκρυμμένον,1,7.269872195646801e-06
14771,καταγγέλλομεν,1,7.269872195646801e-06
14772,παραστήσωμεν,1,7.269872195646801e-06
14773,κοπιῶ,1,7.269872195646801e-06
14774,ἑόρακαν,1,7.269872195646801e-06
14775,παρακληθῶσι(ν),1,7.269872195646801e-06
14776,συμβιβασθέντες,1,7.269872195646801e-06
14777,πληροφορίας,1,7.269872195646801e-06
14778,θησαυροί,1,7.269872195646801e-06
14779,ἀπόκρυφοι,1,7.269872195646801e-06
14780,παραλογίζηται,1,7.269872195646801e-06
14781,πιθανολογίᾳ,1,7.269872195646801e-06
14782,ἄπειμι,1,7.269872195646801e-06
14783,στερέωμα,1,7.269872195646801e-06
14784,ἐποικοδομούμενοι,1,7.269872195646801e-06
14785,βεβαιούμενοι,1,7.269872195646801e-06
14786,συλαγωγῶν,1,7.269872195646801e-06
14787,φιλοσοφίας,1,7.269872195646801e-06
14788,κενῆς,1,7.269872195646801e-06
14789,θεότητος,1,7.269872195646801e-06
14790,σωματικῶς,1,7.269872195646801e-06
14791,περιετμήθητε,1,7.269872195646801e-06
14792,ἀχειροποιήτῳ,1,7.269872195646801e-06
14793,ἀπεκδύσει,1,7.269872195646801e-06
14794,συνταφέντες,1,7.269872195646801e-06
14795,βαπτισμῷ,1,7.269872195646801e-06
14796,ἐνεργείας,1,7.269872195646801e-06
14797,χαρισάμενος,1,7.269872195646801e-06
14798,ἐξαλείψας,1,7.269872195646801e-06
14799,χειρόγραφον,1,7.269872195646801e-06
14800,ὑπεναντίον,1,7.269872195646801e-06
14801,ἦρκε(ν),1,7.269872195646801e-06
14802,προσηλώσας,1,7.269872195646801e-06
14803,ἀπεκδυσάμενος,1,7.269872195646801e-06
14804,ἐδειγμάτισε(ν),1,7.269872195646801e-06
14805,θριαμβεύσας,1,7.269872195646801e-06
14806,βρώσει,1,7.269872195646801e-06
14807,πόσει,1,7.269872195646801e-06
14808,νουμηνίας,1,7.269872195646801e-06
14809,καταβραβευέτω,1,7.269872195646801e-06
14810,θρησκείᾳ,1,7.269872195646801e-06
14811,ἑόρακε(ν),1,7.269872195646801e-06
14812,ἐμβατεύων,1,7.269872195646801e-06
14813,φυσιούμενος,1,7.269872195646801e-06
14814,ἁφῶν,1,7.269872195646801e-06
14815,συνδέσμων,1,7.269872195646801e-06
14816,ἐπιχορηγούμενον,1,7.269872195646801e-06
14817,στοιχείων,1,7.269872195646801e-06
14818,δογματίζεσθε,1,7.269872195646801e-06
14819,ἅψῃ,1,7.269872195646801e-06
14820,γεύσῃ,1,7.269872195646801e-06
14821,θίγῃς,1,7.269872195646801e-06
14822,ἀποχρήσει,1,7.269872195646801e-06
14823,ἐθελοθρησκίᾳ,1,7.269872195646801e-06
14824,ἀφειδίᾳ,1,7.269872195646801e-06
14825,πλησμονήν,1,7.269872195646801e-06
14826,κέκρυπται,1,7.269872195646801e-06
14827,φανερωθήσεσθε,1,7.269872195646801e-06
14828,νεκρώσατε,1,7.269872195646801e-06
14829,πάθος,1,7.269872195646801e-06
14830,κακήν,1,7.269872195646801e-06
14831,ἐζῆτε,1,7.269872195646801e-06
14832,ἀπόθεσθε,1,7.269872195646801e-06
14833,αἰσχρολογίαν,1,7.269872195646801e-06
14834,ἀπεκδυσάμενοι,1,7.269872195646801e-06
14835,πράξεσι(ν),1,7.269872195646801e-06
14836,ἀνακαινούμενον,1,7.269872195646801e-06
14837,κτίσαντος,1,7.269872195646801e-06
14838,Σκύθης,1,7.269872195646801e-06
14839,οἰκτιρμοῦ,1,7.269872195646801e-06
14840,μομφήν,1,7.269872195646801e-06
14841,σύνδεσμος,1,7.269872195646801e-06
14842,τελειότητος,1,7.269872195646801e-06
14843,βραβευέτω,1,7.269872195646801e-06
14844,εὐχάριστοι,1,7.269872195646801e-06
14845,ἐνοικείτω,1,7.269872195646801e-06
14846,ὑποτάσσεσθε,1,7.269872195646801e-06
14847,πικραίνεσθε,1,7.269872195646801e-06
14848,ἐρεθίζετε,1,7.269872195646801e-06
14849,ἀθυμῶσι(ν),1,7.269872195646801e-06
14850,ὀφθαλμοδουλίαις,1,7.269872195646801e-06
14851,ἀπολήμψεσθε,1,7.269872195646801e-06
14852,ἀνταπόδοσιν,1,7.269872195646801e-06
14853,ἰσότητα,1,7.269872195646801e-06
14854,παρέχεσθε,1,7.269872195646801e-06
14855,προσκαρτερεῖτε,1,7.269872195646801e-06
14856,γρηγοροῦντες,1,7.269872195646801e-06
14857,δέδεμαι,1,7.269872195646801e-06
14858,φανερώσω,1,7.269872195646801e-06
14859,ἅλατι,1,7.269872195646801e-06
14860,ἠρτυμένος,1,7.269872195646801e-06
14861,ἀποκρίνεσθαι,1,7.269872195646801e-06
14862,Ὀνησίμῳ,1,7.269872195646801e-06
14863,γνωρίσουσι(ν),1,7.269872195646801e-06
14864,ἀνεψιός,1,7.269872195646801e-06
14865,παρηγορία,1,7.269872195646801e-06
14866,σταθῆτε,1,7.269872195646801e-06
14867,πεπληροφορημένοι,1,7.269872195646801e-06
14868,πόνον,1,7.269872195646801e-06
14869,Ἱεραπόλει,1,7.269872195646801e-06
14870,ἰατρός,1,7.269872195646801e-06
14871,Νύμφαν,1,7.269872195646801e-06
14872,Λαοδικέων,1,7.269872195646801e-06
14873,Λαοδικείας,1,7.269872195646801e-06
14874,ἀναγνῶτε,1,7.269872195646801e-06
14875,βλέπε,1,7.269872195646801e-06
14876,παρέλαβες,1,7.269872195646801e-06
14877,πληροῖς,1,7.269872195646801e-06
14878,ποιούμενοι,1,7.269872195646801e-06
14879,κόπου,1,7.269872195646801e-06
14880,δεξάμενοι,1,7.269872195646801e-06
14881,ἐξήχηται,1,7.269872195646801e-06
14882,ἀπαγγέλλουσι(ν),1,7.269872195646801e-06
14883,ὁποίαν,1,7.269872195646801e-06
14884,ἔσχομεν,1,7.269872195646801e-06
14885,ἐπεστρέψατε,1,7.269872195646801e-06
14886,ἀναμένειν,1,7.269872195646801e-06
14887,ῥυόμενον,1,7.269872195646801e-06
14888,ἐρχομένης,1,7.269872195646801e-06
14889,προπαθόντες,1,7.269872195646801e-06
14890,ὑβρισθέντες,1,7.269872195646801e-06
14891,ἐπαρρησιασάμεθα,1,7.269872195646801e-06
14892,ἀγῶνι,1,7.269872195646801e-06
14893,δεδοκιμάσμεθα,1,7.269872195646801e-06
14894,πιστευθῆναι,1,7.269872195646801e-06
14895,ἀρέσκοντες,1,7.269872195646801e-06
14896,δοκιμάζοντι,1,7.269872195646801e-06
14897,κολακείας,1,7.269872195646801e-06
14898,βάρει,1,7.269872195646801e-06
14899,ἤπιοι,1,7.269872195646801e-06
14900,τροφός,1,7.269872195646801e-06
14901,θάλπῃ,1,7.269872195646801e-06
14902,ὁμειρόμενοι,1,7.269872195646801e-06
14903,μεταδοῦναι,1,7.269872195646801e-06
14904,μόχθον,1,7.269872195646801e-06
14905,ὁσίως,1,7.269872195646801e-06
14906,μαρτυρόμενοι,1,7.269872195646801e-06
14907,οὐσῶν,1,7.269872195646801e-06
14908,συμφυλετῶν,1,7.269872195646801e-06
14909,ἀποκτεινάντων,1,7.269872195646801e-06
14910,ἐκδιωξάντων,1,7.269872195646801e-06
14911,ἀρεσκόντων,1,7.269872195646801e-06
14912,ἐναντίων,1,7.269872195646801e-06
14913,ἀναπληρῶσαι,1,7.269872195646801e-06
14914,ἀπορφανισθέντες,1,7.269872195646801e-06
14915,ἐσπουδάσαμεν,1,7.269872195646801e-06
14916,ἠθελήσαμεν,1,7.269872195646801e-06
14917,στέγοντες,1,7.269872195646801e-06
14918,εὐδοκήσαμεν,1,7.269872195646801e-06
14919,καταλειφθῆναι,1,7.269872195646801e-06
14920,ἐπέμψαμεν,1,7.269872195646801e-06
14921,σαίνεσθαι,1,7.269872195646801e-06
14922,κείμεθα,1,7.269872195646801e-06
14923,προελέγομεν,1,7.269872195646801e-06
14924,μέλλομεν,1,7.269872195646801e-06
14925,θλίβεσθαι,1,7.269872195646801e-06
14926,στέγων,1,7.269872195646801e-06
14927,εὐαγγελισαμένου,1,7.269872195646801e-06
14928,ἀνάγκῃ,1,7.269872195646801e-06
14929,πλεονάσαι,1,7.269872195646801e-06
14930,περισσεύσαι,1,7.269872195646801e-06
14931,ἀμέμπτους,1,7.269872195646801e-06
14932,ἁγιωσύνῃ,1,7.269872195646801e-06
14933,ἐδώκαμεν,1,7.269872195646801e-06
14934,πάθει,1,7.269872195646801e-06
14935,εἰδότα,1,7.269872195646801e-06
14936,ὑπερβαίνειν,1,7.269872195646801e-06
14937,πλεονεκτεῖν,1,7.269872195646801e-06
14938,προείπαμεν,1,7.269872195646801e-06
14939,διεμαρτυράμεθα,1,7.269872195646801e-06
14940,φιλαδελφίας,1,7.269872195646801e-06
14941,θεοδίδακτοι,1,7.269872195646801e-06
14942,φιλοτιμεῖσθαι,1,7.269872195646801e-06
14943,ἡσυχάζειν,1,7.269872195646801e-06
14944,λυπῆσθε,1,7.269872195646801e-06
14945,ἄξει,1,7.269872195646801e-06
14946,φθάσωμεν,1,7.269872195646801e-06
14947,κελεύσματι,1,7.269872195646801e-06
14948,ἀρχαγγέλου,1,7.269872195646801e-06
14949,ἁρπαγησόμεθα,1,7.269872195646801e-06
14950,γράφεσθαι,1,7.269872195646801e-06
14951,ἀσφάλεια,1,7.269872195646801e-06
14952,ἐφίσταται,1,7.269872195646801e-06
14953,ὄλεθρος,1,7.269872195646801e-06
14954,ὠδίν,1,7.269872195646801e-06
14955,ἐχούσῃ,1,7.269872195646801e-06
14956,ἐκφύγωσι(ν),1,7.269872195646801e-06
14957,καθεύδοντες,1,7.269872195646801e-06
14958,καθεύδουσι(ν),1,7.269872195646801e-06
14959,μεθυσκόμενοι,1,7.269872195646801e-06
14960,ἀποθανόντος,1,7.269872195646801e-06
14961,προϊσταμένους,1,7.269872195646801e-06
14962,νουθετοῦντας,1,7.269872195646801e-06
14963,ἡγεῖσθαι,1,7.269872195646801e-06
14964,ἀτάκτους,1,7.269872195646801e-06
14965,παραμυθεῖσθε,1,7.269872195646801e-06
14966,ὀλιγοψύχους,1,7.269872195646801e-06
14967,ἀντέχεσθε,1,7.269872195646801e-06
14968,μακροθυμεῖτε,1,7.269872195646801e-06
14969,εὐχαριστεῖτε,1,7.269872195646801e-06
14970,σβέννυτε,1,7.269872195646801e-06
14971,ἐξουθενεῖτε,1,7.269872195646801e-06
14972,ἀπέχεσθε,1,7.269872195646801e-06
14973,ἁγιάσαι,1,7.269872195646801e-06
14974,ὁλοτελεῖς,1,7.269872195646801e-06
14975,ὁλόκληρον,1,7.269872195646801e-06
14976,τηρηθείη,1,7.269872195646801e-06
14977,ἐνορκίζω,1,7.269872195646801e-06
14978,ἀναγνωσθῆναι,1,7.269872195646801e-06
14979,ὑπεραυξάνει,1,7.269872195646801e-06
14980,πλεονάζει,1,7.269872195646801e-06
14981,ἐγκαυχᾶσθαι,1,7.269872195646801e-06
14982,ἔνδειγμα,1,7.269872195646801e-06
14983,δικαίας,1,7.269872195646801e-06
14984,καταξιωθῆναι,1,7.269872195646801e-06
14985,πάσχετε,1,7.269872195646801e-06
14986,θλίβουσι(ν),1,7.269872195646801e-06
14987,εἰδόσι(ν),1,7.269872195646801e-06
14988,τίσουσι(ν),1,7.269872195646801e-06
14989,ἐνδοξασθῆναι,1,7.269872195646801e-06
14990,θαυμασθῆναι,1,7.269872195646801e-06
14991,προσευχόμεθα,1,7.269872195646801e-06
14992,ἀξιώσῃ,1,7.269872195646801e-06
14993,ἐνδοξασθῇ,1,7.269872195646801e-06
14994,ἐπισυναγωγῆς,1,7.269872195646801e-06
14995,θροεῖσθαι,1,7.269872195646801e-06
14996,ἐνέστηκε(ν),1,7.269872195646801e-06
14997,ἐξαπατήσῃ,1,7.269872195646801e-06
14998,ἀποστασία,1,7.269872195646801e-06
14999,ἀντικείμενος,1,7.269872195646801e-06
15000,ὑπεραιρόμενος,1,7.269872195646801e-06
15001,σέβασμα,1,7.269872195646801e-06
15002,ἀποδεικνύντα,1,7.269872195646801e-06
15003,κατέχον,1,7.269872195646801e-06
15004,κατέχων,1,7.269872195646801e-06
15005,ἀνελεῖ,1,7.269872195646801e-06
15006,ἐπιφανείᾳ,1,7.269872195646801e-06
15007,ψεύδους,1,7.269872195646801e-06
15008,πέμπει,1,7.269872195646801e-06
15009,εὐδοκήσαντες,1,7.269872195646801e-06
15010,εἵλατο,1,7.269872195646801e-06
15011,τρέχῃ,1,7.269872195646801e-06
15012,ῥυσθῶμεν,1,7.269872195646801e-06
15013,ἀτόπων,1,7.269872195646801e-06
15014,πεποίθαμεν,1,7.269872195646801e-06
15015,στέλλεσθαι,1,7.269872195646801e-06
15016,παρελάβοσαν,1,7.269872195646801e-06
15017,ἠτακτήσαμεν,1,7.269872195646801e-06
15018,παρηγγέλλομεν,1,7.269872195646801e-06
15019,ἐργαζομένους,1,7.269872195646801e-06
15020,περιεργαζομένους,1,7.269872195646801e-06
15021,ἡσυχίας,1,7.269872195646801e-06
15022,ἐγκακήσητε,1,7.269872195646801e-06
15023,καλοποιοῦντες,1,7.269872195646801e-06
15024,σημειοῦσθε,1,7.269872195646801e-06
15025,προσμεῖναι,1,7.269872195646801e-06
15026,παραγγείλῃς,1,7.269872195646801e-06
15027,ἑτεροδιδασκαλεῖν,1,7.269872195646801e-06
15028,γενεαλογίαις,1,7.269872195646801e-06
15029,ἀπεράντοις,1,7.269872195646801e-06
15030,ἐκζητήσεις,1,7.269872195646801e-06
15031,παρέχουσι(ν),1,7.269872195646801e-06
15032,ἀστοχήσαντες,1,7.269872195646801e-06
15033,ματαιολογίαν,1,7.269872195646801e-06
15034,νοοῦντες,1,7.269872195646801e-06
15035,διαβεβαιοῦνται,1,7.269872195646801e-06
15036,χρῆται,1,7.269872195646801e-06
15037,ἀνυποτάκτοις,1,7.269872195646801e-06
15038,ἀνοσίοις,1,7.269872195646801e-06
15039,βεβήλοις,1,7.269872195646801e-06
15040,πατρολῴαις,1,7.269872195646801e-06
15041,μητρολῴαις,1,7.269872195646801e-06
15042,ἀνδροφόνοις,1,7.269872195646801e-06
15043,ἀρσενοκοίταις,1,7.269872195646801e-06
15044,ἀνδραποδισταῖς,1,7.269872195646801e-06
15045,ψεύσταις,1,7.269872195646801e-06
15046,ἐπιόρκοις,1,7.269872195646801e-06
15047,μακαρίου,1,7.269872195646801e-06
15048,ἐνδυναμώσαντι,1,7.269872195646801e-06
15049,διώκτην,1,7.269872195646801e-06
15050,ὑβριστήν,1,7.269872195646801e-06
15051,ὑπερεπλεόνασε(ν),1,7.269872195646801e-06
15052,ἀοράτῳ,1,7.269872195646801e-06
15053,προαγούσας,1,7.269872195646801e-06
15054,στρατεύῃ,1,7.269872195646801e-06
15055,στρατείαν,1,7.269872195646801e-06
15056,ἀπωσάμενοι,1,7.269872195646801e-06
15057,ἐναυάγησαν,1,7.269872195646801e-06
15058,παιδευθῶσι(ν),1,7.269872195646801e-06
15059,ἐντεύξεις,1,7.269872195646801e-06
15060,ὑπεροχῇ,1,7.269872195646801e-06
15061,ἤρεμον,1,7.269872195646801e-06
15062,ἡσύχιον,1,7.269872195646801e-06
15063,διάγωμεν,1,7.269872195646801e-06
15064,σεμνότητι,1,7.269872195646801e-06
15065,ἀντίλυτρον,1,7.269872195646801e-06
15066,ἐπαίροντας,1,7.269872195646801e-06
15067,ὁσίους,1,7.269872195646801e-06
15068,διαλογισμοῦ,1,7.269872195646801e-06
15069,καταστολῇ,1,7.269872195646801e-06
15070,κοσμίῳ,1,7.269872195646801e-06
15071,αἰδοῦς,1,7.269872195646801e-06
15072,κοσμεῖν,1,7.269872195646801e-06
15073,πλέγμασι(ν),1,7.269872195646801e-06
15074,πολυτελεῖ,1,7.269872195646801e-06
15075,ἐπαγγελλομέναις,1,7.269872195646801e-06
15076,θεοσέβειαν,1,7.269872195646801e-06
15077,μανθανέτω,1,7.269872195646801e-06
15078,ἐπιτρέπω,1,7.269872195646801e-06
15079,αὐθεντεῖν,1,7.269872195646801e-06
15080,ἐπλάσθη,1,7.269872195646801e-06
15081,Εὕα,1,7.269872195646801e-06
15082,ἠπατήθη,1,7.269872195646801e-06
15083,ἐξαπατηθεῖσα,1,7.269872195646801e-06
15084,παραβάσει,1,7.269872195646801e-06
15085,τεκνογονίας,1,7.269872195646801e-06
15086,ὀρέγεται,1,7.269872195646801e-06
15087,νηφάλιον,1,7.269872195646801e-06
15088,κόσμιον,1,7.269872195646801e-06
15089,ἐπιεικῆ,1,7.269872195646801e-06
15090,ἄμαχον,1,7.269872195646801e-06
15091,ἀφιλάργυρον,1,7.269872195646801e-06
15092,προϊστάμενον,1,7.269872195646801e-06
15093,σεμνότητος,1,7.269872195646801e-06
15094,προστῆναι,1,7.269872195646801e-06
15095,ἐπιμελήσεται,1,7.269872195646801e-06
15096,νεόφυτον,1,7.269872195646801e-06
15097,τυφωθείς,1,7.269872195646801e-06
15098,διλόγους,1,7.269872195646801e-06
15099,προσέχοντας,1,7.269872195646801e-06
15100,αἰσχροκερδεῖς,1,7.269872195646801e-06
15101,δοκιμαζέσθωσαν,1,7.269872195646801e-06
15102,διακονείτωσαν,1,7.269872195646801e-06
15103,ἀνέγκλητοι,1,7.269872195646801e-06
15104,σεμνάς,1,7.269872195646801e-06
15105,πιστάς,1,7.269872195646801e-06
15106,προϊστάμενοι,1,7.269872195646801e-06
15107,οἴκων,1,7.269872195646801e-06
15108,βαθμόν,1,7.269872195646801e-06
15109,περιποιοῦνται,1,7.269872195646801e-06
15110,βραδύνω,1,7.269872195646801e-06
15111,εἰδῇς,1,7.269872195646801e-06
15112,στῦλος,1,7.269872195646801e-06
15113,ἑδραίωμα,1,7.269872195646801e-06
15114,ὁμολογουμένως,1,7.269872195646801e-06
15115,ἐκηρύχθη,1,7.269872195646801e-06
15116,ῥητῶς,1,7.269872195646801e-06
15117,ὑστέροις,1,7.269872195646801e-06
15118,ἀποστήσονται,1,7.269872195646801e-06
15119,πλάνοις,1,7.269872195646801e-06
15120,διδασκαλίαις,1,7.269872195646801e-06
15121,ψευδολόγων,1,7.269872195646801e-06
15122,κεκαυστηριασμένων,1,7.269872195646801e-06
15123,βρωμάτων,1,7.269872195646801e-06
15124,μετάλημψιν,1,7.269872195646801e-06
15125,ἐπεγνωκόσι(ν),1,7.269872195646801e-06
15126,ἀπόβλητον,1,7.269872195646801e-06
15127,λαμβανόμενον,1,7.269872195646801e-06
15128,ἁγιάζεται,1,7.269872195646801e-06
15129,ἐντεύξεως,1,7.269872195646801e-06
15130,ὑποτιθέμενος,1,7.269872195646801e-06
15131,ἐντρεφόμενος,1,7.269872195646801e-06
15132,παρηκολούθηκας,1,7.269872195646801e-06
15133,γραώδεις,1,7.269872195646801e-06
15134,γύμναζε,1,7.269872195646801e-06
15135,σωματική,1,7.269872195646801e-06
15136,γυμνασία,1,7.269872195646801e-06
15137,ὀνειδιζόμεθα,1,7.269872195646801e-06
15138,καταφρονείτω,1,7.269872195646801e-06
15139,πρόσεχε,1,7.269872195646801e-06
15140,ἀμέλει,1,7.269872195646801e-06
15141,χαρίσματος,1,7.269872195646801e-06
15142,πρεσβυτερίου,1,7.269872195646801e-06
15143,μελέτα,1,7.269872195646801e-06
15144,προκοπή,1,7.269872195646801e-06
15145,ἔπεχε,1,7.269872195646801e-06
15146,ἐπίμενε,1,7.269872195646801e-06
15147,πρεσβυτέρῳ,1,7.269872195646801e-06
15148,ἐπιπλήξῃς,1,7.269872195646801e-06
15149,πρεσβυτέρας,1,7.269872195646801e-06
15150,ἔκγονα,1,7.269872195646801e-06
15151,εὐσεβεῖν,1,7.269872195646801e-06
15152,ἀμοιβάς,1,7.269872195646801e-06
15153,ἀποδιδόναι,1,7.269872195646801e-06
15154,προγόνοις,1,7.269872195646801e-06
15155,μεμονωμένη,1,7.269872195646801e-06
15156,ἤλπικε(ν),1,7.269872195646801e-06
15157,προσμένει,1,7.269872195646801e-06
15158,σπαταλῶσα,1,7.269872195646801e-06
15159,ζῶσα,1,7.269872195646801e-06
15160,ἀνεπίλημπτοι,1,7.269872195646801e-06
15161,οἰκείων,1,7.269872195646801e-06
15162,προνοεῖ,1,7.269872195646801e-06
15163,ἤρνηται,1,7.269872195646801e-06
15164,καταλεγέσθω,1,7.269872195646801e-06
15165,γεγονυῖα,1,7.269872195646801e-06
15166,ἐτεκνοτρόφησε(ν),1,7.269872195646801e-06
15167,ἐξενοδόχησε(ν),1,7.269872195646801e-06
15168,ἐπήρκεσε(ν),1,7.269872195646801e-06
15169,ἐπηκολούθησε(ν),1,7.269872195646801e-06
15170,καταστρηνιάσωσι(ν),1,7.269872195646801e-06
15171,μανθάνουσι(ν),1,7.269872195646801e-06
15172,περιερχόμεναι,1,7.269872195646801e-06
15173,φλύαροι,1,7.269872195646801e-06
15174,περίεργοι,1,7.269872195646801e-06
15175,λαλοῦσαι,1,7.269872195646801e-06
15176,δέοντα,1,7.269872195646801e-06
15177,τεκνογονεῖν,1,7.269872195646801e-06
15178,οἰκοδεσποτεῖν,1,7.269872195646801e-06
15179,ἀντικειμένῳ,1,7.269872195646801e-06
15180,πιστή,1,7.269872195646801e-06
15181,ἐπαρκείτω,1,7.269872195646801e-06
15182,βαρείσθω,1,7.269872195646801e-06
15183,ἐπαρκέσῃ,1,7.269872195646801e-06
15184,προεστῶτες,1,7.269872195646801e-06
15185,διπλῆς,1,7.269872195646801e-06
15186,ἀξιούσθωσαν,1,7.269872195646801e-06
15187,φιμώσεις,1,7.269872195646801e-06
15188,πρεσβυτέρου,1,7.269872195646801e-06
15189,παραδέχου,1,7.269872195646801e-06
15190,ἁμαρτάνοντας,1,7.269872195646801e-06
15191,φυλάξῃς,1,7.269872195646801e-06
15192,προκρίματος,1,7.269872195646801e-06
15193,πρόσκλισιν,1,7.269872195646801e-06
15194,ἐπιτίθει,1,7.269872195646801e-06
15195,κοινώνει,1,7.269872195646801e-06
15196,ἀλλοτρίαις,1,7.269872195646801e-06
15197,ἁγνόν,1,7.269872195646801e-06
15198,ὑδροπότει,1,7.269872195646801e-06
15199,χρῶ,1,7.269872195646801e-06
15200,στόμαχον,1,7.269872195646801e-06
15201,πυκνάς,1,7.269872195646801e-06
15202,πρόδηλοι,1,7.269872195646801e-06
15203,προάγουσαι,1,7.269872195646801e-06
15204,ἐπακολουθοῦσι(ν),1,7.269872195646801e-06
15205,πρόδηλα,1,7.269872195646801e-06
15206,ἄλλως,1,7.269872195646801e-06
15207,ἡγείσθωσαν,1,7.269872195646801e-06
15208,διδασκαλία,1,7.269872195646801e-06
15209,καταφρονείτωσαν,1,7.269872195646801e-06
15210,δουλευέτωσαν,1,7.269872195646801e-06
15211,εὐεργεσίας,1,7.269872195646801e-06
15212,ἀντιλαμβανόμενοι,1,7.269872195646801e-06
15213,ἑτεροδιδασκαλεῖ,1,7.269872195646801e-06
15214,προσέρχεται,1,7.269872195646801e-06
15215,ὑγιαίνουσι(ν),1,7.269872195646801e-06
15216,τετύφωται,1,7.269872195646801e-06
15217,νοσῶν,1,7.269872195646801e-06
15218,λογομαχίας,1,7.269872195646801e-06
15219,φθόνος,1,7.269872195646801e-06
15220,ὑπόνοιαι,1,7.269872195646801e-06
15221,διαπαρατριβαί,1,7.269872195646801e-06
15222,διεφθαρμένων,1,7.269872195646801e-06
15223,ἀπεστερημένων,1,7.269872195646801e-06
15224,νομιζόντων,1,7.269872195646801e-06
15225,πορισμόν,1,7.269872195646801e-06
15226,πορισμός,1,7.269872195646801e-06
15227,αὐταρκείας,1,7.269872195646801e-06
15228,εἰσηνέγκαμεν,1,7.269872195646801e-06
15229,ἐξενεγκεῖν,1,7.269872195646801e-06
15230,διατροφάς,1,7.269872195646801e-06
15231,σκεπάσματα,1,7.269872195646801e-06
15232,ἀρκεσθησόμεθα,1,7.269872195646801e-06
15233,βουλόμενοι,1,7.269872195646801e-06
15234,ἐμπίπτουσι(ν),1,7.269872195646801e-06
15235,ἀνοήτους,1,7.269872195646801e-06
15236,βλαβεράς,1,7.269872195646801e-06
15237,βυθίζουσι(ν),1,7.269872195646801e-06
15238,φιλαργυρία,1,7.269872195646801e-06
15239,ὀρεγόμενοι,1,7.269872195646801e-06
15240,ἀπεπλανήθησαν,1,7.269872195646801e-06
15241,περιέπειραν,1,7.269872195646801e-06
15242,ὀδύναις,1,7.269872195646801e-06
15243,πραϋπαθίαν,1,7.269872195646801e-06
15244,ἀγωνίζου,1,7.269872195646801e-06
15245,ἐπιλαβοῦ,1,7.269872195646801e-06
15246,ὡμολόγησας,1,7.269872195646801e-06
15247,ζῳογονοῦντος,1,7.269872195646801e-06
15248,μαρτυρήσαντος,1,7.269872195646801e-06
15249,τηρῆσαι,1,7.269872195646801e-06
15250,βασιλευόντων,1,7.269872195646801e-06
15251,κυριευόντων,1,7.269872195646801e-06
15252,οἰκῶν,1,7.269872195646801e-06
15253,ἀπρόσιτον,1,7.269872195646801e-06
15254,ὑψηλοφρονεῖν,1,7.269872195646801e-06
15255,ἠλπικέναι,1,7.269872195646801e-06
15256,ἀδηλότητι,1,7.269872195646801e-06
15257,παρέχοντι,1,7.269872195646801e-06
15258,ἀγαθοεργεῖν,1,7.269872195646801e-06
15259,εὐμεταδότους,1,7.269872195646801e-06
15260,κοινωνικούς,1,7.269872195646801e-06
15261,ἀποθησαυρίζοντας,1,7.269872195646801e-06
15262,ἐκτρεπόμενος,1,7.269872195646801e-06
15263,ἀντιθέσεις,1,7.269872195646801e-06
15264,ψευδωνύμου,1,7.269872195646801e-06
15265,προγόνων,1,7.269872195646801e-06
15266,ἀδιάλειπτον,1,7.269872195646801e-06
15267,μεμνημένος,1,7.269872195646801e-06
15268,πληρωθῶ,1,7.269872195646801e-06
15269,ὑπόμνησιν,1,7.269872195646801e-06
15270,ἐνῴκησε(ν),1,7.269872195646801e-06
15271,μάμμῃ,1,7.269872195646801e-06
15272,Λωΐδι,1,7.269872195646801e-06
15273,Εὐνίκῃ,1,7.269872195646801e-06
15274,ἀναμιμνῄσκω,1,7.269872195646801e-06
15275,ἀναζωπυρεῖν,1,7.269872195646801e-06
15276,δειλίας,1,7.269872195646801e-06
15277,σωφρονισμοῦ,1,7.269872195646801e-06
15278,ἐπαισχυνθῇς,1,7.269872195646801e-06
15279,σώσαντος,1,7.269872195646801e-06
15280,ἁγίᾳ,1,7.269872195646801e-06
15281,φανερωθεῖσαν,1,7.269872195646801e-06
15282,καταργήσαντος,1,7.269872195646801e-06
15283,φωτίσαντος,1,7.269872195646801e-06
15284,πάσχω,1,7.269872195646801e-06
15285,ὑγιαινόντων,1,7.269872195646801e-06
15286,ἐνοικοῦντος,1,7.269872195646801e-06
15287,ἀπεστράφησαν,1,7.269872195646801e-06
15288,Φύγελος,1,7.269872195646801e-06
15289,Ἑρμογένης,1,7.269872195646801e-06
15290,ἀνέψυξε(ν),1,7.269872195646801e-06
15291,ἐπαισχύνθη,1,7.269872195646801e-06
15292,ἐζήτησε(ν),1,7.269872195646801e-06
15293,διηκόνησε(ν),1,7.269872195646801e-06
15294,βέλτιον,1,7.269872195646801e-06
15295,ἐνδυναμοῦ,1,7.269872195646801e-06
15296,παράθου,1,7.269872195646801e-06
15297,στρατιώτης,1,7.269872195646801e-06
15298,στρατευόμενος,1,7.269872195646801e-06
15299,ἐμπλέκεται,1,7.269872195646801e-06
15300,πραγματείαις,1,7.269872195646801e-06
15301,στρατολογήσαντι,1,7.269872195646801e-06
15302,ἀθλῇ,1,7.269872195646801e-06
15303,στεφανοῦται,1,7.269872195646801e-06
15304,ἀθλήσῃ,1,7.269872195646801e-06
15305,κοπιῶντα,1,7.269872195646801e-06
15306,γεωργόν,1,7.269872195646801e-06
15307,μεταλαμβάνειν,1,7.269872195646801e-06
15308,νόει,1,7.269872195646801e-06
15309,κακοπαθῶ,1,7.269872195646801e-06
15310,κακοῦργος,1,7.269872195646801e-06
15311,ὑπομένω,1,7.269872195646801e-06
15312,συναπεθάνομεν,1,7.269872195646801e-06
15313,ὑπομένομεν,1,7.269872195646801e-06
15314,συμβασιλεύσομεν,1,7.269872195646801e-06
15315,ἀρνησόμεθα,1,7.269872195646801e-06
15316,ἀρνήσεται,1,7.269872195646801e-06
15317,ἀπιστοῦμεν,1,7.269872195646801e-06
15318,ἀρνήσασθαι,1,7.269872195646801e-06
15319,λογομαχεῖν,1,7.269872195646801e-06
15320,χρήσιμον,1,7.269872195646801e-06
15321,ἐργάτην,1,7.269872195646801e-06
15322,ἀνεπαίσχυντον,1,7.269872195646801e-06
15323,ὀρθοτομοῦντα,1,7.269872195646801e-06
15324,γάγγραινα,1,7.269872195646801e-06
15325,Φίλητος,1,7.269872195646801e-06
15326,στερεός,1,7.269872195646801e-06
15327,ἀποστήτω,1,7.269872195646801e-06
15328,ὀνομάζων,1,7.269872195646801e-06
15329,ὀστράκινα,1,7.269872195646801e-06
15330,ἐκκαθάρῃ,1,7.269872195646801e-06
15331,ἡγιασμένον,1,7.269872195646801e-06
15332,δεσπότῃ,1,7.269872195646801e-06
15333,νεωτερικάς,1,7.269872195646801e-06
15334,ἐπικαλουμένων,1,7.269872195646801e-06
15335,ἀπαιδεύτους,1,7.269872195646801e-06
15336,γεννῶσι(ν),1,7.269872195646801e-06
15337,μάχεσθαι,1,7.269872195646801e-06
15338,ἤπιον,1,7.269872195646801e-06
15339,ἀνεξίκακον,1,7.269872195646801e-06
15340,παιδεύοντα,1,7.269872195646801e-06
15341,ἀντιδιατιθεμένους,1,7.269872195646801e-06
15342,ἀνανήψωσι(ν),1,7.269872195646801e-06
15343,παγίδος,1,7.269872195646801e-06
15344,ἐζωγρημένοι,1,7.269872195646801e-06
15345,γίνωσκε,1,7.269872195646801e-06
15346,ἐνστήσονται,1,7.269872195646801e-06
15347,φίλαυτοι,1,7.269872195646801e-06
15348,ἀλαζόνες,1,7.269872195646801e-06
15349,ὑπερήφανοι,1,7.269872195646801e-06
15350,βλάσφημοι,1,7.269872195646801e-06
15351,ἀχάριστοι,1,7.269872195646801e-06
15352,ἀνόσιοι,1,7.269872195646801e-06
15353,ἄστοργοι,1,7.269872195646801e-06
15354,ἄσπονδοι,1,7.269872195646801e-06
15355,διάβολοι,1,7.269872195646801e-06
15356,ἀκρατεῖς,1,7.269872195646801e-06
15357,ἀνήμεροι,1,7.269872195646801e-06
15358,ἀφιλάγαθοι,1,7.269872195646801e-06
15359,προπετεῖς,1,7.269872195646801e-06
15360,τετυφωμένοι,1,7.269872195646801e-06
15361,φιλήδονοι,1,7.269872195646801e-06
15362,φιλόθεοι,1,7.269872195646801e-06
15363,ἠρνημένοι,1,7.269872195646801e-06
15364,ἀποτρέπου,1,7.269872195646801e-06
15365,ἐνδύνοντες,1,7.269872195646801e-06
15366,γυναικάρια,1,7.269872195646801e-06
15367,σεσωρευμένα,1,7.269872195646801e-06
15368,ἀγόμενα,1,7.269872195646801e-06
15369,μανθάνοντα,1,7.269872195646801e-06
15370,μηδέποτε,1,7.269872195646801e-06
15371,Ἰάννης,1,7.269872195646801e-06
15372,Ἰαμβρῆς,1,7.269872195646801e-06
15373,ἀντέστησαν,1,7.269872195646801e-06
15374,ἀνθίστανται,1,7.269872195646801e-06
15375,κατεφθαρμένοι,1,7.269872195646801e-06
15376,ἄνοια,1,7.269872195646801e-06
15377,ἔκδηλος,1,7.269872195646801e-06
15378,παρηκολούθησας,1,7.269872195646801e-06
15379,ἀγωγῇ,1,7.269872195646801e-06
15380,διωγμούς,1,7.269872195646801e-06
15381,ὑπήνεγκα,1,7.269872195646801e-06
15382,διωχθήσονται,1,7.269872195646801e-06
15383,γόητες,1,7.269872195646801e-06
15384,πλανῶντες,1,7.269872195646801e-06
15385,μένε,1,7.269872195646801e-06
15386,ἐπιστώθης,1,7.269872195646801e-06
15387,βρέφους,1,7.269872195646801e-06
15388,σοφίσαι,1,7.269872195646801e-06
15389,θεόπνευστος,1,7.269872195646801e-06
15390,ἐλεγμόν,1,7.269872195646801e-06
15391,ἐπανόρθωσιν,1,7.269872195646801e-06
15392,ἄρτιος,1,7.269872195646801e-06
15393,ἐξηρτισμένος,1,7.269872195646801e-06
15394,κήρυξον,1,7.269872195646801e-06
15395,ἐπίστηθι,1,7.269872195646801e-06
15396,ἀκαίρως,1,7.269872195646801e-06
15397,παρακάλεσον,1,7.269872195646801e-06
15398,ὑγιαινούσης,1,7.269872195646801e-06
15399,ἀνέξονται,1,7.269872195646801e-06
15400,ἐπισωρεύσουσι(ν),1,7.269872195646801e-06
15401,κνηθόμενοι,1,7.269872195646801e-06
15402,ἀποστρέψουσι(ν),1,7.269872195646801e-06
15403,ἐκτραπήσονται,1,7.269872195646801e-06
15404,νῆφε,1,7.269872195646801e-06
15405,κακοπάθησον,1,7.269872195646801e-06
15406,πληροφόρησον,1,7.269872195646801e-06
15407,ἀναλύσεως,1,7.269872195646801e-06
15408,ἐφέστηκε(ν),1,7.269872195646801e-06
15409,ἠγώνισμαι,1,7.269872195646801e-06
15410,τετέλεκα,1,7.269872195646801e-06
15411,ἠγαπηκόσι(ν),1,7.269872195646801e-06
15412,Κρήσκης,1,7.269872195646801e-06
15413,Γαλατίαν,1,7.269872195646801e-06
15414,Δαλματίαν,1,7.269872195646801e-06
15415,ἀναλαβών,1,7.269872195646801e-06
15416,εὔχρηστος,1,7.269872195646801e-06
15417,φαιλόνην,1,7.269872195646801e-06
15418,Κάρπῳ,1,7.269872195646801e-06
15419,μεμβράνας,1,7.269872195646801e-06
15420,χαλκεύς,1,7.269872195646801e-06
15421,ἐνεδείξατο,1,7.269872195646801e-06
15422,φυλάσσου,1,7.269872195646801e-06
15423,ἀντέστη,1,7.269872195646801e-06
15424,ἡμετέροις,1,7.269872195646801e-06
15425,ἐγκατέλιπον,1,7.269872195646801e-06
15426,λογισθείη,1,7.269872195646801e-06
15427,ἐνεδυνάμωσε(ν),1,7.269872195646801e-06
15428,πληροφορηθῇ,1,7.269872195646801e-06
15429,ἐρρύσθην,1,7.269872195646801e-06
15430,ἐπουράνιον,1,7.269872195646801e-06
15431,Μιλήτῳ,1,7.269872195646801e-06
15432,Εὔβουλος,1,7.269872195646801e-06
15433,Πούδης,1,7.269872195646801e-06
15434,Λίνος,1,7.269872195646801e-06
15435,Κλαυδία,1,7.269872195646801e-06
15436,ἀψευδής,1,7.269872195646801e-06
15437,κηρύγματι,1,7.269872195646801e-06
15438,Τίτῳ,1,7.269872195646801e-06
15439,κοινήν,1,7.269872195646801e-06
15440,Κρήτῃ,1,7.269872195646801e-06
15441,λείποντα,1,7.269872195646801e-06
15442,ἐπιδιορθώσῃ,1,7.269872195646801e-06
15443,καταστήσῃς,1,7.269872195646801e-06
15444,διεταξάμην,1,7.269872195646801e-06
15445,ἀνέγκλητος,1,7.269872195646801e-06
15446,κατηγορίᾳ,1,7.269872195646801e-06
15447,ἀνυπότακτα,1,7.269872195646801e-06
15448,ἀνέγκλητον,1,7.269872195646801e-06
15449,αὐθάδη,1,7.269872195646801e-06
15450,ὀργίλον,1,7.269872195646801e-06
15451,αἰσχροκερδῆ,1,7.269872195646801e-06
15452,φιλάγαθον,1,7.269872195646801e-06
15453,ἐγκρατῆ,1,7.269872195646801e-06
15454,ἀντεχόμενον,1,7.269872195646801e-06
15455,ἐλέγχειν,1,7.269872195646801e-06
15456,ἀνυπότακτοι,1,7.269872195646801e-06
15457,ματαιολόγοι,1,7.269872195646801e-06
15458,φρεναπάται,1,7.269872195646801e-06
15459,ἐπιστομίζειν,1,7.269872195646801e-06
15460,ὅλους,1,7.269872195646801e-06
15461,αἰσχροῦ,1,7.269872195646801e-06
15462,κέρδους,1,7.269872195646801e-06
15463,ἴδιος,1,7.269872195646801e-06
15464,ψεῦσται,1,7.269872195646801e-06
15465,γαστέρες,1,7.269872195646801e-06
15466,ὑγιαίνωσι(ν),1,7.269872195646801e-06
15467,Ἰουδαϊκοῖς,1,7.269872195646801e-06
15468,ἀποστρεφομένων,1,7.269872195646801e-06
15469,καθαροῖς,1,7.269872195646801e-06
15470,μεμιαμμένοις,1,7.269872195646801e-06
15471,μεμίανται,1,7.269872195646801e-06
15472,ἀρνοῦνται,1,7.269872195646801e-06
15473,βδελυκτοί,1,7.269872195646801e-06
15474,πρεσβύτας,1,7.269872195646801e-06
15475,ὑγιαίνοντας,1,7.269872195646801e-06
15476,πρεσβύτιδας,1,7.269872195646801e-06
15477,καταστήματι,1,7.269872195646801e-06
15478,ἱεροπρεπεῖς,1,7.269872195646801e-06
15479,δεδουλωμένας,1,7.269872195646801e-06
15480,καλοδιδασκάλους,1,7.269872195646801e-06
15481,σωφρονίζωσι(ν),1,7.269872195646801e-06
15482,φιλάνδρους,1,7.269872195646801e-06
15483,φιλοτέκνους,1,7.269872195646801e-06
15484,ἁγνάς,1,7.269872195646801e-06
15485,οἰκουργούς,1,7.269872195646801e-06
15486,ὑποτασσομένας,1,7.269872195646801e-06
15487,παρεχόμενος,1,7.269872195646801e-06
15488,ἀφθορίαν,1,7.269872195646801e-06
15489,σεμνότητα,1,7.269872195646801e-06
15490,ἀκατάγνωστον,1,7.269872195646801e-06
15491,εὐαρέστους,1,7.269872195646801e-06
15492,νοσφιζομένους,1,7.269872195646801e-06
15493,κοσμῶσι(ν),1,7.269872195646801e-06
15494,σωτήριος,1,7.269872195646801e-06
15495,παιδεύουσα,1,7.269872195646801e-06
15496,ἀρνησάμενοι,1,7.269872195646801e-06
15497,κοσμικάς,1,7.269872195646801e-06
15498,σωφρόνως,1,7.269872195646801e-06
15499,μακαρίαν,1,7.269872195646801e-06
15500,λυτρώσηται,1,7.269872195646801e-06
15501,περιούσιον,1,7.269872195646801e-06
15502,ζηλωτήν,1,7.269872195646801e-06
15503,ἐπιταγῆς,1,7.269872195646801e-06
15504,περιφρονείτω,1,7.269872195646801e-06
15505,ἑτοίμους,1,7.269872195646801e-06
15506,ἀμάχους,1,7.269872195646801e-06
15507,ἐπιεικεῖς,1,7.269872195646801e-06
15508,φθόνῳ,1,7.269872195646801e-06
15509,διάγοντες,1,7.269872195646801e-06
15510,στυγητοί,1,7.269872195646801e-06
15511,φιλανθρωπία,1,7.269872195646801e-06
15512,λουτροῦ,1,7.269872195646801e-06
15513,παλιγγενεσίας,1,7.269872195646801e-06
15514,ἀνακαινώσεως,1,7.269872195646801e-06
15515,γενηθῶμεν,1,7.269872195646801e-06
15516,διαβεβαιοῦσθαι,1,7.269872195646801e-06
15517,φροντίζωσι(ν),1,7.269872195646801e-06
15518,ὠφέλιμα,1,7.269872195646801e-06
15519,γενεαλογίας,1,7.269872195646801e-06
15520,ἔρεις,1,7.269872195646801e-06
15521,νομικάς,1,7.269872195646801e-06
15522,ἀνωφελεῖς,1,7.269872195646801e-06
15523,αἱρετικόν,1,7.269872195646801e-06
15524,ἐξέστραπται,1,7.269872195646801e-06
15525,αὐτοκατάκριτος,1,7.269872195646801e-06
15526,Ἀρτεμᾶν,1,7.269872195646801e-06
15527,Νικόπολιν,1,7.269872195646801e-06
15528,Ζηνᾶν,1,7.269872195646801e-06
15529,νομικόν,1,7.269872195646801e-06
15530,πρόπεμψον,1,7.269872195646801e-06
15531,λείπῃ,1,7.269872195646801e-06
15532,ἡμέτεροι,1,7.269872195646801e-06
15533,ἀναγκαίας,1,7.269872195646801e-06
15534,ἄκαρποι,1,7.269872195646801e-06
15535,φιλοῦντας,1,7.269872195646801e-06
15536,Φιλήμονι,1,7.269872195646801e-06
15537,συνεργῷ,1,7.269872195646801e-06
15538,Ἀπφίᾳ,1,7.269872195646801e-06
15539,ἀδελφῇ,1,7.269872195646801e-06
15540,συστρατιώτῃ,1,7.269872195646801e-06
15541,ἐπιτάσσειν,1,7.269872195646801e-06
15542,ἀνῆκον,1,7.269872195646801e-06
15543,Ὀνήσιμον,1,7.269872195646801e-06
15544,ἄχρηστον,1,7.269872195646801e-06
15545,ἀνέπεμψα,1,7.269872195646801e-06
15546,ἑκούσιον,1,7.269872195646801e-06
15547,ἐχωρίσθη,1,7.269872195646801e-06
15548,ἀπέχῃς,1,7.269872195646801e-06
15549,κοινωνόν,1,7.269872195646801e-06
15550,προσλαβοῦ,1,7.269872195646801e-06
15551,ἐλλόγα,1,7.269872195646801e-06
15552,ἀποτίσω,1,7.269872195646801e-06
15553,προσοφείλεις,1,7.269872195646801e-06
15554,ὀναίμην,1,7.269872195646801e-06
15555,ἀνάπαυσον,1,7.269872195646801e-06
15556,ἑτοίμαζε,1,7.269872195646801e-06
15557,χαρισθήσομαι,1,7.269872195646801e-06
15558,πολυμερῶς,1,7.269872195646801e-06
15559,πολυτρόπως,1,7.269872195646801e-06
15560,ἀπαύγασμα,1,7.269872195646801e-06
15561,χαρακτήρ,1,7.269872195646801e-06
15562,ὑψηλοῖς,1,7.269872195646801e-06
15563,κρείττων,1,7.269872195646801e-06
15564,διαφορώτερον,1,7.269872195646801e-06
15565,κεκληρονόμηκε(ν),1,7.269872195646801e-06
15566,εἰσαγάγῃ,1,7.269872195646801e-06
15567,προσκυνησάτωσαν,1,7.269872195646801e-06
15568,λειτουργούς,1,7.269872195646801e-06
15569,εὐθύτητος,1,7.269872195646801e-06
15570,ἐμίσησας,1,7.269872195646801e-06
15571,ἀγαλλιάσεως,1,7.269872195646801e-06
15572,ἐθεμελίωσας,1,7.269872195646801e-06
15573,διαμένεις,1,7.269872195646801e-06
15574,παλαιωθήσονται,1,7.269872195646801e-06
15575,περιβόλαιον,1,7.269872195646801e-06
15576,ἑλίξεις,1,7.269872195646801e-06
15577,ἀλλαγήσονται,1,7.269872195646801e-06
15578,ἐκλείψουσι(ν),1,7.269872195646801e-06
15579,λειτουργικά,1,7.269872195646801e-06
15580,ἀποστελλόμενα,1,7.269872195646801e-06
15581,κληρονομεῖν,1,7.269872195646801e-06
15582,ἀκουσθεῖσι(ν),1,7.269872195646801e-06
15583,παραρυῶμεν,1,7.269872195646801e-06
15584,λαληθείς,1,7.269872195646801e-06
15585,βέβαιος,1,7.269872195646801e-06
15586,παρακοή,1,7.269872195646801e-06
15587,ἐκφευξόμεθα,1,7.269872195646801e-06
15588,τηλικαύτης,1,7.269872195646801e-06
15589,λαλεῖσθαι,1,7.269872195646801e-06
15590,συνεπιμαρτυροῦντος,1,7.269872195646801e-06
15591,μερισμοῖς,1,7.269872195646801e-06
15592,θέλησιν,1,7.269872195646801e-06
15593,μιμνῄσκῃ,1,7.269872195646801e-06
15594,ἐπισκέπτῃ,1,7.269872195646801e-06
15595,ἠλάττωσας,1,7.269872195646801e-06
15596,ἐστεφάνωσας,1,7.269872195646801e-06
15597,ὑπέταξας,1,7.269872195646801e-06
15598,ἀνυπότακτον,1,7.269872195646801e-06
15599,ὁρῶμεν,1,7.269872195646801e-06
15600,ὑποτεταγμένα,1,7.269872195646801e-06
15601,ἠλαττωμένον,1,7.269872195646801e-06
15602,πάθημα,1,7.269872195646801e-06
15603,ἐστεφανωμένον,1,7.269872195646801e-06
15604,ἀγαγόντα,1,7.269872195646801e-06
15605,ἁγιάζων,1,7.269872195646801e-06
15606,ἁγιαζόμενοι,1,7.269872195646801e-06
15607,καλεῖν,1,7.269872195646801e-06
15608,ὑμνήσω,1,7.269872195646801e-06
15609,κεκοινώνηκε(ν),1,7.269872195646801e-06
15610,παραπλησίως,1,7.269872195646801e-06
15611,μετέσχε(ν),1,7.269872195646801e-06
15612,διάβολον,1,7.269872195646801e-06
15613,ἀπαλλάξῃ,1,7.269872195646801e-06
15614,ἔνοχοι,1,7.269872195646801e-06
15615,δήπου,1,7.269872195646801e-06
15616,ὁμοιωθῆναι,1,7.269872195646801e-06
15617,ἐλεήμων,1,7.269872195646801e-06
15618,ἱλάσκεσθαι,1,7.269872195646801e-06
15619,πέπονθε(ν),1,7.269872195646801e-06
15620,πειρασθείς,1,7.269872195646801e-06
15621,πειραζομένοις,1,7.269872195646801e-06
15622,βοηθῆσαι,1,7.269872195646801e-06
15623,πλείονος,1,7.269872195646801e-06
15624,ἠξίωται,1,7.269872195646801e-06
15625,κατασκευάζεται,1,7.269872195646801e-06
15626,θεράπων,1,7.269872195646801e-06
15627,λαληθησομένων,1,7.269872195646801e-06
15628,δοκιμασίᾳ,1,7.269872195646801e-06
15629,προσώχθισα,1,7.269872195646801e-06
15630,πλανῶνται,1,7.269872195646801e-06
15631,ἀπιστίας,1,7.269872195646801e-06
15632,ἀποστῆναι,1,7.269872195646801e-06
15633,ἑκάστην,1,7.269872195646801e-06
15634,σκληρυνθῇ,1,7.269872195646801e-06
15635,παρεπίκραναν,1,7.269872195646801e-06
15636,προσώχθισε(ν),1,7.269872195646801e-06
15637,ἁμαρτήσασι(ν),1,7.269872195646801e-06
15638,κῶλα,1,7.269872195646801e-06
15639,εἰσελεύσεσθαι,1,7.269872195646801e-06
15640,φοβηθῶμεν,1,7.269872195646801e-06
15641,καταλειπομένης,1,7.269872195646801e-06
15642,δοκῇ,1,7.269872195646801e-06
15643,εὐηγγελισμένοι,1,7.269872195646801e-06
15644,ὠφέλησε(ν),1,7.269872195646801e-06
15645,συγκεκερασμένους,1,7.269872195646801e-06
15646,ἀκούσασι(ν),1,7.269872195646801e-06
15647,εἰσερχόμεθα,1,7.269872195646801e-06
15648,γενηθέντων,1,7.269872195646801e-06
15649,ἑβδόμης,1,7.269872195646801e-06
15650,ἑβδόμῃ,1,7.269872195646801e-06
15651,εὐαγγελισθέντες,1,7.269872195646801e-06
15652,ὁρίζει,1,7.269872195646801e-06
15653,προείρηται,1,7.269872195646801e-06
15654,σαββατισμός,1,7.269872195646801e-06
15655,σπουδάσωμεν,1,7.269872195646801e-06
15656,τομώτερος,1,7.269872195646801e-06
15657,διϊκνούμενος,1,7.269872195646801e-06
15658,μερισμοῦ,1,7.269872195646801e-06
15659,ἁρμῶν,1,7.269872195646801e-06
15660,μυελῶν,1,7.269872195646801e-06
15661,κριτικός,1,7.269872195646801e-06
15662,ἐνθυμήσεων,1,7.269872195646801e-06
15663,ἐννοιῶν,1,7.269872195646801e-06
15664,ἀφανής,1,7.269872195646801e-06
15665,γυμνά,1,7.269872195646801e-06
15666,τετραχηλισμένα,1,7.269872195646801e-06
15667,διεληλυθότα,1,7.269872195646801e-06
15668,κρατῶμεν,1,7.269872195646801e-06
15669,συμπαθῆσαι,1,7.269872195646801e-06
15670,πεπειρασμένον,1,7.269872195646801e-06
15671,εὕρωμεν,1,7.269872195646801e-06
15672,εὔκαιρον,1,7.269872195646801e-06
15673,βοήθειαν,1,7.269872195646801e-06
15674,λαμβανόμενος,1,7.269872195646801e-06
15675,μετριοπαθεῖν,1,7.269872195646801e-06
15676,πλανωμένοις,1,7.269872195646801e-06
15677,καθώσπερ,1,7.269872195646801e-06
15678,γενηθῆναι,1,7.269872195646801e-06
15679,ἱκετηρίας,1,7.269872195646801e-06
15680,κραυγῆς,1,7.269872195646801e-06
15681,ἰσχυρᾶς,1,7.269872195646801e-06
15682,εἰσακουσθείς,1,7.269872195646801e-06
15683,ἔμαθε(ν),1,7.269872195646801e-06
15684,τελειωθείς,1,7.269872195646801e-06
15685,αἴτιος,1,7.269872195646801e-06
15686,προσαγορευθείς,1,7.269872195646801e-06
15687,δυσερμήνευτος,1,7.269872195646801e-06
15688,ἀκοαῖς,1,7.269872195646801e-06
15689,ὀφείλοντες,1,7.269872195646801e-06
15690,λογίων,1,7.269872195646801e-06
15691,στερεᾶς,1,7.269872195646801e-06
15692,μετέχων,1,7.269872195646801e-06
15693,ἄπειρος,1,7.269872195646801e-06
15694,τελείων,1,7.269872195646801e-06
15695,στερεά,1,7.269872195646801e-06
15696,ἕξιν,1,7.269872195646801e-06
15697,αἰσθητήρια,1,7.269872195646801e-06
15698,γεγυμνασμένα,1,7.269872195646801e-06
15699,διάκρισιν,1,7.269872195646801e-06
15700,τελειότητα,1,7.269872195646801e-06
15701,φερώμεθα,1,7.269872195646801e-06
15702,βαπτισμῶν,1,7.269872195646801e-06
15703,ἐπιτρέπῃ,1,7.269872195646801e-06
15704,φωτισθέντας,1,7.269872195646801e-06
15705,γενηθέντας,1,7.269872195646801e-06
15706,παραπεσόντας,1,7.269872195646801e-06
15707,ἀνακαινίζειν,1,7.269872195646801e-06
15708,ἀνασταυροῦντας,1,7.269872195646801e-06
15709,παραδειγματίζοντας,1,7.269872195646801e-06
15710,πιοῦσα,1,7.269872195646801e-06
15711,βοτάνην,1,7.269872195646801e-06
15712,γεωργεῖται,1,7.269872195646801e-06
15713,μεταλαμβάνει,1,7.269872195646801e-06
15714,ἐκφέρουσα,1,7.269872195646801e-06
15715,τριβόλους,1,7.269872195646801e-06
15716,καῦσιν,1,7.269872195646801e-06
15717,πεπείσμεθα,1,7.269872195646801e-06
15718,κρείσσονα,1,7.269872195646801e-06
15719,ἐχόμενα,1,7.269872195646801e-06
15720,ἐπιλαθέσθαι,1,7.269872195646801e-06
15721,ἐνεδείξασθε,1,7.269872195646801e-06
15722,ἐπιθυμοῦμεν,1,7.269872195646801e-06
15723,ἐνδείκνυσθαι,1,7.269872195646801e-06
15724,πληροφορίαν,1,7.269872195646801e-06
15725,κληρονομούντων,1,7.269872195646801e-06
15726,εὐλογήσω,1,7.269872195646801e-06
15727,πληθύνων,1,7.269872195646801e-06
15728,πληθυνῶ,1,7.269872195646801e-06
15729,μακροθυμήσας,1,7.269872195646801e-06
15730,ὀμνύουσι(ν),1,7.269872195646801e-06
15731,πέρας,1,7.269872195646801e-06
15732,βεβαίωσιν,1,7.269872195646801e-06
15733,ὅρκος,1,7.269872195646801e-06
15734,κληρονόμοις,1,7.269872195646801e-06
15735,ἀμετάθετον,1,7.269872195646801e-06
15736,βουλῆς,1,7.269872195646801e-06
15737,ἐμεσίτευσε(ν),1,7.269872195646801e-06
15738,ἀμεταθέτων,1,7.269872195646801e-06
15739,ἰσχυράν,1,7.269872195646801e-06
15740,καταφυγόντες,1,7.269872195646801e-06
15741,ἄγκυραν,1,7.269872195646801e-06
15742,ἀσφαλῆ,1,7.269872195646801e-06
15743,εἰσερχομένην,1,7.269872195646801e-06
15744,ἐσώτερον,1,7.269872195646801e-06
15745,πρόδρομος,1,7.269872195646801e-06
15746,ὑποστρέφοντι,1,7.269872195646801e-06
15747,κοπῆς,1,7.269872195646801e-06
15748,ἑρμηνευόμενος,1,7.269872195646801e-06
15749,ἀπάτωρ,1,7.269872195646801e-06
15750,ἀμήτωρ,1,7.269872195646801e-06
15751,ἀγενεαλόγητος,1,7.269872195646801e-06
15752,ἀφωμοιωμένος,1,7.269872195646801e-06
15753,πηλίκος,1,7.269872195646801e-06
15754,ἀκροθινίων,1,7.269872195646801e-06
15755,πατριάρχης,1,7.269872195646801e-06
15756,ἱερατείαν,1,7.269872195646801e-06
15757,ἀποδεκατοῦν,1,7.269872195646801e-06
15758,ἐξεληλυθότας,1,7.269872195646801e-06
15759,γενεαλογούμενος,1,7.269872195646801e-06
15760,δεδεκάτωκε(ν),1,7.269872195646801e-06
15761,εὐλόγηκε(ν),1,7.269872195646801e-06
15762,εὐλογεῖται,1,7.269872195646801e-06
15763,ἔπος,1,7.269872195646801e-06
15764,δεδεκάτωται,1,7.269872195646801e-06
15765,ὀσφύϊ,1,7.269872195646801e-06
15766,Λευιτικῆς,1,7.269872195646801e-06
15767,ἀνίστασθαι,1,7.269872195646801e-06
15768,μετατιθεμένης,1,7.269872195646801e-06
15769,μετάθεσις,1,7.269872195646801e-06
15770,μετέσχηκε(ν),1,7.269872195646801e-06
15771,προσέσχηκε(ν),1,7.269872195646801e-06
15772,πρόδηλον,1,7.269872195646801e-06
15773,ἀνατέταλκε(ν),1,7.269872195646801e-06
15774,κατάδηλον,1,7.269872195646801e-06
15775,ἀνίσταται,1,7.269872195646801e-06
15776,σαρκίνης,1,7.269872195646801e-06
15777,ἀκαταλύτου,1,7.269872195646801e-06
15778,μαρτυρεῖται,1,7.269872195646801e-06
15779,ἀθέτησις,1,7.269872195646801e-06
15780,προαγούσης,1,7.269872195646801e-06
15781,ἀνωφελές,1,7.269872195646801e-06
15782,ἐτελείωσε(ν),1,7.269872195646801e-06
15783,ἐπεισαγωγή,1,7.269872195646801e-06
15784,ἐγγίζομεν,1,7.269872195646801e-06
15785,μεταμεληθήσεται,1,7.269872195646801e-06
15786,τοσοῦτο,1,7.269872195646801e-06
15787,ἔγγυος,1,7.269872195646801e-06
15788,κωλύεσθαι,1,7.269872195646801e-06
15789,παραμένειν,1,7.269872195646801e-06
15790,ἀπαράβατον,1,7.269872195646801e-06
15791,ἱερωσύνην,1,7.269872195646801e-06
15792,ἐντυγχάνειν,1,7.269872195646801e-06
15793,ἄκακος,1,7.269872195646801e-06
15794,κεχωρισμένος,1,7.269872195646801e-06
15795,ὑψηλότερος,1,7.269872195646801e-06
15796,ἀναφέρειν,1,7.269872195646801e-06
15797,τετελειωμένον,1,7.269872195646801e-06
15798,κεφάλαιον,1,7.269872195646801e-06
15799,λειτουργός,1,7.269872195646801e-06
15800,ἔπηξε(ν),1,7.269872195646801e-06
15801,προσενέγκῃ,1,7.269872195646801e-06
15802,προσφερόντων,1,7.269872195646801e-06
15803,κεχρημάτισται,1,7.269872195646801e-06
15804,ἐπιτελεῖν,1,7.269872195646801e-06
15805,δειχθέντα,1,7.269872195646801e-06
15806,διαφορωτέρας,1,7.269872195646801e-06
15807,τέτυχε(ν),1,7.269872195646801e-06
15808,ἐπαγγελίαις,1,7.269872195646801e-06
15809,δευτέρας,1,7.269872195646801e-06
15810,ἐζητεῖτο,1,7.269872195646801e-06
15811,μεμφόμενος,1,7.269872195646801e-06
15812,συντελέσω,1,7.269872195646801e-06
15813,ἐπιλαβομένου,1,7.269872195646801e-06
15814,ἐξαγαγεῖν,1,7.269872195646801e-06
15815,ἐνέμειναν,1,7.269872195646801e-06
15816,ἠμέλησα,1,7.269872195646801e-06
15817,διδάξωσι(ν),1,7.269872195646801e-06
15818,πολίτην,1,7.269872195646801e-06
15819,γνῶθι,1,7.269872195646801e-06
15820,εἰδήσουσι(ν),1,7.269872195646801e-06
15821,ἀδικίαις,1,7.269872195646801e-06
15822,μνησθῶ,1,7.269872195646801e-06
15823,πεπαλαίωκε(ν),1,7.269872195646801e-06
15824,παλαιούμενον,1,7.269872195646801e-06
15825,γηράσκον,1,7.269872195646801e-06
15826,ἀφανισμοῦ,1,7.269872195646801e-06
15827,κοσμικόν,1,7.269872195646801e-06
15828,κατεσκευάσθη,1,7.269872195646801e-06
15829,λυχνία,1,7.269872195646801e-06
15830,θυμιατήριον,1,7.269872195646801e-06
15831,περικεκαλυμμένην,1,7.269872195646801e-06
15832,στάμνος,1,7.269872195646801e-06
15833,χρυσῆ,1,7.269872195646801e-06
15834,βλαστήσασα,1,7.269872195646801e-06
15835,πλάκες,1,7.269872195646801e-06
15836,Χερουβίν,1,7.269872195646801e-06
15837,κατασκιάζοντα,1,7.269872195646801e-06
15838,κατεσκευασμένων,1,7.269872195646801e-06
15839,εἰσίασι(ν),1,7.269872195646801e-06
15840,προσφέρει,1,7.269872195646801e-06
15841,ἀγνοημάτων,1,7.269872195646801e-06
15842,δηλοῦντος,1,7.269872195646801e-06
15843,ἐνεστηκότα,1,7.269872195646801e-06
15844,θυσίαι,1,7.269872195646801e-06
15845,δυνάμεναι,1,7.269872195646801e-06
15846,λατρεύοντα,1,7.269872195646801e-06
15847,πόμασι(ν),1,7.269872195646801e-06
15848,διαφόροις,1,7.269872195646801e-06
15849,βαπτισμοῖς,1,7.269872195646801e-06
15850,διορθώσεως,1,7.269872195646801e-06
15851,ἐπικείμενα,1,7.269872195646801e-06
15852,τελειοτέρας,1,7.269872195646801e-06
15853,εὑράμενος,1,7.269872195646801e-06
15854,σποδός,1,7.269872195646801e-06
15855,δαμάλεως,1,7.269872195646801e-06
15856,ῥαντίζουσα,1,7.269872195646801e-06
15857,κεκοινωμένους,1,7.269872195646801e-06
15858,ἁγιάζει,1,7.269872195646801e-06
15859,καθαρότητα,1,7.269872195646801e-06
15860,καθαριεῖ,1,7.269872195646801e-06
15861,φέρεσθαι,1,7.269872195646801e-06
15862,διαθεμένου,1,7.269872195646801e-06
15863,διαθέμενος,1,7.269872195646801e-06
15864,ἐγκεκαίνισται,1,7.269872195646801e-06
15865,λαληθείσης,1,7.269872195646801e-06
15866,ἐρίου,1,7.269872195646801e-06
15867,ὑσσώπου,1,7.269872195646801e-06
15868,καθαρίζεται,1,7.269872195646801e-06
15869,αἱματεκχυσίας,1,7.269872195646801e-06
15870,ὑποδείγματα,1,7.269872195646801e-06
15871,καθαρίζεσθαι,1,7.269872195646801e-06
15872,χειροποίητα,1,7.269872195646801e-06
15873,ἀντίτυπα,1,7.269872195646801e-06
15874,ἀληθινῶν,1,7.269872195646801e-06
15875,ἐμφανισθῆναι,1,7.269872195646801e-06
15876,εἰσέρχεται,1,7.269872195646801e-06
15877,ἀθέτησιν,1,7.269872195646801e-06
15878,προσενεχθείς,1,7.269872195646801e-06
15879,ἀνενεγκεῖν,1,7.269872195646801e-06
15880,ὀφθήσεται,1,7.269872195646801e-06
15881,ἀπεκδεχομένοις,1,7.269872195646801e-06
15882,προσφέρουσι(ν),1,7.269872195646801e-06
15883,προσφερόμεναι,1,7.269872195646801e-06
15884,λατρεύοντας,1,7.269872195646801e-06
15885,κεκαθαρισμένους,1,7.269872195646801e-06
15886,ἀνάμνησις,1,7.269872195646801e-06
15887,ἀφαιρεῖν,1,7.269872195646801e-06
15888,κεφαλίδι,1,7.269872195646801e-06
15889,ἀναιρεῖ,1,7.269872195646801e-06
15890,στήσῃ,1,7.269872195646801e-06
15891,προσφορᾶς,1,7.269872195646801e-06
15892,λειτουργῶν,1,7.269872195646801e-06
15893,προσφέρων,1,7.269872195646801e-06
15894,περιελεῖν,1,7.269872195646801e-06
15895,ἐκδεχόμενος,1,7.269872195646801e-06
15896,τεθῶσι(ν),1,7.269872195646801e-06
15897,προσφορᾷ,1,7.269872195646801e-06
15898,τετελείωκε(ν),1,7.269872195646801e-06
15899,ἁγιαζομένους,1,7.269872195646801e-06
15900,εἰρηκέναι,1,7.269872195646801e-06
15901,ἀνομιῶν,1,7.269872195646801e-06
15902,μνησθήσομαι,1,7.269872195646801e-06
15903,ἐνεκαίνισε(ν),1,7.269872195646801e-06
15904,πρόσφατον,1,7.269872195646801e-06
15905,ῥεραντισμένοι,1,7.269872195646801e-06
15906,πονηρᾶς,1,7.269872195646801e-06
15907,λελουσμένοι,1,7.269872195646801e-06
15908,κατέχωμεν,1,7.269872195646801e-06
15909,ἀκλινῆ,1,7.269872195646801e-06
15910,κατανοῶμεν,1,7.269872195646801e-06
15911,παροξυσμόν,1,7.269872195646801e-06
15912,ἐγκαταλείποντες,1,7.269872195646801e-06
15913,ἐπισυναγωγήν,1,7.269872195646801e-06
15914,ἐγγίζουσαν,1,7.269872195646801e-06
15915,ἁμαρτανόντων,1,7.269872195646801e-06
15916,θυσία,1,7.269872195646801e-06
15917,φοβερά,1,7.269872195646801e-06
15918,ἐκδοχή,1,7.269872195646801e-06
15919,ὑπεναντίους,1,7.269872195646801e-06
15920,ἀθετήσας,1,7.269872195646801e-06
15921,χείρονος,1,7.269872195646801e-06
15922,ἀξιωθήσεται,1,7.269872195646801e-06
15923,τιμωρίας,1,7.269872195646801e-06
15924,καταπατήσας,1,7.269872195646801e-06
15925,ἡγιάσθη,1,7.269872195646801e-06
15926,ἐνυβρίσας,1,7.269872195646801e-06
15927,ἐμπεσεῖν,1,7.269872195646801e-06
15928,ἀναμιμνῄσκεσθε,1,7.269872195646801e-06
15929,φωτισθέντες,1,7.269872195646801e-06
15930,ἄθλησιν,1,7.269872195646801e-06
15931,ὑπεμείνατε,1,7.269872195646801e-06
15932,ὀνειδισμοῖς,1,7.269872195646801e-06
15933,θεατριζόμενοι,1,7.269872195646801e-06
15934,ἀναστρεφομένων,1,7.269872195646801e-06
15935,δεσμίοις,1,7.269872195646801e-06
15936,συνεπαθήσατε,1,7.269872195646801e-06
15937,ἁρπαγήν,1,7.269872195646801e-06
15938,προσεδέξασθε,1,7.269872195646801e-06
15939,κρείττονα,1,7.269872195646801e-06
15940,ὕπαρξιν,1,7.269872195646801e-06
15941,ἀποβάλητε,1,7.269872195646801e-06
15942,κομίσησθε,1,7.269872195646801e-06
15943,χρονίσει,1,7.269872195646801e-06
15944,ὑποστείληται,1,7.269872195646801e-06
15945,εὐδοκεῖ,1,7.269872195646801e-06
15946,ὑποστολῆς,1,7.269872195646801e-06
15947,ἐλπιζομένων,1,7.269872195646801e-06
15948,ὑπόστασις,1,7.269872195646801e-06
15949,ἔλεγχος,1,7.269872195646801e-06
15950,ἐμαρτυρήθησαν,1,7.269872195646801e-06
15951,κατηρτίσθαι,1,7.269872195646801e-06
15952,φαινομένων,1,7.269872195646801e-06
15953,βλεπόμενον,1,7.269872195646801e-06
15954,ἐμαρτυρήθη,1,7.269872195646801e-06
15955,μαρτυροῦντος,1,7.269872195646801e-06
15956,δώροις,1,7.269872195646801e-06
15957,μετετέθη,1,7.269872195646801e-06
15958,ηὑρίσκετο,1,7.269872195646801e-06
15959,μετέθηκε(ν),1,7.269872195646801e-06
15960,μεταθέσεως,1,7.269872195646801e-06
15961,εὐαρεστηκέναι,1,7.269872195646801e-06
15962,εὐαρεστῆσαι,1,7.269872195646801e-06
15963,προσερχόμενον,1,7.269872195646801e-06
15964,ἐκζητοῦσι(ν),1,7.269872195646801e-06
15965,μισθαποδότης,1,7.269872195646801e-06
15966,μηδέπω,1,7.269872195646801e-06
15967,εὐλαβηθείς,1,7.269872195646801e-06
15968,κατεσκεύασε(ν),1,7.269872195646801e-06
15969,παρῴκησε(ν),1,7.269872195646801e-06
15970,ἀλλοτρίαν,1,7.269872195646801e-06
15971,σκηναῖς,1,7.269872195646801e-06
15972,κατοικήσας,1,7.269872195646801e-06
15973,συγκληρονόμων,1,7.269872195646801e-06
15974,ἐξεδέχετο,1,7.269872195646801e-06
15975,δημιουργός,1,7.269872195646801e-06
15976,καταβολήν,1,7.269872195646801e-06
15977,ἐπαγγειλάμενον,1,7.269872195646801e-06
15978,νενεκρωμένου,1,7.269872195646801e-06
15979,ἄστρα,1,7.269872195646801e-06
15980,πλήθει,1,7.269872195646801e-06
15981,χεῖλος,1,7.269872195646801e-06
15982,ἀναρίθμητος,1,7.269872195646801e-06
15983,ὁμολογήσαντες,1,7.269872195646801e-06
15984,παρεπίδημοι,1,7.269872195646801e-06
15985,ἐμφανίζουσι(ν),1,7.269872195646801e-06
15986,μνημονεύουσι(ν),1,7.269872195646801e-06
15987,ἐξέβησαν,1,7.269872195646801e-06
15988,ὀρέγονται,1,7.269872195646801e-06
15989,ἐπικαλεῖσθαι,1,7.269872195646801e-06
15990,προσενήνοχε(ν),1,7.269872195646801e-06
15991,προσέφερε(ν),1,7.269872195646801e-06
15992,λογισάμενος,1,7.269872195646801e-06
15993,ἐκομίσατο,1,7.269872195646801e-06
15994,ῥάβδου,1,7.269872195646801e-06
15995,τελευτῶν,1,7.269872195646801e-06
15996,ἐξόδου,1,7.269872195646801e-06
15997,τρίμηνον,1,7.269872195646801e-06
15998,ἀστεῖον,1,7.269872195646801e-06
15999,διάταγμα,1,7.269872195646801e-06
16000,ἑλόμενος,1,7.269872195646801e-06
16001,συγκακουχεῖσθαι,1,7.269872195646801e-06
16002,πρόσκαιρον,1,7.269872195646801e-06
16003,θησαυρῶν,1,7.269872195646801e-06
16004,ἀπέβλεπε(ν),1,7.269872195646801e-06
16005,ἀόρατον,1,7.269872195646801e-06
16006,ὁρῶν,1,7.269872195646801e-06
16007,ἐκαρτέρησε(ν),1,7.269872195646801e-06
16008,πρόσχυσιν,1,7.269872195646801e-06
16009,ὀλοθρεύων,1,7.269872195646801e-06
16010,πρωτότοκα,1,7.269872195646801e-06
16011,διέβησαν,1,7.269872195646801e-06
16012,ἐρυθράν,1,7.269872195646801e-06
16013,ξηρᾶς,1,7.269872195646801e-06
16014,Αἰγύπτιοι,1,7.269872195646801e-06
16015,κατεπόθησαν,1,7.269872195646801e-06
16016,τείχη,1,7.269872195646801e-06
16017,κυκλωθέντα,1,7.269872195646801e-06
16018,συναπώλετο,1,7.269872195646801e-06
16019,δεξαμένη,1,7.269872195646801e-06
16020,κατασκόπους,1,7.269872195646801e-06
16021,ἐπιλείψει,1,7.269872195646801e-06
16022,διηγούμενον,1,7.269872195646801e-06
16023,Γεδεών,1,7.269872195646801e-06
16024,Βαράκ,1,7.269872195646801e-06
16025,Σαμψών,1,7.269872195646801e-06
16026,Ἰεφθάε,1,7.269872195646801e-06
16027,κατηγωνίσαντο,1,7.269872195646801e-06
16028,εἰργάσαντο,1,7.269872195646801e-06
16029,ἐπέτυχον,1,7.269872195646801e-06
16030,ἔφραξαν,1,7.269872195646801e-06
16031,ἔσβεσαν,1,7.269872195646801e-06
16032,ἐδυναμώθησαν,1,7.269872195646801e-06
16033,πολέμῳ,1,7.269872195646801e-06
16034,παρεμβολάς,1,7.269872195646801e-06
16035,ἔκλιναν,1,7.269872195646801e-06
16036,ἐτυμπανίσθησαν,1,7.269872195646801e-06
16037,προσδεξάμενοι,1,7.269872195646801e-06
16038,ἐμπαιγμῶν,1,7.269872195646801e-06
16039,ἐλιθάσθησαν,1,7.269872195646801e-06
16040,ἐπρίσθησαν,1,7.269872195646801e-06
16041,φόνῳ,1,7.269872195646801e-06
16042,περιῆλθον,1,7.269872195646801e-06
16043,μηλωταῖς,1,7.269872195646801e-06
16044,αἰγείοις,1,7.269872195646801e-06
16045,δέρμασι(ν),1,7.269872195646801e-06
16046,ὑστερούμενοι,1,7.269872195646801e-06
16047,κακουχούμενοι,1,7.269872195646801e-06
16048,ἐρημίαις,1,7.269872195646801e-06
16049,σπηλαίοις,1,7.269872195646801e-06
16050,ὀπαῖς,1,7.269872195646801e-06
16051,μαρτυρηθέντες,1,7.269872195646801e-06
16052,ἐκομίσαντο,1,7.269872195646801e-06
16053,προβλεψαμένου,1,7.269872195646801e-06
16054,τελειωθῶσι(ν),1,7.269872195646801e-06
16055,περικείμενον,1,7.269872195646801e-06
16056,νέφος,1,7.269872195646801e-06
16057,ὄγκον,1,7.269872195646801e-06
16058,εὐπερίστατον,1,7.269872195646801e-06
16059,τρέχωμεν,1,7.269872195646801e-06
16060,προκείμενον,1,7.269872195646801e-06
16061,ἀφορῶντες,1,7.269872195646801e-06
16062,τελειωτήν,1,7.269872195646801e-06
16063,καταφρονήσας,1,7.269872195646801e-06
16064,κεκάθικε(ν),1,7.269872195646801e-06
16065,ἀναλογίσασθε,1,7.269872195646801e-06
16066,ὑπομεμενηκότα,1,7.269872195646801e-06
16067,ἀντιλογίαν,1,7.269872195646801e-06
16068,κάμητε,1,7.269872195646801e-06
16069,ἀντικατέστητε,1,7.269872195646801e-06
16070,ἀνταγωνιζόμενοι,1,7.269872195646801e-06
16071,ἐκλέλησθε,1,7.269872195646801e-06
16072,διαλέγεται,1,7.269872195646801e-06
16073,ὀλιγώρει,1,7.269872195646801e-06
16074,ἐκλύου,1,7.269872195646801e-06
16075,μαστιγοῖ,1,7.269872195646801e-06
16076,παραδέχεται,1,7.269872195646801e-06
16077,ὑπομένετε,1,7.269872195646801e-06
16078,προσφέρεται,1,7.269872195646801e-06
16079,νόθοι,1,7.269872195646801e-06
16080,παιδευτάς,1,7.269872195646801e-06
16081,ἐνετρεπόμεθα,1,7.269872195646801e-06
16082,ὑποταγησόμεθα,1,7.269872195646801e-06
16083,δοκοῦν,1,7.269872195646801e-06
16084,ἐπαίδευον,1,7.269872195646801e-06
16085,ἁγιότητος,1,7.269872195646801e-06
16086,παιδεία,1,7.269872195646801e-06
16087,παρόν,1,7.269872195646801e-06
16088,εἰρηνικόν,1,7.269872195646801e-06
16089,γεγυμνασμένοις,1,7.269872195646801e-06
16090,ἀποδίδωσι(ν),1,7.269872195646801e-06
16091,παρειμένας,1,7.269872195646801e-06
16092,παραλελυμένα,1,7.269872195646801e-06
16093,ἀνορθώσατε,1,7.269872195646801e-06
16094,τροχιάς,1,7.269872195646801e-06
16095,ὀρθάς,1,7.269872195646801e-06
16096,ἐκτραπῇ,1,7.269872195646801e-06
16097,ἰαθῇ,1,7.269872195646801e-06
16098,ὑστερῶν,1,7.269872195646801e-06
16099,φύουσα,1,7.269872195646801e-06
16100,ἐνοχλῇ,1,7.269872195646801e-06
16101,βέβηλος,1,7.269872195646801e-06
16102,ἀπέδετο,1,7.269872195646801e-06
16103,πρωτοτόκια,1,7.269872195646801e-06
16104,μετέπειτα,1,7.269872195646801e-06
16105,ἀπεδοκιμάσθη,1,7.269872195646801e-06
16106,ἐκζητήσας,1,7.269872195646801e-06
16107,ψηλαφωμένῳ,1,7.269872195646801e-06
16108,κεκαυμένῳ,1,7.269872195646801e-06
16109,γνόφῳ,1,7.269872195646801e-06
16110,ζόφῳ,1,7.269872195646801e-06
16111,θυέλλῃ,1,7.269872195646801e-06
16112,ἤχῳ,1,7.269872195646801e-06
16113,παρῃτήσαντο,1,7.269872195646801e-06
16114,προστεθῆναι,1,7.269872195646801e-06
16115,διαστελλόμενον,1,7.269872195646801e-06
16116,λιθοβοληθήσεται,1,7.269872195646801e-06
16117,φανταζόμενον,1,7.269872195646801e-06
16118,ἔκφοβος,1,7.269872195646801e-06
16119,ἐπουρανίῳ,1,7.269872195646801e-06
16120,πανηγύρει,1,7.269872195646801e-06
16121,πρωτοτόκων,1,7.269872195646801e-06
16122,ἀπογεγραμμένων,1,7.269872195646801e-06
16123,τετελειωμένων,1,7.269872195646801e-06
16124,μεσίτῃ,1,7.269872195646801e-06
16125,ῥαντισμοῦ,1,7.269872195646801e-06
16126,παραιτήσησθε,1,7.269872195646801e-06
16127,λαλοῦντα,1,7.269872195646801e-06
16128,παραιτησάμενοι,1,7.269872195646801e-06
16129,χρηματίζοντα,1,7.269872195646801e-06
16130,ἀποστρεφόμενοι,1,7.269872195646801e-06
16131,ἐσάλευσε(ν),1,7.269872195646801e-06
16132,σείσω,1,7.269872195646801e-06
16133,δηλοῖ,1,7.269872195646801e-06
16134,σαλευομένων,1,7.269872195646801e-06
16135,μετάθεσιν,1,7.269872195646801e-06
16136,πεποιημένων,1,7.269872195646801e-06
16137,σαλευόμενα,1,7.269872195646801e-06
16138,ἀσάλευτον,1,7.269872195646801e-06
16139,παραλαμβάνοντες,1,7.269872195646801e-06
16140,λατρεύωμεν,1,7.269872195646801e-06
16141,εὐαρέστως,1,7.269872195646801e-06
16142,δέους,1,7.269872195646801e-06
16143,καταναλίσκον,1,7.269872195646801e-06
16144,φιλαδελφία,1,7.269872195646801e-06
16145,φιλοξενίας,1,7.269872195646801e-06
16146,ἔλαθον,1,7.269872195646801e-06
16147,ξενίσαντες,1,7.269872195646801e-06
16148,μιμνῄσκεσθε,1,7.269872195646801e-06
16149,δεσμίων,1,7.269872195646801e-06
16150,συνδεδεμένοι,1,7.269872195646801e-06
16151,κακουχουμένων,1,7.269872195646801e-06
16152,κοίτη,1,7.269872195646801e-06
16153,πόρνους,1,7.269872195646801e-06
16154,μοιχούς,1,7.269872195646801e-06
16155,ἀφιλάργυρος,1,7.269872195646801e-06
16156,τρόπος,1,7.269872195646801e-06
16157,ἀρκούμενοι,1,7.269872195646801e-06
16158,παροῦσι(ν),1,7.269872195646801e-06
16159,ἀνῶ,1,7.269872195646801e-06
16160,ἐγκαταλίπω,1,7.269872195646801e-06
16161,θαρροῦντας,1,7.269872195646801e-06
16162,βοηθός,1,7.269872195646801e-06
16163,φοβηθήσομαι,1,7.269872195646801e-06
16164,ἡγουμένων,1,7.269872195646801e-06
16165,ἀναθεωροῦντες,1,7.269872195646801e-06
16166,μιμεῖσθε,1,7.269872195646801e-06
16167,διδαχαῖς,1,7.269872195646801e-06
16168,ξέναις,1,7.269872195646801e-06
16169,παραφέρεσθε,1,7.269872195646801e-06
16170,βεβαιοῦσθαι,1,7.269872195646801e-06
16171,ὠφελήθησαν,1,7.269872195646801e-06
16172,σκηνῇ,1,7.269872195646801e-06
16173,εἰσφέρεται,1,7.269872195646801e-06
16174,κατακαίεται,1,7.269872195646801e-06
16175,ἐξερχώμεθα,1,7.269872195646801e-06
16176,ἐπιζητοῦμεν,1,7.269872195646801e-06
16177,ἀναφέρωμεν,1,7.269872195646801e-06
16178,αἰνέσεως,1,7.269872195646801e-06
16179,χειλέων,1,7.269872195646801e-06
16180,ὁμολογούντων,1,7.269872195646801e-06
16181,εὐποιΐας,1,7.269872195646801e-06
16182,εὐαρεστεῖται,1,7.269872195646801e-06
16183,πείθεσθε,1,7.269872195646801e-06
16184,ἡγουμένοις,1,7.269872195646801e-06
16185,ὑπείκετε,1,7.269872195646801e-06
16186,ἀγρυπνοῦσι(ν),1,7.269872195646801e-06
16187,ἀποδώσοντες,1,7.269872195646801e-06
16188,στενάζοντες,1,7.269872195646801e-06
16189,ἀλυσιτελές,1,7.269872195646801e-06
16190,πειθόμεθα,1,7.269872195646801e-06
16191,ἀποκατασταθῶ,1,7.269872195646801e-06
16192,βραχέων,1,7.269872195646801e-06
16193,ἐπέστειλα,1,7.269872195646801e-06
16194,ἀπολελυμένον,1,7.269872195646801e-06
16195,φυλαῖς,1,7.269872195646801e-06
16196,διασπορᾷ,1,7.269872195646801e-06
16197,ἡγήσασθε,1,7.269872195646801e-06
16198,περιπέσητε,1,7.269872195646801e-06
16199,ὁλόκληροι,1,7.269872195646801e-06
16200,λείπεται,1,7.269872195646801e-06
16201,ἁπλῶς,1,7.269872195646801e-06
16202,ὀνειδίζοντος,1,7.269872195646801e-06
16203,ἀνεμιζομένῳ,1,7.269872195646801e-06
16204,ῥιπιζομένῳ,1,7.269872195646801e-06
16205,οἰέσθω,1,7.269872195646801e-06
16206,δίψυχος,1,7.269872195646801e-06
16207,ἀκατάστατος,1,7.269872195646801e-06
16208,ὕψει,1,7.269872195646801e-06
16209,καύσωνι,1,7.269872195646801e-06
16210,ἐξήρανε(ν),1,7.269872195646801e-06
16211,εὐπρέπεια,1,7.269872195646801e-06
16212,πορείαις,1,7.269872195646801e-06
16213,μαρανθήσεται,1,7.269872195646801e-06
16214,λεγέτω,1,7.269872195646801e-06
16215,πειράζομαι,1,7.269872195646801e-06
16216,ἀπείραστος,1,7.269872195646801e-06
16217,πειράζει,1,7.269872195646801e-06
16218,πειράζεται,1,7.269872195646801e-06
16219,ἐξελκόμενος,1,7.269872195646801e-06
16220,δελεαζόμενος,1,7.269872195646801e-06
16221,συλλαβοῦσα,1,7.269872195646801e-06
16222,τίκτει,1,7.269872195646801e-06
16223,ἀποτελεσθεῖσα,1,7.269872195646801e-06
16224,ἀποκύει,1,7.269872195646801e-06
16225,δόσις,1,7.269872195646801e-06
16226,φώτων,1,7.269872195646801e-06
16227,παραλλαγή,1,7.269872195646801e-06
16228,τροπῆς,1,7.269872195646801e-06
16229,ἀποσκίασμα,1,7.269872195646801e-06
16230,βουληθείς,1,7.269872195646801e-06
16231,ἀπεκύησε(ν),1,7.269872195646801e-06
16232,ταχύς,1,7.269872195646801e-06
16233,ῥυπαρίαν,1,7.269872195646801e-06
16234,ἔμφυτον,1,7.269872195646801e-06
16235,παραλογιζόμενοι,1,7.269872195646801e-06
16236,κατανοοῦντι,1,7.269872195646801e-06
16237,ἐσόπτρῳ,1,7.269872195646801e-06
16238,ἀπελήλυθε(ν),1,7.269872195646801e-06
16239,ἐπελάθετο,1,7.269872195646801e-06
16240,παραμείνας,1,7.269872195646801e-06
16241,ἐπιλησμονῆς,1,7.269872195646801e-06
16242,θρησκός,1,7.269872195646801e-06
16243,χαλιναγωγῶν,1,7.269872195646801e-06
16244,ἀπατῶν,1,7.269872195646801e-06
16245,μάταιος,1,7.269872195646801e-06
16246,ἐπισκέπτεσθαι,1,7.269872195646801e-06
16247,προσωπολημψίαις,1,7.269872195646801e-06
16248,χρυσοδακτύλιος,1,7.269872195646801e-06
16249,ῥυπαρᾷ,1,7.269872195646801e-06
16250,ἐπιβλέψητε,1,7.269872195646801e-06
16251,φοροῦντα,1,7.269872195646801e-06
16252,πτωχῷ,1,7.269872195646801e-06
16253,διεκρίθητε,1,7.269872195646801e-06
16254,κληρονόμους,1,7.269872195646801e-06
16255,ἠτιμάσατε,1,7.269872195646801e-06
16256,καταδυναστεύουσι(ν),1,7.269872195646801e-06
16257,ἕλκουσι(ν),1,7.269872195646801e-06
16258,ἐπικληθέν,1,7.269872195646801e-06
16259,βασιλικόν,1,7.269872195646801e-06
16260,προσωπολημπτεῖτε,1,7.269872195646801e-06
16261,ἐλεγχόμενοι,1,7.269872195646801e-06
16262,παραβάται,1,7.269872195646801e-06
16263,πταίσῃ,1,7.269872195646801e-06
16264,φονεύεις,1,7.269872195646801e-06
16265,ἀνέλεος,1,7.269872195646801e-06
16266,κατακαυχᾶται,1,7.269872195646801e-06
16267,ὑπάρχωσι(ν),1,7.269872195646801e-06
16268,ἐφημέρου,1,7.269872195646801e-06
16269,θερμαίνεσθε,1,7.269872195646801e-06
16270,χορτάζεσθε,1,7.269872195646801e-06
16271,ἐπιτήδεια,1,7.269872195646801e-06
16272,φρίσσουσι(ν),1,7.269872195646801e-06
16273,κενέ,1,7.269872195646801e-06
16274,ἀργή,1,7.269872195646801e-06
16275,συνήργει,1,7.269872195646801e-06
16276,ἐτελειώθη,1,7.269872195646801e-06
16277,ὑποδεξαμένη,1,7.269872195646801e-06
16278,ἐκβαλοῦσα,1,7.269872195646801e-06
16279,λημψόμεθα,1,7.269872195646801e-06
16280,πταίομεν,1,7.269872195646801e-06
16281,πταίει,1,7.269872195646801e-06
16282,χαλιναγωγῆσαι,1,7.269872195646801e-06
16283,χαλινούς,1,7.269872195646801e-06
16284,βάλλομεν,1,7.269872195646801e-06
16285,μετάγομεν,1,7.269872195646801e-06
16286,τηλικαῦτα,1,7.269872195646801e-06
16287,ἐλαυνόμενα,1,7.269872195646801e-06
16288,μετάγεται,1,7.269872195646801e-06
16289,ἐλαχίστου,1,7.269872195646801e-06
16290,πηδαλίου,1,7.269872195646801e-06
16291,εὐθύνοντος,1,7.269872195646801e-06
16292,αὐχεῖ,1,7.269872195646801e-06
16293,ἡλίκην,1,7.269872195646801e-06
16294,ὕλην,1,7.269872195646801e-06
16295,ἀνάπτει,1,7.269872195646801e-06
16296,σπιλοῦσα,1,7.269872195646801e-06
16297,φλογίζουσα,1,7.269872195646801e-06
16298,τροχόν,1,7.269872195646801e-06
16299,φλογιζομένη,1,7.269872195646801e-06
16300,ἐναλίων,1,7.269872195646801e-06
16301,δαμάζεται,1,7.269872195646801e-06
16302,δεδάμασται,1,7.269872195646801e-06
16303,ἀκατάστατον,1,7.269872195646801e-06
16304,ἰοῦ,1,7.269872195646801e-06
16305,θανατηφόρου,1,7.269872195646801e-06
16306,καταρώμεθα,1,7.269872195646801e-06
16307,ὁμοίωσιν,1,7.269872195646801e-06
16308,γεγονότας,1,7.269872195646801e-06
16309,χρή,1,7.269872195646801e-06
16310,ὀπῆς,1,7.269872195646801e-06
16311,βρύει,1,7.269872195646801e-06
16312,ἁλυκόν,1,7.269872195646801e-06
16313,ἐπιστήμων,1,7.269872195646801e-06
16314,δειξάτω,1,7.269872195646801e-06
16315,κατακαυχᾶσθε,1,7.269872195646801e-06
16316,κατερχομένη,1,7.269872195646801e-06
16317,ψυχική,1,7.269872195646801e-06
16318,δαιμονιώδης,1,7.269872195646801e-06
16319,ἐριθεία,1,7.269872195646801e-06
16320,ἀκαταστασία,1,7.269872195646801e-06
16321,ἁγνή,1,7.269872195646801e-06
16322,εἰρηνική,1,7.269872195646801e-06
16323,ἐπιεικής,1,7.269872195646801e-06
16324,εὐπειθής,1,7.269872195646801e-06
16325,ἀδιάκριτος,1,7.269872195646801e-06
16326,πόλεμοι,1,7.269872195646801e-06
16327,στρατευομένων,1,7.269872195646801e-06
16328,ἐπιθυμεῖτε,1,7.269872195646801e-06
16329,φονεύετε,1,7.269872195646801e-06
16330,ἐπιτυχεῖν,1,7.269872195646801e-06
16331,μάχεσθε,1,7.269872195646801e-06
16332,πολεμεῖτε,1,7.269872195646801e-06
16333,δαπανήσητε,1,7.269872195646801e-06
16334,μοιχαλίδες,1,7.269872195646801e-06
16335,φιλία,1,7.269872195646801e-06
16336,βουληθῇ,1,7.269872195646801e-06
16337,κενῶς,1,7.269872195646801e-06
16338,ἐπιποθεῖ,1,7.269872195646801e-06
16339,κατῴκισε(ν),1,7.269872195646801e-06
16340,φεύξεται,1,7.269872195646801e-06
16341,ἐγγίσατε,1,7.269872195646801e-06
16342,ἐγγιεῖ,1,7.269872195646801e-06
16343,καθαρίσατε,1,7.269872195646801e-06
16344,ἁγνίσατε,1,7.269872195646801e-06
16345,δίψυχοι,1,7.269872195646801e-06
16346,ταλαιπωρήσατε,1,7.269872195646801e-06
16347,πενθήσατε,1,7.269872195646801e-06
16348,γέλως,1,7.269872195646801e-06
16349,μετατραπήτω,1,7.269872195646801e-06
16350,κατήφειαν,1,7.269872195646801e-06
16351,καταλαλεῖτε,1,7.269872195646801e-06
16352,καταλαλῶν,1,7.269872195646801e-06
16353,καταλαλεῖ,1,7.269872195646801e-06
16354,νομοθέτης,1,7.269872195646801e-06
16355,πορευσόμεθα,1,7.269872195646801e-06
16356,τήνδε,1,7.269872195646801e-06
16357,ἐμπορευσόμεθα,1,7.269872195646801e-06
16358,κερδήσομεν,1,7.269872195646801e-06
16359,ἀτμίς,1,7.269872195646801e-06
16360,φαινομένη,1,7.269872195646801e-06
16361,ἀφανιζομένη,1,7.269872195646801e-06
16362,καυχᾶσθε,1,7.269872195646801e-06
16363,ἀλαζονείαις,1,7.269872195646801e-06
16364,εἰδότι,1,7.269872195646801e-06
16365,ὀλολύζοντες,1,7.269872195646801e-06
16366,ταλαιπωρίαις,1,7.269872195646801e-06
16367,ἐπερχομέναις,1,7.269872195646801e-06
16368,σέσηπε(ν),1,7.269872195646801e-06
16369,σητόβρωτα,1,7.269872195646801e-06
16370,ἄργυρος,1,7.269872195646801e-06
16371,κατίωται,1,7.269872195646801e-06
16372,ἐθησαυρίσατε,1,7.269872195646801e-06
16373,ἀμησάντων,1,7.269872195646801e-06
16374,ἀφυστερημένος,1,7.269872195646801e-06
16375,βοαί,1,7.269872195646801e-06
16376,θερισάντων,1,7.269872195646801e-06
16377,εἰσεληλύθασι(ν),1,7.269872195646801e-06
16378,ἐτρυφήσατε,1,7.269872195646801e-06
16379,ἐσπαταλήσατε,1,7.269872195646801e-06
16380,ἐθρέψατε,1,7.269872195646801e-06
16381,ἐκδέχεται,1,7.269872195646801e-06
16382,τίμιον,1,7.269872195646801e-06
16383,μακροθυμῶν,1,7.269872195646801e-06
16384,πρόϊμον,1,7.269872195646801e-06
16385,ὄψιμον,1,7.269872195646801e-06
16386,στηρίξατε,1,7.269872195646801e-06
16387,στενάζετε,1,7.269872195646801e-06
16388,κακοπαθίας,1,7.269872195646801e-06
16389,μακαρίζομεν,1,7.269872195646801e-06
16390,ὑπομείναντας,1,7.269872195646801e-06
16391,Ἰώβ,1,7.269872195646801e-06
16392,πολύσπλαγχνος,1,7.269872195646801e-06
16393,ὀμνύετε,1,7.269872195646801e-06
16394,πέσητε,1,7.269872195646801e-06
16395,κακοπαθεῖ,1,7.269872195646801e-06
16396,εὐθυμεῖ,1,7.269872195646801e-06
16397,ψαλλέτω,1,7.269872195646801e-06
16398,προσκαλεσάσθω,1,7.269872195646801e-06
16399,προσευξάσθωσαν,1,7.269872195646801e-06
16400,ἀλείψαντες,1,7.269872195646801e-06
16401,εὐχή,1,7.269872195646801e-06
16402,κάμνοντα,1,7.269872195646801e-06
16403,ἐξομολογεῖσθε,1,7.269872195646801e-06
16404,εὔχεσθε,1,7.269872195646801e-06
16405,ἰαθῆτε,1,7.269872195646801e-06
16406,ὁμοιοπαθής,1,7.269872195646801e-06
16407,βρέξαι,1,7.269872195646801e-06
16408,ἁμαρτωλόν,1,7.269872195646801e-06
16409,καλύψει,1,7.269872195646801e-06
16410,ἐκλεκτοῖς,1,7.269872195646801e-06
16411,παρεπιδήμοις,1,7.269872195646801e-06
16412,διασπορᾶς,1,7.269872195646801e-06
16413,Πόντου,1,7.269872195646801e-06
16414,Καππαδοκίας,1,7.269872195646801e-06
16415,Βιθυνίας,1,7.269872195646801e-06
16416,πρόγνωσιν,1,7.269872195646801e-06
16417,ῥαντισμόν,1,7.269872195646801e-06
16418,ἀναγεννήσας,1,7.269872195646801e-06
16419,ἀμίαντον,1,7.269872195646801e-06
16420,ἀμάραντον,1,7.269872195646801e-06
16421,τετηρημένην,1,7.269872195646801e-06
16422,φρουρουμένους,1,7.269872195646801e-06
16423,λυπηθέντες,1,7.269872195646801e-06
16424,πολυτιμότερον,1,7.269872195646801e-06
16425,ἀπολλυμένου,1,7.269872195646801e-06
16426,δοκιμαζομένου,1,7.269872195646801e-06
16427,ὁρῶντες,1,7.269872195646801e-06
16428,ἀνεκλαλήτῳ,1,7.269872195646801e-06
16429,δεδοξασμένῃ,1,7.269872195646801e-06
16430,κομιζόμενοι,1,7.269872195646801e-06
16431,ἐξεζήτησαν,1,7.269872195646801e-06
16432,ἐξηραύνησαν,1,7.269872195646801e-06
16433,προφητεύσαντες,1,7.269872195646801e-06
16434,ἐραυνῶντες,1,7.269872195646801e-06
16435,ἐδήλου,1,7.269872195646801e-06
16436,προμαρτυρόμενον,1,7.269872195646801e-06
16437,εὐαγγελισαμένων,1,7.269872195646801e-06
16438,ἀποσταλέντι,1,7.269872195646801e-06
16439,ἐπιθυμοῦσι(ν),1,7.269872195646801e-06
16440,παρακύψαι,1,7.269872195646801e-06
16441,ἀναζωσάμενοι,1,7.269872195646801e-06
16442,ὀσφύας,1,7.269872195646801e-06
16443,νήφοντες,1,7.269872195646801e-06
16444,τελείως,1,7.269872195646801e-06
16445,ἐλπίσατε,1,7.269872195646801e-06
16446,φερομένην,1,7.269872195646801e-06
16447,συσχηματιζόμενοι,1,7.269872195646801e-06
16448,ἀγνοίᾳ,1,7.269872195646801e-06
16449,καλέσαντα,1,7.269872195646801e-06
16450,γενήθητε,1,7.269872195646801e-06
16451,ἐπικαλεῖσθε,1,7.269872195646801e-06
16452,ἀπροσωπολήμπτως,1,7.269872195646801e-06
16453,παροικίας,1,7.269872195646801e-06
16454,ἀναστράφητε,1,7.269872195646801e-06
16455,φθαρτοῖς,1,7.269872195646801e-06
16456,ἀργυρίῳ,1,7.269872195646801e-06
16457,ἐλυτρώθητε,1,7.269872195646801e-06
16458,ματαίας,1,7.269872195646801e-06
16459,πατροπαραδότου,1,7.269872195646801e-06
16460,ἀμνοῦ,1,7.269872195646801e-06
16461,ἀμώμου,1,7.269872195646801e-06
16462,ἀσπίλου,1,7.269872195646801e-06
16463,προεγνωσμένου,1,7.269872195646801e-06
16464,ἡγνικότες,1,7.269872195646801e-06
16465,ἀνυπόκριτον,1,7.269872195646801e-06
16466,ἀγαπήσατε,1,7.269872195646801e-06
16467,ἀναγεγεννημένοι,1,7.269872195646801e-06
16468,σπορᾶς,1,7.269872195646801e-06
16469,φθαρτῆς,1,7.269872195646801e-06
16470,μένοντος,1,7.269872195646801e-06
16471,ὑποκρίσεις,1,7.269872195646801e-06
16472,φθόνους,1,7.269872195646801e-06
16473,καταλαλιάς,1,7.269872195646801e-06
16474,ἀρτιγέννητα,1,7.269872195646801e-06
16475,λογικόν,1,7.269872195646801e-06
16476,ἄδολον,1,7.269872195646801e-06
16477,ἐπιποθήσατε,1,7.269872195646801e-06
16478,αὐξηθῆτε,1,7.269872195646801e-06
16479,ἐγεύσασθε,1,7.269872195646801e-06
16480,ἀποδεδοκιμασμένον,1,7.269872195646801e-06
16481,οἰκοδομεῖσθε,1,7.269872195646801e-06
16482,ἀνενέγκαι,1,7.269872195646801e-06
16483,πνευματικάς,1,7.269872195646801e-06
16484,εὐπροσδέκτους,1,7.269872195646801e-06
16485,περιέχει,1,7.269872195646801e-06
16486,ἀκρογωνιαῖον,1,7.269872195646801e-06
16487,καταισχυνθῇ,1,7.269872195646801e-06
16488,ἀπιστοῦσι(ν),1,7.269872195646801e-06
16489,προσκόπτουσι(ν),1,7.269872195646801e-06
16490,ἀπειθοῦντες,1,7.269872195646801e-06
16491,βασίλειον,1,7.269872195646801e-06
16492,ἀρετάς,1,7.269872195646801e-06
16493,ἐξαγγείλητε,1,7.269872195646801e-06
16494,ἠλεημένοι,1,7.269872195646801e-06
16495,ἐλεηθέντες,1,7.269872195646801e-06
16496,παροίκους,1,7.269872195646801e-06
16497,παρεπιδήμους,1,7.269872195646801e-06
16498,σαρκικῶν,1,7.269872195646801e-06
16499,ἐπιθυμιῶν,1,7.269872195646801e-06
16500,στρατεύονται,1,7.269872195646801e-06
16501,καταλαλοῦσι(ν),1,7.269872195646801e-06
16502,ἐποπτεύοντες,1,7.269872195646801e-06
16503,ὑπερέχοντι,1,7.269872195646801e-06
16504,πεμπομένοις,1,7.269872195646801e-06
16505,φιμοῦν,1,7.269872195646801e-06
16506,ἐπικάλυμμα,1,7.269872195646801e-06
16507,τιμήσατε,1,7.269872195646801e-06
16508,ἀδελφότητα,1,7.269872195646801e-06
16509,τιμᾶτε,1,7.269872195646801e-06
16510,οἰκέται,1,7.269872195646801e-06
16511,ἐπιεικέσι(ν),1,7.269872195646801e-06
16512,σκολιοῖς,1,7.269872195646801e-06
16513,ὑποφέρει,1,7.269872195646801e-06
16514,λύπας,1,7.269872195646801e-06
16515,ἀδίκως,1,7.269872195646801e-06
16516,κλέος,1,7.269872195646801e-06
16517,κολαφιζόμενοι,1,7.269872195646801e-06
16518,ἀγαθοποιοῦντες,1,7.269872195646801e-06
16519,ὑπολιμπάνων,1,7.269872195646801e-06
16520,ὑπογραμμόν,1,7.269872195646801e-06
16521,ἐπακολουθήσητε,1,7.269872195646801e-06
16522,λοιδορούμενος,1,7.269872195646801e-06
16523,ἀντελοιδόρει,1,7.269872195646801e-06
16524,ἠπείλει,1,7.269872195646801e-06
16525,κρίνοντι,1,7.269872195646801e-06
16526,ἀνήνεγκε(ν),1,7.269872195646801e-06
16527,ἀπογενόμενοι,1,7.269872195646801e-06
16528,μώλωπι,1,7.269872195646801e-06
16529,ἰάθητε,1,7.269872195646801e-06
16530,ἐπεστράφητε,1,7.269872195646801e-06
16531,κερδηθήσονται,1,7.269872195646801e-06
16532,ἐποπτεύσαντες,1,7.269872195646801e-06
16533,ἐμπλοκῆς,1,7.269872195646801e-06
16534,περιθέσεως,1,7.269872195646801e-06
16535,χρυσίων,1,7.269872195646801e-06
16536,ἐνδύσεως,1,7.269872195646801e-06
16537,κρυπτός,1,7.269872195646801e-06
16538,πραέως,1,7.269872195646801e-06
16539,ἡσυχίου,1,7.269872195646801e-06
16540,πολυτελές,1,7.269872195646801e-06
16541,ἅγιαι,1,7.269872195646801e-06
16542,ἐλπίζουσαι,1,7.269872195646801e-06
16543,ἐκόσμουν,1,7.269872195646801e-06
16544,Σάρρα,1,7.269872195646801e-06
16545,καλοῦσα,1,7.269872195646801e-06
16546,ἀγαθοποιοῦσαι,1,7.269872195646801e-06
16547,φοβούμεναι,1,7.269872195646801e-06
16548,πτόησιν,1,7.269872195646801e-06
16549,συνοικοῦντες,1,7.269872195646801e-06
16550,ἀσθενεστέρῳ,1,7.269872195646801e-06
16551,γυναικείῳ,1,7.269872195646801e-06
16552,ἀπονέμοντες,1,7.269872195646801e-06
16553,συγκληρονόμοις,1,7.269872195646801e-06
16554,ἐγκόπτεσθαι,1,7.269872195646801e-06
16555,ὁμόφρονες,1,7.269872195646801e-06
16556,συμπαθεῖς,1,7.269872195646801e-06
16557,φιλάδελφοι,1,7.269872195646801e-06
16558,ταπεινόφρονες,1,7.269872195646801e-06
16559,λοιδορίαν,1,7.269872195646801e-06
16560,κληρονομήσητε,1,7.269872195646801e-06
16561,παυσάτω,1,7.269872195646801e-06
16562,ἐκκλινάτω,1,7.269872195646801e-06
16563,ζητησάτω,1,7.269872195646801e-06
16564,διωξάτω,1,7.269872195646801e-06
16565,κακώσων,1,7.269872195646801e-06
16566,πάσχοιτε,1,7.269872195646801e-06
16567,ταραχθῆτε,1,7.269872195646801e-06
16568,ἁγιάσατε,1,7.269872195646801e-06
16569,καταλαλεῖσθε,1,7.269872195646801e-06
16570,καταισχυνθῶσι(ν),1,7.269872195646801e-06
16571,ἐπηρεάζοντες,1,7.269872195646801e-06
16572,κακοποιοῦντας,1,7.269872195646801e-06
16573,προσαγάγῃ,1,7.269872195646801e-06
16574,θανατωθείς,1,7.269872195646801e-06
16575,ζῳοποιηθείς,1,7.269872195646801e-06
16576,ἀπεξεδέχετο,1,7.269872195646801e-06
16577,κατασκευαζομένης,1,7.269872195646801e-06
16578,κιβωτοῦ,1,7.269872195646801e-06
16579,ἀντίτυπον,1,7.269872195646801e-06
16580,σῴζει,1,7.269872195646801e-06
16581,ῥύπου,1,7.269872195646801e-06
16582,ἐπερώτημα,1,7.269872195646801e-06
16583,ὑποταγέντων,1,7.269872195646801e-06
16584,ἐξουσιῶν,1,7.269872195646801e-06
16585,παθόντος,1,7.269872195646801e-06
16586,ἔννοιαν,1,7.269872195646801e-06
16587,ὁπλίσασθε,1,7.269872195646801e-06
16588,παθών,1,7.269872195646801e-06
16589,πέπαυται,1,7.269872195646801e-06
16590,ἐπίλοιπον,1,7.269872195646801e-06
16591,βιῶσαι,1,7.269872195646801e-06
16592,ἀρκετός,1,7.269872195646801e-06
16593,παρεληλυθώς,1,7.269872195646801e-06
16594,βούλημα,1,7.269872195646801e-06
16595,κατειργάσθαι,1,7.269872195646801e-06
16596,πεπορευμένους,1,7.269872195646801e-06
16597,οἰνοφλυγίαις,1,7.269872195646801e-06
16598,πότοις,1,7.269872195646801e-06
16599,ἀθεμίτοις,1,7.269872195646801e-06
16600,εἰδωλολατρίαις,1,7.269872195646801e-06
16601,ξενίζονται,1,7.269872195646801e-06
16602,συντρεχόντων,1,7.269872195646801e-06
16603,ἀνάχυσιν,1,7.269872195646801e-06
16604,κρῖναι,1,7.269872195646801e-06
16605,εὐηγγελίσθη,1,7.269872195646801e-06
16606,σωφρονήσατε,1,7.269872195646801e-06
16607,ἐκτενῆ,1,7.269872195646801e-06
16608,φιλόξενοι,1,7.269872195646801e-06
16609,γογγυσμοῦ,1,7.269872195646801e-06
16610,καλοί,1,7.269872195646801e-06
16611,οἰκονόμοι,1,7.269872195646801e-06
16612,ποικίλης,1,7.269872195646801e-06
16613,διακονεῖ,1,7.269872195646801e-06
16614,χορηγεῖ,1,7.269872195646801e-06
16615,ξενίζεσθε,1,7.269872195646801e-06
16616,πυρώσει,1,7.269872195646801e-06
16617,γινομένῃ,1,7.269872195646801e-06
16618,ξένου,1,7.269872195646801e-06
16619,συμβαίνοντος,1,7.269872195646801e-06
16620,κοινωνεῖτε,1,7.269872195646801e-06
16621,ἀγαλλιώμενοι,1,7.269872195646801e-06
16622,ὀνειδίζεσθε,1,7.269872195646801e-06
16623,ἀναπαύεται,1,7.269872195646801e-06
16624,πασχέτω,1,7.269872195646801e-06
16625,κακοποιός,1,7.269872195646801e-06
16626,ἀλλοτριεπίσκοπος,1,7.269872195646801e-06
16627,Χριστιανός,1,7.269872195646801e-06
16628,αἰσχυνέσθω,1,7.269872195646801e-06
16629,δοξαζέτω,1,7.269872195646801e-06
16630,σῴζεται,1,7.269872195646801e-06
16631,ἀσεβής,1,7.269872195646801e-06
16632,φανεῖται,1,7.269872195646801e-06
16633,κτίστῃ,1,7.269872195646801e-06
16634,παρατιθέσθωσαν,1,7.269872195646801e-06
16635,ἀγαθοποιΐᾳ,1,7.269872195646801e-06
16636,συμπρεσβύτερος,1,7.269872195646801e-06
16637,ἀποκαλύπτεσθαι,1,7.269872195646801e-06
16638,ποιμάνατε,1,7.269872195646801e-06
16639,ἀναγκαστῶς,1,7.269872195646801e-06
16640,αἰσχροκερδῶς,1,7.269872195646801e-06
16641,προθύμως,1,7.269872195646801e-06
16642,κατακυριεύοντες,1,7.269872195646801e-06
16643,κλήρων,1,7.269872195646801e-06
16644,ἀρχιποίμενος,1,7.269872195646801e-06
16645,κομιεῖσθε,1,7.269872195646801e-06
16646,ἀμαράντινον,1,7.269872195646801e-06
16647,ἐγκομβώσασθε,1,7.269872195646801e-06
16648,κραταιάν,1,7.269872195646801e-06
16649,ὑψώσῃ,1,7.269872195646801e-06
16650,μέριμναν,1,7.269872195646801e-06
16651,γρηγορήσατε,1,7.269872195646801e-06
16652,ὠρυόμενος,1,7.269872195646801e-06
16653,καταπιεῖν,1,7.269872195646801e-06
16654,στερεοί,1,7.269872195646801e-06
16655,ἀδελφότητι,1,7.269872195646801e-06
16656,ἐπιτελεῖσθαι,1,7.269872195646801e-06
16657,παθόντας,1,7.269872195646801e-06
16658,καταρτίσει,1,7.269872195646801e-06
16659,σθενώσει,1,7.269872195646801e-06
16660,θεμελιώσει,1,7.269872195646801e-06
16661,ἐπιμαρτυρῶν,1,7.269872195646801e-06
16662,Βαβυλῶνι,1,7.269872195646801e-06
16663,συνεκλεκτή,1,7.269872195646801e-06
16664,ἰσότιμον,1,7.269872195646801e-06
16665,λαχοῦσι(ν),1,7.269872195646801e-06
16666,δεδωρημένης,1,7.269872195646801e-06
16667,τίμια,1,7.269872195646801e-06
16668,μέγιστα,1,7.269872195646801e-06
16669,ἐπαγγέλματα,1,7.269872195646801e-06
16670,δεδώρηται,1,7.269872195646801e-06
16671,παρεισενέγκαντες,1,7.269872195646801e-06
16672,ἐπιχορηγήσατε,1,7.269872195646801e-06
16673,ἀρετήν,1,7.269872195646801e-06
16674,ἐγκράτειαν,1,7.269872195646801e-06
16675,ἐγκρατείᾳ,1,7.269872195646801e-06
16676,ἀκάρπους,1,7.269872195646801e-06
16677,μυωπάζων,1,7.269872195646801e-06
16678,λήθην,1,7.269872195646801e-06
16679,πταίσητε,1,7.269872195646801e-06
16680,ἐπιχορηγηθήσεται,1,7.269872195646801e-06
16681,εἴσοδος,1,7.269872195646801e-06
16682,μελλήσω,1,7.269872195646801e-06
16683,ὑπομιμνῄσκειν,1,7.269872195646801e-06
16684,ἐστηριγμένους,1,7.269872195646801e-06
16685,παρούσῃ,1,7.269872195646801e-06
16686,σκηνώματι,1,7.269872195646801e-06
16687,διεγείρειν,1,7.269872195646801e-06
16688,ταχινή,1,7.269872195646801e-06
16689,σκηνώματος,1,7.269872195646801e-06
16690,ἐδήλωσε(ν),1,7.269872195646801e-06
16691,σπουδάσω,1,7.269872195646801e-06
16692,ἑκάστοτε,1,7.269872195646801e-06
16693,μνήμην,1,7.269872195646801e-06
16694,σεσοφισμένοις,1,7.269872195646801e-06
16695,ἐγνωρίσαμεν,1,7.269872195646801e-06
16696,ἐπόπται,1,7.269872195646801e-06
16697,ἐνεχθείσης,1,7.269872195646801e-06
16698,τοιᾶσδε,1,7.269872195646801e-06
16699,μεγαλοπρεποῦς,1,7.269872195646801e-06
16700,ἐνεχθεῖσαν,1,7.269872195646801e-06
16701,βεβαιότερον,1,7.269872195646801e-06
16702,προφητικόν,1,7.269872195646801e-06
16703,λύχνῳ,1,7.269872195646801e-06
16704,φαίνοντι,1,7.269872195646801e-06
16705,αὐχμηρῷ,1,7.269872195646801e-06
16706,διαυγάσῃ,1,7.269872195646801e-06
16707,φωσφόρος,1,7.269872195646801e-06
16708,ἀνατείλῃ,1,7.269872195646801e-06
16709,ἐπιλύσεως,1,7.269872195646801e-06
16710,φερόμενοι,1,7.269872195646801e-06
16711,ψευδοδιδάσκαλοι,1,7.269872195646801e-06
16712,παρεισάξουσι(ν),1,7.269872195646801e-06
16713,ἀγοράσαντα,1,7.269872195646801e-06
16714,ἐπάγοντες,1,7.269872195646801e-06
16715,ταχινήν,1,7.269872195646801e-06
16716,ἐξακολουθήσουσι(ν),1,7.269872195646801e-06
16717,βλασφημηθήσεται,1,7.269872195646801e-06
16718,πλαστοῖς,1,7.269872195646801e-06
16719,ἐμπορεύσονται,1,7.269872195646801e-06
16720,ἀργεῖ,1,7.269872195646801e-06
16721,νυστάζει,1,7.269872195646801e-06
16722,ἁμαρτησάντων,1,7.269872195646801e-06
16723,σειραῖς,1,7.269872195646801e-06
16724,ζόφου,1,7.269872195646801e-06
16725,ταρταρώσας,1,7.269872195646801e-06
16726,τηρουμένους,1,7.269872195646801e-06
16727,ἀρχαίου,1,7.269872195646801e-06
16728,ὄγδοον,1,7.269872195646801e-06
16729,κήρυκα,1,7.269872195646801e-06
16730,ἐφύλαξε(ν),1,7.269872195646801e-06
16731,κατακλυσμόν,1,7.269872195646801e-06
16732,ἐπάξας,1,7.269872195646801e-06
16733,Γομόρρας,1,7.269872195646801e-06
16734,τεφρώσας,1,7.269872195646801e-06
16735,τεθεικώς,1,7.269872195646801e-06
16736,καταπονούμενον,1,7.269872195646801e-06
16737,βλέμματι,1,7.269872195646801e-06
16738,ἐγκατοικῶν,1,7.269872195646801e-06
16739,ἐβασάνιζε(ν),1,7.269872195646801e-06
16740,εὐσεβεῖς,1,7.269872195646801e-06
16741,ῥύεσθαι,1,7.269872195646801e-06
16742,κολαζομένους,1,7.269872195646801e-06
16743,μιασμοῦ,1,7.269872195646801e-06
16744,καταφρονοῦντας,1,7.269872195646801e-06
16745,τολμηταί,1,7.269872195646801e-06
16746,αὐθάδεις,1,7.269872195646801e-06
16747,τρέμουσι(ν),1,7.269872195646801e-06
16748,μείζονες,1,7.269872195646801e-06
16749,γεγεννημένα,1,7.269872195646801e-06
16750,φυσικά,1,7.269872195646801e-06
16751,ἅλωσιν,1,7.269872195646801e-06
16752,φθαρήσονται,1,7.269872195646801e-06
16753,ἀδικούμενοι,1,7.269872195646801e-06
16754,ἡδονήν,1,7.269872195646801e-06
16755,τρυφήν,1,7.269872195646801e-06
16756,σπίλοι,1,7.269872195646801e-06
16757,μῶμοι,1,7.269872195646801e-06
16758,ἐντρυφῶντες,1,7.269872195646801e-06
16759,ἀπάταις,1,7.269872195646801e-06
16760,μοιχαλίδος,1,7.269872195646801e-06
16761,ἀκαταπαύστους,1,7.269872195646801e-06
16762,δελεάζοντες,1,7.269872195646801e-06
16763,ἀστηρίκτους,1,7.269872195646801e-06
16764,γεγυμνασμένην,1,7.269872195646801e-06
16765,Βοσόρ,1,7.269872195646801e-06
16766,ἔλεγξιν,1,7.269872195646801e-06
16767,παρανομίας,1,7.269872195646801e-06
16768,ὑποζύγιον,1,7.269872195646801e-06
16769,φθεγξάμενον,1,7.269872195646801e-06
16770,παραφρονίαν,1,7.269872195646801e-06
16771,πηγαί,1,7.269872195646801e-06
16772,ὁμίχλαι,1,7.269872195646801e-06
16773,λαίλαπος,1,7.269872195646801e-06
16774,ἐλαυνόμεναι,1,7.269872195646801e-06
16775,ματαιότητος,1,7.269872195646801e-06
16776,φθεγγόμενοι,1,7.269872195646801e-06
16777,δελεάζουσι(ν),1,7.269872195646801e-06
16778,ὀλίγως,1,7.269872195646801e-06
16779,ἀποφεύγοντας,1,7.269872195646801e-06
16780,ἀναστρεφομένους,1,7.269872195646801e-06
16781,ἥττηται,1,7.269872195646801e-06
16782,μιάσματα,1,7.269872195646801e-06
16783,ἐμπλακέντες,1,7.269872195646801e-06
16784,ἡττῶνται,1,7.269872195646801e-06
16785,ἐπεγνωκέναι,1,7.269872195646801e-06
16786,ἐπιγνοῦσι(ν),1,7.269872195646801e-06
16787,παραδοθείσης,1,7.269872195646801e-06
16788,συμβέβηκε(ν),1,7.269872195646801e-06
16789,ἀληθοῦς,1,7.269872195646801e-06
16790,παροιμίας,1,7.269872195646801e-06
16791,κύων,1,7.269872195646801e-06
16792,ἐξέραμα,1,7.269872195646801e-06
16793,ὗς,1,7.269872195646801e-06
16794,λουσαμένη,1,7.269872195646801e-06
16795,κυλισμόν,1,7.269872195646801e-06
16796,βορβόρου,1,7.269872195646801e-06
16797,διεγείρω,1,7.269872195646801e-06
16798,εἰλικρινῆ,1,7.269872195646801e-06
16799,ἐμπαιγμονῇ,1,7.269872195646801e-06
16800,διαμένει,1,7.269872195646801e-06
16801,λανθάνει,1,7.269872195646801e-06
16802,θέλοντας,1,7.269872195646801e-06
16803,συνεστῶσα,1,7.269872195646801e-06
16804,κατακλυσθείς,1,7.269872195646801e-06
16805,τεθησαυρισμένοι,1,7.269872195646801e-06
16806,τηρούμενοι,1,7.269872195646801e-06
16807,λανθανέτω,1,7.269872195646801e-06
16808,βραδύνει,1,7.269872195646801e-06
16809,βραδύτητα,1,7.269872195646801e-06
16810,ἡγοῦνται,1,7.269872195646801e-06
16811,χωρῆσαι,1,7.269872195646801e-06
16812,ῥοιζηδόν,1,7.269872195646801e-06
16813,εὑρεθήσεται,1,7.269872195646801e-06
16814,λυομένων,1,7.269872195646801e-06
16815,ποταπούς,1,7.269872195646801e-06
16816,ἀναστροφαῖς,1,7.269872195646801e-06
16817,εὐσεβείαις,1,7.269872195646801e-06
16818,προσδοκῶντας,1,7.269872195646801e-06
16819,σπεύδοντας,1,7.269872195646801e-06
16820,πυρούμενοι,1,7.269872195646801e-06
16821,λυθήσονται,1,7.269872195646801e-06
16822,τήκεται,1,7.269872195646801e-06
16823,ἐπάγγελμα,1,7.269872195646801e-06
16824,ἄσπιλοι,1,7.269872195646801e-06
16825,ἀμώμητοι,1,7.269872195646801e-06
16826,εὑρεθῆναι,1,7.269872195646801e-06
16827,ἐπιστολαῖς,1,7.269872195646801e-06
16828,δυσνόητα,1,7.269872195646801e-06
16829,ἀμαθεῖς,1,7.269872195646801e-06
16830,ἀστήρικτοι,1,7.269872195646801e-06
16831,στρεβλοῦσι(ν),1,7.269872195646801e-06
16832,συναπαχθέντες,1,7.269872195646801e-06
16833,ἐκπέσητε,1,7.269872195646801e-06
16834,στηριγμοῦ,1,7.269872195646801e-06
16835,αὐξάνετε,1,7.269872195646801e-06
16836,ἐψηλάφησαν,1,7.269872195646801e-06
16837,ἡμετέρα,1,7.269872195646801e-06
16838,ἀναγγέλλομεν,1,7.269872195646801e-06
16839,ψευδόμεθα,1,7.269872195646801e-06
16840,καθαρίζει,1,7.269872195646801e-06
16841,πλανῶμεν,1,7.269872195646801e-06
16842,ὁμολογῶμεν,1,7.269872195646801e-06
16843,ἡμαρτήκαμεν,1,7.269872195646801e-06
16844,ἁμάρτητε,1,7.269872195646801e-06
16845,ἱλασμός,1,7.269872195646801e-06
16846,ἡμετέρων,1,7.269872195646801e-06
16847,τηρῇ,1,7.269872195646801e-06
16848,ἀλαζονεία,1,7.269872195646801e-06
16849,ἀντίχριστοι,1,7.269872195646801e-06
16850,μεμενήκεισαν,1,7.269872195646801e-06
16851,φανερωθῶσι(ν),1,7.269872195646801e-06
16852,ὁμολογῶν,1,7.269872195646801e-06
16853,πλανώντων,1,7.269872195646801e-06
16854,διδάσκῃ,1,7.269872195646801e-06
16855,αἰσχυνθῶμεν,1,7.269872195646801e-06
16856,ποταπήν,1,7.269872195646801e-06
16857,κληθῶμεν,1,7.269872195646801e-06
16858,ὀψόμεθα,1,7.269872195646801e-06
16859,ἁγνίζει,1,7.269872195646801e-06
16860,ἁγνός,1,7.269872195646801e-06
16861,ἀνομία,1,7.269872195646801e-06
16862,ἁμαρτάνων,1,7.269872195646801e-06
16863,πλανάτω,1,7.269872195646801e-06
16864,ἁμαρτάνειν,1,7.269872195646801e-06
16865,μεταβεβήκαμεν,1,7.269872195646801e-06
16866,θεωρῇ,1,7.269872195646801e-06
16867,κλείσῃ,1,7.269872195646801e-06
16868,γνωσόμεθα,1,7.269872195646801e-06
16869,αἰτῶμεν,1,7.269872195646801e-06
16870,τηροῦμεν,1,7.269872195646801e-06
16871,ἐξεληλύθασι(ν),1,7.269872195646801e-06
16872,ἀντιχρίστου,1,7.269872195646801e-06
16873,ἠγαπήκαμεν,1,7.269872195646801e-06
16874,ἱλασμόν,1,7.269872195646801e-06
16875,τεθέαται,1,7.269872195646801e-06
16876,τετελειωμένη,1,7.269872195646801e-06
16877,μένομεν,1,7.269872195646801e-06
16878,τεθεάμεθα,1,7.269872195646801e-06
16879,τελεία,1,7.269872195646801e-06
16880,μισῇ,1,7.269872195646801e-06
16881,γεννήσαντα,1,7.269872195646801e-06
16882,ἐντολαί,1,7.269872195646801e-06
16883,νικᾷ,1,7.269872195646801e-06
16884,νίκη,1,7.269872195646801e-06
16885,νικήσασα,1,7.269872195646801e-06
16886,μαρτυροῦν,1,7.269872195646801e-06
16887,μαρτυροῦντες,1,7.269872195646801e-06
16888,ᾐτήκαμεν,1,7.269872195646801e-06
16889,ἁμαρτάνοντα,1,7.269872195646801e-06
16890,ἁμαρτάνουσι(ν),1,7.269872195646801e-06
16891,ἐρωτήσῃ,1,7.269872195646801e-06
16892,γινώσκωμεν,1,7.269872195646801e-06
16893,φυλάξατε,1,7.269872195646801e-06
16894,ἑαυτά,1,7.269872195646801e-06
16895,ἐκλεκτῇ,1,7.269872195646801e-06
16896,κυρίᾳ,1,7.269872195646801e-06
16897,ἐγνωκότες,1,7.269872195646801e-06
16898,κυρία,1,7.269872195646801e-06
16899,γράφων,1,7.269872195646801e-06
16900,ὁμολογοῦντες,1,7.269872195646801e-06
16901,ἀπολέσητε,1,7.269872195646801e-06
16902,εἰργασάμεθα,1,7.269872195646801e-06
16903,πλήρη,1,7.269872195646801e-06
16904,ἀπολάβητε,1,7.269872195646801e-06
16905,κοινωνεῖ,1,7.269872195646801e-06
16906,ἐβουλήθην,1,7.269872195646801e-06
16907,χάρτου,1,7.269872195646801e-06
16908,ἐκλεκτῆς,1,7.269872195646801e-06
16909,Γαΐῳ,1,7.269872195646801e-06
16910,εὔχομαι,1,7.269872195646801e-06
16911,εὐοδοῦσθαι,1,7.269872195646801e-06
16912,ὑγιαίνειν,1,7.269872195646801e-06
16913,εὐοδοῦται,1,7.269872195646801e-06
16914,ἐρχομένων,1,7.269872195646801e-06
16915,μαρτυρούντων,1,7.269872195646801e-06
16916,μειζοτέραν,1,7.269872195646801e-06
16917,ἐργάσῃ,1,7.269872195646801e-06
16918,ξένους,1,7.269872195646801e-06
16919,ἐμαρτύρησαν,1,7.269872195646801e-06
16920,προπέμψας,1,7.269872195646801e-06
16921,ἐθνικῶν,1,7.269872195646801e-06
16922,ὑπολαμβάνειν,1,7.269872195646801e-06
16923,φιλοπρωτεύων,1,7.269872195646801e-06
16924,Διοτρέφης,1,7.269872195646801e-06
16925,ὑπομνήσω,1,7.269872195646801e-06
16926,φλυαρῶν,1,7.269872195646801e-06
16927,ἀρκούμενος,1,7.269872195646801e-06
16928,βουλομένους,1,7.269872195646801e-06
16929,μιμοῦ,1,7.269872195646801e-06
16930,Δημητρίῳ,1,7.269872195646801e-06
16931,καλάμου,1,7.269872195646801e-06
16932,λαλήσομεν,1,7.269872195646801e-06
16933,ἀσπάζου,1,7.269872195646801e-06
16934,ἠγαπημένοις,1,7.269872195646801e-06
16935,τετηρημένοις,1,7.269872195646801e-06
16936,κοινῆς,1,7.269872195646801e-06
16937,ἐπαγωνίζεσθαι,1,7.269872195646801e-06
16938,παραδοθείσῃ,1,7.269872195646801e-06
16939,παρεισέδυσαν,1,7.269872195646801e-06
16940,προγεγραμμένοι,1,7.269872195646801e-06
16941,μετατιθέντες,1,7.269872195646801e-06
16942,ἀσέλγειαν,1,7.269872195646801e-06
16943,ὑπομνῆσαι,1,7.269872195646801e-06
16944,σώσας,1,7.269872195646801e-06
16945,πιστεύσαντας,1,7.269872195646801e-06
16946,τηρήσαντας,1,7.269872195646801e-06
16947,ἀπολιπόντας,1,7.269872195646801e-06
16948,ἀϊδίοις,1,7.269872195646801e-06
16949,ζόφον,1,7.269872195646801e-06
16950,τετήρηκε(ν),1,7.269872195646801e-06
16951,ἐκπορνεύσασαι,1,7.269872195646801e-06
16952,πρόκεινται,1,7.269872195646801e-06
16953,δεῖγμα,1,7.269872195646801e-06
16954,ὑπέχουσαι,1,7.269872195646801e-06
16955,ἐνυπνιαζόμενοι,1,7.269872195646801e-06
16956,μιαίνουσι(ν),1,7.269872195646801e-06
16957,κυριότητα,1,7.269872195646801e-06
16958,ἀθετοῦσι(ν),1,7.269872195646801e-06
16959,ἀρχάγγελος,1,7.269872195646801e-06
16960,ἐπενεγκεῖν,1,7.269872195646801e-06
16961,ἐπιτιμήσαι,1,7.269872195646801e-06
16962,φυσικῶς,1,7.269872195646801e-06
16963,φθείρονται,1,7.269872195646801e-06
16964,ἐξεχύθησαν,1,7.269872195646801e-06
16965,ἀντιλογίᾳ,1,7.269872195646801e-06
16966,Κόρε,1,7.269872195646801e-06
16967,ἀγάπαις,1,7.269872195646801e-06
16968,σπιλάδες,1,7.269872195646801e-06
16969,ποιμαίνοντες,1,7.269872195646801e-06
16970,νεφέλαι,1,7.269872195646801e-06
16971,παραφερόμεναι,1,7.269872195646801e-06
16972,φθινοπωρινά,1,7.269872195646801e-06
16973,ἄκαρπα,1,7.269872195646801e-06
16974,ἀποθανόντα,1,7.269872195646801e-06
16975,ἐκριζωθέντα,1,7.269872195646801e-06
16976,ἄγρια,1,7.269872195646801e-06
16977,ἐπαφρίζοντα,1,7.269872195646801e-06
16978,αἰσχύνας,1,7.269872195646801e-06
16979,πλανῆται,1,7.269872195646801e-06
16980,προεφήτευσε(ν),1,7.269872195646801e-06
16981,ἐλέγξαι,1,7.269872195646801e-06
16982,ἠσέβησαν,1,7.269872195646801e-06
16983,γογγυσταί,1,7.269872195646801e-06
16984,μεμψίμοιροι,1,7.269872195646801e-06
16985,ὠφελείας,1,7.269872195646801e-06
16986,ἀσεβειῶν,1,7.269872195646801e-06
16987,ἀποδιορίζοντες,1,7.269872195646801e-06
16988,ψυχικοί,1,7.269872195646801e-06
16989,ἐποικοδομοῦντες,1,7.269872195646801e-06
16990,ἁγιωτάτῃ,1,7.269872195646801e-06
16991,τηρήσατε,1,7.269872195646801e-06
16992,διακρινομένους,1,7.269872195646801e-06
16993,σῴζετε,1,7.269872195646801e-06
16994,ἁρπάζοντες,1,7.269872195646801e-06
16995,ἐσπιλωμένον,1,7.269872195646801e-06
16996,ἀπταίστους,1,7.269872195646801e-06
16997,μεγαλωσύνη,1,7.269872195646801e-06
16998,ἀποκάλυψις,1,7.269872195646801e-06
16999,ἀγαπῶντι,1,7.269872195646801e-06
17000,λύσαντι,1,7.269872195646801e-06
17001,Πάτμῳ,1,7.269872195646801e-06
17002,κυριακῇ,1,7.269872195646801e-06
17003,Σμύρναν,1,7.269872195646801e-06
17004,Πέργαμον,1,7.269872195646801e-06
17005,Θυάτειρα,1,7.269872195646801e-06
17006,Σάρδεις,1,7.269872195646801e-06
17007,Φιλαδέλφειαν,1,7.269872195646801e-06
17008,Λαοδίκειαν,1,7.269872195646801e-06
17009,ἐπέστρεψα,1,7.269872195646801e-06
17010,ποδήρη,1,7.269872195646801e-06
17011,περιεζωσμένον,1,7.269872195646801e-06
17012,μαστοῖς,1,7.269872195646801e-06
17013,χρυσᾶν,1,7.269872195646801e-06
17014,ἔριον,1,7.269872195646801e-06
17015,καμίνῳ,1,7.269872195646801e-06
17016,πεπυρωμένης,1,7.269872195646801e-06
17017,δίστομος,1,7.269872195646801e-06
17018,ἐκπορευομένη,1,7.269872195646801e-06
17019,κλεῖς,1,7.269872195646801e-06
17020,χρυσῶν,1,7.269872195646801e-06
17021,ἐπείρασας,1,7.269872195646801e-06
17022,κεκοπίακες,1,7.269872195646801e-06
17023,ἀφῆκες,1,7.269872195646801e-06
17024,πέπτωκας,1,7.269872195646801e-06
17025,κινήσω,1,7.269872195646801e-06
17026,μετανοήσῃς,1,7.269872195646801e-06
17027,μισεῖς,1,7.269872195646801e-06
17028,Σμύρνῃ,1,7.269872195646801e-06
17029,πτωχείαν,1,7.269872195646801e-06
17030,βάλλειν,1,7.269872195646801e-06
17031,πειρασθῆτε,1,7.269872195646801e-06
17032,ἕξετε,1,7.269872195646801e-06
17033,ἀδικηθῇ,1,7.269872195646801e-06
17034,Περγάμῳ,1,7.269872195646801e-06
17035,ῥομφαίαν,1,7.269872195646801e-06
17036,ὀξεῖαν,1,7.269872195646801e-06
17037,κατοικεῖς,1,7.269872195646801e-06
17038,κρατεῖς,1,7.269872195646801e-06
17039,Ἀντιπᾶς,1,7.269872195646801e-06
17040,ἀπεκτάνθη,1,7.269872195646801e-06
17041,Βαλάκ,1,7.269872195646801e-06
17042,πολεμήσω,1,7.269872195646801e-06
17043,κεκρυμμένου,1,7.269872195646801e-06
17044,ἀφεῖς,1,7.269872195646801e-06
17045,Ἰεζάβελ,1,7.269872195646801e-06
17046,προφῆτιν,1,7.269872195646801e-06
17047,μετανοῆσαι,1,7.269872195646801e-06
17048,μοιχεύοντας,1,7.269872195646801e-06
17049,μετανοήσωσι(ν),1,7.269872195646801e-06
17050,ἀποκτενῶ,1,7.269872195646801e-06
17051,νεφρούς,1,7.269872195646801e-06
17052,βαθέα,1,7.269872195646801e-06
17053,κεραμικά,1,7.269872195646801e-06
17054,συντρίβεται,1,7.269872195646801e-06
17055,εἴληφα,1,7.269872195646801e-06
17056,πρωϊνόν,1,7.269872195646801e-06
17057,πεπληρωμένα,1,7.269872195646801e-06
17058,γρηγορήσῃς,1,7.269872195646801e-06
17059,γνῷς,1,7.269872195646801e-06
17060,ποίαν,1,7.269872195646801e-06
17061,ἐμόλυναν,1,7.269872195646801e-06
17062,περιβαλεῖται,1,7.269872195646801e-06
17063,ἐξαλείψω,1,7.269872195646801e-06
17064,βίβλου,1,7.269872195646801e-06
17065,Φιλαδελφείᾳ,1,7.269872195646801e-06
17066,ἀνοίγων,1,7.269872195646801e-06
17067,κλείσει,1,7.269872195646801e-06
17068,κλείων,1,7.269872195646801e-06
17069,ἠνεῳγμένην,1,7.269872195646801e-06
17070,μικράν,1,7.269872195646801e-06
17071,διδῶ,1,7.269872195646801e-06
17072,ψεύδονται,1,7.269872195646801e-06
17073,γνῶσι(ν),1,7.269872195646801e-06
17074,στῦλον,1,7.269872195646801e-06
17075,καταβαίνουσα,1,7.269872195646801e-06
17076,χλιαρός,1,7.269872195646801e-06
17077,ἐμέσαι,1,7.269872195646801e-06
17078,πεπλούτηκα,1,7.269872195646801e-06
17079,ἐλεεινός,1,7.269872195646801e-06
17080,συμβουλεύω,1,7.269872195646801e-06
17081,πεπυρωμένον,1,7.269872195646801e-06
17082,πλουτήσῃς,1,7.269872195646801e-06
17083,περιβάλῃ,1,7.269872195646801e-06
17084,αἰσχύνη,1,7.269872195646801e-06
17085,γυμνότητος,1,7.269872195646801e-06
17086,κολλούριον,1,7.269872195646801e-06
17087,ἐγχρῖσαι,1,7.269872195646801e-06
17088,βλέπῃς,1,7.269872195646801e-06
17089,ἐλέγχω,1,7.269872195646801e-06
17090,παιδεύω,1,7.269872195646801e-06
17091,ζήλευε,1,7.269872195646801e-06
17092,κρούω,1,7.269872195646801e-06
17093,εἰσελεύσομαι,1,7.269872195646801e-06
17094,ἐνίκησα,1,7.269872195646801e-06
17095,ἐκάθισα,1,7.269872195646801e-06
17096,ἠνεῳγμένη,1,7.269872195646801e-06
17097,λαλούσης,1,7.269872195646801e-06
17098,ἀνάβα,1,7.269872195646801e-06
17099,σαρδίῳ,1,7.269872195646801e-06
17100,σμαραγδίνῳ,1,7.269872195646801e-06
17101,χρυσοῦς,1,7.269872195646801e-06
17102,καιόμεναι,1,7.269872195646801e-06
17103,ὑαλίνη,1,7.269872195646801e-06
17104,κρυστάλλῳ,1,7.269872195646801e-06
17105,λέοντι,1,7.269872195646801e-06
17106,μόσχῳ,1,7.269872195646801e-06
17107,ἀετῷ,1,7.269872195646801e-06
17108,πετομένῳ,1,7.269872195646801e-06
17109,ἔκτισας,1,7.269872195646801e-06
17110,ἐκτίσθησαν,1,7.269872195646801e-06
17111,κατεσφραγισμένον,1,7.269872195646801e-06
17112,σφραγῖσι(ν),1,7.269872195646801e-06
17113,κηρύσσοντα,1,7.269872195646801e-06
17114,ἐνίκησε(ν),1,7.269872195646801e-06
17115,ἑστηκός,1,7.269872195646801e-06
17116,κιθάραν,1,7.269872195646801e-06
17117,ἐσφάγης,1,7.269872195646801e-06
17118,ἠγόρασας,1,7.269872195646801e-06
17119,βασιλεύουσι(ν),1,7.269872195646801e-06
17120,ἰσχύν,1,7.269872195646801e-06
17121,σφραγίδων,1,7.269872195646801e-06
17122,τόξον,1,7.269872195646801e-06
17123,σφάξουσι(ν),1,7.269872195646801e-06
17124,χοῖνιξ,1,7.269872195646801e-06
17125,χοίνικες,1,7.269872195646801e-06
17126,κριθῶν,1,7.269872195646801e-06
17127,ἀδικήσῃς,1,7.269872195646801e-06
17128,τετάρτου,1,7.269872195646801e-06
17129,πέμπτην,1,7.269872195646801e-06
17130,δεσπότης,1,7.269872195646801e-06
17131,ἐκδικεῖς,1,7.269872195646801e-06
17132,στολή,1,7.269872195646801e-06
17133,ἀναπαύσονται,1,7.269872195646801e-06
17134,ἀποκτέννεσθαι,1,7.269872195646801e-06
17135,σάκκος,1,7.269872195646801e-06
17136,τρίχινος,1,7.269872195646801e-06
17137,ὀλύνθους,1,7.269872195646801e-06
17138,σειομένη,1,7.269872195646801e-06
17139,ἀπεχωρίσθη,1,7.269872195646801e-06
17140,ἑλισσόμενον,1,7.269872195646801e-06
17141,ἐκινήθησαν,1,7.269872195646801e-06
17142,χιλίαρχοι,1,7.269872195646801e-06
17143,ἔκρυψαν,1,7.269872195646801e-06
17144,σπήλαια,1,7.269872195646801e-06
17145,ὀρέων,1,7.269872195646801e-06
17146,πέτραις,1,7.269872195646801e-06
17147,κρύψατε,1,7.269872195646801e-06
17148,πνέῃ,1,7.269872195646801e-06
17149,ἀδικήσητε,1,7.269872195646801e-06
17150,σφραγίσωμεν,1,7.269872195646801e-06
17151,ἐσφραγισμένων,1,7.269872195646801e-06
17152,Ῥουβήν,1,7.269872195646801e-06
17153,Γάδ,1,7.269872195646801e-06
17154,Ἰσσαχάρ,1,7.269872195646801e-06
17155,ἀριθμῆσαι,1,7.269872195646801e-06
17156,φοίνικες,1,7.269872195646801e-06
17157,κράζουσι(ν),1,7.269872195646801e-06
17158,ἰσχύς,1,7.269872195646801e-06
17159,ἔπλυναν,1,7.269872195646801e-06
17160,ἐλεύκαναν,1,7.269872195646801e-06
17161,πεινάσουσι(ν),1,7.269872195646801e-06
17162,διψήσουσι(ν),1,7.269872195646801e-06
17163,σιγή,1,7.269872195646801e-06
17164,ἡμιώριον,1,7.269872195646801e-06
17165,σάλπιγγες,1,7.269872195646801e-06
17166,ἐγέμισε(ν),1,7.269872195646801e-06
17167,σάλπιγγας,1,7.269872195646801e-06
17168,σαλπίσωσι(ν),1,7.269872195646801e-06
17169,μεμιγμένα,1,7.269872195646801e-06
17170,καιόμενον,1,7.269872195646801e-06
17171,διεφθάρησαν,1,7.269872195646801e-06
17172,λαμπάς,1,7.269872195646801e-06
17173,Ἄψινθος,1,7.269872195646801e-06
17174,ἄψινθον,1,7.269872195646801e-06
17175,ἐπικράνθησαν,1,7.269872195646801e-06
17176,ἐπλήγη,1,7.269872195646801e-06
17177,σκοτισθῇ,1,7.269872195646801e-06
17178,πετομένου,1,7.269872195646801e-06
17179,πεπτωκότα,1,7.269872195646801e-06
17180,κλείς,1,7.269872195646801e-06
17181,καμίνου,1,7.269872195646801e-06
17182,ἐσκοτώθη,1,7.269872195646801e-06
17183,ἀήρ,1,7.269872195646801e-06
17184,σκορπίοι,1,7.269872195646801e-06
17185,ἀδικήσουσι(ν),1,7.269872195646801e-06
17186,χλωρόν,1,7.269872195646801e-06
17187,σκορπίου,1,7.269872195646801e-06
17188,παίσῃ,1,7.269872195646801e-06
17189,ἐπιθυμήσουσι(ν),1,7.269872195646801e-06
17190,ὁμοιώματα,1,7.269872195646801e-06
17191,ἀκρίδων,1,7.269872195646801e-06
17192,ἡτοιμασμένοις,1,7.269872195646801e-06
17193,στέφανοι,1,7.269872195646801e-06
17194,ὀδόντες,1,7.269872195646801e-06
17195,σιδηροῦς,1,7.269872195646801e-06
17196,πτερύγων,1,7.269872195646801e-06
17197,ἁρμάτων,1,7.269872195646801e-06
17198,τρεχόντων,1,7.269872195646801e-06
17199,οὐράς,1,7.269872195646801e-06
17200,ὁμοίας,1,7.269872195646801e-06
17201,σκορπίοις,1,7.269872195646801e-06
17202,Ἀβαδδών,1,7.269872195646801e-06
17203,Ἑλληνικῇ,1,7.269872195646801e-06
17204,Ἀπολλύων,1,7.269872195646801e-06
17205,σάλπιγγα,1,7.269872195646801e-06
17206,Εὐφράτῃ,1,7.269872195646801e-06
17207,ἐλύθησαν,1,7.269872195646801e-06
17208,ἡτοιμασμένοι,1,7.269872195646801e-06
17209,στρατευμάτων,1,7.269872195646801e-06
17210,ἱππικοῦ,1,7.269872195646801e-06
17211,δισμυριάδες,1,7.269872195646801e-06
17212,ἵππους,1,7.269872195646801e-06
17213,πυρίνους,1,7.269872195646801e-06
17214,ὑακινθίνους,1,7.269872195646801e-06
17215,θειώδεις,1,7.269872195646801e-06
17216,οὐραί,1,7.269872195646801e-06
17217,ὅμοιαι,1,7.269872195646801e-06
17218,ὄφεσι(ν),1,7.269872195646801e-06
17219,ἀδικοῦσι(ν),1,7.269872195646801e-06
17220,χαλκᾶ,1,7.269872195646801e-06
17221,λίθινα,1,7.269872195646801e-06
17222,φόνων,1,7.269872195646801e-06
17223,φαρμάκων,1,7.269872195646801e-06
17224,κλεμμάτων,1,7.269872195646801e-06
17225,μυκᾶται,1,7.269872195646801e-06
17226,ἤμελλον,1,7.269872195646801e-06
17227,σφράγισον,1,7.269872195646801e-06
17228,γράψῃς,1,7.269872195646801e-06
17229,ἑβδόμου,1,7.269872195646801e-06
17230,εὐηγγέλισε(ν),1,7.269872195646801e-06
17231,λαλοῦσαν,1,7.269872195646801e-06
17232,ἑστῶτος,1,7.269872195646801e-06
17233,ἀπῆλθα,1,7.269872195646801e-06
17234,κατάφαγε,1,7.269872195646801e-06
17235,πικρανεῖ,1,7.269872195646801e-06
17236,κατέφαγον,1,7.269872195646801e-06
17237,ἐπικράνθη,1,7.269872195646801e-06
17238,προφητεῦσαι,1,7.269872195646801e-06
17239,βασιλεῦσι(ν),1,7.269872195646801e-06
17240,κάλαμος,1,7.269872195646801e-06
17241,μέτρησον,1,7.269872195646801e-06
17242,μετρήσῃς,1,7.269872195646801e-06
17243,πατήσουσι(ν),1,7.269872195646801e-06
17244,σάκκους,1,7.269872195646801e-06
17245,ἐλαῖαι,1,7.269872195646801e-06
17246,ὑετός,1,7.269872195646801e-06
17247,βρέχῃ,1,7.269872195646801e-06
17248,στρέφειν,1,7.269872195646801e-06
17249,πατάξαι,1,7.269872195646801e-06
17250,πληγῇ,1,7.269872195646801e-06
17251,θελήσωσι(ν),1,7.269872195646801e-06
17252,τελέσωσι(ν),1,7.269872195646801e-06
17253,Αἴγυπτος,1,7.269872195646801e-06
17254,πτώματα,1,7.269872195646801e-06
17255,ἀφίουσι(ν),1,7.269872195646801e-06
17256,τεθῆναι,1,7.269872195646801e-06
17257,χαίρουσι(ν),1,7.269872195646801e-06
17258,εὐφραίνονται,1,7.269872195646801e-06
17259,πέμψουσι(ν),1,7.269872195646801e-06
17260,ἐβασάνισαν,1,7.269872195646801e-06
17261,θεωροῦντας,1,7.269872195646801e-06
17262,ἀνάβατε,1,7.269872195646801e-06
17263,ἐθεώρησαν,1,7.269872195646801e-06
17264,δέκατον,1,7.269872195646801e-06
17265,σεισμῷ,1,7.269872195646801e-06
17266,μεγάλαι,1,7.269872195646801e-06
17267,ἐβασίλευσας,1,7.269872195646801e-06
17268,ὠργίσθησαν,1,7.269872195646801e-06
17269,διαφθεῖραι,1,7.269872195646801e-06
17270,διαφθείροντας,1,7.269872195646801e-06
17271,κιβωτός,1,7.269872195646801e-06
17272,βασανιζομένη,1,7.269872195646801e-06
17273,οὐρά,1,7.269872195646801e-06
17274,σύρει,1,7.269872195646801e-06
17275,τέκῃ,1,7.269872195646801e-06
17276,καταφάγῃ,1,7.269872195646801e-06
17277,ἡρπάσθη,1,7.269872195646801e-06
17278,τρέφωσι(ν),1,7.269872195646801e-06
17279,πόλεμος,1,7.269872195646801e-06
17280,ἐπολέμησε(ν),1,7.269872195646801e-06
17281,κατήγωρ,1,7.269872195646801e-06
17282,ἐνίκησαν,1,7.269872195646801e-06
17283,εὐφραίνεσθε,1,7.269872195646801e-06
17284,σκηνοῦντες,1,7.269872195646801e-06
17285,ἐδίωξε(ν),1,7.269872195646801e-06
17286,ἄρσενα,1,7.269872195646801e-06
17287,πτέρυγες,1,7.269872195646801e-06
17288,πέτηται,1,7.269872195646801e-06
17289,τρέφεται,1,7.269872195646801e-06
17290,ὄφεως,1,7.269872195646801e-06
17291,ποταμοφόρητον,1,7.269872195646801e-06
17292,ἐβοήθησε(ν),1,7.269872195646801e-06
17293,κατέπιε(ν),1,7.269872195646801e-06
17294,παρδάλει,1,7.269872195646801e-06
17295,ἄρκου,1,7.269872195646801e-06
17296,κεφαλῶν,1,7.269872195646801e-06
17297,ἐσφαγμένην,1,7.269872195646801e-06
17298,ἐθαυμάσθη,1,7.269872195646801e-06
17299,δράκοντι,1,7.269872195646801e-06
17300,βλασφημῆσαι,1,7.269872195646801e-06
17301,σκηνοῦντας,1,7.269872195646801e-06
17302,νικῆσαι,1,7.269872195646801e-06
17303,ἐσφαγμένου,1,7.269872195646801e-06
17304,καταβαίνειν,1,7.269872195646801e-06
17305,πληγήν,1,7.269872195646801e-06
17306,ἀποκτανθῶσι(ν),1,7.269872195646801e-06
17307,ἐλευθέρους,1,7.269872195646801e-06
17308,δῶσι(ν),1,7.269872195646801e-06
17309,δύνηται,1,7.269872195646801e-06
17310,πωλῆσαι,1,7.269872195646801e-06
17311,ψηφισάτω,1,7.269872195646801e-06
17312,ἑξακόσιοι,1,7.269872195646801e-06
17313,κιθαριζόντων,1,7.269872195646801e-06
17314,κιθάραις,1,7.269872195646801e-06
17315,ἠγορασμένοι,1,7.269872195646801e-06
17316,ἐμολύνθησαν,1,7.269872195646801e-06
17317,ὑπάγῃ,1,7.269872195646801e-06
17318,ἠγοράσθησαν,1,7.269872195646801e-06
17319,ἄμωμοι,1,7.269872195646801e-06
17320,πετόμενον,1,7.269872195646801e-06
17321,εὐαγγελίσαι,1,7.269872195646801e-06
17322,προσκυνήσατε,1,7.269872195646801e-06
17323,πεπότικε(ν),1,7.269872195646801e-06
17324,προσκυνεῖ,1,7.269872195646801e-06
17325,μετώπου,1,7.269872195646801e-06
17326,πίεται,1,7.269872195646801e-06
17327,κεκερασμένου,1,7.269872195646801e-06
17328,ἀκράτου,1,7.269872195646801e-06
17329,βασανισθήσεται,1,7.269872195646801e-06
17330,προσκυνοῦντες,1,7.269872195646801e-06
17331,ἀναπαήσονται,1,7.269872195646801e-06
17332,κόπων,1,7.269872195646801e-06
17333,θέρισον,1,7.269872195646801e-06
17334,θερίσαι,1,7.269872195646801e-06
17335,ἐθερίσθη,1,7.269872195646801e-06
17336,τρύγησον,1,7.269872195646801e-06
17337,βότρυας,1,7.269872195646801e-06
17338,ἤκμασαν,1,7.269872195646801e-06
17339,σταφυλαί,1,7.269872195646801e-06
17340,ἐτρύγησε(ν),1,7.269872195646801e-06
17341,ἄμπελον,1,7.269872195646801e-06
17342,ἐπατήθη,1,7.269872195646801e-06
17343,ληνός,1,7.269872195646801e-06
17344,ληνοῦ,1,7.269872195646801e-06
17345,χαλινῶν,1,7.269872195646801e-06
17346,χιλίων,1,7.269872195646801e-06
17347,ἑξακοσίων,1,7.269872195646801e-06
17348,ἐσχάτας,1,7.269872195646801e-06
17349,μεμιγμένην,1,7.269872195646801e-06
17350,νικῶντας,1,7.269872195646801e-06
17351,κιθάρας,1,7.269872195646801e-06
17352,θαυμαστά,1,7.269872195646801e-06
17353,φοβηθῇ,1,7.269872195646801e-06
17354,ἐφανερώθησαν,1,7.269872195646801e-06
17355,περιεζωσμένοι,1,7.269872195646801e-06
17356,ἐγεμίσθη,1,7.269872195646801e-06
17357,τελεσθῶσι(ν),1,7.269872195646801e-06
17358,ἐκχέετε,1,7.269872195646801e-06
17359,ἕλκος,1,7.269872195646801e-06
17360,νεκροῦ,1,7.269872195646801e-06
17361,ποταμούς,1,7.269872195646801e-06
17362,ἐξέχεαν,1,7.269872195646801e-06
17363,καυματίσαι,1,7.269872195646801e-06
17364,ἐκαυματίσθησαν,1,7.269872195646801e-06
17365,ἐσκοτωμένη,1,7.269872195646801e-06
17366,ἐμασῶντο,1,7.269872195646801e-06
17367,γλώσσας,1,7.269872195646801e-06
17368,πόνου,1,7.269872195646801e-06
17369,πόνων,1,7.269872195646801e-06
17370,ἑλκῶν,1,7.269872195646801e-06
17371,Εὐφράτην,1,7.269872195646801e-06
17372,ἑτοιμασθῇ,1,7.269872195646801e-06
17373,ψευδοπροφήτου,1,7.269872195646801e-06
17374,βάτραχοι,1,7.269872195646801e-06
17375,συνήγαγε(ν),1,7.269872195646801e-06
17376,Ἁρμαγεδών,1,7.269872195646801e-06
17377,τηλικοῦτος,1,7.269872195646801e-06
17378,ταλαντιαία,1,7.269872195646801e-06
17379,πληγῆς,1,7.269872195646801e-06
17380,χαλάζης,1,7.269872195646801e-06
17381,καθημένης,1,7.269872195646801e-06
17382,ἐμεθύσθησαν,1,7.269872195646801e-06
17383,καθημένην,1,7.269872195646801e-06
17384,γέμον,1,7.269872195646801e-06
17385,μεθύουσαν,1,7.269872195646801e-06
17386,ἐθαύμασα,1,7.269872195646801e-06
17387,ἐθαύμασας,1,7.269872195646801e-06
17388,βαστάζοντος,1,7.269872195646801e-06
17389,θαυμασθήσονται,1,7.269872195646801e-06
17390,παρέσται,1,7.269872195646801e-06
17391,διδόασι(ν),1,7.269872195646801e-06
17392,πολεμήσουσι(ν),1,7.269872195646801e-06
17393,ἠρημωμένην,1,7.269872195646801e-06
17394,γυμνήν,1,7.269872195646801e-06
17395,φάγονται,1,7.269872195646801e-06
17396,κατακαύσουσι(ν),1,7.269872195646801e-06
17397,τελεσθήσονται,1,7.269872195646801e-06
17398,ἐφωτίσθη,1,7.269872195646801e-06
17399,ἰσχυρᾷ,1,7.269872195646801e-06
17400,ὀρνέου,1,7.269872195646801e-06
17401,μεμισημένου,1,7.269872195646801e-06
17402,πέπτωκαν,1,7.269872195646801e-06
17403,στρήνους,1,7.269872195646801e-06
17404,συγκοινωνήσητε,1,7.269872195646801e-06
17405,λάβητε,1,7.269872195646801e-06
17406,ἐκολλήθησαν,1,7.269872195646801e-06
17407,ἀδικήματα,1,7.269872195646801e-06
17408,διπλώσατε,1,7.269872195646801e-06
17409,διπλᾶ,1,7.269872195646801e-06
17410,ἐκέρασε(ν),1,7.269872195646801e-06
17411,κεράσατε,1,7.269872195646801e-06
17412,διπλοῦν,1,7.269872195646801e-06
17413,αὑτήν,1,7.269872195646801e-06
17414,ἐστρηνίασε(ν),1,7.269872195646801e-06
17415,βασανισμόν,1,7.269872195646801e-06
17416,κάθημαι,1,7.269872195646801e-06
17417,κατακαυθήσεται,1,7.269872195646801e-06
17418,κρίνας,1,7.269872195646801e-06
17419,κλαύσουσι(ν),1,7.269872195646801e-06
17420,πορνεύσαντες,1,7.269872195646801e-06
17421,στρηνιάσαντες,1,7.269872195646801e-06
17422,ἀργύρου,1,7.269872195646801e-06
17423,τιμίου,1,7.269872195646801e-06
17424,μαργαριτῶν,1,7.269872195646801e-06
17425,βυσσίνου,1,7.269872195646801e-06
17426,πορφύρας,1,7.269872195646801e-06
17427,σιρικοῦ,1,7.269872195646801e-06
17428,θύϊνον,1,7.269872195646801e-06
17429,ἐλεφάντινον,1,7.269872195646801e-06
17430,τιμιωτάτου,1,7.269872195646801e-06
17431,χαλκοῦ,1,7.269872195646801e-06
17432,σιδήρου,1,7.269872195646801e-06
17433,μαρμάρου,1,7.269872195646801e-06
17434,κιννάμωμον,1,7.269872195646801e-06
17435,σεμίδαλιν,1,7.269872195646801e-06
17436,ῥεδῶν,1,7.269872195646801e-06
17437,σωμάτων,1,7.269872195646801e-06
17438,ὀπώρα,1,7.269872195646801e-06
17439,λιπαρά,1,7.269872195646801e-06
17440,λαμπρά,1,7.269872195646801e-06
17441,πλουτήσαντες,1,7.269872195646801e-06
17442,στήσονται,1,7.269872195646801e-06
17443,μαργαρίτῃ,1,7.269872195646801e-06
17444,τοσοῦτος,1,7.269872195646801e-06
17445,κυβερνήτης,1,7.269872195646801e-06
17446,πλέων,1,7.269872195646801e-06
17447,ἐργάζονται,1,7.269872195646801e-06
17448,τιμιότητος,1,7.269872195646801e-06
17449,οὐρανέ,1,7.269872195646801e-06
17450,μύλινον,1,7.269872195646801e-06
17451,ὁρμήματι,1,7.269872195646801e-06
17452,βληθήσεται,1,7.269872195646801e-06
17453,μουσικῶν,1,7.269872195646801e-06
17454,αὐλητῶν,1,7.269872195646801e-06
17455,σαλπιστῶν,1,7.269872195646801e-06
17456,μύλου,1,7.269872195646801e-06
17457,νύμφης,1,7.269872195646801e-06
17458,φαρμακείᾳ,1,7.269872195646801e-06
17459,ἔφθειρε(ν),1,7.269872195646801e-06
17460,ἐξεδίκησε(ν),1,7.269872195646801e-06
17461,εἴρηκαν,1,7.269872195646801e-06
17462,μικροί,1,7.269872195646801e-06
17463,βροντῶν,1,7.269872195646801e-06
17464,χαίρωμεν,1,7.269872195646801e-06
17465,ἀγαλλιῶμεν,1,7.269872195646801e-06
17466,περιβάληται,1,7.269872195646801e-06
17467,πολεμεῖ,1,7.269872195646801e-06
17468,βεβαμμένον,1,7.269872195646801e-06
17469,πατάξῃ,1,7.269872195646801e-06
17470,πατεῖ,1,7.269872195646801e-06
17471,μηρόν,1,7.269872195646801e-06
17472,ὀρνέοις,1,7.269872195646801e-06
17473,πετομένοις,1,7.269872195646801e-06
17474,συνάχθητε,1,7.269872195646801e-06
17475,χιλιάρχων,1,7.269872195646801e-06
17476,καθημένων,1,7.269872195646801e-06
17477,ἐλευθέρων,1,7.269872195646801e-06
17478,συνηγμένα,1,7.269872195646801e-06
17479,στρατεύματος,1,7.269872195646801e-06
17480,ἐπιάσθη,1,7.269872195646801e-06
17481,ἐπλάνησε(ν),1,7.269872195646801e-06
17482,λαβόντας,1,7.269872195646801e-06
17483,καιομένης,1,7.269872195646801e-06
17484,ἐξελθούσῃ,1,7.269872195646801e-06
17485,ὄρνεα,1,7.269872195646801e-06
17486,σαρκῶν,1,7.269872195646801e-06
17487,δράκοντα,1,7.269872195646801e-06
17488,ἔκλεισε(ν),1,7.269872195646801e-06
17489,πεπελεκισμένων,1,7.269872195646801e-06
17490,ἐβασίλευσαν,1,7.269872195646801e-06
17491,Γώγ,1,7.269872195646801e-06
17492,Μαγώγ,1,7.269872195646801e-06
17493,ἐκύκλευσαν,1,7.269872195646801e-06
17494,ἠνοίχθησαν,1,7.269872195646801e-06
17495,ἠνοίχθη,1,7.269872195646801e-06
17496,βιβλίοις,1,7.269872195646801e-06
17497,λίμνη,1,7.269872195646801e-06
17498,κεκοσμημένην,1,7.269872195646801e-06
17499,πόνος,1,7.269872195646801e-06
17500,διψῶντι,1,7.269872195646801e-06
17501,πηγῆς,1,7.269872195646801e-06
17502,δειλοῖς,1,7.269872195646801e-06
17503,ἐβδελυγμένοις,1,7.269872195646801e-06
17504,φονεῦσι(ν),1,7.269872195646801e-06
17505,φαρμάκοις,1,7.269872195646801e-06
17506,ψευδέσι(ν),1,7.269872195646801e-06
17507,λίμνῃ,1,7.269872195646801e-06
17508,καιομένῃ,1,7.269872195646801e-06
17509,γεμόντων,1,7.269872195646801e-06
17510,φωστήρ,1,7.269872195646801e-06
17511,τιμιωτάτῳ,1,7.269872195646801e-06
17512,κρυσταλλίζοντι,1,7.269872195646801e-06
17513,ἐπιγεγραμμένα,1,7.269872195646801e-06
17514,μετρήσῃ,1,7.269872195646801e-06
17515,τετράγωνος,1,7.269872195646801e-06
17516,ἐνδώμησις,1,7.269872195646801e-06
17517,ὑάλῳ,1,7.269872195646801e-06
17518,θεμέλιοι,1,7.269872195646801e-06
17519,κεκοσμημένοι,1,7.269872195646801e-06
17520,σάπφιρος,1,7.269872195646801e-06
17521,χαλκηδών,1,7.269872195646801e-06
17522,σμάραγδος,1,7.269872195646801e-06
17523,σαρδόνυξ,1,7.269872195646801e-06
17524,σάρδιον,1,7.269872195646801e-06
17525,χρυσόλιθος,1,7.269872195646801e-06
17526,βήρυλλος,1,7.269872195646801e-06
17527,ἔνατος,1,7.269872195646801e-06
17528,τοπάζιον,1,7.269872195646801e-06
17529,δέκατος,1,7.269872195646801e-06
17530,χρυσόπρασος,1,7.269872195646801e-06
17531,ἑνδέκατος,1,7.269872195646801e-06
17532,ὑάκινθος,1,7.269872195646801e-06
17533,δωδέκατος,1,7.269872195646801e-06
17534,ἀμέθυστος,1,7.269872195646801e-06
17535,μαργαρῖται,1,7.269872195646801e-06
17536,πυλώνων,1,7.269872195646801e-06
17537,μαργαρίτου,1,7.269872195646801e-06
17538,ὕαλος,1,7.269872195646801e-06
17539,διαυγής,1,7.269872195646801e-06
17540,φαίνωσι(ν),1,7.269872195646801e-06
17541,ἐφώτισε(ν),1,7.269872195646801e-06
17542,κλεισθῶσι(ν),1,7.269872195646801e-06
17543,οἴσουσι(ν),1,7.269872195646801e-06
17544,γεγραμμένοι,1,7.269872195646801e-06
17545,κρύσταλλον,1,7.269872195646801e-06
17546,ποταμοῦ,1,7.269872195646801e-06
17547,ἀποδιδοῦν,1,7.269872195646801e-06
17548,θεραπείαν,1,7.269872195646801e-06
17549,κατάθεμα,1,7.269872195646801e-06
17550,ἔβλεψα,1,7.269872195646801e-06
17551,δεικνύοντος,1,7.269872195646801e-06
17552,σφραγίσῃς,1,7.269872195646801e-06
17553,ἀδικησάτω,1,7.269872195646801e-06
17554,ῥυπαρός,1,7.269872195646801e-06
17555,ῥυπαρευθήτω,1,7.269872195646801e-06
17556,πλύνοντες,1,7.269872195646801e-06
17557,φάρμακοι,1,7.269872195646801e-06
17558,λαμπρός,1,7.269872195646801e-06
17559,πρωϊνός,1,7.269872195646801e-06
17560,εἰπάτω,1,7.269872195646801e-06
17561,διψῶν,1,7.269872195646801e-06
17562,ἀκούοντι,1,7.269872195646801e-06
17563,ἐπιθήσει,1,7.269872195646801e-06
17564,γεγραμμένας,1,7.269872195646801e-06
17565,ἀφέλῃ,1,7.269872195646801e-06
17566,ἀφελεῖ,1,7.269872195646801e-06
