rank,word,frequency,relative_frequency
1,च,189,0.027700425032976695
2,न,156,0.022863842884361718
3,स,61,0.008940348820167083
4,मे,54,0.007914407152279056
5,ते,47,0.006888465484391031
6,मां,44,0.006448776198153305
7,हि,38,0.005569397625677854
8,पार्थ,35,0.005129708339440129
9,कर्म,33,0.004836582148614979
10,उवाच,28,0.004103766671552103
11,श्री,28,0.004103766671552103
12,यो,26,0.003810640480726953
13,तु,24,0.003517514289901803
14,ये,24,0.003517514289901803
15,कौन्तेय,24,0.003517514289901803
16,अर्जुन,22,0.0032243880990766526
17,भारत,22,0.0032243880990766526
18,पि,22,0.0032243880990766526
19,भगवानुवाच,22,0.0032243880990766526
20,एव,20,0.0029312619082515023
21,चैव,20,0.0029312619082515023
22,यः,20,0.0029312619082515023
23,तथा,19,0.002784698812838927
24,वा,18,0.002638135717426352
25,मम,17,0.002491572622013777
26,यं,16,0.0023450095266012018
27,परं,15,0.0021984464311886266
28,मया,15,0.0021984464311886266
29,ज्ञानं,15,0.0021984464311886266
30,महाबाहो,14,0.0020518833357760515
31,भूतानि,14,0.0020518833357760515
32,विद्धि,14,0.0020518833357760515
33,योगी,14,0.0020518833357760515
34,तं,13,0.0019053202403634766
35,त्वां,13,0.0019053202403634766
36,यथा,13,0.0019053202403634766
37,कर्माणि,13,0.0019053202403634766
38,मयि,13,0.0019053202403634766
39,इति,12,0.0017587571449509014
40,ततो,12,0.0017587571449509014
41,यदा,12,0.0017587571449509014
42,ब्रह्म,12,0.0017587571449509014
43,सर्वे,11,0.0016121940495383263
44,किं,11,0.0016121940495383263
45,वेत्ति,11,0.0016121940495383263
46,यान्ति,11,0.0016121940495383263
47,स्मि,11,0.0016121940495383263
48,परमं,11,0.0016121940495383263
49,त्वं,10,0.0014656309541257512
50,देहे,10,0.0014656309541257512
51,श्रृणु,10,0.0014656309541257512
52,र्जुन,10,0.0014656309541257512
53,प्रकृतिं,10,0.0014656309541257512
54,सि,10,0.0014656309541257512
55,पश्यति,10,0.0014656309541257512
56,भवति,10,0.0014656309541257512
57,सञ्जय,9,0.001319067858713176
58,हं,9,0.001319067858713176
59,मनः,9,0.001319067858713176
60,विद्यते,9,0.001319067858713176
61,भूत्वा,9,0.001319067858713176
62,त्यक्त्वा,9,0.001319067858713176
63,सा,9,0.001319067858713176
64,सुखं,9,0.001319067858713176
65,गतिम्,9,0.001319067858713176
66,पुनः,9,0.001319067858713176
67,दृष्ट्वा,8,0.0011725047633006009
68,ततः,8,0.0011725047633006009
69,सर्वशः,8,0.0011725047633006009
70,य,8,0.0011725047633006009
71,कृष्ण,8,0.0011725047633006009
72,कथं,8,0.0011725047633006009
73,मा,8,0.0011725047633006009
74,नित्यं,8,0.0011725047633006009
75,सर्वस्य,8,0.0011725047633006009
76,उच्यते,8,0.0011725047633006009
77,सः,8,0.0011725047633006009
78,त्मानं,8,0.0011725047633006009
79,परां,8,0.0011725047633006009
80,प्रियः,8,0.0011725047633006009
81,यत्,8,0.0011725047633006009
82,सत्त्वं,8,0.0011725047633006009
83,तस्य,7,0.0010259416678880258
84,पश्यामि,7,0.0010259416678880258
85,परन्तप,7,0.0010259416678880258
86,लोके,7,0.0010259416678880258
87,पुरुषं,7,0.0010259416678880258
88,भूयः,7,0.0010259416678880258
89,तत्र,7,0.0010259416678880258
90,धनञ्जय,7,0.0010259416678880258
91,फलं,7,0.0010259416678880258
92,सर्वभूतानां,7,0.0010259416678880258
93,कर्ता,7,0.0010259416678880258
94,भरतर्षभ,7,0.0010259416678880258
95,याति,7,0.0010259416678880258
96,अहं,7,0.0010259416678880258
97,तेषां,7,0.0010259416678880258
98,भक्त्या,7,0.0010259416678880258
99,विशन्ति,7,0.0010259416678880258
100,रूपं,7,0.0010259416678880258
101,अथ,6,0.0008793785724754507
102,तदा,6,0.0008793785724754507
103,यदि,6,0.0008793785724754507
104,येन,6,0.0008793785724754507
105,कृत्वा,6,0.0008793785724754507
106,स्ति,6,0.0008793785724754507
107,सर्वाणि,6,0.0008793785724754507
108,प्राप्य,6,0.0008793785724754507
109,एवं,6,0.0008793785724754507
110,नैव,6,0.0008793785724754507
111,सततं,6,0.0008793785724754507
112,मनो,6,0.0008793785724754507
113,योगं,6,0.0008793785724754507
114,ज्ञात्वा,6,0.0008793785724754507
115,यज्ज्ञात्वा,6,0.0008793785724754507
116,सर्वं,6,0.0008793785724754507
117,सदा,6,0.0008793785724754507
118,यत्र,6,0.0008793785724754507
119,सर्वत्र,6,0.0008793785724754507
120,भूतेषु,6,0.0008793785724754507
121,जनाः,6,0.0008793785724754507
122,भव,6,0.0008793785724754507
123,तव,5,0.0007328154770628756
124,बलं,5,0.0007328154770628756
125,सर्वेषु,5,0.0007328154770628756
126,जायते,5,0.0007328154770628756
127,केशव,5,0.0007328154770628756
128,सो,5,0.0007328154770628756
129,सर्वमिदं,5,0.0007328154770628756
130,पुरुषः,5,0.0007328154770628756
131,जन्म,5,0.0007328154770628756
132,येषां,5,0.0007328154770628756
133,यया,5,0.0007328154770628756
134,बुद्धिः,5,0.0007328154770628756
135,कुरु,5,0.0007328154770628756
136,सङ्गं,5,0.0007328154770628756
137,सिद्धिं,5,0.0007328154770628756
138,मनसा,5,0.0007328154770628756
139,लोको,5,0.0007328154770628756
140,सर्वभूतेषु,5,0.0007328154770628756
141,विदुः,5,0.0007328154770628756
142,योगो,5,0.0007328154770628756
143,तत्त्वतः,5,0.0007328154770628756
144,पर्युपासते,5,0.0007328154770628756
145,जुह्वति,5,0.0007328154770628756
146,पाण्डव,5,0.0007328154770628756
147,समं,5,0.0007328154770628756
148,तेषु,5,0.0007328154770628756
149,नरः,5,0.0007328154770628756
150,श्रद्धया,5,0.0007328154770628756
151,यजन्ते,5,0.0007328154770628756
152,धृतिः,5,0.0007328154770628756
153,ज्ञेयं,5,0.0007328154770628756
154,सर्व,4,0.0005862523816503004
155,श्रेयो,4,0.0005862523816503004
156,राज्यं,4,0.0005862523816503004
157,नो,4,0.0005862523816503004
158,का,4,0.0005862523816503004
159,नियतं,4,0.0005862523816503004
160,भावो,4,0.0005862523816503004
161,मन्यते,4,0.0005862523816503004
162,वेद,4,0.0005862523816503004
163,द्वेष्टि,4,0.0005862523816503004
164,प्रज्ञा,4,0.0005862523816503004
165,प्रतिष्ठिता,4,0.0005862523816503004
166,इन्द्रियाणि,4,0.0005862523816503004
167,संयम्य,4,0.0005862523816503004
168,युक्त,4,0.0005862523816503004
169,या,4,0.0005862523816503004
170,कर्मणि,4,0.0005862523816503004
171,कार्यं,4,0.0005862523816503004
172,कश्चन,4,0.0005862523816503004
173,युक्तः,4,0.0005862523816503004
174,प्रपद्यन्ते,4,0.0005862523816503004
175,समः,4,0.0005862523816503004
176,यज्ञं,4,0.0005862523816503004
177,योगिनः,4,0.0005862523816503004
178,काङ्क्षति,4,0.0005862523816503004
179,फलम्,4,0.0005862523816503004
180,लिप्यते,4,0.0005862523816503004
181,वर्तते,4,0.0005862523816503004
182,सर्वभूतानि,4,0.0005862523816503004
183,लभते,4,0.0005862523816503004
184,जगत्,4,0.0005862523816503004
185,मामेव,4,0.0005862523816503004
186,परमां,4,0.0005862523816503004
187,उपासते,4,0.0005862523816503004
188,सत्यं,4,0.0005862523816503004
189,दानं,4,0.0005862523816503004
190,नमो,4,0.0005862523816503004
191,तत्,4,0.0005862523816503004
192,सात्त्विकं,4,0.0005862523816503004
193,क्रियते,4,0.0005862523816503004
194,राजसं,4,0.0005862523816503004
195,तत्तामसमुदाहृतम्,4,0.0005862523816503004
196,स्वभावजम्,4,0.0005862523816503004
197,अन्ये,3,0.00043968928623772536
198,सेनयोरुभयोर्मध्ये,3,0.00043968928623772536
199,शरीरे,3,0.00043968928623772536
200,हत्वा,3,0.00043968928623772536
201,मधुसूदन,3,0.00043968928623772536
202,अपि,3,0.00043968928623772536
203,पश्यन्ति,3,0.00043968928623772536
204,जनार्दन,3,0.00043968928623772536
205,कर्तुं,3,0.00043968928623772536
206,एवमुक्त्वा,3,0.00043968928623772536
207,वचः,3,0.00043968928623772536
208,पण्डिताः,3,0.00043968928623772536
209,जातु,3,0.00043968928623772536
210,परम्,3,0.00043968928623772536
211,कल्पते,3,0.00043968928623772536
212,ततम्,3,0.00043968928623772536
213,नायं,3,0.00043968928623772536
214,हन्ति,3,0.00043968928623772536
215,विहाय,3,0.00043968928623772536
216,देही,3,0.00043968928623772536
217,नैनं,3,0.00043968928623772536
218,मन्यसे,3,0.00043968928623772536
219,शोचितुमर्हसि,3,0.00043968928623772536
220,तथैव,3,0.00043968928623772536
221,लभन्ते,3,0.00043968928623772536
222,धर्म्यं,3,0.00043968928623772536
223,धर्मस्य,3,0.00043968928623772536
224,कुरुनन्दन,3,0.00043968928623772536
225,भवार्जुन,3,0.00043968928623772536
226,सर्वतः,3,0.00043968928623772536
227,कर्मसु,3,0.00043968928623772536
228,पदं,3,0.00043968928623772536
229,मत्परः,3,0.00043968928623772536
230,भिजायते,3,0.00043968928623772536
231,निष्ठा,3,0.00043968928623772536
232,पुरुषो,3,0.00043968928623772536
233,विशिष्यते,3,0.00043968928623772536
234,प्रजाः,3,0.00043968928623772536
235,देवा,3,0.00043968928623772536
236,वर्तन्त,3,0.00043968928623772536
237,मत्वा,3,0.00043968928623772536
238,एष,3,0.00043968928623772536
239,इमं,3,0.00043968928623772536
240,चार्जुन,3,0.00043968928623772536
241,पुनर्जन्म,3,0.00043968928623772536
242,कर्मणां,3,0.00043968928623772536
243,मोक्ष्यसे,3,0.00043968928623772536
244,कर्मणो,3,0.00043968928623772536
245,बोद्धव्यं,3,0.00043968928623772536
246,यस्य,3,0.00043968928623772536
247,निबध्यते,3,0.00043968928623772536
248,चापरे,3,0.00043968928623772536
249,ब्रह्मणो,3,0.00043968928623772536
250,सर्वकर्माणि,3,0.00043968928623772536
251,विन्दति,3,0.00043968928623772536
252,निबध्नन्ति,3,0.00043968928623772536
253,स्थानं,3,0.00043968928623772536
254,योगयुक्तो,3,0.00043968928623772536
255,युक्तो,3,0.00043968928623772536
256,करोति,3,0.00043968928623772536
257,बुद्ध्या,3,0.00043968928623772536
258,स्थितः,3,0.00043968928623772536
259,तस्याहं,3,0.00043968928623772536
260,दुःखं,3,0.00043968928623772536
261,मतः,3,0.00043968928623772536
262,भूयो,3,0.00043968928623772536
263,मत्तः,3,0.00043968928623772536
264,चाहं,3,0.00043968928623772536
265,भजन्ते,3,0.00043968928623772536
266,ज्ञानी,3,0.00043968928623772536
267,प्रियो,3,0.00043968928623772536
268,प्रयाणकाले,3,0.00043968928623772536
269,पुरुषोत्तम,3,0.00043968928623772536
270,को,3,0.00043968928623772536
271,संशयः,3,0.00043968928623772536
272,वापि,3,0.00043968928623772536
273,चेतसा,3,0.00043968928623772536
274,हृदि,3,0.00043968928623772536
275,सर्वाः,3,0.00043968928623772536
276,न्यो,3,0.00043968928623772536
277,निवर्तन्ते,3,0.00043968928623772536
278,वक्ष्यामि,3,0.00043968928623772536
279,गच्छन्ति,3,0.00043968928623772536
280,इदं,3,0.00043968928623772536
281,पश्य,3,0.00043968928623772536
282,पृथक्त्वेन,3,0.00043968928623772536
283,शरणं,3,0.00043968928623772536
284,क्षमा,3,0.00043968928623772536
285,योगेन,3,0.00043968928623772536
286,तमः,3,0.00043968928623772536
287,मध्यं,3,0.00043968928623772536
288,परंतप,3,0.00043968928623772536
289,देव,3,0.00043968928623772536
290,प्रसीद,3,0.00043968928623772536
291,देवेश,3,0.00043968928623772536
292,जगन्निवास,3,0.00043968928623772536
293,स्तु,3,0.00043968928623772536
294,हे,3,0.00043968928623772536
295,मद्भक्तः,3,0.00043968928623772536
296,क्षेत्रं,3,0.00043968928623772536
297,शौचं,3,0.00043968928623772536
298,प्रवृत्तिं,3,0.00043968928623772536
299,त्रिविधं,3,0.00043968928623772536
300,सात्त्विकी,3,0.00043968928623772536
301,राजसी,3,0.00043968928623772536
302,तामसी,3,0.00043968928623772536
303,दीयते,3,0.00043968928623772536
304,स्मृतम्,3,0.00043968928623772536
305,यत्तु,3,0.00043968928623772536
306,धृत्या,3,0.00043968928623772536
307,संस्मृत्य,3,0.00043968928623772536
308,राजा,2,0.0002931261908251502
309,शूरा,2,0.0002931261908251502
310,विराटश्च,2,0.0002931261908251502
311,महारथः,2,0.0002931261908251502
312,वीर्यवान्,2,0.0002931261908251502
313,द्रौपदेयाश्च,2,0.0002931261908251502
314,महारथाः,2,0.0002931261908251502
315,पितामहः,2,0.0002931261908251502
316,दध्मौ,2,0.0002931261908251502
317,हृषीकेशो,2,0.0002931261908251502
318,धनंजयः,2,0.0002931261908251502
319,हृषीकेशं,2,0.0002931261908251502
320,त्र,2,0.0002931261908251502
321,सर्वेषां,2,0.0002931261908251502
322,कृपया,2,0.0002931261908251502
323,परया,2,0.0002931261908251502
324,स्वजनं,2,0.0002931261908251502
325,समुपस्थितम्,2,0.0002931261908251502
326,सुखानि,2,0.0002931261908251502
327,इमे,2,0.0002931261908251502
328,युद्धे,2,0.0002931261908251502
329,नु,2,0.0002931261908251502
330,हन्तुं,2,0.0002931261908251502
331,सुखिनः,2,0.0002931261908251502
332,कुलक्षयकृतं,2,0.0002931261908251502
333,दोषं,2,0.0002931261908251502
334,वार्ष्णेय,2,0.0002931261908251502
335,कुलघ्नानां,2,0.0002931261908251502
336,पतन्ति,2,0.0002931261908251502
337,मनुष्याणां,2,0.0002931261908251502
338,नरके,2,0.0002931261908251502
339,रणे,2,0.0002931261908251502
340,संख्ये,2,0.0002931261908251502
341,विषीदन्तमिदं,2,0.0002931261908251502
342,द्रोणं,2,0.0002931261908251502
343,वस्थिताः,2,0.0002931261908251502
344,ब्रूहि,2,0.0002931261908251502
345,तन्मे,2,0.0002931261908251502
346,योत्स्य,2,0.0002931261908251502
347,मुह्यति,2,0.0002931261908251502
348,तद्विद्धि,2,0.0002931261908251502
349,कश्चित्,2,0.0002931261908251502
350,हन्यते,2,0.0002931261908251502
351,भविता,2,0.0002931261908251502
352,अजो,2,0.0002931261908251502
353,नित्यः,2,0.0002931261908251502
354,नवानि,2,0.0002931261908251502
355,संयाति,2,0.0002931261908251502
356,पावकः,2,0.0002931261908251502
357,चैनं,2,0.0002931261908251502
358,सनातनः,2,0.0002931261908251502
359,अव्यक्तो,2,0.0002931261908251502
360,मृतम्,2,0.0002931261908251502
361,नैवं,2,0.0002931261908251502
362,पापमवाप्स्यसि,2,0.0002931261908251502
363,चापि,2,0.0002931261908251502
364,यास्यसि,2,0.0002931261908251502
365,किम्,2,0.0002931261908251502
366,प्राप्स्यसि,2,0.0002931261908251502
367,जित्वा,2,0.0002931261908251502
368,युद्धाय,2,0.0002931261908251502
369,युज्यस्व,2,0.0002931261908251502
370,एषा,2,0.0002931261908251502
371,सांख्ये,2,0.0002931261908251502
372,व्यवसायात्मिका,2,0.0002931261908251502
373,निर्द्वन्द्वो,2,0.0002931261908251502
374,वेदेषु,2,0.0002931261908251502
375,कदाचन,2,0.0002931261908251502
376,समो,2,0.0002931261908251502
377,योगः,2,0.0002931261908251502
378,विगतस्पृहः,2,0.0002931261908251502
379,इन्द्रियाणीन्द्रियार्थेभ्यस्तस्य,2,0.0002931261908251502
380,रसो,2,0.0002931261908251502
381,निवर्तते,2,0.0002931261908251502
382,ह्यपि,2,0.0002931261908251502
383,प्रसभं,2,0.0002931261908251502
384,तानि,2,0.0002931261908251502
385,आसीत,2,0.0002931261908251502
386,कामः,2,0.0002931261908251502
387,नास्ति,2,0.0002931261908251502
388,इन्द्रियाणां,2,0.0002931261908251502
389,निशा,2,0.0002931261908251502
390,प्रविशन्ति,2,0.0002931261908251502
391,शान्तिमाप्नोति,2,0.0002931261908251502
392,निःस्पृहः,2,0.0002931261908251502
393,निर्ममो,2,0.0002931261908251502
394,स्थितिः,2,0.0002931261908251502
395,मता,2,0.0002931261908251502
396,बुद्धिं,2,0.0002931261908251502
397,पुरा,2,0.0002931261908251502
398,कर्मयोगेन,2,0.0002931261908251502
399,सर्वः,2,0.0002931261908251502
400,समाचर,2,0.0002931261908251502
401,वो,2,0.0002931261908251502
402,श्रेयः,2,0.0002931261908251502
403,भुङ्क्ते,2,0.0002931261908251502
404,मुच्यन्ते,2,0.0002931261908251502
405,यज्ञः,2,0.0002931261908251502
406,यज्ञे,2,0.0002931261908251502
407,मानवः,2,0.0002931261908251502
408,पूरुषः,2,0.0002931261908251502
409,वर्त्मानुवर्तन्ते,2,0.0002931261908251502
410,मनुष्याः,2,0.0002931261908251502
411,लोका,2,0.0002931261908251502
412,कुर्वन्ति,2,0.0002931261908251502
413,क्रियमाणानि,2,0.0002931261908251502
414,गुणा,2,0.0002931261908251502
415,युध्यस्व,2,0.0002931261908251502
416,मतम्,2,0.0002931261908251502
417,सदृशं,2,0.0002931261908251502
418,रागद्वेषौ,2,0.0002931261908251502
419,श्रेयान्स्वधर्मो,2,0.0002931261908251502
420,विगुणः,2,0.0002931261908251502
421,परधर्मात्स्वनुष्ठितात्,2,0.0002931261908251502
422,पापं,2,0.0002931261908251502
423,ज्ञानिनो,2,0.0002931261908251502
424,ज्ञानमावृत्य,2,0.0002931261908251502
425,देहिनम्,2,0.0002931261908251502
426,नियम्य,2,0.0002931261908251502
427,ह्येनं,2,0.0002931261908251502
428,परा,2,0.0002931261908251502
429,बुद्धेः,2,0.0002931261908251502
430,जहि,2,0.0002931261908251502
431,एवायं,2,0.0002931261908251502
432,प्रोक्तः,2,0.0002931261908251502
433,चेति,2,0.0002931261908251502
434,भवतो,2,0.0002931261908251502
435,वेत्थ,2,0.0002931261908251502
436,युगे,2,0.0002931261908251502
437,मामेति,2,0.0002931261908251502
438,बहवो,2,0.0002931261908251502
439,इह,2,0.0002931261908251502
440,क्षिप्रं,2,0.0002931261908251502
441,स्पृहा,2,0.0002931261908251502
442,कृतं,2,0.0002931261908251502
443,कृतम्,2,0.0002931261908251502
444,कवयो,2,0.0002931261908251502
445,तत्ते,2,0.0002931261908251502
446,प्रवक्ष्यामि,2,0.0002931261908251502
447,शुभात्,2,0.0002931261908251502
448,शारीरं,2,0.0002931261908251502
449,केवलं,2,0.0002931261908251502
450,कुर्वन्नाप्नोति,2,0.0002931261908251502
451,किल्बिषम्,2,0.0002931261908251502
452,समग्रं,2,0.0002931261908251502
453,हुतम्,2,0.0002931261908251502
454,तेन,2,0.0002931261908251502
455,सनातनम्,2,0.0002931261908251502
456,ज्ञानेन,2,0.0002931261908251502
457,लब्ध्वा,2,0.0002931261908251502
458,विनश्यति,2,0.0002931261908251502
459,संशयं,2,0.0002931261908251502
460,संन्यासं,2,0.0002931261908251502
461,संन्यासः,2,0.0002931261908251502
462,कर्मफलं,2,0.0002931261908251502
463,अयुक्तः,2,0.0002931261908251502
464,लोकस्य,2,0.0002931261908251502
465,प्रभुः,2,0.0002931261908251502
466,प्रवर्तते,2,0.0002931261908251502
467,प्रकाशयति,2,0.0002931261908251502
468,स्थितं,2,0.0002931261908251502
469,ब्रह्मनिर्वाणं,2,0.0002931261908251502
470,धिगच्छति,2,0.0002931261908251502
471,सर्वभूतहिते,2,0.0002931261908251502
472,रताः,2,0.0002931261908251502
473,कारणमुच्यते,2,0.0002931261908251502
474,शमः,2,0.0002931261908251502
475,शीतोष्णसुखदुःखेषु,2,0.0002931261908251502
476,मानापमानयोः,2,0.0002931261908251502
477,कूटस्थो,2,0.0002931261908251502
478,इत्युच्यते,2,0.0002931261908251502
479,समलोष्टाश्मकाञ्चनः,2,0.0002931261908251502
480,शुचौ,2,0.0002931261908251502
481,देशे,2,0.0002931261908251502
482,युञ्जन्नेवं,2,0.0002931261908251502
483,शान्तिं,2,0.0002931261908251502
484,नेङ्गते,2,0.0002931261908251502
485,चित्तं,2,0.0002931261908251502
486,विचाल्यते,2,0.0002931261908251502
487,यतो,2,0.0002931261908251502
488,प्रणश्यति,2,0.0002931261908251502
489,सर्वथा,2,0.0002931261908251502
490,वर्तमानो,2,0.0002931261908251502
491,मन्ये,2,0.0002931261908251502
492,असंशयं,2,0.0002931261908251502
493,मतिः,2,0.0002931261908251502
494,अप्राप्य,2,0.0002931261908251502
495,गच्छति,2,0.0002931261908251502
496,अथवा,2,0.0002931261908251502
497,तेनैव,2,0.0002931261908251502
498,मतो,2,0.0002931261908251502
499,तच्छृणु,2,0.0002931261908251502
500,सिद्धये,2,0.0002931261908251502
501,सिद्धानां,2,0.0002931261908251502
502,वायुः,2,0.0002931261908251502
503,पराम्,2,0.0002931261908251502
504,जगतः,2,0.0002931261908251502
505,प्रभवः,2,0.0002931261908251502
506,पृथिव्यां,2,0.0002931261908251502
507,बीजं,2,0.0002931261908251502
508,तेजस्तेजस्विनामहम्,2,0.0002931261908251502
509,सात्त्विका,2,0.0002931261908251502
510,भावा,2,0.0002931261908251502
511,मत्त,2,0.0002931261908251502
512,नाभिजानाति,2,0.0002931261908251502
513,दैवी,2,0.0002931261908251502
514,आसुरं,2,0.0002931261908251502
515,यां,2,0.0002931261908251502
516,भक्तः,2,0.0002931261908251502
517,भावमजानन्तो,2,0.0002931261908251502
518,नाहं,2,0.0002931261908251502
519,सर्गे,2,0.0002931261908251502
520,दृढव्रताः,2,0.0002931261908251502
521,अधिभूतं,2,0.0002931261908251502
522,कलेवरम्,2,0.0002931261908251502
523,प्रयाति,2,0.0002931261908251502
524,मद्भावं,2,0.0002931261908251502
525,तस्मात्सर्वेषु,2,0.0002931261908251502
526,कालेषु,2,0.0002931261908251502
527,दिव्यं,2,0.0002931261908251502
528,तमसः,2,0.0002931261908251502
529,मामुपेत्य,2,0.0002931261908251502
530,संसिद्धिं,2,0.0002931261908251502
531,गताः,2,0.0002931261908251502
532,रात्र्यागमे,2,0.0002931261908251502
533,क्षर,2,0.0002931261908251502
534,तद्धाम,2,0.0002931261908251502
535,परः,2,0.0002931261908251502
536,काले,2,0.0002931261908251502
537,प्रयाता,2,0.0002931261908251502
538,षण्मासा,2,0.0002931261908251502
539,गुह्यतमं,2,0.0002931261908251502
540,मत्स्थानि,2,0.0002931261908251502
541,योगमैश्वरम्,2,0.0002931261908251502
542,महान्,2,0.0002931261908251502
543,सचराचरम्,2,0.0002931261908251502
544,मूढा,2,0.0002931261908251502
545,नित्ययुक्ता,2,0.0002931261908251502
546,ज्ञानयज्ञेन,2,0.0002931261908251502
547,विश्वतोमुखम्,2,0.0002931261908251502
548,पिता,2,0.0002931261908251502
549,जगतो,2,0.0002931261908251502
550,धाता,2,0.0002931261908251502
551,वेद्यं,2,0.0002931261908251502
552,भक्ता,2,0.0002931261908251502
553,न्विताः,2,0.0002931261908251502
554,भोक्ता,2,0.0002931261908251502
555,माम्,2,0.0002931261908251502
556,निगच्छति,2,0.0002931261908251502
557,लोकमिमं,2,0.0002931261908251502
558,मन्मना,2,0.0002931261908251502
559,मद्भक्तो,2,0.0002931261908251502
560,मद्याजी,2,0.0002931261908251502
561,नमस्कुरु,2,0.0002931261908251502
562,मामेवैष्यसि,2,0.0002931261908251502
563,भूय,2,0.0002931261908251502
564,महर्षयः,2,0.0002931261908251502
565,महर्षीणां,2,0.0002931261908251502
566,भयं,2,0.0002931261908251502
567,अहिंसा,2,0.0002931261908251502
568,यशो,2,0.0002931261908251502
569,भवन्ति,2,0.0002931261908251502
570,भूतानां,2,0.0002931261908251502
571,एतां,2,0.0002931261908251502
572,विभूतिं,2,0.0002931261908251502
573,युज्यते,2,0.0002931261908251502
574,ददामि,2,0.0002931261908251502
575,धाम,2,0.0002931261908251502
576,शाश्वतं,2,0.0002931261908251502
577,व्यासः,2,0.0002931261908251502
578,दिव्या,2,0.0002931261908251502
579,ह्यात्मविभूतयः,2,0.0002931261908251502
580,केषु,2,0.0002931261908251502
581,गुडाकेश,2,0.0002931261908251502
582,कालो,2,0.0002931261908251502
583,तदस्ति,2,0.0002931261908251502
584,नान्तो,2,0.0002931261908251502
585,स्थितो,2,0.0002931261908251502
586,प्रभो,2,0.0002931261908251502
587,जगत्कृत्स्नं,2,0.0002931261908251502
588,चक्षुः,2,0.0002931261908251502
589,दर्शयामास,2,0.0002931261908251502
590,दिवि,2,0.0002931261908251502
591,महात्मनः,2,0.0002931261908251502
592,प्रणम्य,2,0.0002931261908251502
593,किरीटिनं,2,0.0002931261908251502
594,गदिनं,2,0.0002931261908251502
595,समन्ता,2,0.0002931261908251502
596,त्वमक्षरं,2,0.0002931261908251502
597,त्वमस्य,2,0.0002931261908251502
598,विश्वस्य,2,0.0002931261908251502
599,निधानम्,2,0.0002931261908251502
600,तवेदं,2,0.0002931261908251502
601,प्रव्यथितं,2,0.0002931261908251502
602,अमी,2,0.0002931261908251502
603,विष्णो,2,0.0002931261908251502
604,दंष्ट्राकरालानि,2,0.0002931261908251502
605,दिशो,2,0.0002931261908251502
606,वक्त्राणि,2,0.0002931261908251502
607,द्रवन्ति,2,0.0002931261908251502
608,नाशाय,2,0.0002931261908251502
609,समृद्धवेगाः,2,0.0002931261908251502
610,वचनं,2,0.0002931261908251502
611,हृषीकेश,2,0.0002931261908251502
612,नमस्ते,2,0.0002931261908251502
613,सखेति,2,0.0002931261908251502
614,तदेव,2,0.0002931261908251502
615,त्वदन्येन,2,0.0002931261908251502
616,शक्य,2,0.0002931261908251502
617,द्रष्टुं,2,0.0002931261908251502
618,दृष्टवानसि,2,0.0002931261908251502
619,संन्यस्य,2,0.0002931261908251502
620,मय्येव,2,0.0002931261908251502
621,ऊर्ध्वं,2,0.0002931261908251502
622,सर्वकर्मफलत्यागं,2,0.0002931261908251502
623,समदुःखसुखः,2,0.0002931261908251502
624,सर्वारम्भपरित्यागी,2,0.0002931261908251502
625,शोचति,2,0.0002931261908251502
626,शरीरं,2,0.0002931261908251502
627,मृतमश्नुते,2,0.0002931261908251502
628,तिष्ठति,2,0.0002931261908251502
629,अविभक्तं,2,0.0002931261908251502
630,नोपलिप्यते,2,0.0002931261908251502
631,कृत्स्नं,2,0.0002931261908251502
632,रजः,2,0.0002931261908251502
633,जायन्ते,2,0.0002931261908251502
634,विवृद्धे,2,0.0002931261908251502
635,प्रलयं,2,0.0002931261908251502
636,कर्मणः,2,0.0002931261908251502
637,राजसाः,2,0.0002931261908251502
638,ब्रह्मभूयाय,2,0.0002931261908251502
639,तमेव,2,0.0002931261908251502
640,यतः,2,0.0002931261908251502
641,यतन्तो,2,0.0002931261908251502
642,तेजो,2,0.0002931261908251502
643,ईश्वरः,2,0.0002931261908251502
644,सर्वभावेन,2,0.0002931261908251502
645,सम्पदं,2,0.0002931261908251502
646,शुचः,2,0.0002931261908251502
647,निवृत्तिं,2,0.0002931261908251502
648,अहङ्कारं,2,0.0002931261908251502
649,दर्पं,2,0.0002931261908251502
650,कामं,2,0.0002931261908251502
651,क्रोधं,2,0.0002931261908251502
652,जन्मनि,2,0.0002931261908251502
653,त्यजेत्,2,0.0002931261908251502
654,शास्त्रविधिमुत्सृज्य,2,0.0002931261908251502
655,श्रद्धा,2,0.0002931261908251502
656,तपो,2,0.0002931261908251502
657,इज्यते,2,0.0002931261908251502
658,राजसम्,2,0.0002931261908251502
659,परिचक्षते,2,0.0002931261908251502
660,तप,2,0.0002931261908251502
661,तद्दानं,2,0.0002931261908251502
662,त्याज्यं,2,0.0002931261908251502
663,यज्ञदानतपःकर्म,2,0.0002931261908251502
664,त्रिविधः,2,0.0002931261908251502
665,परिकीर्तितः,2,0.0002931261908251502
666,यत्कर्म,2,0.0002931261908251502
667,निबोध,2,0.0002931261908251502
668,करणं,2,0.0002931261908251502
669,तज्ज्ञानं,2,0.0002931261908251502
670,धारयते,2,0.0002931261908251502
671,विषमिव,2,0.0002931261908251502
672,परिणामे,2,0.0002931261908251502
673,मृतोपमम्,2,0.0002931261908251502
674,तत्सुखं,2,0.0002931261908251502
675,स्वे,2,0.0002931261908251502
676,मच्चित्तः,2,0.0002931261908251502
677,हृष्यामि,2,0.0002931261908251502
678,धृतराष्ट्र,1,0.0001465630954125751
679,धर्मक्षेत्रे,1,0.0001465630954125751
680,कुरुक्षेत्रे,1,0.0001465630954125751
681,समवेता,1,0.0001465630954125751
682,युयुत्सवः,1,0.0001465630954125751
683,मामकाः,1,0.0001465630954125751
684,पाण्डवाश्चैव,1,0.0001465630954125751
685,किमकुर्वत,1,0.0001465630954125751
686,पाण्डवानीकं,1,0.0001465630954125751
687,व्यूढं,1,0.0001465630954125751
688,दुर्योधनस्तदा,1,0.0001465630954125751
689,आचार्यमुपसङ्गम्य,1,0.0001465630954125751
690,वचनमब्रवीत्,1,0.0001465630954125751
691,पश्यैतां,1,0.0001465630954125751
692,पाण्डुपुत्राणामाचार्य,1,0.0001465630954125751
693,महतीं,1,0.0001465630954125751
694,चमूम्,1,0.0001465630954125751
695,व्यूढां,1,0.0001465630954125751
696,द्रुपदपुत्रेण,1,0.0001465630954125751
697,शिष्येण,1,0.0001465630954125751
698,धीमता,1,0.0001465630954125751
699,अत्र,1,0.0001465630954125751
700,महेष्वासा,1,0.0001465630954125751
701,भीमार्जुनसमा,1,0.0001465630954125751
702,युधि,1,0.0001465630954125751
703,युयुधानो,1,0.0001465630954125751
704,द्रुपदश्च,1,0.0001465630954125751
705,धृष्टकेतुश्चेकितानः,1,0.0001465630954125751
706,काशिराजश्च,1,0.0001465630954125751
707,पुरुजित्कुन्तिभोजश्च,1,0.0001465630954125751
708,शैब्यश्च,1,0.0001465630954125751
709,नरपुङ्गवः,1,0.0001465630954125751
710,युधामन्युश्च,1,0.0001465630954125751
711,विक्रान्त,1,0.0001465630954125751
712,उत्तमौजाश्च,1,0.0001465630954125751
713,सौभद्रो,1,0.0001465630954125751
714,अस्माकं,1,0.0001465630954125751
715,विशिष्टा,1,0.0001465630954125751
716,तान्निबोध,1,0.0001465630954125751
717,द्विजोत्तम,1,0.0001465630954125751
718,नायका,1,0.0001465630954125751
719,सैन्यस्य,1,0.0001465630954125751
720,संज्ञार्थं,1,0.0001465630954125751
721,तान्ब्रवीमि,1,0.0001465630954125751
722,भवान्भीष्मश्च,1,0.0001465630954125751
723,कर्णश्च,1,0.0001465630954125751
724,कृपश्च,1,0.0001465630954125751
725,समितिञ्जयः,1,0.0001465630954125751
726,अश्वत्थामा,1,0.0001465630954125751
727,विकर्णश्च,1,0.0001465630954125751
728,सौमदत्तिस्तथैव,1,0.0001465630954125751
729,बहवः,1,0.0001465630954125751
730,मदर्थे,1,0.0001465630954125751
731,त्यक्तजीविताः,1,0.0001465630954125751
732,नानाशस्त्रप्रहरणाः,1,0.0001465630954125751
733,युद्धविशारदाः,1,0.0001465630954125751
734,अपर्याप्तं,1,0.0001465630954125751
735,तदस्माकं,1,0.0001465630954125751
736,भीष्माभिरक्षितम्,1,0.0001465630954125751
737,पर्याप्तं,1,0.0001465630954125751
738,त्विदमेतेषां,1,0.0001465630954125751
739,भीमाभिरक्षितम्,1,0.0001465630954125751
740,अयनेषु,1,0.0001465630954125751
741,यथाभागमवस्थिताः,1,0.0001465630954125751
742,भीष्ममेवाभिरक्षन्तु,1,0.0001465630954125751
743,भवन्तः,1,0.0001465630954125751
744,संजनयन्हर्षं,1,0.0001465630954125751
745,कुरुवृद्धः,1,0.0001465630954125751
746,सिंहनादं,1,0.0001465630954125751
747,विनद्योच्चैः,1,0.0001465630954125751
748,शङ्खं,1,0.0001465630954125751
749,प्रतापवान्,1,0.0001465630954125751
750,शङ्खाश्च,1,0.0001465630954125751
751,भेर्यश्च,1,0.0001465630954125751
752,पणवानकगोमुखाः,1,0.0001465630954125751
753,सहसैवाभ्यहन्यन्त,1,0.0001465630954125751
754,शब्दस्तुमुलो,1,0.0001465630954125751
755,भवत्,1,0.0001465630954125751
756,श्वेतैर्हयैर्युक्ते,1,0.0001465630954125751
757,महति,1,0.0001465630954125751
758,स्यन्दने,1,0.0001465630954125751
759,स्थितौ,1,0.0001465630954125751
760,माधवः,1,0.0001465630954125751
761,पाण्डवश्चैव,1,0.0001465630954125751
762,दिव्यौ,1,0.0001465630954125751
763,शङ्खौ,1,0.0001465630954125751
764,प्रदध्मतुः,1,0.0001465630954125751
765,पाञ्चजन्यं,1,0.0001465630954125751
766,देवदत्तं,1,0.0001465630954125751
767,पौण्ड्रं,1,0.0001465630954125751
768,महाशङ्खं,1,0.0001465630954125751
769,भीमकर्मा,1,0.0001465630954125751
770,वृकोदरः,1,0.0001465630954125751
771,अनन्तविजयं,1,0.0001465630954125751
772,कुन्तीपुत्रो,1,0.0001465630954125751
773,युधिष्ठिरः,1,0.0001465630954125751
774,नकुलः,1,0.0001465630954125751
775,सहदेवश्च,1,0.0001465630954125751
776,सुघोषमणिपुष्पकौ,1,0.0001465630954125751
777,काश्यश्च,1,0.0001465630954125751
778,परमेष्वासः,1,0.0001465630954125751
779,शिखण्डी,1,0.0001465630954125751
780,धृष्टद्युम्नो,1,0.0001465630954125751
781,सात्यकिश्चापराजितः,1,0.0001465630954125751
782,द्रुपदो,1,0.0001465630954125751
783,पृथिवीपते,1,0.0001465630954125751
784,सौभद्रश्च,1,0.0001465630954125751
785,महाबाहुः,1,0.0001465630954125751
786,शङ्खान्दध्मुः,1,0.0001465630954125751
787,पृथक्पृथक्,1,0.0001465630954125751
788,घोषो,1,0.0001465630954125751
789,धार्तराष्ट्राणां,1,0.0001465630954125751
790,हृदयानि,1,0.0001465630954125751
791,व्यदारयत्,1,0.0001465630954125751
792,नभश्च,1,0.0001465630954125751
793,पृथिवीं,1,0.0001465630954125751
794,तुमुलो,1,0.0001465630954125751
795,व्यनुनादयन्,1,0.0001465630954125751
796,व्यवस्थितान्,1,0.0001465630954125751
797,धार्तराष्ट्रान्कपिध्वजः,1,0.0001465630954125751
798,प्रवृत्ते,1,0.0001465630954125751
799,शस्त्रसंपाते,1,0.0001465630954125751
800,धनुरुद्यम्य,1,0.0001465630954125751
801,पाण्डवः,1,0.0001465630954125751
802,वाक्यमिदमाह,1,0.0001465630954125751
803,महीपते,1,0.0001465630954125751
804,रथं,1,0.0001465630954125751
805,स्थापय,1,0.0001465630954125751
806,च्युत,1,0.0001465630954125751
807,यावदेतान्निरीक्षे,1,0.0001465630954125751
808,योद्धुकामानवस्थितान्,1,0.0001465630954125751
809,कैर्मया,1,0.0001465630954125751
810,सह,1,0.0001465630954125751
811,योद्धव्यमस्मिन्रणसमुद्यमे,1,0.0001465630954125751
812,योत्स्यमानानवेक्षे,1,0.0001465630954125751
813,एते,1,0.0001465630954125751
814,समागताः,1,0.0001465630954125751
815,धार्तराष्ट्रस्य,1,0.0001465630954125751
816,दुर्बुद्धेर्युद्धे,1,0.0001465630954125751
817,प्रियचिकीर्षवः,1,0.0001465630954125751
818,संजय,1,0.0001465630954125751
819,एवमुक्तो,1,0.0001465630954125751
820,गुडाकेशेन,1,0.0001465630954125751
821,स्थापयित्वा,1,0.0001465630954125751
822,रथोत्तमम्,1,0.0001465630954125751
823,भीष्मद्रोणप्रमुखतः,1,0.0001465630954125751
824,महीक्षिताम्,1,0.0001465630954125751
825,पश्यैतान्समवेतान्कुरूनिति,1,0.0001465630954125751
826,तत्रापश्यत्स्थितान्पार्थः,1,0.0001465630954125751
827,पितृ़नथ,1,0.0001465630954125751
828,पितामहान्,1,0.0001465630954125751
829,आचार्यान्मातुलान्भ्रातृ़न्पुत्रान्पौत्रान्सखींस्तथा,1,0.0001465630954125751
830,श्वशुरान्सुहृदश्चैव,1,0.0001465630954125751
831,सेनयोरुभयोरपि,1,0.0001465630954125751
832,तान्समीक्ष्य,1,0.0001465630954125751
833,कौन्तेयः,1,0.0001465630954125751
834,सर्वान्बन्धूनवस्थितान्,1,0.0001465630954125751
835,विष्टो,1,0.0001465630954125751
836,विषीदन्निदमब्रवीत्,1,0.0001465630954125751
837,दृष्ट्वेमं,1,0.0001465630954125751
838,युयुत्सुं,1,0.0001465630954125751
839,सीदन्ति,1,0.0001465630954125751
840,गात्राणि,1,0.0001465630954125751
841,मुखं,1,0.0001465630954125751
842,परिशुष्यति,1,0.0001465630954125751
843,वेपथुश्च,1,0.0001465630954125751
844,रोमहर्षश्च,1,0.0001465630954125751
845,गाण्डीवं,1,0.0001465630954125751
846,स्रंसते,1,0.0001465630954125751
847,हस्तात्त्वक्चैव,1,0.0001465630954125751
848,परिदह्यते,1,0.0001465630954125751
849,शक्नोम्यवस्थातुं,1,0.0001465630954125751
850,भ्रमतीव,1,0.0001465630954125751
851,निमित्तानि,1,0.0001465630954125751
852,विपरीतानि,1,0.0001465630954125751
853,नुपश्यामि,1,0.0001465630954125751
854,स्वजनमाहवे,1,0.0001465630954125751
855,काङ्क्षे,1,0.0001465630954125751
856,विजयं,1,0.0001465630954125751
857,राज्येन,1,0.0001465630954125751
858,गोविन्द,1,0.0001465630954125751
859,भोगैर्जीवितेन,1,0.0001465630954125751
860,येषामर्थे,1,0.0001465630954125751
861,काङ्क्षितं,1,0.0001465630954125751
862,भोगाः,1,0.0001465630954125751
863,त,1,0.0001465630954125751
864,वस्थिता,1,0.0001465630954125751
865,प्राणांस्त्यक्त्वा,1,0.0001465630954125751
866,धनानि,1,0.0001465630954125751
867,आचार्याः,1,0.0001465630954125751
868,पितरः,1,0.0001465630954125751
869,पुत्रास्तथैव,1,0.0001465630954125751
870,पितामहाः,1,0.0001465630954125751
871,मातुलाः,1,0.0001465630954125751
872,श्चशुराः,1,0.0001465630954125751
873,पौत्राः,1,0.0001465630954125751
874,श्यालाः,1,0.0001465630954125751
875,सम्बन्धिनस्तथा,1,0.0001465630954125751
876,एतान्न,1,0.0001465630954125751
877,हन्तुमिच्छामि,1,0.0001465630954125751
878,घ्नतो,1,0.0001465630954125751
879,त्रैलोक्यराज्यस्य,1,0.0001465630954125751
880,हेतोः,1,0.0001465630954125751
881,महीकृते,1,0.0001465630954125751
882,निहत्य,1,0.0001465630954125751
883,धार्तराष्ट्रान्नः,1,0.0001465630954125751
884,प्रीतिः,1,0.0001465630954125751
885,स्याज्जनार्दन,1,0.0001465630954125751
886,पापमेवाश्रयेदस्मान्हत्वैतानाततायिनः,1,0.0001465630954125751
887,तस्मान्नार्हा,1,0.0001465630954125751
888,वयं,1,0.0001465630954125751
889,धार्तराष्ट्रान्स्वबान्धवान्,1,0.0001465630954125751
890,स्याम,1,0.0001465630954125751
891,माधव,1,0.0001465630954125751
892,यद्यप्येते,1,0.0001465630954125751
893,लोभोपहतचेतसः,1,0.0001465630954125751
894,मित्रद्रोहे,1,0.0001465630954125751
895,पातकम्,1,0.0001465630954125751
896,ज्ञेयमस्माभिः,1,0.0001465630954125751
897,पापादस्मान्निवर्तितुम्,1,0.0001465630954125751
898,प्रपश्यद्भिर्जनार्दन,1,0.0001465630954125751
899,कुलक्षये,1,0.0001465630954125751
900,प्रणश्यन्ति,1,0.0001465630954125751
901,कुलधर्माः,1,0.0001465630954125751
902,सनातनाः,1,0.0001465630954125751
903,धर्मे,1,0.0001465630954125751
904,नष्टे,1,0.0001465630954125751
905,कुलं,1,0.0001465630954125751
906,कृत्स्नमधर्मो,1,0.0001465630954125751
907,भिभवत्युत,1,0.0001465630954125751
908,अधर्माभिभवात्कृष्ण,1,0.0001465630954125751
909,प्रदुष्यन्ति,1,0.0001465630954125751
910,कुलस्त्रियः,1,0.0001465630954125751
911,स्त्रीषु,1,0.0001465630954125751
912,दुष्टासु,1,0.0001465630954125751
913,वर्णसङ्करः,1,0.0001465630954125751
914,सङ्करो,1,0.0001465630954125751
915,नरकायैव,1,0.0001465630954125751
916,कुलस्य,1,0.0001465630954125751
917,पितरो,1,0.0001465630954125751
918,ह्येषां,1,0.0001465630954125751
919,लुप्तपिण्डोदकक्रियाः,1,0.0001465630954125751
920,दोषैरेतैः,1,0.0001465630954125751
921,वर्णसङ्करकारकैः,1,0.0001465630954125751
922,उत्साद्यन्ते,1,0.0001465630954125751
923,जातिधर्माः,1,0.0001465630954125751
924,कुलधर्माश्च,1,0.0001465630954125751
925,शाश्वताः,1,0.0001465630954125751
926,उत्सन्नकुलधर्माणां,1,0.0001465630954125751
927,वासो,1,0.0001465630954125751
928,भवतीत्यनुशुश्रुम,1,0.0001465630954125751
929,अहो,1,0.0001465630954125751
930,बत,1,0.0001465630954125751
931,महत्पापं,1,0.0001465630954125751
932,व्यवसिता,1,0.0001465630954125751
933,वयम्,1,0.0001465630954125751
934,यद्राज्यसुखलोभेन,1,0.0001465630954125751
935,स्वजनमुद्यताः,1,0.0001465630954125751
936,मामप्रतीकारमशस्त्रं,1,0.0001465630954125751
937,शस्त्रपाणयः,1,0.0001465630954125751
938,धार्तराष्ट्रा,1,0.0001465630954125751
939,हन्युस्तन्मे,1,0.0001465630954125751
940,क्षेमतरं,1,0.0001465630954125751
941,भवेत्,1,0.0001465630954125751
942,र्जुनः,1,0.0001465630954125751
943,रथोपस्थ,1,0.0001465630954125751
944,उपाविशत्,1,0.0001465630954125751
945,विसृज्य,1,0.0001465630954125751
946,सशरं,1,0.0001465630954125751
947,चापं,1,0.0001465630954125751
948,शोकसंविग्नमानसः,1,0.0001465630954125751
949,विष्टमश्रुपूर्णाकुलेक्षणम्,1,0.0001465630954125751
950,वाक्यमुवाच,1,0.0001465630954125751
951,मधुसूदनः,1,0.0001465630954125751
952,कुतस्त्वा,1,0.0001465630954125751
953,कश्मलमिदं,1,0.0001465630954125751
954,विषमे,1,0.0001465630954125751
955,अनार्यजुष्टमस्वर्ग्यमकीर्तिकरमर्जुन,1,0.0001465630954125751
956,क्लैब्यं,1,0.0001465630954125751
957,स्म,1,0.0001465630954125751
958,गमः,1,0.0001465630954125751
959,नैतत्त्वय्युपपद्यते,1,0.0001465630954125751
960,क्षुद्रं,1,0.0001465630954125751
961,हृदयदौर्बल्यं,1,0.0001465630954125751
962,त्यक्त्वोत्तिष्ठ,1,0.0001465630954125751
963,भीष्ममहं,1,0.0001465630954125751
964,इषुभिः,1,0.0001465630954125751
965,प्रतियोत्स्यामि,1,0.0001465630954125751
966,पूजार्हावरिसूदन,1,0.0001465630954125751
967,गुरूनहत्वा,1,0.0001465630954125751
968,महानुभावान्,1,0.0001465630954125751
969,भोक्तुं,1,0.0001465630954125751
970,भैक्ष्यमपीह,1,0.0001465630954125751
971,हत्वार्थकामांस्तु,1,0.0001465630954125751
972,गुरूनिहैव,1,0.0001465630954125751
973,भुञ्जीय,1,0.0001465630954125751
974,भोगान्,1,0.0001465630954125751
975,रुधिरप्रदिग्धान्,1,0.0001465630954125751
976,चैतद्विद्मः,1,0.0001465630954125751
977,कतरन्नो,1,0.0001465630954125751
978,गरीयो,1,0.0001465630954125751
979,यद्वा,1,0.0001465630954125751
980,जयेम,1,0.0001465630954125751
981,जयेयुः,1,0.0001465630954125751
982,यानेव,1,0.0001465630954125751
983,जिजीविषाम,1,0.0001465630954125751
984,स्ते,1,0.0001465630954125751
985,प्रमुखे,1,0.0001465630954125751
986,धार्तराष्ट्राः,1,0.0001465630954125751
987,कार्पण्यदोषोपहतस्वभावः,1,0.0001465630954125751
988,पृच्छामि,1,0.0001465630954125751
989,धर्मसंमूढचेताः,1,0.0001465630954125751
990,यच्छ्रेयः,1,0.0001465630954125751
991,स्यान्निश्िचतं,1,0.0001465630954125751
992,शिष्यस्ते,1,0.0001465630954125751
993,शाधि,1,0.0001465630954125751
994,प्रपन्नम्,1,0.0001465630954125751
995,प्रपश्यामि,1,0.0001465630954125751
996,ममापनुद्या,1,0.0001465630954125751
997,द्यच्छोकमुच्छोषणमिन्द्रियाणाम्,1,0.0001465630954125751
998,अवाप्य,1,0.0001465630954125751
999,भूमावसपत्नमृद्धम्,1,0.0001465630954125751
1000,सुराणामपि,1,0.0001465630954125751
1001,चाधिपत्यम्,1,0.0001465630954125751
1002,गुडाकेशः,1,0.0001465630954125751
1003,गोविन्दमुक्त्वा,1,0.0001465630954125751
1004,तूष्णीं,1,0.0001465630954125751
1005,बभूव,1,0.0001465630954125751
1006,ह,1,0.0001465630954125751
1007,तमुवाच,1,0.0001465630954125751
1008,हृषीकेशः,1,0.0001465630954125751
1009,प्रहसन्निव,1,0.0001465630954125751
1010,अशोच्यानन्वशोचस्त्वं,1,0.0001465630954125751
1011,प्रज्ञावादांश्च,1,0.0001465630954125751
1012,भाषसे,1,0.0001465630954125751
1013,गतासूनगतासूंश्च,1,0.0001465630954125751
1014,नानुशोचन्ति,1,0.0001465630954125751
1015,त्वेवाहं,1,0.0001465630954125751
1016,नासं,1,0.0001465630954125751
1017,नेमे,1,0.0001465630954125751
1018,जनाधिपाः,1,0.0001465630954125751
1019,भविष्यामः,1,0.0001465630954125751
1020,वयमतः,1,0.0001465630954125751
1021,देहिनो,1,0.0001465630954125751
1022,स्मिन्यथा,1,0.0001465630954125751
1023,कौमारं,1,0.0001465630954125751
1024,यौवनं,1,0.0001465630954125751
1025,जरा,1,0.0001465630954125751
1026,देहान्तरप्राप्तिर्धीरस्तत्र,1,0.0001465630954125751
1027,मात्रास्पर्शास्तु,1,0.0001465630954125751
1028,शीतोष्णसुखदुःखदाः,1,0.0001465630954125751
1029,आगमापायिनो,1,0.0001465630954125751
1030,नित्यास्तांस्तितिक्षस्व,1,0.0001465630954125751
1031,व्यथयन्त्येते,1,0.0001465630954125751
1032,पुरुषर्षभ,1,0.0001465630954125751
1033,समदुःखसुखं,1,0.0001465630954125751
1034,धीरं,1,0.0001465630954125751
1035,मृतत्वाय,1,0.0001465630954125751
1036,नासतो,1,0.0001465630954125751
1037,नाभावो,1,0.0001465630954125751
1038,सतः,1,0.0001465630954125751
1039,उभयोरपि,1,0.0001465630954125751
1040,दृष्टो,1,0.0001465630954125751
1041,न्तस्त्वनयोस्तत्त्वदर्शिभिः,1,0.0001465630954125751
1042,अविनाशि,1,0.0001465630954125751
1043,विनाशमव्ययस्यास्य,1,0.0001465630954125751
1044,कर्तुमर्हति,1,0.0001465630954125751
1045,अन्तवन्त,1,0.0001465630954125751
1046,देहा,1,0.0001465630954125751
1047,नित्यस्योक्ताः,1,0.0001465630954125751
1048,शरीरिणः,1,0.0001465630954125751
1049,अनाशिनो,1,0.0001465630954125751
1050,प्रमेयस्य,1,0.0001465630954125751
1051,तस्माद्युध्यस्व,1,0.0001465630954125751
1052,एनं,1,0.0001465630954125751
1053,हन्तारं,1,0.0001465630954125751
1054,यश्चैनं,1,0.0001465630954125751
1055,हतम्,1,0.0001465630954125751
1056,उभौ,1,0.0001465630954125751
1057,तौ,1,0.0001465630954125751
1058,विजानीतो,1,0.0001465630954125751
1059,म्रियते,1,0.0001465630954125751
1060,कदाचि,1,0.0001465630954125751
1061,न्नायं,1,0.0001465630954125751
1062,शाश्वतो,1,0.0001465630954125751
1063,पुराणो,1,0.0001465630954125751
1064,हन्यमाने,1,0.0001465630954125751
1065,वेदाविनाशिनं,1,0.0001465630954125751
1066,एनमजमव्ययम्,1,0.0001465630954125751
1067,कं,1,0.0001465630954125751
1068,घातयति,1,0.0001465630954125751
1069,कम्,1,0.0001465630954125751
1070,वासांसि,1,0.0001465630954125751
1071,जीर्णानि,1,0.0001465630954125751
1072,गृह्णाति,1,0.0001465630954125751
1073,नरो,1,0.0001465630954125751
1074,पराणि,1,0.0001465630954125751
1075,शरीराणि,1,0.0001465630954125751
1076,जीर्णा,1,0.0001465630954125751
1077,न्यन्यानि,1,0.0001465630954125751
1078,छिन्दन्ति,1,0.0001465630954125751
1079,शस्त्राणि,1,0.0001465630954125751
1080,दहति,1,0.0001465630954125751
1081,क्लेदयन्त्यापो,1,0.0001465630954125751
1082,शोषयति,1,0.0001465630954125751
1083,मारुतः,1,0.0001465630954125751
1084,अच्छेद्यो,1,0.0001465630954125751
1085,यमदाह्यो,1,0.0001465630954125751
1086,यमक्लेद्यो,1,0.0001465630954125751
1087,शोष्य,1,0.0001465630954125751
1088,सर्वगतः,1,0.0001465630954125751
1089,स्थाणुरचलो,1,0.0001465630954125751
1090,यमचिन्त्यो,1,0.0001465630954125751
1091,यमविकार्यो,1,0.0001465630954125751
1092,यमुच्यते,1,0.0001465630954125751
1093,तस्मादेवं,1,0.0001465630954125751
1094,विदित्वैनं,1,0.0001465630954125751
1095,नानुशोचितुमर्हसि,1,0.0001465630954125751
1096,नित्यजातं,1,0.0001465630954125751
1097,तथापि,1,0.0001465630954125751
1098,जातस्य,1,0.0001465630954125751
1099,ध्रुवो,1,0.0001465630954125751
1100,मृत्युर्ध्रुवं,1,0.0001465630954125751
1101,मृतस्य,1,0.0001465630954125751
1102,तस्मादपरिहार्ये,1,0.0001465630954125751
1103,र्थे,1,0.0001465630954125751
1104,अव्यक्तादीनि,1,0.0001465630954125751
1105,व्यक्तमध्यानि,1,0.0001465630954125751
1106,अव्यक्तनिधनान्येव,1,0.0001465630954125751
1107,परिदेवना,1,0.0001465630954125751
1108,आश्चर्यवत्पश्यति,1,0.0001465630954125751
1109,कश्चिदेन,1,0.0001465630954125751
1110,माश्चर्यवद्वदति,1,0.0001465630954125751
1111,चान्यः,1,0.0001465630954125751
1112,आश्चर्यवच्चैनमन्यः,1,0.0001465630954125751
1113,श्रृणोति,1,0.0001465630954125751
1114,श्रुत्वाप्येनं,1,0.0001465630954125751
1115,नित्यमवध्यो,1,0.0001465630954125751
1116,तस्मात्सर्वाणि,1,0.0001465630954125751
1117,स्वधर्ममपि,1,0.0001465630954125751
1118,चावेक्ष्य,1,0.0001465630954125751
1119,विकम्पितुमर्हसि,1,0.0001465630954125751
1120,धर्म्याद्धि,1,0.0001465630954125751
1121,युद्धाछ्रेयो,1,0.0001465630954125751
1122,न्यत्क्षत्रियस्य,1,0.0001465630954125751
1123,यदृच्छया,1,0.0001465630954125751
1124,चोपपन्नं,1,0.0001465630954125751
1125,स्वर्गद्वारमपावृतम्,1,0.0001465630954125751
1126,क्षत्रियाः,1,0.0001465630954125751
1127,युद्धमीदृशम्,1,0.0001465630954125751
1128,चैत्त्वमिमं,1,0.0001465630954125751
1129,संग्रामं,1,0.0001465630954125751
1130,करिष्यसि,1,0.0001465630954125751
1131,स्वधर्मं,1,0.0001465630954125751
1132,कीर्तिं,1,0.0001465630954125751
1133,हित्वा,1,0.0001465630954125751
1134,अकीर्तिं,1,0.0001465630954125751
1135,कथयिष्यन्ति,1,0.0001465630954125751
1136,व्ययाम्,1,0.0001465630954125751
1137,संभावितस्य,1,0.0001465630954125751
1138,चाकीर्तिर्मरणादतिरिच्यते,1,0.0001465630954125751
1139,भयाद्रणादुपरतं,1,0.0001465630954125751
1140,मंस्यन्ते,1,0.0001465630954125751
1141,बहुमतो,1,0.0001465630954125751
1142,लाघवम्,1,0.0001465630954125751
1143,अवाच्यवादांश्च,1,0.0001465630954125751
1144,बहून्,1,0.0001465630954125751
1145,वदिष्यन्ति,1,0.0001465630954125751
1146,तवाहिताः,1,0.0001465630954125751
1147,निन्दन्तस्तव,1,0.0001465630954125751
1148,सामर्थ्यं,1,0.0001465630954125751
1149,दुःखतरं,1,0.0001465630954125751
1150,हतो,1,0.0001465630954125751
1151,स्वर्गं,1,0.0001465630954125751
1152,भोक्ष्यसे,1,0.0001465630954125751
1153,महीम्,1,0.0001465630954125751
1154,तस्मादुत्तिष्ठ,1,0.0001465630954125751
1155,कृतनिश्चयः,1,0.0001465630954125751
1156,सुखदुःखे,1,0.0001465630954125751
1157,समे,1,0.0001465630954125751
1158,लाभालाभौ,1,0.0001465630954125751
1159,जयाजयौ,1,0.0001465630954125751
1160,भिहिता,1,0.0001465630954125751
1161,बुद्धिर्योगे,1,0.0001465630954125751
1162,त्विमां,1,0.0001465630954125751
1163,बुद्ध्यायुक्तो,1,0.0001465630954125751
1164,कर्मबन्धं,1,0.0001465630954125751
1165,प्रहास्यसि,1,0.0001465630954125751
1166,नेहाभिक्रमनाशो,1,0.0001465630954125751
1167,प्रत्यवायो,1,0.0001465630954125751
1168,स्वल्पमप्यस्य,1,0.0001465630954125751
1169,त्रायते,1,0.0001465630954125751
1170,महतो,1,0.0001465630954125751
1171,भयात्,1,0.0001465630954125751
1172,बुद्धिरेकेह,1,0.0001465630954125751
1173,बहुशाखा,1,0.0001465630954125751
1174,ह्यनन्ताश्च,1,0.0001465630954125751
1175,बुद्धयो,1,0.0001465630954125751
1176,व्यवसायिनाम्,1,0.0001465630954125751
1177,यामिमां,1,0.0001465630954125751
1178,पुष्पितां,1,0.0001465630954125751
1179,वाचं,1,0.0001465630954125751
1180,प्रवदन्त्यविपश्चितः,1,0.0001465630954125751
1181,वेदवादरताः,1,0.0001465630954125751
1182,नान्यदस्तीति,1,0.0001465630954125751
1183,वादिनः,1,0.0001465630954125751
1184,कामात्मानः,1,0.0001465630954125751
1185,स्वर्गपरा,1,0.0001465630954125751
1186,जन्मकर्मफलप्रदाम्,1,0.0001465630954125751
1187,क्रियाविशेषबहुलां,1,0.0001465630954125751
1188,भोगैश्वर्यगतिं,1,0.0001465630954125751
1189,प्रति,1,0.0001465630954125751
1190,भोगैश्वर्यप्रसक्तानां,1,0.0001465630954125751
1191,तयापहृतचेतसाम्,1,0.0001465630954125751
1192,समाधौ,1,0.0001465630954125751
1193,विधीयते,1,0.0001465630954125751
1194,त्रैगुण्यविषया,1,0.0001465630954125751
1195,वेदा,1,0.0001465630954125751
1196,निस्त्रैगुण्यो,1,0.0001465630954125751
1197,नित्यसत्त्वस्थो,1,0.0001465630954125751
1198,निर्योगक्षेम,1,0.0001465630954125751
1199,आत्मवान्,1,0.0001465630954125751
1200,यावानर्थ,1,0.0001465630954125751
1201,उदपाने,1,0.0001465630954125751
1202,संप्लुतोदके,1,0.0001465630954125751
1203,तावान्सर्वेषु,1,0.0001465630954125751
1204,ब्राह्मणस्य,1,0.0001465630954125751
1205,विजानतः,1,0.0001465630954125751
1206,कर्मण्येवाधिकारस्ते,1,0.0001465630954125751
1207,फलेषु,1,0.0001465630954125751
1208,कर्मफलहेतुर्भूर्मा,1,0.0001465630954125751
1209,सङ्गो,1,0.0001465630954125751
1210,स्त्वकर्मणि,1,0.0001465630954125751
1211,योगस्थः,1,0.0001465630954125751
1212,सिद्ध्यसिद्ध्योः,1,0.0001465630954125751
1213,समत्वं,1,0.0001465630954125751
1214,योग,1,0.0001465630954125751
1215,दूरेण,1,0.0001465630954125751
1216,ह्यवरं,1,0.0001465630954125751
1217,बुद्धियोगाद्धनञ्जय,1,0.0001465630954125751
1218,बुद्धौ,1,0.0001465630954125751
1219,शरणमन्विच्छ,1,0.0001465630954125751
1220,कृपणाः,1,0.0001465630954125751
1221,फलहेतवः,1,0.0001465630954125751
1222,बुद्धियुक्तो,1,0.0001465630954125751
1223,जहातीह,1,0.0001465630954125751
1224,उभे,1,0.0001465630954125751
1225,सुकृतदुष्कृते,1,0.0001465630954125751
1226,तस्माद्योगाय,1,0.0001465630954125751
1227,कौशलम्,1,0.0001465630954125751
1228,कर्मजं,1,0.0001465630954125751
1229,बुद्धियुक्ता,1,0.0001465630954125751
1230,मनीषिणः,1,0.0001465630954125751
1231,जन्मबन्धविनिर्मुक्ताः,1,0.0001465630954125751
1232,गच्छन्त्यनामयम्,1,0.0001465630954125751
1233,मोहकलिलं,1,0.0001465630954125751
1234,बुद्धिर्व्यतितरिष्यति,1,0.0001465630954125751
1235,गन्तासि,1,0.0001465630954125751
1236,निर्वेदं,1,0.0001465630954125751
1237,श्रोतव्यस्य,1,0.0001465630954125751
1238,श्रुतस्य,1,0.0001465630954125751
1239,श्रुतिविप्रतिपन्ना,1,0.0001465630954125751
1240,स्थास्यति,1,0.0001465630954125751
1241,निश्चला,1,0.0001465630954125751
1242,समाधावचला,1,0.0001465630954125751
1243,बुद्धिस्तदा,1,0.0001465630954125751
1244,योगमवाप्स्यसि,1,0.0001465630954125751
1245,स्थितप्रज्ञस्य,1,0.0001465630954125751
1246,भाषा,1,0.0001465630954125751
1247,समाधिस्थस्य,1,0.0001465630954125751
1248,स्थितधीः,1,0.0001465630954125751
1249,प्रभाषेत,1,0.0001465630954125751
1250,किमासीत,1,0.0001465630954125751
1251,व्रजेत,1,0.0001465630954125751
1252,प्रजहाति,1,0.0001465630954125751
1253,कामान्,1,0.0001465630954125751
1254,सर्वान्,1,0.0001465630954125751
1255,मनोगतान्,1,0.0001465630954125751
1256,आत्मन्येवात्मना,1,0.0001465630954125751
1257,तुष्टः,1,0.0001465630954125751
1258,स्थितप्रज्ञस्तदोच्यते,1,0.0001465630954125751
1259,दुःखेष्वनुद्विग्नमनाः,1,0.0001465630954125751
1260,सुखेषु,1,0.0001465630954125751
1261,वीतरागभयक्रोधः,1,0.0001465630954125751
1262,स्थितधीर्मुनिरुच्यते,1,0.0001465630954125751
1263,सर्वत्रानभिस्नेहस्तत्तत्प्राप्य,1,0.0001465630954125751
1264,शुभाशुभम्,1,0.0001465630954125751
1265,नाभिनन्दति,1,0.0001465630954125751
1266,संहरते,1,0.0001465630954125751
1267,चायं,1,0.0001465630954125751
1268,कूर्मो,1,0.0001465630954125751
1269,ङ्गानीव,1,0.0001465630954125751
1270,विषया,1,0.0001465630954125751
1271,विनिवर्तन्ते,1,0.0001465630954125751
1272,निराहारस्य,1,0.0001465630954125751
1273,देहिनः,1,0.0001465630954125751
1274,रसवर्जं,1,0.0001465630954125751
1275,प्यस्य,1,0.0001465630954125751
1276,यततो,1,0.0001465630954125751
1277,पुरुषस्य,1,0.0001465630954125751
1278,विपश्चितः,1,0.0001465630954125751
1279,प्रमाथीनि,1,0.0001465630954125751
1280,हरन्ति,1,0.0001465630954125751
1281,वशे,1,0.0001465630954125751
1282,यस्येन्द्रियाणि,1,0.0001465630954125751
1283,ध्यायतो,1,0.0001465630954125751
1284,विषयान्पुंसः,1,0.0001465630954125751
1285,सङ्गस्तेषूपजायते,1,0.0001465630954125751
1286,सङ्गात्,1,0.0001465630954125751
1287,संजायते,1,0.0001465630954125751
1288,कामात्क्रोधो,1,0.0001465630954125751
1289,क्रोधाद्भवति,1,0.0001465630954125751
1290,संमोहः,1,0.0001465630954125751
1291,संमोहात्स्मृतिविभ्रमः,1,0.0001465630954125751
1292,स्मृतिभ्रंशाद्,1,0.0001465630954125751
1293,बुद्धिनाशो,1,0.0001465630954125751
1294,बुद्धिनाशात्प्रणश्यति,1,0.0001465630954125751
1295,रागद्वेषवियुक्तैस्तु,1,0.0001465630954125751
1296,विषयानिन्द्रियैश्चरन्,1,0.0001465630954125751
1297,आत्मवश्यैर्विधेयात्मा,1,0.0001465630954125751
1298,प्रसादमधिगच्छति,1,0.0001465630954125751
1299,प्रसादे,1,0.0001465630954125751
1300,सर्वदुःखानां,1,0.0001465630954125751
1301,हानिरस्योपजायते,1,0.0001465630954125751
1302,प्रसन्नचेतसो,1,0.0001465630954125751
1303,ह्याशु,1,0.0001465630954125751
1304,पर्यवतिष्ठते,1,0.0001465630954125751
1305,बुद्धिरयुक्तस्य,1,0.0001465630954125751
1306,चायुक्तस्य,1,0.0001465630954125751
1307,भावना,1,0.0001465630954125751
1308,चाभावयतः,1,0.0001465630954125751
1309,शान्तिरशान्तस्य,1,0.0001465630954125751
1310,कुतः,1,0.0001465630954125751
1311,सुखम्,1,0.0001465630954125751
1312,चरतां,1,0.0001465630954125751
1313,यन्मनो,1,0.0001465630954125751
1314,नुविधीयते,1,0.0001465630954125751
1315,तदस्य,1,0.0001465630954125751
1316,हरति,1,0.0001465630954125751
1317,प्रज्ञां,1,0.0001465630954125751
1318,वायुर्नावमिवाम्भसि,1,0.0001465630954125751
1319,तस्माद्यस्य,1,0.0001465630954125751
1320,निगृहीतानि,1,0.0001465630954125751
1321,तस्यां,1,0.0001465630954125751
1322,जागर्ति,1,0.0001465630954125751
1323,संयमी,1,0.0001465630954125751
1324,यस्यां,1,0.0001465630954125751
1325,जाग्रति,1,0.0001465630954125751
1326,पश्यतो,1,0.0001465630954125751
1327,मुनेः,1,0.0001465630954125751
1328,आपूर्यमाणमचलप्रतिष्ठं,1,0.0001465630954125751
1329,समुद्रमापः,1,0.0001465630954125751
1330,यद्वत्,1,0.0001465630954125751
1331,तद्वत्कामा,1,0.0001465630954125751
1332,कामकामी,1,0.0001465630954125751
1333,कामान्यः,1,0.0001465630954125751
1334,सर्वान्पुमांश्चरति,1,0.0001465630954125751
1335,निरहंकारः,1,0.0001465630954125751
1336,शांतिमधिगच्छति,1,0.0001465630954125751
1337,ब्राह्मी,1,0.0001465630954125751
1338,नैनां,1,0.0001465630954125751
1339,विमुह्यति,1,0.0001465630954125751
1340,स्थित्वा,1,0.0001465630954125751
1341,स्यामन्तकाले,1,0.0001465630954125751
1342,ब्रह्मनिर्वाणमृच्छति,1,0.0001465630954125751
1343,ज्यायसी,1,0.0001465630954125751
1344,चेत्कर्मणस्ते,1,0.0001465630954125751
1345,बुद्धिर्जनार्दन,1,0.0001465630954125751
1346,तत्किं,1,0.0001465630954125751
1347,घोरे,1,0.0001465630954125751
1348,नियोजयसि,1,0.0001465630954125751
1349,व्यामिश्रेणेव,1,0.0001465630954125751
1350,वाक्येन,1,0.0001465630954125751
1351,मोहयसीव,1,0.0001465630954125751
1352,तदेकं,1,0.0001465630954125751
1353,वद,1,0.0001465630954125751
1354,निश्िचत्य,1,0.0001465630954125751
1355,हमाप्नुयाम्,1,0.0001465630954125751
1356,स्मिन्द्विविधा,1,0.0001465630954125751
1357,प्रोक्ता,1,0.0001465630954125751
1358,मयानघ,1,0.0001465630954125751
1359,ज्ञानयोगेन,1,0.0001465630954125751
1360,सांख्यानां,1,0.0001465630954125751
1361,योगिनाम्,1,0.0001465630954125751
1362,कर्मणामनारम्भान्नैष्कर्म्यं,1,0.0001465630954125751
1363,श्नुते,1,0.0001465630954125751
1364,संन्यसनादेव,1,0.0001465630954125751
1365,समधिगच्छति,1,0.0001465630954125751
1366,कश्िचत्क्षणमपि,1,0.0001465630954125751
1367,तिष्ठत्यकर्मकृत्,1,0.0001465630954125751
1368,कार्यते,1,0.0001465630954125751
1369,ह्यवशः,1,0.0001465630954125751
1370,प्रकृतिजैर्गुणैः,1,0.0001465630954125751
1371,कर्मेन्द्रियाणि,1,0.0001465630954125751
1372,आस्ते,1,0.0001465630954125751
1373,स्मरन्,1,0.0001465630954125751
1374,इन्द्रियार्थान्विमूढात्मा,1,0.0001465630954125751
1375,मिथ्याचारः,1,0.0001465630954125751
1376,यस्त्विन्द्रियाणि,1,0.0001465630954125751
1377,नियम्यारभते,1,0.0001465630954125751
1378,कर्मेन्द्रियैः,1,0.0001465630954125751
1379,कर्मयोगमसक्तः,1,0.0001465630954125751
1380,ज्यायो,1,0.0001465630954125751
1381,ह्यकर्मणः,1,0.0001465630954125751
1382,शरीरयात्रापि,1,0.0001465630954125751
1383,प्रसिद्ध्येदकर्मणः,1,0.0001465630954125751
1384,यज्ञार्थात्कर्मणो,1,0.0001465630954125751
1385,न्यत्र,1,0.0001465630954125751
1386,कर्मबन्धनः,1,0.0001465630954125751
1387,तदर्थं,1,0.0001465630954125751
1388,मुक्तसंगः,1,0.0001465630954125751
1389,सहयज्ञाः,1,0.0001465630954125751
1390,सृष्ट्वा,1,0.0001465630954125751
1391,पुरोवाच,1,0.0001465630954125751
1392,प्रजापतिः,1,0.0001465630954125751
1393,अनेन,1,0.0001465630954125751
1394,प्रसविष्यध्वमेष,1,0.0001465630954125751
1395,स्त्विष्टकामधुक्,1,0.0001465630954125751
1396,देवान्भावयतानेन,1,0.0001465630954125751
1397,भावयन्तु,1,0.0001465630954125751
1398,वः,1,0.0001465630954125751
1399,परस्परं,1,0.0001465630954125751
1400,भावयन्तः,1,0.0001465630954125751
1401,परमवाप्स्यथ,1,0.0001465630954125751
1402,इष्टान्भोगान्हि,1,0.0001465630954125751
1403,दास्यन्ते,1,0.0001465630954125751
1404,यज्ञभाविताः,1,0.0001465630954125751
1405,तैर्दत्तानप्रदायैभ्यो,1,0.0001465630954125751
1406,स्तेन,1,0.0001465630954125751
1407,यज्ञशिष्टाशिनः,1,0.0001465630954125751
1408,सन्तो,1,0.0001465630954125751
1409,सर्वकिल्बिषैः,1,0.0001465630954125751
1410,भुञ्जते,1,0.0001465630954125751
1411,त्वघं,1,0.0001465630954125751
1412,पापा,1,0.0001465630954125751
1413,पचन्त्यात्मकारणात्,1,0.0001465630954125751
1414,अन्नाद्भवन्ति,1,0.0001465630954125751
1415,पर्जन्यादन्नसम्भवः,1,0.0001465630954125751
1416,यज्ञाद्भवति,1,0.0001465630954125751
1417,पर्जन्यो,1,0.0001465630954125751
1418,कर्मसमुद्भवः,1,0.0001465630954125751
1419,ब्रह्मोद्भवं,1,0.0001465630954125751
1420,ब्रह्माक्षरसमुद्भवम्,1,0.0001465630954125751
1421,तस्मात्सर्वगतं,1,0.0001465630954125751
1422,प्रतिष्ठितम्,1,0.0001465630954125751
1423,प्रवर्तितं,1,0.0001465630954125751
1424,चक्रं,1,0.0001465630954125751
1425,नानुवर्तयतीह,1,0.0001465630954125751
1426,अघायुरिन्द्रियारामो,1,0.0001465630954125751
1427,मोघं,1,0.0001465630954125751
1428,जीवति,1,0.0001465630954125751
1429,यस्त्वात्मरतिरेव,1,0.0001465630954125751
1430,स्यादात्मतृप्तश्च,1,0.0001465630954125751
1431,आत्मन्येव,1,0.0001465630954125751
1432,सन्तुष्टस्तस्य,1,0.0001465630954125751
1433,कृतेनार्थो,1,0.0001465630954125751
1434,नाकृतेनेह,1,0.0001465630954125751
1435,चास्य,1,0.0001465630954125751
1436,कश्िचदर्थव्यपाश्रयः,1,0.0001465630954125751
1437,तस्मादसक्तः,1,0.0001465630954125751
1438,असक्तो,1,0.0001465630954125751
1439,ह्याचरन्कर्म,1,0.0001465630954125751
1440,परमाप्नोति,1,0.0001465630954125751
1441,कर्मणैव,1,0.0001465630954125751
1442,संसिद्धिमास्थिता,1,0.0001465630954125751
1443,जनकादयः,1,0.0001465630954125751
1444,लोकसंग्रहमेवापि,1,0.0001465630954125751
1445,संपश्यन्कर्तुमर्हसि,1,0.0001465630954125751
1446,यद्यदाचरति,1,0.0001465630954125751
1447,श्रेष्ठस्तत्तदेवेतरो,1,0.0001465630954125751
1448,जनः,1,0.0001465630954125751
1449,यत्प्रमाणं,1,0.0001465630954125751
1450,कुरुते,1,0.0001465630954125751
1451,लोकस्तदनुवर्तते,1,0.0001465630954125751
1452,पार्थास्ति,1,0.0001465630954125751
1453,कर्तव्यं,1,0.0001465630954125751
1454,त्रिषु,1,0.0001465630954125751
1455,लोकेषु,1,0.0001465630954125751
1456,किञ्चन,1,0.0001465630954125751
1457,नानवाप्तमवाप्तव्यं,1,0.0001465630954125751
1458,वर्त,1,0.0001465630954125751
1459,ह्यहं,1,0.0001465630954125751
1460,वर्तेयं,1,0.0001465630954125751
1461,कर्मण्यतन्द्रितः,1,0.0001465630954125751
1462,उत्सीदेयुरिमे,1,0.0001465630954125751
1463,कुर्यां,1,0.0001465630954125751
1464,चेदहम्,1,0.0001465630954125751
1465,सङ्करस्य,1,0.0001465630954125751
1466,स्यामुपहन्यामिमाः,1,0.0001465630954125751
1467,सक्ताः,1,0.0001465630954125751
1468,कर्मण्यविद्वांसो,1,0.0001465630954125751
1469,कुर्याद्विद्वांस्तथासक्तश्िचकीर्षुर्लोकसंग्रहम्,1,0.0001465630954125751
1470,बुद्धिभेदं,1,0.0001465630954125751
1471,जनयेदज्ञानां,1,0.0001465630954125751
1472,कर्मसङ्गिनाम्,1,0.0001465630954125751
1473,जोषयेत्सर्वकर्माणि,1,0.0001465630954125751
1474,विद्वान्,1,0.0001465630954125751
1475,समाचरन्,1,0.0001465630954125751
1476,प्रकृतेः,1,0.0001465630954125751
1477,गुणैः,1,0.0001465630954125751
1478,अहङ्कारविमूढात्मा,1,0.0001465630954125751
1479,हमिति,1,0.0001465630954125751
1480,तत्त्ववित्तु,1,0.0001465630954125751
1481,गुणकर्मविभागयोः,1,0.0001465630954125751
1482,गुणेषु,1,0.0001465630954125751
1483,सज्जते,1,0.0001465630954125751
1484,प्रकृतेर्गुणसम्मूढाः,1,0.0001465630954125751
1485,सज्जन्ते,1,0.0001465630954125751
1486,गुणकर्मसु,1,0.0001465630954125751
1487,तानकृत्स्नविदो,1,0.0001465630954125751
1488,मन्दान्कृत्स्नविन्न,1,0.0001465630954125751
1489,विचालयेत्,1,0.0001465630954125751
1490,संन्यस्याध्यात्मचेतसा,1,0.0001465630954125751
1491,निराशीर्निर्ममो,1,0.0001465630954125751
1492,विगतज्वरः,1,0.0001465630954125751
1493,मतमिदं,1,0.0001465630954125751
1494,नित्यमनुतिष्ठन्ति,1,0.0001465630954125751
1495,मानवाः,1,0.0001465630954125751
1496,श्रद्धावन्तो,1,0.0001465630954125751
1497,नसूयन्तो,1,0.0001465630954125751
1498,कर्मभिः,1,0.0001465630954125751
1499,त्वेतदभ्यसूयन्तो,1,0.0001465630954125751
1500,नानुतिष्ठन्ति,1,0.0001465630954125751
1501,सर्वज्ञानविमूढांस्तान्विद्धि,1,0.0001465630954125751
1502,नष्टानचेतसः,1,0.0001465630954125751
1503,चेष्टते,1,0.0001465630954125751
1504,स्वस्याः,1,0.0001465630954125751
1505,प्रकृतेर्ज्ञानवानपि,1,0.0001465630954125751
1506,निग्रहः,1,0.0001465630954125751
1507,करिष्यति,1,0.0001465630954125751
1508,इन्द्रियस्येन्द्रियस्यार्थे,1,0.0001465630954125751
1509,व्यवस्थितौ,1,0.0001465630954125751
1510,तयोर्न,1,0.0001465630954125751
1511,वशमागच्छेत्तौ,1,0.0001465630954125751
1512,ह्यस्य,1,0.0001465630954125751
1513,परिपन्थिनौ,1,0.0001465630954125751
1514,स्वधर्मे,1,0.0001465630954125751
1515,निधनं,1,0.0001465630954125751
1516,परधर्मो,1,0.0001465630954125751
1517,भयावहः,1,0.0001465630954125751
1518,केन,1,0.0001465630954125751
1519,प्रयुक्तो,1,0.0001465630954125751
1520,चरति,1,0.0001465630954125751
1521,अनिच्छन्नपि,1,0.0001465630954125751
1522,बलादिव,1,0.0001465630954125751
1523,नियोजितः,1,0.0001465630954125751
1524,काम,1,0.0001465630954125751
1525,क्रोध,1,0.0001465630954125751
1526,रजोगुणसमुद्भवः,1,0.0001465630954125751
1527,महाशनो,1,0.0001465630954125751
1528,महापाप्मा,1,0.0001465630954125751
1529,विद्ध्येनमिह,1,0.0001465630954125751
1530,वैरिणम्,1,0.0001465630954125751
1531,धूमेनाव्रियते,1,0.0001465630954125751
1532,वह्निर्यथा,1,0.0001465630954125751
1533,दर्शो,1,0.0001465630954125751
1534,मलेन,1,0.0001465630954125751
1535,यथोल्बेनावृतो,1,0.0001465630954125751
1536,गर्भस्तथा,1,0.0001465630954125751
1537,तेनेदमावृतम्,1,0.0001465630954125751
1538,आवृतं,1,0.0001465630954125751
1539,ज्ञानमेतेन,1,0.0001465630954125751
1540,नित्यवैरिणा,1,0.0001465630954125751
1541,कामरूपेण,1,0.0001465630954125751
1542,दुष्पूरेणानलेन,1,0.0001465630954125751
1543,बुद्धिरस्याधिष्ठानमुच्यते,1,0.0001465630954125751
1544,एतैर्विमोहयत्येष,1,0.0001465630954125751
1545,तस्मात्त्वमिन्द्रियाण्यादौ,1,0.0001465630954125751
1546,पाप्मानं,1,0.0001465630954125751
1547,प्रजहि,1,0.0001465630954125751
1548,ज्ञानविज्ञाननाशनम्,1,0.0001465630954125751
1549,पराण्याहुरिन्द्रियेभ्यः,1,0.0001465630954125751
1550,मनसस्तु,1,0.0001465630954125751
1551,बुद्धिर्यो,1,0.0001465630954125751
1552,परतस्तु,1,0.0001465630954125751
1553,बुद्ध्वा,1,0.0001465630954125751
1554,संस्तभ्यात्मानमात्मना,1,0.0001465630954125751
1555,शत्रुं,1,0.0001465630954125751
1556,कामरूपं,1,0.0001465630954125751
1557,दुरासदम्,1,0.0001465630954125751
1558,विवस्वते,1,0.0001465630954125751
1559,प्रोक्तवानहमव्ययम्,1,0.0001465630954125751
1560,विवस्वान्,1,0.0001465630954125751
1561,मनवे,1,0.0001465630954125751
1562,प्राह,1,0.0001465630954125751
1563,मनुरिक्ष्वाकवे,1,0.0001465630954125751
1564,ब्रवीत्,1,0.0001465630954125751
1565,परम्पराप्राप्तमिमं,1,0.0001465630954125751
1566,राजर्षयो,1,0.0001465630954125751
1567,कालेनेह,1,0.0001465630954125751
1568,महता,1,0.0001465630954125751
1569,नष्टः,1,0.0001465630954125751
1570,द्य,1,0.0001465630954125751
1571,पुरातनः,1,0.0001465630954125751
1572,भक्तो,1,0.0001465630954125751
1573,सखा,1,0.0001465630954125751
1574,रहस्यं,1,0.0001465630954125751
1575,ह्येतदुत्तमम्,1,0.0001465630954125751
1576,अपरं,1,0.0001465630954125751
1577,विवस्वतः,1,0.0001465630954125751
1578,कथमेतद्विजानीयां,1,0.0001465630954125751
1579,त्वमादौ,1,0.0001465630954125751
1580,प्रोक्तवानिति,1,0.0001465630954125751
1581,बहूनि,1,0.0001465630954125751
1582,व्यतीतानि,1,0.0001465630954125751
1583,जन्मानि,1,0.0001465630954125751
1584,तान्यहं,1,0.0001465630954125751
1585,सन्नव्ययात्मा,1,0.0001465630954125751
1586,भूतानामीश्वरो,1,0.0001465630954125751
1587,सन्,1,0.0001465630954125751
1588,स्वामधिष्ठाय,1,0.0001465630954125751
1589,संभवाम्यात्ममायया,1,0.0001465630954125751
1590,ग्लानिर्भवति,1,0.0001465630954125751
1591,अभ्युत्थानमधर्मस्य,1,0.0001465630954125751
1592,सृजाम्यहम्,1,0.0001465630954125751
1593,परित्राणाय,1,0.0001465630954125751
1594,साधूनां,1,0.0001465630954125751
1595,विनाशाय,1,0.0001465630954125751
1596,दुष्कृताम्,1,0.0001465630954125751
1597,धर्मसंस्थापनार्थाय,1,0.0001465630954125751
1598,संभवामि,1,0.0001465630954125751
1599,दिव्यमेवं,1,0.0001465630954125751
1600,देहं,1,0.0001465630954125751
1601,नैति,1,0.0001465630954125751
1602,वीतरागभयक्रोधा,1,0.0001465630954125751
1603,मन्मया,1,0.0001465630954125751
1604,मामुपाश्रिताः,1,0.0001465630954125751
1605,ज्ञानतपसा,1,0.0001465630954125751
1606,पूता,1,0.0001465630954125751
1607,मद्भावमागताः,1,0.0001465630954125751
1608,तांस्तथैव,1,0.0001465630954125751
1609,भजाम्यहम्,1,0.0001465630954125751
1610,काङ्क्षन्तः,1,0.0001465630954125751
1611,यजन्त,1,0.0001465630954125751
1612,देवताः,1,0.0001465630954125751
1613,मानुषे,1,0.0001465630954125751
1614,सिद्धिर्भवति,1,0.0001465630954125751
1615,कर्मजा,1,0.0001465630954125751
1616,चातुर्वर्ण्यं,1,0.0001465630954125751
1617,सृष्टं,1,0.0001465630954125751
1618,गुणकर्मविभागशः,1,0.0001465630954125751
1619,कर्तारमपि,1,0.0001465630954125751
1620,विद्ध्यकर्तारमव्ययम्,1,0.0001465630954125751
1621,लिम्पन्ति,1,0.0001465630954125751
1622,कर्मफले,1,0.0001465630954125751
1623,भिजानाति,1,0.0001465630954125751
1624,कर्मभिर्न,1,0.0001465630954125751
1625,बध्यते,1,0.0001465630954125751
1626,पूर्वैरपि,1,0.0001465630954125751
1627,मुमुक्षुभिः,1,0.0001465630954125751
1628,कर्मैव,1,0.0001465630954125751
1629,तस्मात्त्वं,1,0.0001465630954125751
1630,पूर्वैः,1,0.0001465630954125751
1631,पूर्वतरं,1,0.0001465630954125751
1632,किमकर्मेति,1,0.0001465630954125751
1633,प्यत्र,1,0.0001465630954125751
1634,मोहिताः,1,0.0001465630954125751
1635,विकर्मणः,1,0.0001465630954125751
1636,अकर्मणश्च,1,0.0001465630954125751
1637,गहना,1,0.0001465630954125751
1638,गतिः,1,0.0001465630954125751
1639,कर्मण्यकर्म,1,0.0001465630954125751
1640,पश्येदकर्मणि,1,0.0001465630954125751
1641,बुद्धिमान्,1,0.0001465630954125751
1642,मनुष्येषु,1,0.0001465630954125751
1643,कृत्स्नकर्मकृत्,1,0.0001465630954125751
1644,समारम्भाः,1,0.0001465630954125751
1645,कामसङ्कल्पवर्जिताः,1,0.0001465630954125751
1646,ज्ञानाग्निदग्धकर्माणं,1,0.0001465630954125751
1647,तमाहुः,1,0.0001465630954125751
1648,पण्डितं,1,0.0001465630954125751
1649,बुधाः,1,0.0001465630954125751
1650,कर्मफलासङ्गं,1,0.0001465630954125751
1651,नित्यतृप्तो,1,0.0001465630954125751
1652,निराश्रयः,1,0.0001465630954125751
1653,कर्मण्यभिप्रवृत्तो,1,0.0001465630954125751
1654,किञ्चित्करोति,1,0.0001465630954125751
1655,निराशीर्यतचित्तात्मा,1,0.0001465630954125751
1656,त्यक्तसर्वपरिग्रहः,1,0.0001465630954125751
1657,यदृच्छालाभसन्तुष्टो,1,0.0001465630954125751
1658,द्वन्द्वातीतो,1,0.0001465630954125751
1659,विमत्सरः,1,0.0001465630954125751
1660,सिद्धावसिद्धौ,1,0.0001465630954125751
1661,कृत्वापि,1,0.0001465630954125751
1662,गतसङ्गस्य,1,0.0001465630954125751
1663,मुक्तस्य,1,0.0001465630954125751
1664,ज्ञानावस्थितचेतसः,1,0.0001465630954125751
1665,यज्ञायाचरतः,1,0.0001465630954125751
1666,प्रविलीयते,1,0.0001465630954125751
1667,ब्रह्मार्पणं,1,0.0001465630954125751
1668,ब्रह्महविर्ब्रह्माग्नौ,1,0.0001465630954125751
1669,ब्रह्मणा,1,0.0001465630954125751
1670,ब्रह्मैव,1,0.0001465630954125751
1671,गन्तव्यं,1,0.0001465630954125751
1672,ब्रह्मकर्मसमाधिना,1,0.0001465630954125751
1673,दैवमेवापरे,1,0.0001465630954125751
1674,ब्रह्माग्नावपरे,1,0.0001465630954125751
1675,यज्ञेनैवोपजुह्वति,1,0.0001465630954125751
1676,श्रोत्रादीनीन्द्रियाण्यन्ये,1,0.0001465630954125751
1677,संयमाग्निषु,1,0.0001465630954125751
1678,शब्दादीन्विषयानन्य,1,0.0001465630954125751
1679,इन्द्रियाग्निषु,1,0.0001465630954125751
1680,सर्वाणीन्द्रियकर्माणि,1,0.0001465630954125751
1681,प्राणकर्माणि,1,0.0001465630954125751
1682,आत्मसंयमयोगाग्नौ,1,0.0001465630954125751
1683,ज्ञानदीपिते,1,0.0001465630954125751
1684,द्रव्ययज्ञास्तपोयज्ञा,1,0.0001465630954125751
1685,योगयज्ञास्तथापरे,1,0.0001465630954125751
1686,स्वाध्यायज्ञानयज्ञाश्च,1,0.0001465630954125751
1687,यतयः,1,0.0001465630954125751
1688,संशितव्रताः,1,0.0001465630954125751
1689,अपाने,1,0.0001465630954125751
1690,प्राण,1,0.0001465630954125751
1691,प्राणे,1,0.0001465630954125751
1692,पानं,1,0.0001465630954125751
1693,परे,1,0.0001465630954125751
1694,प्राणापानगती,1,0.0001465630954125751
1695,रुद्ध्वा,1,0.0001465630954125751
1696,प्राणायामपरायणाः,1,0.0001465630954125751
1697,अपरे,1,0.0001465630954125751
1698,नियताहाराः,1,0.0001465630954125751
1699,प्राणान्प्राणेषु,1,0.0001465630954125751
1700,प्येते,1,0.0001465630954125751
1701,यज्ञविदो,1,0.0001465630954125751
1702,यज्ञक्षपितकल्मषाः,1,0.0001465630954125751
1703,यज्ञशिष्टामृतभुजो,1,0.0001465630954125751
1704,स्त्ययज्ञस्य,1,0.0001465630954125751
1705,कुतो़,1,0.0001465630954125751
1706,न्यः,1,0.0001465630954125751
1707,कुरुसत्तम,1,0.0001465630954125751
1708,बहुविधा,1,0.0001465630954125751
1709,यज्ञा,1,0.0001465630954125751
1710,वितता,1,0.0001465630954125751
1711,मुखे,1,0.0001465630954125751
1712,कर्मजान्विद्धि,1,0.0001465630954125751
1713,तान्सर्वानेवं,1,0.0001465630954125751
1714,विमोक्ष्यसे,1,0.0001465630954125751
1715,श्रेयान्द्रव्यमयाद्यज्ञाज्ज्ञानयज्ञः,1,0.0001465630954125751
1716,कर्माखिलं,1,0.0001465630954125751
1717,ज्ञाने,1,0.0001465630954125751
1718,परिसमाप्यते,1,0.0001465630954125751
1719,प्रणिपातेन,1,0.0001465630954125751
1720,परिप्रश्नेन,1,0.0001465630954125751
1721,सेवया,1,0.0001465630954125751
1722,उपदेक्ष्यन्ति,1,0.0001465630954125751
1723,ज्ञानिनस्तत्त्वदर्शिनः,1,0.0001465630954125751
1724,पुनर्मोहमेवं,1,0.0001465630954125751
1725,भूतान्यशेषेण,1,0.0001465630954125751
1726,द्रक्ष्यस्यात्मन्यथो,1,0.0001465630954125751
1727,चेदसि,1,0.0001465630954125751
1728,पापेभ्यः,1,0.0001465630954125751
1729,सर्वेभ्यः,1,0.0001465630954125751
1730,पापकृत्तमः,1,0.0001465630954125751
1731,ज्ञानप्लवेनैव,1,0.0001465630954125751
1732,वृजिनं,1,0.0001465630954125751
1733,सन्तरिष्यसि,1,0.0001465630954125751
1734,यथैधांसि,1,0.0001465630954125751
1735,समिद्धो,1,0.0001465630954125751
1736,ग्निर्भस्मसात्कुरुते,1,0.0001465630954125751
1737,ज्ञानाग्निः,1,0.0001465630954125751
1738,भस्मसात्कुरुते,1,0.0001465630954125751
1739,पवित्रमिह,1,0.0001465630954125751
1740,तत्स्वयं,1,0.0001465630954125751
1741,योगसंसिद्धः,1,0.0001465630954125751
1742,कालेनात्मनि,1,0.0001465630954125751
1743,श्रद्धावाँल्लभते,1,0.0001465630954125751
1744,तत्परः,1,0.0001465630954125751
1745,संयतेन्द्रियः,1,0.0001465630954125751
1746,शान्तिमचिरेणाधिगच्छति,1,0.0001465630954125751
1747,अज्ञश्चाश्रद्दधानश्च,1,0.0001465630954125751
1748,संशयात्मा,1,0.0001465630954125751
1749,परो,1,0.0001465630954125751
1750,संशयात्मनः,1,0.0001465630954125751
1751,योगसंन्यस्तकर्माणं,1,0.0001465630954125751
1752,ज्ञानसंछिन्नसंशयम्,1,0.0001465630954125751
1753,आत्मवन्तं,1,0.0001465630954125751
1754,तस्मादज्ञानसंभूतं,1,0.0001465630954125751
1755,हृत्स्थं,1,0.0001465630954125751
1756,ज्ञानासिना,1,0.0001465630954125751
1757,त्मनः,1,0.0001465630954125751
1758,छित्त्वैनं,1,0.0001465630954125751
1759,योगमातिष्ठोत्तिष्ठ,1,0.0001465630954125751
1760,पुनर्योगं,1,0.0001465630954125751
1761,शंससि,1,0.0001465630954125751
1762,यच्छ्रेय,1,0.0001465630954125751
1763,एतयोरेकं,1,0.0001465630954125751
1764,सुनिश्िचतम्,1,0.0001465630954125751
1765,कर्मयोगश्च,1,0.0001465630954125751
1766,निःश्रेयसकरावुभौ,1,0.0001465630954125751
1767,तयोस्तु,1,0.0001465630954125751
1768,कर्मसंन्यासात्कर्मयोगो,1,0.0001465630954125751
1769,ज्ञेयः,1,0.0001465630954125751
1770,नित्यसंन्यासी,1,0.0001465630954125751
1771,बन्धात्प्रमुच्यते,1,0.0001465630954125751
1772,सांख्ययोगौ,1,0.0001465630954125751
1773,पृथग्बालाः,1,0.0001465630954125751
1774,प्रवदन्ति,1,0.0001465630954125751
1775,एकमप्यास्थितः,1,0.0001465630954125751
1776,सम्यगुभयोर्विन्दते,1,0.0001465630954125751
1777,यत्सांख्यैः,1,0.0001465630954125751
1778,प्राप्यते,1,0.0001465630954125751
1779,तद्योगैरपि,1,0.0001465630954125751
1780,गम्यते,1,0.0001465630954125751
1781,एकं,1,0.0001465630954125751
1782,सांख्यं,1,0.0001465630954125751
1783,संन्यासस्तु,1,0.0001465630954125751
1784,दुःखमाप्तुमयोगतः,1,0.0001465630954125751
1785,मुनिर्ब्रह्म,1,0.0001465630954125751
1786,नचिरेणाधिगच्छति,1,0.0001465630954125751
1787,विशुद्धात्मा,1,0.0001465630954125751
1788,विजितात्मा,1,0.0001465630954125751
1789,जितेन्द्रियः,1,0.0001465630954125751
1790,सर्वभूतात्मभूतात्मा,1,0.0001465630954125751
1791,कुर्वन्नपि,1,0.0001465630954125751
1792,किंचित्करोमीति,1,0.0001465630954125751
1793,मन्येत,1,0.0001465630954125751
1794,तत्त्ववित्,1,0.0001465630954125751
1795,पश्यन्,1,0.0001465630954125751
1796,श्रृणवन्स्पृशञ्जिघ्रन्नश्नन्गच्छन्स्वपन्,1,0.0001465630954125751
1797,श्वसन्,1,0.0001465630954125751
1798,प्रलपन्विसृजन्गृह्णन्नुन्मिषन्निमिषन्नपि,1,0.0001465630954125751
1799,इन्द्रियाणीन्द्रियार्थेषु,1,0.0001465630954125751
1800,धारयन्,1,0.0001465630954125751
1801,ब्रह्मण्याधाय,1,0.0001465630954125751
1802,पापेन,1,0.0001465630954125751
1803,पद्मपत्रमिवाम्भसा,1,0.0001465630954125751
1804,कायेन,1,0.0001465630954125751
1805,केवलैरिन्द्रियैरपि,1,0.0001465630954125751
1806,त्मशुद्धये,1,0.0001465630954125751
1807,नैष्ठिकीम्,1,0.0001465630954125751
1808,कामकारेण,1,0.0001465630954125751
1809,फले,1,0.0001465630954125751
1810,सक्तो,1,0.0001465630954125751
1811,संन्यस्यास्ते,1,0.0001465630954125751
1812,वशी,1,0.0001465630954125751
1813,नवद्वारे,1,0.0001465630954125751
1814,पुरे,1,0.0001465630954125751
1815,कुर्वन्न,1,0.0001465630954125751
1816,कारयन्,1,0.0001465630954125751
1817,कर्तृत्वं,1,0.0001465630954125751
1818,सृजति,1,0.0001465630954125751
1819,कर्मफलसंयोगं,1,0.0001465630954125751
1820,स्वभावस्तु,1,0.0001465630954125751
1821,नादत्ते,1,0.0001465630954125751
1822,कस्यचित्पापं,1,0.0001465630954125751
1823,सुकृतं,1,0.0001465630954125751
1824,विभुः,1,0.0001465630954125751
1825,अज्ञानेनावृतं,1,0.0001465630954125751
1826,मुह्यन्ति,1,0.0001465630954125751
1827,जन्तवः,1,0.0001465630954125751
1828,तदज्ञानं,1,0.0001465630954125751
1829,नाशितमात्मनः,1,0.0001465630954125751
1830,तेषामादित्यवज्ज्ञानं,1,0.0001465630954125751
1831,तत्परम्,1,0.0001465630954125751
1832,तद्बुद्धयस्तदात्मानस्तन्निष्ठास्तत्परायणाः,1,0.0001465630954125751
1833,गच्छन्त्यपुनरावृत्तिं,1,0.0001465630954125751
1834,ज्ञाननिर्धूतकल्मषाः,1,0.0001465630954125751
1835,विद्याविनयसंपन्ने,1,0.0001465630954125751
1836,ब्राह्मणे,1,0.0001465630954125751
1837,गवि,1,0.0001465630954125751
1838,हस्तिनि,1,0.0001465630954125751
1839,शुनि,1,0.0001465630954125751
1840,श्वपाके,1,0.0001465630954125751
1841,समदर्शिनः,1,0.0001465630954125751
1842,इहैव,1,0.0001465630954125751
1843,तैर्जितः,1,0.0001465630954125751
1844,सर्गो,1,0.0001465630954125751
1845,साम्ये,1,0.0001465630954125751
1846,निर्दोषं,1,0.0001465630954125751
1847,तस्माद्ब्रह्मणि,1,0.0001465630954125751
1848,स्थिताः,1,0.0001465630954125751
1849,प्रहृष्येत्प्रियं,1,0.0001465630954125751
1850,नोद्विजेत्प्राप्य,1,0.0001465630954125751
1851,चाप्रियम्,1,0.0001465630954125751
1852,स्थिरबुद्धिरसम्मूढो,1,0.0001465630954125751
1853,ब्रह्मविद्ब्रह्मणि,1,0.0001465630954125751
1854,बाह्यस्पर्शेष्वसक्तात्मा,1,0.0001465630954125751
1855,विन्दत्यात्मनि,1,0.0001465630954125751
1856,यत्सुखम्,1,0.0001465630954125751
1857,ब्रह्मयोगयुक्तात्मा,1,0.0001465630954125751
1858,सुखमक्षयमश्नुते,1,0.0001465630954125751
1859,संस्पर्शजा,1,0.0001465630954125751
1860,भोगा,1,0.0001465630954125751
1861,दुःखयोनय,1,0.0001465630954125751
1862,आद्यन्तवन्तः,1,0.0001465630954125751
1863,रमते,1,0.0001465630954125751
1864,बुधः,1,0.0001465630954125751
1865,शक्नोतीहैव,1,0.0001465630954125751
1866,सोढुं,1,0.0001465630954125751
1867,प्राक्शरीरविमोक्षणात्,1,0.0001465630954125751
1868,कामक्रोधोद्भवं,1,0.0001465630954125751
1869,वेगं,1,0.0001465630954125751
1870,सुखी,1,0.0001465630954125751
1871,न्तःसुखो,1,0.0001465630954125751
1872,न्तरारामस्तथान्तर्ज्योतिरेव,1,0.0001465630954125751
1873,ब्रह्मभूतो,1,0.0001465630954125751
1874,ब्रह्मनिर्वाणमृषयः,1,0.0001465630954125751
1875,क्षीणकल्मषाः,1,0.0001465630954125751
1876,छिन्नद्वैधा,1,0.0001465630954125751
1877,यतात्मानः,1,0.0001465630954125751
1878,कामक्रोधवियुक्तानां,1,0.0001465630954125751
1879,यतीनां,1,0.0001465630954125751
1880,यतचेतसाम्,1,0.0001465630954125751
1881,अभितो,1,0.0001465630954125751
1882,विदितात्मनाम्,1,0.0001465630954125751
1883,स्पर्शान्कृत्वा,1,0.0001465630954125751
1884,बहिर्बाह्यांश्चक्षुश्चैवान्तरे,1,0.0001465630954125751
1885,भ्रुवोः,1,0.0001465630954125751
1886,प्राणापानौ,1,0.0001465630954125751
1887,समौ,1,0.0001465630954125751
1888,नासाभ्यन्तरचारिणौ,1,0.0001465630954125751
1889,यतेन्द्रियमनोबुद्धिर्मुनिर्मोक्षपरायणः,1,0.0001465630954125751
1890,विगतेच्छाभयक्रोधो,1,0.0001465630954125751
1891,मुक्त,1,0.0001465630954125751
1892,भोक्तारं,1,0.0001465630954125751
1893,यज्ञतपसां,1,0.0001465630954125751
1894,सर्वलोकमहेश्वरम्,1,0.0001465630954125751
1895,सुहृदं,1,0.0001465630954125751
1896,शान्तिमृच्छति,1,0.0001465630954125751
1897,अनाश्रितः,1,0.0001465630954125751
1898,संन्यासी,1,0.0001465630954125751
1899,निरग्निर्न,1,0.0001465630954125751
1900,चाक्रियः,1,0.0001465630954125751
1901,संन्यासमिति,1,0.0001465630954125751
1902,प्राहुर्योगं,1,0.0001465630954125751
1903,ह्यसंन्यस्तसङ्कल्पो,1,0.0001465630954125751
1904,आरुरुक्षोर्मुनेर्योगं,1,0.0001465630954125751
1905,योगारूढस्य,1,0.0001465630954125751
1906,तस्यैव,1,0.0001465630954125751
1907,नेन्द्रियार्थेषु,1,0.0001465630954125751
1908,कर्मस्वनुषज्जते,1,0.0001465630954125751
1909,सर्वसङ्कल्पसंन्यासी,1,0.0001465630954125751
1910,योगारूढस्तदोच्यते,1,0.0001465630954125751
1911,उद्धरेदात्मना,1,0.0001465630954125751
1912,नात्मानमवसादयेत्,1,0.0001465630954125751
1913,आत्मैव,1,0.0001465630954125751
1914,ह्यात्मनो,1,0.0001465630954125751
1915,बन्धुरात्मैव,1,0.0001465630954125751
1916,रिपुरात्मनः,1,0.0001465630954125751
1917,बन्धुरात्मा,1,0.0001465630954125751
1918,त्मनस्तस्य,1,0.0001465630954125751
1919,येनात्मैवात्मना,1,0.0001465630954125751
1920,जितः,1,0.0001465630954125751
1921,अनात्मनस्तु,1,0.0001465630954125751
1922,शत्रुत्वे,1,0.0001465630954125751
1923,वर्तेतात्मैव,1,0.0001465630954125751
1924,शत्रुवत्,1,0.0001465630954125751
1925,जितात्मनः,1,0.0001465630954125751
1926,प्रशान्तस्य,1,0.0001465630954125751
1927,परमात्मा,1,0.0001465630954125751
1928,समाहितः,1,0.0001465630954125751
1929,ज्ञानविज्ञानतृप्तात्मा,1,0.0001465630954125751
1930,विजितेन्द्रियः,1,0.0001465630954125751
1931,सुहृन्मित्रार्युदासीनमध्यस्थद्वेष्यबन्धुषु,1,0.0001465630954125751
1932,साधुष्वपि,1,0.0001465630954125751
1933,पापेषु,1,0.0001465630954125751
1934,समबुद्धिर्विशिष्यते,1,0.0001465630954125751
1935,युञ्जीत,1,0.0001465630954125751
1936,सततमात्मानं,1,0.0001465630954125751
1937,रहसि,1,0.0001465630954125751
1938,एकाकी,1,0.0001465630954125751
1939,यतचित्तात्मा,1,0.0001465630954125751
1940,निराशीरपरिग्रहः,1,0.0001465630954125751
1941,प्रतिष्ठाप्य,1,0.0001465630954125751
1942,स्थिरमासनमात्मनः,1,0.0001465630954125751
1943,नात्युच्छ्रितं,1,0.0001465630954125751
1944,नातिनीचं,1,0.0001465630954125751
1945,चैलाजिनकुशोत्तरम्,1,0.0001465630954125751
1946,तत्रैकाग्रं,1,0.0001465630954125751
1947,यतचित्तेन्द्रियक्रियः,1,0.0001465630954125751
1948,उपविश्यासने,1,0.0001465630954125751
1949,युञ्ज्याद्योगमात्मविशुद्धये,1,0.0001465630954125751
1950,कायशिरोग्रीवं,1,0.0001465630954125751
1951,धारयन्नचलं,1,0.0001465630954125751
1952,स्थिरः,1,0.0001465630954125751
1953,संप्रेक्ष्य,1,0.0001465630954125751
1954,नासिकाग्रं,1,0.0001465630954125751
1955,स्वं,1,0.0001465630954125751
1956,दिशश्चानवलोकयन्,1,0.0001465630954125751
1957,प्रशान्तात्मा,1,0.0001465630954125751
1958,विगतभीर्ब्रह्मचारिव्रते,1,0.0001465630954125751
1959,मच्चित्तो,1,0.0001465630954125751
1960,नियतमानसः,1,0.0001465630954125751
1961,निर्वाणपरमां,1,0.0001465630954125751
1962,मत्संस्थामधिगच्छति,1,0.0001465630954125751
1963,नात्यश्नतस्तु,1,0.0001465630954125751
1964,चैकान्तमनश्नतः,1,0.0001465630954125751
1965,चातिस्वप्नशीलस्य,1,0.0001465630954125751
1966,जाग्रतो,1,0.0001465630954125751
1967,युक्ताहारविहारस्य,1,0.0001465630954125751
1968,युक्तचेष्टस्य,1,0.0001465630954125751
1969,युक्तस्वप्नावबोधस्य,1,0.0001465630954125751
1970,दुःखहा,1,0.0001465630954125751
1971,विनियतं,1,0.0001465630954125751
1972,चित्तमात्मन्येवावतिष्ठते,1,0.0001465630954125751
1973,सर्वकामेभ्यो,1,0.0001465630954125751
1974,दीपो,1,0.0001465630954125751
1975,निवातस्थो,1,0.0001465630954125751
1976,सोपमा,1,0.0001465630954125751
1977,स्मृता,1,0.0001465630954125751
1978,योगिनो,1,0.0001465630954125751
1979,यतचित्तस्य,1,0.0001465630954125751
1980,युञ्जतो,1,0.0001465630954125751
1981,योगमात्मनः,1,0.0001465630954125751
1982,यत्रोपरमते,1,0.0001465630954125751
1983,निरुद्धं,1,0.0001465630954125751
1984,योगसेवया,1,0.0001465630954125751
1985,चैवात्मना,1,0.0001465630954125751
1986,पश्यन्नात्मनि,1,0.0001465630954125751
1987,तुष्यति,1,0.0001465630954125751
1988,सुखमात्यन्तिकं,1,0.0001465630954125751
1989,यत्तद्बुद्धिग्राह्यमतीन्द्रियम्,1,0.0001465630954125751
1990,चैवायं,1,0.0001465630954125751
1991,स्थितश्चलति,1,0.0001465630954125751
1992,चापरं,1,0.0001465630954125751
1993,लाभं,1,0.0001465630954125751
1994,नाधिकं,1,0.0001465630954125751
1995,यस्मिन्स्थितो,1,0.0001465630954125751
1996,दुःखेन,1,0.0001465630954125751
1997,गुरुणापि,1,0.0001465630954125751
1998,विद्याद्,1,0.0001465630954125751
1999,दुःखसंयोगवियोगं,1,0.0001465630954125751
2000,योगसंज्ञितम्,1,0.0001465630954125751
2001,निश्चयेन,1,0.0001465630954125751
2002,योक्तव्यो,1,0.0001465630954125751
2003,निर्विण्णचेतसा,1,0.0001465630954125751
2004,सङ्कल्पप्रभवान्कामांस्त्यक्त्वा,1,0.0001465630954125751
2005,सर्वानशेषतः,1,0.0001465630954125751
2006,मनसैवेन्द्रियग्रामं,1,0.0001465630954125751
2007,विनियम्य,1,0.0001465630954125751
2008,समन्ततः,1,0.0001465630954125751
2009,शनैः,1,0.0001465630954125751
2010,शनैरुपरमेद्,1,0.0001465630954125751
2011,धृतिगृहीतया,1,0.0001465630954125751
2012,आत्मसंस्थं,1,0.0001465630954125751
2013,किञ्चिदपि,1,0.0001465630954125751
2014,चिन्तयेत्,1,0.0001465630954125751
2015,निश्चरति,1,0.0001465630954125751
2016,मनश्चञ्चलमस्थिरम्,1,0.0001465630954125751
2017,ततस्ततो,1,0.0001465630954125751
2018,नियम्यैतदात्मन्येव,1,0.0001465630954125751
2019,वशं,1,0.0001465630954125751
2020,नयेत्,1,0.0001465630954125751
2021,प्रशान्तमनसं,1,0.0001465630954125751
2022,योगिनं,1,0.0001465630954125751
2023,सुखमुत्तमम्,1,0.0001465630954125751
2024,उपैति,1,0.0001465630954125751
2025,शान्तरजसं,1,0.0001465630954125751
2026,ब्रह्मभूतमकल्मषम्,1,0.0001465630954125751
2027,विगतकल्मषः,1,0.0001465630954125751
2028,सुखेन,1,0.0001465630954125751
2029,ब्रह्मसंस्पर्शमत्यन्तं,1,0.0001465630954125751
2030,सुखमश्नुते,1,0.0001465630954125751
2031,सर्वभूतस्थमात्मानं,1,0.0001465630954125751
2032,चात्मनि,1,0.0001465630954125751
2033,ईक्षते,1,0.0001465630954125751
2034,योगयुक्तात्मा,1,0.0001465630954125751
2035,समदर्शनः,1,0.0001465630954125751
2036,प्रणश्यामि,1,0.0001465630954125751
2037,सर्वभूतस्थितं,1,0.0001465630954125751
2038,भजत्येकत्वमास्थितः,1,0.0001465630954125751
2039,आत्मौपम्येन,1,0.0001465630954125751
2040,परमो,1,0.0001465630954125751
2041,योगस्त्वया,1,0.0001465630954125751
2042,साम्येन,1,0.0001465630954125751
2043,एतस्याहं,1,0.0001465630954125751
2044,चञ्चलत्वात्,1,0.0001465630954125751
2045,स्थितिं,1,0.0001465630954125751
2046,स्थिराम्,1,0.0001465630954125751
2047,चञ्चलं,1,0.0001465630954125751
2048,प्रमाथि,1,0.0001465630954125751
2049,बलवद्दृढम्,1,0.0001465630954125751
2050,निग्रहं,1,0.0001465630954125751
2051,वायोरिव,1,0.0001465630954125751
2052,सुदुष्करम्,1,0.0001465630954125751
2053,दुर्निग्रहं,1,0.0001465630954125751
2054,चलं,1,0.0001465630954125751
2055,अभ्यासेन,1,0.0001465630954125751
2056,वैराग्येण,1,0.0001465630954125751
2057,गृह्यते,1,0.0001465630954125751
2058,असंयतात्मना,1,0.0001465630954125751
2059,दुष्प्राप,1,0.0001465630954125751
2060,वश्यात्मना,1,0.0001465630954125751
2061,यतता,1,0.0001465630954125751
2062,शक्यो,1,0.0001465630954125751
2063,वाप्तुमुपायतः,1,0.0001465630954125751
2064,अयतिः,1,0.0001465630954125751
2065,श्रद्धयोपेतो,1,0.0001465630954125751
2066,योगाच्चलितमानसः,1,0.0001465630954125751
2067,योगसंसिद्धिं,1,0.0001465630954125751
2068,कां,1,0.0001465630954125751
2069,गतिं,1,0.0001465630954125751
2070,कच्चिन्नोभयविभ्रष्टश्छिन्नाभ्रमिव,1,0.0001465630954125751
2071,नश्यति,1,0.0001465630954125751
2072,अप्रतिष्ठो,1,0.0001465630954125751
2073,विमूढो,1,0.0001465630954125751
2074,ब्रह्मणः,1,0.0001465630954125751
2075,पथि,1,0.0001465630954125751
2076,एतन्मे,1,0.0001465630954125751
2077,छेत्तुमर्हस्यशेषतः,1,0.0001465630954125751
2078,त्वदन्यः,1,0.0001465630954125751
2079,संशयस्यास्य,1,0.0001465630954125751
2080,छेत्ता,1,0.0001465630954125751
2081,ह्युपपद्यते,1,0.0001465630954125751
2082,नैवेह,1,0.0001465630954125751
2083,नामुत्र,1,0.0001465630954125751
2084,विनाशस्तस्य,1,0.0001465630954125751
2085,नहि,1,0.0001465630954125751
2086,कल्याणकृत्कश्िचद्दुर्गतिं,1,0.0001465630954125751
2087,तात,1,0.0001465630954125751
2088,पुण्यकृतां,1,0.0001465630954125751
2089,लोकानुषित्वा,1,0.0001465630954125751
2090,शाश्वतीः,1,0.0001465630954125751
2091,समाः,1,0.0001465630954125751
2092,शुचीनां,1,0.0001465630954125751
2093,श्रीमतां,1,0.0001465630954125751
2094,गेहे,1,0.0001465630954125751
2095,योगभ्रष्टो,1,0.0001465630954125751
2096,योगिनामेव,1,0.0001465630954125751
2097,कुले,1,0.0001465630954125751
2098,धीमताम्,1,0.0001465630954125751
2099,एतद्धि,1,0.0001465630954125751
2100,दुर्लभतरं,1,0.0001465630954125751
2101,यदीदृशम्,1,0.0001465630954125751
2102,बुद्धिसंयोगं,1,0.0001465630954125751
2103,पौर्वदेहिकम्,1,0.0001465630954125751
2104,यतते,1,0.0001465630954125751
2105,संसिद्धौ,1,0.0001465630954125751
2106,पूर्वाभ्यासेन,1,0.0001465630954125751
2107,ह्रियते,1,0.0001465630954125751
2108,ह्यवशो,1,0.0001465630954125751
2109,जिज्ञासुरपि,1,0.0001465630954125751
2110,योगस्य,1,0.0001465630954125751
2111,शब्दब्रह्मातिवर्तते,1,0.0001465630954125751
2112,प्रयत्नाद्यतमानस्तु,1,0.0001465630954125751
2113,संशुद्धकिल्बिषः,1,0.0001465630954125751
2114,अनेकजन्मसंसिद्धस्ततो,1,0.0001465630954125751
2115,तपस्विभ्यो,1,0.0001465630954125751
2116,धिको,1,0.0001465630954125751
2117,ज्ञानिभ्यो,1,0.0001465630954125751
2118,धिकः,1,0.0001465630954125751
2119,कर्मिभ्यश्चाधिको,1,0.0001465630954125751
2120,तस्माद्योगी,1,0.0001465630954125751
2121,योगिनामपि,1,0.0001465630954125751
2122,मद्गतेनान्तरात्मना,1,0.0001465630954125751
2123,श्रद्धावान्भजते,1,0.0001465630954125751
2124,युक्ततमो,1,0.0001465630954125751
2125,मय्यासक्तमनाः,1,0.0001465630954125751
2126,युञ्जन्मदाश्रयः,1,0.0001465630954125751
2127,ज्ञास्यसि,1,0.0001465630954125751
2128,सविज्ञानमिदं,1,0.0001465630954125751
2129,वक्ष्याम्यशेषतः,1,0.0001465630954125751
2130,नेह,1,0.0001465630954125751
2131,न्यज्ज्ञातव्यमवशिष्यते,1,0.0001465630954125751
2132,सहस्रेषु,1,0.0001465630954125751
2133,कश्िचद्यतति,1,0.0001465630954125751
2134,यततामपि,1,0.0001465630954125751
2135,कश्िचन्मां,1,0.0001465630954125751
2136,भूमिरापो,1,0.0001465630954125751
2137,नलो,1,0.0001465630954125751
2138,खं,1,0.0001465630954125751
2139,बुद्धिरेव,1,0.0001465630954125751
2140,अहङ्कार,1,0.0001465630954125751
2141,इतीयं,1,0.0001465630954125751
2142,भिन्ना,1,0.0001465630954125751
2143,प्रकृतिरष्टधा,1,0.0001465630954125751
2144,अपरेयमितस्त्वन्यां,1,0.0001465630954125751
2145,जीवभूतां,1,0.0001465630954125751
2146,ययेदं,1,0.0001465630954125751
2147,धार्यते,1,0.0001465630954125751
2148,एतद्योनीनि,1,0.0001465630954125751
2149,सर्वाणीत्युपधारय,1,0.0001465630954125751
2150,कृत्स्नस्य,1,0.0001465630954125751
2151,प्रलयस्तथा,1,0.0001465630954125751
2152,परतरं,1,0.0001465630954125751
2153,नान्यत्किञ्चिदस्ति,1,0.0001465630954125751
2154,प्रोतं,1,0.0001465630954125751
2155,सूत्रे,1,0.0001465630954125751
2156,मणिगणा,1,0.0001465630954125751
2157,इव,1,0.0001465630954125751
2158,हमप्सु,1,0.0001465630954125751
2159,प्रभास्मि,1,0.0001465630954125751
2160,शशिसूर्ययोः,1,0.0001465630954125751
2161,प्रणवः,1,0.0001465630954125751
2162,सर्ववेदेषु,1,0.0001465630954125751
2163,शब्दः,1,0.0001465630954125751
2164,खे,1,0.0001465630954125751
2165,पौरुषं,1,0.0001465630954125751
2166,नृषु,1,0.0001465630954125751
2167,पुण्यो,1,0.0001465630954125751
2168,गन्धः,1,0.0001465630954125751
2169,तेजश्चास्मि,1,0.0001465630954125751
2170,विभावसौ,1,0.0001465630954125751
2171,जीवनं,1,0.0001465630954125751
2172,तपश्चास्मि,1,0.0001465630954125751
2173,तपस्विषु,1,0.0001465630954125751
2174,बुद्धिर्बुद्धिमतामस्मि,1,0.0001465630954125751
2175,बलवतां,1,0.0001465630954125751
2176,कामरागविवर्जितम्,1,0.0001465630954125751
2177,धर्माविरुद्धो,1,0.0001465630954125751
2178,कामो,1,0.0001465630954125751
2179,राजसास्तामसाश्च,1,0.0001465630954125751
2180,एवेति,1,0.0001465630954125751
2181,तान्विद्धि,1,0.0001465630954125751
2182,नत्वहं,1,0.0001465630954125751
2183,त्रिभिर्गुणमयैर्भावैरेभिः,1,0.0001465630954125751
2184,मोहितं,1,0.0001465630954125751
2185,मामेभ्यः,1,0.0001465630954125751
2186,परमव्ययम्,1,0.0001465630954125751
2187,ह्येषा,1,0.0001465630954125751
2188,गुणमयी,1,0.0001465630954125751
2189,माया,1,0.0001465630954125751
2190,दुरत्यया,1,0.0001465630954125751
2191,मायामेतां,1,0.0001465630954125751
2192,तरन्ति,1,0.0001465630954125751
2193,दुष्कृतिनो,1,0.0001465630954125751
2194,मूढाः,1,0.0001465630954125751
2195,नराधमाः,1,0.0001465630954125751
2196,माययापहृतज्ञाना,1,0.0001465630954125751
2197,भावमाश्रिताः,1,0.0001465630954125751
2198,चतुर्विधा,1,0.0001465630954125751
2199,सुकृतिनो,1,0.0001465630954125751
2200,आर्तो,1,0.0001465630954125751
2201,जिज्ञासुरर्थार्थी,1,0.0001465630954125751
2202,नित्ययुक्त,1,0.0001465630954125751
2203,एकभक्ितर्विशिष्यते,1,0.0001465630954125751
2204,त्यर्थमहं,1,0.0001465630954125751
2205,उदाराः,1,0.0001465630954125751
2206,एवैते,1,0.0001465630954125751
2207,त्वात्मैव,1,0.0001465630954125751
2208,आस्थितः,1,0.0001465630954125751
2209,युक्तात्मा,1,0.0001465630954125751
2210,मामेवानुत्तमां,1,0.0001465630954125751
2211,बहूनां,1,0.0001465630954125751
2212,जन्मनामन्ते,1,0.0001465630954125751
2213,ज्ञानवान्मां,1,0.0001465630954125751
2214,प्रपद्यते,1,0.0001465630954125751
2215,वासुदेवः,1,0.0001465630954125751
2216,सर्वमिति,1,0.0001465630954125751
2217,महात्मा,1,0.0001465630954125751
2218,सुदुर्लभः,1,0.0001465630954125751
2219,कामैस्तैस्तैर्हृतज्ञानाः,1,0.0001465630954125751
2220,न्यदेवताः,1,0.0001465630954125751
2221,नियममास्थाय,1,0.0001465630954125751
2222,प्रकृत्या,1,0.0001465630954125751
2223,नियताः,1,0.0001465630954125751
2224,स्वया,1,0.0001465630954125751
2225,तनुं,1,0.0001465630954125751
2226,श्रद्धयार्चितुमिच्छति,1,0.0001465630954125751
2227,तस्याचलां,1,0.0001465630954125751
2228,श्रद्धां,1,0.0001465630954125751
2229,तामेव,1,0.0001465630954125751
2230,विदधाम्यहम्,1,0.0001465630954125751
2231,तया,1,0.0001465630954125751
2232,युक्तस्तस्याराधनमीहते,1,0.0001465630954125751
2233,कामान्मयैव,1,0.0001465630954125751
2234,विहितान्,1,0.0001465630954125751
2235,तान्,1,0.0001465630954125751
2236,अन्तवत्तु,1,0.0001465630954125751
2237,तद्भवत्यल्पमेधसाम्,1,0.0001465630954125751
2238,देवान्देवयजो,1,0.0001465630954125751
2239,मद्भक्ता,1,0.0001465630954125751
2240,मामपि,1,0.0001465630954125751
2241,अव्यक्तं,1,0.0001465630954125751
2242,व्यक्ितमापन्नं,1,0.0001465630954125751
2243,मन्यन्ते,1,0.0001465630954125751
2244,मामबुद्धयः,1,0.0001465630954125751
2245,ममाव्ययमनुत्तमम्,1,0.0001465630954125751
2246,प्रकाशः,1,0.0001465630954125751
2247,योगमायासमावृतः,1,0.0001465630954125751
2248,मूढो,1,0.0001465630954125751
2249,मामजमव्ययम्,1,0.0001465630954125751
2250,वेदाहं,1,0.0001465630954125751
2251,समतीतानि,1,0.0001465630954125751
2252,वर्तमानानि,1,0.0001465630954125751
2253,भविष्याणि,1,0.0001465630954125751
2254,इच्छाद्वेषसमुत्थेन,1,0.0001465630954125751
2255,द्वन्द्वमोहेन,1,0.0001465630954125751
2256,संमोहं,1,0.0001465630954125751
2257,त्वन्तगतं,1,0.0001465630954125751
2258,जनानां,1,0.0001465630954125751
2259,पुण्यकर्मणाम्,1,0.0001465630954125751
2260,द्वन्द्वमोहनिर्मुक्ता,1,0.0001465630954125751
2261,जरामरणमोक्षाय,1,0.0001465630954125751
2262,मामाश्रित्य,1,0.0001465630954125751
2263,यतन्ति,1,0.0001465630954125751
2264,तद्विदुः,1,0.0001465630954125751
2265,कृत्स्नमध्यात्मं,1,0.0001465630954125751
2266,चाखिलम्,1,0.0001465630954125751
2267,साधिभूताधिदैवं,1,0.0001465630954125751
2268,साधियज्ञं,1,0.0001465630954125751
2269,विदुर्युक्तचेतसः,1,0.0001465630954125751
2270,तद्ब्रह्म,1,0.0001465630954125751
2271,किमध्यात्मं,1,0.0001465630954125751
2272,प्रोक्तमधिदैवं,1,0.0001465630954125751
2273,किमुच्यते,1,0.0001465630954125751
2274,अधियज्ञः,1,0.0001465630954125751
2275,स्मिन्मधुसूदन,1,0.0001465630954125751
2276,ज्ञेयो,1,0.0001465630954125751
2277,नियतात्मभिः,1,0.0001465630954125751
2278,अक्षरं,1,0.0001465630954125751
2279,स्वभावो,1,0.0001465630954125751
2280,ध्यात्ममुच्यते,1,0.0001465630954125751
2281,भूतभावोद्भवकरो,1,0.0001465630954125751
2282,विसर्गः,1,0.0001465630954125751
2283,कर्मसंज्ञितः,1,0.0001465630954125751
2284,क्षरो,1,0.0001465630954125751
2285,भावः,1,0.0001465630954125751
2286,पुरुषश्चाधिदैवतम्,1,0.0001465630954125751
2287,अधियज्ञो,1,0.0001465630954125751
2288,हमेवात्र,1,0.0001465630954125751
2289,देहभृतां,1,0.0001465630954125751
2290,वर,1,0.0001465630954125751
2291,अन्तकाले,1,0.0001465630954125751
2292,स्मरन्मुक्त्वा,1,0.0001465630954125751
2293,नास्त्यत्र,1,0.0001465630954125751
2294,स्मरन्भावं,1,0.0001465630954125751
2295,त्यजत्यन्ते,1,0.0001465630954125751
2296,तमेवैति,1,0.0001465630954125751
2297,तद्भावभावितः,1,0.0001465630954125751
2298,मामनुस्मर,1,0.0001465630954125751
2299,युध्य,1,0.0001465630954125751
2300,मय्यर्पितमनोबुद्धिर्मामेवैष्यस्यसंशयम्,1,0.0001465630954125751
2301,अभ्यासयोगयुक्तेन,1,0.0001465630954125751
2302,नान्यगामिना,1,0.0001465630954125751
2303,पार्थानुचिन्तयन्,1,0.0001465630954125751
2304,कविं,1,0.0001465630954125751
2305,पुराणमनुशासितार,1,0.0001465630954125751
2306,मणोरणीयांसमनुस्मरेद्यः,1,0.0001465630954125751
2307,धातारमचिन्त्यरूप,1,0.0001465630954125751
2308,मादित्यवर्णं,1,0.0001465630954125751
2309,परस्तात्,1,0.0001465630954125751
2310,चलेन,1,0.0001465630954125751
2311,योगबलेन,1,0.0001465630954125751
2312,भ्रुवोर्मध्ये,1,0.0001465630954125751
2313,प्राणमावेश्य,1,0.0001465630954125751
2314,सम्यक्,1,0.0001465630954125751
2315,पुरुषमुपैति,1,0.0001465630954125751
2316,दिव्यम्,1,0.0001465630954125751
2317,यदक्षरं,1,0.0001465630954125751
2318,वेदविदो,1,0.0001465630954125751
2319,वदन्ति,1,0.0001465630954125751
2320,यद्यतयो,1,0.0001465630954125751
2321,वीतरागाः,1,0.0001465630954125751
2322,यदिच्छन्तो,1,0.0001465630954125751
2323,ब्रह्मचर्यं,1,0.0001465630954125751
2324,चरन्ति,1,0.0001465630954125751
2325,संग्रहेण,1,0.0001465630954125751
2326,प्रवक्ष्ये,1,0.0001465630954125751
2327,सर्वद्वाराणि,1,0.0001465630954125751
2328,निरुध्य,1,0.0001465630954125751
2329,मूर्ध्न्याधायात्मनः,1,0.0001465630954125751
2330,प्राणमास्थितो,1,0.0001465630954125751
2331,योगधारणाम्,1,0.0001465630954125751
2332,ओमित्येकाक्षरं,1,0.0001465630954125751
2333,व्याहरन्मामनुस्मरन्,1,0.0001465630954125751
2334,त्यजन्देहं,1,0.0001465630954125751
2335,अनन्यचेताः,1,0.0001465630954125751
2336,स्मरति,1,0.0001465630954125751
2337,नित्यशः,1,0.0001465630954125751
2338,सुलभः,1,0.0001465630954125751
2339,नित्ययुक्तस्य,1,0.0001465630954125751
2340,दुःखालयमशाश्वतम्,1,0.0001465630954125751
2341,नाप्नुवन्ति,1,0.0001465630954125751
2342,महात्मानः,1,0.0001465630954125751
2343,आब्रह्मभुवनाल्लोकाः,1,0.0001465630954125751
2344,पुनरावर्तिनो,1,0.0001465630954125751
2345,सहस्रयुगपर्यन्तमहर्यद्ब्रह्मणो,1,0.0001465630954125751
2346,रात्रिं,1,0.0001465630954125751
2347,युगसहस्रान्तां,1,0.0001465630954125751
2348,होरात्रविदो,1,0.0001465630954125751
2349,अव्यक्ताद्व्यक्तयः,1,0.0001465630954125751
2350,प्रभवन्त्यहरागमे,1,0.0001465630954125751
2351,प्रलीयन्ते,1,0.0001465630954125751
2352,तत्रैवाव्यक्तसंज्ञके,1,0.0001465630954125751
2353,भूतग्रामः,1,0.0001465630954125751
2354,प्रलीयते,1,0.0001465630954125751
2355,वशः,1,0.0001465630954125751
2356,प्रभवत्यहरागमे,1,0.0001465630954125751
2357,परस्तस्मात्तु,1,0.0001465630954125751
2358,व्यक्तो,1,0.0001465630954125751
2359,व्यक्तात्सनातनः,1,0.0001465630954125751
2360,नश्यत्सु,1,0.0001465630954125751
2361,इत्युक्तस्तमाहुः,1,0.0001465630954125751
2362,लभ्यस्त्वनन्यया,1,0.0001465630954125751
2363,यस्यान्तःस्थानि,1,0.0001465630954125751
2364,त्वनावृत्तिमावृत्तिं,1,0.0001465630954125751
2365,कालं,1,0.0001465630954125751
2366,अग्निर्ज्योतिरहः,1,0.0001465630954125751
2367,शुक्लः,1,0.0001465630954125751
2368,उत्तरायणम्,1,0.0001465630954125751
2369,ब्रह्मविदो,1,0.0001465630954125751
2370,धूमो,1,0.0001465630954125751
2371,रात्रिस्तथा,1,0.0001465630954125751
2372,कृष्णः,1,0.0001465630954125751
2373,दक्षिणायनम्,1,0.0001465630954125751
2374,चान्द्रमसं,1,0.0001465630954125751
2375,ज्योतिर्योगी,1,0.0001465630954125751
2376,शुक्लकृष्णे,1,0.0001465630954125751
2377,गती,1,0.0001465630954125751
2378,ह्येते,1,0.0001465630954125751
2379,शाश्वते,1,0.0001465630954125751
2380,मते,1,0.0001465630954125751
2381,एकया,1,0.0001465630954125751
2382,यात्यनावृत्तिमन्यया,1,0.0001465630954125751
2383,नैते,1,0.0001465630954125751
2384,सृती,1,0.0001465630954125751
2385,जानन्योगी,1,0.0001465630954125751
2386,यज्ञेषु,1,0.0001465630954125751
2387,तपःसु,1,0.0001465630954125751
2388,दानेषु,1,0.0001465630954125751
2389,यत्पुण्यफलं,1,0.0001465630954125751
2390,प्रदिष्टम्,1,0.0001465630954125751
2391,अत्येति,1,0.0001465630954125751
2392,तत्सर्वमिदं,1,0.0001465630954125751
2393,विदित्वा,1,0.0001465630954125751
2394,स्थानमुपैति,1,0.0001465630954125751
2395,चाद्यम्,1,0.0001465630954125751
2396,प्रवक्ष्याम्यनसूयवे,1,0.0001465630954125751
2397,विज्ञानसहितं,1,0.0001465630954125751
2398,राजविद्या,1,0.0001465630954125751
2399,राजगुह्यं,1,0.0001465630954125751
2400,पवित्रमिदमुत्तमम्,1,0.0001465630954125751
2401,प्रत्यक्षावगमं,1,0.0001465630954125751
2402,सुसुखं,1,0.0001465630954125751
2403,कर्तुमव्ययम्,1,0.0001465630954125751
2404,अश्रद्दधानाः,1,0.0001465630954125751
2405,पुरुषा,1,0.0001465630954125751
2406,धर्मस्यास्य,1,0.0001465630954125751
2407,मृत्युसंसारवर्त्मनि,1,0.0001465630954125751
2408,ततमिदं,1,0.0001465630954125751
2409,जगदव्यक्तमूर्तिना,1,0.0001465630954125751
2410,तेष्ववस्थितः,1,0.0001465630954125751
2411,भूतभृन्न,1,0.0001465630954125751
2412,भूतस्थो,1,0.0001465630954125751
2413,ममात्मा,1,0.0001465630954125751
2414,भूतभावनः,1,0.0001465630954125751
2415,काशस्थितो,1,0.0001465630954125751
2416,सर्वत्रगो,1,0.0001465630954125751
2417,मत्स्थानीत्युपधारय,1,0.0001465630954125751
2418,मामिकाम्,1,0.0001465630954125751
2419,कल्पक्षये,1,0.0001465630954125751
2420,पुनस्तानि,1,0.0001465630954125751
2421,कल्पादौ,1,0.0001465630954125751
2422,विसृजाम्यहम्,1,0.0001465630954125751
2423,स्वामवष्टभ्य,1,0.0001465630954125751
2424,विसृजामि,1,0.0001465630954125751
2425,भूतग्राममिमं,1,0.0001465630954125751
2426,कृत्स्नमवशं,1,0.0001465630954125751
2427,प्रकृतेर्वशात्,1,0.0001465630954125751
2428,उदासीनवदासीनमसक्तं,1,0.0001465630954125751
2429,ध्यक्षेण,1,0.0001465630954125751
2430,प्रकृतिः,1,0.0001465630954125751
2431,सूयते,1,0.0001465630954125751
2432,हेतुना,1,0.0001465630954125751
2433,नेन,1,0.0001465630954125751
2434,जगद्विपरिवर्तते,1,0.0001465630954125751
2435,अवजानन्ति,1,0.0001465630954125751
2436,मानुषीं,1,0.0001465630954125751
2437,तनुमाश्रितम्,1,0.0001465630954125751
2438,भूतमहेश्वरम्,1,0.0001465630954125751
2439,मोघाशा,1,0.0001465630954125751
2440,मोघकर्माणो,1,0.0001465630954125751
2441,मोघज्ञाना,1,0.0001465630954125751
2442,विचेतसः,1,0.0001465630954125751
2443,राक्षसीमासुरीं,1,0.0001465630954125751
2444,मोहिनीं,1,0.0001465630954125751
2445,श्रिताः,1,0.0001465630954125751
2446,महात्मानस्तु,1,0.0001465630954125751
2447,दैवीं,1,0.0001465630954125751
2448,प्रकृतिमाश्रिताः,1,0.0001465630954125751
2449,भजन्त्यनन्यमनसो,1,0.0001465630954125751
2450,भूतादिमव्ययम्,1,0.0001465630954125751
2451,कीर्तयन्तो,1,0.0001465630954125751
2452,यतन्तश्च,1,0.0001465630954125751
2453,नमस्यन्तश्च,1,0.0001465630954125751
2454,चाप्यन्ये,1,0.0001465630954125751
2455,यजन्तो,1,0.0001465630954125751
2456,मामुपासते,1,0.0001465630954125751
2457,एकत्वेन,1,0.0001465630954125751
2458,बहुधा,1,0.0001465630954125751
2459,क्रतुरहं,1,0.0001465630954125751
2460,स्वधा,1,0.0001465630954125751
2461,हमहमौषधम्,1,0.0001465630954125751
2462,मंत्रो,1,0.0001465630954125751
2463,हमहमेवाज्यमहमग्निरहं,1,0.0001465630954125751
2464,हमस्य,1,0.0001465630954125751
2465,माता,1,0.0001465630954125751
2466,पवित्रमोंकार,1,0.0001465630954125751
2467,ऋक्,1,0.0001465630954125751
2468,साम,1,0.0001465630954125751
2469,यजुरेव,1,0.0001465630954125751
2470,गतिर्भर्ता,1,0.0001465630954125751
2471,साक्षी,1,0.0001465630954125751
2472,निवासः,1,0.0001465630954125751
2473,सुहृत्,1,0.0001465630954125751
2474,प्रलयः,1,0.0001465630954125751
2475,निधानं,1,0.0001465630954125751
2476,बीजमव्ययम्,1,0.0001465630954125751
2477,तपाम्यहमहं,1,0.0001465630954125751
2478,वर्षं,1,0.0001465630954125751
2479,निगृह्णाम्युत्सृजामि,1,0.0001465630954125751
2480,अमृतं,1,0.0001465630954125751
2481,मृत्युश्च,1,0.0001465630954125751
2482,सदसच्चाहमर्जुन,1,0.0001465630954125751
2483,त्रैविद्या,1,0.0001465630954125751
2484,सोमपाः,1,0.0001465630954125751
2485,पूतपापा,1,0.0001465630954125751
2486,यज्ञैरिष्ट्वा,1,0.0001465630954125751
2487,स्वर्गतिं,1,0.0001465630954125751
2488,प्रार्थयन्ते,1,0.0001465630954125751
2489,पुण्यमासाद्य,1,0.0001465630954125751
2490,सुरेन्द्रलोक,1,0.0001465630954125751
2491,मश्नन्ति,1,0.0001465630954125751
2492,दिव्यान्दिवि,1,0.0001465630954125751
2493,देवभोगान्,1,0.0001465630954125751
2494,भुक्त्वा,1,0.0001465630954125751
2495,स्वर्गलोकं,1,0.0001465630954125751
2496,विशालं,1,0.0001465630954125751
2497,क्षीणे,1,0.0001465630954125751
2498,पुण्ये,1,0.0001465630954125751
2499,मर्त्यलोकं,1,0.0001465630954125751
2500,त्रयीधर्ममनुप्रपन्ना,1,0.0001465630954125751
2501,गतागतं,1,0.0001465630954125751
2502,कामकामा,1,0.0001465630954125751
2503,अनन्याश्चिन्तयन्तो,1,0.0001465630954125751
2504,नित्याभियुक्तानां,1,0.0001465630954125751
2505,योगक्षेमं,1,0.0001465630954125751
2506,वहाम्यहम्,1,0.0001465630954125751
2507,प्यन्यदेवता,1,0.0001465630954125751
2508,यजन्त्यविधिपूर्वकम्,1,0.0001465630954125751
2509,सर्वयज्ञानां,1,0.0001465630954125751
2510,प्रभुरेव,1,0.0001465630954125751
2511,मामभिजानन्ति,1,0.0001465630954125751
2512,तत्त्वेनातश्च्यवन्ति,1,0.0001465630954125751
2513,देवव्रता,1,0.0001465630954125751
2514,देवान्,1,0.0001465630954125751
2515,पितृ़न्यान्ति,1,0.0001465630954125751
2516,पितृव्रताः,1,0.0001465630954125751
2517,भूतेज्या,1,0.0001465630954125751
2518,मद्याजिनो,1,0.0001465630954125751
2519,पत्रं,1,0.0001465630954125751
2520,पुष्पं,1,0.0001465630954125751
2521,तोयं,1,0.0001465630954125751
2522,प्रयच्छति,1,0.0001465630954125751
2523,तदहं,1,0.0001465630954125751
2524,भक्त्युपहृतमश्नामि,1,0.0001465630954125751
2525,प्रयतात्मनः,1,0.0001465630954125751
2526,यत्करोषि,1,0.0001465630954125751
2527,यदश्नासि,1,0.0001465630954125751
2528,यज्जुहोषि,1,0.0001465630954125751
2529,ददासि,1,0.0001465630954125751
2530,यत्तपस्यसि,1,0.0001465630954125751
2531,तत्कुरुष्व,1,0.0001465630954125751
2532,मदर्पणम्,1,0.0001465630954125751
2533,शुभाशुभफलैरेवं,1,0.0001465630954125751
2534,कर्मबन्धनैः,1,0.0001465630954125751
2535,संन्यासयोगयुक्तात्मा,1,0.0001465630954125751
2536,विमुक्तो,1,0.0001465630954125751
2537,मामुपैष्यसि,1,0.0001465630954125751
2538,द्वेष्यो,1,0.0001465630954125751
2539,भजन्ति,1,0.0001465630954125751
2540,चाप्यहम्,1,0.0001465630954125751
2541,चेत्सुदुराचारो,1,0.0001465630954125751
2542,भजते,1,0.0001465630954125751
2543,मामनन्यभाक्,1,0.0001465630954125751
2544,साधुरेव,1,0.0001465630954125751
2545,मन्तव्यः,1,0.0001465630954125751
2546,सम्यग्व्यवसितो,1,0.0001465630954125751
2547,धर्मात्मा,1,0.0001465630954125751
2548,शश्वच्छान्तिं,1,0.0001465630954125751
2549,प्रतिजानीहि,1,0.0001465630954125751
2550,व्यपाश्रित्य,1,0.0001465630954125751
2551,स्युः,1,0.0001465630954125751
2552,पापयोनयः,1,0.0001465630954125751
2553,स्त्रियो,1,0.0001465630954125751
2554,वैश्यास्तथा,1,0.0001465630954125751
2555,शूद्रास्ते,1,0.0001465630954125751
2556,पुनर्ब्राह्मणाः,1,0.0001465630954125751
2557,पुण्या,1,0.0001465630954125751
2558,राजर्षयस्तथा,1,0.0001465630954125751
2559,अनित्यमसुखं,1,0.0001465630954125751
2560,भजस्व,1,0.0001465630954125751
2561,युक्त्वैवमात्मानं,1,0.0001465630954125751
2562,मत्परायणः,1,0.0001465630954125751
2563,यत्ते,1,0.0001465630954125751
2564,प्रीयमाणाय,1,0.0001465630954125751
2565,हितकाम्यया,1,0.0001465630954125751
2566,सुरगणाः,1,0.0001465630954125751
2567,प्रभवं,1,0.0001465630954125751
2568,अहमादिर्हि,1,0.0001465630954125751
2569,देवानां,1,0.0001465630954125751
2570,मामजमनादिं,1,0.0001465630954125751
2571,लोकमहेश्वरम्,1,0.0001465630954125751
2572,असम्मूढः,1,0.0001465630954125751
2573,मर्त्येषु,1,0.0001465630954125751
2574,सर्वपापैः,1,0.0001465630954125751
2575,प्रमुच्यते,1,0.0001465630954125751
2576,बुद्धिर्ज्ञानमसंमोहः,1,0.0001465630954125751
2577,दमः,1,0.0001465630954125751
2578,भवो,1,0.0001465630954125751
2579,चाभयमेव,1,0.0001465630954125751
2580,समता,1,0.0001465630954125751
2581,तुष्टिस्तपो,1,0.0001465630954125751
2582,यशः,1,0.0001465630954125751
2583,पृथग्विधाः,1,0.0001465630954125751
2584,सप्त,1,0.0001465630954125751
2585,पूर्वे,1,0.0001465630954125751
2586,चत्वारो,1,0.0001465630954125751
2587,मनवस्तथा,1,0.0001465630954125751
2588,मद्भावा,1,0.0001465630954125751
2589,मानसा,1,0.0001465630954125751
2590,जाता,1,0.0001465630954125751
2591,लोक,1,0.0001465630954125751
2592,इमाः,1,0.0001465630954125751
2593,विकम्पेन,1,0.0001465630954125751
2594,नात्र,1,0.0001465630954125751
2595,प्रभवो,1,0.0001465630954125751
2596,बुधा,1,0.0001465630954125751
2597,भावसमन्विताः,1,0.0001465630954125751
2598,मच्चित्ता,1,0.0001465630954125751
2599,मद्गतप्राणा,1,0.0001465630954125751
2600,बोधयन्तः,1,0.0001465630954125751
2601,परस्परम्,1,0.0001465630954125751
2602,कथयन्तश्च,1,0.0001465630954125751
2603,तुष्यन्ति,1,0.0001465630954125751
2604,रमन्ति,1,0.0001465630954125751
2605,सततयुक्तानां,1,0.0001465630954125751
2606,भजतां,1,0.0001465630954125751
2607,प्रीतिपूर्वकम्,1,0.0001465630954125751
2608,बुद्धियोगं,1,0.0001465630954125751
2609,मामुपयान्ति,1,0.0001465630954125751
2610,तेषामेवानुकम्पार्थमहमज्ञानजं,1,0.0001465630954125751
2611,नाशयाम्यात्मभावस्थो,1,0.0001465630954125751
2612,ज्ञानदीपेन,1,0.0001465630954125751
2613,भास्वता,1,0.0001465630954125751
2614,पवित्रं,1,0.0001465630954125751
2615,भवान्,1,0.0001465630954125751
2616,दिव्यमादिदेवमजं,1,0.0001465630954125751
2617,विभुम्,1,0.0001465630954125751
2618,आहुस्त्वामृषयः,1,0.0001465630954125751
2619,देवर्षिर्नारदस्तथा,1,0.0001465630954125751
2620,असितो,1,0.0001465630954125751
2621,देवलो,1,0.0001465630954125751
2622,स्वयं,1,0.0001465630954125751
2623,ब्रवीषि,1,0.0001465630954125751
2624,सर्वमेतदृतं,1,0.0001465630954125751
2625,यन्मां,1,0.0001465630954125751
2626,वदसि,1,0.0001465630954125751
2627,भगवन्,1,0.0001465630954125751
2628,व्यक्ितं,1,0.0001465630954125751
2629,विदुर्देवा,1,0.0001465630954125751
2630,दानवाः,1,0.0001465630954125751
2631,स्वयमेवात्मना,1,0.0001465630954125751
2632,भूतभावन,1,0.0001465630954125751
2633,भूतेश,1,0.0001465630954125751
2634,देवदेव,1,0.0001465630954125751
2635,जगत्पते,1,0.0001465630954125751
2636,वक्तुमर्हस्यशेषेण,1,0.0001465630954125751
2637,याभिर्विभूतिभिर्लोकानिमांस्त्वं,1,0.0001465630954125751
2638,व्याप्य,1,0.0001465630954125751
2639,तिष्ठसि,1,0.0001465630954125751
2640,विद्यामहं,1,0.0001465630954125751
2641,योगिंस्त्वां,1,0.0001465630954125751
2642,परिचिन्तयन्,1,0.0001465630954125751
2643,भावेषु,1,0.0001465630954125751
2644,चिन्त्यो,1,0.0001465630954125751
2645,भगवन्मया,1,0.0001465630954125751
2646,विस्तरेणात्मनो,1,0.0001465630954125751
2647,कथय,1,0.0001465630954125751
2648,तृप्तिर्हि,1,0.0001465630954125751
2649,श्रृण्वतो,1,0.0001465630954125751
2650,हन्त,1,0.0001465630954125751
2651,कथयिष्यामि,1,0.0001465630954125751
2652,प्राधान्यतः,1,0.0001465630954125751
2653,कुरुश्रेष्ठ,1,0.0001465630954125751
2654,नास्त्यन्तो,1,0.0001465630954125751
2655,विस्तरस्य,1,0.0001465630954125751
2656,अहमात्मा,1,0.0001465630954125751
2657,सर्वभूताशयस्थितः,1,0.0001465630954125751
2658,अहमादिश्च,1,0.0001465630954125751
2659,भूतानामन्त,1,0.0001465630954125751
2660,आदित्यानामहं,1,0.0001465630954125751
2661,विष्णुर्ज्योतिषां,1,0.0001465630954125751
2662,रविरंशुमान्,1,0.0001465630954125751
2663,मरीचिर्मरुतामस्मि,1,0.0001465630954125751
2664,नक्षत्राणामहं,1,0.0001465630954125751
2665,शशी,1,0.0001465630954125751
2666,वेदानां,1,0.0001465630954125751
2667,सामवेदो,1,0.0001465630954125751
2668,देवानामस्मि,1,0.0001465630954125751
2669,वासवः,1,0.0001465630954125751
2670,मनश्चास्मि,1,0.0001465630954125751
2671,भूतानामस्मि,1,0.0001465630954125751
2672,चेतना,1,0.0001465630954125751
2673,रुद्राणां,1,0.0001465630954125751
2674,शङ्करश्चास्मि,1,0.0001465630954125751
2675,वित्तेशो,1,0.0001465630954125751
2676,यक्षरक्षसाम्,1,0.0001465630954125751
2677,वसूनां,1,0.0001465630954125751
2678,पावकश्चास्मि,1,0.0001465630954125751
2679,मेरुः,1,0.0001465630954125751
2680,शिखरिणामहम्,1,0.0001465630954125751
2681,पुरोधसां,1,0.0001465630954125751
2682,मुख्यं,1,0.0001465630954125751
2683,बृहस्पतिम्,1,0.0001465630954125751
2684,सेनानीनामहं,1,0.0001465630954125751
2685,स्कन्दः,1,0.0001465630954125751
2686,सरसामस्मि,1,0.0001465630954125751
2687,सागरः,1,0.0001465630954125751
2688,भृगुरहं,1,0.0001465630954125751
2689,गिरामस्म्येकमक्षरम्,1,0.0001465630954125751
2690,यज्ञानां,1,0.0001465630954125751
2691,जपयज्ञो,1,0.0001465630954125751
2692,स्थावराणां,1,0.0001465630954125751
2693,हिमालयः,1,0.0001465630954125751
2694,अश्वत्थः,1,0.0001465630954125751
2695,सर्ववृक्षाणां,1,0.0001465630954125751
2696,देवर्षीणां,1,0.0001465630954125751
2697,नारदः,1,0.0001465630954125751
2698,गन्धर्वाणां,1,0.0001465630954125751
2699,चित्ररथः,1,0.0001465630954125751
2700,कपिलो,1,0.0001465630954125751
2701,मुनिः,1,0.0001465630954125751
2702,उच्चैःश्रवसमश्वानां,1,0.0001465630954125751
2703,माममृतोद्भवम्,1,0.0001465630954125751
2704,ऐरावतं,1,0.0001465630954125751
2705,गजेन्द्राणां,1,0.0001465630954125751
2706,नराणां,1,0.0001465630954125751
2707,नराधिपम्,1,0.0001465630954125751
2708,आयुधानामहं,1,0.0001465630954125751
2709,वज्रं,1,0.0001465630954125751
2710,धेनूनामस्मि,1,0.0001465630954125751
2711,कामधुक्,1,0.0001465630954125751
2712,प्रजनश्चास्मि,1,0.0001465630954125751
2713,कन्दर्पः,1,0.0001465630954125751
2714,सर्पाणामस्मि,1,0.0001465630954125751
2715,वासुकिः,1,0.0001465630954125751
2716,अनन्तश्चास्मि,1,0.0001465630954125751
2717,नागानां,1,0.0001465630954125751
2718,वरुणो,1,0.0001465630954125751
2719,यादसामहम्,1,0.0001465630954125751
2720,पितृ़णामर्यमा,1,0.0001465630954125751
2721,चास्मि,1,0.0001465630954125751
2722,यमः,1,0.0001465630954125751
2723,संयमतामहम्,1,0.0001465630954125751
2724,प्रह्लादश्चास्मि,1,0.0001465630954125751
2725,दैत्यानां,1,0.0001465630954125751
2726,कालः,1,0.0001465630954125751
2727,कलयतामहम्,1,0.0001465630954125751
2728,मृगाणां,1,0.0001465630954125751
2729,मृगेन्द्रो,1,0.0001465630954125751
2730,वैनतेयश्च,1,0.0001465630954125751
2731,पक्षिणाम्,1,0.0001465630954125751
2732,पवनः,1,0.0001465630954125751
2733,पवतामस्मि,1,0.0001465630954125751
2734,रामः,1,0.0001465630954125751
2735,शस्त्रभृतामहम्,1,0.0001465630954125751
2736,झषाणां,1,0.0001465630954125751
2737,मकरश्चास्मि,1,0.0001465630954125751
2738,स्रोतसामस्मि,1,0.0001465630954125751
2739,जाह्नवी,1,0.0001465630954125751
2740,सर्गाणामादिरन्तश्च,1,0.0001465630954125751
2741,चैवाहमर्जुन,1,0.0001465630954125751
2742,अध्यात्मविद्या,1,0.0001465630954125751
2743,विद्यानां,1,0.0001465630954125751
2744,वादः,1,0.0001465630954125751
2745,प्रवदतामहम्,1,0.0001465630954125751
2746,अक्षराणामकारो,1,0.0001465630954125751
2747,द्वन्द्वः,1,0.0001465630954125751
2748,सामासिकस्य,1,0.0001465630954125751
2749,अहमेवाक्षयः,1,0.0001465630954125751
2750,विश्वतोमुखः,1,0.0001465630954125751
2751,मृत्युः,1,0.0001465630954125751
2752,सर्वहरश्चाहमुद्भवश्च,1,0.0001465630954125751
2753,भविष्यताम्,1,0.0001465630954125751
2754,कीर्तिः,1,0.0001465630954125751
2755,श्रीर्वाक्च,1,0.0001465630954125751
2756,नारीणां,1,0.0001465630954125751
2757,स्मृतिर्मेधा,1,0.0001465630954125751
2758,बृहत्साम,1,0.0001465630954125751
2759,साम्नां,1,0.0001465630954125751
2760,गायत्री,1,0.0001465630954125751
2761,छन्दसामहम्,1,0.0001465630954125751
2762,मासानां,1,0.0001465630954125751
2763,मार्गशीर्षो,1,0.0001465630954125751
2764,हमृतूनां,1,0.0001465630954125751
2765,कुसुमाकरः,1,0.0001465630954125751
2766,द्यूतं,1,0.0001465630954125751
2767,छलयतामस्मि,1,0.0001465630954125751
2768,जयो,1,0.0001465630954125751
2769,व्यवसायो,1,0.0001465630954125751
2770,सत्त्ववतामहम्,1,0.0001465630954125751
2771,वृष्णीनां,1,0.0001465630954125751
2772,वासुदेवो,1,0.0001465630954125751
2773,पाण्डवानां,1,0.0001465630954125751
2774,मुनीनामप्यहं,1,0.0001465630954125751
2775,कवीनामुशना,1,0.0001465630954125751
2776,कविः,1,0.0001465630954125751
2777,दण्डो,1,0.0001465630954125751
2778,दमयतामस्मि,1,0.0001465630954125751
2779,नीतिरस्मि,1,0.0001465630954125751
2780,जिगीषताम्,1,0.0001465630954125751
2781,मौनं,1,0.0001465630954125751
2782,चैवास्मि,1,0.0001465630954125751
2783,गुह्यानां,1,0.0001465630954125751
2784,ज्ञानवतामहम्,1,0.0001465630954125751
2785,यच्चापि,1,0.0001465630954125751
2786,तदहमर्जुन,1,0.0001465630954125751
2787,विना,1,0.0001465630954125751
2788,यत्स्यान्मया,1,0.0001465630954125751
2789,भूतं,1,0.0001465630954125751
2790,चराचरम्,1,0.0001465630954125751
2791,दिव्यानां,1,0.0001465630954125751
2792,विभूतीनां,1,0.0001465630954125751
2793,तूद्देशतः,1,0.0001465630954125751
2794,प्रोक्तो,1,0.0001465630954125751
2795,विभूतेर्विस्तरो,1,0.0001465630954125751
2796,यद्यद्विभूतिमत्सत्त्वं,1,0.0001465630954125751
2797,श्रीमदूर्जितमेव,1,0.0001465630954125751
2798,तत्तदेवावगच्छ,1,0.0001465630954125751
2799,तेजों,1,0.0001465630954125751
2800,शसंभवम्,1,0.0001465630954125751
2801,बहुनैतेन,1,0.0001465630954125751
2802,ज्ञातेन,1,0.0001465630954125751
2803,तवार्जुन,1,0.0001465630954125751
2804,विष्टभ्याहमिदं,1,0.0001465630954125751
2805,कृत्स्नमेकांशेन,1,0.0001465630954125751
2806,मदनुग्रहाय,1,0.0001465630954125751
2807,गुह्यमध्यात्मसंज्ञितम्,1,0.0001465630954125751
2808,यत्त्वयोक्तं,1,0.0001465630954125751
2809,वचस्तेन,1,0.0001465630954125751
2810,मोहो,1,0.0001465630954125751
2811,विगतो,1,0.0001465630954125751
2812,भवाप्ययौ,1,0.0001465630954125751
2813,श्रुतौ,1,0.0001465630954125751
2814,विस्तरशो,1,0.0001465630954125751
2815,त्वत्तः,1,0.0001465630954125751
2816,कमलपत्राक्ष,1,0.0001465630954125751
2817,माहात्म्यमपि,1,0.0001465630954125751
2818,चाव्ययम्,1,0.0001465630954125751
2819,एवमेतद्यथात्थ,1,0.0001465630954125751
2820,त्वमात्मानं,1,0.0001465630954125751
2821,परमेश्वर,1,0.0001465630954125751
2822,द्रष्टुमिच्छामि,1,0.0001465630954125751
2823,रूपमैश्वरं,1,0.0001465630954125751
2824,तच्छक्यं,1,0.0001465630954125751
2825,द्रष्टुमिति,1,0.0001465630954125751
2826,योगेश्वर,1,0.0001465630954125751
2827,दर्शया,1,0.0001465630954125751
2828,त्मानमव्ययम्,1,0.0001465630954125751
2829,रूपाणि,1,0.0001465630954125751
2830,शतशो,1,0.0001465630954125751
2831,थ,1,0.0001465630954125751
2832,सहस्रशः,1,0.0001465630954125751
2833,नानाविधानि,1,0.0001465630954125751
2834,दिव्यानि,1,0.0001465630954125751
2835,नानावर्णाकृतीनि,1,0.0001465630954125751
2836,पश्यादित्यान्वसून्रुद्रानश्िवनौ,1,0.0001465630954125751
2837,मरुतस्तथा,1,0.0001465630954125751
2838,बहून्यदृष्टपूर्वाणि,1,0.0001465630954125751
2839,पश्या,1,0.0001465630954125751
2840,श्चर्याणि,1,0.0001465630954125751
2841,इहैकस्थं,1,0.0001465630954125751
2842,पश्याद्य,1,0.0001465630954125751
2843,यच्चान्यद्द्रष्टुमिच्छसि,1,0.0001465630954125751
2844,शक्यसे,1,0.0001465630954125751
2845,द्रष्टुमनेनैव,1,0.0001465630954125751
2846,स्वचक्षुषा,1,0.0001465630954125751
2847,राजन्महायोगेश्वरो,1,0.0001465630954125751
2848,हरिः,1,0.0001465630954125751
2849,पार्थाय,1,0.0001465630954125751
2850,रूपमैश्वरम्,1,0.0001465630954125751
2851,अनेकवक्त्रनयनमनेकाद्भुतदर्शनम्,1,0.0001465630954125751
2852,अनेकदिव्याभरणं,1,0.0001465630954125751
2853,दिव्यानेकोद्यतायुधम्,1,0.0001465630954125751
2854,दिव्यमाल्याम्बरधरं,1,0.0001465630954125751
2855,दिव्यगन्धानुलेपनम्,1,0.0001465630954125751
2856,सर्वाश्चर्यमयं,1,0.0001465630954125751
2857,देवमनन्तं,1,0.0001465630954125751
2858,सूर्यसहस्रस्य,1,0.0001465630954125751
2859,भवेद्युगपदुत्थिता,1,0.0001465630954125751
2860,भाः,1,0.0001465630954125751
2861,सदृशी,1,0.0001465630954125751
2862,स्याद्भासस्तस्य,1,0.0001465630954125751
2863,तत्रैकस्थं,1,0.0001465630954125751
2864,प्रविभक्तमनेकधा,1,0.0001465630954125751
2865,अपश्यद्देवदेवस्य,1,0.0001465630954125751
2866,पाण्डवस्तदा,1,0.0001465630954125751
2867,विस्मयाविष्टो,1,0.0001465630954125751
2868,हृष्टरोमा,1,0.0001465630954125751
2869,धनञ्जयः,1,0.0001465630954125751
2870,शिरसा,1,0.0001465630954125751
2871,देवं,1,0.0001465630954125751
2872,कृताञ्जलिरभाषत,1,0.0001465630954125751
2873,देवांस्तव,1,0.0001465630954125751
2874,सर्वांस्तथा,1,0.0001465630954125751
2875,भूतविशेषसङ्घान्,1,0.0001465630954125751
2876,ब्रह्माणमीशं,1,0.0001465630954125751
2877,कमलासनस्थ,1,0.0001465630954125751
2878,मृषींश्च,1,0.0001465630954125751
2879,सर्वानुरगांश्च,1,0.0001465630954125751
2880,दिव्यान्,1,0.0001465630954125751
2881,अनेकबाहूदरवक्त्रनेत्रं,1,0.0001465630954125751
2882,सर्वतो,1,0.0001465630954125751
2883,नन्तरूपम्,1,0.0001465630954125751
2884,नान्तं,1,0.0001465630954125751
2885,पुनस्तवादिं,1,0.0001465630954125751
2886,विश्वेश्वर,1,0.0001465630954125751
2887,विश्वरूप,1,0.0001465630954125751
2888,चक्रिणं,1,0.0001465630954125751
2889,तेजोराशिं,1,0.0001465630954125751
2890,सर्वतोदीप्तिमन्तम्,1,0.0001465630954125751
2891,दुर्निरीक्ष्यं,1,0.0001465630954125751
2892,द्दीप्तानलार्कद्युतिमप्रमेयम्,1,0.0001465630954125751
2893,वेदितव्यं,1,0.0001465630954125751
2894,त्वमव्ययः,1,0.0001465630954125751
2895,शाश्वतधर्मगोप्ता,1,0.0001465630954125751
2896,सनातनस्त्वं,1,0.0001465630954125751
2897,अनादिमध्यान्तमनन्तवीर्य,1,0.0001465630954125751
2898,मनन्तबाहुं,1,0.0001465630954125751
2899,शशिसूर्यनेत्रम्,1,0.0001465630954125751
2900,दीप्तहुताशवक्त्रम्,1,0.0001465630954125751
2901,स्वतेजसा,1,0.0001465630954125751
2902,विश्वमिदं,1,0.0001465630954125751
2903,तपन्तम्,1,0.0001465630954125751
2904,द्यावापृथिव्योरिदमन्तरं,1,0.0001465630954125751
2905,व्याप्तं,1,0.0001465630954125751
2906,त्वयैकेन,1,0.0001465630954125751
2907,दिशश्च,1,0.0001465630954125751
2908,द्भुतं,1,0.0001465630954125751
2909,रूपमुग्रं,1,0.0001465630954125751
2910,लोकत्रयं,1,0.0001465630954125751
2911,महात्मन्,1,0.0001465630954125751
2912,सुरसङ्घाः,1,0.0001465630954125751
2913,केचिद्भीताः,1,0.0001465630954125751
2914,प्राञ्जलयो,1,0.0001465630954125751
2915,गृणन्ति,1,0.0001465630954125751
2916,स्वस्तीत्युक्त्वा,1,0.0001465630954125751
2917,महर्षिसिद्धसङ्घाः,1,0.0001465630954125751
2918,स्तुवन्ति,1,0.0001465630954125751
2919,स्तुतिभिः,1,0.0001465630954125751
2920,पुष्कलाभिः,1,0.0001465630954125751
2921,रुद्रादित्या,1,0.0001465630954125751
2922,वसवो,1,0.0001465630954125751
2923,साध्या,1,0.0001465630954125751
2924,विश्वे,1,0.0001465630954125751
2925,श्िवनौ,1,0.0001465630954125751
2926,मरुतश्चोष्मपाश्च,1,0.0001465630954125751
2927,गन्धर्वयक्षासुरसिद्धसङ्घा,1,0.0001465630954125751
2928,वीक्षन्ते,1,0.0001465630954125751
2929,विस्मिताश्चैव,1,0.0001465630954125751
2930,महत्ते,1,0.0001465630954125751
2931,बहुवक्त्रनेत्रं,1,0.0001465630954125751
2932,बहुबाहूरुपादम्,1,0.0001465630954125751
2933,बहूदरं,1,0.0001465630954125751
2934,बहुदंष्ट्राकरालं,1,0.0001465630954125751
2935,लोकाः,1,0.0001465630954125751
2936,प्रव्यथितास्तथा,1,0.0001465630954125751
2937,हम्,1,0.0001465630954125751
2938,नभःस्पृशं,1,0.0001465630954125751
2939,दीप्तमनेकवर्णं,1,0.0001465630954125751
2940,व्यात्ताननं,1,0.0001465630954125751
2941,दीप्तविशालनेत्रम्,1,0.0001465630954125751
2942,प्रव्यथितान्तरात्मा,1,0.0001465630954125751
2943,धृतिं,1,0.0001465630954125751
2944,विन्दामि,1,0.0001465630954125751
2945,शमं,1,0.0001465630954125751
2946,मुखानि,1,0.0001465630954125751
2947,दृष्ट्वैव,1,0.0001465630954125751
2948,कालानलसन्निभानि,1,0.0001465630954125751
2949,जाने,1,0.0001465630954125751
2950,लभे,1,0.0001465630954125751
2951,शर्म,1,0.0001465630954125751
2952,धृतराष्ट्रस्य,1,0.0001465630954125751
2953,पुत्राः,1,0.0001465630954125751
2954,सहैवावनिपालसङ्घैः,1,0.0001465630954125751
2955,भीष्मो,1,0.0001465630954125751
2956,द्रोणः,1,0.0001465630954125751
2957,सूतपुत्रस्तथा,1,0.0001465630954125751
2958,सौ,1,0.0001465630954125751
2959,सहास्मदीयैरपि,1,0.0001465630954125751
2960,योधमुख्यैः,1,0.0001465630954125751
2961,त्वरमाणा,1,0.0001465630954125751
2962,भयानकानि,1,0.0001465630954125751
2963,केचिद्विलग्ना,1,0.0001465630954125751
2964,दशनान्तरेषु,1,0.0001465630954125751
2965,संदृश्यन्ते,1,0.0001465630954125751
2966,चूर्णितैरुत्तमाङ्गैः,1,0.0001465630954125751
2967,नदीनां,1,0.0001465630954125751
2968,म्बुवेगाः,1,0.0001465630954125751
2969,समुद्रमेवाभिमुखाः,1,0.0001465630954125751
2970,तवामी,1,0.0001465630954125751
2971,नरलोकवीरा,1,0.0001465630954125751
2972,वक्त्राण्यभिविज्वलन्ति,1,0.0001465630954125751
2973,प्रदीप्तं,1,0.0001465630954125751
2974,ज्वलनं,1,0.0001465630954125751
2975,पतङ्गा,1,0.0001465630954125751
2976,स्तवापि,1,0.0001465630954125751
2977,लेलिह्यसे,1,0.0001465630954125751
2978,ग्रसमानः,1,0.0001465630954125751
2979,ल्लोकान्समग्रान्वदनैर्ज्वलद्भिः,1,0.0001465630954125751
2980,तेजोभिरापूर्य,1,0.0001465630954125751
2981,जगत्समग्रं,1,0.0001465630954125751
2982,भासस्तवोग्राः,1,0.0001465630954125751
2983,प्रतपन्ति,1,0.0001465630954125751
2984,आख्याहि,1,0.0001465630954125751
2985,भवानुग्ररूपो,1,0.0001465630954125751
2986,देववर,1,0.0001465630954125751
2987,विज्ञातुमिच्छामि,1,0.0001465630954125751
2988,भवन्तमाद्यं,1,0.0001465630954125751
2989,प्रजानामि,1,0.0001465630954125751
2990,प्रवृत्तिम्,1,0.0001465630954125751
2991,लोकक्षयकृत्प्रवृद्धो,1,0.0001465630954125751
2992,लोकान्समाहर्तुमिह,1,0.0001465630954125751
2993,प्रवृत्तः,1,0.0001465630954125751
2994,ऋते,1,0.0001465630954125751
2995,भविष्यन्ति,1,0.0001465630954125751
2996,प्रत्यनीकेषु,1,0.0001465630954125751
2997,योधाः,1,0.0001465630954125751
2998,तस्मात्त्वमुत्तिष्ठ,1,0.0001465630954125751
2999,लभस्व,1,0.0001465630954125751
3000,शत्रून्,1,0.0001465630954125751
3001,भुङ्क्ष्व,1,0.0001465630954125751
3002,समृद्धम्,1,0.0001465630954125751
3003,मयैवैते,1,0.0001465630954125751
3004,निहताः,1,0.0001465630954125751
3005,पूर्वमेव,1,0.0001465630954125751
3006,निमित्तमात्रं,1,0.0001465630954125751
3007,सव्यसाचिन्,1,0.0001465630954125751
3008,भीष्मं,1,0.0001465630954125751
3009,जयद्रथं,1,0.0001465630954125751
3010,कर्णं,1,0.0001465630954125751
3011,न्यानपि,1,0.0001465630954125751
3012,योधवीरान्,1,0.0001465630954125751
3013,हतांस्त्वं,1,0.0001465630954125751
3014,व्यथिष्ठा,1,0.0001465630954125751
3015,जेतासि,1,0.0001465630954125751
3016,सपत्नान्,1,0.0001465630954125751
3017,एतच्छ्रुत्वा,1,0.0001465630954125751
3018,केशवस्य,1,0.0001465630954125751
3019,कृताञ्जलिर्वेपमानः,1,0.0001465630954125751
3020,किरीटी,1,0.0001465630954125751
3021,नमस्कृत्वा,1,0.0001465630954125751
3022,एवाह,1,0.0001465630954125751
3023,कृष्णं,1,0.0001465630954125751
3024,सगद्गदं,1,0.0001465630954125751
3025,भीतभीतः,1,0.0001465630954125751
3026,स्थाने,1,0.0001465630954125751
3027,प्रकीर्त्या,1,0.0001465630954125751
3028,प्रहृष्यत्यनुरज्यते,1,0.0001465630954125751
3029,रक्षांसि,1,0.0001465630954125751
3030,भीतानि,1,0.0001465630954125751
3031,नमस्यन्ति,1,0.0001465630954125751
3032,सिद्धसङ्घाः,1,0.0001465630954125751
3033,कस्माच्च,1,0.0001465630954125751
3034,नमेरन्महात्मन्,1,0.0001465630954125751
3035,गरीयसे,1,0.0001465630954125751
3036,प्यादिकर्त्रे,1,0.0001465630954125751
3037,अनन्त,1,0.0001465630954125751
3038,सदसत्तत्परं,1,0.0001465630954125751
3039,त्वमादिदेवः,1,0.0001465630954125751
3040,पुराण,1,0.0001465630954125751
3041,स्त्वमस्य,1,0.0001465630954125751
3042,वेत्तासि,1,0.0001465630954125751
3043,त्वया,1,0.0001465630954125751
3044,ततं,1,0.0001465630954125751
3045,विश्वमनन्तरूप,1,0.0001465630954125751
3046,वायुर्यमो,1,0.0001465630954125751
3047,ग्निर्वरुणः,1,0.0001465630954125751
3048,शशाङ्कः,1,0.0001465630954125751
3049,प्रजापतिस्त्वं,1,0.0001465630954125751
3050,प्रपितामहश्च,1,0.0001465630954125751
3051,सहस्रकृत्वः,1,0.0001465630954125751
3052,पुनश्च,1,0.0001465630954125751
3053,नमः,1,0.0001465630954125751
3054,पुरस्तादथ,1,0.0001465630954125751
3055,पृष्ठतस्ते,1,0.0001465630954125751
3056,सर्वत,1,0.0001465630954125751
3057,अनन्तवीर्यामितविक्रमस्त्वं,1,0.0001465630954125751
3058,समाप्नोषि,1,0.0001465630954125751
3059,यदुक्तं,1,0.0001465630954125751
3060,यादव,1,0.0001465630954125751
3061,अजानता,1,0.0001465630954125751
3062,महिमानं,1,0.0001465630954125751
3063,प्रमादात्प्रणयेन,1,0.0001465630954125751
3064,यच्चावहासार्थमसत्कृतो,1,0.0001465630954125751
3065,विहारशय्यासनभोजनेषु,1,0.0001465630954125751
3066,एको,1,0.0001465630954125751
3067,थवाप्यच्युत,1,0.0001465630954125751
3068,तत्समक्षं,1,0.0001465630954125751
3069,तत्क्षामये,1,0.0001465630954125751
3070,त्वामहमप्रमेयम्,1,0.0001465630954125751
3071,पितासि,1,0.0001465630954125751
3072,चराचरस्य,1,0.0001465630954125751
3073,पूज्यश्च,1,0.0001465630954125751
3074,गुरुर्गरीयान्,1,0.0001465630954125751
3075,त्वत्समो,1,0.0001465630954125751
3076,स्त्यभ्यधिकः,1,0.0001465630954125751
3077,कुतो,1,0.0001465630954125751
3078,लोकत्रये,1,0.0001465630954125751
3079,प्यप्रतिमप्रभाव,1,0.0001465630954125751
3080,तस्मात्प्रणम्य,1,0.0001465630954125751
3081,प्रणिधाय,1,0.0001465630954125751
3082,कायं,1,0.0001465630954125751
3083,प्रसादये,1,0.0001465630954125751
3084,त्वामहमीशमीड्यम्,1,0.0001465630954125751
3085,पितेव,1,0.0001465630954125751
3086,पुत्रस्य,1,0.0001465630954125751
3087,सखेव,1,0.0001465630954125751
3088,सख्युः,1,0.0001465630954125751
3089,प्रियायार्हसि,1,0.0001465630954125751
3090,सोढुम्,1,0.0001465630954125751
3091,अदृष्टपूर्वं,1,0.0001465630954125751
3092,हृषितो,1,0.0001465630954125751
3093,भयेन,1,0.0001465630954125751
3094,दर्शय,1,0.0001465630954125751
3095,चक्रहस्त,1,0.0001465630954125751
3096,मिच्छामि,1,0.0001465630954125751
3097,द्रष्टुमहं,1,0.0001465630954125751
3098,रूपेण,1,0.0001465630954125751
3099,चतुर्भुजेन,1,0.0001465630954125751
3100,सहस्रबाहो,1,0.0001465630954125751
3101,विश्वमूर्ते,1,0.0001465630954125751
3102,प्रसन्नेन,1,0.0001465630954125751
3103,तवार्जुनेदं,1,0.0001465630954125751
3104,दर्शितमात्मयोगात्,1,0.0001465630954125751
3105,तेजोमयं,1,0.0001465630954125751
3106,विश्वमनन्तमाद्यं,1,0.0001465630954125751
3107,यन्मे,1,0.0001465630954125751
3108,दृष्टपूर्वम्,1,0.0001465630954125751
3109,वेदयज्ञाध्ययनैर्न,1,0.0001465630954125751
3110,दानै,1,0.0001465630954125751
3111,र्न,1,0.0001465630954125751
3112,क्रियाभिर्न,1,0.0001465630954125751
3113,तपोभिरुग्रैः,1,0.0001465630954125751
3114,एवंरूपः,1,0.0001465630954125751
3115,नृलोके,1,0.0001465630954125751
3116,कुरुप्रवीर,1,0.0001465630954125751
3117,व्यथा,1,0.0001465630954125751
3118,विमूढभावो,1,0.0001465630954125751
3119,घोरमीदृङ्ममेदम्,1,0.0001465630954125751
3120,व्यपेतभीः,1,0.0001465630954125751
3121,प्रीतमनाः,1,0.0001465630954125751
3122,पुनस्त्वं,1,0.0001465630954125751
3123,रूपमिदं,1,0.0001465630954125751
3124,प्रपश्य,1,0.0001465630954125751
3125,इत्यर्जुनं,1,0.0001465630954125751
3126,वासुदेवस्तथोक्त्वा,1,0.0001465630954125751
3127,स्वकं,1,0.0001465630954125751
3128,आश्वासयामास,1,0.0001465630954125751
3129,भीतमेनं,1,0.0001465630954125751
3130,सौम्यवपुर्महात्मा,1,0.0001465630954125751
3131,दृष्ट्वेदं,1,0.0001465630954125751
3132,मानुषं,1,0.0001465630954125751
3133,तवसौम्यं,1,0.0001465630954125751
3134,इदानीमस्मि,1,0.0001465630954125751
3135,संवृत्तः,1,0.0001465630954125751
3136,सचेताः,1,0.0001465630954125751
3137,गतः,1,0.0001465630954125751
3138,सुदुर्दर्शमिदं,1,0.0001465630954125751
3139,यन्मम,1,0.0001465630954125751
3140,अप्यस्य,1,0.0001465630954125751
3141,रूपस्य,1,0.0001465630954125751
3142,दर्शनकाङ्क्षिणः,1,0.0001465630954125751
3143,वेदैर्न,1,0.0001465630954125751
3144,तपसा,1,0.0001465630954125751
3145,दानेन,1,0.0001465630954125751
3146,चेज्यया,1,0.0001465630954125751
3147,एवंविधो,1,0.0001465630954125751
3148,त्वनन्यया,1,0.0001465630954125751
3149,शक्यमहमेवंविधो,1,0.0001465630954125751
3150,ज्ञातुं,1,0.0001465630954125751
3151,दृष्टुं,1,0.0001465630954125751
3152,तत्त्वेन,1,0.0001465630954125751
3153,प्रवेष्टुं,1,0.0001465630954125751
3154,मत्कर्मकृन्मत्परमो,1,0.0001465630954125751
3155,सङ्गवर्जितः,1,0.0001465630954125751
3156,निर्वैरः,1,0.0001465630954125751
3157,उवाचएवं,1,0.0001465630954125751
3158,सततयुक्ता,1,0.0001465630954125751
3159,भक्तास्त्वां,1,0.0001465630954125751
3160,येचाप्यक्षरमव्यक्तं,1,0.0001465630954125751
3161,के,1,0.0001465630954125751
3162,योगवित्तमाः,1,0.0001465630954125751
3163,भगवानुवाचमय्यावेश्य,1,0.0001465630954125751
3164,परयोपेतास्ते,1,0.0001465630954125751
3165,युक्ततमा,1,0.0001465630954125751
3166,मताः,1,0.0001465630954125751
3167,त्वक्षरमनिर्देश्यमव्यक्तं,1,0.0001465630954125751
3168,सर्वत्रगमचिन्त्यं,1,0.0001465630954125751
3169,कूटस्थमचलं,1,0.0001465630954125751
3170,ध्रुवम्,1,0.0001465630954125751
3171,संनियम्येन्द्रियग्रामं,1,0.0001465630954125751
3172,समबुद्धयः,1,0.0001465630954125751
3173,प्राप्नुवन्ति,1,0.0001465630954125751
3174,क्लेशो,1,0.0001465630954125751
3175,धिकतरस्तेषामव्यक्तासक्तचेतसाम्,1,0.0001465630954125751
3176,अव्यक्ता,1,0.0001465630954125751
3177,गतिर्दुःखं,1,0.0001465630954125751
3178,देहवद्भिरवाप्यते,1,0.0001465630954125751
3179,मत्पराः,1,0.0001465630954125751
3180,अनन्येनैव,1,0.0001465630954125751
3181,ध्यायन्त,1,0.0001465630954125751
3182,तेषामहं,1,0.0001465630954125751
3183,समुद्धर्ता,1,0.0001465630954125751
3184,मृत्युसंसारसागरात्,1,0.0001465630954125751
3185,भवामि,1,0.0001465630954125751
3186,नचिरात्पार्थ,1,0.0001465630954125751
3187,मय्यावेशितचेतसाम्,1,0.0001465630954125751
3188,मन,1,0.0001465630954125751
3189,आधत्स्व,1,0.0001465630954125751
3190,निवेशय,1,0.0001465630954125751
3191,निवसिष्यसि,1,0.0001465630954125751
3192,अत,1,0.0001465630954125751
3193,समाधातुं,1,0.0001465630954125751
3194,शक्नोषि,1,0.0001465630954125751
3195,स्थिरम्,1,0.0001465630954125751
3196,अभ्यासयोगेन,1,0.0001465630954125751
3197,मामिच्छाप्तुं,1,0.0001465630954125751
3198,अभ्यासे,1,0.0001465630954125751
3199,प्यसमर्थो,1,0.0001465630954125751
3200,मत्कर्मपरमो,1,0.0001465630954125751
3201,मदर्थमपि,1,0.0001465630954125751
3202,कुर्वन्,1,0.0001465630954125751
3203,सिद्धिमवाप्स्यसि,1,0.0001465630954125751
3204,अथैतदप्यशक्तो,1,0.0001465630954125751
3205,मद्योगमाश्रितः,1,0.0001465630954125751
3206,यतात्मवान्,1,0.0001465630954125751
3207,ज्ञानमभ्यासाज्ज्ञानाद्ध्यानं,1,0.0001465630954125751
3208,ध्यानात्कर्मफलत्यागस्त्यागाच्छान्तिरनन्तरम्,1,0.0001465630954125751
3209,अद्वेष्टा,1,0.0001465630954125751
3210,मैत्रः,1,0.0001465630954125751
3211,करुण,1,0.0001465630954125751
3212,निरहङ्कारः,1,0.0001465630954125751
3213,क्षमी,1,0.0001465630954125751
3214,सन्तुष्टः,1,0.0001465630954125751
3215,यतात्मा,1,0.0001465630954125751
3216,दृढनिश्चयः,1,0.0001465630954125751
3217,मय्यर्पितमनोबुद्धिर्यो,1,0.0001465630954125751
3218,यस्मान्नोद्विजते,1,0.0001465630954125751
3219,लोकान्नोद्विजते,1,0.0001465630954125751
3220,हर्षामर्षभयोद्वेगैर्मुक्तो,1,0.0001465630954125751
3221,अनपेक्षः,1,0.0001465630954125751
3222,शुचिर्दक्ष,1,0.0001465630954125751
3223,उदासीनो,1,0.0001465630954125751
3224,गतव्यथः,1,0.0001465630954125751
3225,हृष्यति,1,0.0001465630954125751
3226,शुभाशुभपरित्यागी,1,0.0001465630954125751
3227,भक्ितमान्यः,1,0.0001465630954125751
3228,शत्रौ,1,0.0001465630954125751
3229,मित्रे,1,0.0001465630954125751
3230,सङ्गविवर्जितः,1,0.0001465630954125751
3231,तुल्यनिन्दास्तुतिर्मौनी,1,0.0001465630954125751
3232,सन्तुष्टो,1,0.0001465630954125751
3233,येनकेनचित्,1,0.0001465630954125751
3234,अनिकेतः,1,0.0001465630954125751
3235,स्थिरमतिर्भक्ितमान्मे,1,0.0001465630954125751
3236,धर्म्यामृतमिदं,1,0.0001465630954125751
3237,यथोक्तं,1,0.0001465630954125751
3238,श्रद्दधाना,1,0.0001465630954125751
3239,मत्परमा,1,0.0001465630954125751
3240,भक्तास्ते,1,0.0001465630954125751
3241,तीव,1,0.0001465630954125751
3242,प्रियाः,1,0.0001465630954125751
3243,क्षेत्रज्ञमेव,1,0.0001465630954125751
3244,एतद्वेदितुमिच्छामि,1,0.0001465630954125751
3245,भगवानुवाचइदं,1,0.0001465630954125751
3246,क्षेत्रमित्यभिधीयते,1,0.0001465630954125751
3247,एतद्यो,1,0.0001465630954125751
3248,प्राहुः,1,0.0001465630954125751
3249,क्षेत्रज्ञ,1,0.0001465630954125751
3250,तद्विदः,1,0.0001465630954125751
3251,क्षेत्रज्ञं,1,0.0001465630954125751
3252,सर्वक्षेत्रेषु,1,0.0001465630954125751
3253,क्षेत्रक्षेत्रज्ञयोर्ज्ञानं,1,0.0001465630954125751
3254,यत्तज्ज्ञानं,1,0.0001465630954125751
3255,मतं,1,0.0001465630954125751
3256,तत्क्षेत्रं,1,0.0001465630954125751
3257,यच्च,1,0.0001465630954125751
3258,यादृक्,1,0.0001465630954125751
3259,यद्विकारि,1,0.0001465630954125751
3260,यतश्च,1,0.0001465630954125751
3261,यत्प्रभावश्च,1,0.0001465630954125751
3262,तत्समासेन,1,0.0001465630954125751
3263,ऋषिभिर्बहुधा,1,0.0001465630954125751
3264,गीतं,1,0.0001465630954125751
3265,छन्दोभिर्विविधैः,1,0.0001465630954125751
3266,पृथक्,1,0.0001465630954125751
3267,ब्रह्मसूत्रपदैश्चैव,1,0.0001465630954125751
3268,हेतुमद्भिर्विनिश्िचतैः,1,0.0001465630954125751
3269,महाभूतान्यहङ्कारो,1,0.0001465630954125751
3270,बुद्धिरव्यक्तमेव,1,0.0001465630954125751
3271,दशैकं,1,0.0001465630954125751
3272,पञ्च,1,0.0001465630954125751
3273,चेन्द्रियगोचराः,1,0.0001465630954125751
3274,इच्छा,1,0.0001465630954125751
3275,द्वेषः,1,0.0001465630954125751
3276,सङ्घातश्चेतनाधृतिः,1,0.0001465630954125751
3277,एतत्क्षेत्रं,1,0.0001465630954125751
3278,समासेन,1,0.0001465630954125751
3279,सविकारमुदाहृतम्,1,0.0001465630954125751
3280,अमानित्वमदम्भित्वमहिंसा,1,0.0001465630954125751
3281,क्षान्तिरार्जवम्,1,0.0001465630954125751
3282,आचार्योपासनं,1,0.0001465630954125751
3283,स्थैर्यमात्मविनिग्रहः,1,0.0001465630954125751
3284,इन्द्रियार्थेषु,1,0.0001465630954125751
3285,वैराग्यमनहङ्कार,1,0.0001465630954125751
3286,जन्ममृत्युजराव्याधिदुःखदोषानुदर्शनम्,1,0.0001465630954125751
3287,असक्ितरनभिष्वङ्गः,1,0.0001465630954125751
3288,पुत्रदारगृहादिषु,1,0.0001465630954125751
3289,समचित्तत्वमिष्टानिष्टोपपत्तिषु,1,0.0001465630954125751
3290,चानन्ययोगेन,1,0.0001465630954125751
3291,भक्ितरव्यभिचारिणी,1,0.0001465630954125751
3292,विविक्तदेशसेवित्वमरतिर्जनसंसदि,1,0.0001465630954125751
3293,अध्यात्मज्ञाननित्यत्वं,1,0.0001465630954125751
3294,तत्त्वज्ञानार्थदर्शनम्,1,0.0001465630954125751
3295,एतज्ज्ञानमिति,1,0.0001465630954125751
3296,प्रोक्तमज्ञानं,1,0.0001465630954125751
3297,यदतोन्यथा,1,0.0001465630954125751
3298,यत्तत्प्रवक्ष्यामि,1,0.0001465630954125751
3299,अनादिमत्परं,1,0.0001465630954125751
3300,सत्तन्नासदुच्यते,1,0.0001465630954125751
3301,पाणिपादं,1,0.0001465630954125751
3302,तत्सर्वतो,1,0.0001465630954125751
3303,क्षिशिरोमुखम्,1,0.0001465630954125751
3304,श्रुतिमल्लोके,1,0.0001465630954125751
3305,सर्वमावृत्य,1,0.0001465630954125751
3306,सर्वेन्द्रियगुणाभासं,1,0.0001465630954125751
3307,सर्वेन्द्रियविवर्जितम्,1,0.0001465630954125751
3308,असक्तं,1,0.0001465630954125751
3309,सर्वभृच्चैव,1,0.0001465630954125751
3310,निर्गुणं,1,0.0001465630954125751
3311,गुणभोक्तृ,1,0.0001465630954125751
3312,बहिरन्तश्च,1,0.0001465630954125751
3313,भूतानामचरं,1,0.0001465630954125751
3314,चरमेव,1,0.0001465630954125751
3315,सूक्ष्मत्वात्तदविज्ञेयं,1,0.0001465630954125751
3316,दूरस्थं,1,0.0001465630954125751
3317,चान्तिके,1,0.0001465630954125751
3318,विभक्तमिव,1,0.0001465630954125751
3319,स्थितम्,1,0.0001465630954125751
3320,भूतभर्तृ,1,0.0001465630954125751
3321,तज्ज्ञेयं,1,0.0001465630954125751
3322,ग्रसिष्णु,1,0.0001465630954125751
3323,प्रभविष्णु,1,0.0001465630954125751
3324,ज्योतिषामपि,1,0.0001465630954125751
3325,तज्ज्योतिस्तमसः,1,0.0001465630954125751
3326,परमुच्यते,1,0.0001465630954125751
3327,ज्ञानगम्यं,1,0.0001465630954125751
3328,विष्ठितम्,1,0.0001465630954125751
3329,चोक्तं,1,0.0001465630954125751
3330,समासतः,1,0.0001465630954125751
3331,मद्भक्त,1,0.0001465630954125751
3332,एतद्विज्ञाय,1,0.0001465630954125751
3333,मद्भावायोपपद्यते,1,0.0001465630954125751
3334,विद्ध्यनादी,1,0.0001465630954125751
3335,उभावपि,1,0.0001465630954125751
3336,विकारांश्च,1,0.0001465630954125751
3337,गुणांश्चैव,1,0.0001465630954125751
3338,प्रकृतिसंभवान्,1,0.0001465630954125751
3339,कार्यकारणकर्तृत्वे,1,0.0001465630954125751
3340,हेतुः,1,0.0001465630954125751
3341,प्रकृतिरुच्यते,1,0.0001465630954125751
3342,सुखदुःखानां,1,0.0001465630954125751
3343,भोक्तृत्वे,1,0.0001465630954125751
3344,हेतुरुच्यते,1,0.0001465630954125751
3345,प्रकृतिस्थो,1,0.0001465630954125751
3346,प्रकृतिजान्गुणान्,1,0.0001465630954125751
3347,कारणं,1,0.0001465630954125751
3348,गुणसङ्गो,1,0.0001465630954125751
3349,स्य,1,0.0001465630954125751
3350,सदसद्योनिजन्मसु,1,0.0001465630954125751
3351,उपद्रष्टा,1,0.0001465630954125751
3352,नुमन्ता,1,0.0001465630954125751
3353,भर्ता,1,0.0001465630954125751
3354,महेश्वरः,1,0.0001465630954125751
3355,परमात्मेति,1,0.0001465630954125751
3356,चाप्युक्तो,1,0.0001465630954125751
3357,स्मिन्पुरुषः,1,0.0001465630954125751
3358,गुणैःसह,1,0.0001465630954125751
3359,ध्यानेनात्मनि,1,0.0001465630954125751
3360,केचिदात्मानमात्मना,1,0.0001465630954125751
3361,सांख्येन,1,0.0001465630954125751
3362,त्वेवमजानन्तः,1,0.0001465630954125751
3363,श्रुत्वा,1,0.0001465630954125751
3364,न्येभ्य,1,0.0001465630954125751
3365,चातितरन्त्येव,1,0.0001465630954125751
3366,मृत्युं,1,0.0001465630954125751
3367,श्रुतिपरायणाः,1,0.0001465630954125751
3368,यावत्सञ्जायते,1,0.0001465630954125751
3369,किञ्चित्सत्त्वं,1,0.0001465630954125751
3370,स्थावरजङ्गमम्,1,0.0001465630954125751
3371,क्षेत्रक्षेत्रज्ञसंयोगात्तद्विद्धि,1,0.0001465630954125751
3372,तिष्ठन्तं,1,0.0001465630954125751
3373,परमेश्वरम्,1,0.0001465630954125751
3374,विनश्यत्स्वविनश्यन्तं,1,0.0001465630954125751
3375,पश्यन्हि,1,0.0001465630954125751
3376,समवस्थितमीश्वरम्,1,0.0001465630954125751
3377,हिनस्त्यात्मना,1,0.0001465630954125751
3378,प्रकृत्यैव,1,0.0001465630954125751
3379,त्मानमकर्तारं,1,0.0001465630954125751
3380,भूतपृथग्भावमेकस्थमनुपश्यति,1,0.0001465630954125751
3381,तत,1,0.0001465630954125751
3382,विस्तारं,1,0.0001465630954125751
3383,सम्पद्यते,1,0.0001465630954125751
3384,अनादित्वान्निर्गुणत्वात्परमात्मायमव्ययः,1,0.0001465630954125751
3385,शरीरस्थो,1,0.0001465630954125751
3386,सर्वगतं,1,0.0001465630954125751
3387,सौक्ष्म्यादाकाशं,1,0.0001465630954125751
3388,सर्वत्रावस्थितो,1,0.0001465630954125751
3389,त्मा,1,0.0001465630954125751
3390,प्रकाशयत्येकः,1,0.0001465630954125751
3391,रविः,1,0.0001465630954125751
3392,क्षेत्री,1,0.0001465630954125751
3393,क्षेत्रक्षेत्रज्ञयोरेवमन्तरं,1,0.0001465630954125751
3394,ज्ञानचक्षुषा,1,0.0001465630954125751
3395,भूतप्रकृतिमोक्षं,1,0.0001465630954125751
3396,विदुर्यान्ति,1,0.0001465630954125751
3397,भगवानुवाचपरं,1,0.0001465630954125751
3398,ज्ञानानां,1,0.0001465630954125751
3399,ज्ञानमुत्तमम्,1,0.0001465630954125751
3400,मुनयः,1,0.0001465630954125751
3401,सिद्धिमितो,1,0.0001465630954125751
3402,ज्ञानमुपाश्रित्य,1,0.0001465630954125751
3403,साधर्म्यमागताः,1,0.0001465630954125751
3404,नोपजायन्ते,1,0.0001465630954125751
3405,प्रलये,1,0.0001465630954125751
3406,व्यथन्ति,1,0.0001465630954125751
3407,योनिर्महद्ब्रह्म,1,0.0001465630954125751
3408,तस्मिन्,1,0.0001465630954125751
3409,गर्भं,1,0.0001465630954125751
3410,दधाम्यहम्,1,0.0001465630954125751
3411,संभवः,1,0.0001465630954125751
3412,सर्वयोनिषु,1,0.0001465630954125751
3413,मूर्तयः,1,0.0001465630954125751
3414,सम्भवन्ति,1,0.0001465630954125751
3415,याः,1,0.0001465630954125751
3416,तासां,1,0.0001465630954125751
3417,महद्योनिरहं,1,0.0001465630954125751
3418,बीजप्रदः,1,0.0001465630954125751
3419,रजस्तम,1,0.0001465630954125751
3420,गुणाः,1,0.0001465630954125751
3421,प्रकृतिसंभवाः,1,0.0001465630954125751
3422,देहिनमव्ययम्,1,0.0001465630954125751
3423,निर्मलत्वात्प्रकाशकमनामयम्,1,0.0001465630954125751
3424,सुखसङ्गेन,1,0.0001465630954125751
3425,बध्नाति,1,0.0001465630954125751
3426,ज्ञानसङ्गेन,1,0.0001465630954125751
3427,चानघ,1,0.0001465630954125751
3428,रजो,1,0.0001465630954125751
3429,रागात्मकं,1,0.0001465630954125751
3430,तृष्णासङ्गसमुद्भवम्,1,0.0001465630954125751
3431,तन्निबध्नाति,1,0.0001465630954125751
3432,कर्मसङ्गेन,1,0.0001465630954125751
3433,तमस्त्वज्ञानजं,1,0.0001465630954125751
3434,मोहनं,1,0.0001465630954125751
3435,सर्वदेहिनाम्,1,0.0001465630954125751
3436,प्रमादालस्यनिद्राभिस्तन्निबध्नाति,1,0.0001465630954125751
3437,सुखे,1,0.0001465630954125751
3438,सञ्जयति,1,0.0001465630954125751
3439,प्रमादे,1,0.0001465630954125751
3440,सञ्जयत्युत,1,0.0001465630954125751
3441,रजस्तमश्चाभिभूय,1,0.0001465630954125751
3442,तमश्चैव,1,0.0001465630954125751
3443,रजस्तथा,1,0.0001465630954125751
3444,सर्वद्वारेषु,1,0.0001465630954125751
3445,स्मिन्प्रकाश,1,0.0001465630954125751
3446,उपजायते,1,0.0001465630954125751
3447,विद्याद्विवृद्धं,1,0.0001465630954125751
3448,सत्त्वमित्युत,1,0.0001465630954125751
3449,लोभः,1,0.0001465630954125751
3450,प्रवृत्तिरारम्भः,1,0.0001465630954125751
3451,कर्मणामशमः,1,0.0001465630954125751
3452,रजस्येतानि,1,0.0001465630954125751
3453,अप्रकाशो,1,0.0001465630954125751
3454,प्रवृत्तिश्च,1,0.0001465630954125751
3455,प्रमादो,1,0.0001465630954125751
3456,मोह,1,0.0001465630954125751
3457,तमस्येतानि,1,0.0001465630954125751
3458,सत्त्वे,1,0.0001465630954125751
3459,प्रवृद्धे,1,0.0001465630954125751
3460,देहभृत्,1,0.0001465630954125751
3461,तदोत्तमविदां,1,0.0001465630954125751
3462,लोकानमलान्प्रतिपद्यते,1,0.0001465630954125751
3463,रजसि,1,0.0001465630954125751
3464,गत्वा,1,0.0001465630954125751
3465,कर्मसङ्गिषु,1,0.0001465630954125751
3466,प्रलीनस्तमसि,1,0.0001465630954125751
3467,मूढयोनिषु,1,0.0001465630954125751
3468,सुकृतस्याहुः,1,0.0001465630954125751
3469,निर्मलं,1,0.0001465630954125751
3470,रजसस्तु,1,0.0001465630954125751
3471,दुःखमज्ञानं,1,0.0001465630954125751
3472,सत्त्वात्सञ्जायते,1,0.0001465630954125751
3473,रजसो,1,0.0001465630954125751
3474,लोभ,1,0.0001465630954125751
3475,प्रमादमोहौ,1,0.0001465630954125751
3476,तमसो,1,0.0001465630954125751
3477,ज्ञानमेव,1,0.0001465630954125751
3478,सत्त्वस्था,1,0.0001465630954125751
3479,मध्ये,1,0.0001465630954125751
3480,तिष्ठन्ति,1,0.0001465630954125751
3481,जघन्यगुणवृत्तिस्था,1,0.0001465630954125751
3482,अधो,1,0.0001465630954125751
3483,तामसाः,1,0.0001465630954125751
3484,नान्यं,1,0.0001465630954125751
3485,गुणेभ्यः,1,0.0001465630954125751
3486,कर्तारं,1,0.0001465630954125751
3487,द्रष्टानुपश्यति,1,0.0001465630954125751
3488,गुणेभ्यश्च,1,0.0001465630954125751
3489,गुणानेतानतीत्य,1,0.0001465630954125751
3490,त्रीन्देही,1,0.0001465630954125751
3491,देहसमुद्भवान्,1,0.0001465630954125751
3492,जन्ममृत्युजरादुःखैर्विमुक्तो,1,0.0001465630954125751
3493,उवाचकैर्लिंगैस्त्रीन्गुणानेतानतीतो,1,0.0001465630954125751
3494,किमाचारः,1,0.0001465630954125751
3495,चैतांस्त्रीन्गुणानतिवर्तते,1,0.0001465630954125751
3496,भगवानुवाचप्रकाशं,1,0.0001465630954125751
3497,मोहमेव,1,0.0001465630954125751
3498,सम्प्रवृत्तानि,1,0.0001465630954125751
3499,निवृत्तानि,1,0.0001465630954125751
3500,उदासीनवदासीनो,1,0.0001465630954125751
3501,गुणैर्यो,1,0.0001465630954125751
3502,इत्येव,1,0.0001465630954125751
3503,वतिष्ठति,1,0.0001465630954125751
3504,स्वस्थः,1,0.0001465630954125751
3505,तुल्यप्रियाप्रियो,1,0.0001465630954125751
3506,धीरस्तुल्यनिन्दात्मसंस्तुतिः,1,0.0001465630954125751
3507,मानापमानयोस्तुल्यस्तुल्यो,1,0.0001465630954125751
3508,मित्रारिपक्षयोः,1,0.0001465630954125751
3509,गुणातीतः,1,0.0001465630954125751
3510,व्यभिचारेण,1,0.0001465630954125751
3511,भक्ितयोगेन,1,0.0001465630954125751
3512,सेवते,1,0.0001465630954125751
3513,गुणान्समतीत्यैतान्,1,0.0001465630954125751
3514,प्रतिष्ठा,1,0.0001465630954125751
3515,हममृतस्याव्ययस्य,1,0.0001465630954125751
3516,शाश्वतस्य,1,0.0001465630954125751
3517,सुखस्यैकान्तिकस्य,1,0.0001465630954125751
3518,भगवानुवाचऊर्ध्वमूलमधःशाखमश्वत्थं,1,0.0001465630954125751
3519,प्राहुरव्ययम्,1,0.0001465630954125751
3520,छन्दांसि,1,0.0001465630954125751
3521,पर्णानि,1,0.0001465630954125751
3522,यस्तं,1,0.0001465630954125751
3523,वेदवित्,1,0.0001465630954125751
3524,अधश्चोर्ध्वं,1,0.0001465630954125751
3525,प्रसृतास्तस्य,1,0.0001465630954125751
3526,शाखा,1,0.0001465630954125751
3527,गुणप्रवृद्धा,1,0.0001465630954125751
3528,विषयप्रवालाः,1,0.0001465630954125751
3529,अधश्च,1,0.0001465630954125751
3530,मूलान्यनुसन्ततानि,1,0.0001465630954125751
3531,कर्मानुबन्धीनि,1,0.0001465630954125751
3532,मनुष्यलोके,1,0.0001465630954125751
3533,रूपमस्येह,1,0.0001465630954125751
3534,तथोपलभ्यते,1,0.0001465630954125751
3535,चादिर्न,1,0.0001465630954125751
3536,संप्रतिष्ठा,1,0.0001465630954125751
3537,अश्वत्थमेनं,1,0.0001465630954125751
3538,सुविरूढमूल,1,0.0001465630954125751
3539,मसङ्गशस्त्रेण,1,0.0001465630954125751
3540,दृढेन,1,0.0001465630954125751
3541,छित्त्वा,1,0.0001465630954125751
3542,तत्परिमार्गितव्य,1,0.0001465630954125751
3543,यस्मिन्गता,1,0.0001465630954125751
3544,निवर्तन्ति,1,0.0001465630954125751
3545,चाद्यं,1,0.0001465630954125751
3546,प्रपद्ये,1,0.0001465630954125751
3547,प्रवृत्तिः,1,0.0001465630954125751
3548,प्रसृता,1,0.0001465630954125751
3549,पुराणी,1,0.0001465630954125751
3550,निर्मानमोहा,1,0.0001465630954125751
3551,जितसङ्गदोषा,1,0.0001465630954125751
3552,अध्यात्मनित्या,1,0.0001465630954125751
3553,विनिवृत्तकामाः,1,0.0001465630954125751
3554,द्वन्द्वैर्विमुक्ताः,1,0.0001465630954125751
3555,सुखदुःखसंज्ञै,1,0.0001465630954125751
3556,र्गच्छन्त्यमूढाः,1,0.0001465630954125751
3557,पदमव्ययं,1,0.0001465630954125751
3558,तद्भासयते,1,0.0001465630954125751
3559,सूर्यो,1,0.0001465630954125751
3560,शशाङ्को,1,0.0001465630954125751
3561,यद्गत्वा,1,0.0001465630954125751
3562,ममैवांशो,1,0.0001465630954125751
3563,जीवलोके,1,0.0001465630954125751
3564,जीवभूतः,1,0.0001465630954125751
3565,मनःषष्ठानीन्द्रियाणि,1,0.0001465630954125751
3566,प्रकृतिस्थानि,1,0.0001465630954125751
3567,कर्षति,1,0.0001465630954125751
3568,यदवाप्नोति,1,0.0001465630954125751
3569,यच्चाप्युत्क्रामतीश्वरः,1,0.0001465630954125751
3570,गृहीत्वैतानि,1,0.0001465630954125751
3571,वायुर्गन्धानिवाशयात्,1,0.0001465630954125751
3572,श्रोत्रं,1,0.0001465630954125751
3573,स्पर्शनं,1,0.0001465630954125751
3574,रसनं,1,0.0001465630954125751
3575,घ्राणमेव,1,0.0001465630954125751
3576,अधिष्ठाय,1,0.0001465630954125751
3577,मनश्चायं,1,0.0001465630954125751
3578,विषयानुपसेवते,1,0.0001465630954125751
3579,उत्क्रामन्तं,1,0.0001465630954125751
3580,भुञ्जानं,1,0.0001465630954125751
3581,गुणान्वितम्,1,0.0001465630954125751
3582,विमूढा,1,0.0001465630954125751
3583,नानुपश्यन्ति,1,0.0001465630954125751
3584,ज्ञानचक्षुषः,1,0.0001465630954125751
3585,योगिनश्चैनं,1,0.0001465630954125751
3586,पश्यन्त्यात्मन्यवस्थितम्,1,0.0001465630954125751
3587,प्यकृतात्मानो,1,0.0001465630954125751
3588,पश्यन्त्यचेतसः,1,0.0001465630954125751
3589,यदादित्यगतं,1,0.0001465630954125751
3590,जगद्भासयते,1,0.0001465630954125751
3591,खिलम्,1,0.0001465630954125751
3592,यच्चन्द्रमसि,1,0.0001465630954125751
3593,यच्चाग्नौ,1,0.0001465630954125751
3594,तत्तेजो,1,0.0001465630954125751
3595,मामकम्,1,0.0001465630954125751
3596,गामाविश्य,1,0.0001465630954125751
3597,धारयाम्यहमोजसा,1,0.0001465630954125751
3598,पुष्णामि,1,0.0001465630954125751
3599,चौषधीः,1,0.0001465630954125751
3600,सोमो,1,0.0001465630954125751
3601,रसात्मकः,1,0.0001465630954125751
3602,वैश्वानरो,1,0.0001465630954125751
3603,प्राणिनां,1,0.0001465630954125751
3604,देहमाश्रितः,1,0.0001465630954125751
3605,प्राणापानसमायुक्तः,1,0.0001465630954125751
3606,पचाम्यन्नं,1,0.0001465630954125751
3607,चतुर्विधम्,1,0.0001465630954125751
3608,सन्निविष्टो,1,0.0001465630954125751
3609,स्मृतिर्ज्ञानमपोहनं,1,0.0001465630954125751
3610,वेदैश्च,1,0.0001465630954125751
3611,सर्वैरहमेव,1,0.0001465630954125751
3612,वेद्यो,1,0.0001465630954125751
3613,वेदान्तकृद्वेदविदेव,1,0.0001465630954125751
3614,चाहम्,1,0.0001465630954125751
3615,द्वाविमौ,1,0.0001465630954125751
3616,पुरुषौ,1,0.0001465630954125751
3617,क्षरश्चाक्षर,1,0.0001465630954125751
3618,क्षरः,1,0.0001465630954125751
3619,उत्तमः,1,0.0001465630954125751
3620,पुरुषस्त्वन्यः,1,0.0001465630954125751
3621,परमात्मेत्युदाहृतः,1,0.0001465630954125751
3622,लोकत्रयमाविश्य,1,0.0001465630954125751
3623,बिभर्त्यव्यय,1,0.0001465630954125751
3624,यस्मात्क्षरमतीतो,1,0.0001465630954125751
3625,हमक्षरादपि,1,0.0001465630954125751
3626,चोत्तमः,1,0.0001465630954125751
3627,अतो,1,0.0001465630954125751
3628,वेदे,1,0.0001465630954125751
3629,प्रथितः,1,0.0001465630954125751
3630,पुरुषोत्तमः,1,0.0001465630954125751
3631,मामेवमसम्मूढो,1,0.0001465630954125751
3632,जानाति,1,0.0001465630954125751
3633,पुरुषोत्तमम्,1,0.0001465630954125751
3634,सर्वविद्भजति,1,0.0001465630954125751
3635,शास्त्रमिदमुक्तं,1,0.0001465630954125751
3636,नघ,1,0.0001465630954125751
3637,एतद्बुद्ध्वा,1,0.0001465630954125751
3638,बुद्धिमान्स्यात्कृतकृत्यश्च,1,0.0001465630954125751
3639,अभयं,1,0.0001465630954125751
3640,सत्त्वसंशुद्धिः,1,0.0001465630954125751
3641,ज्ञानयोगव्यवस्थितिः,1,0.0001465630954125751
3642,दमश्च,1,0.0001465630954125751
3643,यज्ञश्च,1,0.0001465630954125751
3644,स्वाध्यायस्तप,1,0.0001465630954125751
3645,आर्जवम्,1,0.0001465630954125751
3646,सत्यमक्रोधस्त्यागः,1,0.0001465630954125751
3647,शान्तिरपैशुनम्,1,0.0001465630954125751
3648,दया,1,0.0001465630954125751
3649,भूतेष्वलोलुप्त्वं,1,0.0001465630954125751
3650,मार्दवं,1,0.0001465630954125751
3651,ह्रीरचापलम्,1,0.0001465630954125751
3652,तेजः,1,0.0001465630954125751
3653,शौचमद्रोहो,1,0.0001465630954125751
3654,नातिमानिता,1,0.0001465630954125751
3655,दैवीमभिजातस्य,1,0.0001465630954125751
3656,दम्भो,1,0.0001465630954125751
3657,दर्पो,1,0.0001465630954125751
3658,भिमानश्च,1,0.0001465630954125751
3659,क्रोधः,1,0.0001465630954125751
3660,पारुष्यमेव,1,0.0001465630954125751
3661,अज्ञानं,1,0.0001465630954125751
3662,चाभिजातस्य,1,0.0001465630954125751
3663,सम्पदमासुरीम्,1,0.0001465630954125751
3664,सम्पद्विमोक्षाय,1,0.0001465630954125751
3665,निबन्धायासुरी,1,0.0001465630954125751
3666,दैवीमभिजातो,1,0.0001465630954125751
3667,द्वौ,1,0.0001465630954125751
3668,भूतसर्गौ,1,0.0001465630954125751
3669,स्मिन्,1,0.0001465630954125751
3670,दैव,1,0.0001465630954125751
3671,आसुर,1,0.0001465630954125751
3672,दैवो,1,0.0001465630954125751
3673,विस्तरशः,1,0.0001465630954125751
3674,प्रोक्त,1,0.0001465630954125751
3675,जना,1,0.0001465630954125751
3676,विदुरासुराः,1,0.0001465630954125751
3677,नापि,1,0.0001465630954125751
3678,चाचारो,1,0.0001465630954125751
3679,असत्यमप्रतिष्ठं,1,0.0001465630954125751
3680,जगदाहुरनीश्वरम्,1,0.0001465630954125751
3681,अपरस्परसम्भूतं,1,0.0001465630954125751
3682,किमन्यत्कामहैतुकम्,1,0.0001465630954125751
3683,दृष्टिमवष्टभ्य,1,0.0001465630954125751
3684,नष्टात्मानो,1,0.0001465630954125751
3685,ल्पबुद्धयः,1,0.0001465630954125751
3686,प्रभवन्त्युग्रकर्माणः,1,0.0001465630954125751
3687,क्षयाय,1,0.0001465630954125751
3688,हिताः,1,0.0001465630954125751
3689,काममाश्रित्य,1,0.0001465630954125751
3690,दुष्पूरं,1,0.0001465630954125751
3691,दम्भमानमदान्विताः,1,0.0001465630954125751
3692,मोहाद्गृहीत्वासद्ग्राहान्प्रवर्तन्ते,1,0.0001465630954125751
3693,शुचिव्रताः,1,0.0001465630954125751
3694,चिन्तामपरिमेयां,1,0.0001465630954125751
3695,प्रलयान्तामुपाश्रिताः,1,0.0001465630954125751
3696,कामोपभोगपरमा,1,0.0001465630954125751
3697,एतावदिति,1,0.0001465630954125751
3698,निश्िचताः,1,0.0001465630954125751
3699,आशापाशशतैर्बद्धाः,1,0.0001465630954125751
3700,कामक्रोधपरायणाः,1,0.0001465630954125751
3701,ईहन्ते,1,0.0001465630954125751
3702,कामभोगार्थमन्यायेनार्थसञ्चयान्,1,0.0001465630954125751
3703,इदमद्य,1,0.0001465630954125751
3704,लब्धमिमं,1,0.0001465630954125751
3705,प्राप्स्ये,1,0.0001465630954125751
3706,मनोरथम्,1,0.0001465630954125751
3707,इदमस्तीदमपि,1,0.0001465630954125751
3708,भविष्यति,1,0.0001465630954125751
3709,पुनर्धनम्,1,0.0001465630954125751
3710,असौ,1,0.0001465630954125751
3711,हतः,1,0.0001465630954125751
3712,शत्रुर्हनिष्ये,1,0.0001465630954125751
3713,चापरानपि,1,0.0001465630954125751
3714,ईश्वरो,1,0.0001465630954125751
3715,हमहं,1,0.0001465630954125751
3716,भोगी,1,0.0001465630954125751
3717,सिद्धो,1,0.0001465630954125751
3718,बलवान्सुखी,1,0.0001465630954125751
3719,आढ्यो,1,0.0001465630954125751
3720,भिजनवानस्मि,1,0.0001465630954125751
3721,सदृशो,1,0.0001465630954125751
3722,यक्ष्ये,1,0.0001465630954125751
3723,दास्यामि,1,0.0001465630954125751
3724,मोदिष्य,1,0.0001465630954125751
3725,इत्यज्ञानविमोहिताः,1,0.0001465630954125751
3726,अनेकचित्तविभ्रान्ता,1,0.0001465630954125751
3727,मोहजालसमावृताः,1,0.0001465630954125751
3728,प्रसक्ताः,1,0.0001465630954125751
3729,कामभोगेषु,1,0.0001465630954125751
3730,आत्मसम्भाविताः,1,0.0001465630954125751
3731,स्तब्धा,1,0.0001465630954125751
3732,धनमानमदान्विताः,1,0.0001465630954125751
3733,नामयज्ञैस्ते,1,0.0001465630954125751
3734,दम्भेनाविधिपूर्वकम्,1,0.0001465630954125751
3735,संश्रिताः,1,0.0001465630954125751
3736,मामात्मपरदेहेषु,1,0.0001465630954125751
3737,प्रद्विषन्तो,1,0.0001465630954125751
3738,भ्यसूयकाः,1,0.0001465630954125751
3739,तानहं,1,0.0001465630954125751
3740,द्विषतः,1,0.0001465630954125751
3741,क्रूरान्संसारेषु,1,0.0001465630954125751
3742,नराधमान्,1,0.0001465630954125751
3743,क्षिपाम्यजस्रमशुभानासुरीष्वेव,1,0.0001465630954125751
3744,योनिषु,1,0.0001465630954125751
3745,असुरीं,1,0.0001465630954125751
3746,योनिमापन्ना,1,0.0001465630954125751
3747,मामप्राप्यैव,1,0.0001465630954125751
3748,यान्त्यधमां,1,0.0001465630954125751
3749,नरकस्येदं,1,0.0001465630954125751
3750,द्वारं,1,0.0001465630954125751
3751,नाशनमात्मनः,1,0.0001465630954125751
3752,क्रोधस्तथा,1,0.0001465630954125751
3753,लोभस्तस्मादेतत्त्रयं,1,0.0001465630954125751
3754,एतैर्विमुक्तः,1,0.0001465630954125751
3755,तमोद्वारैस्त्रिभिर्नरः,1,0.0001465630954125751
3756,आचरत्यात्मनः,1,0.0001465630954125751
3757,श्रेयस्ततो,1,0.0001465630954125751
3758,कामकारतः,1,0.0001465630954125751
3759,सिद्धिमवाप्नोति,1,0.0001465630954125751
3760,तस्माच्छास्त्रं,1,0.0001465630954125751
3761,प्रमाणं,1,0.0001465630954125751
3762,कार्याकार्यव्यवस्थितौ,1,0.0001465630954125751
3763,शास्त्रविधानोक्तं,1,0.0001465630954125751
3764,कर्तुमिहार्हसि,1,0.0001465630954125751
3765,उवाचये,1,0.0001465630954125751
3766,सत्त्वमाहो,1,0.0001465630954125751
3767,रजस्तमः,1,0.0001465630954125751
3768,भगवानुवाचत्रिविधा,1,0.0001465630954125751
3769,देहिनां,1,0.0001465630954125751
3770,स्वभावजा,1,0.0001465630954125751
3771,तां,1,0.0001465630954125751
3772,सत्त्वानुरूपा,1,0.0001465630954125751
3773,श्रद्धामयो,1,0.0001465630954125751
3774,यच्छ्रद्धः,1,0.0001465630954125751
3775,देवान्यक्षरक्षांसि,1,0.0001465630954125751
3776,प्रेतान्भूतगणांश्चान्ये,1,0.0001465630954125751
3777,तामसा,1,0.0001465630954125751
3778,अशास्त्रविहितं,1,0.0001465630954125751
3779,घोरं,1,0.0001465630954125751
3780,तप्यन्ते,1,0.0001465630954125751
3781,दम्भाहङ्कारसंयुक्ताः,1,0.0001465630954125751
3782,कामरागबलान्विताः,1,0.0001465630954125751
3783,कर्षयन्तः,1,0.0001465630954125751
3784,शरीरस्थं,1,0.0001465630954125751
3785,भूतग्राममचेतसः,1,0.0001465630954125751
3786,चैवान्तःशरीरस्थं,1,0.0001465630954125751
3787,तान्विद्ध्यासुरनिश्चयान्,1,0.0001465630954125751
3788,आहारस्त्वपि,1,0.0001465630954125751
3789,त्रिविधो,1,0.0001465630954125751
3790,यज्ञस्तपस्तथा,1,0.0001465630954125751
3791,भेदमिमं,1,0.0001465630954125751
3792,आयुःसत्त्वबलारोग्यसुखप्रीतिविवर्धनाः,1,0.0001465630954125751
3793,रस्याः,1,0.0001465630954125751
3794,स्निग्धाः,1,0.0001465630954125751
3795,स्थिरा,1,0.0001465630954125751
3796,हृद्या,1,0.0001465630954125751
3797,आहाराः,1,0.0001465630954125751
3798,सात्त्विकप्रियाः,1,0.0001465630954125751
3799,कट्वम्ललवणात्युष्णतीक्ष्णरूक्षविदाहिनः,1,0.0001465630954125751
3800,आहारा,1,0.0001465630954125751
3801,राजसस्येष्टा,1,0.0001465630954125751
3802,दुःखशोकामयप्रदाः,1,0.0001465630954125751
3803,यातयामं,1,0.0001465630954125751
3804,गतरसं,1,0.0001465630954125751
3805,पूति,1,0.0001465630954125751
3806,पर्युषितं,1,0.0001465630954125751
3807,उच्छिष्टमपि,1,0.0001465630954125751
3808,चामेध्यं,1,0.0001465630954125751
3809,भोजनं,1,0.0001465630954125751
3810,तामसप्रियम्,1,0.0001465630954125751
3811,अफलाकाङ्क्षिभिर्यज्ञो,1,0.0001465630954125751
3812,विधिदृष्टो,1,0.0001465630954125751
3813,यष्टव्यमेवेति,1,0.0001465630954125751
3814,समाधाय,1,0.0001465630954125751
3815,सात्त्विकः,1,0.0001465630954125751
3816,अभिसंधाय,1,0.0001465630954125751
3817,दम्भार्थमपि,1,0.0001465630954125751
3818,भरतश्रेष्ठ,1,0.0001465630954125751
3819,विधिहीनमसृष्टान्नं,1,0.0001465630954125751
3820,मन्त्रहीनमदक्षिणम्,1,0.0001465630954125751
3821,श्रद्धाविरहितं,1,0.0001465630954125751
3822,तामसं,1,0.0001465630954125751
3823,देवद्विजगुरुप्राज्ञपूजनं,1,0.0001465630954125751
3824,शौचमार्जवम्,1,0.0001465630954125751
3825,ब्रह्मचर्यमहिंसा,1,0.0001465630954125751
3826,अनुद्वेगकरं,1,0.0001465630954125751
3827,वाक्यं,1,0.0001465630954125751
3828,प्रियहितं,1,0.0001465630954125751
3829,स्वाध्यायाभ्यसनं,1,0.0001465630954125751
3830,वाङ्मयं,1,0.0001465630954125751
3831,मनःप्रसादः,1,0.0001465630954125751
3832,सौम्यत्वं,1,0.0001465630954125751
3833,मौनमात्मविनिग्रहः,1,0.0001465630954125751
3834,भावसंशुद्धिरित्येतत्तपो,1,0.0001465630954125751
3835,मानसमुच्यते,1,0.0001465630954125751
3836,तप्तं,1,0.0001465630954125751
3837,तपस्तत्ित्रविधं,1,0.0001465630954125751
3838,नरैः,1,0.0001465630954125751
3839,अफलाकाङ्क्षिभिर्युक्तैः,1,0.0001465630954125751
3840,सत्कारमानपूजार्थं,1,0.0001465630954125751
3841,दम्भेन,1,0.0001465630954125751
3842,तदिह,1,0.0001465630954125751
3843,प्रोक्तं,1,0.0001465630954125751
3844,चलमध्रुवम्,1,0.0001465630954125751
3845,मूढग्राहेणात्मनो,1,0.0001465630954125751
3846,यत्पीडया,1,0.0001465630954125751
3847,तपः,1,0.0001465630954125751
3848,परस्योत्सादनार्थं,1,0.0001465630954125751
3849,दातव्यमिति,1,0.0001465630954125751
3850,यद्दानं,1,0.0001465630954125751
3851,नुपकारिणे,1,0.0001465630954125751
3852,पात्रे,1,0.0001465630954125751
3853,प्रत्युपकारार्थं,1,0.0001465630954125751
3854,फलमुद्दिश्य,1,0.0001465630954125751
3855,परिक्लिष्टं,1,0.0001465630954125751
3856,अदेशकाले,1,0.0001465630954125751
3857,यद्दानमपात्रेभ्यश्च,1,0.0001465630954125751
3858,असत्कृतमवज्ञातं,1,0.0001465630954125751
3859,तत्सदिति,1,0.0001465630954125751
3860,निर्देशो,1,0.0001465630954125751
3861,ब्रह्मणस्त्रिविधः,1,0.0001465630954125751
3862,स्मृतः,1,0.0001465630954125751
3863,ब्राह्मणास्तेन,1,0.0001465630954125751
3864,वेदाश्च,1,0.0001465630954125751
3865,यज्ञाश्च,1,0.0001465630954125751
3866,विहिताः,1,0.0001465630954125751
3867,तस्मादोमित्युदाहृत्य,1,0.0001465630954125751
3868,यज्ञदानतपःक्रियाः,1,0.0001465630954125751
3869,प्रवर्तन्ते,1,0.0001465630954125751
3870,विधानोक्ताः,1,0.0001465630954125751
3871,ब्रह्मवादिनाम्,1,0.0001465630954125751
3872,तदित्यनभिसन्धाय,1,0.0001465630954125751
3873,यज्ञतपःक्रियाः,1,0.0001465630954125751
3874,दानक्रियाश्च,1,0.0001465630954125751
3875,विविधाः,1,0.0001465630954125751
3876,क्रियन्ते,1,0.0001465630954125751
3877,मोक्षकाङ्क्षि,1,0.0001465630954125751
3878,सद्भावे,1,0.0001465630954125751
3879,साधुभावे,1,0.0001465630954125751
3880,सदित्येतत्प्रयुज्यते,1,0.0001465630954125751
3881,प्रशस्ते,1,0.0001465630954125751
3882,सच्छब्दः,1,0.0001465630954125751
3883,तपसि,1,0.0001465630954125751
3884,दाने,1,0.0001465630954125751
3885,सदिति,1,0.0001465630954125751
3886,चोच्यते,1,0.0001465630954125751
3887,तदर्थीयं,1,0.0001465630954125751
3888,सदित्येवाभिधीयते,1,0.0001465630954125751
3889,अश्रद्धया,1,0.0001465630954125751
3890,हुतं,1,0.0001465630954125751
3891,दत्तं,1,0.0001465630954125751
3892,तपस्तप्तं,1,0.0001465630954125751
3893,असदित्युच्यते,1,0.0001465630954125751
3894,तत्प्रेत्य,1,0.0001465630954125751
3895,संन्यासस्य,1,0.0001465630954125751
3896,तत्त्वमिच्छामि,1,0.0001465630954125751
3897,वेदितुम्,1,0.0001465630954125751
3898,त्यागस्य,1,0.0001465630954125751
3899,पृथक्केशिनिषूदन,1,0.0001465630954125751
3900,काम्यानां,1,0.0001465630954125751
3901,न्यासं,1,0.0001465630954125751
3902,प्राहुस्त्यागं,1,0.0001465630954125751
3903,विचक्षणाः,1,0.0001465630954125751
3904,दोषवदित्येके,1,0.0001465630954125751
3905,प्राहुर्मनीषिणः,1,0.0001465630954125751
3906,त्याज्यमिति,1,0.0001465630954125751
3907,निश्चयं,1,0.0001465630954125751
3908,त्यागे,1,0.0001465630954125751
3909,भरतसत्तम,1,0.0001465630954125751
3910,त्यागो,1,0.0001465630954125751
3911,पुरुषव्याघ्र,1,0.0001465630954125751
3912,संप्रकीर्तितः,1,0.0001465630954125751
3913,कार्यमेव,1,0.0001465630954125751
3914,यज्ञो,1,0.0001465630954125751
3915,तपश्चैव,1,0.0001465630954125751
3916,पावनानि,1,0.0001465630954125751
3917,मनीषिणाम्,1,0.0001465630954125751
3918,एतान्यपि,1,0.0001465630954125751
3919,फलानि,1,0.0001465630954125751
3920,कर्तव्यानीति,1,0.0001465630954125751
3921,निश्िचतं,1,0.0001465630954125751
3922,मतमुत्तमम्,1,0.0001465630954125751
3923,नियतस्य,1,0.0001465630954125751
3924,नोपपद्यते,1,0.0001465630954125751
3925,मोहात्तस्य,1,0.0001465630954125751
3926,परित्यागस्तामसः,1,0.0001465630954125751
3927,दुःखमित्येव,1,0.0001465630954125751
3928,कायक्लेशभयात्त्यजेत्,1,0.0001465630954125751
3929,त्यागं,1,0.0001465630954125751
3930,त्यागफलं,1,0.0001465630954125751
3931,लभेत्,1,0.0001465630954125751
3932,कार्यमित्येव,1,0.0001465630954125751
3933,त्यागः,1,0.0001465630954125751
3934,सात्त्विको,1,0.0001465630954125751
3935,द्वेष्ट्यकुशलं,1,0.0001465630954125751
3936,कुशले,1,0.0001465630954125751
3937,नानुषज्जते,1,0.0001465630954125751
3938,त्यागी,1,0.0001465630954125751
3939,सत्त्वसमाविष्टो,1,0.0001465630954125751
3940,मेधावी,1,0.0001465630954125751
3941,छिन्नसंशयः,1,0.0001465630954125751
3942,देहभृता,1,0.0001465630954125751
3943,शक्यं,1,0.0001465630954125751
3944,त्यक्तुं,1,0.0001465630954125751
3945,कर्माण्यशेषतः,1,0.0001465630954125751
3946,यस्तु,1,0.0001465630954125751
3947,कर्मफलत्यागी,1,0.0001465630954125751
3948,त्यागीत्यभिधीयते,1,0.0001465630954125751
3949,अनिष्टमिष्टं,1,0.0001465630954125751
3950,मिश्रं,1,0.0001465630954125751
3951,भवत्यत्यागिनां,1,0.0001465630954125751
3952,प्रेत्य,1,0.0001465630954125751
3953,संन्यासिनां,1,0.0001465630954125751
3954,क्वचित्,1,0.0001465630954125751
3955,पञ्चैतानि,1,0.0001465630954125751
3956,कारणानि,1,0.0001465630954125751
3957,कृतान्ते,1,0.0001465630954125751
3958,प्रोक्तानि,1,0.0001465630954125751
3959,सर्वकर्मणाम्,1,0.0001465630954125751
3960,अधिष्ठानं,1,0.0001465630954125751
3961,पृथग्विधम्,1,0.0001465630954125751
3962,विविधाश्च,1,0.0001465630954125751
3963,पृथक्चेष्टा,1,0.0001465630954125751
3964,दैवं,1,0.0001465630954125751
3965,चैवात्र,1,0.0001465630954125751
3966,पञ्चमम्,1,0.0001465630954125751
3967,शरीरवाङ्मनोभिर्यत्कर्म,1,0.0001465630954125751
3968,प्रारभते,1,0.0001465630954125751
3969,न्याय्यं,1,0.0001465630954125751
3970,विपरीतं,1,0.0001465630954125751
3971,पञ्चैते,1,0.0001465630954125751
3972,हेतवः,1,0.0001465630954125751
3973,तत्रैवं,1,0.0001465630954125751
3974,सति,1,0.0001465630954125751
3975,कर्तारमात्मानं,1,0.0001465630954125751
3976,पश्यत्यकृतबुद्धित्वान्न,1,0.0001465630954125751
3977,दुर्मतिः,1,0.0001465630954125751
3978,नाहंकृतो,1,0.0001465630954125751
3979,बुद्धिर्यस्य,1,0.0001465630954125751
3980,हत्वापि,1,0.0001465630954125751
3981,इमाँल्लोकान्न,1,0.0001465630954125751
3982,परिज्ञाता,1,0.0001465630954125751
3983,त्रिविधा,1,0.0001465630954125751
3984,कर्मचोदना,1,0.0001465630954125751
3985,कर्तेति,1,0.0001465630954125751
3986,कर्मसंग्रहः,1,0.0001465630954125751
3987,त्रिधैव,1,0.0001465630954125751
3988,गुणभेदतः,1,0.0001465630954125751
3989,प्रोच्यते,1,0.0001465630954125751
3990,गुणसंख्याने,1,0.0001465630954125751
3991,यथावच्छृणु,1,0.0001465630954125751
3992,तान्यपि,1,0.0001465630954125751
3993,येनैकं,1,0.0001465630954125751
3994,भावमव्ययमीक्षते,1,0.0001465630954125751
3995,विभक्तेषु,1,0.0001465630954125751
3996,सात्त्विकम्,1,0.0001465630954125751
3997,यज्ज्ञानं,1,0.0001465630954125751
3998,नानाभावान्पृथग्विधान्,1,0.0001465630954125751
3999,कृत्स्नवदेकस्मिन्कार्ये,1,0.0001465630954125751
4000,सक्तमहैतुकम्,1,0.0001465630954125751
4001,अतत्त्वार्थवदल्पं,1,0.0001465630954125751
4002,सङ्गरहितमरागद्वेषतः,1,0.0001465630954125751
4003,अफलप्रेप्सुना,1,0.0001465630954125751
4004,यत्तत्सात्त्विकमुच्यते,1,0.0001465630954125751
4005,कामेप्सुना,1,0.0001465630954125751
4006,साहङ्कारेण,1,0.0001465630954125751
4007,बहुलायासं,1,0.0001465630954125751
4008,तद्राजसमुदाहृतम्,1,0.0001465630954125751
4009,अनुबन्धं,1,0.0001465630954125751
4010,क्षयं,1,0.0001465630954125751
4011,हिंसामनपेक्ष्य,1,0.0001465630954125751
4012,पौरुषम्,1,0.0001465630954125751
4013,मोहादारभ्यते,1,0.0001465630954125751
4014,यत्तत्तामसमुच्यते,1,0.0001465630954125751
4015,मुक्तसङ्गो,1,0.0001465630954125751
4016,नहंवादी,1,0.0001465630954125751
4017,धृत्युत्साहसमन्वितः,1,0.0001465630954125751
4018,सिद्ध्यसिद्ध्योर्निर्विकारः,1,0.0001465630954125751
4019,सात्त्विक,1,0.0001465630954125751
4020,रागी,1,0.0001465630954125751
4021,कर्मफलप्रेप्सुर्लुब्धो,1,0.0001465630954125751
4022,हिंसात्मको,1,0.0001465630954125751
4023,शुचिः,1,0.0001465630954125751
4024,हर्षशोकान्वितः,1,0.0001465630954125751
4025,राजसः,1,0.0001465630954125751
4026,प्राकृतः,1,0.0001465630954125751
4027,स्तब्धः,1,0.0001465630954125751
4028,शठो,1,0.0001465630954125751
4029,नैष्कृतिको,1,0.0001465630954125751
4030,लसः,1,0.0001465630954125751
4031,विषादी,1,0.0001465630954125751
4032,दीर्घसूत्री,1,0.0001465630954125751
4033,तामस,1,0.0001465630954125751
4034,बुद्धेर्भेदं,1,0.0001465630954125751
4035,धृतेश्चैव,1,0.0001465630954125751
4036,गुणतस्त्रिविधं,1,0.0001465630954125751
4037,प्रोच्यमानमशेषेण,1,0.0001465630954125751
4038,कार्याकार्ये,1,0.0001465630954125751
4039,भयाभये,1,0.0001465630954125751
4040,बन्धं,1,0.0001465630954125751
4041,मोक्षं,1,0.0001465630954125751
4042,धर्ममधर्मं,1,0.0001465630954125751
4043,चाकार्यमेव,1,0.0001465630954125751
4044,अयथावत्प्रजानाति,1,0.0001465630954125751
4045,अधर्मं,1,0.0001465630954125751
4046,धर्ममिति,1,0.0001465630954125751
4047,तमसा,1,0.0001465630954125751
4048,वृता,1,0.0001465630954125751
4049,सर्वार्थान्विपरीतांश्च,1,0.0001465630954125751
4050,मनःप्राणेन्द्रियक्रियाः,1,0.0001465630954125751
4051,योगेनाव्यभिचारिण्या,1,0.0001465630954125751
4052,धर्मकामार्थान्,1,0.0001465630954125751
4053,प्रसङ्गेन,1,0.0001465630954125751
4054,फलाकाङ्क्षी,1,0.0001465630954125751
4055,स्वप्नं,1,0.0001465630954125751
4056,शोकं,1,0.0001465630954125751
4057,विषादं,1,0.0001465630954125751
4058,मदमेव,1,0.0001465630954125751
4059,विमुञ्चति,1,0.0001465630954125751
4060,दुर्मेधा,1,0.0001465630954125751
4061,त्विदानीं,1,0.0001465630954125751
4062,अभ्यासाद्रमते,1,0.0001465630954125751
4063,दुःखान्तं,1,0.0001465630954125751
4064,यत्तदग्रे,1,0.0001465630954125751
4065,प्रोक्तमात्मबुद्धिप्रसादजम्,1,0.0001465630954125751
4066,विषयेन्द्रियसंयोगाद्यत्तदग्रे,1,0.0001465630954125751
4067,यदग्रे,1,0.0001465630954125751
4068,चानुबन्धे,1,0.0001465630954125751
4069,मोहनमात्मनः,1,0.0001465630954125751
4070,निद्रालस्यप्रमादोत्थं,1,0.0001465630954125751
4071,देवेषु,1,0.0001465630954125751
4072,प्रकृतिजैर्मुक्तं,1,0.0001465630954125751
4073,यदेभिः,1,0.0001465630954125751
4074,स्यात्ित्रभिर्गुणैः,1,0.0001465630954125751
4075,ब्राह्मणक्षत्रियविशां,1,0.0001465630954125751
4076,शूद्राणां,1,0.0001465630954125751
4077,प्रविभक्तानि,1,0.0001465630954125751
4078,स्वभावप्रभवैर्गुणैः,1,0.0001465630954125751
4079,शमो,1,0.0001465630954125751
4080,दमस्तपः,1,0.0001465630954125751
4081,क्षान्तिरार्जवमेव,1,0.0001465630954125751
4082,विज्ञानमास्तिक्यं,1,0.0001465630954125751
4083,ब्रह्मकर्म,1,0.0001465630954125751
4084,शौर्यं,1,0.0001465630954125751
4085,धृतिर्दाक्ष्यं,1,0.0001465630954125751
4086,चाप्यपलायनम्,1,0.0001465630954125751
4087,दानमीश्वरभावश्च,1,0.0001465630954125751
4088,क्षात्रं,1,0.0001465630954125751
4089,कृषिगौरक्ष्यवाणिज्यं,1,0.0001465630954125751
4090,वैश्यकर्म,1,0.0001465630954125751
4091,परिचर्यात्मकं,1,0.0001465630954125751
4092,शूद्रस्यापि,1,0.0001465630954125751
4093,कर्मण्यभिरतः,1,0.0001465630954125751
4094,स्वकर्मनिरतः,1,0.0001465630954125751
4095,प्रवृत्तिर्भूतानां,1,0.0001465630954125751
4096,स्वकर्मणा,1,0.0001465630954125751
4097,तमभ्यर्च्य,1,0.0001465630954125751
4098,स्वभावनियतं,1,0.0001465630954125751
4099,सहजं,1,0.0001465630954125751
4100,सदोषमपि,1,0.0001465630954125751
4101,सर्वारम्भा,1,0.0001465630954125751
4102,दोषेण,1,0.0001465630954125751
4103,धूमेनाग्निरिवावृताः,1,0.0001465630954125751
4104,असक्तबुद्धिः,1,0.0001465630954125751
4105,जितात्मा,1,0.0001465630954125751
4106,नैष्कर्म्यसिद्धिं,1,0.0001465630954125751
4107,संन्यासेनाधिगच्छति,1,0.0001465630954125751
4108,प्राप्तो,1,0.0001465630954125751
4109,तथाप्नोति,1,0.0001465630954125751
4110,समासेनैव,1,0.0001465630954125751
4111,ज्ञानस्य,1,0.0001465630954125751
4112,विशुद्धया,1,0.0001465630954125751
4113,शब्दादीन्,1,0.0001465630954125751
4114,विषयांस्त्यक्त्वा,1,0.0001465630954125751
4115,व्युदस्य,1,0.0001465630954125751
4116,विविक्तसेवी,1,0.0001465630954125751
4117,लघ्वाशी,1,0.0001465630954125751
4118,यतवाक्कायमानसः,1,0.0001465630954125751
4119,ध्यानयोगपरो,1,0.0001465630954125751
4120,वैराग्यं,1,0.0001465630954125751
4121,समुपाश्रितः,1,0.0001465630954125751
4122,परिग्रहम्,1,0.0001465630954125751
4123,विमुच्य,1,0.0001465630954125751
4124,निर्ममः,1,0.0001465630954125751
4125,शान्तो,1,0.0001465630954125751
4126,ब्रह्मभूतः,1,0.0001465630954125751
4127,प्रसन्नात्मा,1,0.0001465630954125751
4128,मद्भक्तिं,1,0.0001465630954125751
4129,मामभिजानाति,1,0.0001465630954125751
4130,यावान्यश्चास्मि,1,0.0001465630954125751
4131,तत्त्वतो,1,0.0001465630954125751
4132,विशते,1,0.0001465630954125751
4133,तदनन्तरम्,1,0.0001465630954125751
4134,सर्वकर्माण्यपि,1,0.0001465630954125751
4135,कुर्वाणो,1,0.0001465630954125751
4136,मद्व्यपाश्रयः,1,0.0001465630954125751
4137,मत्प्रसादादवाप्नोति,1,0.0001465630954125751
4138,पदमव्ययम्,1,0.0001465630954125751
4139,बुद्धियोगमुपाश्रित्य,1,0.0001465630954125751
4140,सर्वदुर्गाणि,1,0.0001465630954125751
4141,मत्प्रसादात्तरिष्यसि,1,0.0001465630954125751
4142,चेत्त्वमहङ्कारान्न,1,0.0001465630954125751
4143,श्रोष्यसि,1,0.0001465630954125751
4144,विनङ्क्ष्यसि,1,0.0001465630954125751
4145,यदहङ्कारमाश्रित्य,1,0.0001465630954125751
4146,मिथ्यैष,1,0.0001465630954125751
4147,व्यवसायस्ते,1,0.0001465630954125751
4148,प्रकृतिस्त्वां,1,0.0001465630954125751
4149,नियोक्ष्यति,1,0.0001465630954125751
4150,स्वभावजेन,1,0.0001465630954125751
4151,निबद्धः,1,0.0001465630954125751
4152,स्वेन,1,0.0001465630954125751
4153,कर्मणा,1,0.0001465630954125751
4154,नेच्छसि,1,0.0001465630954125751
4155,यन्मोहात्करिष्यस्यवशो,1,0.0001465630954125751
4156,हृद्देशे,1,0.0001465630954125751
4157,भ्रामयन्सर्वभूतानि,1,0.0001465630954125751
4158,यन्त्रारूढानि,1,0.0001465630954125751
4159,मायया,1,0.0001465630954125751
4160,गच्छ,1,0.0001465630954125751
4161,तत्प्रसादात्परां,1,0.0001465630954125751
4162,शाश्वतम्,1,0.0001465630954125751
4163,ज्ञानमाख्यातं,1,0.0001465630954125751
4164,गुह्याद्गुह्यतरं,1,0.0001465630954125751
4165,विमृश्यैतदशेषेण,1,0.0001465630954125751
4166,यथेच्छसि,1,0.0001465630954125751
4167,सर्वगुह्यतमं,1,0.0001465630954125751
4168,इष्टो,1,0.0001465630954125751
4169,दृढमिति,1,0.0001465630954125751
4170,हितम्,1,0.0001465630954125751
4171,प्रतिजाने,1,0.0001465630954125751
4172,सर्वधर्मान्परित्यज्य,1,0.0001465630954125751
4173,मामेकं,1,0.0001465630954125751
4174,व्रज,1,0.0001465630954125751
4175,त्वा,1,0.0001465630954125751
4176,सर्वपापेभ्यो,1,0.0001465630954125751
4177,मोक्षयिष्यामि,1,0.0001465630954125751
4178,नातपस्काय,1,0.0001465630954125751
4179,नाभक्ताय,1,0.0001465630954125751
4180,चाशुश्रूषवे,1,0.0001465630954125751
4181,वाच्यं,1,0.0001465630954125751
4182,भ्यसूयति,1,0.0001465630954125751
4183,गुह्यं,1,0.0001465630954125751
4184,मद्भक्तेष्वभिधास्यति,1,0.0001465630954125751
4185,भक्ितं,1,0.0001465630954125751
4186,मामेवैष्यत्यसंशयः,1,0.0001465630954125751
4187,तस्मान्मनुष्येषु,1,0.0001465630954125751
4188,कश्िचन्मे,1,0.0001465630954125751
4189,प्रियकृत्तमः,1,0.0001465630954125751
4190,तस्मादन्यः,1,0.0001465630954125751
4191,प्रियतरो,1,0.0001465630954125751
4192,भुवि,1,0.0001465630954125751
4193,अध्येष्यते,1,0.0001465630954125751
4194,संवादमावयोः,1,0.0001465630954125751
4195,तेनाहमिष्टः,1,0.0001465630954125751
4196,स्यामिति,1,0.0001465630954125751
4197,श्रद्धावाननसूयश्च,1,0.0001465630954125751
4198,श्रृणुयादपि,1,0.0001465630954125751
4199,मुक्तः,1,0.0001465630954125751
4200,शुभाँल्लोकान्प्राप्नुयात्पुण्यकर्मणाम्,1,0.0001465630954125751
4201,कच्चिदेतच्छ्रुतं,1,0.0001465630954125751
4202,त्वयैकाग्रेण,1,0.0001465630954125751
4203,कच्चिदज्ञानसंमोहः,1,0.0001465630954125751
4204,प्रनष्टस्ते,1,0.0001465630954125751
4205,उवाचनष्टो,1,0.0001465630954125751
4206,मोहः,1,0.0001465630954125751
4207,स्मृतिर्लब्धा,1,0.0001465630954125751
4208,त्वत्प्रसादान्मयाच्युत,1,0.0001465630954125751
4209,गतसन्देहः,1,0.0001465630954125751
4210,करिष्ये,1,0.0001465630954125751
4211,उवाचइत्यहं,1,0.0001465630954125751
4212,वासुदेवस्य,1,0.0001465630954125751
4213,पार्थस्य,1,0.0001465630954125751
4214,संवादमिममश्रौषमद्भुतं,1,0.0001465630954125751
4215,रोमहर्षणम्,1,0.0001465630954125751
4216,व्यासप्रसादाच्छ्रुतवानेतद्गुह्यमहं,1,0.0001465630954125751
4217,योगेश्वरात्कृष्णात्साक्षात्कथयतः,1,0.0001465630954125751
4218,स्वयम्,1,0.0001465630954125751
4219,राजन्संस्मृत्य,1,0.0001465630954125751
4220,संवादमिममद्भुतम्,1,0.0001465630954125751
4221,केशवार्जुनयोः,1,0.0001465630954125751
4222,पुण्यं,1,0.0001465630954125751
4223,मुहुर्मुहुः,1,0.0001465630954125751
4224,तच्च,1,0.0001465630954125751
4225,रूपमत्यद्भुतं,1,0.0001465630954125751
4226,हरेः,1,0.0001465630954125751
4227,विस्मयो,1,0.0001465630954125751
4228,राजन्,1,0.0001465630954125751
4229,योगेश्वरः,1,0.0001465630954125751
4230,कृष्णो,1,0.0001465630954125751
4231,पार्थो,1,0.0001465630954125751
4232,धनुर्धरः,1,0.0001465630954125751
4233,श्रीर्विजयो,1,0.0001465630954125751
4234,भूतिर्ध्रुवा,1,0.0001465630954125751
4235,नीतिर्मतिर्मम,1,0.0001465630954125751
